trial,model_spk,target,ecapa,wavlm
1089-134686-0006,1089,1,0.2411,0.8082
1089-134686-0006,1188,0,0.0006,0.8
1089-134686-0006,1320,0,0.0202,0.706
1089-134686-0006,2300,0,0.0292,0.5864
1089-134686-0006,260,0,0.1902,0.8344
1089-134686-0006,2830,0,0.0283,0.7426
1089-134686-0006,4077,0,0.1107,0.7749
1089-134686-0006,5105,0,0.2291,0.7771
1089-134686-0006,5639,0,0.2778,0.8692
1089-134686-0006,61,0,0.1796,0.8849
1089-134686-0006,672,0,0.1379,0.8546
1089-134686-0006,6930,0,0.1397,0.679
1089-134686-0006,7021,0,0.0708,0.752
1089-134686-0006,7127,0,0.1118,0.6675
1089-134686-0006,7176,0,0.268,0.8459
1089-134686-0006,7729,0,0.0456,0.8802
1089-134686-0006,8224,0,0.1439,0.75
1089-134686-0006,8230,0,0.1168,0.8229
1089-134686-0006,8455,0,0.0451,0.6393
1089-134686-0006,908,0,0.1468,0.8889
1089-134686-0007,1089,1,0.2764,0.8578
1089-134686-0007,1188,0,0.0433,0.8234
1089-134686-0007,1320,0,-0.0105,0.7669
1089-134686-0007,2300,0,-0.0046,0.6957
1089-134686-0007,260,0,0.1289,0.8301
1089-134686-0007,2830,0,0.0797,0.7232
1089-134686-0007,4077,0,0.1157,0.8124
1089-134686-0007,5105,0,0.1371,0.8171
1089-134686-0007,5639,0,0.2848,0.8486
1089-134686-0007,61,0,0.1887,0.862
1089-134686-0007,672,0,0.1613,0.8691
1089-134686-0007,6930,0,0.1287,0.6746
1089-134686-0007,7021,0,0.0635,0.8216
1089-134686-0007,7127,0,0.1291,0.7268
1089-134686-0007,7176,0,0.2528,0.808
1089-134686-0007,7729,0,0.0612,0.9234
1089-134686-0007,8224,0,0.169,0.7362
1089-134686-0007,8230,0,0.1299,0.8073
1089-134686-0007,8455,0,-0.0798,0.6992
1089-134686-0007,908,0,0.1675,0.91
1089-134686-0010,1089,1,0.1787,0.7583
1089-134686-0010,1188,0,0.0803,0.7407
1089-134686-0010,1320,0,0.0765,0.7384
1089-134686-0010,2300,0,0.0527,0.7397
1089-134686-0010,260,0,0.1477,0.7739
1089-134686-0010,2830,0,-0.0168,0.662
1089-134686-0010,4077,0,0.0345,0.7021
1089-134686-0010,5105,0,0.0729,0.7961
1089-134686-0010,5639,0,0.1191,0.7141
1089-134686-0010,61,0,0.1715,0.8135
1089-134686-0010,672,0,0.1184,0.7963
1089-134686-0010,6930,0,0.1018,0.6561
1089-134686-0010,7021,0,0.077,0.8436
1089-134686-0010,7127,0,0.0757,0.6435
1089-134686-0010,7176,0,0.1549,0.7344
1089-134686-0010,7729,0,0.0492,0.8332
1089-134686-0010,8224,0,0.0947,0.6703
1089-134686-0010,8230,0,0.0106,0.7026
1089-134686-0010,8455,0,-0.0281,0.657
1089-134686-0010,908,0,0.239,0.8811
1089-134686-0012,1089,1,0.309,0.8579
1089-134686-0012,1188,0,0.0609,0.8615
1089-134686-0012,1320,0,0.0893,0.7754
1089-134686-0012,2300,0,-0.0199,0.6442
1089-134686-0012,260,0,0.1713,0.8919
1089-134686-0012,2830,0,0.0704,0.806
1089-134686-0012,4077,0,0.2259,0.7869
1089-134686-0012,5105,0,0.2865,0.8289
1089-134686-0012,5639,0,0.3003,0.8602
1089-134686-0012,61,0,0.2358,0.9208
1089-134686-0012,672,0,0.247,0.8935
1089-134686-0012,6930,0,0.1644,0.757
1089-134686-0012,7021,0,0.1487,0.8093
1089-134686-0012,7127,0,0.097,0.715
1089-134686-0012,7176,0,0.2412,0.8782
1089-134686-0012,7729,0,0.0357,0.8898
1089-134686-0012,8224,0,0.1311,0.7527
1089-134686-0012,8230,0,0.1846,0.8813
1089-134686-0012,8455,0,0.0424,0.7245
1089-134686-0012,908,0,0.1932,0.9149
1089-134686-0021,1089,1,0.1995,0.8499
1089-134686-0021,1188,0,0.0882,0.8593
1089-134686-0021,1320,0,0.1655,0.7965
1089-134686-0021,2300,0,0.0153,0.6915
1089-134686-0021,260,0,0.1763,0.8814
1089-134686-0021,2830,0,0.0927,0.8014
1089-134686-0021,4077,0,0.1446,0.8024
1089-134686-0021,5105,0,0.2848,0.8581
1089-134686-0021,5639,0,0.2004,0.8325
1089-134686-0021,61,0,0.2495,0.9121
1089-134686-0021,672,0,0.1457,0.8726
1089-134686-0021,6930,0,0.1767,0.7182
1089-134686-0021,7021,0,0.1608,0.8506
1089-134686-0021,7127,0,0.0625,0.75
1089-134686-0021,7176,0,0.2642,0.8674
1089-134686-0021,7729,0,0.1535,0.9157
1089-134686-0021,8224,0,0.119,0.7041
1089-134686-0021,8230,0,0.0993,0.8475
1089-134686-0021,8455,0,-0.0153,0.707
1089-134686-0021,908,0,0.2228,0.9191
1089-134686-0026,1089,1,0.2626,0.8518
1089-134686-0026,1188,0,0.0491,0.8399
1089-134686-0026,1320,0,0.0114,0.7895
1089-134686-0026,2300,0,-0.0632,0.7455
1089-134686-0026,260,0,0.1461,0.8163
1089-134686-0026,2830,0,0.0076,0.7432
1089-134686-0026,4077,0,0.107,0.7691
1089-134686-0026,5105,0,0.2024,0.8392
1089-134686-0026,5639,0,0.2127,0.7731
1089-134686-0026,61,0,0.1226,0.8516
1089-134686-0026,672,0,0.0846,0.8446
1089-134686-0026,6930,0,0.1383,0.6476
1089-134686-0026,7021,0,0.0933,0.8673
1089-134686-0026,7127,0,0.1785,0.7454
1089-134686-0026,7176,0,0.1803,0.7978
1089-134686-0026,7729,0,0.0168,0.8977
1089-134686-0026,8224,0,0.2007,0.6803
1089-134686-0026,8230,0,0.0908,0.8035
1089-134686-0026,8455,0,0.1009,0.6943
1089-134686-0026,908,0,0.227,0.8896
1089-134686-0031,1089,1,0.2707,0.7946
1089-134686-0031,1188,0,0.0304,0.789
1089-134686-0031,1320,0,-0.0033,0.6834
1089-134686-0031,2300,0,-0.0261,0.5235
1089-134686-0031,260,0,0.119,0.8197
1089-134686-0031,2830,0,0.041,0.7393
1089-134686-0031,4077,0,0.1497,0.6929
1089-134686-0031,5105,0,0.217,0.7628
1089-134686-0031,5639,0,0.3213,0.8379
1089-134686-0031,61,0,0.1949,0.8687
1089-134686-0031,672,0,0.1686,0.8554
1089-134686-0031,6930,0,0.0697,0.6997
1089-134686-0031,7021,0,0.0004,0.7359
1089-134686-0031,7127,0,0.1489,0.6025
1089-134686-0031,7176,0,0.2797,0.8309
1089-134686-0031,7729,0,0.1055,0.8006
1089-134686-0031,8224,0,0.0988,0.7848
1089-134686-0031,8230,0,0.1562,0.8303
1089-134686-0031,8455,0,-0.053,0.6187
1089-134686-0031,908,0,0.204,0.8839
1089-134691-0002,1089,1,0.1951,0.8215
1089-134691-0002,1188,0,-0.031,0.8134
1089-134691-0002,1320,0,0.0156,0.7756
1089-134691-0002,2300,0,-0.0486,0.7028
1089-134691-0002,260,0,0.1566,0.8674
1089-134691-0002,2830,0,-0.0104,0.7452
1089-134691-0002,4077,0,0.1867,0.8464
1089-134691-0002,5105,0,0.2238,0.8415
1089-134691-0002,5639,0,0.2084,0.8518
1089-134691-0002,61,0,0.102,0.9007
1089-134691-0002,672,0,0.0818,0.8625
1089-134691-0002,6930,0,0.1823,0.7173
1089-134691-0002,7021,0,0.0413,0.8319
1089-134691-0002,7127,0,0.0863,0.7384
1089-134691-0002,7176,0,0.188,0.8526
1089-134691-0002,7729,0,0.0129,0.9253
1089-134691-0002,8224,0,0.1392,0.7282
1089-134691-0002,8230,0,0.0275,0.7908
1089-134691-0002,8455,0,0.0626,0.7098
1089-134691-0002,908,0,0.2404,0.9224
1089-134691-0008,1089,1,0.1956,0.8441
1089-134691-0008,1188,0,-0.0306,0.8494
1089-134691-0008,1320,0,0.0474,0.7592
1089-134691-0008,2300,0,-0.0727,0.6357
1089-134691-0008,260,0,0.2284,0.8929
1089-134691-0008,2830,0,0.0279,0.8039
1089-134691-0008,4077,0,0.1353,0.7743
1089-134691-0008,5105,0,0.2498,0.825
1089-134691-0008,5639,0,0.1947,0.8453
1089-134691-0008,61,0,0.1595,0.9413
1089-134691-0008,672,0,0.1095,0.8827
1089-134691-0008,6930,0,0.2134,0.771
1089-134691-0008,7021,0,0.0337,0.8041
1089-134691-0008,7127,0,0.0495,0.6875
1089-134691-0008,7176,0,0.2413,0.8954
1089-134691-0008,7729,0,0.0543,0.8759
1089-134691-0008,8224,0,0.1423,0.768
1089-134691-0008,8230,0,0.0426,0.8815
1089-134691-0008,8455,0,-0.0334,0.7062
1089-134691-0008,908,0,0.2309,0.9202
1089-134691-0022,1089,1,0.2491,0.8506
1089-134691-0022,1188,0,0.0283,0.8627
1089-134691-0022,1320,0,0.047,0.7678
1089-134691-0022,2300,0,-0.059,0.6303
1089-134691-0022,260,0,0.1553,0.8849
1089-134691-0022,2830,0,0.0432,0.8248
1089-134691-0022,4077,0,0.1974,0.8207
1089-134691-0022,5105,0,0.2675,0.8425
1089-134691-0022,5639,0,0.2021,0.8508
1089-134691-0022,61,0,0.1816,0.9315
1089-134691-0022,672,0,0.0756,0.8607
1089-134691-0022,6930,0,0.1769,0.717
1089-134691-0022,7021,0,0.094,0.8118
1089-134691-0022,7127,0,0.1074,0.7525
1089-134691-0022,7176,0,0.2933,0.9015
1089-134691-0022,7729,0,0.1503,0.9211
1089-134691-0022,8224,0,0.0903,0.6856
1089-134691-0022,8230,0,0.1282,0.8762
1089-134691-0022,8455,0,0.0045,0.6781
1089-134691-0022,908,0,0.2259,0.9034
1188-133604-0003,1089,0,-0.0467,0.7904
1188-133604-0003,1188,1,0.2945,0.9073
1188-133604-0003,1320,0,0.1309,0.7796
1188-133604-0003,2300,0,0.0428,0.6513
1188-133604-0003,260,0,0.0426,0.8523
1188-133604-0003,2830,0,0.0382,0.8685
1188-133604-0003,4077,0,-0.0448,0.7349
1188-133604-0003,5105,0,0.0748,0.8421
1188-133604-0003,5639,0,0.1779,0.798
1188-133604-0003,61,0,0.0749,0.8656
1188-133604-0003,672,0,0.0845,0.8076
1188-133604-0003,6930,0,0.0533,0.6825
1188-133604-0003,7021,0,0.0521,0.8063
1188-133604-0003,7127,0,0.0661,0.7602
1188-133604-0003,7176,0,0.1139,0.8391
1188-133604-0003,7729,0,0.1022,0.8889
1188-133604-0003,8224,0,0.012,0.7016
1188-133604-0003,8230,0,-0.024,0.8399
1188-133604-0003,8455,0,0.0009,0.6745
1188-133604-0003,908,0,0.1537,0.8347
1188-133604-0004,1089,0,0.0246,0.7776
1188-133604-0004,1188,1,0.3565,0.8939
1188-133604-0004,1320,0,0.1533,0.7471
1188-133604-0004,2300,0,0.0647,0.6012
1188-133604-0004,260,0,0.111,0.8615
1188-133604-0004,2830,0,0.1777,0.8542
1188-133604-0004,4077,0,0.0368,0.7121
1188-133604-0004,5105,0,0.1903,0.8151
1188-133604-0004,5639,0,0.1994,0.7987
1188-133604-0004,61,0,0.1064,0.8908
1188-133604-0004,672,0,0.1166,0.8245
1188-133604-0004,6930,0,0.0243,0.703
1188-133604-0004,7021,0,0.1708,0.7715
1188-133604-0004,7127,0,0.0975,0.6978
1188-133604-0004,7176,0,0.2036,0.8643
1188-133604-0004,7729,0,0.2023,0.8441
1188-133604-0004,8224,0,0.0186,0.7388
1188-133604-0004,8230,0,0.0131,0.8581
1188-133604-0004,8455,0,-0.0218,0.6729
1188-133604-0004,908,0,0.1473,0.8315
1188-133604-0007,1089,0,0.0119,0.7758
1188-133604-0007,1188,1,0.3637,0.8905
1188-133604-0007,1320,0,0.1546,0.7421
1188-133604-0007,2300,0,0.0042,0.5423
1188-133604-0007,260,0,0.0148,0.8708
1188-133604-0007,2830,0,0.2044,0.8881
1188-133604-0007,4077,0,0.0763,0.7286
1188-133604-0007,5105,0,0.1836,0.8319
1188-133604-0007,5639,0,0.1857,0.8416
1188-133604-0007,61,0,0.1428,0.9063
1188-133604-0007,672,0,0.0996,0.8211
1188-133604-0007,6930,0,0.0039,0.7208
1188-133604-0007,7021,0,0.1041,0.7581
1188-133604-0007,7127,0,0.0351,0.721
1188-133604-0007,7176,0,0.1771,0.89
1188-133604-0007,7729,0,0.2015,0.8638
1188-133604-0007,8224,0,0.0753,0.7317
1188-133604-0007,8230,0,0.0554,0.8697
1188-133604-0007,8455,0,0.0409,0.6374
1188-133604-0007,908,0,0.1554,0.8407
1188-133604-0012,1089,0,-0.0647,0.7603
1188-133604-0012,1188,1,0.2863,0.8862
1188-133604-0012,1320,0,0.1422,0.7449
1188-133604-0012,2300,0,0.0677,0.5947
1188-133604-0012,260,0,-0.0501,0.8621
1188-133604-0012,2830,0,0.074,0.8587
1188-133604-0012,4077,0,-0.024,0.7287
1188-133604-0012,5105,0,0.0998,0.8193
1188-133604-0012,5639,0,0.0914,0.8089
1188-133604-0012,61,0,0.066,0.8912
1188-133604-0012,672,0,0.087,0.8082
1188-133604-0012,6930,0,-0.0363,0.7026
1188-133604-0012,7021,0,0.0267,0.7613
1188-133604-0012,7127,0,0.0099,0.7148
1188-133604-0012,7176,0,0.114,0.8761
1188-133604-0012,7729,0,0.1483,0.8543
1188-133604-0012,8224,0,-0.0212,0.7389
1188-133604-0012,8230,0,-0.0325,0.8452
1188-133604-0012,8455,0,0.0378,0.662
1188-133604-0012,908,0,0.089,0.8227
1188-133604-0014,1089,0,-0.0483,0.7955
1188-133604-0014,1188,1,0.246,0.9177
1188-133604-0014,1320,0,0.0888,0.7753
1188-133604-0014,2300,0,0.0088,0.6022
1188-133604-0014,260,0,-0.0903,0.8833
1188-133604-0014,2830,0,0.046,0.8877
1188-133604-0014,4077,0,-0.0749,0.7621
1188-133604-0014,5105,0,-0.0232,0.8372
1188-133604-0014,5639,0,0.1265,0.8317
1188-133604-0014,61,0,0.0367,0.8805
1188-133604-0014,672,0,0.0365,0.8249
1188-133604-0014,6930,0,-0.0209,0.7176
1188-133604-0014,7021,0,-0.0104,0.783
1188-133604-0014,7127,0,0.0047,0.7566
1188-133604-0014,7176,0,0.1094,0.8647
1188-133604-0014,7729,0,0.0946,0.8975
1188-133604-0014,8224,0,0.0154,0.6968
1188-133604-0014,8230,0,-0.0501,0.8512
1188-133604-0014,8455,0,0.0424,0.6863
1188-133604-0014,908,0,0.0426,0.8469
1188-133604-0018,1089,0,0.0498,0.7618
1188-133604-0018,1188,1,0.3365,0.8963
1188-133604-0018,1320,0,0.1902,0.7126
1188-133604-0018,2300,0,0.0892,0.513
1188-133604-0018,260,0,0.0255,0.861
1188-133604-0018,2830,0,0.152,0.8862
1188-133604-0018,4077,0,0.0284,0.7274
1188-133604-0018,5105,0,0.1341,0.7885
1188-133604-0018,5639,0,0.1819,0.8327
1188-133604-0018,61,0,0.1069,0.8832
1188-133604-0018,672,0,0.081,0.7968
1188-133604-0018,6930,0,0.0636,0.6889
1188-133604-0018,7021,0,0.0558,0.7116
1188-133604-0018,7127,0,0.0975,0.7098
1188-133604-0018,7176,0,0.1751,0.8835
1188-133604-0018,7729,0,0.1842,0.8581
1188-133604-0018,8224,0,0.0035,0.702
1188-133604-0018,8230,0,0.0105,0.8682
1188-133604-0018,8455,0,0.0372,0.628
1188-133604-0018,908,0,0.0895,0.8021
1188-133604-0025,1089,0,-0.0473,0.7917
1188-133604-0025,1188,1,0.3214,0.9106
1188-133604-0025,1320,0,0.1647,0.7766
1188-133604-0025,2300,0,0.1185,0.6365
1188-133604-0025,260,0,0.0307,0.8759
1188-133604-0025,2830,0,0.0604,0.8701
1188-133604-0025,4077,0,0.0073,0.7161
1188-133604-0025,5105,0,0.0833,0.8358
1188-133604-0025,5639,0,0.1268,0.7966
1188-133604-0025,61,0,0.1248,0.8815
1188-133604-0025,672,0,0.0688,0.8244
1188-133604-0025,6930,0,0.03,0.7392
1188-133604-0025,7021,0,0.0411,0.7994
1188-133604-0025,7127,0,0.0137,0.7207
1188-133604-0025,7176,0,0.0808,0.8482
1188-133604-0025,7729,0,0.143,0.8681
1188-133604-0025,8224,0,-0.0229,0.7324
1188-133604-0025,8230,0,-0.0736,0.8492
1188-133604-0025,8455,0,0.0166,0.7002
1188-133604-0025,908,0,0.0806,0.8491
1188-133604-0032,1089,0,0.0031,0.8073
1188-133604-0032,1188,1,0.3578,0.9286
1188-133604-0032,1320,0,0.1773,0.7894
1188-133604-0032,2300,0,0.0773,0.6256
1188-133604-0032,260,0,0.0285,0.8664
1188-133604-0032,2830,0,0.0789,0.896
1188-133604-0032,4077,0,-0.0099,0.7541
1188-133604-0032,5105,0,0.124,0.8563
1188-133604-0032,5639,0,0.1591,0.8141
1188-133604-0032,61,0,0.1488,0.888
1188-133604-0032,672,0,0.1401,0.8175
1188-133604-0032,6930,0,0.04,0.699
1188-133604-0032,7021,0,0.0874,0.7994
1188-133604-0032,7127,0,0.1097,0.7829
1188-133604-0032,7176,0,0.0767,0.8756
1188-133604-0032,7729,0,0.1423,0.8942
1188-133604-0032,8224,0,0.0425,0.7102
1188-133604-0032,8230,0,0.011,0.8721
1188-133604-0032,8455,0,0.05,0.6817
1188-133604-0032,908,0,0.0719,0.8315
1188-133604-0033,1089,0,-0.0503,0.8089
1188-133604-0033,1188,1,0.3653,0.9114
1188-133604-0033,1320,0,0.1828,0.8047
1188-133604-0033,2300,0,0.0784,0.6745
1188-133604-0033,260,0,0.0504,0.8609
1188-133604-0033,2830,0,0.188,0.8784
1188-133604-0033,4077,0,0.022,0.7578
1188-133604-0033,5105,0,0.179,0.8703
1188-133604-0033,5639,0,0.1413,0.7982
1188-133604-0033,61,0,0.1098,0.8815
1188-133604-0033,672,0,0.1089,0.8186
1188-133604-0033,6930,0,0.0518,0.7019
1188-133604-0033,7021,0,0.0885,0.8303
1188-133604-0033,7127,0,0.0846,0.7881
1188-133604-0033,7176,0,0.1359,0.8506
1188-133604-0033,7729,0,0.1641,0.9055
1188-133604-0033,8224,0,0.0288,0.7006
1188-133604-0033,8230,0,-0.0351,0.8464
1188-133604-0033,8455,0,0.019,0.6895
1188-133604-0033,908,0,0.1625,0.8489
1188-133604-0043,1089,0,-0.0502,0.8131
1188-133604-0043,1188,1,0.3568,0.9296
1188-133604-0043,1320,0,0.1278,0.8244
1188-133604-0043,2300,0,0.0513,0.6784
1188-133604-0043,260,0,-0.002,0.8772
1188-133604-0043,2830,0,0.0643,0.8745
1188-133604-0043,4077,0,0.0116,0.7685
1188-133604-0043,5105,0,0.1091,0.8815
1188-133604-0043,5639,0,0.0977,0.8249
1188-133604-0043,61,0,0.0684,0.8607
1188-133604-0043,672,0,0.0326,0.8387
1188-133604-0043,6930,0,-0.0585,0.7241
1188-133604-0043,7021,0,0.0508,0.8372
1188-133604-0043,7127,0,0.067,0.7917
1188-133604-0043,7176,0,0.0744,0.8454
1188-133604-0043,7729,0,0.1247,0.8998
1188-133604-0043,8224,0,0.0319,0.7444
1188-133604-0043,8230,0,-0.0567,0.8366
1188-133604-0043,8455,0,0.043,0.7267
1188-133604-0043,908,0,0.0745,0.8512
121-121726-0002,121,1,0.2782,0.9271
121-121726-0002,1221,0,-0.0164,0.8258
121-121726-0002,1284,0,0.0394,0.777
121-121726-0002,1580,0,0.0935,0.8085
121-121726-0002,1995,0,0.0596,0.8417
121-121726-0002,2094,0,-0.0348,0.8694
121-121726-0002,237,0,0.0472,0.8234
121-121726-0002,2961,0,0.032,0.8777
121-121726-0002,3570,0,0.0103,0.8822
121-121726-0002,3575,0,0.1705,0.8124
121-121726-0002,3729,0,0.0145,0.8995
121-121726-0002,4446,0,0.0574,0.8138
121-121726-0002,4507,0,-0.193,0.8558
121-121726-0002,4970,0,-0.0367,0.7319
121-121726-0002,4992,0,0.0039,0.8602
121-121726-0002,5142,0,-0.1507,0.7259
121-121726-0002,5683,0,-0.019,0.7923
121-121726-0002,6829,0,0.0937,0.8292
121-121726-0002,8463,0,0.1692,0.8689
121-121726-0002,8555,0,-0.0145,0.7335
121-121726-0004,121,1,0.2877,0.8793
121-121726-0004,1221,0,-0.064,0.8478
121-121726-0004,1284,0,0.0335,0.7514
121-121726-0004,1580,0,-0.0229,0.7706
121-121726-0004,1995,0,0.1262,0.8198
121-121726-0004,2094,0,0.0415,0.8534
121-121726-0004,237,0,0.0728,0.8564
121-121726-0004,2961,0,0.0394,0.7674
121-121726-0004,3570,0,0.128,0.8323
121-121726-0004,3575,0,0.1194,0.7765
121-121726-0004,3729,0,-0.0477,0.9036
121-121726-0004,4446,0,-0.0144,0.8262
121-121726-0004,4507,0,-0.1279,0.8528
121-121726-0004,4970,0,0.0486,0.7539
121-121726-0004,4992,0,-0.0079,0.8682
121-121726-0004,5142,0,-0.0906,0.7725
121-121726-0004,5683,0,-0.0764,0.7981
121-121726-0004,6829,0,0.1858,0.812
121-121726-0004,8463,0,0.014,0.8432
121-121726-0004,8555,0,0.0542,0.7843
121-121726-0007,121,1,0.2114,0.9129
121-121726-0007,1221,0,-0.0681,0.803
121-121726-0007,1284,0,0.0057,0.7292
121-121726-0007,1580,0,0.0637,0.785
121-121726-0007,1995,0,0.0372,0.7947
121-121726-0007,2094,0,0.0198,0.8263
121-121726-0007,237,0,0.0565,0.8393
121-121726-0007,2961,0,0.0539,0.8807
121-121726-0007,3570,0,0.1672,0.9521
121-121726-0007,3575,0,0.1373,0.8252
121-121726-0007,3729,0,-0.0128,0.8813
121-121726-0007,4446,0,0.0376,0.7765
121-121726-0007,4507,0,-0.1525,0.8665
121-121726-0007,4970,0,0.0793,0.7283
121-121726-0007,4992,0,-0.1241,0.8071
121-121726-0007,5142,0,-0.049,0.6736
121-121726-0007,5683,0,-0.0577,0.7759
121-121726-0007,6829,0,0.1026,0.7986
121-121726-0007,8463,0,0.0423,0.7893
121-121726-0007,8555,0,0.0438,0.7286
121-121726-0010,121,1,0.1866,0.8759
121-121726-0010,1221,0,-0.0484,0.8807
121-121726-0010,1284,0,0.0201,0.786
121-121726-0010,1580,0,0.1631,0.8391
121-121726-0010,1995,0,-0.0026,0.7922
121-121726-0010,2094,0,0.0903,0.8963
121-121726-0010,237,0,0.0288,0.8595
121-121726-0010,2961,0,-0.051,0.7757
121-121726-0010,3570,0,0.0675,0.8512
121-121726-0010,3575,0,0.1949,0.8471
121-121726-0010,3729,0,0.0386,0.9158
121-121726-0010,4446,0,0.0247,0.8514
121-121726-0010,4507,0,-0.1402,0.9089
121-121726-0010,4970,0,0.0411,0.8093
121-121726-0010,4992,0,-0.072,0.8773
121-121726-0010,5142,0,-0.121,0.776
121-121726-0010,5683,0,-0.0051,0.8444
121-121726-0010,6829,0,0.1328,0.9025
121-121726-0010,8463,0,0.0192,0.8435
121-121726-0010,8555,0,0.0487,0.7789
121-121726-0012,121,1,0.1937,0.8858
121-121726-0012,1221,0,-0.0371,0.9003
121-121726-0012,1284,0,0.0672,0.8498
121-121726-0012,1580,0,0.1494,0.9073
121-121726-0012,1995,0,-0.0735,0.773
121-121726-0012,2094,0,0.11,0.8654
121-121726-0012,237,0,0.0176,0.8698
121-121726-0012,2961,0,-0.0435,0.7601
121-121726-0012,3570,0,0.1418,0.8587
121-121726-0012,3575,0,0.0221,0.8221
121-121726-0012,3729,0,-0.023,0.9266
121-121726-0012,4446,0,0.1864,0.8995
121-121726-0012,4507,0,-0.1385,0.9093
121-121726-0012,4970,0,0.0568,0.8013
121-121726-0012,4992,0,-0.0707,0.8687
121-121726-0012,5142,0,-0.1412,0.7766
121-121726-0012,5683,0,-0.0721,0.8863
121-121726-0012,6829,0,0.1194,0.8518
121-121726-0012,8463,0,0.038,0.8383
121-121726-0012,8555,0,0.0066,0.7932
121-127105-0003,121,1,0.2919,0.9173
121-127105-0003,1221,0,-0.0002,0.8622
121-127105-0003,1284,0,0.0418,0.7717
121-127105-0003,1580,0,0.0248,0.8236
121-127105-0003,1995,0,0.0168,0.8553
121-127105-0003,2094,0,0.0305,0.8939
121-127105-0003,237,0,0.0406,0.871
121-127105-0003,2961,0,0.042,0.8367
121-127105-0003,3570,0,0.0611,0.8889
121-127105-0003,3575,0,0.1369,0.8321
121-127105-0003,3729,0,0.0264,0.9209
121-127105-0003,4446,0,0.0498,0.8366
121-127105-0003,4507,0,-0.1935,0.9059
121-127105-0003,4970,0,-0.0242,0.7722
121-127105-0003,4992,0,-0.0488,0.8881
121-127105-0003,5142,0,-0.1531,0.7782
121-127105-0003,5683,0,-0.031,0.8364
121-127105-0003,6829,0,0.1113,0.8618
121-127105-0003,8463,0,0.0924,0.8578
121-127105-0003,8555,0,0.0232,0.8045
121-127105-0006,121,1,0.2479,0.9326
121-127105-0006,1221,0,-0.0507,0.8772
121-127105-0006,1284,0,0.1027,0.7916
121-127105-0006,1580,0,0.0604,0.8326
121-127105-0006,1995,0,0.0758,0.8375
121-127105-0006,2094,0,0.1042,0.9032
121-127105-0006,237,0,0.0811,0.8823
121-127105-0006,2961,0,0.0354,0.8458
121-127105-0006,3570,0,0.0455,0.891
121-127105-0006,3575,0,0.0673,0.7921
121-127105-0006,3729,0,0.0631,0.9491
121-127105-0006,4446,0,0.0412,0.8665
121-127105-0006,4507,0,-0.1431,0.905
121-127105-0006,4970,0,-0.0265,0.7319
121-127105-0006,4992,0,-0.0755,0.8922
121-127105-0006,5142,0,-0.1053,0.7565
121-127105-0006,5683,0,-0.0718,0.8272
121-127105-0006,6829,0,0.1288,0.8687
121-127105-0006,8463,0,-0.0015,0.8511
121-127105-0006,8555,0,-0.0465,0.7542
121-127105-0020,121,1,0.3439,0.8975
121-127105-0020,1221,0,-0.0336,0.8211
121-127105-0020,1284,0,-0.0059,0.7194
121-127105-0020,1580,0,-0.025,0.7934
121-127105-0020,1995,0,-0.0025,0.7782
121-127105-0020,2094,0,-0.0352,0.8256
121-127105-0020,237,0,0.0734,0.8585
121-127105-0020,2961,0,0.0279,0.8129
121-127105-0020,3570,0,0.1512,0.9284
121-127105-0020,3575,0,0.0282,0.8608
121-127105-0020,3729,0,0.0695,0.8892
121-127105-0020,4446,0,-0.0156,0.7796
121-127105-0020,4507,0,-0.1081,0.8874
121-127105-0020,4970,0,-0.0803,0.7756
121-127105-0020,4992,0,-0.0859,0.8112
121-127105-0020,5142,0,-0.1375,0.6991
121-127105-0020,5683,0,-0.0141,0.8267
121-127105-0020,6829,0,0.1033,0.8045
121-127105-0020,8463,0,0.0009,0.7763
121-127105-0020,8555,0,0.0192,0.7698
121-127105-0023,121,1,0.2448,0.8929
121-127105-0023,1221,0,-0.0458,0.8285
121-127105-0023,1284,0,0.0221,0.7267
121-127105-0023,1580,0,0.0454,0.7838
121-127105-0023,1995,0,0.0551,0.7885
121-127105-0023,2094,0,0.0458,0.8449
121-127105-0023,237,0,0.0093,0.8552
121-127105-0023,2961,0,0.0236,0.826
121-127105-0023,3570,0,0.1548,0.92
121-127105-0023,3575,0,0.055,0.8319
121-127105-0023,3729,0,0.0547,0.893
121-127105-0023,4446,0,-0.0034,0.7921
121-127105-0023,4507,0,-0.1006,0.8834
121-127105-0023,4970,0,-0.0347,0.762
121-127105-0023,4992,0,-0.062,0.8313
121-127105-0023,5142,0,-0.1567,0.7156
121-127105-0023,5683,0,-0.1071,0.7939
121-127105-0023,6829,0,0.0903,0.8305
121-127105-0023,8463,0,0.0459,0.8041
121-127105-0023,8555,0,0.0382,0.754
121-127105-0036,121,1,0.2432,0.9242
121-127105-0036,1221,0,-0.0222,0.807
121-127105-0036,1284,0,-0.0493,0.7366
121-127105-0036,1580,0,-0.1174,0.7867
121-127105-0036,1995,0,-0.0003,0.8678
121-127105-0036,2094,0,-0.0716,0.8309
121-127105-0036,237,0,-0.0305,0.868
121-127105-0036,2961,0,-0.0256,0.8616
121-127105-0036,3570,0,0.0387,0.929
121-127105-0036,3575,0,0.0508,0.8016
121-127105-0036,3729,0,-0.0363,0.8653
121-127105-0036,4446,0,0.02,0.7758
121-127105-0036,4507,0,-0.1672,0.8506
121-127105-0036,4970,0,-0.0131,0.7039
121-127105-0036,4992,0,-0.0866,0.8351
121-127105-0036,5142,0,-0.072,0.7062
121-127105-0036,5683,0,-0.0948,0.7826
121-127105-0036,6829,0,0.1133,0.7576
121-127105-0036,8463,0,0.132,0.8167
121-127105-0036,8555,0,0.0297,0.7767
1221-135766-0002,121,0,-0.0895,0.8059
1221-135766-0002,1221,1,0.3989,0.9505
1221-135766-0002,1284,0,0.1907,0.8525
1221-135766-0002,1580,0,0.1784,0.8703
1221-135766-0002,1995,0,-0.1023,0.8149
1221-135766-0002,2094,0,0.1829,0.9061
1221-135766-0002,237,0,0.1155,0.9
1221-135766-0002,2961,0,0.0286,0.6718
1221-135766-0002,3570,0,0.0903,0.7612
1221-135766-0002,3575,0,0.0922,0.7787
1221-135766-0002,3729,0,0.0329,0.904
1221-135766-0002,4446,0,0.2526,0.9262
1221-135766-0002,4507,0,0.1147,0.8959
1221-135766-0002,4970,0,0.0932,0.8305
1221-135766-0002,4992,0,0.1605,0.924
1221-135766-0002,5142,0,0.0715,0.8694
1221-135766-0002,5683,0,0.0321,0.8708
1221-135766-0002,6829,0,0.2199,0.9225
1221-135766-0002,8463,0,0.1978,0.8692
1221-135766-0002,8555,0,0.0689,0.8417
1221-135766-0009,121,0,-0.0482,0.7898
1221-135766-0009,1221,1,0.35,0.9592
1221-135766-0009,1284,0,0.1469,0.861
1221-135766-0009,1580,0,0.1531,0.8621
1221-135766-0009,1995,0,-0.1505,0.8118
1221-135766-0009,2094,0,0.1006,0.906
1221-135766-0009,237,0,0.0976,0.8986
1221-135766-0009,2961,0,0.0368,0.6656
1221-135766-0009,3570,0,0.0649,0.737
1221-135766-0009,3575,0,0.0837,0.7727
1221-135766-0009,3729,0,0.0169,0.8992
1221-135766-0009,4446,0,0.1608,0.9279
1221-135766-0009,4507,0,0.0825,0.8942
1221-135766-0009,4970,0,0.0732,0.8506
1221-135766-0009,4992,0,0.1024,0.9294
1221-135766-0009,5142,0,0.0491,0.8956
1221-135766-0009,5683,0,0.0298,0.8706
1221-135766-0009,6829,0,0.2198,0.9462
1221-135766-0009,8463,0,0.2033,0.8874
1221-135766-0009,8555,0,0.0882,0.8441
1221-135767-0001,121,0,-0.0388,0.795
1221-135767-0001,1221,1,0.257,0.9593
1221-135767-0001,1284,0,0.1207,0.8545
1221-135767-0001,1580,0,0.1611,0.8771
1221-135767-0001,1995,0,-0.2094,0.8014
1221-135767-0001,2094,0,0.0676,0.8938
1221-135767-0001,237,0,0.091,0.9038
1221-135767-0001,2961,0,-0.013,0.6594
1221-135767-0001,3570,0,0.0668,0.7483
1221-135767-0001,3575,0,0.0992,0.7951
1221-135767-0001,3729,0,-0.0468,0.8978
1221-135767-0001,4446,0,0.1395,0.9204
1221-135767-0001,4507,0,0.0439,0.9065
1221-135767-0001,4970,0,0.0564,0.864
1221-135767-0001,4992,0,0.0449,0.9203
1221-135767-0001,5142,0,0.0559,0.8855
1221-135767-0001,5683,0,0.0338,0.8932
1221-135767-0001,6829,0,0.1962,0.9359
1221-135767-0001,8463,0,0.1657,0.8769
1221-135767-0001,8555,0,0.1527,0.8581
1221-135767-0005,121,0,-0.0979,0.7501
1221-135767-0005,1221,1,0.2452,0.9337
1221-135767-0005,1284,0,0.0608,0.8483
1221-135767-0005,1580,0,0.1016,0.8418
1221-135767-0005,1995,0,-0.1441,0.7935
1221-135767-0005,2094,0,-0.0282,0.8767
1221-135767-0005,237,0,0.0587,0.8984
1221-135767-0005,2961,0,-0.0405,0.6409
1221-135767-0005,3570,0,0.0782,0.7205
1221-135767-0005,3575,0,0.0027,0.742
1221-135767-0005,3729,0,-0.0378,0.8731
1221-135767-0005,4446,0,0.1301,0.9107
1221-135767-0005,4507,0,0.0215,0.863
1221-135767-0005,4970,0,0.0837,0.8346
1221-135767-0005,4992,0,-0.0243,0.9034
1221-135767-0005,5142,0,0.0264,0.8764
1221-135767-0005,5683,0,-0.0009,0.8567
1221-135767-0005,6829,0,0.1379,0.9161
1221-135767-0005,8463,0,0.113,0.8529
1221-135767-0005,8555,0,0.1315,0.8312
1221-135767-0007,121,0,-0.0313,0.7839
1221-135767-0007,1221,1,0.3499,0.94
1221-135767-0007,1284,0,0.187,0.8517
1221-135767-0007,1580,0,0.1688,0.8595
1221-135767-0007,1995,0,-0.1589,0.7898
1221-135767-0007,2094,0,0.0884,0.8846
1221-135767-0007,237,0,0.0655,0.899
1221-135767-0007,2961,0,-0.0191,0.6811
1221-135767-0007,3570,0,0.1283,0.7607
1221-135767-0007,3575,0,0.0813,0.7659
1221-135767-0007,3729,0,-0.0105,0.8864
1221-135767-0007,4446,0,0.2465,0.9125
1221-135767-0007,4507,0,0.0597,0.8848
1221-135767-0007,4970,0,0.0786,0.8341
1221-135767-0007,4992,0,0.1285,0.904
1221-135767-0007,5142,0,0.0318,0.8547
1221-135767-0007,5683,0,0.0192,0.8581
1221-135767-0007,6829,0,0.2331,0.9329
1221-135767-0007,8463,0,0.1933,0.8597
1221-135767-0007,8555,0,0.1624,0.8108
1221-135767-0009,121,0,-0.0392,0.7416
1221-135767-0009,1221,1,0.3626,0.9345
1221-135767-0009,1284,0,0.1299,0.8396
1221-135767-0009,1580,0,0.1641,0.8244
1221-135767-0009,1995,0,-0.1486,0.7745
1221-135767-0009,2094,0,0.0833,0.8783
1221-135767-0009,237,0,0.1663,0.8809
1221-135767-0009,2961,0,0.0648,0.6344
1221-135767-0009,3570,0,0.0432,0.701
1221-135767-0009,3575,0,0.1116,0.75
1221-135767-0009,3729,0,-0.0326,0.8652
1221-135767-0009,4446,0,0.1464,0.8968
1221-135767-0009,4507,0,-0.0151,0.8699
1221-135767-0009,4970,0,0.103,0.8555
1221-135767-0009,4992,0,0.0673,0.8965
1221-135767-0009,5142,0,0.0989,0.8889
1221-135767-0009,5683,0,0.063,0.8504
1221-135767-0009,6829,0,0.2458,0.9406
1221-135767-0009,8463,0,0.1427,0.8598
1221-135767-0009,8555,0,0.0988,0.8221
1221-135767-0010,121,0,0.0057,0.7874
1221-135767-0010,1221,1,0.2799,0.9478
1221-135767-0010,1284,0,0.1133,0.8535
1221-135767-0010,1580,0,0.1587,0.8536
1221-135767-0010,1995,0,-0.1144,0.8003
1221-135767-0010,2094,0,0.0867,0.8909
1221-135767-0010,237,0,0.2314,0.909
1221-135767-0010,2961,0,0.0558,0.6594
1221-135767-0010,3570,0,0.066,0.7428
1221-135767-0010,3575,0,0.1819,0.7602
1221-135767-0010,3729,0,-0.0147,0.8949
1221-135767-0010,4446,0,0.1629,0.9211
1221-135767-0010,4507,0,0.0001,0.8832
1221-135767-0010,4970,0,0.0697,0.8335
1221-135767-0010,4992,0,0.0203,0.9156
1221-135767-0010,5142,0,0.0698,0.8663
1221-135767-0010,5683,0,0.1015,0.8596
1221-135767-0010,6829,0,0.2105,0.929
1221-135767-0010,8463,0,0.1325,0.8726
1221-135767-0010,8555,0,0.101,0.8165
1221-135767-0013,121,0,-0.0565,0.7788
1221-135767-0013,1221,1,0.2645,0.9239
1221-135767-0013,1284,0,0.061,0.8196
1221-135767-0013,1580,0,0.168,0.8389
1221-135767-0013,1995,0,-0.1999,0.7594
1221-135767-0013,2094,0,0.0767,0.8751
1221-135767-0013,237,0,0.1116,0.8622
1221-135767-0013,2961,0,0.051,0.6652
1221-135767-0013,3570,0,0.0768,0.7604
1221-135767-0013,3575,0,0.1225,0.822
1221-135767-0013,3729,0,-0.0583,0.8814
1221-135767-0013,4446,0,0.1151,0.8825
1221-135767-0013,4507,0,-0.0135,0.8903
1221-135767-0013,4970,0,0.0536,0.8784
1221-135767-0013,4992,0,-0.0034,0.8783
1221-135767-0013,5142,0,0.0472,0.8492
1221-135767-0013,5683,0,0.0024,0.8747
1221-135767-0013,6829,0,0.1628,0.9232
1221-135767-0013,8463,0,0.1486,0.8422
1221-135767-0013,8555,0,0.0877,0.8332
1221-135767-0018,121,0,-0.0712,0.7775
1221-135767-0018,1221,1,0.3173,0.9463
1221-135767-0018,1284,0,0.1899,0.8537
1221-135767-0018,1580,0,0.1652,0.8582
1221-135767-0018,1995,0,-0.1042,0.7992
1221-135767-0018,2094,0,0.0655,0.8962
1221-135767-0018,237,0,0.1232,0.8994
1221-135767-0018,2961,0,0.0322,0.6651
1221-135767-0018,3570,0,0.0193,0.7394
1221-135767-0018,3575,0,0.0774,0.7722
1221-135767-0018,3729,0,-0.0689,0.8832
1221-135767-0018,4446,0,0.152,0.9132
1221-135767-0018,4507,0,0.0038,0.885
1221-135767-0018,4970,0,0.0736,0.8472
1221-135767-0018,4992,0,0.0744,0.9137
1221-135767-0018,5142,0,0.0877,0.8756
1221-135767-0018,5683,0,0.0312,0.8641
1221-135767-0018,6829,0,0.2041,0.9435
1221-135767-0018,8463,0,0.1444,0.8735
1221-135767-0018,8555,0,0.1187,0.8261
1221-135767-0022,121,0,-0.0544,0.7871
1221-135767-0022,1221,1,0.327,0.9513
1221-135767-0022,1284,0,0.1294,0.8238
1221-135767-0022,1580,0,0.1093,0.8229
1221-135767-0022,1995,0,-0.1221,0.8086
1221-135767-0022,2094,0,0.0646,0.8995
1221-135767-0022,237,0,0.1723,0.882
1221-135767-0022,2961,0,0.0439,0.6609
1221-135767-0022,3570,0,0.0089,0.7363
1221-135767-0022,3575,0,0.1382,0.7799
1221-135767-0022,3729,0,-0.0616,0.8998
1221-135767-0022,4446,0,0.0962,0.8955
1221-135767-0022,4507,0,0.0048,0.9019
1221-135767-0022,4970,0,0.0535,0.8545
1221-135767-0022,4992,0,0.0998,0.9234
1221-135767-0022,5142,0,0.146,0.8972
1221-135767-0022,5683,0,0.0591,0.8595
1221-135767-0022,6829,0,0.185,0.9495
1221-135767-0022,8463,0,0.1829,0.881
1221-135767-0022,8555,0,0.1348,0.8482
1284-1180-0005,121,0,-0.0062,0.8429
1284-1180-0005,1221,0,0.0591,0.8841
1284-1180-0005,1284,1,0.348,0.9029
1284-1180-0005,1580,0,-0.0526,0.8584
1284-1180-0005,1995,0,-0.0063,0.8964
1284-1180-0005,2094,0,0.1745,0.9453
1284-1180-0005,237,0,0.1164,0.8798
1284-1180-0005,2961,0,-0.0502,0.7617
1284-1180-0005,3570,0,-0.0617,0.7377
1284-1180-0005,3575,0,0.0931,0.6913
1284-1180-0005,3729,0,0.0052,0.888
1284-1180-0005,4446,0,0.1172,0.9242
1284-1180-0005,4507,0,-0.1562,0.8139
1284-1180-0005,4970,0,-0.0561,0.6943
1284-1180-0005,4992,0,0.0392,0.9329
1284-1180-0005,5142,0,0.0401,0.8117
1284-1180-0005,5683,0,-0.0447,0.7903
1284-1180-0005,6829,0,0.2264,0.8838
1284-1180-0005,8463,0,0.1079,0.9127
1284-1180-0005,8555,0,0.0347,0.7264
1284-1180-0017,121,0,-0.0622,0.8384
1284-1180-0017,1221,0,0.0932,0.9248
1284-1180-0017,1284,1,0.3518,0.9139
1284-1180-0017,1580,0,-0.005,0.8867
1284-1180-0017,1995,0,0.0357,0.8961
1284-1180-0017,2094,0,0.1225,0.9465
1284-1180-0017,237,0,0.1294,0.9235
1284-1180-0017,2961,0,-0.0875,0.7282
1284-1180-0017,3570,0,-0.0786,0.741
1284-1180-0017,3575,0,0.1112,0.7272
1284-1180-0017,3729,0,-0.0469,0.9009
1284-1180-0017,4446,0,0.1446,0.9512
1284-1180-0017,4507,0,-0.1964,0.8472
1284-1180-0017,4970,0,-0.0011,0.7595
1284-1180-0017,4992,0,0.0436,0.9547
1284-1180-0017,5142,0,0.0528,0.8681
1284-1180-0017,5683,0,0.0143,0.8456
1284-1180-0017,6829,0,0.1579,0.9047
1284-1180-0017,8463,0,0.1263,0.9268
1284-1180-0017,8555,0,0.0485,0.8019
1284-1180-0026,121,0,-0.0487,0.8496
1284-1180-0026,1221,0,0.0997,0.9143
1284-1180-0026,1284,1,0.3052,0.8716
1284-1180-0026,1580,0,0.0156,0.8599
1284-1180-0026,1995,0,-0.0473,0.8535
1284-1180-0026,2094,0,0.1596,0.9316
1284-1180-0026,237,0,0.1702,0.8992
1284-1180-0026,2961,0,-0.0916,0.744
1284-1180-0026,3570,0,-0.12,0.7734
1284-1180-0026,3575,0,0.078,0.727
1284-1180-0026,3729,0,0.0766,0.9204
1284-1180-0026,4446,0,0.1137,0.9345
1284-1180-0026,4507,0,-0.1681,0.8715
1284-1180-0026,4970,0,-0.02,0.7577
1284-1180-0026,4992,0,0.0654,0.9419
1284-1180-0026,5142,0,0.049,0.8581
1284-1180-0026,5683,0,-0.008,0.8279
1284-1180-0026,6829,0,0.1825,0.9121
1284-1180-0026,8463,0,0.1046,0.922
1284-1180-0026,8555,0,0.0926,0.7879
1284-1180-0031,121,0,-0.0516,0.7926
1284-1180-0031,1221,0,0.0504,0.8869
1284-1180-0031,1284,1,0.2355,0.8211
1284-1180-0031,1580,0,-0.009,0.7763
1284-1180-0031,1995,0,0.0439,0.8266
1284-1180-0031,2094,0,0.1955,0.8812
1284-1180-0031,237,0,0.1573,0.8639
1284-1180-0031,2961,0,-0.0362,0.7315
1284-1180-0031,3570,0,-0.1196,0.7583
1284-1180-0031,3575,0,0.0109,0.7065
1284-1180-0031,3729,0,-0.0613,0.8796
1284-1180-0031,4446,0,0.0842,0.8805
1284-1180-0031,4507,0,-0.1298,0.8311
1284-1180-0031,4970,0,0.0382,0.7751
1284-1180-0031,4992,0,0.0046,0.9034
1284-1180-0031,5142,0,0.0421,0.8465
1284-1180-0031,5683,0,-0.0274,0.7662
1284-1180-0031,6829,0,0.1407,0.8985
1284-1180-0031,8463,0,0.1587,0.8962
1284-1180-0031,8555,0,-0.0092,0.7708
1284-1181-0004,121,0,0.0303,0.8767
1284-1181-0004,1221,0,0.0817,0.8922
1284-1181-0004,1284,1,0.3398,0.9446
1284-1181-0004,1580,0,-0.0685,0.912
1284-1181-0004,1995,0,0.0324,0.9014
1284-1181-0004,2094,0,0.1822,0.9462
1284-1181-0004,237,0,0.0859,0.9028
1284-1181-0004,2961,0,-0.1065,0.7713
1284-1181-0004,3570,0,-0.0143,0.7558
1284-1181-0004,3575,0,0.1704,0.7051
1284-1181-0004,3729,0,-0.0274,0.9039
1284-1181-0004,4446,0,0.1042,0.9548
1284-1181-0004,4507,0,-0.1994,0.8284
1284-1181-0004,4970,0,-0.09,0.6858
1284-1181-0004,4992,0,0.0027,0.9315
1284-1181-0004,5142,0,0.0257,0.7928
1284-1181-0004,5683,0,-0.0136,0.8265
1284-1181-0004,6829,0,0.1029,0.8618
1284-1181-0004,8463,0,0.0905,0.899
1284-1181-0004,8555,0,0.0016,0.7278
1284-1181-0007,121,0,0.0506,0.8315
1284-1181-0007,1221,0,0.1626,0.9279
1284-1181-0007,1284,1,0.3048,0.9033
1284-1181-0007,1580,0,0.0099,0.8556
1284-1181-0007,1995,0,-0.0531,0.8943
1284-1181-0007,2094,0,0.1654,0.9323
1284-1181-0007,237,0,0.0943,0.8829
1284-1181-0007,2961,0,0.0554,0.7141
1284-1181-0007,3570,0,-0.0491,0.7024
1284-1181-0007,3575,0,0.1349,0.6687
1284-1181-0007,3729,0,-0.0892,0.9101
1284-1181-0007,4446,0,0.1833,0.9541
1284-1181-0007,4507,0,-0.1384,0.8316
1284-1181-0007,4970,0,0.0214,0.7193
1284-1181-0007,4992,0,0.084,0.9658
1284-1181-0007,5142,0,0.1462,0.8731
1284-1181-0007,5683,0,-0.0411,0.8103
1284-1181-0007,6829,0,0.2451,0.8994
1284-1181-0007,8463,0,0.1794,0.9356
1284-1181-0007,8555,0,0.0212,0.7764
1284-1181-0011,121,0,-0.088,0.8035
1284-1181-0011,1221,0,0.0197,0.9091
1284-1181-0011,1284,1,0.3679,0.9057
1284-1181-0011,1580,0,-0.0004,0.8583
1284-1181-0011,1995,0,0.0026,0.8923
1284-1181-0011,2094,0,0.1641,0.9331
1284-1181-0011,237,0,0.1086,0.9058
1284-1181-0011,2961,0,-0.0415,0.7073
1284-1181-0011,3570,0,-0.0106,0.7127
1284-1181-0011,3575,0,0.1207,0.7215
1284-1181-0011,3729,0,-0.0762,0.872
1284-1181-0011,4446,0,0.1067,0.9298
1284-1181-0011,4507,0,-0.1936,0.8215
1284-1181-0011,4970,0,0.0853,0.767
1284-1181-0011,4992,0,0.0283,0.9368
1284-1181-0011,5142,0,0.112,0.8636
1284-1181-0011,5683,0,-0.0225,0.8259
1284-1181-0011,6829,0,0.2054,0.9019
1284-1181-0011,8463,0,0.0527,0.9135
1284-1181-0011,8555,0,0.052,0.7924
1284-1181-0016,121,0,0.0295,0.8151
1284-1181-0016,1221,0,0.0099,0.8911
1284-1181-0016,1284,1,0.3499,0.9097
1284-1181-0016,1580,0,-0.024,0.8286
1284-1181-0016,1995,0,0.0139,0.859
1284-1181-0016,2094,0,0.154,0.9021
1284-1181-0016,237,0,0.1388,0.8712
1284-1181-0016,2961,0,0.0237,0.7404
1284-1181-0016,3570,0,0.0669,0.7227
1284-1181-0016,3575,0,0.1248,0.6461
1284-1181-0016,3729,0,0.0259,0.8908
1284-1181-0016,4446,0,0.1109,0.9345
1284-1181-0016,4507,0,-0.0653,0.8204
1284-1181-0016,4970,0,0.0489,0.7103
1284-1181-0016,4992,0,0.02,0.911
1284-1181-0016,5142,0,0.037,0.8372
1284-1181-0016,5683,0,-0.0196,0.7748
1284-1181-0016,6829,0,0.207,0.8836
1284-1181-0016,8463,0,0.1061,0.8942
1284-1181-0016,8555,0,0.0011,0.726
1284-1181-0017,121,0,0.0647,0.7625
1284-1181-0017,1221,0,0.0562,0.8609
1284-1181-0017,1284,1,0.2321,0.9134
1284-1181-0017,1580,0,-0.0451,0.8102
1284-1181-0017,1995,0,0.0146,0.8363
1284-1181-0017,2094,0,0.1246,0.8841
1284-1181-0017,237,0,0.103,0.8314
1284-1181-0017,2961,0,0.0433,0.6821
1284-1181-0017,3570,0,0.0551,0.6652
1284-1181-0017,3575,0,0.1469,0.64
1284-1181-0017,3729,0,0.009,0.8335
1284-1181-0017,4446,0,0.0711,0.9048
1284-1181-0017,4507,0,-0.0242,0.7869
1284-1181-0017,4970,0,0.0826,0.712
1284-1181-0017,4992,0,0.0465,0.8706
1284-1181-0017,5142,0,0.1244,0.8274
1284-1181-0017,5683,0,0.045,0.756
1284-1181-0017,6829,0,0.2097,0.8568
1284-1181-0017,8463,0,0.1103,0.8526
1284-1181-0017,8555,0,0.012,0.7171
1284-134647-0004,121,0,-0.0207,0.7952
1284-134647-0004,1221,0,0.0773,0.9019
1284-134647-0004,1284,1,0.2879,0.9116
1284-134647-0004,1580,0,-0.0266,0.8447
1284-134647-0004,1995,0,-0.0642,0.8813
1284-134647-0004,2094,0,0.157,0.9327
1284-134647-0004,237,0,0.0541,0.8752
1284-134647-0004,2961,0,0.045,0.7105
1284-134647-0004,3570,0,-0.0102,0.7017
1284-134647-0004,3575,0,0.1157,0.7076
1284-134647-0004,3729,0,-0.0532,0.8731
1284-134647-0004,4446,0,0.1059,0.9234
1284-134647-0004,4507,0,-0.1309,0.8144
1284-134647-0004,4970,0,0.0214,0.7557
1284-134647-0004,4992,0,0.0366,0.9286
1284-134647-0004,5142,0,0.0665,0.8609
1284-134647-0004,5683,0,-0.0559,0.8149
1284-134647-0004,6829,0,0.1386,0.9086
1284-134647-0004,8463,0,0.0552,0.9016
1284-134647-0004,8555,0,0.0381,0.772
1320-122612-0003,1089,0,0.0088,0.8293
1320-122612-0003,1188,0,0.0572,0.8126
1320-122612-0003,1320,1,0.4356,0.8959
1320-122612-0003,2300,0,0.0535,0.8438
1320-122612-0003,260,0,0.1133,0.8737
1320-122612-0003,2830,0,-0.0345,0.7452
1320-122612-0003,4077,0,0.1211,0.8612
1320-122612-0003,5105,0,0.2716,0.9184
1320-122612-0003,5639,0,0.087,0.7568
1320-122612-0003,61,0,0.1502,0.877
1320-122612-0003,672,0,0.1479,0.8792
1320-122612-0003,6930,0,0.2154,0.8143
1320-122612-0003,7021,0,0.1158,0.9115
1320-122612-0003,7127,0,0.0812,0.814
1320-122612-0003,7176,0,0.0837,0.852
1320-122612-0003,7729,0,0.0709,0.8802
1320-122612-0003,8224,0,0.0305,0.7347
1320-122612-0003,8230,0,0.0227,0.7577
1320-122612-0003,8455,0,0.0575,0.8461
1320-122612-0003,908,0,0.2502,0.9138
1320-122612-0005,1089,0,-0.0297,0.8076
1320-122612-0005,1188,0,-0.0172,0.7768
1320-122612-0005,1320,1,0.395,0.9054
1320-122612-0005,2300,0,0.0106,0.8818
1320-122612-0005,260,0,0.1066,0.8466
1320-122612-0005,2830,0,-0.0822,0.6882
1320-122612-0005,4077,0,0.0348,0.8612
1320-122612-0005,5105,0,0.2384,0.9003
1320-122612-0005,5639,0,0.0949,0.7154
1320-122612-0005,61,0,0.1219,0.8149
1320-122612-0005,672,0,0.1632,0.87
1320-122612-0005,6930,0,0.2351,0.8164
1320-122612-0005,7021,0,0.0147,0.8992
1320-122612-0005,7127,0,0.0272,0.8075
1320-122612-0005,7176,0,0.0562,0.7923
1320-122612-0005,7729,0,0.093,0.8289
1320-122612-0005,8224,0,0.0269,0.7379
1320-122612-0005,8230,0,-0.0024,0.6971
1320-122612-0005,8455,0,-0.0329,0.8925
1320-122612-0005,908,0,0.2471,0.8729
1320-122612-0013,1089,0,0.0038,0.8097
1320-122612-0013,1188,0,0.0725,0.8057
1320-122612-0013,1320,1,0.4151,0.8781
1320-122612-0013,2300,0,0.0728,0.8132
1320-122612-0013,260,0,0.1711,0.859
1320-122612-0013,2830,0,-0.0281,0.7536
1320-122612-0013,4077,0,0.0998,0.833
1320-122612-0013,5105,0,0.239,0.9162
1320-122612-0013,5639,0,0.1104,0.7603
1320-122612-0013,61,0,0.137,0.8721
1320-122612-0013,672,0,0.1771,0.8619
1320-122612-0013,6930,0,0.2717,0.7889
1320-122612-0013,7021,0,0.0828,0.896
1320-122612-0013,7127,0,0.1039,0.8062
1320-122612-0013,7176,0,0.0886,0.8406
1320-122612-0013,7729,0,0.0599,0.8708
1320-122612-0013,8224,0,0.1023,0.7326
1320-122612-0013,8230,0,-0.0064,0.7564
1320-122612-0013,8455,0,0.104,0.8067
1320-122612-0013,908,0,0.2856,0.8955
1320-122617-0005,1089,0,0.0228,0.7567
1320-122617-0005,1188,0,-0.0267,0.7613
1320-122617-0005,1320,1,0.3867,0.7945
1320-122617-0005,2300,0,0.0354,0.7867
1320-122617-0005,260,0,0.1724,0.8466
1320-122617-0005,2830,0,-0.0419,0.6754
1320-122617-0005,4077,0,0.1012,0.8384
1320-122617-0005,5105,0,0.2715,0.8318
1320-122617-0005,5639,0,0.018,0.7443
1320-122617-0005,61,0,0.1554,0.8723
1320-122617-0005,672,0,0.1265,0.8176
1320-122617-0005,6930,0,0.3023,0.7386
1320-122617-0005,7021,0,0.0803,0.8412
1320-122617-0005,7127,0,-0.0161,0.7179
1320-122617-0005,7176,0,0.1109,0.8339
1320-122617-0005,7729,0,0.0149,0.8889
1320-122617-0005,8224,0,0.0883,0.6976
1320-122617-0005,8230,0,-0.0515,0.7071
1320-122617-0005,8455,0,0.0686,0.7698
1320-122617-0005,908,0,0.2819,0.8968
1320-122617-0011,1089,0,-0.0013,0.8191
1320-122617-0011,1188,0,0.0114,0.8553
1320-122617-0011,1320,1,0.3755,0.8737
1320-122617-0011,2300,0,0.0519,0.7698
1320-122617-0011,260,0,0.0502,0.9005
1320-122617-0011,2830,0,-0.038,0.8135
1320-122617-0011,4077,0,0.1026,0.8611
1320-122617-0011,5105,0,0.2595,0.9161
1320-122617-0011,5639,0,0.0343,0.8021
1320-122617-0011,61,0,0.1599,0.9103
1320-122617-0011,672,0,0.1093,0.8644
1320-122617-0011,6930,0,0.2168,0.7991
1320-122617-0011,7021,0,0.0707,0.8729
1320-122617-0011,7127,0,-0.0185,0.8237
1320-122617-0011,7176,0,0.1182,0.8907
1320-122617-0011,7729,0,0.0915,0.905
1320-122617-0011,8224,0,0.0747,0.7347
1320-122617-0011,8230,0,-0.0045,0.8024
1320-122617-0011,8455,0,-0.0231,0.8034
1320-122617-0011,908,0,0.2283,0.8953
1320-122617-0018,1089,0,-0.0428,0.7855
1320-122617-0018,1188,0,0.0002,0.819
1320-122617-0018,1320,1,0.3218,0.8225
1320-122617-0018,2300,0,0.0519,0.706
1320-122617-0018,260,0,0.0468,0.8833
1320-122617-0018,2830,0,-0.0676,0.7761
1320-122617-0018,4077,0,0.1527,0.8449
1320-122617-0018,5105,0,0.3203,0.8837
1320-122617-0018,5639,0,0.0071,0.8131
1320-122617-0018,61,0,0.1715,0.9051
1320-122617-0018,672,0,0.0622,0.8467
1320-122617-0018,6930,0,0.1745,0.7606
1320-122617-0018,7021,0,0.1421,0.8431
1320-122617-0018,7127,0,0.0201,0.7706
1320-122617-0018,7176,0,0.1798,0.8952
1320-122617-0018,7729,0,0.0823,0.8882
1320-122617-0018,8224,0,0.0366,0.723
1320-122617-0018,8230,0,-0.0394,0.7805
1320-122617-0018,8455,0,0.0609,0.7464
1320-122617-0018,908,0,0.2965,0.896
1320-122617-0027,1089,0,0.0091,0.7669
1320-122617-0027,1188,0,0.0661,0.7872
1320-122617-0027,1320,1,0.4297,0.8794
1320-122617-0027,2300,0,0.1115,0.8798
1320-122617-0027,260,0,0.1562,0.8282
1320-122617-0027,2830,0,-0.0432,0.6983
1320-122617-0027,4077,0,0.1071,0.8318
1320-122617-0027,5105,0,0.243,0.8856
1320-122617-0027,5639,0,0.0837,0.68
1320-122617-0027,61,0,0.1158,0.8015
1320-122617-0027,672,0,0.1874,0.805
1320-122617-0027,6930,0,0.2133,0.7562
1320-122617-0027,7021,0,0.138,0.8929
1320-122617-0027,7127,0,0.0651,0.8062
1320-122617-0027,7176,0,0.0785,0.7846
1320-122617-0027,7729,0,0.1159,0.8381
1320-122617-0027,8224,0,-0.0236,0.6835
1320-122617-0027,8230,0,0.0104,0.6801
1320-122617-0027,8455,0,0.061,0.8415
1320-122617-0027,908,0,0.2061,0.8348
1320-122617-0032,1089,0,-0.0323,0.7917
1320-122617-0032,1188,0,0.0091,0.8127
1320-122617-0032,1320,1,0.4037,0.8539
1320-122617-0032,2300,0,0.0716,0.7726
1320-122617-0032,260,0,0.1411,0.8898
1320-122617-0032,2830,0,0.0024,0.7544
1320-122617-0032,4077,0,0.1123,0.865
1320-122617-0032,5105,0,0.2757,0.8906
1320-122617-0032,5639,0,0.0066,0.7955
1320-122617-0032,61,0,0.147,0.8869
1320-122617-0032,672,0,0.0851,0.8503
1320-122617-0032,6930,0,0.2533,0.7844
1320-122617-0032,7021,0,0.1001,0.8645
1320-122617-0032,7127,0,-0.015,0.7927
1320-122617-0032,7176,0,0.1048,0.8712
1320-122617-0032,7729,0,0.0675,0.8957
1320-122617-0032,8224,0,0.056,0.7145
1320-122617-0032,8230,0,-0.0674,0.7544
1320-122617-0032,8455,0,0.0475,0.7996
1320-122617-0032,908,0,0.2474,0.902
1320-122617-0037,1089,0,0.0053,0.7363
1320-122617-0037,1188,0,-0.0119,0.7429
1320-122617-0037,1320,1,0.3896,0.8195
1320-122617-0037,2300,0,0.0146,0.8076
1320-122617-0037,260,0,0.1591,0.8397
1320-122617-0037,2830,0,-0.0213,0.6779
1320-122617-0037,4077,0,0.133,0.8432
1320-122617-0037,5105,0,0.3023,0.8505
1320-122617-0037,5639,0,0.0362,0.7002
1320-122617-0037,61,0,0.1521,0.8552
1320-122617-0037,672,0,0.1823,0.7951
1320-122617-0037,6930,0,0.2877,0.7604
1320-122617-0037,7021,0,0.1354,0.8479
1320-122617-0037,7127,0,0.0176,0.7518
1320-122617-0037,7176,0,0.1452,0.8382
1320-122617-0037,7729,0,0.0636,0.8495
1320-122617-0037,8224,0,0.0766,0.6625
1320-122617-0037,8230,0,-0.0123,0.6811
1320-122617-0037,8455,0,0.1014,0.7892
1320-122617-0037,908,0,0.2941,0.8627
1320-122617-0041,1089,0,-0.1257,0.7905
1320-122617-0041,1188,0,0.0428,0.8082
1320-122617-0041,1320,1,0.3752,0.8894
1320-122617-0041,2300,0,0.04,0.8438
1320-122617-0041,260,0,0.106,0.868
1320-122617-0041,2830,0,-0.0798,0.7184
1320-122617-0041,4077,0,0.0668,0.8529
1320-122617-0041,5105,0,0.1982,0.8989
1320-122617-0041,5639,0,-0.0682,0.7466
1320-122617-0041,61,0,0.1148,0.8218
1320-122617-0041,672,0,0.1077,0.8535
1320-122617-0041,6930,0,0.2005,0.8024
1320-122617-0041,7021,0,0.0627,0.8874
1320-122617-0041,7127,0,-0.0244,0.8006
1320-122617-0041,7176,0,-0.0096,0.8019
1320-122617-0041,7729,0,0.0247,0.8507
1320-122617-0041,8224,0,-0.0207,0.7424
1320-122617-0041,8230,0,-0.0908,0.7063
1320-122617-0041,8455,0,0.021,0.8634
1320-122617-0041,908,0,0.2499,0.8683
1580-141083-0006,121,0,-0.0264,0.7267
1580-141083-0006,1221,0,0.0592,0.8825
1580-141083-0006,1284,0,0.1478,0.835
1580-141083-0006,1580,1,0.1915,0.8683
1580-141083-0006,1995,0,-0.1273,0.7516
1580-141083-0006,2094,0,0.1022,0.8538
1580-141083-0006,237,0,0.0576,0.8728
1580-141083-0006,2961,0,0.0277,0.6222
1580-141083-0006,3570,0,0.1089,0.7315
1580-141083-0006,3575,0,0.1093,0.8323
1580-141083-0006,3729,0,-0.1357,0.8035
1580-141083-0006,4446,0,0.1266,0.8556
1580-141083-0006,4507,0,-0.0552,0.8292
1580-141083-0006,4970,0,0.1204,0.8684
1580-141083-0006,4992,0,-0.0386,0.832
1580-141083-0006,5142,0,0.0379,0.7972
1580-141083-0006,5683,0,0.0666,0.8708
1580-141083-0006,6829,0,0.2251,0.8684
1580-141083-0006,8463,0,0.0768,0.7946
1580-141083-0006,8555,0,0.1098,0.8134
1580-141083-0007,121,0,-0.0088,0.8008
1580-141083-0007,1221,0,0.0325,0.9056
1580-141083-0007,1284,0,0.1021,0.8514
1580-141083-0007,1580,1,0.167,0.8803
1580-141083-0007,1995,0,-0.142,0.8406
1580-141083-0007,2094,0,0.1308,0.8865
1580-141083-0007,237,0,0.0698,0.937
1580-141083-0007,2961,0,0.0445,0.6923
1580-141083-0007,3570,0,0.0781,0.7759
1580-141083-0007,3575,0,0.1357,0.7934
1580-141083-0007,3729,0,-0.1211,0.8567
1580-141083-0007,4446,0,0.1597,0.8957
1580-141083-0007,4507,0,-0.1058,0.8361
1580-141083-0007,4970,0,0.0809,0.8136
1580-141083-0007,4992,0,-0.0718,0.9049
1580-141083-0007,5142,0,-0.0143,0.833
1580-141083-0007,5683,0,0.0226,0.8707
1580-141083-0007,6829,0,0.1759,0.8615
1580-141083-0007,8463,0,0.0663,0.8718
1580-141083-0007,8555,0,0.0998,0.8434
1580-141083-0010,121,0,-0.0604,0.743
1580-141083-0010,1221,0,0.023,0.9019
1580-141083-0010,1284,0,0.1046,0.8452
1580-141083-0010,1580,1,0.1701,0.8534
1580-141083-0010,1995,0,-0.1475,0.8026
1580-141083-0010,2094,0,-0.0084,0.8676
1580-141083-0010,237,0,0.0733,0.9059
1580-141083-0010,2961,0,0.0133,0.6286
1580-141083-0010,3570,0,0.0383,0.7222
1580-141083-0010,3575,0,0.0326,0.7722
1580-141083-0010,3729,0,-0.1568,0.8246
1580-141083-0010,4446,0,0.1548,0.8845
1580-141083-0010,4507,0,-0.1065,0.8163
1580-141083-0010,4970,0,0.1537,0.831
1580-141083-0010,4992,0,-0.0095,0.8814
1580-141083-0010,5142,0,0.0066,0.8361
1580-141083-0010,5683,0,-0.0218,0.8423
1580-141083-0010,6829,0,0.1721,0.8645
1580-141083-0010,8463,0,0.0922,0.8519
1580-141083-0010,8555,0,0.1187,0.8244
1580-141083-0016,121,0,0.0433,0.789
1580-141083-0016,1221,0,0.0598,0.8722
1580-141083-0016,1284,0,0.1979,0.8708
1580-141083-0016,1580,1,0.1376,0.8858
1580-141083-0016,1995,0,0.0509,0.8113
1580-141083-0016,2094,0,0.0983,0.8847
1580-141083-0016,237,0,0.1819,0.9097
1580-141083-0016,2961,0,0.119,0.6855
1580-141083-0016,3570,0,0.1131,0.7552
1580-141083-0016,3575,0,0.2197,0.7633
1580-141083-0016,3729,0,-0.2191,0.8352
1580-141083-0016,4446,0,0.1392,0.8909
1580-141083-0016,4507,0,-0.1488,0.7918
1580-141083-0016,4970,0,0.1629,0.7598
1580-141083-0016,4992,0,-0.0479,0.8686
1580-141083-0016,5142,0,0.0506,0.76
1580-141083-0016,5683,0,0.203,0.8335
1580-141083-0016,6829,0,0.1623,0.8258
1580-141083-0016,8463,0,0.089,0.8389
1580-141083-0016,8555,0,0.1902,0.7545
1580-141083-0027,121,0,-0.133,0.803
1580-141083-0027,1221,0,0.0664,0.8344
1580-141083-0027,1284,0,0.1104,0.7854
1580-141083-0027,1580,1,0.2725,0.8554
1580-141083-0027,1995,0,-0.0935,0.7998
1580-141083-0027,2094,0,0.1171,0.8595
1580-141083-0027,237,0,0.1243,0.8783
1580-141083-0027,2961,0,0.0137,0.736
1580-141083-0027,3570,0,0.0415,0.8288
1580-141083-0027,3575,0,0.1112,0.8712
1580-141083-0027,3729,0,-0.1,0.8094
1580-141083-0027,4446,0,0.1207,0.8044
1580-141083-0027,4507,0,-0.106,0.8297
1580-141083-0027,4970,0,0.2065,0.8141
1580-141083-0027,4992,0,0.0332,0.8258
1580-141083-0027,5142,0,-0.0709,0.7313
1580-141083-0027,5683,0,-0.0401,0.8467
1580-141083-0027,6829,0,0.1484,0.8338
1580-141083-0027,8463,0,0.1321,0.7915
1580-141083-0027,8555,0,0.0836,0.7951
1580-141083-0044,121,0,0.0328,0.7978
1580-141083-0044,1221,0,0.0655,0.9239
1580-141083-0044,1284,0,0.1256,0.8762
1580-141083-0044,1580,1,0.1208,0.8983
1580-141083-0044,1995,0,-0.0357,0.8404
1580-141083-0044,2094,0,0.1553,0.8945
1580-141083-0044,237,0,0.0848,0.9357
1580-141083-0044,2961,0,0.0634,0.6938
1580-141083-0044,3570,0,0.0695,0.7746
1580-141083-0044,3575,0,0.0816,0.7683
1580-141083-0044,3729,0,-0.0856,0.8629
1580-141083-0044,4446,0,0.1144,0.9163
1580-141083-0044,4507,0,-0.033,0.8518
1580-141083-0044,4970,0,0.1701,0.7971
1580-141083-0044,4992,0,-0.0705,0.9035
1580-141083-0044,5142,0,0.0738,0.8284
1580-141083-0044,5683,0,0.1083,0.8647
1580-141083-0044,6829,0,0.2284,0.8748
1580-141083-0044,8463,0,0.0882,0.8546
1580-141083-0044,8555,0,0.1049,0.8238
1580-141084-0002,121,0,-0.0039,0.803
1580-141084-0002,1221,0,0.0413,0.8834
1580-141084-0002,1284,0,0.1148,0.8223
1580-141084-0002,1580,1,0.2279,0.8854
1580-141084-0002,1995,0,-0.0482,0.769
1580-141084-0002,2094,0,0.1406,0.8651
1580-141084-0002,237,0,0.159,0.8835
1580-141084-0002,2961,0,0.0881,0.7171
1580-141084-0002,3570,0,0.1261,0.827
1580-141084-0002,3575,0,0.1685,0.8394
1580-141084-0002,3729,0,-0.0252,0.8515
1580-141084-0002,4446,0,0.0723,0.858
1580-141084-0002,4507,0,-0.0042,0.8654
1580-141084-0002,4970,0,0.1119,0.8265
1580-141084-0002,4992,0,-0.0758,0.8456
1580-141084-0002,5142,0,0.046,0.7677
1580-141084-0002,5683,0,0.062,0.8748
1580-141084-0002,6829,0,0.1524,0.8578
1580-141084-0002,8463,0,0.1022,0.7958
1580-141084-0002,8555,0,0.0771,0.8067
1580-141084-0009,121,0,-0.0656,0.7592
1580-141084-0009,1221,0,-0.0149,0.8739
1580-141084-0009,1284,0,0.1136,0.8177
1580-141084-0009,1580,1,0.2485,0.8924
1580-141084-0009,1995,0,-0.0904,0.7401
1580-141084-0009,2094,0,0.0656,0.8452
1580-141084-0009,237,0,0.0571,0.868
1580-141084-0009,2961,0,-0.003,0.6255
1580-141084-0009,3570,0,0.0485,0.7498
1580-141084-0009,3575,0,0.1179,0.8641
1580-141084-0009,3729,0,-0.1519,0.8074
1580-141084-0009,4446,0,0.0569,0.8451
1580-141084-0009,4507,0,-0.1161,0.8403
1580-141084-0009,4970,0,0.1396,0.8632
1580-141084-0009,4992,0,-0.0635,0.8242
1580-141084-0009,5142,0,-0.0324,0.7676
1580-141084-0009,5683,0,0.034,0.8829
1580-141084-0009,6829,0,0.1537,0.8381
1580-141084-0009,8463,0,0.0694,0.7822
1580-141084-0009,8555,0,0.0413,0.8149
1580-141084-0010,121,0,0.0386,0.8793
1580-141084-0010,1221,0,-0.013,0.8916
1580-141084-0010,1284,0,0.0269,0.8672
1580-141084-0010,1580,1,0.1064,0.9194
1580-141084-0010,1995,0,-0.003,0.8583
1580-141084-0010,2094,0,0.0616,0.9375
1580-141084-0010,237,0,0.1435,0.9216
1580-141084-0010,2961,0,0.0492,0.8065
1580-141084-0010,3570,0,0.1573,0.8419
1580-141084-0010,3575,0,0.0978,0.8059
1580-141084-0010,3729,0,-0.1257,0.8942
1580-141084-0010,4446,0,0.053,0.8995
1580-141084-0010,4507,0,-0.0814,0.8948
1580-141084-0010,4970,0,0.1003,0.7652
1580-141084-0010,4992,0,-0.0678,0.8975
1580-141084-0010,5142,0,0.0194,0.789
1580-141084-0010,5683,0,-0.0119,0.862
1580-141084-0010,6829,0,0.221,0.8869
1580-141084-0010,8463,0,0.113,0.862
1580-141084-0010,8555,0,0.0308,0.7864
1580-141084-0042,121,0,0.0382,0.7969
1580-141084-0042,1221,0,0.0299,0.8766
1580-141084-0042,1284,0,0.1205,0.8253
1580-141084-0042,1580,1,0.2352,0.8931
1580-141084-0042,1995,0,-0.1342,0.7394
1580-141084-0042,2094,0,0.0687,0.8418
1580-141084-0042,237,0,0.0448,0.8749
1580-141084-0042,2961,0,0.0352,0.6802
1580-141084-0042,3570,0,0.1112,0.7941
1580-141084-0042,3575,0,0.134,0.8388
1580-141084-0042,3729,0,-0.1066,0.8565
1580-141084-0042,4446,0,0.1338,0.8689
1580-141084-0042,4507,0,-0.0924,0.8639
1580-141084-0042,4970,0,0.0818,0.8384
1580-141084-0042,4992,0,-0.017,0.8314
1580-141084-0042,5142,0,-0.0105,0.7627
1580-141084-0042,5683,0,-0.0372,0.8848
1580-141084-0042,6829,0,0.1589,0.8439
1580-141084-0042,8463,0,0.0452,0.7873
1580-141084-0042,8555,0,0.1191,0.7985
1995-1826-0002,121,0,-0.0268,0.8106
1995-1826-0002,1221,0,-0.1383,0.8306
1995-1826-0002,1284,0,0.1391,0.8499
1995-1826-0002,1580,0,-0.1225,0.7914
1995-1826-0002,1995,1,0.1881,0.9119
1995-1826-0002,2094,0,0.2104,0.9157
1995-1826-0002,237,0,0.1541,0.843
1995-1826-0002,2961,0,0.0126,0.7242
1995-1826-0002,3570,0,-0.0103,0.6793
1995-1826-0002,3575,0,0.1364,0.6294
1995-1826-0002,3729,0,-0.1099,0.8343
1995-1826-0002,4446,0,-0.0264,0.8705
1995-1826-0002,4507,0,-0.1108,0.7686
1995-1826-0002,4970,0,0.0616,0.6354
1995-1826-0002,4992,0,-0.0652,0.9078
1995-1826-0002,5142,0,0.058,0.799
1995-1826-0002,5683,0,0.0382,0.7205
1995-1826-0002,6829,0,0.1418,0.8268
1995-1826-0002,8463,0,0.0875,0.8938
1995-1826-0002,8555,0,-0.004,0.7063
1995-1826-0009,121,0,-0.059,0.82
1995-1826-0009,1221,0,-0.0487,0.8457
1995-1826-0009,1284,0,0.0939,0.8439
1995-1826-0009,1580,0,-0.0875,0.79
1995-1826-0009,1995,1,0.1743,0.9258
1995-1826-0009,2094,0,0.2191,0.9057
1995-1826-0009,237,0,0.132,0.8697
1995-1826-0009,2961,0,0.0175,0.7417
1995-1826-0009,3570,0,-0.0632,0.7032
1995-1826-0009,3575,0,0.042,0.6408
1995-1826-0009,3729,0,-0.0381,0.8469
1995-1826-0009,4446,0,-0.0156,0.8719
1995-1826-0009,4507,0,-0.076,0.7869
1995-1826-0009,4970,0,0.0695,0.666
1995-1826-0009,4992,0,-0.0534,0.9184
1995-1826-0009,5142,0,0.128,0.8374
1995-1826-0009,5683,0,0.0665,0.7547
1995-1826-0009,6829,0,0.1457,0.837
1995-1826-0009,8463,0,0.079,0.9064
1995-1826-0009,8555,0,0.0762,0.7539
1995-1826-0018,121,0,-0.0284,0.7697
1995-1826-0018,1221,0,-0.115,0.8719
1995-1826-0018,1284,0,0.1302,0.8415
1995-1826-0018,1580,0,-0.0761,0.7707
1995-1826-0018,1995,1,0.1937,0.9182
1995-1826-0018,2094,0,0.2776,0.8869
1995-1826-0018,237,0,0.1488,0.8661
1995-1826-0018,2961,0,-0.1168,0.6834
1995-1826-0018,3570,0,-0.0216,0.6629
1995-1826-0018,3575,0,0.0559,0.6436
1995-1826-0018,3729,0,0.0179,0.8343
1995-1826-0018,4446,0,-0.0346,0.8748
1995-1826-0018,4507,0,-0.0453,0.7806
1995-1826-0018,4970,0,0.0509,0.7191
1995-1826-0018,4992,0,-0.0946,0.93
1995-1826-0018,5142,0,0.0582,0.8871
1995-1826-0018,5683,0,0.024,0.7615
1995-1826-0018,6829,0,0.201,0.852
1995-1826-0018,8463,0,0.0185,0.9173
1995-1826-0018,8555,0,0.0762,0.8059
1995-1826-0021,121,0,0.0258,0.8336
1995-1826-0021,1221,0,-0.1182,0.8495
1995-1826-0021,1284,0,0.0807,0.8408
1995-1826-0021,1580,0,-0.0675,0.7818
1995-1826-0021,1995,1,0.2137,0.9455
1995-1826-0021,2094,0,0.2055,0.9064
1995-1826-0021,237,0,0.1306,0.8605
1995-1826-0021,2961,0,-0.0155,0.7518
1995-1826-0021,3570,0,-0.0131,0.7043
1995-1826-0021,3575,0,0.0706,0.6517
1995-1826-0021,3729,0,-0.0545,0.8529
1995-1826-0021,4446,0,-0.0256,0.8727
1995-1826-0021,4507,0,-0.0594,0.7815
1995-1826-0021,4970,0,0.0564,0.6732
1995-1826-0021,4992,0,-0.0548,0.932
1995-1826-0021,5142,0,0.0787,0.8412
1995-1826-0021,5683,0,0.0561,0.747
1995-1826-0021,6829,0,0.1684,0.825
1995-1826-0021,8463,0,0.1589,0.935
1995-1826-0021,8555,0,0.0624,0.769
1995-1826-0023,121,0,-0.0731,0.7942
1995-1826-0023,1221,0,-0.0724,0.7102
1995-1826-0023,1284,0,0.118,0.733
1995-1826-0023,1580,0,-0.0891,0.6744
1995-1826-0023,1995,1,0.197,0.9011
1995-1826-0023,2094,0,0.179,0.7902
1995-1826-0023,237,0,0.0347,0.7383
1995-1826-0023,2961,0,0.0573,0.8252
1995-1826-0023,3570,0,-0.1109,0.6999
1995-1826-0023,3575,0,0.0216,0.5975
1995-1826-0023,3729,0,-0.0866,0.7525
1995-1826-0023,4446,0,0.0106,0.7231
1995-1826-0023,4507,0,-0.1039,0.7001
1995-1826-0023,4970,0,0.0046,0.575
1995-1826-0023,4992,0,-0.0003,0.808
1995-1826-0023,5142,0,0.0873,0.7111
1995-1826-0023,5683,0,-0.0475,0.6452
1995-1826-0023,6829,0,0.1167,0.7323
1995-1826-0023,8463,0,0.0974,0.8243
1995-1826-0023,8555,0,-0.0366,0.6594
1995-1836-0005,121,0,-0.0736,0.8476
1995-1836-0005,1221,0,-0.0895,0.8675
1995-1836-0005,1284,0,0.1045,0.8449
1995-1836-0005,1580,0,-0.0683,0.7989
1995-1836-0005,1995,1,0.2234,0.9372
1995-1836-0005,2094,0,0.2404,0.9256
1995-1836-0005,237,0,0.0769,0.8882
1995-1836-0005,2961,0,-0.0117,0.768
1995-1836-0005,3570,0,-0.0064,0.7444
1995-1836-0005,3575,0,-0.0231,0.6914
1995-1836-0005,3729,0,-0.0008,0.8816
1995-1836-0005,4446,0,-0.0187,0.8835
1995-1836-0005,4507,0,-0.0619,0.8127
1995-1836-0005,4970,0,-0.0168,0.6993
1995-1836-0005,4992,0,0.0028,0.9395
1995-1836-0005,5142,0,0.0446,0.8359
1995-1836-0005,5683,0,-0.0593,0.773
1995-1836-0005,6829,0,0.1531,0.8622
1995-1836-0005,8463,0,0.0172,0.9239
1995-1836-0005,8555,0,0.0233,0.7711
1995-1837-0001,121,0,-0.1489,0.8541
1995-1837-0001,1221,0,-0.0921,0.8676
1995-1837-0001,1284,0,0.1204,0.8492
1995-1837-0001,1580,0,-0.0648,0.8004
1995-1837-0001,1995,1,0.2544,0.9214
1995-1837-0001,2094,0,0.2973,0.9169
1995-1837-0001,237,0,0.0893,0.8734
1995-1837-0001,2961,0,-0.0643,0.8002
1995-1837-0001,3570,0,-0.097,0.7743
1995-1837-0001,3575,0,-0.0272,0.6821
1995-1837-0001,3729,0,-0.0203,0.8889
1995-1837-0001,4446,0,-0.0556,0.8793
1995-1837-0001,4507,0,-0.0831,0.8374
1995-1837-0001,4970,0,-0.0032,0.6843
1995-1837-0001,4992,0,-0.0251,0.9232
1995-1837-0001,5142,0,0.0458,0.8256
1995-1837-0001,5683,0,-0.0168,0.7741
1995-1837-0001,6829,0,0.181,0.8789
1995-1837-0001,8463,0,-0.0342,0.8915
1995-1837-0001,8555,0,0.0122,0.7561
1995-1837-0014,121,0,-0.0182,0.8338
1995-1837-0014,1221,0,-0.0371,0.8754
1995-1837-0014,1284,0,0.19,0.8566
1995-1837-0014,1580,0,-0.0222,0.8217
1995-1837-0014,1995,1,0.3098,0.9372
1995-1837-0014,2094,0,0.3101,0.9285
1995-1837-0014,237,0,0.1177,0.8915
1995-1837-0014,2961,0,0.0098,0.7494
1995-1837-0014,3570,0,-0.0153,0.7305
1995-1837-0014,3575,0,0.0135,0.7044
1995-1837-0014,3729,0,0.0035,0.8718
1995-1837-0014,4446,0,0.046,0.8875
1995-1837-0014,4507,0,-0.0371,0.8191
1995-1837-0014,4970,0,-0.0041,0.7208
1995-1837-0014,4992,0,0.0361,0.9415
1995-1837-0014,5142,0,0.0582,0.8552
1995-1837-0014,5683,0,0.0129,0.798
1995-1837-0014,6829,0,0.1967,0.8746
1995-1837-0014,8463,0,0.0518,0.9223
1995-1837-0014,8555,0,0.0226,0.7949
1995-1837-0018,121,0,0.0052,0.8576
1995-1837-0018,1221,0,0.0019,0.8805
1995-1837-0018,1284,0,0.1358,0.8513
1995-1837-0018,1580,0,-0.0186,0.8189
1995-1837-0018,1995,1,0.2433,0.9326
1995-1837-0018,2094,0,0.214,0.9245
1995-1837-0018,237,0,0.1929,0.8771
1995-1837-0018,2961,0,-0.009,0.778
1995-1837-0018,3570,0,-0.0444,0.737
1995-1837-0018,3575,0,0.0388,0.672
1995-1837-0018,3729,0,0.0553,0.8871
1995-1837-0018,4446,0,-0.044,0.8956
1995-1837-0018,4507,0,-0.0399,0.8272
1995-1837-0018,4970,0,-0.0124,0.6877
1995-1837-0018,4992,0,0.0371,0.9528
1995-1837-0018,5142,0,0.0473,0.8511
1995-1837-0018,5683,0,0.0353,0.7746
1995-1837-0018,6829,0,0.2378,0.8731
1995-1837-0018,8463,0,0.0853,0.9437
1995-1837-0018,8555,0,0.0308,0.772
1995-1837-0026,121,0,-0.015,0.8178
1995-1837-0026,1221,0,-0.0729,0.8494
1995-1837-0026,1284,0,0.1442,0.8433
1995-1837-0026,1580,0,-0.0839,0.7907
1995-1837-0026,1995,1,0.2525,0.9248
1995-1837-0026,2094,0,0.2674,0.905
1995-1837-0026,237,0,0.0862,0.8663
1995-1837-0026,2961,0,-0.0545,0.7542
1995-1837-0026,3570,0,-0.0724,0.7199
1995-1837-0026,3575,0,0.0946,0.6852
1995-1837-0026,3729,0,0.0201,0.8492
1995-1837-0026,4446,0,-0.072,0.8624
1995-1837-0026,4507,0,-0.107,0.7921
1995-1837-0026,4970,0,0.0091,0.7075
1995-1837-0026,4992,0,-0.0801,0.9199
1995-1837-0026,5142,0,-0.0089,0.8342
1995-1837-0026,5683,0,0.0623,0.7676
1995-1837-0026,6829,0,0.1864,0.855
1995-1837-0026,8463,0,0.0108,0.9107
1995-1837-0026,8555,0,-0.0246,0.7661
2094-142345-0001,121,0,-0.0952,0.8279
2094-142345-0001,1221,0,0.0448,0.8847
2094-142345-0001,1284,0,0.2169,0.8623
2094-142345-0001,1580,0,0.0551,0.847
2094-142345-0001,1995,0,0.0521,0.8684
2094-142345-0001,2094,1,0.4201,0.9543
2094-142345-0001,237,0,0.0194,0.87
2094-142345-0001,2961,0,0.0396,0.7495
2094-142345-0001,3570,0,-0.0083,0.7488
2094-142345-0001,3575,0,0.0653,0.7772
2094-142345-0001,3729,0,-0.0553,0.8765
2094-142345-0001,4446,0,0.1728,0.8882
2094-142345-0001,4507,0,-0.0733,0.839
2094-142345-0001,4970,0,0.0752,0.7706
2094-142345-0001,4992,0,0.0139,0.9159
2094-142345-0001,5142,0,0.0432,0.8251
2094-142345-0001,5683,0,0.0361,0.8267
2094-142345-0001,6829,0,0.229,0.9156
2094-142345-0001,8463,0,0.1682,0.8968
2094-142345-0001,8555,0,-0.0011,0.7684
2094-142345-0013,121,0,-0.0386,0.8307
2094-142345-0013,1221,0,0.0523,0.8758
2094-142345-0013,1284,0,0.1823,0.8458
2094-142345-0013,1580,0,0.0022,0.8307
2094-142345-0013,1995,0,0.0518,0.8484
2094-142345-0013,2094,1,0.4273,0.9453
2094-142345-0013,237,0,0.059,0.8615
2094-142345-0013,2961,0,-0.0159,0.7545
2094-142345-0013,3570,0,-0.0139,0.7595
2094-142345-0013,3575,0,0.1136,0.7766
2094-142345-0013,3729,0,-0.0219,0.8787
2094-142345-0013,4446,0,0.1121,0.8764
2094-142345-0013,4507,0,-0.1109,0.8457
2094-142345-0013,4970,0,0.0799,0.7704
2094-142345-0013,4992,0,-0.0083,0.9008
2094-142345-0013,5142,0,0.0272,0.8082
2094-142345-0013,5683,0,-0.0016,0.812
2094-142345-0013,6829,0,0.2879,0.9194
2094-142345-0013,8463,0,0.1244,0.8888
2094-142345-0013,8555,0,0.0266,0.745
2094-142345-0021,121,0,-0.081,0.7567
2094-142345-0021,1221,0,0.0485,0.8648
2094-142345-0021,1284,0,0.2108,0.8605
2094-142345-0021,1580,0,0.0639,0.7985
2094-142345-0021,1995,0,0.176,0.8153
2094-142345-0021,2094,1,0.4513,0.9328
2094-142345-0021,237,0,0.1899,0.83
2094-142345-0021,2961,0,0.0592,0.6607
2094-142345-0021,3570,0,0.0448,0.6601
2094-142345-0021,3575,0,0.1235,0.715
2094-142345-0021,3729,0,-0.0572,0.8374
2094-142345-0021,4446,0,0.076,0.88
2094-142345-0021,4507,0,-0.1656,0.7914
2094-142345-0021,4970,0,0.187,0.7584
2094-142345-0021,4992,0,0.0166,0.881
2094-142345-0021,5142,0,0.0413,0.8189
2094-142345-0021,5683,0,0.082,0.7798
2094-142345-0021,6829,0,0.2626,0.895
2094-142345-0021,8463,0,0.1799,0.8656
2094-142345-0021,8555,0,0.014,0.7201
2094-142345-0024,121,0,0.0934,0.8486
2094-142345-0024,1221,0,0.0762,0.8277
2094-142345-0024,1284,0,0.1975,0.8267
2094-142345-0024,1580,0,0.0377,0.8311
2094-142345-0024,1995,0,0.0601,0.8697
2094-142345-0024,2094,1,0.3383,0.9022
2094-142345-0024,237,0,0.1636,0.8318
2094-142345-0024,2961,0,0.0571,0.8125
2094-142345-0024,3570,0,0.0953,0.7859
2094-142345-0024,3575,0,0.1753,0.7066
2094-142345-0024,3729,0,0.0682,0.8524
2094-142345-0024,4446,0,0.1378,0.8456
2094-142345-0024,4507,0,0.0244,0.8187
2094-142345-0024,4970,0,0.0237,0.6574
2094-142345-0024,4992,0,0.0794,0.8771
2094-142345-0024,5142,0,0.0302,0.743
2094-142345-0024,5683,0,0.0927,0.7628
2094-142345-0024,6829,0,0.22,0.8443
2094-142345-0024,8463,0,0.1612,0.8519
2094-142345-0024,8555,0,0.0516,0.7079
2094-142345-0028,121,0,0.0142,0.7219
2094-142345-0028,1221,0,0.1326,0.9073
2094-142345-0028,1284,0,0.1775,0.8256
2094-142345-0028,1580,0,0.0083,0.7905
2094-142345-0028,1995,0,0.1283,0.7821
2094-142345-0028,2094,1,0.4267,0.9062
2094-142345-0028,237,0,0.1524,0.8336
2094-142345-0028,2961,0,-0.039,0.5868
2094-142345-0028,3570,0,0.0628,0.6258
2094-142345-0028,3575,0,0.2238,0.7007
2094-142345-0028,3729,0,-0.0279,0.855
2094-142345-0028,4446,0,0.0369,0.893
2094-142345-0028,4507,0,-0.1404,0.8199
2094-142345-0028,4970,0,0.0092,0.8019
2094-142345-0028,4992,0,0.0469,0.9113
2094-142345-0028,5142,0,0.0365,0.8994
2094-142345-0028,5683,0,0.096,0.8074
2094-142345-0028,6829,0,0.3063,0.9228
2094-142345-0028,8463,0,0.0324,0.8828
2094-142345-0028,8555,0,0.0674,0.7964
2094-142345-0034,121,0,-0.0624,0.7955
2094-142345-0034,1221,0,0.071,0.8879
2094-142345-0034,1284,0,0.1874,0.863
2094-142345-0034,1580,0,0.0311,0.8313
2094-142345-0034,1995,0,0.0429,0.8541
2094-142345-0034,2094,1,0.5044,0.953
2094-142345-0034,237,0,0.091,0.855
2094-142345-0034,2961,0,-0.0828,0.6937
2094-142345-0034,3570,0,-0.0022,0.6889
2094-142345-0034,3575,0,0.0749,0.7327
2094-142345-0034,3729,0,-0.0724,0.8668
2094-142345-0034,4446,0,0.0913,0.894
2094-142345-0034,4507,0,-0.0901,0.8252
2094-142345-0034,4970,0,0.0555,0.7569
2094-142345-0034,4992,0,0.01,0.9208
2094-142345-0034,5142,0,0.0886,0.845
2094-142345-0034,5683,0,0.0512,0.8071
2094-142345-0034,6829,0,0.2514,0.9205
2094-142345-0034,8463,0,0.0921,0.8963
2094-142345-0034,8555,0,0.0438,0.7535
2094-142345-0036,121,0,-0.0743,0.7944
2094-142345-0036,1221,0,0.0504,0.9002
2094-142345-0036,1284,0,0.1766,0.8333
2094-142345-0036,1580,0,0.0239,0.7984
2094-142345-0036,1995,0,0.0412,0.8511
2094-142345-0036,2094,1,0.5387,0.934
2094-142345-0036,237,0,0.1216,0.8575
2094-142345-0036,2961,0,-0.0205,0.7002
2094-142345-0036,3570,0,0.0299,0.7026
2094-142345-0036,3575,0,0.122,0.7128
2094-142345-0036,3729,0,-0.019,0.8803
2094-142345-0036,4446,0,0.0281,0.8891
2094-142345-0036,4507,0,-0.0873,0.8353
2094-142345-0036,4970,0,0.0156,0.7601
2094-142345-0036,4992,0,0.0286,0.9344
2094-142345-0036,5142,0,0.0994,0.874
2094-142345-0036,5683,0,0.0131,0.7917
2094-142345-0036,6829,0,0.3206,0.9286
2094-142345-0036,8463,0,0.0855,0.9151
2094-142345-0036,8555,0,0.0718,0.7772
2094-142345-0037,121,0,-0.0615,0.7889
2094-142345-0037,1221,0,0.0123,0.9046
2094-142345-0037,1284,0,0.2584,0.8847
2094-142345-0037,1580,0,0.0142,0.8569
2094-142345-0037,1995,0,0.0946,0.8575
2094-142345-0037,2094,1,0.478,0.9619
2094-142345-0037,237,0,0.1176,0.8731
2094-142345-0037,2961,0,-0.0565,0.6662
2094-142345-0037,3570,0,-0.0094,0.6845
2094-142345-0037,3575,0,0.1157,0.7392
2094-142345-0037,3729,0,-0.1142,0.8729
2094-142345-0037,4446,0,0.0459,0.9161
2094-142345-0037,4507,0,-0.1208,0.836
2094-142345-0037,4970,0,0.1404,0.7698
2094-142345-0037,4992,0,-0.0306,0.9305
2094-142345-0037,5142,0,0.0397,0.8635
2094-142345-0037,5683,0,0.0481,0.83
2094-142345-0037,6829,0,0.3006,0.9188
2094-142345-0037,8463,0,0.0884,0.8909
2094-142345-0037,8555,0,0.0097,0.7851
2094-142345-0049,121,0,-0.0287,0.8281
2094-142345-0049,1221,0,0.0284,0.8545
2094-142345-0049,1284,0,0.2135,0.8216
2094-142345-0049,1580,0,0.017,0.8137
2094-142345-0049,1995,0,0.0602,0.834
2094-142345-0049,2094,1,0.494,0.9475
2094-142345-0049,237,0,0.1129,0.8444
2094-142345-0049,2961,0,-0.0387,0.7539
2094-142345-0049,3570,0,0.0132,0.7622
2094-142345-0049,3575,0,0.1062,0.7776
2094-142345-0049,3729,0,-0.0826,0.8677
2094-142345-0049,4446,0,0.0555,0.8511
2094-142345-0049,4507,0,-0.1167,0.8364
2094-142345-0049,4970,0,0.1075,0.7337
2094-142345-0049,4992,0,-0.027,0.8755
2094-142345-0049,5142,0,0.0427,0.7604
2094-142345-0049,5683,0,0.0233,0.7938
2094-142345-0049,6829,0,0.3136,0.9083
2094-142345-0049,8463,0,0.0182,0.8466
2094-142345-0049,8555,0,0.0447,0.7074
2094-142345-0052,121,0,-0.1016,0.8319
2094-142345-0052,1221,0,0.1081,0.8354
2094-142345-0052,1284,0,0.2567,0.8258
2094-142345-0052,1580,0,0.0765,0.8251
2094-142345-0052,1995,0,0.0652,0.8527
2094-142345-0052,2094,1,0.5265,0.9491
2094-142345-0052,237,0,0.1134,0.841
2094-142345-0052,2961,0,-0.023,0.7726
2094-142345-0052,3570,0,0.0116,0.7638
2094-142345-0052,3575,0,0.0595,0.7864
2094-142345-0052,3729,0,-0.0869,0.8477
2094-142345-0052,4446,0,0.1205,0.8365
2094-142345-0052,4507,0,-0.0969,0.8205
2094-142345-0052,4970,0,0.0814,0.7163
2094-142345-0052,4992,0,-0.0058,0.8668
2094-142345-0052,5142,0,0.0312,0.7411
2094-142345-0052,5683,0,0.0417,0.7956
2094-142345-0052,6829,0,0.2739,0.8849
2094-142345-0052,8463,0,0.0342,0.8371
2094-142345-0052,8555,0,0.0383,0.7057
2300-131720-0001,1089,0,0.038,0.7381
2300-131720-0001,1188,0,0.0039,0.7049
2300-131720-0001,1320,0,0.1344,0.8082
2300-131720-0001,2300,1,0.4569,0.9305
2300-131720-0001,260,0,-0.0511,0.7518
2300-131720-0001,2830,0,-0.0545,0.6025
2300-131720-0001,4077,0,0.1791,0.8066
2300-131720-0001,5105,0,0.152,0.8153
2300-131720-0001,5639,0,0.1603,0.6161
2300-131720-0001,61,0,0.2237,0.7645
2300-131720-0001,672,0,0.0325,0.7517
2300-131720-0001,6930,0,0.1158,0.6868
2300-131720-0001,7021,0,0.1675,0.8691
2300-131720-0001,7127,0,0.1773,0.7521
2300-131720-0001,7176,0,0.1781,0.7119
2300-131720-0001,7729,0,0.0785,0.8201
2300-131720-0001,8224,0,0.0613,0.6516
2300-131720-0001,8230,0,0.0571,0.6146
2300-131720-0001,8455,0,-0.0068,0.7892
2300-131720-0001,908,0,0.1453,0.7982
2300-131720-0002,1089,0,-0.0005,0.6924
2300-131720-0002,1188,0,-0.0458,0.6587
2300-131720-0002,1320,0,0.1572,0.7764
2300-131720-0002,2300,1,0.4279,0.9277
2300-131720-0002,260,0,-0.0042,0.7083
2300-131720-0002,2830,0,-0.1159,0.5502
2300-131720-0002,4077,0,0.109,0.7842
2300-131720-0002,5105,0,0.0836,0.7755
2300-131720-0002,5639,0,0.1503,0.5845
2300-131720-0002,61,0,0.2104,0.7087
2300-131720-0002,672,0,0.0394,0.7027
2300-131720-0002,6930,0,0.1537,0.6542
2300-131720-0002,7021,0,0.0637,0.8376
2300-131720-0002,7127,0,0.0986,0.7241
2300-131720-0002,7176,0,0.1434,0.6514
2300-131720-0002,7729,0,0.0872,0.7995
2300-131720-0002,8224,0,0.0895,0.6136
2300-131720-0002,8230,0,-0.0117,0.55
2300-131720-0002,8455,0,-0.0526,0.7666
2300-131720-0002,908,0,0.156,0.7612
2300-131720-0005,1089,0,-0.0222,0.687
2300-131720-0005,1188,0,-0.0923,0.6535
2300-131720-0005,1320,0,0.1073,0.7505
2300-131720-0005,2300,1,0.3701,0.9094
2300-131720-0005,260,0,0.0742,0.6815
2300-131720-0005,2830,0,-0.0458,0.5461
2300-131720-0005,4077,0,0.1187,0.7516
2300-131720-0005,5105,0,0.1226,0.7557
2300-131720-0005,5639,0,0.1211,0.5843
2300-131720-0005,61,0,0.1515,0.679
2300-131720-0005,672,0,0.1066,0.6832
2300-131720-0005,6930,0,0.1979,0.6085
2300-131720-0005,7021,0,0.1212,0.8312
2300-131720-0005,7127,0,0.0275,0.7075
2300-131720-0005,7176,0,0.1607,0.6105
2300-131720-0005,7729,0,0.0966,0.8073
2300-131720-0005,8224,0,0.1491,0.5843
2300-131720-0005,8230,0,0.0156,0.5374
2300-131720-0005,8455,0,0.0117,0.7148
2300-131720-0005,908,0,0.1782,0.7538
2300-131720-0010,1089,0,0.0475,0.7271
2300-131720-0010,1188,0,-0.0109,0.695
2300-131720-0010,1320,0,0.1674,0.795
2300-131720-0010,2300,1,0.4502,0.9123
2300-131720-0010,260,0,0.0751,0.7361
2300-131720-0010,2830,0,0.0033,0.5981
2300-131720-0010,4077,0,0.1191,0.7791
2300-131720-0010,5105,0,0.1303,0.81
2300-131720-0010,5639,0,0.1803,0.6249
2300-131720-0010,61,0,0.2191,0.7531
2300-131720-0010,672,0,0.1386,0.7348
2300-131720-0010,6930,0,0.2018,0.6724
2300-131720-0010,7021,0,0.2018,0.8672
2300-131720-0010,7127,0,0.2388,0.7374
2300-131720-0010,7176,0,0.1442,0.6821
2300-131720-0010,7729,0,0.0618,0.8358
2300-131720-0010,8224,0,0.2073,0.6345
2300-131720-0010,8230,0,0.049,0.6036
2300-131720-0010,8455,0,0.0537,0.7569
2300-131720-0010,908,0,0.1578,0.8016
2300-131720-0012,1089,0,0.0333,0.6561
2300-131720-0012,1188,0,-0.033,0.6301
2300-131720-0012,1320,0,0.1256,0.7526
2300-131720-0012,2300,1,0.4129,0.9186
2300-131720-0012,260,0,-0.003,0.6813
2300-131720-0012,2830,0,-0.0582,0.515
2300-131720-0012,4077,0,0.1242,0.7561
2300-131720-0012,5105,0,0.0911,0.7402
2300-131720-0012,5639,0,0.1623,0.5432
2300-131720-0012,61,0,0.1512,0.6821
2300-131720-0012,672,0,0.0823,0.6674
2300-131720-0012,6930,0,0.1395,0.6243
2300-131720-0012,7021,0,0.0487,0.8048
2300-131720-0012,7127,0,0.1334,0.6953
2300-131720-0012,7176,0,0.0958,0.6255
2300-131720-0012,7729,0,0.0303,0.7697
2300-131720-0012,8224,0,0.16,0.5921
2300-131720-0012,8230,0,0.0258,0.5169
2300-131720-0012,8455,0,0.0394,0.7528
2300-131720-0012,908,0,0.0274,0.7271
2300-131720-0013,1089,0,0.0167,0.6905
2300-131720-0013,1188,0,-0.0269,0.6732
2300-131720-0013,1320,0,0.0933,0.785
2300-131720-0013,2300,1,0.4502,0.924
2300-131720-0013,260,0,0.0307,0.7239
2300-131720-0013,2830,0,-0.055,0.5685
2300-131720-0013,4077,0,0.0919,0.7924
2300-131720-0013,5105,0,0.0706,0.7808
2300-131720-0013,5639,0,0.1656,0.5812
2300-131720-0013,61,0,0.1787,0.7189
2300-131720-0013,672,0,0.0407,0.7044
2300-131720-0013,6930,0,0.1682,0.6631
2300-131720-0013,7021,0,0.055,0.8307
2300-131720-0013,7127,0,0.0987,0.7359
2300-131720-0013,7176,0,0.1436,0.6627
2300-131720-0013,7729,0,0.0498,0.7965
2300-131720-0013,8224,0,0.1436,0.6189
2300-131720-0013,8230,0,0.0372,0.561
2300-131720-0013,8455,0,-0.0706,0.7783
2300-131720-0013,908,0,0.087,0.7512
2300-131720-0021,1089,0,0.0909,0.7177
2300-131720-0021,1188,0,-0.0619,0.6834
2300-131720-0021,1320,0,0.1549,0.8037
2300-131720-0021,2300,1,0.443,0.9429
2300-131720-0021,260,0,-0.0088,0.7302
2300-131720-0021,2830,0,-0.0224,0.5869
2300-131720-0021,4077,0,0.0597,0.8097
2300-131720-0021,5105,0,0.0894,0.7943
2300-131720-0021,5639,0,0.1457,0.5808
2300-131720-0021,61,0,0.1568,0.7195
2300-131720-0021,672,0,0.0406,0.7184
2300-131720-0021,6930,0,0.1667,0.6764
2300-131720-0021,7021,0,0.0487,0.8493
2300-131720-0021,7127,0,0.237,0.7654
2300-131720-0021,7176,0,0.1042,0.6687
2300-131720-0021,7729,0,0.0099,0.7987
2300-131720-0021,8224,0,0.134,0.5981
2300-131720-0021,8230,0,0.0546,0.5746
2300-131720-0021,8455,0,0.0434,0.7968
2300-131720-0021,908,0,0.007,0.7541
2300-131720-0034,1089,0,0.0247,0.7159
2300-131720-0034,1188,0,-0.0016,0.6671
2300-131720-0034,1320,0,0.1574,0.7743
2300-131720-0034,2300,1,0.3911,0.9087
2300-131720-0034,260,0,0.0095,0.7234
2300-131720-0034,2830,0,-0.0712,0.5537
2300-131720-0034,4077,0,0.1634,0.7869
2300-131720-0034,5105,0,0.1454,0.7808
2300-131720-0034,5639,0,0.1138,0.6079
2300-131720-0034,61,0,0.2131,0.7393
2300-131720-0034,672,0,0.036,0.7289
2300-131720-0034,6930,0,0.1876,0.6444
2300-131720-0034,7021,0,0.1041,0.8498
2300-131720-0034,7127,0,0.1642,0.7123
2300-131720-0034,7176,0,0.2107,0.6807
2300-131720-0034,7729,0,0.1497,0.8175
2300-131720-0034,8224,0,0.0617,0.6239
2300-131720-0034,8230,0,0.0092,0.5771
2300-131720-0034,8455,0,0.0152,0.7504
2300-131720-0034,908,0,0.189,0.8076
2300-131720-0037,1089,0,-0.0132,0.6798
2300-131720-0037,1188,0,-0.0164,0.6314
2300-131720-0037,1320,0,0.1827,0.7657
2300-131720-0037,2300,1,0.4296,0.9241
2300-131720-0037,260,0,-0.0013,0.6802
2300-131720-0037,2830,0,-0.0606,0.5188
2300-131720-0037,4077,0,0.1393,0.7235
2300-131720-0037,5105,0,0.0962,0.7635
2300-131720-0037,5639,0,0.0775,0.5424
2300-131720-0037,61,0,0.1978,0.7007
2300-131720-0037,672,0,0.0664,0.6925
2300-131720-0037,6930,0,0.1993,0.6415
2300-131720-0037,7021,0,0.1731,0.8421
2300-131720-0037,7127,0,0.1209,0.6792
2300-131720-0037,7176,0,0.139,0.6321
2300-131720-0037,7729,0,0.1221,0.7652
2300-131720-0037,8224,0,0.0793,0.6029
2300-131720-0037,8230,0,-0.012,0.5424
2300-131720-0037,8455,0,0.0082,0.7473
2300-131720-0037,908,0,0.1749,0.7635
2300-131720-0040,1089,0,0.0146,0.6943
2300-131720-0040,1188,0,-0.0849,0.6572
2300-131720-0040,1320,0,0.0818,0.7482
2300-131720-0040,2300,1,0.3676,0.9096
2300-131720-0040,260,0,-0.0805,0.69
2300-131720-0040,2830,0,-0.0652,0.5423
2300-131720-0040,4077,0,0.1486,0.7517
2300-131720-0040,5105,0,0.0708,0.7453
2300-131720-0040,5639,0,0.1238,0.5674
2300-131720-0040,61,0,0.1341,0.7085
2300-131720-0040,672,0,0.0294,0.6811
2300-131720-0040,6930,0,0.1555,0.6062
2300-131720-0040,7021,0,0.0711,0.8218
2300-131720-0040,7127,0,0.1815,0.699
2300-131720-0040,7176,0,0.129,0.6467
2300-131720-0040,7729,0,0.0798,0.8081
2300-131720-0040,8224,0,0.0522,0.5678
2300-131720-0040,8230,0,-0.0584,0.5661
2300-131720-0040,8455,0,-0.0125,0.7274
2300-131720-0040,908,0,0.1932,0.7569
237-126133-0006,121,0,0.0084,0.8013
237-126133-0006,1221,0,0.0952,0.9218
237-126133-0006,1284,0,0.1009,0.8312
237-126133-0006,1580,0,0.0896,0.8776
237-126133-0006,1995,0,0.0182,0.7828
237-126133-0006,2094,0,0.1288,0.885
237-126133-0006,237,1,0.3815,0.9333
237-126133-0006,2961,0,0.0904,0.6901
237-126133-0006,3570,0,0.1664,0.7927
237-126133-0006,3575,0,0.0434,0.8392
237-126133-0006,3729,0,0.0332,0.8798
237-126133-0006,4446,0,0.2346,0.8891
237-126133-0006,4507,0,-0.0331,0.9083
237-126133-0006,4970,0,0.1161,0.8674
237-126133-0006,4992,0,0.0549,0.8745
237-126133-0006,5142,0,0.1199,0.8334
237-126133-0006,5683,0,0.1327,0.8988
237-126133-0006,6829,0,0.1688,0.9176
237-126133-0006,8463,0,0.0871,0.8325
237-126133-0006,8555,0,0.1704,0.836
237-126133-0019,121,0,0.0707,0.7972
237-126133-0019,1221,0,0.0491,0.9178
237-126133-0019,1284,0,0.1,0.8804
237-126133-0019,1580,0,0.0787,0.8851
237-126133-0019,1995,0,-0.0409,0.8314
237-126133-0019,2094,0,0.1818,0.898
237-126133-0019,237,1,0.4687,0.9542
237-126133-0019,2961,0,0.0576,0.6798
237-126133-0019,3570,0,0.0774,0.7618
237-126133-0019,3575,0,0.1591,0.7443
237-126133-0019,3729,0,0.0557,0.8796
237-126133-0019,4446,0,0.094,0.9281
237-126133-0019,4507,0,-0.0657,0.8542
237-126133-0019,4970,0,0.0915,0.7907
237-126133-0019,4992,0,-0.0692,0.9072
237-126133-0019,5142,0,0.1236,0.8486
237-126133-0019,5683,0,0.0981,0.8579
237-126133-0019,6829,0,0.1567,0.877
237-126133-0019,8463,0,0.0567,0.8594
237-126133-0019,8555,0,0.0983,0.8144
237-126133-0021,121,0,0.0839,0.835
237-126133-0021,1221,0,0.1198,0.9343
237-126133-0021,1284,0,0.1659,0.8617
237-126133-0021,1580,0,0.0935,0.8803
237-126133-0021,1995,0,0.0041,0.8376
237-126133-0021,2094,0,0.2239,0.907
237-126133-0021,237,1,0.4685,0.9485
237-126133-0021,2961,0,0.1127,0.7336
237-126133-0021,3570,0,0.1762,0.7957
237-126133-0021,3575,0,0.1339,0.7401
237-126133-0021,3729,0,0.0657,0.9037
237-126133-0021,4446,0,0.1903,0.9334
237-126133-0021,4507,0,-0.0578,0.8787
237-126133-0021,4970,0,0.0385,0.7677
237-126133-0021,4992,0,-0.0179,0.9213
237-126133-0021,5142,0,0.0084,0.8335
237-126133-0021,5683,0,0.0701,0.8416
237-126133-0021,6829,0,0.1835,0.8979
237-126133-0021,8463,0,0.1007,0.8836
237-126133-0021,8555,0,0.0475,0.795
237-126133-0022,121,0,0.0576,0.8511
237-126133-0022,1221,0,0.0781,0.9069
237-126133-0022,1284,0,0.0776,0.8481
237-126133-0022,1580,0,0.1226,0.8788
237-126133-0022,1995,0,0.0307,0.8157
237-126133-0022,2094,0,0.1612,0.8984
237-126133-0022,237,1,0.4097,0.9542
237-126133-0022,2961,0,0.0938,0.751
237-126133-0022,3570,0,0.1944,0.8404
237-126133-0022,3575,0,0.0888,0.7905
237-126133-0022,3729,0,0.0531,0.9069
237-126133-0022,4446,0,0.1261,0.9057
237-126133-0022,4507,0,-0.136,0.8907
237-126133-0022,4970,0,0.1384,0.785
237-126133-0022,4992,0,0.0313,0.8825
237-126133-0022,5142,0,0.0489,0.7914
237-126133-0022,5683,0,-0.0048,0.8562
237-126133-0022,6829,0,0.1644,0.8825
237-126133-0022,8463,0,0.0473,0.834
237-126133-0022,8555,0,0.0342,0.7838
237-134493-0016,121,0,0.0658,0.852
237-134493-0016,1221,0,0.1087,0.8987
237-134493-0016,1284,0,0.102,0.8067
237-134493-0016,1580,0,0.0668,0.8598
237-134493-0016,1995,0,-0.0133,0.809
237-134493-0016,2094,0,0.224,0.885
237-134493-0016,237,1,0.413,0.936
237-134493-0016,2961,0,0.106,0.7674
237-134493-0016,3570,0,0.145,0.8636
237-134493-0016,3575,0,0.1994,0.8251
237-134493-0016,3729,0,0.0134,0.9021
237-134493-0016,4446,0,0.094,0.8764
237-134493-0016,4507,0,-0.1225,0.9063
237-134493-0016,4970,0,0.0795,0.8096
237-134493-0016,4992,0,-0.0056,0.8744
237-134493-0016,5142,0,0.0109,0.7817
237-134493-0016,5683,0,0.0785,0.8587
237-134493-0016,6829,0,0.194,0.8894
237-134493-0016,8463,0,0.0706,0.8229
237-134493-0016,8555,0,0.1385,0.8038
237-134493-0018,121,0,0.0531,0.8444
237-134493-0018,1221,0,0.0649,0.8403
237-134493-0018,1284,0,0.0446,0.7644
237-134493-0018,1580,0,0.0692,0.8261
237-134493-0018,1995,0,-0.0201,0.7727
237-134493-0018,2094,0,0.218,0.8614
237-134493-0018,237,1,0.4149,0.889
237-134493-0018,2961,0,0.0532,0.7846
237-134493-0018,3570,0,0.0561,0.8703
237-134493-0018,3575,0,0.2986,0.8498
237-134493-0018,3729,0,-0.0988,0.8599
237-134493-0018,4446,0,0.0471,0.8142
237-134493-0018,4507,0,-0.1888,0.8635
237-134493-0018,4970,0,0.1502,0.7939
237-134493-0018,4992,0,-0.0273,0.8232
237-134493-0018,5142,0,0.0464,0.7116
237-134493-0018,5683,0,0.1348,0.8226
237-134493-0018,6829,0,0.1776,0.8489
237-134493-0018,8463,0,0.057,0.7933
237-134493-0018,8555,0,0.1399,0.7481
237-134500-0010,121,0,0.1094,0.8089
237-134500-0010,1221,0,0.1513,0.8632
237-134500-0010,1284,0,0.0962,0.7751
237-134500-0010,1580,0,0.1314,0.8653
237-134500-0010,1995,0,-0.0041,0.7326
237-134500-0010,2094,0,0.1647,0.8446
237-134500-0010,237,1,0.3011,0.9209
237-134500-0010,2961,0,0.0258,0.721
237-134500-0010,3570,0,0.049,0.8515
237-134500-0010,3575,0,0.1568,0.8587
237-134500-0010,3729,0,-0.0308,0.8409
237-134500-0010,4446,0,0.1809,0.814
237-134500-0010,4507,0,-0.0609,0.8945
237-134500-0010,4970,0,0.118,0.8145
237-134500-0010,4992,0,0.0627,0.7982
237-134500-0010,5142,0,0.0227,0.7206
237-134500-0010,5683,0,0.1413,0.8685
237-134500-0010,6829,0,0.277,0.8547
237-134500-0010,8463,0,0.1183,0.7385
237-134500-0010,8555,0,0.1158,0.7689
237-134500-0013,121,0,0.0946,0.8349
237-134500-0013,1221,0,0.0949,0.8553
237-134500-0013,1284,0,0.0856,0.7652
237-134500-0013,1580,0,0.0362,0.8183
237-134500-0013,1995,0,-0.066,0.7887
237-134500-0013,2094,0,0.2034,0.8638
237-134500-0013,237,1,0.4214,0.9177
237-134500-0013,2961,0,0.0475,0.7569
237-134500-0013,3570,0,-0.0348,0.8595
237-134500-0013,3575,0,0.1964,0.8345
237-134500-0013,3729,0,0.011,0.8663
237-134500-0013,4446,0,0.0902,0.8212
237-134500-0013,4507,0,-0.1088,0.8663
237-134500-0013,4970,0,0.0715,0.7996
237-134500-0013,4992,0,0.0063,0.8395
237-134500-0013,5142,0,-0.0562,0.744
237-134500-0013,5683,0,0.0844,0.8287
237-134500-0013,6829,0,0.251,0.8553
237-134500-0013,8463,0,0.1081,0.8067
237-134500-0013,8555,0,0.0414,0.7709
237-134500-0014,121,0,0.1056,0.8887
237-134500-0014,1221,0,0.1116,0.8533
237-134500-0014,1284,0,0.0386,0.7889
237-134500-0014,1580,0,0.0711,0.845
237-134500-0014,1995,0,0.0362,0.8453
237-134500-0014,2094,0,0.2007,0.8764
237-134500-0014,237,1,0.4288,0.9348
237-134500-0014,2961,0,0.1483,0.8186
237-134500-0014,3570,0,0.0879,0.8921
237-134500-0014,3575,0,0.1721,0.7825
237-134500-0014,3729,0,0.0309,0.888
237-134500-0014,4446,0,0.091,0.8486
237-134500-0014,4507,0,-0.1216,0.8596
237-134500-0014,4970,0,0.013,0.7122
237-134500-0014,4992,0,-0.0229,0.8667
237-134500-0014,5142,0,-0.0211,0.7178
237-134500-0014,5683,0,0.108,0.7982
237-134500-0014,6829,0,0.1367,0.8215
237-134500-0014,8463,0,0.1,0.8253
237-134500-0014,8555,0,-0.043,0.7476
237-134500-0018,121,0,0.0314,0.8686
237-134500-0018,1221,0,0.0988,0.8646
237-134500-0018,1284,0,0.076,0.7719
237-134500-0018,1580,0,0.0118,0.8419
237-134500-0018,1995,0,-0.0102,0.8107
237-134500-0018,2094,0,0.1945,0.8735
237-134500-0018,237,1,0.4653,0.9284
237-134500-0018,2961,0,0.0653,0.7847
237-134500-0018,3570,0,0.0328,0.8927
237-134500-0018,3575,0,0.1698,0.8613
237-134500-0018,3729,0,-0.0162,0.8874
237-134500-0018,4446,0,0.0415,0.831
237-134500-0018,4507,0,-0.1317,0.8908
237-134500-0018,4970,0,0.0764,0.7979
237-134500-0018,4992,0,-0.025,0.8508
237-134500-0018,5142,0,-0.0019,0.7422
237-134500-0018,5683,0,0.092,0.8477
237-134500-0018,6829,0,0.1721,0.8548
237-134500-0018,8463,0,0.0945,0.8085
237-134500-0018,8555,0,0.0599,0.7922
260-123286-0000,1089,0,0.0114,0.7612
260-123286-0000,1188,0,-0.0705,0.8356
260-123286-0000,1320,0,0.1094,0.7748
260-123286-0000,2300,0,0.048,0.6525
260-123286-0000,260,1,0.4412,0.9076
260-123286-0000,2830,0,0.0359,0.8123
260-123286-0000,4077,0,0.1276,0.7656
260-123286-0000,5105,0,0.2378,0.8373
260-123286-0000,5639,0,0.046,0.7773
260-123286-0000,61,0,0.1313,0.9135
260-123286-0000,672,0,0.0977,0.8393
260-123286-0000,6930,0,0.235,0.7789
260-123286-0000,7021,0,0.1225,0.8001
260-123286-0000,7127,0,0.0273,0.6977
260-123286-0000,7176,0,0.2005,0.8912
260-123286-0000,7729,0,-0.049,0.8181
260-123286-0000,8224,0,0.1711,0.7367
260-123286-0000,8230,0,-0.0282,0.808
260-123286-0000,8455,0,0.0663,0.7239
260-123286-0000,908,0,0.1994,0.8724
260-123286-0003,1089,0,-0.0953,0.7337
260-123286-0003,1188,0,-0.0619,0.8143
260-123286-0003,1320,0,0.1446,0.7403
260-123286-0003,2300,0,0.0349,0.6228
260-123286-0003,260,1,0.3499,0.9053
260-123286-0003,2830,0,-0.0245,0.7755
260-123286-0003,4077,0,0.1274,0.783
260-123286-0003,5105,0,0.1802,0.7844
260-123286-0003,5639,0,0.1141,0.7929
260-123286-0003,61,0,0.0486,0.8984
260-123286-0003,672,0,0.148,0.8263
260-123286-0003,6930,0,0.3284,0.7524
260-123286-0003,7021,0,0.0286,0.7402
260-123286-0003,7127,0,-0.0463,0.6679
260-123286-0003,7176,0,0.1352,0.8763
260-123286-0003,7729,0,-0.0188,0.8219
260-123286-0003,8224,0,0.1377,0.7274
260-123286-0003,8230,0,-0.1572,0.7832
260-123286-0003,8455,0,-0.0294,0.7206
260-123286-0003,908,0,0.2495,0.85
260-123286-0028,1089,0,-0.058,0.7487
260-123286-0028,1188,0,-0.0962,0.8374
260-123286-0028,1320,0,0.2129,0.7209
260-123286-0028,2300,0,0.0096,0.5162
260-123286-0028,260,1,0.4649,0.9054
260-123286-0028,2830,0,0.0806,0.8334
260-123286-0028,4077,0,0.0699,0.7246
260-123286-0028,5105,0,0.2844,0.7878
260-123286-0028,5639,0,0.0381,0.8333
260-123286-0028,61,0,0.1316,0.8931
260-123286-0028,672,0,0.0983,0.8419
260-123286-0028,6930,0,0.3117,0.7704
260-123286-0028,7021,0,0.0716,0.7232
260-123286-0028,7127,0,-0.0322,0.6448
260-123286-0028,7176,0,0.1793,0.8772
260-123286-0028,7729,0,-0.0189,0.7895
260-123286-0028,8224,0,0.0968,0.7515
260-123286-0028,8230,0,-0.0665,0.8309
260-123286-0028,8455,0,-0.0363,0.6709
260-123286-0028,908,0,0.2524,0.8548
260-123286-0030,1089,0,-0.015,0.7437
260-123286-0030,1188,0,0.0507,0.8274
260-123286-0030,1320,0,0.1379,0.732
260-123286-0030,2300,0,0.0937,0.609
260-123286-0030,260,1,0.3836,0.8959
260-123286-0030,2830,0,0.0988,0.7985
260-123286-0030,4077,0,0.0627,0.7314
260-123286-0030,5105,0,0.2242,0.7954
260-123286-0030,5639,0,0.0356,0.7789
260-123286-0030,61,0,0.1223,0.8902
260-123286-0030,672,0,0.1061,0.8308
260-123286-0030,6930,0,0.3054,0.7564
260-123286-0030,7021,0,0.088,0.7621
260-123286-0030,7127,0,-0.0262,0.6472
260-123286-0030,7176,0,0.0984,0.8545
260-123286-0030,7729,0,0.022,0.8015
260-123286-0030,8224,0,-0.0072,0.7377
260-123286-0030,8230,0,-0.0192,0.8014
260-123286-0030,8455,0,-0.0743,0.6931
260-123286-0030,908,0,0.1969,0.8552
260-123286-0031,1089,0,-0.0427,0.7438
260-123286-0031,1188,0,-0.046,0.829
260-123286-0031,1320,0,0.0992,0.7019
260-123286-0031,2300,0,0.0123,0.5465
260-123286-0031,260,1,0.3447,0.8836
260-123286-0031,2830,0,0.0754,0.8049
260-123286-0031,4077,0,0.0451,0.754
260-123286-0031,5105,0,0.1361,0.777
260-123286-0031,5639,0,0.1109,0.8194
260-123286-0031,61,0,0.0407,0.8994
260-123286-0031,672,0,0.0837,0.821
260-123286-0031,6930,0,0.2731,0.7057
260-123286-0031,7021,0,-0.0417,0.728
260-123286-0031,7127,0,-0.0197,0.6581
260-123286-0031,7176,0,0.0695,0.8795
260-123286-0031,7729,0,-0.0327,0.8345
260-123286-0031,8224,0,0.0897,0.7134
260-123286-0031,8230,0,-0.0863,0.8134
260-123286-0031,8455,0,-0.0322,0.6442
260-123286-0031,908,0,0.146,0.8504
260-123288-0001,1089,0,-0.0069,0.7407
260-123288-0001,1188,0,-0.0638,0.8362
260-123288-0001,1320,0,0.0734,0.7186
260-123288-0001,2300,0,0.0637,0.5339
260-123288-0001,260,1,0.2756,0.8935
260-123288-0001,2830,0,0.0023,0.8303
260-123288-0001,4077,0,0.0769,0.7535
260-123288-0001,5105,0,0.0808,0.8013
260-123288-0001,5639,0,0.0883,0.8308
260-123288-0001,61,0,0.0148,0.8989
260-123288-0001,672,0,0.1116,0.8232
260-123288-0001,6930,0,0.1512,0.7398
260-123288-0001,7021,0,0.0203,0.7339
260-123288-0001,7127,0,-0.0296,0.6797
260-123288-0001,7176,0,0.1608,0.8891
260-123288-0001,7729,0,0.0523,0.826
260-123288-0001,8224,0,0.0963,0.7215
260-123288-0001,8230,0,-0.0335,0.8174
260-123288-0001,8455,0,0.0301,0.6547
260-123288-0001,908,0,0.1561,0.8488
260-123288-0025,1089,0,-0.0399,0.7268
260-123288-0025,1188,0,-0.0454,0.8046
260-123288-0025,1320,0,0.1378,0.705
260-123288-0025,2300,0,0.0193,0.5549
260-123288-0025,260,1,0.3891,0.8961
260-123288-0025,2830,0,0.1212,0.7903
260-123288-0025,4077,0,-0.0251,0.7116
260-123288-0025,5105,0,0.1741,0.7571
260-123288-0025,5639,0,0.0491,0.7811
260-123288-0025,61,0,0.0307,0.8949
260-123288-0025,672,0,0.0655,0.823
260-123288-0025,6930,0,0.2683,0.7782
260-123288-0025,7021,0,0.0164,0.7159
260-123288-0025,7127,0,-0.0044,0.609
260-123288-0025,7176,0,0.1152,0.8727
260-123288-0025,7729,0,-0.0433,0.7709
260-123288-0025,8224,0,0.095,0.7266
260-123288-0025,8230,0,-0.0953,0.8031
260-123288-0025,8455,0,0.011,0.6877
260-123288-0025,908,0,0.1669,0.8541
260-123440-0012,1089,0,-0.0754,0.7157
260-123440-0012,1188,0,-0.0463,0.818
260-123440-0012,1320,0,0.1979,0.8059
260-123440-0012,2300,0,0.0277,0.6899
260-123440-0012,260,1,0.2805,0.8783
260-123440-0012,2830,0,-0.0197,0.8237
260-123440-0012,4077,0,-0.0207,0.7531
260-123440-0012,5105,0,0.1844,0.8548
260-123440-0012,5639,0,0.0385,0.7484
260-123440-0012,61,0,0.131,0.8529
260-123440-0012,672,0,0.0287,0.8026
260-123440-0012,6930,0,0.1846,0.8209
260-123440-0012,7021,0,0.0195,0.7896
260-123440-0012,7127,0,-0.0111,0.7347
260-123440-0012,7176,0,0.2045,0.8279
260-123440-0012,7729,0,0.065,0.7937
260-123440-0012,8224,0,0.0875,0.7474
260-123440-0012,8230,0,-0.0519,0.7491
260-123440-0012,8455,0,-0.0771,0.7526
260-123440-0012,908,0,0.2374,0.8073
260-123440-0015,1089,0,-0.0681,0.7181
260-123440-0015,1188,0,-0.0192,0.8132
260-123440-0015,1320,0,0.2029,0.7171
260-123440-0015,2300,0,0.1034,0.5615
260-123440-0015,260,1,0.33,0.8383
260-123440-0015,2830,0,0.044,0.8156
260-123440-0015,4077,0,-0.0491,0.7018
260-123440-0015,5105,0,0.1471,0.8151
260-123440-0015,5639,0,0.0037,0.7968
260-123440-0015,61,0,0.1635,0.8825
260-123440-0015,672,0,0.1197,0.7858
260-123440-0015,6930,0,0.2401,0.6996
260-123440-0015,7021,0,0.0696,0.7552
260-123440-0015,7127,0,-0.0069,0.6745
260-123440-0015,7176,0,0.1227,0.8433
260-123440-0015,7729,0,0.0313,0.8293
260-123440-0015,8224,0,0.1323,0.7205
260-123440-0015,8230,0,-0.033,0.7922
260-123440-0015,8455,0,-0.0207,0.6096
260-123440-0015,908,0,0.1996,0.8295
260-123440-0016,1089,0,-0.1086,0.7037
260-123440-0016,1188,0,-0.0623,0.797
260-123440-0016,1320,0,0.1982,0.7014
260-123440-0016,2300,0,0.0808,0.5155
260-123440-0016,260,1,0.2834,0.828
260-123440-0016,2830,0,-0.0195,0.8304
260-123440-0016,4077,0,-0.0185,0.6462
260-123440-0016,5105,0,0.2183,0.795
260-123440-0016,5639,0,0.037,0.7714
260-123440-0016,61,0,0.1428,0.8512
260-123440-0016,672,0,-0.05,0.7799
260-123440-0016,6930,0,0.3483,0.7227
260-123440-0016,7021,0,0.1606,0.7295
260-123440-0016,7127,0,-0.0673,0.6395
260-123440-0016,7176,0,0.1806,0.8101
260-123440-0016,7729,0,0.0215,0.764
260-123440-0016,8224,0,0.095,0.7108
260-123440-0016,8230,0,-0.0373,0.7915
260-123440-0016,8455,0,-0.0758,0.5934
260-123440-0016,908,0,0.2717,0.8062
2830-3979-0006,1089,0,0.0012,0.7829
2830-3979-0006,1188,0,-0.0151,0.8744
2830-3979-0006,1320,0,0.1765,0.7815
2830-3979-0006,2300,0,0.058,0.6328
2830-3979-0006,260,0,0.13,0.8804
2830-3979-0006,2830,1,0.2946,0.8998
2830-3979-0006,4077,0,0.0083,0.7234
2830-3979-0006,5105,0,0.1928,0.8305
2830-3979-0006,5639,0,0.091,0.7646
2830-3979-0006,61,0,0.1386,0.8942
2830-3979-0006,672,0,0.0867,0.7995
2830-3979-0006,6930,0,0.1876,0.7729
2830-3979-0006,7021,0,0.0959,0.7824
2830-3979-0006,7127,0,-0.0119,0.7463
2830-3979-0006,7176,0,0.1023,0.8586
2830-3979-0006,7729,0,0.0288,0.8421
2830-3979-0006,8224,0,0.2162,0.6503
2830-3979-0006,8230,0,0.0377,0.846
2830-3979-0006,8455,0,0.0138,0.6852
2830-3979-0006,908,0,0.1422,0.8286
2830-3979-0011,1089,0,-0.024,0.8217
2830-3979-0011,1188,0,0.0218,0.9201
2830-3979-0011,1320,0,0.1488,0.8629
2830-3979-0011,2300,0,-0.0004,0.6969
2830-3979-0011,260,0,0.1281,0.8984
2830-3979-0011,2830,1,0.3539,0.9359
2830-3979-0011,4077,0,-0.0424,0.7615
2830-3979-0011,5105,0,0.2389,0.8995
2830-3979-0011,5639,0,0.0952,0.7781
2830-3979-0011,61,0,0.0487,0.8754
2830-3979-0011,672,0,0.0647,0.846
2830-3979-0011,6930,0,0.1539,0.7969
2830-3979-0011,7021,0,0.0587,0.8415
2830-3979-0011,7127,0,0.0168,0.826
2830-3979-0011,7176,0,0.0222,0.8514
2830-3979-0011,7729,0,0.0696,0.8415
2830-3979-0011,8224,0,0.1098,0.7107
2830-3979-0011,8230,0,-0.0042,0.8536
2830-3979-0011,8455,0,-0.0995,0.7532
2830-3979-0011,908,0,0.1499,0.8301
2830-3980-0029,1089,0,-0.0516,0.719
2830-3980-0029,1188,0,0.0268,0.8319
2830-3980-0029,1320,0,0.1473,0.7186
2830-3980-0029,2300,0,-0.0164,0.5391
2830-3980-0029,260,0,0.1386,0.8487
2830-3980-0029,2830,1,0.2937,0.8724
2830-3980-0029,4077,0,-0.0991,0.6633
2830-3980-0029,5105,0,0.2255,0.7856
2830-3980-0029,5639,0,-0.0121,0.7521
2830-3980-0029,61,0,0.1548,0.8884
2830-3980-0029,672,0,-0.0094,0.7637
2830-3980-0029,6930,0,0.1524,0.7605
2830-3980-0029,7021,0,0.0758,0.7098
2830-3980-0029,7127,0,0.0476,0.6719
2830-3980-0029,7176,0,0.0748,0.8662
2830-3980-0029,7729,0,-0.0374,0.7826
2830-3980-0029,8224,0,0.1359,0.6831
2830-3980-0029,8230,0,-0.0074,0.8458
2830-3980-0029,8455,0,0.0071,0.639
2830-3980-0029,908,0,0.2148,0.7835
2830-3980-0039,1089,0,-0.0539,0.7053
2830-3980-0039,1188,0,0.0016,0.8352
2830-3980-0039,1320,0,0.1113,0.727
2830-3980-0039,2300,0,-0.0668,0.5709
2830-3980-0039,260,0,0.2529,0.8222
2830-3980-0039,2830,1,0.3151,0.8683
2830-3980-0039,4077,0,-0.0941,0.6668
2830-3980-0039,5105,0,0.1593,0.7913
2830-3980-0039,5639,0,-0.0028,0.7441
2830-3980-0039,61,0,0.0339,0.8505
2830-3980-0039,672,0,-0.0284,0.7387
2830-3980-0039,6930,0,0.1374,0.7006
2830-3980-0039,7021,0,0.1114,0.7269
2830-3980-0039,7127,0,0.0604,0.7011
2830-3980-0039,7176,0,0.0407,0.8215
2830-3980-0039,7729,0,0.0041,0.8165
2830-3980-0039,8224,0,0.1062,0.6444
2830-3980-0039,8230,0,-0.0454,0.8053
2830-3980-0039,8455,0,0.0497,0.6176
2830-3980-0039,908,0,0.1465,0.7677
2830-3980-0050,1089,0,-0.0326,0.7328
2830-3980-0050,1188,0,-0.0727,0.8604
2830-3980-0050,1320,0,0.111,0.7317
2830-3980-0050,2300,0,-0.0182,0.559
2830-3980-0050,260,0,0.1866,0.8631
2830-3980-0050,2830,1,0.2357,0.8789
2830-3980-0050,4077,0,-0.0001,0.705
2830-3980-0050,5105,0,0.2354,0.8067
2830-3980-0050,5639,0,0.0785,0.7853
2830-3980-0050,61,0,0.0245,0.8816
2830-3980-0050,672,0,-0.0414,0.773
2830-3980-0050,6930,0,0.2292,0.7237
2830-3980-0050,7021,0,0.1678,0.7423
2830-3980-0050,7127,0,-0.0008,0.7067
2830-3980-0050,7176,0,0.1029,0.8609
2830-3980-0050,7729,0,-0.0025,0.8378
2830-3980-0050,8224,0,0.0999,0.6678
2830-3980-0050,8230,0,-0.0308,0.8256
2830-3980-0050,8455,0,0.0475,0.6329
2830-3980-0050,908,0,0.2023,0.8054
2830-3980-0054,1089,0,-0.0324,0.7532
2830-3980-0054,1188,0,-0.0197,0.874
2830-3980-0054,1320,0,0.1611,0.7501
2830-3980-0054,2300,0,-0.0644,0.5546
2830-3980-0054,260,0,0.1685,0.8449
2830-3980-0054,2830,1,0.2151,0.8914
2830-3980-0054,4077,0,-0.0699,0.6978
2830-3980-0054,5105,0,0.2683,0.8358
2830-3980-0054,5639,0,0.0437,0.8044
2830-3980-0054,61,0,0.0743,0.8776
2830-3980-0054,672,0,0.0272,0.7873
2830-3980-0054,6930,0,0.2591,0.704
2830-3980-0054,7021,0,0.0731,0.7619
2830-3980-0054,7127,0,0.0127,0.7307
2830-3980-0054,7176,0,0.1202,0.8508
2830-3980-0054,7729,0,-0.0597,0.8456
2830-3980-0054,8224,0,0.2067,0.6964
2830-3980-0054,8230,0,-0.0268,0.8434
2830-3980-0054,8455,0,-0.0281,0.6223
2830-3980-0054,908,0,0.2612,0.8108
2830-3980-0055,1089,0,-0.0547,0.7398
2830-3980-0055,1188,0,-0.0192,0.8698
2830-3980-0055,1320,0,0.0984,0.73
2830-3980-0055,2300,0,-0.0649,0.5044
2830-3980-0055,260,0,0.1765,0.8614
2830-3980-0055,2830,1,0.2528,0.8982
2830-3980-0055,4077,0,-0.0449,0.667
2830-3980-0055,5105,0,0.3164,0.8131
2830-3980-0055,5639,0,0.0243,0.8093
2830-3980-0055,61,0,0.0571,0.8711
2830-3980-0055,672,0,0.0325,0.7984
2830-3980-0055,6930,0,0.1572,0.7411
2830-3980-0055,7021,0,0.144,0.7261
2830-3980-0055,7127,0,0.0143,0.686
2830-3980-0055,7176,0,0.0832,0.8468
2830-3980-0055,7729,0,-0.0539,0.7988
2830-3980-0055,8224,0,0.1217,0.7205
2830-3980-0055,8230,0,-0.0133,0.8532
2830-3980-0055,8455,0,-0.0165,0.6263
2830-3980-0055,908,0,0.2601,0.8011
2830-3980-0057,1089,0,-0.0144,0.741
2830-3980-0057,1188,0,0.0314,0.8499
2830-3980-0057,1320,0,0.1529,0.7658
2830-3980-0057,2300,0,-0.0159,0.6181
2830-3980-0057,260,0,0.1571,0.8614
2830-3980-0057,2830,1,0.2669,0.8633
2830-3980-0057,4077,0,-0.0419,0.7137
2830-3980-0057,5105,0,0.2953,0.8427
2830-3980-0057,5639,0,0.0182,0.7733
2830-3980-0057,61,0,0.0913,0.8915
2830-3980-0057,672,0,-0.054,0.7924
2830-3980-0057,6930,0,0.1916,0.7504
2830-3980-0057,7021,0,0.138,0.7871
2830-3980-0057,7127,0,0.0662,0.7191
2830-3980-0057,7176,0,0.1184,0.8556
2830-3980-0057,7729,0,0.0163,0.8364
2830-3980-0057,8224,0,0.0799,0.7021
2830-3980-0057,8230,0,-0.0359,0.8119
2830-3980-0057,8455,0,0.0104,0.6629
2830-3980-0057,908,0,0.1676,0.8299
2830-3980-0062,1089,0,-0.089,0.6662
2830-3980-0062,1188,0,-0.0309,0.8203
2830-3980-0062,1320,0,0.1124,0.6467
2830-3980-0062,2300,0,-0.0298,0.4329
2830-3980-0062,260,0,0.1834,0.8236
2830-3980-0062,2830,1,0.1749,0.8584
2830-3980-0062,4077,0,-0.0617,0.6033
2830-3980-0062,5105,0,0.2287,0.7253
2830-3980-0062,5639,0,0.0481,0.7622
2830-3980-0062,61,0,0.0786,0.8334
2830-3980-0062,672,0,-0.0464,0.7349
2830-3980-0062,6930,0,0.1842,0.7012
2830-3980-0062,7021,0,0.0706,0.6433
2830-3980-0062,7127,0,-0.0843,0.5991
2830-3980-0062,7176,0,0.0738,0.8194
2830-3980-0062,7729,0,0.0038,0.7434
2830-3980-0062,8224,0,0.0387,0.6646
2830-3980-0062,8230,0,-0.1267,0.8108
2830-3980-0062,8455,0,-0.0602,0.5714
2830-3980-0062,908,0,0.2155,0.7443
2830-3980-0066,1089,0,-0.131,0.7171
2830-3980-0066,1188,0,-0.0532,0.8254
2830-3980-0066,1320,0,0.1135,0.7
2830-3980-0066,2300,0,-0.0526,0.5
2830-3980-0066,260,0,0.156,0.8373
2830-3980-0066,2830,1,0.2159,0.8493
2830-3980-0066,4077,0,-0.0351,0.6943
2830-3980-0066,5105,0,0.2536,0.7977
2830-3980-0066,5639,0,0.0004,0.8344
2830-3980-0066,61,0,0.0688,0.864
2830-3980-0066,672,0,-0.0262,0.7783
2830-3980-0066,6930,0,0.2028,0.7095
2830-3980-0066,7021,0,0.1044,0.7135
2830-3980-0066,7127,0,-0.0355,0.6762
2830-3980-0066,7176,0,0.1256,0.8289
2830-3980-0066,7729,0,-0.0463,0.8356
2830-3980-0066,8224,0,0.1349,0.7209
2830-3980-0066,8230,0,-0.1249,0.8066
2830-3980-0066,8455,0,-0.1026,0.5897
2830-3980-0066,908,0,0.3165,0.8071
2961-960-0004,121,0,-0.0273,0.863
2961-960-0004,1221,0,-0.058,0.7435
2961-960-0004,1284,0,0.0277,0.6849
2961-960-0004,1580,0,-0.0048,0.7166
2961-960-0004,1995,0,-0.0316,0.7902
2961-960-0004,2094,0,0.0408,0.7958
2961-960-0004,237,0,-0.0083,0.7873
2961-960-0004,2961,1,0.4185,0.9147
2961-960-0004,3570,0,0.1865,0.9061
2961-960-0004,3575,0,0.0674,0.7706
2961-960-0004,3729,0,-0.0859,0.8229
2961-960-0004,4446,0,-0.0083,0.7237
2961-960-0004,4507,0,-0.1298,0.8147
2961-960-0004,4970,0,0.0909,0.7005
2961-960-0004,4992,0,-0.0806,0.7668
2961-960-0004,5142,0,0.1038,0.6619
2961-960-0004,5683,0,0.0332,0.7114
2961-960-0004,6829,0,0.05,0.7769
2961-960-0004,8463,0,0.0477,0.772
2961-960-0004,8555,0,0.0745,0.6965
2961-960-0016,121,0,0.007,0.8281
2961-960-0016,1221,0,-0.0122,0.7576
2961-960-0016,1284,0,0.118,0.675
2961-960-0016,1580,0,0.0144,0.7112
2961-960-0016,1995,0,-0.024,0.7294
2961-960-0016,2094,0,0.0301,0.771
2961-960-0016,237,0,0.0075,0.7982
2961-960-0016,2961,1,0.33,0.8682
2961-960-0016,3570,0,0.2638,0.8953
2961-960-0016,3575,0,0.0193,0.7817
2961-960-0016,3729,0,-0.1211,0.8218
2961-960-0016,4446,0,0.1328,0.7268
2961-960-0016,4507,0,-0.059,0.8275
2961-960-0016,4970,0,0.0519,0.7463
2961-960-0016,4992,0,-0.0677,0.7452
2961-960-0016,5142,0,0.0265,0.6626
2961-960-0016,5683,0,0.0518,0.7231
2961-960-0016,6829,0,0.0522,0.7954
2961-960-0016,8463,0,0.0389,0.7447
2961-960-0016,8555,0,0.0423,0.6907
2961-961-0001,121,0,0.0382,0.866
2961-961-0001,1221,0,-0.0937,0.7388
2961-961-0001,1284,0,0.0259,0.7126
2961-961-0001,1580,0,-0.0437,0.7448
2961-961-0001,1995,0,-0.0554,0.7909
2961-961-0001,2094,0,-0.0096,0.8105
2961-961-0001,237,0,0.0099,0.7962
2961-961-0001,2961,1,0.3216,0.9314
2961-961-0001,3570,0,0.0699,0.9171
2961-961-0001,3575,0,0.029,0.7861
2961-961-0001,3729,0,-0.1107,0.8219
2961-961-0001,4446,0,0.0173,0.7313
2961-961-0001,4507,0,-0.1323,0.8234
2961-961-0001,4970,0,0.1806,0.6975
2961-961-0001,4992,0,-0.1446,0.755
2961-961-0001,5142,0,0.0306,0.6432
2961-961-0001,5683,0,0.0386,0.7269
2961-961-0001,6829,0,0.1334,0.7916
2961-961-0001,8463,0,0.0218,0.7466
2961-961-0001,8555,0,0.0578,0.6769
2961-961-0003,121,0,0.0251,0.8814
2961-961-0003,1221,0,-0.0051,0.8504
2961-961-0003,1284,0,0.0532,0.7753
2961-961-0003,1580,0,-0.0599,0.7824
2961-961-0003,1995,0,0.0262,0.8014
2961-961-0003,2094,0,0.0735,0.8863
2961-961-0003,237,0,0.0361,0.8445
2961-961-0003,2961,1,0.2373,0.8456
2961-961-0003,3570,0,0.1217,0.8564
2961-961-0003,3575,0,0.1141,0.7451
2961-961-0003,3729,0,-0.0012,0.9247
2961-961-0003,4446,0,0.0009,0.8509
2961-961-0003,4507,0,-0.153,0.8619
2961-961-0003,4970,0,0.106,0.7151
2961-961-0003,4992,0,-0.034,0.8675
2961-961-0003,5142,0,0.0809,0.7591
2961-961-0003,5683,0,0.0082,0.7749
2961-961-0003,6829,0,0.1128,0.8641
2961-961-0003,8463,0,0.021,0.8465
2961-961-0003,8555,0,0.0991,0.7245
2961-961-0004,121,0,0.0296,0.8942
2961-961-0004,1221,0,-0.1123,0.7868
2961-961-0004,1284,0,0.0279,0.7431
2961-961-0004,1580,0,-0.0489,0.7552
2961-961-0004,1995,0,-0.0068,0.82
2961-961-0004,2094,0,-0.0255,0.839
2961-961-0004,237,0,0.0721,0.8364
2961-961-0004,2961,1,0.3446,0.9354
2961-961-0004,3570,0,0.1535,0.9166
2961-961-0004,3575,0,0.0488,0.7497
2961-961-0004,3729,0,-0.0877,0.8733
2961-961-0004,4446,0,0.0022,0.7866
2961-961-0004,4507,0,-0.1329,0.8387
2961-961-0004,4970,0,0.1489,0.6843
2961-961-0004,4992,0,-0.1391,0.8103
2961-961-0004,5142,0,0.0272,0.6866
2961-961-0004,5683,0,0.0111,0.7342
2961-961-0004,6829,0,0.0908,0.8167
2961-961-0004,8463,0,0.0122,0.8002
2961-961-0004,8555,0,0.0095,0.6893
2961-961-0009,121,0,-0.0599,0.8417
2961-961-0009,1221,0,-0.03,0.8457
2961-961-0009,1284,0,0.0871,0.8065
2961-961-0009,1580,0,0.0634,0.8224
2961-961-0009,1995,0,-0.02,0.7984
2961-961-0009,2094,0,0.0673,0.8798
2961-961-0009,237,0,0.0669,0.8578
2961-961-0009,2961,1,0.3238,0.8398
2961-961-0009,3570,0,0.1456,0.8491
2961-961-0009,3575,0,0.0699,0.7788
2961-961-0009,3729,0,-0.1011,0.8765
2961-961-0009,4446,0,0.0546,0.8471
2961-961-0009,4507,0,-0.1024,0.8611
2961-961-0009,4970,0,0.1274,0.7672
2961-961-0009,4992,0,-0.0956,0.8439
2961-961-0009,5142,0,0.1072,0.7517
2961-961-0009,5683,0,0.029,0.7975
2961-961-0009,6829,0,0.1287,0.8787
2961-961-0009,8463,0,0.0467,0.8221
2961-961-0009,8555,0,0.0759,0.734
2961-961-0010,121,0,0.0577,0.8639
2961-961-0010,1221,0,-0.0151,0.8248
2961-961-0010,1284,0,-0.026,0.7387
2961-961-0010,1580,0,0.0494,0.8046
2961-961-0010,1995,0,-0.0165,0.7796
2961-961-0010,2094,0,-0.0211,0.8443
2961-961-0010,237,0,-0.0558,0.8206
2961-961-0010,2961,1,0.3711,0.8464
2961-961-0010,3570,0,0.211,0.8769
2961-961-0010,3575,0,0.051,0.8629
2961-961-0010,3729,0,-0.052,0.8671
2961-961-0010,4446,0,0.0824,0.7898
2961-961-0010,4507,0,-0.0835,0.8809
2961-961-0010,4970,0,0.1225,0.8105
2961-961-0010,4992,0,-0.0419,0.8138
2961-961-0010,5142,0,-0.0036,0.7308
2961-961-0010,5683,0,0.0394,0.8226
2961-961-0010,6829,0,0.0718,0.8536
2961-961-0010,8463,0,-0.0148,0.7982
2961-961-0010,8555,0,0.0678,0.7725
2961-961-0011,121,0,0.0852,0.8786
2961-961-0011,1221,0,-0.0263,0.7854
2961-961-0011,1284,0,-0.0083,0.7264
2961-961-0011,1580,0,0.023,0.7587
2961-961-0011,1995,0,-0.0306,0.8208
2961-961-0011,2094,0,-0.026,0.8429
2961-961-0011,237,0,0.0105,0.8195
2961-961-0011,2961,1,0.4554,0.9106
2961-961-0011,3570,0,0.2289,0.8998
2961-961-0011,3575,0,0.0624,0.7998
2961-961-0011,3729,0,-0.0552,0.8586
2961-961-0011,4446,0,0.1181,0.769
2961-961-0011,4507,0,-0.0781,0.8553
2961-961-0011,4970,0,0.0983,0.7361
2961-961-0011,4992,0,-0.0826,0.8106
2961-961-0011,5142,0,0.0827,0.7133
2961-961-0011,5683,0,0.0474,0.7572
2961-961-0011,6829,0,0.1063,0.8327
2961-961-0011,8463,0,0.0364,0.8068
2961-961-0011,8555,0,0.0699,0.7356
2961-961-0014,121,0,0.0193,0.8712
2961-961-0014,1221,0,-0.0884,0.7611
2961-961-0014,1284,0,0.009,0.7148
2961-961-0014,1580,0,0.0223,0.7646
2961-961-0014,1995,0,0.0095,0.7922
2961-961-0014,2094,0,-0.0221,0.7956
2961-961-0014,237,0,-0.0552,0.8094
2961-961-0014,2961,1,0.339,0.9134
2961-961-0014,3570,0,0.2286,0.9093
2961-961-0014,3575,0,0.0557,0.8253
2961-961-0014,3729,0,0.0102,0.8321
2961-961-0014,4446,0,0.0356,0.7427
2961-961-0014,4507,0,-0.0785,0.829
2961-961-0014,4970,0,0.1323,0.7526
2961-961-0014,4992,0,-0.0739,0.7687
2961-961-0014,5142,0,0.0679,0.6732
2961-961-0014,5683,0,-0.0271,0.7733
2961-961-0014,6829,0,0.0963,0.7855
2961-961-0014,8463,0,-0.0423,0.7723
2961-961-0014,8555,0,0.0863,0.7312
2961-961-0017,121,0,0.0293,0.8725
2961-961-0017,1221,0,-0.0912,0.7472
2961-961-0017,1284,0,-0.0058,0.6874
2961-961-0017,1580,0,-0.0311,0.7309
2961-961-0017,1995,0,-0.0346,0.7864
2961-961-0017,2094,0,0.0194,0.8108
2961-961-0017,237,0,-0.0118,0.7874
2961-961-0017,2961,1,0.3668,0.923
2961-961-0017,3570,0,0.2163,0.9073
2961-961-0017,3575,0,-0.0049,0.8032
2961-961-0017,3729,0,-0.0181,0.8334
2961-961-0017,4446,0,0.0958,0.7235
2961-961-0017,4507,0,-0.0703,0.8255
2961-961-0017,4970,0,0.1437,0.7095
2961-961-0017,4992,0,-0.0558,0.7668
2961-961-0017,5142,0,0.0812,0.6511
2961-961-0017,5683,0,0.0272,0.7345
2961-961-0017,6829,0,0.1322,0.7947
2961-961-0017,8463,0,0.0133,0.7599
2961-961-0017,8555,0,0.0757,0.6901
3570-5694-0006,121,0,-0.0476,0.8468
3570-5694-0006,1221,0,-0.1414,0.728
3570-5694-0006,1284,0,0.141,0.643
3570-5694-0006,1580,0,0.0101,0.7043
3570-5694-0006,1995,0,-0.0591,0.7324
3570-5694-0006,2094,0,0.0558,0.7416
3570-5694-0006,237,0,0.0393,0.8104
3570-5694-0006,2961,0,0.091,0.85
3570-5694-0006,3570,1,0.3198,0.9514
3570-5694-0006,3575,0,-0.028,0.7759
3570-5694-0006,3729,0,-0.0438,0.8162
3570-5694-0006,4446,0,0.0962,0.688
3570-5694-0006,4507,0,-0.0671,0.8331
3570-5694-0006,4970,0,0.0783,0.6906
3570-5694-0006,4992,0,-0.0247,0.7272
3570-5694-0006,5142,0,0.0669,0.6246
3570-5694-0006,5683,0,-0.1177,0.7232
3570-5694-0006,6829,0,0.1648,0.7422
3570-5694-0006,8463,0,-0.0475,0.7078
3570-5694-0006,8555,0,0.1861,0.6962
3570-5694-0007,121,0,-0.0429,0.8326
3570-5694-0007,1221,0,-0.0868,0.7221
3570-5694-0007,1284,0,0.1449,0.6445
3570-5694-0007,1580,0,0.0369,0.7014
3570-5694-0007,1995,0,-0.0794,0.7407
3570-5694-0007,2094,0,0.0621,0.7319
3570-5694-0007,237,0,0.0781,0.8059
3570-5694-0007,2961,0,0.0722,0.8474
3570-5694-0007,3570,1,0.3136,0.9484
3570-5694-0007,3575,0,-0.0058,0.7614
3570-5694-0007,3729,0,0.0119,0.8018
3570-5694-0007,4446,0,0.0865,0.6828
3570-5694-0007,4507,0,-0.0759,0.822
3570-5694-0007,4970,0,0.1131,0.6769
3570-5694-0007,4992,0,0.0135,0.7229
3570-5694-0007,5142,0,0.064,0.6187
3570-5694-0007,5683,0,-0.1373,0.7083
3570-5694-0007,6829,0,0.1735,0.7359
3570-5694-0007,8463,0,-0.0412,0.6932
3570-5694-0007,8555,0,0.1283,0.6942
3570-5694-0009,121,0,-0.0147,0.8608
3570-5694-0009,1221,0,-0.1374,0.7394
3570-5694-0009,1284,0,0.1374,0.6618
3570-5694-0009,1580,0,0.0221,0.7329
3570-5694-0009,1995,0,-0.0126,0.7561
3570-5694-0009,2094,0,0.0911,0.7731
3570-5694-0009,237,0,0.037,0.8194
3570-5694-0009,2961,0,0.0788,0.8659
3570-5694-0009,3570,1,0.307,0.946
3570-5694-0009,3575,0,0.0077,0.7935
3570-5694-0009,3729,0,-0.0283,0.8201
3570-5694-0009,4446,0,0.0803,0.7024
3570-5694-0009,4507,0,-0.0594,0.8209
3570-5694-0009,4970,0,0.0649,0.6814
3570-5694-0009,4992,0,-0.0146,0.7483
3570-5694-0009,5142,0,0.0091,0.61
3570-5694-0009,5683,0,-0.1388,0.7323
3570-5694-0009,6829,0,0.1827,0.752
3570-5694-0009,8463,0,-0.0771,0.725
3570-5694-0009,8555,0,0.1467,0.6831
3570-5694-0010,121,0,-0.0441,0.8695
3570-5694-0010,1221,0,-0.1811,0.7414
3570-5694-0010,1284,0,0.1368,0.6624
3570-5694-0010,1580,0,0.0538,0.7216
3570-5694-0010,1995,0,-0.0414,0.7692
3570-5694-0010,2094,0,0.0625,0.776
3570-5694-0010,237,0,0.0438,0.8228
3570-5694-0010,2961,0,0.1055,0.8727
3570-5694-0010,3570,1,0.2963,0.9474
3570-5694-0010,3575,0,-0.0374,0.7743
3570-5694-0010,3729,0,-0.0412,0.8329
3570-5694-0010,4446,0,0.0962,0.7067
3570-5694-0010,4507,0,-0.0333,0.8276
3570-5694-0010,4970,0,0.0683,0.6709
3570-5694-0010,4992,0,-0.0495,0.7569
3570-5694-0010,5142,0,0.0287,0.6253
3570-5694-0010,5683,0,-0.1468,0.7256
3570-5694-0010,6829,0,0.1648,0.7532
3570-5694-0010,8463,0,-0.079,0.7359
3570-5694-0010,8555,0,0.1187,0.688
3570-5694-0015,121,0,0.0492,0.8898
3570-5694-0015,1221,0,-0.092,0.7685
3570-5694-0015,1284,0,0.0495,0.692
3570-5694-0015,1580,0,-0.0166,0.7527
3570-5694-0015,1995,0,-0.1691,0.7883
3570-5694-0015,2094,0,0.0207,0.7991
3570-5694-0015,237,0,0.0622,0.8496
3570-5694-0015,2961,0,-0.003,0.8664
3570-5694-0015,3570,1,0.1648,0.9599
3570-5694-0015,3575,0,-0.0924,0.7877
3570-5694-0015,3729,0,-0.0721,0.8528
3570-5694-0015,4446,0,0.0559,0.7391
3570-5694-0015,4507,0,-0.1054,0.8503
3570-5694-0015,4970,0,0.0113,0.675
3570-5694-0015,4992,0,-0.0063,0.7805
3570-5694-0015,5142,0,0.0049,0.6406
3570-5694-0015,5683,0,-0.1601,0.7484
3570-5694-0015,6829,0,0.2176,0.7705
3570-5694-0015,8463,0,-0.0416,0.7484
3570-5694-0015,8555,0,0.1595,0.7052
3570-5694-0018,121,0,-0.0372,0.8472
3570-5694-0018,1221,0,-0.0778,0.7253
3570-5694-0018,1284,0,0.0529,0.634
3570-5694-0018,1580,0,-0.0502,0.7052
3570-5694-0018,1995,0,-0.1639,0.7391
3570-5694-0018,2094,0,-0.008,0.7435
3570-5694-0018,237,0,0.0262,0.8159
3570-5694-0018,2961,0,0.0034,0.8425
3570-5694-0018,3570,1,0.1371,0.9523
3570-5694-0018,3575,0,-0.1052,0.7706
3570-5694-0018,3729,0,-0.1268,0.8081
3570-5694-0018,4446,0,0.0981,0.6855
3570-5694-0018,4507,0,-0.1396,0.8182
3570-5694-0018,4970,0,0.0694,0.6653
3570-5694-0018,4992,0,-0.0346,0.7318
3570-5694-0018,5142,0,0.0514,0.6075
3570-5694-0018,5683,0,-0.1712,0.7086
3570-5694-0018,6829,0,0.1806,0.7287
3570-5694-0018,8463,0,-0.0113,0.7019
3570-5694-0018,8555,0,0.1505,0.6894
3570-5695-0001,121,0,-0.083,0.808
3570-5695-0001,1221,0,-0.1402,0.666
3570-5695-0001,1284,0,0.057,0.5837
3570-5695-0001,1580,0,0.0187,0.6541
3570-5695-0001,1995,0,-0.0576,0.6909
3570-5695-0001,2094,0,0.0394,0.6918
3570-5695-0001,237,0,-0.0215,0.7622
3570-5695-0001,2961,0,0.1386,0.8294
3570-5695-0001,3570,1,0.2605,0.9389
3570-5695-0001,3575,0,-0.0597,0.7603
3570-5695-0001,3729,0,-0.0893,0.7549
3570-5695-0001,4446,0,0.0753,0.6211
3570-5695-0001,4507,0,-0.1445,0.7754
3570-5695-0001,4970,0,0.0775,0.6455
3570-5695-0001,4992,0,-0.0114,0.6676
3570-5695-0001,5142,0,0.0393,0.5531
3570-5695-0001,5683,0,-0.1983,0.6677
3570-5695-0001,6829,0,0.1287,0.6808
3570-5695-0001,8463,0,0.0251,0.6494
3570-5695-0001,8555,0,0.0682,0.6473
3570-5695-0014,121,0,-0.1258,0.8378
3570-5695-0014,1221,0,-0.1551,0.6973
3570-5695-0014,1284,0,0.1368,0.6246
3570-5695-0014,1580,0,0.1023,0.6926
3570-5695-0014,1995,0,-0.0753,0.7506
3570-5695-0014,2094,0,0.0568,0.7379
3570-5695-0014,237,0,-0.0418,0.7975
3570-5695-0014,2961,0,0.0515,0.8528
3570-5695-0014,3570,1,0.2404,0.9418
3570-5695-0014,3575,0,-0.1263,0.7699
3570-5695-0014,3729,0,-0.1072,0.7844
3570-5695-0014,4446,0,0.1029,0.6596
3570-5695-0014,4507,0,-0.0357,0.793
3570-5695-0014,4970,0,0.09,0.6513
3570-5695-0014,4992,0,0.0042,0.7167
3570-5695-0014,5142,0,0.0403,0.5956
3570-5695-0014,5683,0,-0.2456,0.7027
3570-5695-0014,6829,0,0.1534,0.7085
3570-5695-0014,8463,0,0.0156,0.6952
3570-5695-0014,8555,0,0.068,0.684
3570-5696-0000,121,0,-0.0131,0.8725
3570-5696-0000,1221,0,-0.1406,0.7597
3570-5696-0000,1284,0,0.075,0.6942
3570-5696-0000,1580,0,-0.0192,0.739
3570-5696-0000,1995,0,-0.1274,0.7814
3570-5696-0000,2094,0,0.0702,0.7903
3570-5696-0000,237,0,0.0815,0.8436
3570-5696-0000,2961,0,0.0508,0.8731
3570-5696-0000,3570,1,0.2032,0.9469
3570-5696-0000,3575,0,-0.0685,0.7572
3570-5696-0000,3729,0,-0.105,0.8435
3570-5696-0000,4446,0,0.107,0.7392
3570-5696-0000,4507,0,-0.0876,0.8312
3570-5696-0000,4970,0,0.1265,0.6685
3570-5696-0000,4992,0,-0.0786,0.7741
3570-5696-0000,5142,0,0.1145,0.645
3570-5696-0000,5683,0,-0.1033,0.7299
3570-5696-0000,6829,0,0.1517,0.7648
3570-5696-0000,8463,0,0.0101,0.7522
3570-5696-0000,8555,0,0.0869,0.6929
3570-5696-0008,121,0,-0.01,0.8447
3570-5696-0008,1221,0,-0.1424,0.7094
3570-5696-0008,1284,0,0.0338,0.6384
3570-5696-0008,1580,0,0.0037,0.7095
3570-5696-0008,1995,0,-0.0954,0.7544
3570-5696-0008,2094,0,0.0376,0.7494
3570-5696-0008,237,0,0.0624,0.8104
3570-5696-0008,2961,0,0.068,0.86
3570-5696-0008,3570,1,0.2181,0.9505
3570-5696-0008,3575,0,-0.082,0.7692
3570-5696-0008,3729,0,0.0022,0.796
3570-5696-0008,4446,0,0.0258,0.6764
3570-5696-0008,4507,0,-0.0291,0.8142
3570-5696-0008,4970,0,0.1114,0.6504
3570-5696-0008,4992,0,-0.0755,0.7233
3570-5696-0008,5142,0,-0.0214,0.5968
3570-5696-0008,5683,0,-0.134,0.7058
3570-5696-0008,6829,0,0.2031,0.7271
3570-5696-0008,8463,0,-0.0872,0.6909
3570-5696-0008,8555,0,0.1197,0.6817
3575-170457-0000,121,0,0.0427,0.6796
3575-170457-0000,1221,0,0.0879,0.7272
3575-170457-0000,1284,0,0.0731,0.6146
3575-170457-0000,1580,0,0.0918,0.7077
3575-170457-0000,1995,0,-0.0855,0.6029
3575-170457-0000,2094,0,0.1281,0.7147
3575-170457-0000,237,0,0.1705,0.7368
3575-170457-0000,2961,0,0.0371,0.6244
3575-170457-0000,3570,0,0.0023,0.7717
3575-170457-0000,3575,1,0.4923,0.9056
3575-170457-0000,3729,0,-0.0676,0.7085
3575-170457-0000,4446,0,0.0113,0.6381
3575-170457-0000,4507,0,-0.2611,0.7831
3575-170457-0000,4970,0,0.0849,0.8582
3575-170457-0000,4992,0,-0.0382,0.6613
3575-170457-0000,5142,0,-0.0505,0.6246
3575-170457-0000,5683,0,0.0933,0.791
3575-170457-0000,6829,0,0.2616,0.7795
3575-170457-0000,8463,0,0.1885,0.6353
3575-170457-0000,8555,0,0.109,0.7203
3575-170457-0005,121,0,0.0154,0.6518
3575-170457-0005,1221,0,0.0686,0.731
3575-170457-0005,1284,0,0.1013,0.641
3575-170457-0005,1580,0,0.0308,0.735
3575-170457-0005,1995,0,-0.0966,0.6002
3575-170457-0005,2094,0,0.1942,0.7255
3575-170457-0005,237,0,0.0903,0.7285
3575-170457-0005,2961,0,-0.0061,0.552
3575-170457-0005,3570,0,-0.0551,0.7235
3575-170457-0005,3575,1,0.4287,0.9248
3575-170457-0005,3729,0,-0.0917,0.6948
3575-170457-0005,4446,0,0.0515,0.6504
3575-170457-0005,4507,0,-0.2154,0.7861
3575-170457-0005,4970,0,0.0754,0.8855
3575-170457-0005,4992,0,-0.0522,0.6574
3575-170457-0005,5142,0,0.0026,0.6497
3575-170457-0005,5683,0,0.0549,0.8263
3575-170457-0005,6829,0,0.2583,0.773
3575-170457-0005,8463,0,0.1646,0.6176
3575-170457-0005,8555,0,0.0791,0.7567
3575-170457-0008,121,0,0.028,0.7302
3575-170457-0008,1221,0,0.0386,0.7597
3575-170457-0008,1284,0,0.093,0.6415
3575-170457-0008,1580,0,0.0919,0.7439
3575-170457-0008,1995,0,-0.0611,0.6604
3575-170457-0008,2094,0,0.199,0.7767
3575-170457-0008,237,0,0.191,0.7655
3575-170457-0008,2961,0,0.0555,0.6656
3575-170457-0008,3570,0,0.0009,0.8015
3575-170457-0008,3575,1,0.4766,0.9398
3575-170457-0008,3729,0,-0.0754,0.7496
3575-170457-0008,4446,0,-0.0529,0.6652
3575-170457-0008,4507,0,-0.1876,0.8287
3575-170457-0008,4970,0,0.0698,0.8584
3575-170457-0008,4992,0,-0.0445,0.707
3575-170457-0008,5142,0,-0.0442,0.6572
3575-170457-0008,5683,0,0.0835,0.8211
3575-170457-0008,6829,0,0.298,0.8226
3575-170457-0008,8463,0,0.1458,0.6688
3575-170457-0008,8555,0,0.1137,0.7522
3575-170457-0011,121,0,0.0653,0.6954
3575-170457-0011,1221,0,0.0694,0.7604
3575-170457-0011,1284,0,0.0971,0.6749
3575-170457-0011,1580,0,0.0317,0.7704
3575-170457-0011,1995,0,-0.0997,0.6629
3575-170457-0011,2094,0,0.1137,0.7699
3575-170457-0011,237,0,0.0934,0.7557
3575-170457-0011,2961,0,0.0122,0.6053
3575-170457-0011,3570,0,-0.0473,0.7464
3575-170457-0011,3575,1,0.4521,0.9684
3575-170457-0011,3729,0,-0.1505,0.7231
3575-170457-0011,4446,0,0.033,0.672
3575-170457-0011,4507,0,-0.2583,0.8228
3575-170457-0011,4970,0,0.0526,0.904
3575-170457-0011,4992,0,-0.0292,0.6925
3575-170457-0011,5142,0,-0.0515,0.6808
3575-170457-0011,5683,0,0.0655,0.8683
3575-170457-0011,6829,0,0.259,0.8077
3575-170457-0011,8463,0,0.0298,0.6427
3575-170457-0011,8555,0,0.1542,0.7975
3575-170457-0014,121,0,0.0765,0.707
3575-170457-0014,1221,0,0.0178,0.7666
3575-170457-0014,1284,0,0.0733,0.6544
3575-170457-0014,1580,0,-0.0025,0.7407
3575-170457-0014,1995,0,-0.1184,0.6868
3575-170457-0014,2094,0,0.1248,0.7733
3575-170457-0014,237,0,0.1468,0.7823
3575-170457-0014,2961,0,0.0326,0.6434
3575-170457-0014,3570,0,-0.0285,0.7833
3575-170457-0014,3575,1,0.4796,0.9352
3575-170457-0014,3729,0,-0.1076,0.75
3575-170457-0014,4446,0,-0.0671,0.6787
3575-170457-0014,4507,0,-0.2109,0.8413
3575-170457-0014,4970,0,0.1092,0.8998
3575-170457-0014,4992,0,-0.0677,0.7206
3575-170457-0014,5142,0,0.005,0.7304
3575-170457-0014,5683,0,0.0332,0.846
3575-170457-0014,6829,0,0.3041,0.8268
3575-170457-0014,8463,0,0.1033,0.6823
3575-170457-0014,8555,0,0.1171,0.8308
3575-170457-0020,121,0,-0.0021,0.7188
3575-170457-0020,1221,0,0.0214,0.7791
3575-170457-0020,1284,0,0.0673,0.689
3575-170457-0020,1580,0,0.0584,0.7725
3575-170457-0020,1995,0,-0.1388,0.6833
3575-170457-0020,2094,0,0.1525,0.7837
3575-170457-0020,237,0,0.1497,0.7908
3575-170457-0020,2961,0,0.0131,0.6565
3575-170457-0020,3570,0,-0.0606,0.7895
3575-170457-0020,3575,1,0.4305,0.9421
3575-170457-0020,3729,0,-0.1344,0.7484
3575-170457-0020,4446,0,-0.0035,0.697
3575-170457-0020,4507,0,-0.2547,0.8296
3575-170457-0020,4970,0,0.1176,0.8952
3575-170457-0020,4992,0,-0.0854,0.7183
3575-170457-0020,5142,0,-0.0162,0.6936
3575-170457-0020,5683,0,0.0449,0.8565
3575-170457-0020,6829,0,0.2623,0.8266
3575-170457-0020,8463,0,0.1107,0.6752
3575-170457-0020,8555,0,0.0693,0.7902
3575-170457-0031,121,0,0.0257,0.6552
3575-170457-0031,1221,0,0.0596,0.7302
3575-170457-0031,1284,0,0.1347,0.6449
3575-170457-0031,1580,0,0.1908,0.7363
3575-170457-0031,1995,0,-0.1338,0.5986
3575-170457-0031,2094,0,0.1519,0.7107
3575-170457-0031,237,0,0.1105,0.7299
3575-170457-0031,2961,0,0.0324,0.5762
3575-170457-0031,3570,0,0.0378,0.7189
3575-170457-0031,3575,1,0.4172,0.9329
3575-170457-0031,3729,0,-0.1372,0.6772
3575-170457-0031,4446,0,0.0326,0.6438
3575-170457-0031,4507,0,-0.1584,0.7657
3575-170457-0031,4970,0,0.1567,0.8898
3575-170457-0031,4992,0,-0.0624,0.6435
3575-170457-0031,5142,0,-0.0326,0.6331
3575-170457-0031,5683,0,0.0234,0.8275
3575-170457-0031,6829,0,0.2142,0.7639
3575-170457-0031,8463,0,0.1999,0.6192
3575-170457-0031,8555,0,0.0517,0.7409
3575-170457-0040,121,0,-0.0253,0.6645
3575-170457-0040,1221,0,0.0199,0.7579
3575-170457-0040,1284,0,0.0422,0.6716
3575-170457-0040,1580,0,0.0353,0.7595
3575-170457-0040,1995,0,-0.0969,0.635
3575-170457-0040,2094,0,0.1955,0.7524
3575-170457-0040,237,0,0.1482,0.7547
3575-170457-0040,2961,0,0.0038,0.576
3575-170457-0040,3570,0,-0.0672,0.7328
3575-170457-0040,3575,1,0.4189,0.929
3575-170457-0040,3729,0,-0.091,0.7116
3575-170457-0040,4446,0,-0.0074,0.6794
3575-170457-0040,4507,0,-0.2435,0.7944
3575-170457-0040,4970,0,0.0357,0.8944
3575-170457-0040,4992,0,-0.0655,0.6899
3575-170457-0040,5142,0,-0.037,0.6819
3575-170457-0040,5683,0,0.0125,0.8476
3575-170457-0040,6829,0,0.229,0.7977
3575-170457-0040,8463,0,0.0845,0.6438
3575-170457-0040,8555,0,0.1321,0.784
3575-170457-0044,121,0,-0.0005,0.6297
3575-170457-0044,1221,0,0.0197,0.7139
3575-170457-0044,1284,0,0.0691,0.6074
3575-170457-0044,1580,0,0.0971,0.6907
3575-170457-0044,1995,0,-0.1207,0.613
3575-170457-0044,2094,0,0.1245,0.7013
3575-170457-0044,237,0,0.142,0.723
3575-170457-0044,2961,0,0.0113,0.5567
3575-170457-0044,3570,0,-0.016,0.7211
3575-170457-0044,3575,1,0.4543,0.9169
3575-170457-0044,3729,0,-0.1103,0.6687
3575-170457-0044,4446,0,-0.0157,0.6169
3575-170457-0044,4507,0,-0.223,0.7609
3575-170457-0044,4970,0,0.1168,0.8845
3575-170457-0044,4992,0,-0.0517,0.6487
3575-170457-0044,5142,0,-0.0397,0.6531
3575-170457-0044,5683,0,0.069,0.8019
3575-170457-0044,6829,0,0.2381,0.7595
3575-170457-0044,8463,0,0.0566,0.6124
3575-170457-0044,8555,0,0.1587,0.7691
3575-170457-0045,121,0,0.0218,0.6741
3575-170457-0045,1221,0,0.0232,0.704
3575-170457-0045,1284,0,0.0383,0.6326
3575-170457-0045,1580,0,0.0392,0.7264
3575-170457-0045,1995,0,-0.0773,0.6425
3575-170457-0045,2094,0,0.1615,0.7365
3575-170457-0045,237,0,0.1416,0.7418
3575-170457-0045,2961,0,0.0412,0.5863
3575-170457-0045,3570,0,0.0138,0.7474
3575-170457-0045,3575,1,0.4398,0.9437
3575-170457-0045,3729,0,-0.1039,0.6773
3575-170457-0045,4446,0,-0.0024,0.6224
3575-170457-0045,4507,0,-0.1877,0.7594
3575-170457-0045,4970,0,0.1111,0.8455
3575-170457-0045,4992,0,-0.0082,0.6499
3575-170457-0045,5142,0,-0.0171,0.612
3575-170457-0045,5683,0,0.0336,0.8228
3575-170457-0045,6829,0,0.2218,0.7464
3575-170457-0045,8463,0,0.0577,0.608
3575-170457-0045,8555,0,0.1174,0.7401
3729-6852-0002,121,0,-0.0013,0.8934
3729-6852-0002,1221,0,0.0321,0.906
3729-6852-0002,1284,0,0.0871,0.8433
3729-6852-0002,1580,0,0.0857,0.8941
3729-6852-0002,1995,0,0.1354,0.8424
3729-6852-0002,2094,0,0.1432,0.9207
3729-6852-0002,237,0,-0.0269,0.9013
3729-6852-0002,2961,0,-0.078,0.7952
3729-6852-0002,3570,0,0.0689,0.8695
3729-6852-0002,3575,0,0.0075,0.8553
3729-6852-0002,3729,1,0.2293,0.9252
3729-6852-0002,4446,0,0.0736,0.8893
3729-6852-0002,4507,0,-0.0325,0.8986
3729-6852-0002,4970,0,0.0075,0.8031
3729-6852-0002,4992,0,0.0725,0.9029
3729-6852-0002,5142,0,-0.114,0.7808
3729-6852-0002,5683,0,-0.0524,0.8722
3729-6852-0002,6829,0,0.1509,0.8952
3729-6852-0002,8463,0,0.0811,0.8678
3729-6852-0002,8555,0,0.0209,0.7979
3729-6852-0011,121,0,-0.015,0.8865
3729-6852-0011,1221,0,-0.0074,0.8392
3729-6852-0011,1284,0,0.0292,0.7809
3729-6852-0011,1580,0,0.0343,0.82
3729-6852-0011,1995,0,0.0686,0.8458
3729-6852-0011,2094,0,0.2453,0.9131
3729-6852-0011,237,0,-0.0155,0.8483
3729-6852-0011,2961,0,0.04,0.8323
3729-6852-0011,3570,0,0.04,0.8578
3729-6852-0011,3575,0,0.1026,0.8183
3729-6852-0011,3729,1,0.1679,0.8847
3729-6852-0011,4446,0,-0.1067,0.8214
3729-6852-0011,4507,0,-0.0585,0.8601
3729-6852-0011,4970,0,0.0992,0.7432
3729-6852-0011,4992,0,0.0329,0.8716
3729-6852-0011,5142,0,-0.0837,0.7411
3729-6852-0011,5683,0,-0.0437,0.7935
3729-6852-0011,6829,0,0.1846,0.8584
3729-6852-0011,8463,0,0.0165,0.8576
3729-6852-0011,8555,0,0.0101,0.7465
3729-6852-0014,121,0,-0.0478,0.8681
3729-6852-0014,1221,0,-0.0486,0.8041
3729-6852-0014,1284,0,0.0651,0.7246
3729-6852-0014,1580,0,-0.0247,0.7923
3729-6852-0014,1995,0,0.0816,0.8319
3729-6852-0014,2094,0,0.0647,0.8314
3729-6852-0014,237,0,-0.0762,0.8597
3729-6852-0014,2961,0,-0.0104,0.8248
3729-6852-0014,3570,0,0.0384,0.9028
3729-6852-0014,3575,0,-0.0592,0.8301
3729-6852-0014,3729,1,0.1813,0.8427
3729-6852-0014,4446,0,-0.045,0.7592
3729-6852-0014,4507,0,-0.0163,0.8353
3729-6852-0014,4970,0,0.1242,0.7338
3729-6852-0014,4992,0,-0.0241,0.8208
3729-6852-0014,5142,0,-0.0337,0.6818
3729-6852-0014,5683,0,-0.0849,0.7862
3729-6852-0014,6829,0,0.0729,0.7901
3729-6852-0014,8463,0,0.0229,0.7916
3729-6852-0014,8555,0,0.041,0.7533
3729-6852-0016,121,0,0.0923,0.8916
3729-6852-0016,1221,0,0.0395,0.8035
3729-6852-0016,1284,0,0.0377,0.7185
3729-6852-0016,1580,0,0.0434,0.7568
3729-6852-0016,1995,0,-0.0441,0.7594
3729-6852-0016,2094,0,0.2056,0.826
3729-6852-0016,237,0,0.1332,0.8093
3729-6852-0016,2961,0,0.0398,0.8559
3729-6852-0016,3570,0,0.0514,0.9069
3729-6852-0016,3575,0,0.1259,0.754
3729-6852-0016,3729,1,0.2608,0.8957
3729-6852-0016,4446,0,-0.1202,0.7858
3729-6852-0016,4507,0,0.0087,0.8664
3729-6852-0016,4970,0,-0.0028,0.6986
3729-6852-0016,4992,0,0.0155,0.8114
3729-6852-0016,5142,0,-0.0403,0.6983
3729-6852-0016,5683,0,-0.0475,0.743
3729-6852-0016,6829,0,0.2015,0.8041
3729-6852-0016,8463,0,0.0446,0.8001
3729-6852-0016,8555,0,-0.0065,0.705
3729-6852-0022,121,0,-0.0104,0.8769
3729-6852-0022,1221,0,-0.0088,0.9009
3729-6852-0022,1284,0,0.1479,0.8203
3729-6852-0022,1580,0,0.0641,0.8651
3729-6852-0022,1995,0,0.1138,0.8169
3729-6852-0022,2094,0,0.2985,0.9149
3729-6852-0022,237,0,0.0444,0.8964
3729-6852-0022,2961,0,-0.0348,0.7779
3729-6852-0022,3570,0,0.0952,0.8501
3729-6852-0022,3575,0,0.042,0.7971
3729-6852-0022,3729,1,0.3699,0.9304
3729-6852-0022,4446,0,0.0526,0.8956
3729-6852-0022,4507,0,-0.0039,0.8948
3729-6852-0022,4970,0,0.0202,0.7805
3729-6852-0022,4992,0,0.0613,0.9074
3729-6852-0022,5142,0,-0.0686,0.7973
3729-6852-0022,5683,0,-0.0782,0.8458
3729-6852-0022,6829,0,0.1173,0.891
3729-6852-0022,8463,0,0.015,0.8724
3729-6852-0022,8555,0,-0.0193,0.786
3729-6852-0026,121,0,-0.0545,0.8212
3729-6852-0026,1221,0,0.0741,0.8809
3729-6852-0026,1284,0,0.0079,0.7701
3729-6852-0026,1580,0,0.0641,0.8245
3729-6852-0026,1995,0,-0.0695,0.7577
3729-6852-0026,2094,0,0.2868,0.8968
3729-6852-0026,237,0,0.0166,0.8424
3729-6852-0026,2961,0,-0.0656,0.725
3729-6852-0026,3570,0,-0.0584,0.8194
3729-6852-0026,3575,0,-0.0064,0.851
3729-6852-0026,3729,1,0.2576,0.897
3729-6852-0026,4446,0,-0.0256,0.8404
3729-6852-0026,4507,0,-0.0327,0.9059
3729-6852-0026,4970,0,-0.0143,0.8329
3729-6852-0026,4992,0,0.0961,0.8609
3729-6852-0026,5142,0,-0.0301,0.7902
3729-6852-0026,5683,0,-0.0567,0.8512
3729-6852-0026,6829,0,0.1256,0.9199
3729-6852-0026,8463,0,0.0917,0.8158
3729-6852-0026,8555,0,0.0716,0.7918
3729-6852-0037,121,0,-0.0888,0.83
3729-6852-0037,1221,0,0.0698,0.9103
3729-6852-0037,1284,0,0.1943,0.8157
3729-6852-0037,1580,0,0.1268,0.8556
3729-6852-0037,1995,0,-0.0163,0.7872
3729-6852-0037,2094,0,0.1437,0.9161
3729-6852-0037,237,0,0.0701,0.8773
3729-6852-0037,2961,0,-0.0688,0.7287
3729-6852-0037,3570,0,0.0781,0.8115
3729-6852-0037,3575,0,0.1472,0.8389
3729-6852-0037,3729,1,0.2155,0.9083
3729-6852-0037,4446,0,0.0285,0.8773
3729-6852-0037,4507,0,-0.0398,0.9114
3729-6852-0037,4970,0,0.1189,0.8412
3729-6852-0037,4992,0,0.0281,0.889
3729-6852-0037,5142,0,-0.0409,0.8201
3729-6852-0037,5683,0,-0.0358,0.8632
3729-6852-0037,6829,0,0.1618,0.9394
3729-6852-0037,8463,0,-0.0056,0.8535
3729-6852-0037,8555,0,0.1175,0.7983
3729-6852-0039,121,0,-0.0759,0.7907
3729-6852-0039,1221,0,0.1214,0.9178
3729-6852-0039,1284,0,0.1367,0.8021
3729-6852-0039,1580,0,0.0413,0.8256
3729-6852-0039,1995,0,0.0241,0.7666
3729-6852-0039,2094,0,0.1838,0.898
3729-6852-0039,237,0,0.0074,0.8563
3729-6852-0039,2961,0,-0.0241,0.6723
3729-6852-0039,3570,0,0.0313,0.754
3729-6852-0039,3575,0,0.0362,0.8098
3729-6852-0039,3729,1,0.2194,0.901
3729-6852-0039,4446,0,0.0265,0.8805
3729-6852-0039,4507,0,-0.0444,0.8936
3729-6852-0039,4970,0,0.0335,0.8548
3729-6852-0039,4992,0,0.0916,0.8944
3729-6852-0039,5142,0,-0.0066,0.8509
3729-6852-0039,5683,0,-0.0026,0.8535
3729-6852-0039,6829,0,0.2192,0.938
3729-6852-0039,8463,0,-0.0187,0.8563
3729-6852-0039,8555,0,0.1297,0.8154
3729-6852-0040,121,0,-0.048,0.8133
3729-6852-0040,1221,0,0.0435,0.8502
3729-6852-0040,1284,0,0.106,0.7236
3729-6852-0040,1580,0,0.0156,0.7688
3729-6852-0040,1995,0,-0.0584,0.7094
3729-6852-0040,2094,0,0.1347,0.8258
3729-6852-0040,237,0,0.0992,0.8155
3729-6852-0040,2961,0,0.037,0.742
3729-6852-0040,3570,0,0.0756,0.8504
3729-6852-0040,3575,0,0.0091,0.8019
3729-6852-0040,3729,1,0.2062,0.8851
3729-6852-0040,4446,0,-0.0066,0.8044
3729-6852-0040,4507,0,-0.0359,0.8952
3729-6852-0040,4970,0,0.0511,0.8133
3729-6852-0040,4992,0,0.0816,0.823
3729-6852-0040,5142,0,-0.0542,0.7675
3729-6852-0040,5683,0,-0.1032,0.7952
3729-6852-0040,6829,0,0.226,0.8744
3729-6852-0040,8463,0,0.0809,0.8005
3729-6852-0040,8555,0,0.057,0.7688
3729-6852-0046,121,0,-0.0895,0.8401
3729-6852-0046,1221,0,0.0353,0.9209
3729-6852-0046,1284,0,0.156,0.8338
3729-6852-0046,1580,0,0.0935,0.8772
3729-6852-0046,1995,0,0.0891,0.8173
3729-6852-0046,2094,0,0.2872,0.9289
3729-6852-0046,237,0,0.0451,0.8989
3729-6852-0046,2961,0,-0.0436,0.7157
3729-6852-0046,3570,0,0.065,0.8028
3729-6852-0046,3575,0,0.0519,0.8515
3729-6852-0046,3729,1,0.2274,0.9116
3729-6852-0046,4446,0,0.0086,0.8937
3729-6852-0046,4507,0,-0.0295,0.9015
3729-6852-0046,4970,0,0.1203,0.8411
3729-6852-0046,4992,0,0.0378,0.908
3729-6852-0046,5142,0,-0.0096,0.8208
3729-6852-0046,5683,0,-0.0142,0.8828
3729-6852-0046,6829,0,0.2124,0.927
3729-6852-0046,8463,0,0.0006,0.8617
3729-6852-0046,8555,0,0.0408,0.8171
4077-13751-0002,1089,0,0.0117,0.7497
4077-13751-0002,1188,0,-0.0754,0.759
4077-13751-0002,1320,0,0.059,0.7659
4077-13751-0002,2300,0,0.0944,0.6998
4077-13751-0002,260,0,0.1216,0.8364
4077-13751-0002,2830,0,-0.0268,0.6883
4077-13751-0002,4077,1,0.3445,0.8908
4077-13751-0002,5105,0,0.2423,0.8263
4077-13751-0002,5639,0,0.0577,0.8071
4077-13751-0002,61,0,0.1226,0.8267
4077-13751-0002,672,0,-0.007,0.7978
4077-13751-0002,6930,0,0.1845,0.6723
4077-13751-0002,7021,0,0.1221,0.8058
4077-13751-0002,7127,0,0.062,0.7711
4077-13751-0002,7176,0,0.1846,0.8173
4077-13751-0002,7729,0,0.0689,0.89
4077-13751-0002,8224,0,0.0623,0.6713
4077-13751-0002,8230,0,-0.0754,0.6804
4077-13751-0002,8455,0,-0.0039,0.698
4077-13751-0002,908,0,0.2569,0.8589
4077-13751-0006,1089,0,0.0498,0.7655
4077-13751-0006,1188,0,-0.0361,0.7555
4077-13751-0006,1320,0,0.1293,0.7803
4077-13751-0006,2300,0,0.1008,0.7422
4077-13751-0006,260,0,0.0988,0.85
4077-13751-0006,2830,0,-0.0252,0.6715
4077-13751-0006,4077,1,0.3991,0.913
4077-13751-0006,5105,0,0.2749,0.8194
4077-13751-0006,5639,0,0.0899,0.811
4077-13751-0006,61,0,0.0963,0.8316
4077-13751-0006,672,0,0.0112,0.8161
4077-13751-0006,6930,0,0.1775,0.7013
4077-13751-0006,7021,0,0.1534,0.8075
4077-13751-0006,7127,0,0.0787,0.7704
4077-13751-0006,7176,0,0.1849,0.8129
4077-13751-0006,7729,0,0.0895,0.9009
4077-13751-0006,8224,0,0.09,0.6759
4077-13751-0006,8230,0,-0.0493,0.6826
4077-13751-0006,8455,0,0.0932,0.7451
4077-13751-0006,908,0,0.2494,0.8732
4077-13751-0008,1089,0,0.0784,0.7943
4077-13751-0008,1188,0,0.0381,0.7751
4077-13751-0008,1320,0,0.1026,0.7941
4077-13751-0008,2300,0,0.1237,0.6853
4077-13751-0008,260,0,0.0639,0.8737
4077-13751-0008,2830,0,0.0006,0.7102
4077-13751-0008,4077,1,0.4378,0.9423
4077-13751-0008,5105,0,0.2837,0.8413
4077-13751-0008,5639,0,0.0243,0.8608
4077-13751-0008,61,0,0.1829,0.8499
4077-13751-0008,672,0,-0.0126,0.8461
4077-13751-0008,6930,0,0.1982,0.7202
4077-13751-0008,7021,0,0.1777,0.7966
4077-13751-0008,7127,0,0.1224,0.8066
4077-13751-0008,7176,0,0.2409,0.8474
4077-13751-0008,7729,0,0.1111,0.8967
4077-13751-0008,8224,0,0.053,0.696
4077-13751-0008,8230,0,0.0064,0.7237
4077-13751-0008,8455,0,0.0818,0.7441
4077-13751-0008,908,0,0.2838,0.88
4077-13751-0010,1089,0,0.045,0.7644
4077-13751-0010,1188,0,-0.0744,0.7428
4077-13751-0010,1320,0,0.087,0.7764
4077-13751-0010,2300,0,0.0839,0.7482
4077-13751-0010,260,0,0.0985,0.8102
4077-13751-0010,2830,0,-0.006,0.6493
4077-13751-0010,4077,1,0.3675,0.9178
4077-13751-0010,5105,0,0.2734,0.8173
4077-13751-0010,5639,0,0.0789,0.8081
4077-13751-0010,61,0,0.1174,0.7916
4077-13751-0010,672,0,0.0036,0.796
4077-13751-0010,6930,0,0.1994,0.6464
4077-13751-0010,7021,0,0.1421,0.805
4077-13751-0010,7127,0,0.0848,0.7956
4077-13751-0010,7176,0,0.2116,0.7683
4077-13751-0010,7729,0,0.0617,0.9084
4077-13751-0010,8224,0,0.1234,0.6645
4077-13751-0010,8230,0,-0.0315,0.652
4077-13751-0010,8455,0,-0.008,0.7173
4077-13751-0010,908,0,0.225,0.8488
4077-13751-0013,1089,0,-0.0203,0.7324
4077-13751-0013,1188,0,-0.0325,0.7128
4077-13751-0013,1320,0,0.0876,0.7574
4077-13751-0013,2300,0,0.0136,0.7344
4077-13751-0013,260,0,0.0616,0.786
4077-13751-0013,2830,0,-0.0043,0.6306
4077-13751-0013,4077,1,0.3546,0.8742
4077-13751-0013,5105,0,0.3002,0.8083
4077-13751-0013,5639,0,0.0343,0.7672
4077-13751-0013,61,0,0.0855,0.7583
4077-13751-0013,672,0,-0.0008,0.7632
4077-13751-0013,6930,0,0.1802,0.6364
4077-13751-0013,7021,0,0.1303,0.8133
4077-13751-0013,7127,0,0.046,0.7686
4077-13751-0013,7176,0,0.1627,0.7485
4077-13751-0013,7729,0,0.0722,0.8691
4077-13751-0013,8224,0,0.0725,0.6251
4077-13751-0013,8230,0,-0.0864,0.6153
4077-13751-0013,8455,0,0.0758,0.6852
4077-13751-0013,908,0,0.2074,0.8379
4077-13751-0015,1089,0,0.0491,0.7587
4077-13751-0015,1188,0,-0.0312,0.7585
4077-13751-0015,1320,0,0.0954,0.7594
4077-13751-0015,2300,0,0.0671,0.6549
4077-13751-0015,260,0,0.0675,0.8485
4077-13751-0015,2830,0,-0.0358,0.7125
4077-13751-0015,4077,1,0.4338,0.9227
4077-13751-0015,5105,0,0.2873,0.8175
4077-13751-0015,5639,0,0.0752,0.8482
4077-13751-0015,61,0,0.1429,0.8329
4077-13751-0015,672,0,-0.0427,0.8037
4077-13751-0015,6930,0,0.2061,0.6847
4077-13751-0015,7021,0,0.147,0.769
4077-13751-0015,7127,0,0.0677,0.7946
4077-13751-0015,7176,0,0.2142,0.8324
4077-13751-0015,7729,0,0.0793,0.8965
4077-13751-0015,8224,0,0.0774,0.6584
4077-13751-0015,8230,0,-0.0276,0.7052
4077-13751-0015,8455,0,0.0545,0.6934
4077-13751-0015,908,0,0.2387,0.8455
4077-13751-0020,1089,0,-0.0041,0.766
4077-13751-0020,1188,0,-0.1176,0.758
4077-13751-0020,1320,0,0.0968,0.7942
4077-13751-0020,2300,0,0.0778,0.741
4077-13751-0020,260,0,0.0961,0.8454
4077-13751-0020,2830,0,-0.069,0.6816
4077-13751-0020,4077,1,0.392,0.9242
4077-13751-0020,5105,0,0.2397,0.8337
4077-13751-0020,5639,0,0.0435,0.8125
4077-13751-0020,61,0,0.0828,0.8127
4077-13751-0020,672,0,-0.0367,0.8163
4077-13751-0020,6930,0,0.228,0.6934
4077-13751-0020,7021,0,0.1418,0.8104
4077-13751-0020,7127,0,0.0092,0.8014
4077-13751-0020,7176,0,0.1822,0.8021
4077-13751-0020,7729,0,0.0773,0.8845
4077-13751-0020,8224,0,0.0697,0.6821
4077-13751-0020,8230,0,-0.0927,0.6714
4077-13751-0020,8455,0,0.0623,0.7452
4077-13751-0020,908,0,0.2217,0.8531
4077-13754-0000,1089,0,0.1195,0.7616
4077-13754-0000,1188,0,-0.0705,0.746
4077-13754-0000,1320,0,0.0761,0.7341
4077-13754-0000,2300,0,0.0069,0.6295
4077-13754-0000,260,0,0.1418,0.8459
4077-13754-0000,2830,0,0.0125,0.7021
4077-13754-0000,4077,1,0.4194,0.8892
4077-13754-0000,5105,0,0.285,0.7945
4077-13754-0000,5639,0,0.1714,0.8646
4077-13754-0000,61,0,0.0972,0.8604
4077-13754-0000,672,0,-0.0307,0.8133
4077-13754-0000,6930,0,0.1892,0.6932
4077-13754-0000,7021,0,0.1155,0.7542
4077-13754-0000,7127,0,0.0683,0.7372
4077-13754-0000,7176,0,0.2443,0.8449
4077-13754-0000,7729,0,0.1039,0.9118
4077-13754-0000,8224,0,0.0606,0.6803
4077-13754-0000,8230,0,-0.0067,0.7297
4077-13754-0000,8455,0,0.0703,0.6722
4077-13754-0000,908,0,0.2252,0.8812
4077-13754-0003,1089,0,0.0202,0.753
4077-13754-0003,1188,0,0.0195,0.7622
4077-13754-0003,1320,0,0.1003,0.7261
4077-13754-0003,2300,0,0.0876,0.6148
4077-13754-0003,260,0,0.0531,0.851
4077-13754-0003,2830,0,0.0386,0.7104
4077-13754-0003,4077,1,0.3342,0.8963
4077-13754-0003,5105,0,0.2219,0.7799
4077-13754-0003,5639,0,0.1161,0.8679
4077-13754-0003,61,0,0.0887,0.8383
4077-13754-0003,672,0,0.0499,0.802
4077-13754-0003,6930,0,0.1709,0.6769
4077-13754-0003,7021,0,0.0855,0.7357
4077-13754-0003,7127,0,0.0465,0.7435
4077-13754-0003,7176,0,0.1675,0.83
4077-13754-0003,7729,0,0.0696,0.9058
4077-13754-0003,8224,0,0.0199,0.667
4077-13754-0003,8230,0,-0.0694,0.7194
4077-13754-0003,8455,0,0.0792,0.6725
4077-13754-0003,908,0,0.2586,0.8533
4077-13754-0010,1089,0,0.0509,0.7756
4077-13754-0010,1188,0,-0.0096,0.7937
4077-13754-0010,1320,0,0.1189,0.7846
4077-13754-0010,2300,0,0.1046,0.6973
4077-13754-0010,260,0,0.1531,0.8779
4077-13754-0010,2830,0,0.0227,0.7309
4077-13754-0010,4077,1,0.3546,0.9176
4077-13754-0010,5105,0,0.2887,0.8328
4077-13754-0010,5639,0,0.1084,0.8461
4077-13754-0010,61,0,0.0824,0.8516
4077-13754-0010,672,0,0.0749,0.8287
4077-13754-0010,6930,0,0.2188,0.7081
4077-13754-0010,7021,0,0.1543,0.7968
4077-13754-0010,7127,0,0.0861,0.7897
4077-13754-0010,7176,0,0.184,0.8381
4077-13754-0010,7729,0,0.062,0.9064
4077-13754-0010,8224,0,0.1103,0.6965
4077-13754-0010,8230,0,-0.0548,0.7225
4077-13754-0010,8455,0,0.0912,0.7335
4077-13754-0010,908,0,0.2212,0.8663
4446-2273-0001,121,0,0.0197,0.7866
4446-2273-0001,1221,0,0.0484,0.9391
4446-2273-0001,1284,0,0.1298,0.8826
4446-2273-0001,1580,0,-0.0043,0.8815
4446-2273-0001,1995,0,-0.1798,0.8419
4446-2273-0001,2094,0,0.0568,0.9032
4446-2273-0001,237,0,0.043,0.9065
4446-2273-0001,2961,0,0.0454,0.6405
4446-2273-0001,3570,0,0.004,0.7059
4446-2273-0001,3575,0,-0.0124,0.7533
4446-2273-0001,3729,0,-0.0679,0.8813
4446-2273-0001,4446,1,0.3261,0.9457
4446-2273-0001,4507,0,-0.1088,0.8485
4446-2273-0001,4970,0,0.1415,0.8205
4446-2273-0001,4992,0,-0.0058,0.9392
4446-2273-0001,5142,0,0.1948,0.8914
4446-2273-0001,5683,0,-0.1052,0.8567
4446-2273-0001,6829,0,0.2153,0.8996
4446-2273-0001,8463,0,0.1844,0.9085
4446-2273-0001,8555,0,0.076,0.8493
4446-2273-0008,121,0,-0.0347,0.8002
4446-2273-0008,1221,0,0.0384,0.9278
4446-2273-0008,1284,0,0.0509,0.8483
4446-2273-0008,1580,0,0.0182,0.8613
4446-2273-0008,1995,0,-0.1241,0.8285
4446-2273-0008,2094,0,0.1026,0.8665
4446-2273-0008,237,0,-0.0439,0.8959
4446-2273-0008,2961,0,-0.0609,0.6751
4446-2273-0008,3570,0,0.0988,0.7575
4446-2273-0008,3575,0,-0.0554,0.7737
4446-2273-0008,3729,0,-0.0275,0.8867
4446-2273-0008,4446,1,0.2615,0.9156
4446-2273-0008,4507,0,-0.0806,0.8585
4446-2273-0008,4970,0,0.0809,0.8408
4446-2273-0008,4992,0,-0.0007,0.9255
4446-2273-0008,5142,0,0.1485,0.8843
4446-2273-0008,5683,0,-0.1088,0.8638
4446-2273-0008,6829,0,0.1631,0.8791
4446-2273-0008,8463,0,0.1737,0.9078
4446-2273-0008,8555,0,0.2115,0.874
4446-2273-0022,121,0,0.0136,0.7897
4446-2273-0022,1221,0,0.1152,0.9341
4446-2273-0022,1284,0,0.1075,0.8518
4446-2273-0022,1580,0,-0.0342,0.8805
4446-2273-0022,1995,0,-0.0672,0.8389
4446-2273-0022,2094,0,0.103,0.8752
4446-2273-0022,237,0,0.0373,0.9133
4446-2273-0022,2961,0,0.0156,0.6543
4446-2273-0022,3570,0,0.0004,0.7357
4446-2273-0022,3575,0,-0.0047,0.7656
4446-2273-0022,3729,0,-0.0293,0.881
4446-2273-0022,4446,1,0.3001,0.926
4446-2273-0022,4507,0,-0.1229,0.8645
4446-2273-0022,4970,0,0.0982,0.8411
4446-2273-0022,4992,0,0.0287,0.9324
4446-2273-0022,5142,0,0.0716,0.9027
4446-2273-0022,5683,0,-0.0701,0.884
4446-2273-0022,6829,0,0.1623,0.8739
4446-2273-0022,8463,0,0.175,0.9009
4446-2273-0022,8555,0,0.0325,0.9035
4446-2273-0032,121,0,0.0104,0.8257
4446-2273-0032,1221,0,0.0958,0.9417
4446-2273-0032,1284,0,0.1155,0.8785
4446-2273-0032,1580,0,0.0115,0.8746
4446-2273-0032,1995,0,-0.1866,0.8301
4446-2273-0032,2094,0,0.0568,0.9118
4446-2273-0032,237,0,0.0159,0.8989
4446-2273-0032,2961,0,-0.0209,0.6975
4446-2273-0032,3570,0,0.002,0.7518
4446-2273-0032,3575,0,-0.0045,0.7331
4446-2273-0032,3729,0,-0.0022,0.9217
4446-2273-0032,4446,1,0.353,0.9552
4446-2273-0032,4507,0,-0.1193,0.8696
4446-2273-0032,4970,0,0.1101,0.7818
4446-2273-0032,4992,0,0.0086,0.9384
4446-2273-0032,5142,0,0.134,0.8564
4446-2273-0032,5683,0,-0.09,0.8447
4446-2273-0032,6829,0,0.1754,0.9146
4446-2273-0032,8463,0,0.2121,0.898
4446-2273-0032,8555,0,0.1466,0.7971
4446-2275-0007,121,0,-0.0112,0.7884
4446-2275-0007,1221,0,0.0835,0.9418
4446-2275-0007,1284,0,0.1354,0.8584
4446-2275-0007,1580,0,0.0315,0.8757
4446-2275-0007,1995,0,-0.1262,0.7933
4446-2275-0007,2094,0,0.0682,0.8728
4446-2275-0007,237,0,-0.0272,0.8928
4446-2275-0007,2961,0,-0.0558,0.6606
4446-2275-0007,3570,0,0.0232,0.7525
4446-2275-0007,3575,0,-0.0367,0.7877
4446-2275-0007,3729,0,-0.0833,0.8927
4446-2275-0007,4446,1,0.3892,0.9271
4446-2275-0007,4507,0,-0.1174,0.8827
4446-2275-0007,4970,0,0.1279,0.8565
4446-2275-0007,4992,0,-0.0296,0.9078
4446-2275-0007,5142,0,0.0975,0.8711
4446-2275-0007,5683,0,-0.0754,0.8785
4446-2275-0007,6829,0,0.212,0.9076
4446-2275-0007,8463,0,0.1823,0.8752
4446-2275-0007,8555,0,0.0705,0.852
4446-2275-0026,121,0,-0.0078,0.8001
4446-2275-0026,1221,0,0.0908,0.9407
4446-2275-0026,1284,0,0.0927,0.8515
4446-2275-0026,1580,0,-0.0034,0.881
4446-2275-0026,1995,0,-0.084,0.787
4446-2275-0026,2094,0,0.1046,0.8901
4446-2275-0026,237,0,-0.0954,0.8844
4446-2275-0026,2961,0,-0.0445,0.6784
4446-2275-0026,3570,0,0.0316,0.7605
4446-2275-0026,3575,0,-0.0233,0.7831
4446-2275-0026,3729,0,-0.0119,0.9065
4446-2275-0026,4446,1,0.2868,0.9279
4446-2275-0026,4507,0,-0.09,0.9071
4446-2275-0026,4970,0,0.0224,0.8419
4446-2275-0026,4992,0,0.0056,0.9105
4446-2275-0026,5142,0,0.0679,0.8691
4446-2275-0026,5683,0,-0.154,0.8749
4446-2275-0026,6829,0,0.1329,0.9292
4446-2275-0026,8463,0,0.1201,0.8646
4446-2275-0026,8555,0,0.0285,0.8421
4446-2275-0029,121,0,0.0925,0.8494
4446-2275-0029,1221,0,0.159,0.9387
4446-2275-0029,1284,0,0.1593,0.8599
4446-2275-0029,1580,0,0.0364,0.885
4446-2275-0029,1995,0,-0.0439,0.8458
4446-2275-0029,2094,0,0.1312,0.9234
4446-2275-0029,237,0,0.0354,0.9218
4446-2275-0029,2961,0,-0.0657,0.7147
4446-2275-0029,3570,0,0.0024,0.7747
4446-2275-0029,3575,0,0.0199,0.7632
4446-2275-0029,3729,0,0.0091,0.9296
4446-2275-0029,4446,1,0.3274,0.9473
4446-2275-0029,4507,0,-0.122,0.8954
4446-2275-0029,4970,0,0.0084,0.7957
4446-2275-0029,4992,0,0.0994,0.9478
4446-2275-0029,5142,0,0.077,0.8673
4446-2275-0029,5683,0,-0.0473,0.8661
4446-2275-0029,6829,0,0.2251,0.9204
4446-2275-0029,8463,0,0.1931,0.9087
4446-2275-0029,8555,0,0.099,0.828
4446-2275-0035,121,0,0.0372,0.7651
4446-2275-0035,1221,0,0.1273,0.9323
4446-2275-0035,1284,0,0.157,0.9109
4446-2275-0035,1580,0,0.0547,0.8832
4446-2275-0035,1995,0,-0.132,0.8072
4446-2275-0035,2094,0,0.0643,0.8937
4446-2275-0035,237,0,-0.082,0.8851
4446-2275-0035,2961,0,-0.0709,0.6389
4446-2275-0035,3570,0,-0.0073,0.6741
4446-2275-0035,3575,0,-0.1073,0.6881
4446-2275-0035,3729,0,-0.0455,0.8744
4446-2275-0035,4446,1,0.4747,0.9638
4446-2275-0035,4507,0,-0.1018,0.8251
4446-2275-0035,4970,0,0.0382,0.7684
4446-2275-0035,4992,0,0.0192,0.9152
4446-2275-0035,5142,0,0.0647,0.858
4446-2275-0035,5683,0,-0.1233,0.832
4446-2275-0035,6829,0,0.1242,0.8978
4446-2275-0035,8463,0,0.1899,0.8801
4446-2275-0035,8555,0,-0.0277,0.7762
4446-2275-0041,121,0,-0.0709,0.8586
4446-2275-0041,1221,0,0.0254,0.9312
4446-2275-0041,1284,0,0.1439,0.8968
4446-2275-0041,1580,0,-0.0063,0.8905
4446-2275-0041,1995,0,-0.1149,0.8901
4446-2275-0041,2094,0,0.1183,0.9109
4446-2275-0041,237,0,-0.0593,0.9134
4446-2275-0041,2961,0,-0.0789,0.7347
4446-2275-0041,3570,0,-0.0589,0.7575
4446-2275-0041,3575,0,0.0224,0.6717
4446-2275-0041,3729,0,-0.0918,0.9227
4446-2275-0041,4446,1,0.2552,0.9683
4446-2275-0041,4507,0,-0.0874,0.8667
4446-2275-0041,4970,0,0.026,0.7116
4446-2275-0041,4992,0,-0.0275,0.9667
4446-2275-0041,5142,0,0.1058,0.8735
4446-2275-0041,5683,0,-0.07,0.8235
4446-2275-0041,6829,0,0.0989,0.8827
4446-2275-0041,8463,0,0.102,0.9311
4446-2275-0041,8555,0,0.0599,0.8111
4446-2275-0043,121,0,-0.0077,0.8482
4446-2275-0043,1221,0,0.1836,0.9412
4446-2275-0043,1284,0,0.1671,0.8701
4446-2275-0043,1580,0,0.0362,0.8954
4446-2275-0043,1995,0,-0.1229,0.8572
4446-2275-0043,2094,0,0.1352,0.9188
4446-2275-0043,237,0,-0.0042,0.9131
4446-2275-0043,2961,0,-0.0352,0.734
4446-2275-0043,3570,0,-0.0812,0.7859
4446-2275-0043,3575,0,-0.0363,0.7508
4446-2275-0043,3729,0,-0.0178,0.9219
4446-2275-0043,4446,1,0.3183,0.949
4446-2275-0043,4507,0,-0.0762,0.9049
4446-2275-0043,4970,0,0.0224,0.7817
4446-2275-0043,4992,0,0.1115,0.9472
4446-2275-0043,5142,0,0.1037,0.871
4446-2275-0043,5683,0,-0.0999,0.8567
4446-2275-0043,6829,0,0.1675,0.9184
4446-2275-0043,8463,0,0.252,0.9023
4446-2275-0043,8555,0,0.095,0.8393
4507-16021-0001,121,0,0.0007,0.7982
4507-16021-0001,1221,0,-0.0184,0.8596
4507-16021-0001,1284,0,0.0217,0.771
4507-16021-0001,1580,0,0.0017,0.8277
4507-16021-0001,1995,0,-0.1219,0.7457
4507-16021-0001,2094,0,0.0079,0.8276
4507-16021-0001,237,0,-0.0226,0.8803
4507-16021-0001,2961,0,-0.0741,0.7492
4507-16021-0001,3570,0,0.0277,0.8637
4507-16021-0001,3575,0,-0.0017,0.8575
4507-16021-0001,3729,0,-0.0722,0.8438
4507-16021-0001,4446,0,-0.0399,0.8051
4507-16021-0001,4507,1,0.0707,0.8893
4507-16021-0001,4970,0,0.022,0.8588
4507-16021-0001,4992,0,-0.0962,0.8102
4507-16021-0001,5142,0,-0.0146,0.7643
4507-16021-0001,5683,0,-0.0195,0.8611
4507-16021-0001,6829,0,0.1645,0.8723
4507-16021-0001,8463,0,0.0797,0.7753
4507-16021-0001,8555,0,0.2241,0.8059
4507-16021-0005,121,0,-0.1082,0.7516
4507-16021-0005,1221,0,0.0122,0.825
4507-16021-0005,1284,0,0.0688,0.7214
4507-16021-0005,1580,0,0.0168,0.7942
4507-16021-0005,1995,0,-0.1379,0.6512
4507-16021-0005,2094,0,0.0238,0.802
4507-16021-0005,237,0,-0.0224,0.8097
4507-16021-0005,2961,0,0.1102,0.6971
4507-16021-0005,3570,0,0.0651,0.814
4507-16021-0005,3575,0,-0.0849,0.8251
4507-16021-0005,3729,0,-0.1557,0.8247
4507-16021-0005,4446,0,0.0544,0.7797
4507-16021-0005,4507,1,0.0736,0.883
4507-16021-0005,4970,0,0.1094,0.8389
4507-16021-0005,4992,0,-0.0727,0.7587
4507-16021-0005,5142,0,0.1754,0.7262
4507-16021-0005,5683,0,-0.0263,0.8252
4507-16021-0005,6829,0,0.2288,0.8689
4507-16021-0005,8463,0,0.0049,0.7202
4507-16021-0005,8555,0,0.2588,0.7485
4507-16021-0021,121,0,0.0047,0.7139
4507-16021-0021,1221,0,-0.0177,0.862
4507-16021-0021,1284,0,0.0566,0.7444
4507-16021-0021,1580,0,-0.0029,0.7771
4507-16021-0021,1995,0,-0.1108,0.6764
4507-16021-0021,2094,0,0.1328,0.8207
4507-16021-0021,237,0,-0.0772,0.7995
4507-16021-0021,2961,0,-0.0443,0.6442
4507-16021-0021,3570,0,0.023,0.7338
4507-16021-0021,3575,0,0.0022,0.7883
4507-16021-0021,3729,0,-0.0656,0.8371
4507-16021-0021,4446,0,0.0891,0.8111
4507-16021-0021,4507,1,0.1153,0.8938
4507-16021-0021,4970,0,0.0698,0.8737
4507-16021-0021,4992,0,-0.0383,0.8039
4507-16021-0021,5142,0,0.0632,0.8291
4507-16021-0021,5683,0,-0.0471,0.8367
4507-16021-0021,6829,0,0.236,0.9131
4507-16021-0021,8463,0,0.0485,0.7639
4507-16021-0021,8555,0,0.2038,0.8091
4507-16021-0030,121,0,0.0091,0.7827
4507-16021-0030,1221,0,0.0413,0.8912
4507-16021-0030,1284,0,0.0466,0.781
4507-16021-0030,1580,0,0.0533,0.8424
4507-16021-0030,1995,0,-0.1546,0.7279
4507-16021-0030,2094,0,0.0578,0.8575
4507-16021-0030,237,0,-0.0568,0.8694
4507-16021-0030,2961,0,0.0281,0.6957
4507-16021-0030,3570,0,0.0538,0.8107
4507-16021-0030,3575,0,-0.0548,0.8453
4507-16021-0030,3729,0,-0.037,0.8682
4507-16021-0030,4446,0,0.082,0.8386
4507-16021-0030,4507,1,0.1399,0.9265
4507-16021-0030,4970,0,0.0214,0.8779
4507-16021-0030,4992,0,-0.0198,0.8364
4507-16021-0030,5142,0,0.0271,0.814
4507-16021-0030,5683,0,-0.0645,0.8709
4507-16021-0030,6829,0,0.2577,0.9182
4507-16021-0030,8463,0,0.0603,0.7924
4507-16021-0030,8555,0,0.1771,0.8223
4507-16021-0031,121,0,0.0148,0.8341
4507-16021-0031,1221,0,0.0469,0.8691
4507-16021-0031,1284,0,0.1217,0.7791
4507-16021-0031,1580,0,-0.0005,0.8211
4507-16021-0031,1995,0,-0.1118,0.7893
4507-16021-0031,2094,0,0.1005,0.8604
4507-16021-0031,237,0,0.0139,0.8751
4507-16021-0031,2961,0,-0.0812,0.7787
4507-16021-0031,3570,0,0.0672,0.8657
4507-16021-0031,3575,0,-0.0423,0.8058
4507-16021-0031,3729,0,0.0347,0.8771
4507-16021-0031,4446,0,0.0925,0.8334
4507-16021-0031,4507,1,0.1615,0.8978
4507-16021-0031,4970,0,-0.0093,0.8024
4507-16021-0031,4992,0,0.0107,0.8517
4507-16021-0031,5142,0,0.0271,0.7763
4507-16021-0031,5683,0,-0.0545,0.8181
4507-16021-0031,6829,0,0.2468,0.8816
4507-16021-0031,8463,0,0.0941,0.8219
4507-16021-0031,8555,0,0.2354,0.786
4507-16021-0046,121,0,0.01,0.7781
4507-16021-0046,1221,0,-0.0115,0.8813
4507-16021-0046,1284,0,0.0496,0.7794
4507-16021-0046,1580,0,-0.018,0.8116
4507-16021-0046,1995,0,-0.1297,0.7807
4507-16021-0046,2094,0,0.0417,0.8616
4507-16021-0046,237,0,-0.0645,0.884
4507-16021-0046,2961,0,-0.0038,0.6993
4507-16021-0046,3570,0,0.0137,0.7921
4507-16021-0046,3575,0,-0.0108,0.8006
4507-16021-0046,3729,0,-0.058,0.863
4507-16021-0046,4446,0,0.0266,0.8401
4507-16021-0046,4507,1,0.0872,0.8977
4507-16021-0046,4970,0,0.1379,0.8521
4507-16021-0046,4992,0,-0.0295,0.8645
4507-16021-0046,5142,0,0.1395,0.8463
4507-16021-0046,5683,0,-0.0629,0.8402
4507-16021-0046,6829,0,0.2871,0.9102
4507-16021-0046,8463,0,0.0353,0.8293
4507-16021-0046,8555,0,0.2184,0.8343
4507-16021-0052,121,0,-0.0422,0.8173
4507-16021-0052,1221,0,-0.0386,0.8397
4507-16021-0052,1284,0,0.016,0.7392
4507-16021-0052,1580,0,-0.0117,0.828
4507-16021-0052,1995,0,-0.1215,0.6981
4507-16021-0052,2094,0,-0.0308,0.8132
4507-16021-0052,237,0,-0.0719,0.8404
4507-16021-0052,2961,0,-0.1378,0.739
4507-16021-0052,3570,0,-0.0606,0.8759
4507-16021-0052,3575,0,-0.0053,0.8726
4507-16021-0052,3729,0,-0.0586,0.8638
4507-16021-0052,4446,0,0.0302,0.7915
4507-16021-0052,4507,1,0.0695,0.9141
4507-16021-0052,4970,0,-0.0416,0.8396
4507-16021-0052,4992,0,-0.051,0.7815
4507-16021-0052,5142,0,-0.0181,0.7226
4507-16021-0052,5683,0,-0.0298,0.8685
4507-16021-0052,6829,0,0.1322,0.8577
4507-16021-0052,8463,0,0.0594,0.7321
4507-16021-0052,8555,0,0.1321,0.7828
4507-16021-0053,121,0,0.0696,0.7662
4507-16021-0053,1221,0,0.0381,0.8272
4507-16021-0053,1284,0,0.0876,0.7316
4507-16021-0053,1580,0,0.0488,0.7901
4507-16021-0053,1995,0,-0.1114,0.6832
4507-16021-0053,2094,0,0.1155,0.8107
4507-16021-0053,237,0,-0.1061,0.8034
4507-16021-0053,2961,0,0.0389,0.7063
4507-16021-0053,3570,0,0.0828,0.8095
4507-16021-0053,3575,0,0.0068,0.8498
4507-16021-0053,3729,0,-0.0642,0.8211
4507-16021-0053,4446,0,0.0601,0.7773
4507-16021-0053,4507,1,0.1316,0.8576
4507-16021-0053,4970,0,0.0213,0.8492
4507-16021-0053,4992,0,-0.022,0.7773
4507-16021-0053,5142,0,-0.0236,0.7233
4507-16021-0053,5683,0,-0.0507,0.8199
4507-16021-0053,6829,0,0.2373,0.8622
4507-16021-0053,8463,0,0.0767,0.755
4507-16021-0053,8555,0,0.1036,0.7482
4507-16021-0056,121,0,-0.0356,0.8435
4507-16021-0056,1221,0,-0.0118,0.9137
4507-16021-0056,1284,0,0.0044,0.8367
4507-16021-0056,1580,0,-0.009,0.8604
4507-16021-0056,1995,0,-0.141,0.8147
4507-16021-0056,2094,0,0.1672,0.9126
4507-16021-0056,237,0,-0.1307,0.8942
4507-16021-0056,2961,0,-0.0915,0.7658
4507-16021-0056,3570,0,-0.0446,0.8317
4507-16021-0056,3575,0,-0.0218,0.8143
4507-16021-0056,3729,0,0.0103,0.9172
4507-16021-0056,4446,0,-0.0185,0.8853
4507-16021-0056,4507,1,0.1093,0.9301
4507-16021-0056,4970,0,-0.0441,0.8345
4507-16021-0056,4992,0,0.0346,0.8964
4507-16021-0056,5142,0,-0.0129,0.84
4507-16021-0056,5683,0,-0.1148,0.8784
4507-16021-0056,6829,0,0.1951,0.9362
4507-16021-0056,8463,0,0.041,0.8512
4507-16021-0056,8555,0,0.2572,0.8209
4507-16021-0057,121,0,-0.0595,0.821
4507-16021-0057,1221,0,0.0264,0.8715
4507-16021-0057,1284,0,0.1121,0.7509
4507-16021-0057,1580,0,0.0879,0.8133
4507-16021-0057,1995,0,-0.0621,0.7468
4507-16021-0057,2094,0,0.1733,0.8403
4507-16021-0057,237,0,-0.0215,0.8844
4507-16021-0057,2961,0,-0.036,0.7243
4507-16021-0057,3570,0,0.0699,0.8631
4507-16021-0057,3575,0,-0.0571,0.8214
4507-16021-0057,3729,0,0.0685,0.886
4507-16021-0057,4446,0,0.1292,0.82
4507-16021-0057,4507,1,0.2598,0.9345
4507-16021-0057,4970,0,0.0962,0.8242
4507-16021-0057,4992,0,0.0938,0.8281
4507-16021-0057,5142,0,0.1104,0.7868
4507-16021-0057,5683,0,0.029,0.8593
4507-16021-0057,6829,0,0.2269,0.873
4507-16021-0057,8463,0,0.0595,0.7727
4507-16021-0057,8555,0,0.3332,0.816
4970-29093-0002,121,0,-0.0383,0.6278
4970-29093-0002,1221,0,-0.1015,0.7272
4970-29093-0002,1284,0,0.0183,0.6249
4970-29093-0002,1580,0,-0.0523,0.703
4970-29093-0002,1995,0,-0.0311,0.5738
4970-29093-0002,2094,0,0.0584,0.6851
4970-29093-0002,237,0,-0.0428,0.7108
4970-29093-0002,2961,0,0.0745,0.5824
4970-29093-0002,3570,0,0.0484,0.7157
4970-29093-0002,3575,0,0.0084,0.9013
4970-29093-0002,3729,0,-0.1568,0.6816
4970-29093-0002,4446,0,0.0303,0.6378
4970-29093-0002,4507,0,-0.2365,0.7791
4970-29093-0002,4970,1,0.3981,0.9197
4970-29093-0002,4992,0,-0.037,0.6412
4970-29093-0002,5142,0,0.0799,0.6733
4970-29093-0002,5683,0,0.0045,0.8103
4970-29093-0002,6829,0,0.1466,0.7796
4970-29093-0002,8463,0,-0.0664,0.6222
4970-29093-0002,8555,0,0.0611,0.7627
4970-29093-0013,121,0,-0.0618,0.6377
4970-29093-0013,1221,0,-0.1347,0.7424
4970-29093-0013,1284,0,-0.0395,0.644
4970-29093-0013,1580,0,-0.0928,0.698
4970-29093-0013,1995,0,-0.0499,0.5539
4970-29093-0013,2094,0,-0.0025,0.7062
4970-29093-0013,237,0,-0.0165,0.6889
4970-29093-0013,2961,0,-0.0336,0.5807
4970-29093-0013,3570,0,-0.0826,0.7118
4970-29093-0013,3575,0,-0.0111,0.8625
4970-29093-0013,3729,0,-0.1129,0.7116
4970-29093-0013,4446,0,-0.0176,0.6689
4970-29093-0013,4507,0,-0.2684,0.7825
4970-29093-0013,4970,1,0.3408,0.8924
4970-29093-0013,4992,0,-0.0181,0.6535
4970-29093-0013,5142,0,0.0511,0.6781
4970-29093-0013,5683,0,-0.0185,0.7896
4970-29093-0013,6829,0,0.142,0.7966
4970-29093-0013,8463,0,-0.0525,0.6405
4970-29093-0013,8555,0,0.0573,0.7254
4970-29093-0020,121,0,0.0549,0.6044
4970-29093-0020,1221,0,-0.0627,0.7482
4970-29093-0020,1284,0,0.0422,0.7159
4970-29093-0020,1580,0,0.0351,0.7571
4970-29093-0020,1995,0,-0.041,0.5735
4970-29093-0020,2094,0,-0.0714,0.7004
4970-29093-0020,237,0,-0.0122,0.7125
4970-29093-0020,2961,0,0.1041,0.535
4970-29093-0020,3570,0,-0.0003,0.6437
4970-29093-0020,3575,0,0.0685,0.8339
4970-29093-0020,3729,0,-0.1543,0.6658
4970-29093-0020,4446,0,0.0116,0.6967
4970-29093-0020,4507,0,-0.2408,0.7237
4970-29093-0020,4970,1,0.3342,0.8806
4970-29093-0020,4992,0,-0.0177,0.6541
4970-29093-0020,5142,0,0.0558,0.6617
4970-29093-0020,5683,0,0.0231,0.8027
4970-29093-0020,6829,0,0.1224,0.7655
4970-29093-0020,8463,0,-0.0633,0.6484
4970-29093-0020,8555,0,0.0001,0.7007
4970-29095-0006,121,0,0.056,0.6703
4970-29095-0006,1221,0,-0.063,0.8212
4970-29095-0006,1284,0,-0.0088,0.7336
4970-29095-0006,1580,0,-0.128,0.7834
4970-29095-0006,1995,0,-0.0919,0.6555
4970-29095-0006,2094,0,-0.0634,0.7861
4970-29095-0006,237,0,0.0598,0.8085
4970-29095-0006,2961,0,-0.014,0.6072
4970-29095-0006,3570,0,-0.0967,0.7335
4970-29095-0006,3575,0,0.0554,0.8786
4970-29095-0006,3729,0,-0.1778,0.7463
4970-29095-0006,4446,0,0.0069,0.7447
4970-29095-0006,4507,0,-0.2236,0.8242
4970-29095-0006,4970,1,0.2069,0.9064
4970-29095-0006,4992,0,-0.1137,0.7276
4970-29095-0006,5142,0,0.0613,0.7306
4970-29095-0006,5683,0,0.0625,0.8467
4970-29095-0006,6829,0,0.1967,0.8626
4970-29095-0006,8463,0,-0.0398,0.681
4970-29095-0006,8555,0,0.0948,0.7735
4970-29095-0007,121,0,0.0091,0.6255
4970-29095-0007,1221,0,-0.0919,0.807
4970-29095-0007,1284,0,-0.0169,0.6891
4970-29095-0007,1580,0,-0.1075,0.704
4970-29095-0007,1995,0,-0.0891,0.6273
4970-29095-0007,2094,0,0.0932,0.7554
4970-29095-0007,237,0,0.0266,0.7394
4970-29095-0007,2961,0,0.134,0.5466
4970-29095-0007,3570,0,0.0016,0.6441
4970-29095-0007,3575,0,0.0076,0.824
4970-29095-0007,3729,0,-0.1382,0.7412
4970-29095-0007,4446,0,0.0244,0.7286
4970-29095-0007,4507,0,-0.1849,0.8068
4970-29095-0007,4970,1,0.3451,0.9269
4970-29095-0007,4992,0,-0.0138,0.7352
4970-29095-0007,5142,0,0.0616,0.7937
4970-29095-0007,5683,0,-0.0069,0.8009
4970-29095-0007,6829,0,0.1607,0.8676
4970-29095-0007,8463,0,0.0058,0.7216
4970-29095-0007,8555,0,0.0784,0.7876
4970-29095-0020,121,0,0.0267,0.5929
4970-29095-0020,1221,0,-0.1011,0.758
4970-29095-0020,1284,0,-0.0182,0.6371
4970-29095-0020,1580,0,-0.1356,0.6685
4970-29095-0020,1995,0,-0.0799,0.5761
4970-29095-0020,2094,0,0.0827,0.7019
4970-29095-0020,237,0,0.031,0.7001
4970-29095-0020,2961,0,0.0463,0.5174
4970-29095-0020,3570,0,-0.037,0.643
4970-29095-0020,3575,0,0.0211,0.8279
4970-29095-0020,3729,0,-0.1342,0.7014
4970-29095-0020,4446,0,0.0069,0.6778
4970-29095-0020,4507,0,-0.2251,0.7755
4970-29095-0020,4970,1,0.3674,0.9231
4970-29095-0020,4992,0,-0.027,0.6832
4970-29095-0020,5142,0,0.0836,0.7561
4970-29095-0020,5683,0,0.0054,0.7852
4970-29095-0020,6829,0,0.1697,0.8116
4970-29095-0020,8463,0,0.0249,0.671
4970-29095-0020,8555,0,0.0508,0.7842
4970-29095-0024,121,0,0.0272,0.6046
4970-29095-0024,1221,0,-0.0896,0.7488
4970-29095-0024,1284,0,-0.0383,0.6053
4970-29095-0024,1580,0,-0.0546,0.6325
4970-29095-0024,1995,0,-0.1127,0.5959
4970-29095-0024,2094,0,0.0168,0.6839
4970-29095-0024,237,0,0.061,0.7073
4970-29095-0024,2961,0,0.0897,0.5583
4970-29095-0024,3570,0,-0.0646,0.6721
4970-29095-0024,3575,0,0.0753,0.8282
4970-29095-0024,3729,0,-0.1465,0.6981
4970-29095-0024,4446,0,-0.0076,0.6465
4970-29095-0024,4507,0,-0.2138,0.7802
4970-29095-0024,4970,1,0.4199,0.9255
4970-29095-0024,4992,0,-0.0188,0.6794
4970-29095-0024,5142,0,0.0876,0.7568
4970-29095-0024,5683,0,0.0424,0.7635
4970-29095-0024,6829,0,0.2114,0.8119
4970-29095-0024,8463,0,0.0661,0.6766
4970-29095-0024,8555,0,0.0941,0.7924
4970-29095-0026,121,0,0.0155,0.6109
4970-29095-0026,1221,0,-0.0881,0.7508
4970-29095-0026,1284,0,0.0237,0.6311
4970-29095-0026,1580,0,-0.1113,0.6756
4970-29095-0026,1995,0,-0.0522,0.5717
4970-29095-0026,2094,0,0.0601,0.7
4970-29095-0026,237,0,0.011,0.7174
4970-29095-0026,2961,0,0.0475,0.5562
4970-29095-0026,3570,0,-0.0225,0.6765
4970-29095-0026,3575,0,0.0567,0.8594
4970-29095-0026,3729,0,-0.1266,0.7041
4970-29095-0026,4446,0,0.0369,0.6637
4970-29095-0026,4507,0,-0.178,0.7914
4970-29095-0026,4970,1,0.4139,0.9321
4970-29095-0026,4992,0,-0.0349,0.6634
4970-29095-0026,5142,0,0.0518,0.7261
4970-29095-0026,5683,0,0.0395,0.7945
4970-29095-0026,6829,0,0.2274,0.8205
4970-29095-0026,8463,0,-0.0074,0.6524
4970-29095-0026,8555,0,0.1035,0.7652
4970-29095-0027,121,0,0.0506,0.6662
4970-29095-0027,1221,0,-0.0767,0.8228
4970-29095-0027,1284,0,0.0045,0.7169
4970-29095-0027,1580,0,-0.0482,0.7421
4970-29095-0027,1995,0,-0.0312,0.6581
4970-29095-0027,2094,0,0.0885,0.7797
4970-29095-0027,237,0,0.0256,0.7769
4970-29095-0027,2961,0,0.0653,0.5875
4970-29095-0027,3570,0,0.0017,0.6981
4970-29095-0027,3575,0,0.0459,0.8618
4970-29095-0027,3729,0,-0.0366,0.7659
4970-29095-0027,4446,0,-0.007,0.7491
4970-29095-0027,4507,0,-0.1544,0.8268
4970-29095-0027,4970,1,0.3675,0.9398
4970-29095-0027,4992,0,0.0018,0.7578
4970-29095-0027,5142,0,0.0917,0.7972
4970-29095-0027,5683,0,0.0121,0.8318
4970-29095-0027,6829,0,0.1267,0.8739
4970-29095-0027,8463,0,-0.0382,0.7467
4970-29095-0027,8555,0,0.0852,0.8102
4970-29095-0036,121,0,0.0188,0.7101
4970-29095-0036,1221,0,-0.1125,0.8069
4970-29095-0036,1284,0,0.0489,0.6928
4970-29095-0036,1580,0,-0.0604,0.7471
4970-29095-0036,1995,0,-0.1561,0.6523
4970-29095-0036,2094,0,0.0524,0.7551
4970-29095-0036,237,0,0.0905,0.7818
4970-29095-0036,2961,0,0.1108,0.6605
4970-29095-0036,3570,0,-0.0063,0.7826
4970-29095-0036,3575,0,0.0648,0.8631
4970-29095-0036,3729,0,-0.1318,0.7934
4970-29095-0036,4446,0,0.0704,0.734
4970-29095-0036,4507,0,-0.1585,0.8675
4970-29095-0036,4970,1,0.2976,0.9163
4970-29095-0036,4992,0,-0.067,0.7405
4970-29095-0036,5142,0,0.1243,0.7769
4970-29095-0036,5683,0,-0.0212,0.8313
4970-29095-0036,6829,0,0.26,0.8579
4970-29095-0036,8463,0,0.1406,0.7198
4970-29095-0036,8555,0,0.1006,0.817
4992-23283-0004,121,0,-0.0651,0.8417
4992-23283-0004,1221,0,0.1051,0.9055
4992-23283-0004,1284,0,0.0751,0.8388
4992-23283-0004,1580,0,0.1547,0.8386
4992-23283-0004,1995,0,-0.073,0.872
4992-23283-0004,2094,0,0.1679,0.9294
4992-23283-0004,237,0,0.0833,0.8872
4992-23283-0004,2961,0,0.009,0.7365
4992-23283-0004,3570,0,-0.0607,0.754
4992-23283-0004,3575,0,0.0945,0.7388
4992-23283-0004,3729,0,0.0273,0.8957
4992-23283-0004,4446,0,0.0432,0.899
4992-23283-0004,4507,0,-0.0295,0.8454
4992-23283-0004,4970,0,0.0099,0.7592
4992-23283-0004,4992,1,0.2702,0.9498
4992-23283-0004,5142,0,-0.0195,0.8519
4992-23283-0004,5683,0,-0.0575,0.8132
4992-23283-0004,6829,0,0.3337,0.8941
4992-23283-0004,8463,0,0.2529,0.9387
4992-23283-0004,8555,0,0.1572,0.7974
4992-23283-0011,121,0,-0.1417,0.8274
4992-23283-0011,1221,0,0.0559,0.9119
4992-23283-0011,1284,0,0.064,0.874
4992-23283-0011,1580,0,0.0671,0.8729
4992-23283-0011,1995,0,-0.0145,0.8985
4992-23283-0011,2094,0,0.0767,0.9366
4992-23283-0011,237,0,-0.0808,0.8942
4992-23283-0011,2961,0,-0.0193,0.6964
4992-23283-0011,3570,0,0.0841,0.7128
4992-23283-0011,3575,0,0.0029,0.7359
4992-23283-0011,3729,0,0.0218,0.8793
4992-23283-0011,4446,0,0.0902,0.9185
4992-23283-0011,4507,0,-0.1086,0.8343
4992-23283-0011,4970,0,0.1148,0.7652
4992-23283-0011,4992,1,0.3486,0.9648
4992-23283-0011,5142,0,0.0563,0.8818
4992-23283-0011,5683,0,-0.1542,0.8332
4992-23283-0011,6829,0,0.2418,0.877
4992-23283-0011,8463,0,0.1318,0.9466
4992-23283-0011,8555,0,0.2553,0.8367
4992-23283-0013,121,0,0.0082,0.8754
4992-23283-0013,1221,0,0.0751,0.9302
4992-23283-0013,1284,0,0.0291,0.8537
4992-23283-0013,1580,0,0.0957,0.85
4992-23283-0013,1995,0,-0.024,0.8909
4992-23283-0013,2094,0,0.1091,0.9372
4992-23283-0013,237,0,0.0029,0.8892
4992-23283-0013,2961,0,0.0007,0.7492
4992-23283-0013,3570,0,-0.0102,0.7638
4992-23283-0013,3575,0,0.0728,0.7405
4992-23283-0013,3729,0,0.0667,0.9293
4992-23283-0013,4446,0,0.0005,0.9223
4992-23283-0013,4507,0,-0.0144,0.8726
4992-23283-0013,4970,0,0.0623,0.7647
4992-23283-0013,4992,1,0.3027,0.9751
4992-23283-0013,5142,0,0.0587,0.878
4992-23283-0013,5683,0,-0.0537,0.8276
4992-23283-0013,6829,0,0.301,0.9015
4992-23283-0013,8463,0,0.2306,0.9624
4992-23283-0013,8555,0,0.2,0.8197
4992-41797-0007,121,0,-0.0752,0.8053
4992-41797-0007,1221,0,0.1172,0.9316
4992-41797-0007,1284,0,0.0494,0.84
4992-41797-0007,1580,0,0.1458,0.8532
4992-41797-0007,1995,0,-0.1256,0.8619
4992-41797-0007,2094,0,0.0604,0.9042
4992-41797-0007,237,0,0.0381,0.8993
4992-41797-0007,2961,0,-0.0135,0.6982
4992-41797-0007,3570,0,-0.0747,0.7378
4992-41797-0007,3575,0,0.1089,0.7644
4992-41797-0007,3729,0,-0.0172,0.888
4992-41797-0007,4446,0,-0.009,0.8983
4992-41797-0007,4507,0,-0.0687,0.8808
4992-41797-0007,4970,0,0.0377,0.8338
4992-41797-0007,4992,1,0.1766,0.9542
4992-41797-0007,5142,0,0.0754,0.9198
4992-41797-0007,5683,0,-0.091,0.8537
4992-41797-0007,6829,0,0.3009,0.9223
4992-41797-0007,8463,0,0.119,0.934
4992-41797-0007,8555,0,0.1402,0.8771
4992-41797-0010,121,0,-0.1322,0.7627
4992-41797-0010,1221,0,0.102,0.9155
4992-41797-0010,1284,0,0.037,0.7821
4992-41797-0010,1580,0,0.1316,0.7806
4992-41797-0010,1995,0,-0.1194,0.7917
4992-41797-0010,2094,0,0.1465,0.8828
4992-41797-0010,237,0,0.0893,0.8383
4992-41797-0010,2961,0,-0.0123,0.655
4992-41797-0010,3570,0,-0.0482,0.7044
4992-41797-0010,3575,0,0.1612,0.7418
4992-41797-0010,3729,0,0.026,0.8828
4992-41797-0010,4446,0,-0.0214,0.8661
4992-41797-0010,4507,0,-0.0814,0.8866
4992-41797-0010,4970,0,0.0899,0.8356
4992-41797-0010,4992,1,0.1972,0.9159
4992-41797-0010,5142,0,0.0555,0.9143
4992-41797-0010,5683,0,-0.0559,0.8228
4992-41797-0010,6829,0,0.3614,0.9424
4992-41797-0010,8463,0,0.0815,0.8908
4992-41797-0010,8555,0,0.2813,0.8509
4992-41797-0017,121,0,-0.129,0.8054
4992-41797-0017,1221,0,0.0884,0.9144
4992-41797-0017,1284,0,0.0722,0.7994
4992-41797-0017,1580,0,0.0559,0.7794
4992-41797-0017,1995,0,-0.1361,0.8622
4992-41797-0017,2094,0,0.1151,0.8933
4992-41797-0017,237,0,0.0132,0.8732
4992-41797-0017,2961,0,-0.0836,0.692
4992-41797-0017,3570,0,-0.0685,0.72
4992-41797-0017,3575,0,0.0881,0.6966
4992-41797-0017,3729,0,-0.0015,0.8985
4992-41797-0017,4446,0,-0.0212,0.8827
4992-41797-0017,4507,0,0.0461,0.8654
4992-41797-0017,4970,0,0.0152,0.7748
4992-41797-0017,4992,1,0.1649,0.9558
4992-41797-0017,5142,0,0.1268,0.9209
4992-41797-0017,5683,0,-0.044,0.7938
4992-41797-0017,6829,0,0.238,0.9152
4992-41797-0017,8463,0,0.0902,0.9392
4992-41797-0017,8555,0,0.2305,0.8427
4992-41806-0003,121,0,-0.0756,0.8481
4992-41806-0003,1221,0,0.0423,0.9209
4992-41806-0003,1284,0,-0.0055,0.8142
4992-41806-0003,1580,0,0.0861,0.846
4992-41806-0003,1995,0,-0.0517,0.8605
4992-41806-0003,2094,0,0.1284,0.914
4992-41806-0003,237,0,0.138,0.9116
4992-41806-0003,2961,0,-0.0219,0.7446
4992-41806-0003,3570,0,-0.0151,0.806
4992-41806-0003,3575,0,0.0942,0.8002
4992-41806-0003,3729,0,0.0903,0.9107
4992-41806-0003,4446,0,-0.0717,0.8868
4992-41806-0003,4507,0,0.0222,0.9064
4992-41806-0003,4970,0,0.0639,0.8237
4992-41806-0003,4992,1,0.1475,0.9351
4992-41806-0003,5142,0,0.0628,0.8639
4992-41806-0003,5683,0,0.0491,0.8491
4992-41806-0003,6829,0,0.2609,0.9191
4992-41806-0003,8463,0,0.0528,0.9011
4992-41806-0003,8555,0,0.3493,0.848
4992-41806-0008,121,0,-0.194,0.8067
4992-41806-0008,1221,0,0.1192,0.9321
4992-41806-0008,1284,0,0.0677,0.8321
4992-41806-0008,1580,0,0.0727,0.8191
4992-41806-0008,1995,0,-0.098,0.8548
4992-41806-0008,2094,0,0.1526,0.9074
4992-41806-0008,237,0,0.184,0.8894
4992-41806-0008,2961,0,-0.0174,0.6932
4992-41806-0008,3570,0,-0.0229,0.7294
4992-41806-0008,3575,0,0.0354,0.7038
4992-41806-0008,3729,0,0.0801,0.9101
4992-41806-0008,4446,0,0.0241,0.9164
4992-41806-0008,4507,0,0.0396,0.8772
4992-41806-0008,4970,0,0.1028,0.7842
4992-41806-0008,4992,1,0.2149,0.9607
4992-41806-0008,5142,0,0.1215,0.9196
4992-41806-0008,5683,0,-0.0255,0.821
4992-41806-0008,6829,0,0.2307,0.9251
4992-41806-0008,8463,0,0.1508,0.932
4992-41806-0008,8555,0,0.3052,0.8467
4992-41806-0013,121,0,-0.1571,0.8189
4992-41806-0013,1221,0,0.0514,0.9434
4992-41806-0013,1284,0,0.0774,0.8376
4992-41806-0013,1580,0,0.0724,0.8645
4992-41806-0013,1995,0,-0.0919,0.8502
4992-41806-0013,2094,0,0.1825,0.9102
4992-41806-0013,237,0,0.2397,0.937
4992-41806-0013,2961,0,-0.0752,0.7025
4992-41806-0013,3570,0,-0.0652,0.7744
4992-41806-0013,3575,0,0.0963,0.7714
4992-41806-0013,3729,0,0.0198,0.9057
4992-41806-0013,4446,0,-0.0672,0.9152
4992-41806-0013,4507,0,0.0254,0.8986
4992-41806-0013,4970,0,0.122,0.8252
4992-41806-0013,4992,1,0.1026,0.9494
4992-41806-0013,5142,0,0.1104,0.9048
4992-41806-0013,5683,0,0.0191,0.8662
4992-41806-0013,6829,0,0.2849,0.9236
4992-41806-0013,8463,0,0.0933,0.9149
4992-41806-0013,8555,0,0.2975,0.8768
4992-41806-0017,121,0,-0.1377,0.8215
4992-41806-0017,1221,0,0.0901,0.9242
4992-41806-0017,1284,0,0.0205,0.8202
4992-41806-0017,1580,0,0.0307,0.8336
4992-41806-0017,1995,0,-0.0854,0.8876
4992-41806-0017,2094,0,0.1592,0.9185
4992-41806-0017,237,0,0.1428,0.9114
4992-41806-0017,2961,0,-0.0612,0.6989
4992-41806-0017,3570,0,-0.0805,0.7422
4992-41806-0017,3575,0,0.0498,0.7458
4992-41806-0017,3729,0,0.0799,0.8958
4992-41806-0017,4446,0,0.0191,0.8982
4992-41806-0017,4507,0,0.0346,0.8757
4992-41806-0017,4970,0,0.0621,0.7917
4992-41806-0017,4992,1,0.1438,0.962
4992-41806-0017,5142,0,0.1367,0.9065
4992-41806-0017,5683,0,0.0005,0.8407
4992-41806-0017,6829,0,0.1743,0.9055
4992-41806-0017,8463,0,0.1517,0.9309
4992-41806-0017,8555,0,0.3117,0.8709
5105-28233-0001,1089,0,0.0861,0.8017
5105-28233-0001,1188,0,0.0589,0.8823
5105-28233-0001,1320,0,0.2682,0.8276
5105-28233-0001,2300,0,0.0192,0.7209
5105-28233-0001,260,0,0.2235,0.8595
5105-28233-0001,2830,0,0.1958,0.8517
5105-28233-0001,4077,0,0.0418,0.7753
5105-28233-0001,5105,1,0.3887,0.8856
5105-28233-0001,5639,0,0.0624,0.7841
5105-28233-0001,61,0,0.1405,0.8644
5105-28233-0001,672,0,0.1383,0.8377
5105-28233-0001,6930,0,0.0962,0.7285
5105-28233-0001,7021,0,0.1533,0.8496
5105-28233-0001,7127,0,0.0627,0.7944
5105-28233-0001,7176,0,0.1282,0.8391
5105-28233-0001,7729,0,0.09,0.8689
5105-28233-0001,8224,0,0.099,0.7252
5105-28233-0001,8230,0,0.0701,0.8112
5105-28233-0001,8455,0,0.0766,0.728
5105-28233-0001,908,0,0.0947,0.8365
5105-28233-0004,1089,0,0.1015,0.7793
5105-28233-0004,1188,0,0.0398,0.8416
5105-28233-0004,1320,0,0.2473,0.7635
5105-28233-0004,2300,0,-0.0186,0.5772
5105-28233-0004,260,0,0.2443,0.8591
5105-28233-0004,2830,0,0.1369,0.8564
5105-28233-0004,4077,0,0.0845,0.7525
5105-28233-0004,5105,1,0.4708,0.8403
5105-28233-0004,5639,0,0.1112,0.8498
5105-28233-0004,61,0,0.071,0.8801
5105-28233-0004,672,0,0.1229,0.8433
5105-28233-0004,6930,0,0.1455,0.7396
5105-28233-0004,7021,0,0.1692,0.7692
5105-28233-0004,7127,0,0.0532,0.731
5105-28233-0004,7176,0,0.1656,0.8545
5105-28233-0004,7729,0,0.1088,0.848
5105-28233-0004,8224,0,0.0197,0.7323
5105-28233-0004,8230,0,0.0679,0.8274
5105-28233-0004,8455,0,0.0573,0.654
5105-28233-0004,908,0,0.1532,0.8518
5105-28240-0006,1089,0,-0.0561,0.771
5105-28240-0006,1188,0,-0.0442,0.8261
5105-28240-0006,1320,0,0.0952,0.7929
5105-28240-0006,2300,0,0.0334,0.7013
5105-28240-0006,260,0,0.1576,0.8682
5105-28240-0006,2830,0,0.0415,0.795
5105-28240-0006,4077,0,0.0654,0.7776
5105-28240-0006,5105,1,0.3809,0.8714
5105-28240-0006,5639,0,0.0233,0.7921
5105-28240-0006,61,0,0.0881,0.9033
5105-28240-0006,672,0,-0.0493,0.835
5105-28240-0006,6930,0,0.1086,0.7551
5105-28240-0006,7021,0,0.096,0.8415
5105-28240-0006,7127,0,-0.0006,0.7299
5105-28240-0006,7176,0,0.1419,0.861
5105-28240-0006,7729,0,0.025,0.8724
5105-28240-0006,8224,0,0.0257,0.7395
5105-28240-0006,8230,0,-0.0301,0.7909
5105-28240-0006,8455,0,-0.0312,0.7105
5105-28240-0006,908,0,0.1764,0.8849
5105-28240-0007,1089,0,-0.0054,0.7478
5105-28240-0007,1188,0,0.0118,0.7714
5105-28240-0007,1320,0,0.0969,0.8019
5105-28240-0007,2300,0,-0.0111,0.7593
5105-28240-0007,260,0,0.1818,0.817
5105-28240-0007,2830,0,0.0409,0.7283
5105-28240-0007,4077,0,0.076,0.8055
5105-28240-0007,5105,1,0.3769,0.8753
5105-28240-0007,5639,0,0.0598,0.7567
5105-28240-0007,61,0,0.0648,0.8519
5105-28240-0007,672,0,-0.0396,0.7978
5105-28240-0007,6930,0,0.0977,0.7201
5105-28240-0007,7021,0,0.1006,0.8555
5105-28240-0007,7127,0,0.1336,0.763
5105-28240-0007,7176,0,0.1159,0.8129
5105-28240-0007,7729,0,0.046,0.8702
5105-28240-0007,8224,0,0.0602,0.6966
5105-28240-0007,8230,0,-0.0034,0.7171
5105-28240-0007,8455,0,0.0731,0.7166
5105-28240-0007,908,0,0.1747,0.8505
5105-28240-0009,1089,0,-0.008,0.7835
5105-28240-0009,1188,0,-0.0064,0.8036
5105-28240-0009,1320,0,0.1016,0.8166
5105-28240-0009,2300,0,0.0192,0.7114
5105-28240-0009,260,0,0.1274,0.8792
5105-28240-0009,2830,0,0.0267,0.7733
5105-28240-0009,4077,0,0.1621,0.8217
5105-28240-0009,5105,1,0.4156,0.8798
5105-28240-0009,5639,0,0.0667,0.8021
5105-28240-0009,61,0,0.1134,0.8911
5105-28240-0009,672,0,0.0254,0.8549
5105-28240-0009,6930,0,0.1142,0.7604
5105-28240-0009,7021,0,0.0998,0.8471
5105-28240-0009,7127,0,0.0876,0.7564
5105-28240-0009,7176,0,0.1269,0.8627
5105-28240-0009,7729,0,-0.0543,0.8635
5105-28240-0009,8224,0,0.0279,0.7174
5105-28240-0009,8230,0,-0.004,0.7723
5105-28240-0009,8455,0,-0.02,0.7326
5105-28240-0009,908,0,0.2034,0.896
5105-28240-0012,1089,0,0.091,0.806
5105-28240-0012,1188,0,-0.0403,0.85
5105-28240-0012,1320,0,0.1801,0.7877
5105-28240-0012,2300,0,-0.0544,0.6029
5105-28240-0012,260,0,0.1996,0.8837
5105-28240-0012,2830,0,0.1101,0.8198
5105-28240-0012,4077,0,0.1414,0.7968
5105-28240-0012,5105,1,0.4359,0.8798
5105-28240-0012,5639,0,0.1327,0.8748
5105-28240-0012,61,0,0.0781,0.8991
5105-28240-0012,672,0,0.0235,0.8815
5105-28240-0012,6930,0,0.1523,0.7612
5105-28240-0012,7021,0,0.1289,0.8178
5105-28240-0012,7127,0,0.0257,0.7384
5105-28240-0012,7176,0,0.1794,0.8858
5105-28240-0012,7729,0,0.0303,0.8685
5105-28240-0012,8224,0,0.0455,0.7917
5105-28240-0012,8230,0,0.0383,0.829
5105-28240-0012,8455,0,0.0179,0.6944
5105-28240-0012,908,0,0.1814,0.8973
5105-28240-0016,1089,0,-0.0341,0.7626
5105-28240-0016,1188,0,-0.0405,0.8047
5105-28240-0016,1320,0,0.1895,0.7775
5105-28240-0016,2300,0,0.0498,0.7182
5105-28240-0016,260,0,0.1942,0.8552
5105-28240-0016,2830,0,0.0584,0.7599
5105-28240-0016,4077,0,0.1245,0.8572
5105-28240-0016,5105,1,0.4743,0.8438
5105-28240-0016,5639,0,0.1189,0.7826
5105-28240-0016,61,0,0.1044,0.8776
5105-28240-0016,672,0,0.0062,0.8078
5105-28240-0016,6930,0,0.182,0.6938
5105-28240-0016,7021,0,0.1315,0.8119
5105-28240-0016,7127,0,0.0888,0.7807
5105-28240-0016,7176,0,0.198,0.8534
5105-28240-0016,7729,0,0.0282,0.8841
5105-28240-0016,8224,0,0.0395,0.6723
5105-28240-0016,8230,0,0.0263,0.748
5105-28240-0016,8455,0,-0.0367,0.7099
5105-28240-0016,908,0,0.267,0.8372
5105-28240-0022,1089,0,-0.0017,0.7881
5105-28240-0022,1188,0,-0.0186,0.8258
5105-28240-0022,1320,0,0.1554,0.8437
5105-28240-0022,2300,0,0.0615,0.7605
5105-28240-0022,260,0,0.0886,0.8676
5105-28240-0022,2830,0,0.096,0.7815
5105-28240-0022,4077,0,0.1119,0.8151
5105-28240-0022,5105,1,0.4409,0.9138
5105-28240-0022,5639,0,0.0073,0.7608
5105-28240-0022,61,0,0.1127,0.872
5105-28240-0022,672,0,-0.0508,0.8412
5105-28240-0022,6930,0,0.1068,0.7569
5105-28240-0022,7021,0,0.1796,0.8952
5105-28240-0022,7127,0,0.0648,0.7924
5105-28240-0022,7176,0,0.0996,0.8483
5105-28240-0022,7729,0,0.0573,0.8603
5105-28240-0022,8224,0,0.0351,0.7154
5105-28240-0022,8230,0,0.0352,0.7579
5105-28240-0022,8455,0,-0.0053,0.7518
5105-28240-0022,908,0,0.129,0.8834
5105-28240-0024,1089,0,0.0173,0.8005
5105-28240-0024,1188,0,-0.0624,0.8407
5105-28240-0024,1320,0,0.1076,0.8236
5105-28240-0024,2300,0,0.0383,0.7004
5105-28240-0024,260,0,0.1549,0.8928
5105-28240-0024,2830,0,0.0411,0.8145
5105-28240-0024,4077,0,0.0693,0.8356
5105-28240-0024,5105,1,0.3401,0.9014
5105-28240-0024,5639,0,0.0877,0.8297
5105-28240-0024,61,0,0.061,0.9168
5105-28240-0024,672,0,-0.0003,0.8637
5105-28240-0024,6930,0,0.0628,0.772
5105-28240-0024,7021,0,0.0603,0.8511
5105-28240-0024,7127,0,0.0713,0.7843
5105-28240-0024,7176,0,0.0993,0.8893
5105-28240-0024,7729,0,0.0349,0.8916
5105-28240-0024,8224,0,0.0625,0.7458
5105-28240-0024,8230,0,0.0205,0.8047
5105-28240-0024,8455,0,-0.0115,0.7333
5105-28240-0024,908,0,0.1184,0.8949
5105-28241-0005,1089,0,0.0383,0.7516
5105-28241-0005,1188,0,0.0126,0.8178
5105-28241-0005,1320,0,0.1939,0.7471
5105-28241-0005,2300,0,0.0343,0.5828
5105-28241-0005,260,0,0.1895,0.8629
5105-28241-0005,2830,0,0.0664,0.8205
5105-28241-0005,4077,0,0.1453,0.7876
5105-28241-0005,5105,1,0.391,0.8419
5105-28241-0005,5639,0,0.0878,0.8414
5105-28241-0005,61,0,0.1131,0.8809
5105-28241-0005,672,0,0.0841,0.8165
5105-28241-0005,6930,0,0.1345,0.7083
5105-28241-0005,7021,0,0.1656,0.7775
5105-28241-0005,7127,0,0.0203,0.7356
5105-28241-0005,7176,0,0.1709,0.8599
5105-28241-0005,7729,0,0.082,0.8653
5105-28241-0005,8224,0,0.0479,0.7043
5105-28241-0005,8230,0,0.0532,0.7886
5105-28241-0005,8455,0,0.0002,0.6344
5105-28241-0005,908,0,0.2191,0.853
5142-33396-0012,121,0,0.0137,0.8302
5142-33396-0012,1221,0,-0.1186,0.8803
5142-33396-0012,1284,0,-0.0704,0.7522
5142-33396-0012,1580,0,-0.074,0.798
5142-33396-0012,1995,0,-0.0447,0.8594
5142-33396-0012,2094,0,-0.063,0.8753
5142-33396-0012,237,0,-0.0801,0.853
5142-33396-0012,2961,0,0.0397,0.7242
5142-33396-0012,3570,0,0.0366,0.7544
5142-33396-0012,3575,0,-0.0334,0.7962
5142-33396-0012,3729,0,-0.0733,0.8746
5142-33396-0012,4446,0,0.027,0.8324
5142-33396-0012,4507,0,-0.0612,0.8704
5142-33396-0012,4970,0,0.1564,0.8179
5142-33396-0012,4992,0,0.0735,0.9229
5142-33396-0012,5142,1,0.2559,0.8692
5142-33396-0012,5683,0,-0.1195,0.8257
5142-33396-0012,6829,0,0.1393,0.8806
5142-33396-0012,8463,0,0.1182,0.9123
5142-33396-0012,8555,0,0.1924,0.8712
5142-33396-0015,121,0,0.0321,0.7678
5142-33396-0015,1221,0,-0.1551,0.9089
5142-33396-0015,1284,0,-0.1213,0.7922
5142-33396-0015,1580,0,-0.0707,0.8116
5142-33396-0015,1995,0,-0.0642,0.7932
5142-33396-0015,2094,0,0.0174,0.8764
5142-33396-0015,237,0,-0.0773,0.854
5142-33396-0015,2961,0,0.0849,0.6547
5142-33396-0015,3570,0,-0.0382,0.7162
5142-33396-0015,3575,0,0.0202,0.7854
5142-33396-0015,3729,0,-0.1077,0.8717
5142-33396-0015,4446,0,-0.0115,0.8689
5142-33396-0015,4507,0,-0.1357,0.8802
5142-33396-0015,4970,0,0.1697,0.8714
5142-33396-0015,4992,0,-0.0001,0.9086
5142-33396-0015,5142,1,0.2606,0.9029
5142-33396-0015,5683,0,-0.1081,0.8428
5142-33396-0015,6829,0,0.2029,0.9284
5142-33396-0015,8463,0,0.0268,0.8952
5142-33396-0015,8555,0,0.1762,0.8619
5142-33396-0019,121,0,-0.0305,0.8168
5142-33396-0019,1221,0,-0.1311,0.8905
5142-33396-0019,1284,0,-0.0886,0.8204
5142-33396-0019,1580,0,0.0168,0.8085
5142-33396-0019,1995,0,-0.0114,0.8819
5142-33396-0019,2094,0,0.1025,0.8941
5142-33396-0019,237,0,-0.0548,0.8872
5142-33396-0019,2961,0,0.0855,0.7347
5142-33396-0019,3570,0,0.0403,0.7421
5142-33396-0019,3575,0,0.014,0.7488
5142-33396-0019,3729,0,-0.0321,0.88
5142-33396-0019,4446,0,0.0155,0.8768
5142-33396-0019,4507,0,0.0011,0.85
5142-33396-0019,4970,0,0.0817,0.816
5142-33396-0019,4992,0,-0.0236,0.9335
5142-33396-0019,5142,1,0.2998,0.8979
5142-33396-0019,5683,0,-0.0285,0.8211
5142-33396-0019,6829,0,0.0988,0.8968
5142-33396-0019,8463,0,0.1084,0.9445
5142-33396-0019,8555,0,0.1682,0.8468
5142-33396-0024,121,0,-0.16,0.7882
5142-33396-0024,1221,0,-0.0771,0.9023
5142-33396-0024,1284,0,0.018,0.8281
5142-33396-0024,1580,0,0.0017,0.8133
5142-33396-0024,1995,0,-0.0726,0.832
5142-33396-0024,2094,0,-0.0047,0.9066
5142-33396-0024,237,0,-0.0302,0.8533
5142-33396-0024,2961,0,0.0914,0.7037
5142-33396-0024,3570,0,0.0058,0.7101
5142-33396-0024,3575,0,0.0236,0.7488
5142-33396-0024,3729,0,-0.1267,0.8812
5142-33396-0024,4446,0,0.1033,0.8919
5142-33396-0024,4507,0,-0.1131,0.8614
5142-33396-0024,4970,0,0.2617,0.833
5142-33396-0024,4992,0,-0.0156,0.9217
5142-33396-0024,5142,1,0.3189,0.9055
5142-33396-0024,5683,0,-0.0244,0.8271
5142-33396-0024,6829,0,0.2058,0.9296
5142-33396-0024,8463,0,0.0559,0.9205
5142-33396-0024,8555,0,0.1683,0.8332
5142-33396-0032,121,0,-0.0256,0.8394
5142-33396-0032,1221,0,-0.1538,0.918
5142-33396-0032,1284,0,-0.0726,0.8238
5142-33396-0032,1580,0,0.0332,0.8539
5142-33396-0032,1995,0,-0.0126,0.8355
5142-33396-0032,2094,0,0.032,0.9111
5142-33396-0032,237,0,-0.0839,0.891
5142-33396-0032,2961,0,0.1239,0.749
5142-33396-0032,3570,0,0.0885,0.7835
5142-33396-0032,3575,0,0.012,0.8005
5142-33396-0032,3729,0,-0.0409,0.9138
5142-33396-0032,4446,0,0.0021,0.8968
5142-33396-0032,4507,0,-0.0713,0.9061
5142-33396-0032,4970,0,0.1974,0.8453
5142-33396-0032,4992,0,0.008,0.929
5142-33396-0032,5142,1,0.259,0.8807
5142-33396-0032,5683,0,-0.0999,0.8649
5142-33396-0032,6829,0,0.2123,0.9341
5142-33396-0032,8463,0,0.0124,0.9056
5142-33396-0032,8555,0,0.1927,0.8479
5142-33396-0054,121,0,-0.1274,0.8266
5142-33396-0054,1221,0,-0.1246,0.9115
5142-33396-0054,1284,0,-0.0307,0.8325
5142-33396-0054,1580,0,-0.0505,0.8549
5142-33396-0054,1995,0,-0.0537,0.8176
5142-33396-0054,2094,0,0.0448,0.9046
5142-33396-0054,237,0,-0.1344,0.8491
5142-33396-0054,2961,0,0.0905,0.7392
5142-33396-0054,3570,0,0.0067,0.7552
5142-33396-0054,3575,0,-0.077,0.7776
5142-33396-0054,3729,0,-0.0396,0.9085
5142-33396-0054,4446,0,0.098,0.8999
5142-33396-0054,4507,0,-0.069,0.9065
5142-33396-0054,4970,0,0.139,0.8404
5142-33396-0054,4992,0,0.0155,0.9218
5142-33396-0054,5142,1,0.3148,0.893
5142-33396-0054,5683,0,-0.1089,0.8551
5142-33396-0054,6829,0,0.1419,0.931
5142-33396-0054,8463,0,0.0921,0.9117
5142-33396-0054,8555,0,0.1947,0.8462
5142-36377-0001,121,0,-0.1494,0.7438
5142-36377-0001,1221,0,0.0147,0.8661
5142-36377-0001,1284,0,-0.0569,0.8024
5142-36377-0001,1580,0,-0.0491,0.7739
5142-36377-0001,1995,0,-0.0675,0.8068
5142-36377-0001,2094,0,0.0855,0.8703
5142-36377-0001,237,0,0.0647,0.8298
5142-36377-0001,2961,0,0.1684,0.6713
5142-36377-0001,3570,0,0.0607,0.6774
5142-36377-0001,3575,0,0.1287,0.6938
5142-36377-0001,3729,0,-0.0208,0.8472
5142-36377-0001,4446,0,0.0699,0.8584
5142-36377-0001,4507,0,-0.0839,0.8358
5142-36377-0001,4970,0,0.2174,0.8047
5142-36377-0001,4992,0,0.0226,0.8937
5142-36377-0001,5142,1,0.4782,0.9073
5142-36377-0001,5683,0,0.0847,0.79
5142-36377-0001,6829,0,0.1306,0.907
5142-36377-0001,8463,0,0.1739,0.9009
5142-36377-0001,8555,0,0.3079,0.8139
5142-36377-0006,121,0,-0.109,0.708
5142-36377-0006,1221,0,-0.0275,0.8965
5142-36377-0006,1284,0,0.1142,0.7878
5142-36377-0006,1580,0,0.0736,0.8132
5142-36377-0006,1995,0,-0.06,0.7564
5142-36377-0006,2094,0,0.0579,0.833
5142-36377-0006,237,0,0.0747,0.878
5142-36377-0006,2961,0,0.2219,0.5904
5142-36377-0006,3570,0,0.156,0.6808
5142-36377-0006,3575,0,0.05,0.7723
5142-36377-0006,3729,0,-0.0496,0.826
5142-36377-0006,4446,0,0.2464,0.859
5142-36377-0006,4507,0,-0.1046,0.8561
5142-36377-0006,4970,0,0.2544,0.9036
5142-36377-0006,4992,0,0.0551,0.8709
5142-36377-0006,5142,1,0.3444,0.9201
5142-36377-0006,5683,0,0.0051,0.8656
5142-36377-0006,6829,0,0.1138,0.8906
5142-36377-0006,8463,0,0.0662,0.8582
5142-36377-0006,8555,0,0.2572,0.897
5142-36377-0018,121,0,-0.0824,0.7169
5142-36377-0018,1221,0,-0.102,0.8669
5142-36377-0018,1284,0,-0.0444,0.7482
5142-36377-0018,1580,0,-0.1145,0.7509
5142-36377-0018,1995,0,-0.0007,0.7906
5142-36377-0018,2094,0,0.0274,0.8087
5142-36377-0018,237,0,-0.0533,0.8474
5142-36377-0018,2961,0,0.1374,0.629
5142-36377-0018,3570,0,0.0514,0.6688
5142-36377-0018,3575,0,-0.0053,0.7215
5142-36377-0018,3729,0,-0.062,0.8203
5142-36377-0018,4446,0,0.0999,0.8224
5142-36377-0018,4507,0,-0.1773,0.8394
5142-36377-0018,4970,0,0.1181,0.8682
5142-36377-0018,4992,0,-0.0116,0.8794
5142-36377-0018,5142,1,0.4136,0.9534
5142-36377-0018,5683,0,0.005,0.8284
5142-36377-0018,6829,0,-0.045,0.8758
5142-36377-0018,8463,0,0.1462,0.8837
5142-36377-0018,8555,0,0.265,0.9091
5142-36377-0023,121,0,-0.1216,0.7028
5142-36377-0023,1221,0,-0.1133,0.8911
5142-36377-0023,1284,0,-0.0758,0.8252
5142-36377-0023,1580,0,-0.042,0.8205
5142-36377-0023,1995,0,-0.1457,0.7739
5142-36377-0023,2094,0,0.0428,0.8522
5142-36377-0023,237,0,-0.0385,0.8539
5142-36377-0023,2961,0,0.0357,0.596
5142-36377-0023,3570,0,-0.0131,0.6365
5142-36377-0023,3575,0,0.0358,0.7193
5142-36377-0023,3729,0,-0.1086,0.8327
5142-36377-0023,4446,0,0.0455,0.8818
5142-36377-0023,4507,0,-0.1419,0.8483
5142-36377-0023,4970,0,0.2334,0.864
5142-36377-0023,4992,0,-0.0476,0.8853
5142-36377-0023,5142,1,0.403,0.9527
5142-36377-0023,5683,0,-0.0392,0.8567
5142-36377-0023,6829,0,0.0949,0.9062
5142-36377-0023,8463,0,0.0385,0.8692
5142-36377-0023,8555,0,0.1991,0.8843
5639-40744-0002,1089,0,0.0587,0.6895
5639-40744-0002,1188,0,-0.0566,0.7202
5639-40744-0002,1320,0,-0.0244,0.6208
5639-40744-0002,2300,0,-0.0297,0.4675
5639-40744-0002,260,0,0.1512,0.7935
5639-40744-0002,2830,0,-0.0356,0.6944
5639-40744-0002,4077,0,0.1469,0.7817
5639-40744-0002,5105,0,0.1195,0.7174
5639-40744-0002,5639,1,0.3868,0.898
5639-40744-0002,61,0,0.0009,0.8268
5639-40744-0002,672,0,-0.0159,0.7733
5639-40744-0002,6930,0,0.1054,0.6279
5639-40744-0002,7021,0,0.0179,0.6516
5639-40744-0002,7127,0,0.0595,0.6247
5639-40744-0002,7176,0,0.1115,0.7977
5639-40744-0002,7729,0,0.0549,0.8513
5639-40744-0002,8224,0,0.1281,0.731
5639-40744-0002,8230,0,-0.0731,0.717
5639-40744-0002,8455,0,-0.0546,0.5506
5639-40744-0002,908,0,0.1008,0.8187
5639-40744-0007,1089,0,0.0199,0.6883
5639-40744-0007,1188,0,-0.0303,0.7074
5639-40744-0007,1320,0,-0.062,0.578
5639-40744-0007,2300,0,-0.0277,0.3967
5639-40744-0007,260,0,0.0593,0.7633
5639-40744-0007,2830,0,-0.0149,0.6948
5639-40744-0007,4077,0,0.086,0.6928
5639-40744-0007,5105,0,0.0465,0.681
5639-40744-0007,5639,1,0.4096,0.8904
5639-40744-0007,61,0,0.0728,0.7925
5639-40744-0007,672,0,0.0464,0.7702
5639-40744-0007,6930,0,0.0539,0.6181
5639-40744-0007,7021,0,0.0132,0.6199
5639-40744-0007,7127,0,-0.0192,0.5575
5639-40744-0007,7176,0,0.1349,0.7507
5639-40744-0007,7729,0,0.0447,0.7914
5639-40744-0007,8224,0,0.0796,0.7456
5639-40744-0007,8230,0,-0.0561,0.7251
5639-40744-0007,8455,0,-0.1335,0.4934
5639-40744-0007,908,0,0.1124,0.8082
5639-40744-0012,1089,0,0.1306,0.6672
5639-40744-0012,1188,0,-0.0271,0.7116
5639-40744-0012,1320,0,-0.001,0.5697
5639-40744-0012,2300,0,0.0453,0.3619
5639-40744-0012,260,0,0.1417,0.7677
5639-40744-0012,2830,0,0.0463,0.7082
5639-40744-0012,4077,0,0.1458,0.702
5639-40744-0012,5105,0,0.0894,0.6761
5639-40744-0012,5639,1,0.4369,0.8976
5639-40744-0012,61,0,0.0434,0.8076
5639-40744-0012,672,0,0.023,0.7686
5639-40744-0012,6930,0,0.1135,0.6102
5639-40744-0012,7021,0,0.0447,0.5834
5639-40744-0012,7127,0,0.1079,0.5628
5639-40744-0012,7176,0,0.1852,0.7836
5639-40744-0012,7729,0,0.0398,0.7776
5639-40744-0012,8224,0,0.1607,0.7713
5639-40744-0012,8230,0,0.0008,0.7396
5639-40744-0012,8455,0,-0.0434,0.4934
5639-40744-0012,908,0,0.1111,0.776
5639-40744-0013,1089,0,0.0984,0.6981
5639-40744-0013,1188,0,-0.0166,0.7155
5639-40744-0013,1320,0,-0.0177,0.6047
5639-40744-0013,2300,0,0.0733,0.403
5639-40744-0013,260,0,0.1609,0.7697
5639-40744-0013,2830,0,0.0158,0.6962
5639-40744-0013,4077,0,0.07,0.724
5639-40744-0013,5105,0,0.0744,0.6955
5639-40744-0013,5639,1,0.4876,0.9063
5639-40744-0013,61,0,-0.0231,0.7912
5639-40744-0013,672,0,0.1173,0.8005
5639-40744-0013,6930,0,0.035,0.6439
5639-40744-0013,7021,0,0.0482,0.6134
5639-40744-0013,7127,0,0.1582,0.5822
5639-40744-0013,7176,0,0.1326,0.7694
5639-40744-0013,7729,0,0.011,0.7619
5639-40744-0013,8224,0,0.1848,0.8273
5639-40744-0013,8230,0,-0.0391,0.7262
5639-40744-0013,8455,0,0.0078,0.5345
5639-40744-0013,908,0,0.0772,0.7958
5639-40744-0014,1089,0,0.0368,0.7342
5639-40744-0014,1188,0,-0.0272,0.7853
5639-40744-0014,1320,0,-0.0014,0.657
5639-40744-0014,2300,0,0.0,0.4696
5639-40744-0014,260,0,0.1725,0.8361
5639-40744-0014,2830,0,-0.0133,0.7722
5639-40744-0014,4077,0,0.1437,0.7658
5639-40744-0014,5105,0,0.1,0.7548
5639-40744-0014,5639,1,0.4577,0.9145
5639-40744-0014,61,0,0.037,0.8653
5639-40744-0014,672,0,0.0546,0.8202
5639-40744-0014,6930,0,0.1354,0.6863
5639-40744-0014,7021,0,0.0062,0.6741
5639-40744-0014,7127,0,0.0166,0.6428
5639-40744-0014,7176,0,0.1005,0.833
5639-40744-0014,7729,0,0.0241,0.848
5639-40744-0014,8224,0,0.1332,0.7825
5639-40744-0014,8230,0,-0.0596,0.7924
5639-40744-0014,8455,0,-0.0777,0.5883
5639-40744-0014,908,0,0.1277,0.8321
5639-40744-0017,1089,0,0.0325,0.6991
5639-40744-0017,1188,0,-0.0476,0.6881
5639-40744-0017,1320,0,-0.0354,0.6158
5639-40744-0017,2300,0,0.0166,0.4613
5639-40744-0017,260,0,0.1461,0.7475
5639-40744-0017,2830,0,0.0033,0.6502
5639-40744-0017,4077,0,0.1423,0.7483
5639-40744-0017,5105,0,0.0746,0.7074
5639-40744-0017,5639,1,0.3896,0.9078
5639-40744-0017,61,0,-0.0199,0.7824
5639-40744-0017,672,0,0.0144,0.7843
5639-40744-0017,6930,0,0.1,0.6305
5639-40744-0017,7021,0,0.0405,0.6472
5639-40744-0017,7127,0,0.1233,0.5966
5639-40744-0017,7176,0,0.097,0.7381
5639-40744-0017,7729,0,-0.0094,0.8194
5639-40744-0017,8224,0,0.1384,0.7998
5639-40744-0017,8230,0,-0.081,0.6904
5639-40744-0017,8455,0,-0.0357,0.5425
5639-40744-0017,908,0,0.1454,0.8248
5639-40744-0024,1089,0,0.0284,0.6832
5639-40744-0024,1188,0,-0.0313,0.7214
5639-40744-0024,1320,0,-0.0231,0.6101
5639-40744-0024,2300,0,0.0725,0.4285
5639-40744-0024,260,0,0.0599,0.7899
5639-40744-0024,2830,0,-0.0255,0.7027
5639-40744-0024,4077,0,0.1702,0.7156
5639-40744-0024,5105,0,0.1194,0.7023
5639-40744-0024,5639,1,0.4598,0.8711
5639-40744-0024,61,0,0.0407,0.8229
5639-40744-0024,672,0,0.011,0.7925
5639-40744-0024,6930,0,0.0801,0.6404
5639-40744-0024,7021,0,0.0652,0.6315
5639-40744-0024,7127,0,0.0297,0.5726
5639-40744-0024,7176,0,0.145,0.795
5639-40744-0024,7729,0,0.0301,0.7774
5639-40744-0024,8224,0,0.0914,0.7692
5639-40744-0024,8230,0,-0.0635,0.732
5639-40744-0024,8455,0,-0.0672,0.5436
5639-40744-0024,908,0,0.0768,0.8138
5639-40744-0029,1089,0,0.0653,0.7094
5639-40744-0029,1188,0,0.0171,0.7253
5639-40744-0029,1320,0,-0.0244,0.6376
5639-40744-0029,2300,0,0.0436,0.4851
5639-40744-0029,260,0,0.0642,0.7778
5639-40744-0029,2830,0,-0.0077,0.6804
5639-40744-0029,4077,0,0.1614,0.7552
5639-40744-0029,5105,0,0.0415,0.7307
5639-40744-0029,5639,1,0.5572,0.908
5639-40744-0029,61,0,0.0809,0.7976
5639-40744-0029,672,0,0.1377,0.8035
5639-40744-0029,6930,0,0.0396,0.6409
5639-40744-0029,7021,0,0.0241,0.6693
5639-40744-0029,7127,0,0.092,0.6158
5639-40744-0029,7176,0,0.1666,0.757
5639-40744-0029,7729,0,0.0604,0.8186
5639-40744-0029,8224,0,0.1483,0.827
5639-40744-0029,8230,0,0.0665,0.7089
5639-40744-0029,8455,0,-0.0281,0.5692
5639-40744-0029,908,0,0.0469,0.8257
5639-40744-0034,1089,0,0.0351,0.6748
5639-40744-0034,1188,0,-0.0379,0.6997
5639-40744-0034,1320,0,-0.051,0.595
5639-40744-0034,2300,0,-0.0509,0.4228
5639-40744-0034,260,0,0.1082,0.7761
5639-40744-0034,2830,0,-0.0416,0.6749
5639-40744-0034,4077,0,0.1287,0.7218
5639-40744-0034,5105,0,0.038,0.6835
5639-40744-0034,5639,1,0.4785,0.8871
5639-40744-0034,61,0,-0.0077,0.7996
5639-40744-0034,672,0,0.0384,0.7867
5639-40744-0034,6930,0,0.0977,0.6418
5639-40744-0034,7021,0,-0.028,0.613
5639-40744-0034,7127,0,0.0389,0.5587
5639-40744-0034,7176,0,0.1261,0.7631
5639-40744-0034,7729,0,0.063,0.7808
5639-40744-0034,8224,0,0.0795,0.7797
5639-40744-0034,8230,0,-0.0775,0.7083
5639-40744-0034,8455,0,-0.1252,0.5435
5639-40744-0034,908,0,0.1137,0.8045
5639-40744-0040,1089,0,0.0124,0.6855
5639-40744-0040,1188,0,-0.0255,0.7132
5639-40744-0040,1320,0,-0.015,0.599
5639-40744-0040,2300,0,0.0123,0.4284
5639-40744-0040,260,0,0.0787,0.7674
5639-40744-0040,2830,0,-0.0889,0.6932
5639-40744-0040,4077,0,0.0912,0.7386
5639-40744-0040,5105,0,0.0854,0.6962
5639-40744-0040,5639,1,0.4244,0.9035
5639-40744-0040,61,0,0.0027,0.8002
5639-40744-0040,672,0,0.0203,0.7703
5639-40744-0040,6930,0,0.052,0.6118
5639-40744-0040,7021,0,0.0479,0.627
5639-40744-0040,7127,0,0.0548,0.5964
5639-40744-0040,7176,0,0.0862,0.7673
5639-40744-0040,7729,0,0.0615,0.8285
5639-40744-0040,8224,0,0.1436,0.7452
5639-40744-0040,8230,0,-0.0275,0.7182
5639-40744-0040,8455,0,-0.0837,0.518
5639-40744-0040,908,0,0.0399,0.8061
5683-32865-0010,121,0,0.0014,0.7269
5683-32865-0010,1221,0,0.0723,0.8452
5683-32865-0010,1284,0,0.0394,0.7684
5683-32865-0010,1580,0,0.0904,0.8103
5683-32865-0010,1995,0,-0.0516,0.7189
5683-32865-0010,2094,0,-0.0204,0.8151
5683-32865-0010,237,0,0.1244,0.8721
5683-32865-0010,2961,0,-0.1279,0.6409
5683-32865-0010,3570,0,-0.0569,0.7734
5683-32865-0010,3575,0,0.2105,0.8498
5683-32865-0010,3729,0,-0.1421,0.8004
5683-32865-0010,4446,0,0.0147,0.7927
5683-32865-0010,4507,0,-0.1281,0.8612
5683-32865-0010,4970,0,0.176,0.8901
5683-32865-0010,4992,0,-0.0782,0.7838
5683-32865-0010,5142,0,0.0539,0.7903
5683-32865-0010,5683,1,0.3622,0.8747
5683-32865-0010,6829,0,0.1382,0.866
5683-32865-0010,8463,0,0.0408,0.7445
5683-32865-0010,8555,0,0.2339,0.8166
5683-32866-0006,121,0,0.1504,0.7142
5683-32866-0006,1221,0,0.0191,0.7839
5683-32866-0006,1284,0,-0.0054,0.7058
5683-32866-0006,1580,0,0.1168,0.7838
5683-32866-0006,1995,0,0.0631,0.6292
5683-32866-0006,2094,0,0.1217,0.7801
5683-32866-0006,237,0,0.1203,0.7702
5683-32866-0006,2961,0,0.0287,0.6331
5683-32866-0006,3570,0,0.0473,0.7604
5683-32866-0006,3575,0,0.3475,0.9397
5683-32866-0006,3729,0,0.0294,0.7677
5683-32866-0006,4446,0,-0.0138,0.7064
5683-32866-0006,4507,0,-0.063,0.8438
5683-32866-0006,4970,0,0.1661,0.8925
5683-32866-0006,4992,0,-0.0082,0.6925
5683-32866-0006,5142,0,-0.0129,0.6754
5683-32866-0006,5683,1,0.3467,0.8985
5683-32866-0006,6829,0,0.1675,0.8319
5683-32866-0006,8463,0,0.0726,0.6447
5683-32866-0006,8555,0,0.1961,0.7542
5683-32866-0012,121,0,0.0964,0.787
5683-32866-0012,1221,0,0.0917,0.8775
5683-32866-0012,1284,0,0.1613,0.81
5683-32866-0012,1580,0,0.1926,0.8769
5683-32866-0012,1995,0,0.0796,0.752
5683-32866-0012,2094,0,0.0114,0.8719
5683-32866-0012,237,0,0.1979,0.883
5683-32866-0012,2961,0,0.0651,0.6915
5683-32866-0012,3570,0,0.0508,0.8042
5683-32866-0012,3575,0,0.3012,0.9124
5683-32866-0012,3729,0,-0.1123,0.8487
5683-32866-0012,4446,0,0.1268,0.8339
5683-32866-0012,4507,0,-0.1139,0.9044
5683-32866-0012,4970,0,0.2227,0.9051
5683-32866-0012,4992,0,-0.0589,0.8175
5683-32866-0012,5142,0,0.092,0.7924
5683-32866-0012,5683,1,0.3846,0.9329
5683-32866-0012,6829,0,0.1662,0.897
5683-32866-0012,8463,0,0.1137,0.7704
5683-32866-0012,8555,0,0.1501,0.8401
5683-32866-0016,121,0,-0.0156,0.8268
5683-32866-0016,1221,0,0.0006,0.8467
5683-32866-0016,1284,0,0.0775,0.8239
5683-32866-0016,1580,0,0.1017,0.8748
5683-32866-0016,1995,0,0.0134,0.8354
5683-32866-0016,2094,0,-0.0145,0.8847
5683-32866-0016,237,0,0.038,0.8872
5683-32866-0016,2961,0,0.0535,0.738
5683-32866-0016,3570,0,0.1128,0.795
5683-32866-0016,3575,0,0.158,0.8974
5683-32866-0016,3729,0,-0.1906,0.8418
5683-32866-0016,4446,0,0.1182,0.8333
5683-32866-0016,4507,0,-0.1063,0.8641
5683-32866-0016,4970,0,0.1995,0.8505
5683-32866-0016,4992,0,-0.1169,0.8431
5683-32866-0016,5142,0,0.1161,0.7836
5683-32866-0016,5683,1,0.2652,0.9179
5683-32866-0016,6829,0,0.0457,0.8604
5683-32866-0016,8463,0,0.024,0.8167
5683-32866-0016,8555,0,0.1442,0.8407
5683-32866-0024,121,0,0.0683,0.6998
5683-32866-0024,1221,0,-0.0179,0.7866
5683-32866-0024,1284,0,-0.0293,0.6921
5683-32866-0024,1580,0,0.0768,0.7797
5683-32866-0024,1995,0,-0.0032,0.6594
5683-32866-0024,2094,0,0.0737,0.757
5683-32866-0024,237,0,0.0961,0.7813
5683-32866-0024,2961,0,0.0545,0.6195
5683-32866-0024,3570,0,0.0142,0.7663
5683-32866-0024,3575,0,0.3199,0.9265
5683-32866-0024,3729,0,-0.1218,0.7502
5683-32866-0024,4446,0,-0.0608,0.7087
5683-32866-0024,4507,0,-0.1466,0.8582
5683-32866-0024,4970,0,0.1693,0.9169
5683-32866-0024,4992,0,-0.1389,0.7066
5683-32866-0024,5142,0,0.1367,0.7346
5683-32866-0024,5683,1,0.3259,0.8871
5683-32866-0024,6829,0,0.1034,0.8144
5683-32866-0024,8463,0,0.0344,0.6567
5683-32866-0024,8555,0,0.1832,0.841
5683-32879-0004,121,0,-0.0068,0.8169
5683-32879-0004,1221,0,0.0041,0.8935
5683-32879-0004,1284,0,0.0369,0.8489
5683-32879-0004,1580,0,0.1261,0.9086
5683-32879-0004,1995,0,-0.0544,0.7895
5683-32879-0004,2094,0,0.0448,0.8914
5683-32879-0004,237,0,0.1624,0.8897
5683-32879-0004,2961,0,-0.0144,0.6855
5683-32879-0004,3570,0,0.0091,0.7917
5683-32879-0004,3575,0,0.2126,0.9108
5683-32879-0004,3729,0,-0.075,0.8734
5683-32879-0004,4446,0,0.0586,0.8658
5683-32879-0004,4507,0,-0.1537,0.917
5683-32879-0004,4970,0,0.1908,0.8938
5683-32879-0004,4992,0,-0.1466,0.8489
5683-32879-0004,5142,0,0.1114,0.8159
5683-32879-0004,5683,1,0.3026,0.9606
5683-32879-0004,6829,0,0.0722,0.8979
5683-32879-0004,8463,0,0.0799,0.7999
5683-32879-0004,8555,0,0.1693,0.8617
5683-32879-0006,121,0,0.0047,0.7944
5683-32879-0006,1221,0,0.0453,0.8452
5683-32879-0006,1284,0,0.0776,0.7504
5683-32879-0006,1580,0,0.1616,0.8261
5683-32879-0006,1995,0,-0.0174,0.7868
5683-32879-0006,2094,0,0.0473,0.8305
5683-32879-0006,237,0,0.1841,0.8841
5683-32879-0006,2961,0,0.0192,0.6711
5683-32879-0006,3570,0,0.0793,0.8195
5683-32879-0006,3575,0,0.2507,0.8998
5683-32879-0006,3729,0,-0.1042,0.8346
5683-32879-0006,4446,0,0.0604,0.7922
5683-32879-0006,4507,0,-0.1191,0.8826
5683-32879-0006,4970,0,0.13,0.8857
5683-32879-0006,4992,0,-0.0677,0.8204
5683-32879-0006,5142,0,0.0619,0.8069
5683-32879-0006,5683,1,0.2814,0.9124
5683-32879-0006,6829,0,0.0954,0.8328
5683-32879-0006,8463,0,0.1043,0.7794
5683-32879-0006,8555,0,0.1837,0.8947
5683-32879-0007,121,0,0.0169,0.8004
5683-32879-0007,1221,0,-0.0403,0.8454
5683-32879-0007,1284,0,-0.0329,0.7789
5683-32879-0007,1580,0,0.1088,0.8555
5683-32879-0007,1995,0,0.0237,0.7811
5683-32879-0007,2094,0,0.0996,0.8787
5683-32879-0007,237,0,0.1477,0.8545
5683-32879-0007,2961,0,0.0186,0.7186
5683-32879-0007,3570,0,0.0263,0.805
5683-32879-0007,3575,0,0.2563,0.9064
5683-32879-0007,3729,0,-0.0458,0.8404
5683-32879-0007,4446,0,-0.0502,0.8009
5683-32879-0007,4507,0,-0.1011,0.9025
5683-32879-0007,4970,0,0.1113,0.8493
5683-32879-0007,4992,0,-0.0976,0.8113
5683-32879-0007,5142,0,0.0015,0.7613
5683-32879-0007,5683,1,0.2857,0.9058
5683-32879-0007,6829,0,0.077,0.8956
5683-32879-0007,8463,0,0.0408,0.7472
5683-32879-0007,8555,0,0.0971,0.8137
5683-32879-0012,121,0,0.0336,0.81
5683-32879-0012,1221,0,0.0283,0.8424
5683-32879-0012,1284,0,0.0283,0.7562
5683-32879-0012,1580,0,0.1102,0.8437
5683-32879-0012,1995,0,0.0717,0.7968
5683-32879-0012,2094,0,0.0352,0.8401
5683-32879-0012,237,0,0.1031,0.8578
5683-32879-0012,2961,0,0.0679,0.7052
5683-32879-0012,3570,0,0.1359,0.8274
5683-32879-0012,3575,0,0.2738,0.8915
5683-32879-0012,3729,0,-0.0676,0.8327
5683-32879-0012,4446,0,0.0013,0.7971
5683-32879-0012,4507,0,-0.0985,0.8906
5683-32879-0012,4970,0,0.1112,0.8439
5683-32879-0012,4992,0,-0.0529,0.817
5683-32879-0012,5142,0,0.0412,0.7698
5683-32879-0012,5683,1,0.2927,0.8917
5683-32879-0012,6829,0,0.0822,0.8245
5683-32879-0012,8463,0,0.1163,0.7686
5683-32879-0012,8555,0,0.1561,0.8705
5683-32879-0013,121,0,0.0242,0.7907
5683-32879-0013,1221,0,0.0305,0.8711
5683-32879-0013,1284,0,0.028,0.792
5683-32879-0013,1580,0,0.1692,0.8615
5683-32879-0013,1995,0,0.0107,0.792
5683-32879-0013,2094,0,0.0383,0.865
5683-32879-0013,237,0,0.1293,0.8836
5683-32879-0013,2961,0,-0.0217,0.6825
5683-32879-0013,3570,0,0.0321,0.8048
5683-32879-0013,3575,0,0.2308,0.9153
5683-32879-0013,3729,0,-0.0483,0.8437
5683-32879-0013,4446,0,0.0204,0.8216
5683-32879-0013,4507,0,-0.1155,0.9022
5683-32879-0013,4970,0,0.1169,0.9076
5683-32879-0013,4992,0,-0.0587,0.8331
5683-32879-0013,5142,0,0.0395,0.8218
5683-32879-0013,5683,1,0.3215,0.9319
5683-32879-0013,6829,0,0.0688,0.8761
5683-32879-0013,8463,0,0.0364,0.7827
5683-32879-0013,8555,0,0.1861,0.8945
61-70968-0017,1089,0,0.0216,0.7717
61-70968-0017,1188,0,0.1591,0.7761
61-70968-0017,1320,0,0.1013,0.7503
61-70968-0017,2300,0,0.1684,0.727
61-70968-0017,260,0,0.0668,0.8264
61-70968-0017,2830,0,0.0239,0.7039
61-70968-0017,4077,0,0.1082,0.7715
61-70968-0017,5105,0,0.1611,0.828
61-70968-0017,5639,0,0.1098,0.7732
61-70968-0017,61,1,0.4252,0.8921
61-70968-0017,672,0,0.0516,0.8197
61-70968-0017,6930,0,0.1328,0.7029
61-70968-0017,7021,0,0.1452,0.8466
61-70968-0017,7127,0,0.0799,0.6751
61-70968-0017,7176,0,0.2696,0.8216
61-70968-0017,7729,0,0.1939,0.8738
61-70968-0017,8224,0,0.0739,0.7337
61-70968-0017,8230,0,-0.0277,0.7515
61-70968-0017,8455,0,-0.0495,0.6817
61-70968-0017,908,0,0.2779,0.8995
61-70968-0020,1089,0,-0.0079,0.7323
61-70968-0020,1188,0,0.1183,0.8091
61-70968-0020,1320,0,0.0577,0.7002
61-70968-0020,2300,0,0.1242,0.5712
61-70968-0020,260,0,-0.0122,0.8506
61-70968-0020,2830,0,0.0155,0.7883
61-70968-0020,4077,0,0.0872,0.6948
61-70968-0020,5105,0,0.0905,0.7854
61-70968-0020,5639,0,0.0424,0.7546
61-70968-0020,61,1,0.4368,0.9237
61-70968-0020,672,0,-0.0785,0.7817
61-70968-0020,6930,0,0.1035,0.712
61-70968-0020,7021,0,0.0971,0.7602
61-70968-0020,7127,0,0.0155,0.6238
61-70968-0020,7176,0,0.2557,0.8903
61-70968-0020,7729,0,0.1291,0.8108
61-70968-0020,8224,0,0.0294,0.6835
61-70968-0020,8230,0,-0.0356,0.8193
61-70968-0020,8455,0,-0.0839,0.6324
61-70968-0020,908,0,0.2213,0.85
61-70968-0023,1089,0,-0.0042,0.7326
61-70968-0023,1188,0,0.095,0.7692
61-70968-0023,1320,0,0.081,0.7047
61-70968-0023,2300,0,0.171,0.6204
61-70968-0023,260,0,0.019,0.8264
61-70968-0023,2830,0,0.0371,0.7546
61-70968-0023,4077,0,0.1097,0.7299
61-70968-0023,5105,0,0.1711,0.794
61-70968-0023,5639,0,0.0362,0.7668
61-70968-0023,61,1,0.4495,0.9136
61-70968-0023,672,0,0.0326,0.7796
61-70968-0023,6930,0,0.1321,0.6935
61-70968-0023,7021,0,0.1477,0.7771
61-70968-0023,7127,0,0.0446,0.6495
61-70968-0023,7176,0,0.2446,0.8585
61-70968-0023,7729,0,0.1118,0.8553
61-70968-0023,8224,0,0.0592,0.6748
61-70968-0023,8230,0,0.0479,0.783
61-70968-0023,8455,0,-0.0465,0.6169
61-70968-0023,908,0,0.2471,0.8655
61-70968-0030,1089,0,0.034,0.7882
61-70968-0030,1188,0,0.1172,0.813
61-70968-0030,1320,0,0.1145,0.7651
61-70968-0030,2300,0,0.1455,0.6682
61-70968-0030,260,0,0.0353,0.8773
61-70968-0030,2830,0,0.0184,0.7829
61-70968-0030,4077,0,0.0802,0.7612
61-70968-0030,5105,0,0.2183,0.8367
61-70968-0030,5639,0,0.1025,0.7808
61-70968-0030,61,1,0.4656,0.9466
61-70968-0030,672,0,0.02,0.8372
61-70968-0030,6930,0,0.1593,0.7585
61-70968-0030,7021,0,0.1308,0.8264
61-70968-0030,7127,0,0.0307,0.6827
61-70968-0030,7176,0,0.2719,0.9025
61-70968-0030,7729,0,0.0706,0.8492
61-70968-0030,8224,0,0.159,0.7026
61-70968-0030,8230,0,0.0433,0.8276
61-70968-0030,8455,0,-0.0389,0.7
61-70968-0030,908,0,0.2538,0.9035
61-70968-0041,1089,0,0.0867,0.7971
61-70968-0041,1188,0,0.1319,0.8077
61-70968-0041,1320,0,0.1265,0.7485
61-70968-0041,2300,0,0.1148,0.6185
61-70968-0041,260,0,0.1123,0.8619
61-70968-0041,2830,0,0.0719,0.7655
61-70968-0041,4077,0,0.1709,0.8092
61-70968-0041,5105,0,0.2455,0.838
61-70968-0041,5639,0,0.1662,0.8586
61-70968-0041,61,1,0.4111,0.9245
61-70968-0041,672,0,0.1409,0.8605
61-70968-0041,6930,0,0.1394,0.7283
61-70968-0041,7021,0,0.1936,0.7999
61-70968-0041,7127,0,0.1317,0.7066
61-70968-0041,7176,0,0.2611,0.8814
61-70968-0041,7729,0,0.1337,0.889
61-70968-0041,8224,0,0.1351,0.7559
61-70968-0041,8230,0,0.0149,0.8123
61-70968-0041,8455,0,0.0019,0.6764
61-70968-0041,908,0,0.332,0.9092
61-70968-0043,1089,0,-0.0519,0.7034
61-70968-0043,1188,0,0.1122,0.7696
61-70968-0043,1320,0,0.0874,0.6976
61-70968-0043,2300,0,0.1222,0.6294
61-70968-0043,260,0,0.0801,0.8217
61-70968-0043,2830,0,-0.0101,0.7577
61-70968-0043,4077,0,0.023,0.7206
61-70968-0043,5105,0,0.17,0.7711
61-70968-0043,5639,0,0.0606,0.7058
61-70968-0043,61,1,0.4643,0.909
61-70968-0043,672,0,0.0285,0.7504
61-70968-0043,6930,0,0.1148,0.6882
61-70968-0043,7021,0,0.0886,0.7502
61-70968-0043,7127,0,0.0515,0.6435
61-70968-0043,7176,0,0.2717,0.869
61-70968-0043,7729,0,0.0959,0.821
61-70968-0043,8224,0,0.0767,0.625
61-70968-0043,8230,0,-0.0318,0.7712
61-70968-0043,8455,0,-0.1062,0.631
61-70968-0043,908,0,0.2185,0.8188
61-70968-0050,1089,0,0.0303,0.7503
61-70968-0050,1188,0,0.0949,0.814
61-70968-0050,1320,0,0.0036,0.7058
61-70968-0050,2300,0,0.1006,0.5685
61-70968-0050,260,0,0.004,0.8672
61-70968-0050,2830,0,0.0133,0.8095
61-70968-0050,4077,0,0.1175,0.7197
61-70968-0050,5105,0,0.1685,0.7946
61-70968-0050,5639,0,0.1507,0.7873
61-70968-0050,61,1,0.4831,0.9443
61-70968-0050,672,0,-0.0278,0.7961
61-70968-0050,6930,0,0.0531,0.726
61-70968-0050,7021,0,0.1147,0.7568
61-70968-0050,7127,0,0.043,0.6469
61-70968-0050,7176,0,0.3289,0.9019
61-70968-0050,7729,0,0.1374,0.8304
61-70968-0050,8224,0,0.0731,0.6766
61-70968-0050,8230,0,0.0154,0.8477
61-70968-0050,8455,0,-0.0758,0.6336
61-70968-0050,908,0,0.1527,0.8534
61-70968-0057,1089,0,0.0088,0.7463
61-70968-0057,1188,0,0.0324,0.794
61-70968-0057,1320,0,0.0158,0.7206
61-70968-0057,2300,0,0.0573,0.6705
61-70968-0057,260,0,0.0174,0.8062
61-70968-0057,2830,0,-0.0744,0.7584
61-70968-0057,4077,0,0.0393,0.7106
61-70968-0057,5105,0,0.1223,0.8041
61-70968-0057,5639,0,0.0777,0.7398
61-70968-0057,61,1,0.3697,0.8968
61-70968-0057,672,0,0.0453,0.7782
61-70968-0057,6930,0,0.1313,0.6786
61-70968-0057,7021,0,0.067,0.8038
61-70968-0057,7127,0,0.0213,0.6637
61-70968-0057,7176,0,0.2366,0.8383
61-70968-0057,7729,0,0.1545,0.839
61-70968-0057,8224,0,0.0519,0.6921
61-70968-0057,8230,0,0.0148,0.7883
61-70968-0057,8455,0,-0.0401,0.6396
61-70968-0057,908,0,0.1305,0.8393
61-70970-0000,1089,0,-0.0155,0.7777
61-70970-0000,1188,0,0.0727,0.7934
61-70970-0000,1320,0,0.1101,0.7578
61-70970-0000,2300,0,0.1363,0.7151
61-70970-0000,260,0,0.0388,0.8441
61-70970-0000,2830,0,0.0082,0.741
61-70970-0000,4077,0,0.0922,0.7797
61-70970-0000,5105,0,0.1951,0.8284
61-70970-0000,5639,0,0.0232,0.7617
61-70970-0000,61,1,0.3826,0.924
61-70970-0000,672,0,-0.0203,0.8048
61-70970-0000,6930,0,0.133,0.7242
61-70970-0000,7021,0,0.1454,0.8387
61-70970-0000,7127,0,0.0706,0.6934
61-70970-0000,7176,0,0.2424,0.8688
61-70970-0000,7729,0,0.1431,0.9009
61-70970-0000,8224,0,0.1245,0.6776
61-70970-0000,8230,0,-0.0219,0.7851
61-70970-0000,8455,0,-0.0264,0.6903
61-70970-0000,908,0,0.2407,0.9053
61-70970-0011,1089,0,0.035,0.7125
61-70970-0011,1188,0,0.0979,0.7676
61-70970-0011,1320,0,0.0072,0.6673
61-70970-0011,2300,0,0.1326,0.5713
61-70970-0011,260,0,0.1225,0.827
61-70970-0011,2830,0,0.0434,0.7426
61-70970-0011,4077,0,0.108,0.705
61-70970-0011,5105,0,0.1309,0.7422
61-70970-0011,5639,0,-0.0133,0.7662
61-70970-0011,61,1,0.3626,0.8995
61-70970-0011,672,0,0.0231,0.7677
61-70970-0011,6930,0,0.0428,0.663
61-70970-0011,7021,0,0.0753,0.7279
61-70970-0011,7127,0,0.0634,0.6034
61-70970-0011,7176,0,0.235,0.8518
61-70970-0011,7729,0,0.0992,0.818
61-70970-0011,8224,0,0.0891,0.6573
61-70970-0011,8230,0,-0.0226,0.7792
61-70970-0011,8455,0,-0.0124,0.5993
61-70970-0011,908,0,0.1892,0.8475
672-122797-0003,1089,0,0.063,0.8727
672-122797-0003,1188,0,0.0633,0.851
672-122797-0003,1320,0,0.1117,0.8466
672-122797-0003,2300,0,-0.0517,0.7401
672-122797-0003,260,0,0.0819,0.8857
672-122797-0003,2830,0,0.0443,0.8038
672-122797-0003,4077,0,0.1273,0.8114
672-122797-0003,5105,0,0.1349,0.8945
672-122797-0003,5639,0,0.2251,0.8125
672-122797-0003,61,0,0.1028,0.9101
672-122797-0003,672,1,0.391,0.9272
672-122797-0003,6930,0,0.0477,0.8044
672-122797-0003,7021,0,-0.0148,0.8777
672-122797-0003,7127,0,0.0226,0.7645
672-122797-0003,7176,0,0.133,0.8554
672-122797-0003,7729,0,0.1064,0.8595
672-122797-0003,8224,0,0.0968,0.7561
672-122797-0003,8230,0,0.0716,0.8487
672-122797-0003,8455,0,-0.0024,0.7915
672-122797-0003,908,0,0.261,0.9173
672-122797-0019,1089,0,-0.0261,0.6771
672-122797-0019,1188,0,0.0168,0.71
672-122797-0019,1320,0,0.1548,0.7084
672-122797-0019,2300,0,0.0157,0.6369
672-122797-0019,260,0,0.1418,0.7442
672-122797-0019,2830,0,-0.0756,0.6984
672-122797-0019,4077,0,0.0626,0.7796
672-122797-0019,5105,0,0.165,0.8024
672-122797-0019,5639,0,-0.0386,0.7639
672-122797-0019,61,0,0.0468,0.7966
672-122797-0019,672,1,0.2591,0.7277
672-122797-0019,6930,0,0.1324,0.6119
672-122797-0019,7021,0,0.0328,0.7523
672-122797-0019,7127,0,0.0061,0.7348
672-122797-0019,7176,0,0.0788,0.7633
672-122797-0019,7729,0,-0.0284,0.8346
672-122797-0019,8224,0,0.091,0.6547
672-122797-0019,8230,0,-0.0885,0.6663
672-122797-0019,8455,0,0.0392,0.5908
672-122797-0019,908,0,0.1777,0.7687
672-122797-0052,1089,0,-0.0334,0.7223
672-122797-0052,1188,0,-0.0544,0.7602
672-122797-0052,1320,0,0.1388,0.7599
672-122797-0052,2300,0,0.0148,0.6127
672-122797-0052,260,0,0.0753,0.7792
672-122797-0052,2830,0,-0.0383,0.7697
672-122797-0052,4077,0,-0.0351,0.7456
672-122797-0052,5105,0,0.1378,0.8507
672-122797-0052,5639,0,-0.0098,0.8087
672-122797-0052,61,0,0.0357,0.7968
672-122797-0052,672,1,0.1655,0.7969
672-122797-0052,6930,0,0.0494,0.6907
672-122797-0052,7021,0,-0.0342,0.78
672-122797-0052,7127,0,-0.0668,0.7423
672-122797-0052,7176,0,0.0579,0.7601
672-122797-0052,7729,0,0.0723,0.8247
672-122797-0052,8224,0,0.1228,0.7324
672-122797-0052,8230,0,-0.1014,0.7153
672-122797-0052,8455,0,-0.0705,0.6244
672-122797-0052,908,0,0.1804,0.809
672-122797-0054,1089,0,-0.0159,0.7324
672-122797-0054,1188,0,0.0604,0.7728
672-122797-0054,1320,0,0.1078,0.7392
672-122797-0054,2300,0,0.0882,0.5947
672-122797-0054,260,0,0.142,0.8277
672-122797-0054,2830,0,0.0667,0.7841
672-122797-0054,4077,0,0.0698,0.7778
672-122797-0054,5105,0,0.1669,0.8252
672-122797-0054,5639,0,0.1515,0.8164
672-122797-0054,61,0,0.1229,0.848
672-122797-0054,672,1,0.3004,0.8068
672-122797-0054,6930,0,0.1354,0.7066
672-122797-0054,7021,0,0.0183,0.7632
672-122797-0054,7127,0,0.0339,0.7259
672-122797-0054,7176,0,0.1097,0.8164
672-122797-0054,7729,0,0.0144,0.843
672-122797-0054,8224,0,0.1213,0.6953
672-122797-0054,8230,0,-0.0357,0.7501
672-122797-0054,8455,0,-0.0749,0.6317
672-122797-0054,908,0,0.109,0.8361
672-122797-0055,1089,0,0.0122,0.7671
672-122797-0055,1188,0,0.0401,0.7755
672-122797-0055,1320,0,0.1229,0.7103
672-122797-0055,2300,0,0.0383,0.5804
672-122797-0055,260,0,0.1295,0.8447
672-122797-0055,2830,0,0.0318,0.7165
672-122797-0055,4077,0,0.111,0.7635
672-122797-0055,5105,0,0.1628,0.7733
672-122797-0055,5639,0,0.2675,0.853
672-122797-0055,61,0,0.0916,0.8465
672-122797-0055,672,1,0.3626,0.8662
672-122797-0055,6930,0,0.0714,0.6942
672-122797-0055,7021,0,-0.018,0.7428
672-122797-0055,7127,0,0.0398,0.638
672-122797-0055,7176,0,0.1417,0.8038
672-122797-0055,7729,0,0.0776,0.8048
672-122797-0055,8224,0,0.1473,0.7759
672-122797-0055,8230,0,0.0208,0.7656
672-122797-0055,8455,0,-0.0527,0.6622
672-122797-0055,908,0,0.1984,0.8752
672-122797-0058,1089,0,-0.1433,0.743
672-122797-0058,1188,0,-0.1084,0.7417
672-122797-0058,1320,0,0.1801,0.7073
672-122797-0058,2300,0,0.1247,0.5614
672-122797-0058,260,0,0.0802,0.7222
672-122797-0058,2830,0,-0.0719,0.692
672-122797-0058,4077,0,0.0874,0.7195
672-122797-0058,5105,0,0.1592,0.801
672-122797-0058,5639,0,0.0086,0.8684
672-122797-0058,61,0,0.1286,0.73
672-122797-0058,672,1,0.2546,0.7977
672-122797-0058,6930,0,0.0968,0.604
672-122797-0058,7021,0,0.128,0.7513
672-122797-0058,7127,0,-0.0367,0.7035
672-122797-0058,7176,0,0.1053,0.6846
672-122797-0058,7729,0,0.0022,0.8269
672-122797-0058,8224,0,0.153,0.7692
672-122797-0058,8230,0,-0.0939,0.6892
672-122797-0058,8455,0,0.0037,0.5701
672-122797-0058,908,0,0.1741,0.8111
672-122797-0061,1089,0,-0.0091,0.6323
672-122797-0061,1188,0,0.0139,0.676
672-122797-0061,1320,0,0.1307,0.6319
672-122797-0061,2300,0,0.1373,0.4232
672-122797-0061,260,0,0.167,0.6772
672-122797-0061,2830,0,0.0567,0.7125
672-122797-0061,4077,0,0.0494,0.6402
672-122797-0061,5105,0,0.2086,0.7353
672-122797-0061,5639,0,-0.027,0.7835
672-122797-0061,61,0,0.0526,0.7091
672-122797-0061,672,1,0.1022,0.7134
672-122797-0061,6930,0,0.0566,0.577
672-122797-0061,7021,0,0.1059,0.6397
672-122797-0061,7127,0,0.0804,0.6421
672-122797-0061,7176,0,0.0987,0.6992
672-122797-0061,7729,0,0.0089,0.7103
672-122797-0061,8224,0,0.0892,0.685
672-122797-0061,8230,0,-0.0769,0.6615
672-122797-0061,8455,0,0.0308,0.4774
672-122797-0061,908,0,0.0576,0.7091
672-122797-0070,1089,0,-0.0219,0.8395
672-122797-0070,1188,0,0.044,0.8358
672-122797-0070,1320,0,0.1479,0.8532
672-122797-0070,2300,0,0.0053,0.769
672-122797-0070,260,0,0.1539,0.9168
672-122797-0070,2830,0,0.0428,0.764
672-122797-0070,4077,0,0.0309,0.8751
672-122797-0070,5105,0,0.1778,0.8816
672-122797-0070,5639,0,0.2134,0.8373
672-122797-0070,61,0,0.0311,0.8781
672-122797-0070,672,1,0.424,0.924
672-122797-0070,6930,0,0.1527,0.8191
672-122797-0070,7021,0,0.0148,0.8595
672-122797-0070,7127,0,0.002,0.7754
672-122797-0070,7176,0,0.0265,0.8387
672-122797-0070,7729,0,-0.0016,0.8706
672-122797-0070,8224,0,0.0918,0.7848
672-122797-0070,8230,0,-0.0123,0.782
672-122797-0070,8455,0,-0.0415,0.842
672-122797-0070,908,0,0.1491,0.911
672-122797-0072,1089,0,0.0342,0.836
672-122797-0072,1188,0,0.0145,0.8463
672-122797-0072,1320,0,0.232,0.8257
672-122797-0072,2300,0,0.0166,0.7229
672-122797-0072,260,0,0.18,0.9057
672-122797-0072,2830,0,0.0242,0.7903
672-122797-0072,4077,0,0.1153,0.7989
672-122797-0072,5105,0,0.2648,0.872
672-122797-0072,5639,0,0.1904,0.8181
672-122797-0072,61,0,0.1397,0.9039
672-122797-0072,672,1,0.435,0.9152
672-122797-0072,6930,0,0.1708,0.8078
672-122797-0072,7021,0,0.0636,0.8582
672-122797-0072,7127,0,0.027,0.7233
672-122797-0072,7176,0,0.1254,0.8535
672-122797-0072,7729,0,0.0976,0.8509
672-122797-0072,8224,0,0.1885,0.7827
672-122797-0072,8230,0,0.028,0.8199
672-122797-0072,8455,0,0.0151,0.7861
672-122797-0072,908,0,0.2705,0.9216
672-122797-0073,1089,0,0.044,0.8454
672-122797-0073,1188,0,0.0538,0.8163
672-122797-0073,1320,0,0.1284,0.8357
672-122797-0073,2300,0,0.0478,0.7397
672-122797-0073,260,0,0.1662,0.9102
672-122797-0073,2830,0,0.0477,0.7489
672-122797-0073,4077,0,0.0989,0.8531
672-122797-0073,5105,0,0.1726,0.8718
672-122797-0073,5639,0,0.2455,0.8431
672-122797-0073,61,0,0.12,0.891
672-122797-0073,672,1,0.4205,0.9259
672-122797-0073,6930,0,0.0789,0.817
672-122797-0073,7021,0,0.0353,0.8547
672-122797-0073,7127,0,0.0364,0.7429
672-122797-0073,7176,0,0.0785,0.8478
672-122797-0073,7729,0,0.0422,0.8663
672-122797-0073,8224,0,0.1361,0.7892
672-122797-0073,8230,0,0.0307,0.793
672-122797-0073,8455,0,-0.0166,0.8071
672-122797-0073,908,0,0.1846,0.9392
6829-68769-0006,121,0,0.1339,0.7047
6829-68769-0006,1221,0,-0.0162,0.8839
6829-68769-0006,1284,0,0.0219,0.7618
6829-68769-0006,1580,0,0.0482,0.79
6829-68769-0006,1995,0,-0.0592,0.7083
6829-68769-0006,2094,0,0.0631,0.8257
6829-68769-0006,237,0,0.1141,0.7942
6829-68769-0006,2961,0,0.0265,0.6103
6829-68769-0006,3570,0,0.0605,0.6933
6829-68769-0006,3575,0,0.1799,0.8265
6829-68769-0006,3729,0,-0.0122,0.8178
6829-68769-0006,4446,0,0.0655,0.8166
6829-68769-0006,4507,0,-0.0856,0.8573
6829-68769-0006,4970,0,0.1742,0.9147
6829-68769-0006,4992,0,0.0279,0.8304
6829-68769-0006,5142,0,0.1653,0.8482
6829-68769-0006,5683,0,0.0351,0.8438
6829-68769-0006,6829,1,0.4366,0.9125
6829-68769-0006,8463,0,0.0986,0.809
6829-68769-0006,8555,0,0.2304,0.835
6829-68769-0039,121,0,0.129,0.6953
6829-68769-0039,1221,0,-0.0352,0.886
6829-68769-0039,1284,0,0.0079,0.7656
6829-68769-0039,1580,0,-0.0013,0.7678
6829-68769-0039,1995,0,-0.1047,0.6826
6829-68769-0039,2094,0,0.0301,0.824
6829-68769-0039,237,0,0.0813,0.8019
6829-68769-0039,2961,0,0.0097,0.5871
6829-68769-0039,3570,0,-0.0353,0.6827
6829-68769-0039,3575,0,0.1888,0.8043
6829-68769-0039,3729,0,-0.0909,0.8181
6829-68769-0039,4446,0,0.004,0.818
6829-68769-0039,4507,0,-0.1107,0.8385
6829-68769-0039,4970,0,0.1022,0.8866
6829-68769-0039,4992,0,-0.0316,0.82
6829-68769-0039,5142,0,0.0844,0.8184
6829-68769-0039,5683,0,-0.0171,0.8191
6829-68769-0039,6829,1,0.4438,0.9215
6829-68769-0039,8463,0,0.0334,0.7914
6829-68769-0039,8555,0,0.1697,0.7762
6829-68769-0049,121,0,0.0745,0.6937
6829-68769-0049,1221,0,-0.0341,0.8512
6829-68769-0049,1284,0,-0.005,0.7391
6829-68769-0049,1580,0,0.0412,0.7384
6829-68769-0049,1995,0,-0.077,0.7043
6829-68769-0049,2094,0,0.0149,0.8424
6829-68769-0049,237,0,0.0987,0.7738
6829-68769-0049,2961,0,0.0199,0.5965
6829-68769-0049,3570,0,-0.0254,0.6758
6829-68769-0049,3575,0,0.1679,0.806
6829-68769-0049,3729,0,-0.0617,0.8028
6829-68769-0049,4446,0,0.0098,0.7933
6829-68769-0049,4507,0,-0.1674,0.8336
6829-68769-0049,4970,0,0.1612,0.8751
6829-68769-0049,4992,0,-0.0079,0.8168
6829-68769-0049,5142,0,0.0556,0.8244
6829-68769-0049,5683,0,0.0104,0.7923
6829-68769-0049,6829,1,0.4862,0.9147
6829-68769-0049,8463,0,0.0956,0.8002
6829-68769-0049,8555,0,0.1489,0.7843
6829-68771-0005,121,0,0.085,0.7833
6829-68771-0005,1221,0,-0.0487,0.9074
6829-68771-0005,1284,0,0.0093,0.7941
6829-68771-0005,1580,0,0.1396,0.8326
6829-68771-0005,1995,0,-0.0786,0.7427
6829-68771-0005,2094,0,-0.0033,0.8593
6829-68771-0005,237,0,0.0515,0.8481
6829-68771-0005,2961,0,0.0704,0.6896
6829-68771-0005,3570,0,0.0466,0.7769
6829-68771-0005,3575,0,0.2064,0.856
6829-68771-0005,3729,0,-0.0864,0.8647
6829-68771-0005,4446,0,0.0003,0.852
6829-68771-0005,4507,0,-0.1539,0.8927
6829-68771-0005,4970,0,0.2138,0.8954
6829-68771-0005,4992,0,0.0407,0.8508
6829-68771-0005,5142,0,0.0457,0.8203
6829-68771-0005,5683,0,0.0302,0.8689
6829-68771-0005,6829,1,0.4619,0.9256
6829-68771-0005,8463,0,0.0406,0.8208
6829-68771-0005,8555,0,0.1947,0.8189
6829-68771-0011,121,0,0.1057,0.7588
6829-68771-0011,1221,0,0.0049,0.9185
6829-68771-0011,1284,0,0.0765,0.8094
6829-68771-0011,1580,0,0.123,0.8107
6829-68771-0011,1995,0,-0.0808,0.7606
6829-68771-0011,2094,0,0.0358,0.8742
6829-68771-0011,237,0,0.0959,0.8523
6829-68771-0011,2961,0,0.0828,0.6566
6829-68771-0011,3570,0,0.0004,0.7235
6829-68771-0011,3575,0,0.1006,0.7895
6829-68771-0011,3729,0,-0.0816,0.8705
6829-68771-0011,4446,0,0.0659,0.8778
6829-68771-0011,4507,0,-0.1387,0.8689
6829-68771-0011,4970,0,0.1646,0.8737
6829-68771-0011,4992,0,0.0833,0.8829
6829-68771-0011,5142,0,0.1031,0.8668
6829-68771-0011,5683,0,-0.0105,0.8427
6829-68771-0011,6829,1,0.4795,0.9311
6829-68771-0011,8463,0,0.0723,0.8621
6829-68771-0011,8555,0,0.1168,0.8187
6829-68771-0014,121,0,0.1647,0.6952
6829-68771-0014,1221,0,-0.0074,0.8776
6829-68771-0014,1284,0,-0.01,0.7695
6829-68771-0014,1580,0,0.1335,0.7567
6829-68771-0014,1995,0,-0.018,0.7066
6829-68771-0014,2094,0,-0.0055,0.8461
6829-68771-0014,237,0,0.0671,0.8193
6829-68771-0014,2961,0,0.0662,0.6011
6829-68771-0014,3570,0,0.0117,0.6858
6829-68771-0014,3575,0,0.1923,0.7989
6829-68771-0014,3729,0,-0.07,0.8182
6829-68771-0014,4446,0,0.0558,0.8217
6829-68771-0014,4507,0,-0.1533,0.827
6829-68771-0014,4970,0,0.2018,0.8723
6829-68771-0014,4992,0,0.0438,0.8222
6829-68771-0014,5142,0,0.0501,0.8164
6829-68771-0014,5683,0,0.0449,0.8219
6829-68771-0014,6829,1,0.4625,0.9198
6829-68771-0014,8463,0,0.0571,0.7932
6829-68771-0014,8555,0,0.1038,0.7715
6829-68771-0019,121,0,0.078,0.6947
6829-68771-0019,1221,0,-0.0615,0.8542
6829-68771-0019,1284,0,-0.0311,0.7552
6829-68771-0019,1580,0,0.097,0.7761
6829-68771-0019,1995,0,-0.1137,0.7183
6829-68771-0019,2094,0,-0.0717,0.8422
6829-68771-0019,237,0,0.0944,0.7998
6829-68771-0019,2961,0,0.0852,0.5952
6829-68771-0019,3570,0,-0.015,0.6933
6829-68771-0019,3575,0,0.1719,0.8705
6829-68771-0019,3729,0,-0.1509,0.7834
6829-68771-0019,4446,0,0.065,0.7859
6829-68771-0019,4507,0,-0.17,0.8326
6829-68771-0019,4970,0,0.2097,0.9136
6829-68771-0019,4992,0,0.046,0.8031
6829-68771-0019,5142,0,0.0775,0.8104
6829-68771-0019,5683,0,0.0358,0.8414
6829-68771-0019,6829,1,0.489,0.9002
6829-68771-0019,8463,0,0.0921,0.778
6829-68771-0019,8555,0,0.1356,0.816
6829-68771-0023,121,0,0.1521,0.6962
6829-68771-0023,1221,0,0.0587,0.8805
6829-68771-0023,1284,0,0.0556,0.7677
6829-68771-0023,1580,0,0.16,0.7718
6829-68771-0023,1995,0,-0.049,0.6854
6829-68771-0023,2094,0,0.03,0.8079
6829-68771-0023,237,0,0.1324,0.7979
6829-68771-0023,2961,0,0.0769,0.5925
6829-68771-0023,3570,0,0.0709,0.6942
6829-68771-0023,3575,0,0.205,0.8081
6829-68771-0023,3729,0,-0.0481,0.8121
6829-68771-0023,4446,0,0.0501,0.8191
6829-68771-0023,4507,0,-0.1898,0.8331
6829-68771-0023,4970,0,0.1536,0.9024
6829-68771-0023,4992,0,0.0952,0.8141
6829-68771-0023,5142,0,0.0898,0.8288
6829-68771-0023,5683,0,0.0458,0.8291
6829-68771-0023,6829,1,0.4393,0.8911
6829-68771-0023,8463,0,0.1193,0.804
6829-68771-0023,8555,0,0.1135,0.8056
6829-68771-0025,121,0,0.1294,0.8047
6829-68771-0025,1221,0,-0.0258,0.8847
6829-68771-0025,1284,0,-0.0028,0.7795
6829-68771-0025,1580,0,0.1321,0.805
6829-68771-0025,1995,0,-0.0208,0.7663
6829-68771-0025,2094,0,0.0109,0.8786
6829-68771-0025,237,0,0.1198,0.8398
6829-68771-0025,2961,0,0.0824,0.7246
6829-68771-0025,3570,0,0.0054,0.7972
6829-68771-0025,3575,0,0.1887,0.8786
6829-68771-0025,3729,0,-0.1164,0.8631
6829-68771-0025,4446,0,0.0286,0.8233
6829-68771-0025,4507,0,-0.1344,0.8827
6829-68771-0025,4970,0,0.2194,0.8796
6829-68771-0025,4992,0,0.062,0.8469
6829-68771-0025,5142,0,0.0446,0.7966
6829-68771-0025,5683,0,0.043,0.8435
6829-68771-0025,6829,1,0.4697,0.9201
6829-68771-0025,8463,0,0.075,0.831
6829-68771-0025,8555,0,0.1371,0.7932
6829-68771-0035,121,0,0.0309,0.6393
6829-68771-0035,1221,0,-0.092,0.842
6829-68771-0035,1284,0,0.0032,0.733
6829-68771-0035,1580,0,0.0533,0.7189
6829-68771-0035,1995,0,-0.0516,0.647
6829-68771-0035,2094,0,-0.0314,0.7788
6829-68771-0035,237,0,0.1066,0.7758
6829-68771-0035,2961,0,0.0539,0.5676
6829-68771-0035,3570,0,-0.0117,0.6607
6829-68771-0035,3575,0,0.1243,0.7891
6829-68771-0035,3729,0,-0.2102,0.7656
6829-68771-0035,4446,0,0.0435,0.7751
6829-68771-0035,4507,0,-0.2559,0.7932
6829-68771-0035,4970,0,0.2063,0.8986
6829-68771-0035,4992,0,-0.0238,0.764
6829-68771-0035,5142,0,0.0992,0.8007
6829-68771-0035,5683,0,-0.0331,0.7909
6829-68771-0035,6829,1,0.3279,0.8806
6829-68771-0035,8463,0,0.0901,0.7557
6829-68771-0035,8555,0,0.174,0.7675
6930-75918-0009,1089,0,0.0396,0.7671
6930-75918-0009,1188,0,-0.0397,0.7661
6930-75918-0009,1320,0,0.1082,0.8285
6930-75918-0009,2300,0,0.0042,0.8059
6930-75918-0009,260,0,0.2257,0.8679
6930-75918-0009,2830,0,0.0321,0.7481
6930-75918-0009,4077,0,0.0489,0.7626
6930-75918-0009,5105,0,0.2216,0.8378
6930-75918-0009,5639,0,0.1433,0.7023
6930-75918-0009,61,0,0.1346,0.8342
6930-75918-0009,672,0,0.0287,0.8289
6930-75918-0009,6930,1,0.5284,0.882
6930-75918-0009,7021,0,0.1375,0.8367
6930-75918-0009,7127,0,0.0182,0.7166
6930-75918-0009,7176,0,0.1153,0.7776
6930-75918-0009,7729,0,-0.0074,0.7796
6930-75918-0009,8224,0,0.0676,0.7309
6930-75918-0009,8230,0,-0.0268,0.7283
6930-75918-0009,8455,0,0.0095,0.826
6930-75918-0009,908,0,0.1717,0.8478
6930-75918-0015,1089,0,-0.0157,0.7717
6930-75918-0015,1188,0,-0.0892,0.7662
6930-75918-0015,1320,0,0.0607,0.8422
6930-75918-0015,2300,0,0.003,0.8169
6930-75918-0015,260,0,0.3213,0.8711
6930-75918-0015,2830,0,-0.0113,0.7319
6930-75918-0015,4077,0,0.1698,0.798
6930-75918-0015,5105,0,0.2227,0.867
6930-75918-0015,5639,0,0.1043,0.73
6930-75918-0015,61,0,0.0923,0.848
6930-75918-0015,672,0,0.0653,0.8362
6930-75918-0015,6930,1,0.5354,0.8662
6930-75918-0015,7021,0,0.1179,0.8685
6930-75918-0015,7127,0,-0.0042,0.7382
6930-75918-0015,7176,0,0.1084,0.8026
6930-75918-0015,7729,0,-0.04,0.8255
6930-75918-0015,8224,0,0.0767,0.7343
6930-75918-0015,8230,0,-0.0535,0.7164
6930-75918-0015,8455,0,0.0699,0.8187
6930-75918-0015,908,0,0.1962,0.8899
6930-75918-0018,1089,0,-0.0556,0.7856
6930-75918-0018,1188,0,-0.0937,0.7819
6930-75918-0018,1320,0,0.0957,0.84
6930-75918-0018,2300,0,0.0063,0.778
6930-75918-0018,260,0,0.2391,0.9094
6930-75918-0018,2830,0,0.0336,0.7506
6930-75918-0018,4077,0,0.0865,0.7858
6930-75918-0018,5105,0,0.1962,0.85
6930-75918-0018,5639,0,0.12,0.7067
6930-75918-0018,61,0,0.1119,0.8758
6930-75918-0018,672,0,0.0585,0.8612
6930-75918-0018,6930,1,0.5188,0.8944
6930-75918-0018,7021,0,0.0598,0.8529
6930-75918-0018,7127,0,0.009,0.7104
6930-75918-0018,7176,0,0.1112,0.8475
6930-75918-0018,7729,0,0.0079,0.7822
6930-75918-0018,8224,0,0.0464,0.7194
6930-75918-0018,8230,0,-0.1002,0.7591
6930-75918-0018,8455,0,0.0008,0.8448
6930-75918-0018,908,0,0.1969,0.8965
6930-75918-0019,1089,0,-0.083,0.747
6930-75918-0019,1188,0,-0.12,0.7656
6930-75918-0019,1320,0,0.0678,0.8056
6930-75918-0019,2300,0,0.0013,0.7296
6930-75918-0019,260,0,0.2184,0.8865
6930-75918-0019,2830,0,-0.0025,0.7572
6930-75918-0019,4077,0,0.0212,0.737
6930-75918-0019,5105,0,0.1999,0.8314
6930-75918-0019,5639,0,0.076,0.7164
6930-75918-0019,61,0,0.1042,0.8496
6930-75918-0019,672,0,0.0046,0.8331
6930-75918-0019,6930,1,0.5116,0.8917
6930-75918-0019,7021,0,0.0234,0.82
6930-75918-0019,7127,0,-0.0307,0.6767
6930-75918-0019,7176,0,0.0668,0.8177
6930-75918-0019,7729,0,-0.0419,0.7553
6930-75918-0019,8224,0,0.0676,0.735
6930-75918-0019,8230,0,-0.0734,0.7394
6930-75918-0019,8455,0,-0.0544,0.8005
6930-75918-0019,908,0,0.2241,0.8649
6930-76324-0008,1089,0,0.0,0.7203
6930-76324-0008,1188,0,-0.0472,0.7847
6930-76324-0008,1320,0,0.0752,0.7772
6930-76324-0008,2300,0,-0.0486,0.6773
6930-76324-0008,260,0,0.1867,0.8898
6930-76324-0008,2830,0,0.0111,0.7839
6930-76324-0008,4077,0,0.1243,0.7741
6930-76324-0008,5105,0,0.1678,0.8094
6930-76324-0008,5639,0,0.0726,0.7501
6930-76324-0008,61,0,0.1194,0.8654
6930-76324-0008,672,0,-0.0542,0.8144
6930-76324-0008,6930,1,0.4171,0.8229
6930-76324-0008,7021,0,0.0369,0.7667
6930-76324-0008,7127,0,-0.0037,0.6938
6930-76324-0008,7176,0,0.1106,0.8454
6930-76324-0008,7729,0,-0.0863,0.794
6930-76324-0008,8224,0,0.0536,0.7129
6930-76324-0008,8230,0,-0.0583,0.7415
6930-76324-0008,8455,0,0.0781,0.7528
6930-76324-0008,908,0,0.2055,0.8415
6930-76324-0011,1089,0,-0.0386,0.8314
6930-76324-0011,1188,0,-0.1184,0.8437
6930-76324-0011,1320,0,0.1207,0.8649
6930-76324-0011,2300,0,0.0255,0.7284
6930-76324-0011,260,0,0.239,0.9268
6930-76324-0011,2830,0,0.0155,0.8347
6930-76324-0011,4077,0,0.1931,0.8637
6930-76324-0011,5105,0,0.2013,0.9018
6930-76324-0011,5639,0,0.1091,0.82
6930-76324-0011,61,0,0.1514,0.8932
6930-76324-0011,672,0,0.0286,0.879
6930-76324-0011,6930,1,0.4348,0.8314
6930-76324-0011,7021,0,0.0699,0.8595
6930-76324-0011,7127,0,-0.026,0.8178
6930-76324-0011,7176,0,0.1299,0.8773
6930-76324-0011,7729,0,0.0009,0.8673
6930-76324-0011,8224,0,0.1075,0.7139
6930-76324-0011,8230,0,-0.0912,0.8077
6930-76324-0011,8455,0,-0.0329,0.7913
6930-76324-0011,908,0,0.2077,0.8983
6930-76324-0025,1089,0,-0.0376,0.7218
6930-76324-0025,1188,0,-0.0784,0.7789
6930-76324-0025,1320,0,0.0628,0.7307
6930-76324-0025,2300,0,0.1049,0.5427
6930-76324-0025,260,0,0.1774,0.8763
6930-76324-0025,2830,0,0.0012,0.8047
6930-76324-0025,4077,0,0.1032,0.7213
6930-76324-0025,5105,0,0.1324,0.7784
6930-76324-0025,5639,0,0.1469,0.8029
6930-76324-0025,61,0,0.0691,0.8087
6930-76324-0025,672,0,0.1032,0.8166
6930-76324-0025,6930,1,0.3766,0.797
6930-76324-0025,7021,0,0.1395,0.7176
6930-76324-0025,7127,0,-0.044,0.669
6930-76324-0025,7176,0,0.0699,0.8048
6930-76324-0025,7729,0,-0.0341,0.7346
6930-76324-0025,8224,0,0.0797,0.7062
6930-76324-0025,8230,0,-0.0357,0.7546
6930-76324-0025,8455,0,0.0481,0.6855
6930-76324-0025,908,0,0.1678,0.806
6930-76324-0028,1089,0,-0.021,0.7785
6930-76324-0028,1188,0,-0.0602,0.7828
6930-76324-0028,1320,0,0.1463,0.8295
6930-76324-0028,2300,0,0.0331,0.7502
6930-76324-0028,260,0,0.1968,0.9016
6930-76324-0028,2830,0,-0.0036,0.7622
6930-76324-0028,4077,0,0.1796,0.838
6930-76324-0028,5105,0,0.2011,0.87
6930-76324-0028,5639,0,0.0746,0.7948
6930-76324-0028,61,0,0.1312,0.8822
6930-76324-0028,672,0,0.0131,0.8625
6930-76324-0028,6930,1,0.4841,0.863
6930-76324-0028,7021,0,0.0569,0.8337
6930-76324-0028,7127,0,-0.0176,0.7493
6930-76324-0028,7176,0,0.1094,0.8452
6930-76324-0028,7729,0,0.0125,0.8385
6930-76324-0028,8224,0,0.0569,0.765
6930-76324-0028,8230,0,-0.1312,0.7523
6930-76324-0028,8455,0,0.0037,0.8051
6930-76324-0028,908,0,0.2648,0.8891
6930-81414-0011,1089,0,-0.0045,0.7955
6930-81414-0011,1188,0,0.0027,0.8561
6930-81414-0011,1320,0,0.1716,0.8267
6930-81414-0011,2300,0,-0.1305,0.6692
6930-81414-0011,260,0,0.1485,0.9173
6930-81414-0011,2830,0,0.0844,0.8629
6930-81414-0011,4077,0,0.0737,0.8136
6930-81414-0011,5105,0,0.2471,0.8794
6930-81414-0011,5639,0,0.1092,0.8186
6930-81414-0011,61,0,0.07,0.8969
6930-81414-0011,672,0,0.02,0.8565
6930-81414-0011,6930,1,0.3485,0.8309
6930-81414-0011,7021,0,-0.0359,0.8187
6930-81414-0011,7127,0,-0.0553,0.7765
6930-81414-0011,7176,0,0.0627,0.8865
6930-81414-0011,7729,0,0.0197,0.8476
6930-81414-0011,8224,0,-0.011,0.7365
6930-81414-0011,8230,0,-0.0501,0.8222
6930-81414-0011,8455,0,-0.0047,0.7579
6930-81414-0011,908,0,0.2868,0.8698
6930-81414-0023,1089,0,-0.0117,0.7834
6930-81414-0023,1188,0,0.0002,0.7981
6930-81414-0023,1320,0,0.1574,0.8769
6930-81414-0023,2300,0,-0.0533,0.8677
6930-81414-0023,260,0,0.1609,0.8587
6930-81414-0023,2830,0,0.0427,0.7557
6930-81414-0023,4077,0,0.0753,0.7865
6930-81414-0023,5105,0,0.153,0.8876
6930-81414-0023,5639,0,0.0874,0.6771
6930-81414-0023,61,0,0.0727,0.84
6930-81414-0023,672,0,0.0483,0.8321
6930-81414-0023,6930,1,0.4945,0.8416
6930-81414-0023,7021,0,0.0624,0.8949
6930-81414-0023,7127,0,0.0022,0.7708
6930-81414-0023,7176,0,-0.0132,0.8055
6930-81414-0023,7729,0,-0.0107,0.8162
6930-81414-0023,8224,0,0.0168,0.7159
6930-81414-0023,8230,0,-0.0709,0.7292
6930-81414-0023,8455,0,0.0669,0.8424
6930-81414-0023,908,0,0.2332,0.8579
7021-79730-0006,1089,0,-0.0274,0.8298
7021-79730-0006,1188,0,0.0485,0.8779
7021-79730-0006,1320,0,0.1581,0.836
7021-79730-0006,2300,0,0.0275,0.7507
7021-79730-0006,260,0,0.0571,0.8521
7021-79730-0006,2830,0,0.0196,0.803
7021-79730-0006,4077,0,0.0756,0.8133
7021-79730-0006,5105,0,0.2287,0.8964
7021-79730-0006,5639,0,0.0509,0.8024
7021-79730-0006,61,0,0.059,0.8776
7021-79730-0006,672,0,0.061,0.8369
7021-79730-0006,6930,0,0.1144,0.6854
7021-79730-0006,7021,1,0.3919,0.8879
7021-79730-0006,7127,0,-0.0375,0.8131
7021-79730-0006,7176,0,0.1964,0.8421
7021-79730-0006,7729,0,0.1694,0.9351
7021-79730-0006,8224,0,0.131,0.6942
7021-79730-0006,8230,0,-0.0066,0.8038
7021-79730-0006,8455,0,0.0743,0.722
7021-79730-0006,908,0,0.3167,0.8914
7021-79730-0009,1089,0,0.0134,0.83
7021-79730-0009,1188,0,0.0843,0.8571
7021-79730-0009,1320,0,0.2134,0.839
7021-79730-0009,2300,0,0.0475,0.7414
7021-79730-0009,260,0,0.0829,0.8431
7021-79730-0009,2830,0,0.0387,0.8063
7021-79730-0009,4077,0,0.0899,0.7784
7021-79730-0009,5105,0,0.2771,0.9069
7021-79730-0009,5639,0,0.0662,0.7905
7021-79730-0009,61,0,0.1505,0.8823
7021-79730-0009,672,0,0.0515,0.8443
7021-79730-0009,6930,0,0.1247,0.7171
7021-79730-0009,7021,1,0.4108,0.9022
7021-79730-0009,7127,0,-0.0235,0.7904
7021-79730-0009,7176,0,0.1737,0.8466
7021-79730-0009,7729,0,0.1862,0.9073
7021-79730-0009,8224,0,0.116,0.7019
7021-79730-0009,8230,0,0.0596,0.8116
7021-79730-0009,8455,0,0.0711,0.712
7021-79730-0009,908,0,0.296,0.9061
7021-79740-0001,1089,0,0.0006,0.8254
7021-79740-0001,1188,0,0.0114,0.8195
7021-79740-0001,1320,0,0.1026,0.8419
7021-79740-0001,2300,0,0.1772,0.8205
7021-79740-0001,260,0,0.0667,0.8362
7021-79740-0001,2830,0,0.0066,0.738
7021-79740-0001,4077,0,0.0542,0.7955
7021-79740-0001,5105,0,0.1344,0.9025
7021-79740-0001,5639,0,0.0709,0.7414
7021-79740-0001,61,0,0.0358,0.8788
7021-79740-0001,672,0,0.008,0.8385
7021-79740-0001,6930,0,0.2066,0.7394
7021-79740-0001,7021,1,0.3791,0.9284
7021-79740-0001,7127,0,0.0024,0.7692
7021-79740-0001,7176,0,0.0916,0.8196
7021-79740-0001,7729,0,0.1493,0.9001
7021-79740-0001,8224,0,0.0743,0.706
7021-79740-0001,8230,0,0.013,0.7707
7021-79740-0001,8455,0,-0.002,0.7588
7021-79740-0001,908,0,0.3125,0.9159
7021-79740-0002,1089,0,0.0162,0.8376
7021-79740-0002,1188,0,0.0212,0.8209
7021-79740-0002,1320,0,0.0754,0.8104
7021-79740-0002,2300,0,0.1398,0.7494
7021-79740-0002,260,0,0.0681,0.835
7021-79740-0002,2830,0,0.0083,0.7393
7021-79740-0002,4077,0,0.0509,0.808
7021-79740-0002,5105,0,0.2016,0.8796
7021-79740-0002,5639,0,0.046,0.8206
7021-79740-0002,61,0,0.0883,0.8868
7021-79740-0002,672,0,0.0787,0.8734
7021-79740-0002,6930,0,0.2038,0.7274
7021-79740-0002,7021,1,0.3949,0.8785
7021-79740-0002,7127,0,0.021,0.7506
7021-79740-0002,7176,0,0.1707,0.8375
7021-79740-0002,7729,0,0.1678,0.913
7021-79740-0002,8224,0,0.1376,0.7825
7021-79740-0002,8230,0,0.0011,0.7996
7021-79740-0002,8455,0,0.0306,0.7305
7021-79740-0002,908,0,0.304,0.9248
7021-79740-0003,1089,0,-0.0394,0.827
7021-79740-0003,1188,0,0.0168,0.8263
7021-79740-0003,1320,0,0.105,0.8417
7021-79740-0003,2300,0,0.1938,0.8166
7021-79740-0003,260,0,0.0005,0.8234
7021-79740-0003,2830,0,-0.0057,0.7407
7021-79740-0003,4077,0,0.0096,0.8162
7021-79740-0003,5105,0,0.1378,0.8781
7021-79740-0003,5639,0,-0.038,0.7522
7021-79740-0003,61,0,0.1365,0.8434
7021-79740-0003,672,0,0.0148,0.8259
7021-79740-0003,6930,0,0.1208,0.6934
7021-79740-0003,7021,1,0.3537,0.9029
7021-79740-0003,7127,0,-0.0189,0.8016
7021-79740-0003,7176,0,0.1392,0.7952
7021-79740-0003,7729,0,0.2334,0.9339
7021-79740-0003,8224,0,0.1061,0.6632
7021-79740-0003,8230,0,0.0575,0.746
7021-79740-0003,8455,0,0.0139,0.7434
7021-79740-0003,908,0,0.2706,0.9087
7021-79740-0004,1089,0,-0.0605,0.8177
7021-79740-0004,1188,0,-0.024,0.8062
7021-79740-0004,1320,0,0.1586,0.8264
7021-79740-0004,2300,0,0.1699,0.7945
7021-79740-0004,260,0,0.1071,0.8401
7021-79740-0004,2830,0,-0.0962,0.7205
7021-79740-0004,4077,0,0.0986,0.8328
7021-79740-0004,5105,0,0.2151,0.8823
7021-79740-0004,5639,0,0.028,0.7758
7021-79740-0004,61,0,0.1465,0.8787
7021-79740-0004,672,0,0.058,0.844
7021-79740-0004,6930,0,0.1178,0.7181
7021-79740-0004,7021,1,0.3562,0.9003
7021-79740-0004,7127,0,-0.0589,0.7722
7021-79740-0004,7176,0,0.2007,0.8354
7021-79740-0004,7729,0,0.1766,0.9196
7021-79740-0004,8224,0,0.1226,0.7046
7021-79740-0004,8230,0,-0.0479,0.7553
7021-79740-0004,8455,0,0.0101,0.7468
7021-79740-0004,908,0,0.2722,0.9259
7021-79759-0003,1089,0,0.0352,0.8048
7021-79759-0003,1188,0,-0.0416,0.7899
7021-79759-0003,1320,0,0.0951,0.8497
7021-79759-0003,2300,0,0.1839,0.8886
7021-79759-0003,260,0,0.0197,0.8136
7021-79759-0003,2830,0,-0.0356,0.6879
7021-79759-0003,4077,0,0.0424,0.7715
7021-79759-0003,5105,0,0.2197,0.8769
7021-79759-0003,5639,0,0.0684,0.6653
7021-79759-0003,61,0,0.0151,0.8434
7021-79759-0003,672,0,0.0322,0.8229
7021-79759-0003,6930,0,0.2028,0.7516
7021-79759-0003,7021,1,0.3258,0.9292
7021-79759-0003,7127,0,0.0294,0.7444
7021-79759-0003,7176,0,0.0781,0.7825
7021-79759-0003,7729,0,0.0183,0.844
7021-79759-0003,8224,0,0.1105,0.7103
7021-79759-0003,8230,0,0.0478,0.7275
7021-79759-0003,8455,0,0.078,0.8091
7021-79759-0003,908,0,0.2471,0.8838
7021-79759-0005,1089,0,-0.1337,0.7999
7021-79759-0005,1188,0,-0.0638,0.8002
7021-79759-0005,1320,0,0.128,0.8263
7021-79759-0005,2300,0,0.1104,0.8345
7021-79759-0005,260,0,0.0582,0.7991
7021-79759-0005,2830,0,-0.045,0.7081
7021-79759-0005,4077,0,0.0449,0.7576
7021-79759-0005,5105,0,0.1899,0.8755
7021-79759-0005,5639,0,-0.0107,0.7189
7021-79759-0005,61,0,0.0564,0.8341
7021-79759-0005,672,0,0.0265,0.8138
7021-79759-0005,6930,0,0.1809,0.7193
7021-79759-0005,7021,1,0.3748,0.9119
7021-79759-0005,7127,0,0.0288,0.7426
7021-79759-0005,7176,0,0.1226,0.7629
7021-79759-0005,7729,0,0.0736,0.8815
7021-79759-0005,8224,0,0.162,0.7247
7021-79759-0005,8230,0,-0.0431,0.7319
7021-79759-0005,8455,0,0.1533,0.7503
7021-79759-0005,908,0,0.2476,0.8842
7021-85628-0008,1089,0,-0.1157,0.8127
7021-85628-0008,1188,0,-0.0419,0.7792
7021-85628-0008,1320,0,0.056,0.8339
7021-85628-0008,2300,0,0.1201,0.8527
7021-85628-0008,260,0,-0.0222,0.8001
7021-85628-0008,2830,0,-0.1108,0.6773
7021-85628-0008,4077,0,0.0505,0.7828
7021-85628-0008,5105,0,0.108,0.8724
7021-85628-0008,5639,0,0.012,0.7172
7021-85628-0008,61,0,0.0109,0.8367
7021-85628-0008,672,0,-0.0354,0.8313
7021-85628-0008,6930,0,0.1381,0.7312
7021-85628-0008,7021,1,0.3319,0.9163
7021-85628-0008,7127,0,-0.0336,0.7452
7021-85628-0008,7176,0,0.0779,0.7742
7021-85628-0008,7729,0,0.0699,0.879
7021-85628-0008,8224,0,0.1401,0.7286
7021-85628-0008,8230,0,-0.1003,0.7255
7021-85628-0008,8455,0,-0.0028,0.7756
7021-85628-0008,908,0,0.2821,0.906
7021-85628-0009,1089,0,0.0096,0.8316
7021-85628-0009,1188,0,-0.0394,0.8096
7021-85628-0009,1320,0,0.0843,0.7964
7021-85628-0009,2300,0,0.1155,0.7444
7021-85628-0009,260,0,0.0474,0.8286
7021-85628-0009,2830,0,-0.0232,0.7307
7021-85628-0009,4077,0,0.1376,0.7706
7021-85628-0009,5105,0,0.2558,0.8687
7021-85628-0009,5639,0,0.0739,0.7939
7021-85628-0009,61,0,0.1466,0.8905
7021-85628-0009,672,0,0.0133,0.8537
7021-85628-0009,6930,0,0.1952,0.724
7021-85628-0009,7021,1,0.3578,0.8852
7021-85628-0009,7127,0,0.0291,0.7219
7021-85628-0009,7176,0,0.2317,0.8258
7021-85628-0009,7729,0,0.1073,0.8891
7021-85628-0009,8224,0,0.177,0.7494
7021-85628-0009,8230,0,0.0003,0.8035
7021-85628-0009,8455,0,0.0318,0.7172
7021-85628-0009,908,0,0.3766,0.9193
7127-75946-0002,1089,0,0.0456,0.8022
7127-75946-0002,1188,0,0.047,0.8576
7127-75946-0002,1320,0,0.0784,0.8433
7127-75946-0002,2300,0,0.1704,0.7634
7127-75946-0002,260,0,0.2047,0.859
7127-75946-0002,2830,0,0.0518,0.8143
7127-75946-0002,4077,0,0.1349,0.8774
7127-75946-0002,5105,0,0.1554,0.8931
7127-75946-0002,5639,0,0.1939,0.7909
7127-75946-0002,61,0,0.0637,0.8501
7127-75946-0002,672,0,0.0009,0.8093
7127-75946-0002,6930,0,0.1419,0.7068
7127-75946-0002,7021,0,0.1387,0.8513
7127-75946-0002,7127,1,0.3944,0.8737
7127-75946-0002,7176,0,0.183,0.836
7127-75946-0002,7729,0,0.0965,0.913
7127-75946-0002,8224,0,0.1479,0.6786
7127-75946-0002,8230,0,0.0281,0.7656
7127-75946-0002,8455,0,0.0942,0.7441
7127-75946-0002,908,0,0.1583,0.8271
7127-75946-0004,1089,0,0.1175,0.7622
7127-75946-0004,1188,0,-0.0167,0.7946
7127-75946-0004,1320,0,0.0703,0.8376
7127-75946-0004,2300,0,0.1255,0.8115
7127-75946-0004,260,0,0.2592,0.8321
7127-75946-0004,2830,0,0.076,0.7355
7127-75946-0004,4077,0,0.1577,0.8728
7127-75946-0004,5105,0,0.1746,0.8624
7127-75946-0004,5639,0,0.2411,0.7217
7127-75946-0004,61,0,0.0716,0.8403
7127-75946-0004,672,0,0.0057,0.781
7127-75946-0004,6930,0,0.1476,0.7226
7127-75946-0004,7021,0,0.1536,0.832
7127-75946-0004,7127,1,0.3284,0.8372
7127-75946-0004,7176,0,0.2254,0.8353
7127-75946-0004,7729,0,0.0685,0.8744
7127-75946-0004,8224,0,0.216,0.6554
7127-75946-0004,8230,0,0.0551,0.7177
7127-75946-0004,8455,0,0.1254,0.7869
7127-75946-0004,908,0,0.1624,0.8065
7127-75946-0012,1089,0,0.1137,0.8477
7127-75946-0012,1188,0,0.0591,0.8711
7127-75946-0012,1320,0,0.0824,0.8712
7127-75946-0012,2300,0,0.0941,0.7416
7127-75946-0012,260,0,0.2365,0.8879
7127-75946-0012,2830,0,0.0971,0.841
7127-75946-0012,4077,0,0.1492,0.9033
7127-75946-0012,5105,0,0.1967,0.9113
7127-75946-0012,5639,0,0.1944,0.8154
7127-75946-0012,61,0,0.041,0.8945
7127-75946-0012,672,0,-0.0356,0.8486
7127-75946-0012,6930,0,0.1442,0.7622
7127-75946-0012,7021,0,0.1223,0.8488
7127-75946-0012,7127,1,0.465,0.8948
7127-75946-0012,7176,0,0.1312,0.9002
7127-75946-0012,7729,0,0.0018,0.9163
7127-75946-0012,8224,0,0.1676,0.686
7127-75946-0012,8230,0,0.0442,0.832
7127-75946-0012,8455,0,0.1384,0.7818
7127-75946-0012,908,0,0.1861,0.8558
7127-75946-0024,1089,0,0.104,0.7872
7127-75946-0024,1188,0,-0.0319,0.7957
7127-75946-0024,1320,0,0.0656,0.848
7127-75946-0024,2300,0,0.0454,0.8398
7127-75946-0024,260,0,0.257,0.7909
7127-75946-0024,2830,0,0.0232,0.7253
7127-75946-0024,4077,0,0.1673,0.8621
7127-75946-0024,5105,0,0.2257,0.8717
7127-75946-0024,5639,0,0.2442,0.7464
7127-75946-0024,61,0,0.0526,0.7855
7127-75946-0024,672,0,0.0082,0.7791
7127-75946-0024,6930,0,0.1582,0.6866
7127-75946-0024,7021,0,0.0614,0.8541
7127-75946-0024,7127,1,0.3608,0.8646
7127-75946-0024,7176,0,0.1428,0.7518
7127-75946-0024,7729,0,-0.0263,0.9163
7127-75946-0024,8224,0,0.2141,0.6593
7127-75946-0024,8230,0,0.0257,0.6888
7127-75946-0024,8455,0,0.1084,0.7636
7127-75946-0024,908,0,0.1826,0.8109
7127-75947-0001,1089,0,0.0724,0.7793
7127-75947-0001,1188,0,0.057,0.815
7127-75947-0001,1320,0,0.1742,0.8331
7127-75947-0001,2300,0,0.09,0.7807
7127-75947-0001,260,0,0.257,0.8663
7127-75947-0001,2830,0,0.0762,0.7566
7127-75947-0001,4077,0,0.1162,0.8578
7127-75947-0001,5105,0,0.205,0.8622
7127-75947-0001,5639,0,0.1593,0.7596
7127-75947-0001,61,0,0.0239,0.8721
7127-75947-0001,672,0,0.0473,0.8183
7127-75947-0001,6930,0,0.229,0.752
7127-75947-0001,7021,0,0.1388,0.8406
7127-75947-0001,7127,1,0.391,0.7987
7127-75947-0001,7176,0,0.1826,0.8645
7127-75947-0001,7729,0,0.0795,0.8888
7127-75947-0001,8224,0,0.142,0.6892
7127-75947-0001,8230,0,-0.0395,0.7508
7127-75947-0001,8455,0,0.145,0.7844
7127-75947-0001,908,0,0.2272,0.8612
7127-75947-0007,1089,0,0.0431,0.8179
7127-75947-0007,1188,0,0.0584,0.8329
7127-75947-0007,1320,0,0.1679,0.8778
7127-75947-0007,2300,0,0.1081,0.8025
7127-75947-0007,260,0,0.2995,0.8987
7127-75947-0007,2830,0,0.0596,0.7771
7127-75947-0007,4077,0,0.227,0.8896
7127-75947-0007,5105,0,0.2108,0.887
7127-75947-0007,5639,0,0.1783,0.7649
7127-75947-0007,61,0,0.0103,0.8852
7127-75947-0007,672,0,0.081,0.8592
7127-75947-0007,6930,0,0.1806,0.8193
7127-75947-0007,7021,0,0.1176,0.8488
7127-75947-0007,7127,1,0.3421,0.833
7127-75947-0007,7176,0,0.1923,0.8869
7127-75947-0007,7729,0,0.01,0.8664
7127-75947-0007,8224,0,0.1765,0.7195
7127-75947-0007,8230,0,-0.0477,0.7912
7127-75947-0007,8455,0,0.1234,0.8595
7127-75947-0007,908,0,0.1717,0.8598
7127-75947-0023,1089,0,0.105,0.7542
7127-75947-0023,1188,0,0.0914,0.7464
7127-75947-0023,1320,0,0.0148,0.7993
7127-75947-0023,2300,0,0.1377,0.8034
7127-75947-0023,260,0,0.1591,0.802
7127-75947-0023,2830,0,0.0553,0.6636
7127-75947-0023,4077,0,0.1708,0.8833
7127-75947-0023,5105,0,0.1526,0.8322
7127-75947-0023,5639,0,0.2662,0.7569
7127-75947-0023,61,0,0.0589,0.8028
7127-75947-0023,672,0,0.0243,0.7768
7127-75947-0023,6930,0,0.0908,0.662
7127-75947-0023,7021,0,0.0984,0.8238
7127-75947-0023,7127,1,0.3208,0.8048
7127-75947-0023,7176,0,0.1647,0.7759
7127-75947-0023,7729,0,-0.0305,0.9017
7127-75947-0023,8224,0,0.1285,0.6614
7127-75947-0023,8230,0,0.0403,0.6655
7127-75947-0023,8455,0,0.1047,0.7371
7127-75947-0023,908,0,0.1437,0.8316
7127-75947-0025,1089,0,0.0255,0.7634
7127-75947-0025,1188,0,0.1348,0.7814
7127-75947-0025,1320,0,0.1285,0.8339
7127-75947-0025,2300,0,0.1822,0.7809
7127-75947-0025,260,0,0.1819,0.8469
7127-75947-0025,2830,0,0.0665,0.7365
7127-75947-0025,4077,0,0.1831,0.8667
7127-75947-0025,5105,0,0.1621,0.8763
7127-75947-0025,5639,0,0.2091,0.7537
7127-75947-0025,61,0,0.0795,0.853
7127-75947-0025,672,0,0.0879,0.8115
7127-75947-0025,6930,0,0.1613,0.733
7127-75947-0025,7021,0,0.0732,0.8418
7127-75947-0025,7127,1,0.3368,0.8146
7127-75947-0025,7176,0,0.1133,0.8351
7127-75947-0025,7729,0,0.0186,0.8681
7127-75947-0025,8224,0,0.1004,0.6845
7127-75947-0025,8230,0,-0.0233,0.7195
7127-75947-0025,8455,0,0.0956,0.765
7127-75947-0025,908,0,0.2391,0.842
7127-75947-0033,1089,0,0.0357,0.7892
7127-75947-0033,1188,0,0.0655,0.7897
7127-75947-0033,1320,0,0.0882,0.8102
7127-75947-0033,2300,0,0.0795,0.7503
7127-75947-0033,260,0,0.1901,0.8352
7127-75947-0033,2830,0,0.0792,0.7338
7127-75947-0033,4077,0,0.2129,0.8854
7127-75947-0033,5105,0,0.1609,0.8417
7127-75947-0033,5639,0,0.2448,0.8051
7127-75947-0033,61,0,0.0773,0.8392
7127-75947-0033,672,0,0.1149,0.813
7127-75947-0033,6930,0,0.1636,0.6827
7127-75947-0033,7021,0,0.0721,0.8166
7127-75947-0033,7127,1,0.2867,0.8201
7127-75947-0033,7176,0,0.1565,0.825
7127-75947-0033,7729,0,0.0121,0.9156
7127-75947-0033,8224,0,0.132,0.6605
7127-75947-0033,8230,0,-0.0099,0.7321
7127-75947-0033,8455,0,0.0495,0.73
7127-75947-0033,908,0,0.2503,0.8576
7127-75947-0040,1089,0,0.0744,0.8116
7127-75947-0040,1188,0,0.0313,0.8452
7127-75947-0040,1320,0,0.12,0.8474
7127-75947-0040,2300,0,0.1264,0.773
7127-75947-0040,260,0,0.2197,0.889
7127-75947-0040,2830,0,0.0852,0.8082
7127-75947-0040,4077,0,0.1408,0.8821
7127-75947-0040,5105,0,0.2324,0.8912
7127-75947-0040,5639,0,0.1459,0.7838
7127-75947-0040,61,0,0.0304,0.8987
7127-75947-0040,672,0,0.0334,0.8353
7127-75947-0040,6930,0,0.1676,0.7643
7127-75947-0040,7021,0,0.0963,0.8527
7127-75947-0040,7127,1,0.4278,0.8435
7127-75947-0040,7176,0,0.145,0.884
7127-75947-0040,7729,0,0.0205,0.9018
7127-75947-0040,8224,0,0.1905,0.693
7127-75947-0040,8230,0,-0.0333,0.7935
7127-75947-0040,8455,0,0.1447,0.7815
7127-75947-0040,908,0,0.2364,0.8588
7176-88083-0000,1089,0,0.1203,0.7147
7176-88083-0000,1188,0,0.1707,0.7909
7176-88083-0000,1320,0,0.1083,0.6685
7176-88083-0000,2300,0,0.0943,0.503
7176-88083-0000,260,0,0.0422,0.7973
7176-88083-0000,2830,0,0.1057,0.7866
7176-88083-0000,4077,0,0.1481,0.6931
7176-88083-0000,5105,0,0.2308,0.7642
7176-88083-0000,5639,0,0.18,0.7822
7176-88083-0000,61,0,0.2313,0.887
7176-88083-0000,672,0,0.0093,0.7545
7176-88083-0000,6930,0,0.2442,0.6385
7176-88083-0000,7021,0,0.1809,0.7039
7176-88083-0000,7127,0,0.0335,0.651
7176-88083-0000,7176,1,0.4299,0.8869
7176-88083-0000,7729,0,0.1622,0.8138
7176-88083-0000,8224,0,0.0953,0.6739
7176-88083-0000,8230,0,0.0909,0.8208
7176-88083-0000,8455,0,0.0069,0.5652
7176-88083-0000,908,0,0.2502,0.8035
7176-88083-0003,1089,0,0.0143,0.7419
7176-88083-0003,1188,0,0.0715,0.8074
7176-88083-0003,1320,0,0.0625,0.6953
7176-88083-0003,2300,0,0.0236,0.5211
7176-88083-0003,260,0,0.0246,0.8296
7176-88083-0003,2830,0,0.006,0.7938
7176-88083-0003,4077,0,0.0996,0.6917
7176-88083-0003,5105,0,0.1604,0.796
7176-88083-0003,5639,0,0.1522,0.8014
7176-88083-0003,61,0,0.23,0.9046
7176-88083-0003,672,0,-0.0467,0.8012
7176-88083-0003,6930,0,0.1834,0.6865
7176-88083-0003,7021,0,0.1783,0.7457
7176-88083-0003,7127,0,-0.0015,0.6405
7176-88083-0003,7176,1,0.4514,0.8861
7176-88083-0003,7729,0,0.1713,0.8097
7176-88083-0003,8224,0,0.0848,0.7236
7176-88083-0003,8230,0,0.0471,0.832
7176-88083-0003,8455,0,-0.1459,0.5954
7176-88083-0003,908,0,0.3609,0.8531
7176-88083-0009,1089,0,0.0452,0.7735
7176-88083-0009,1188,0,0.0436,0.8304
7176-88083-0009,1320,0,0.1257,0.7387
7176-88083-0009,2300,0,0.1192,0.558
7176-88083-0009,260,0,0.0702,0.8601
7176-88083-0009,2830,0,0.1091,0.8171
7176-88083-0009,4077,0,0.1945,0.7681
7176-88083-0009,5105,0,0.2909,0.8253
7176-88083-0009,5639,0,0.1353,0.8164
7176-88083-0009,61,0,0.304,0.9193
7176-88083-0009,672,0,0.0449,0.817
7176-88083-0009,6930,0,0.2153,0.6968
7176-88083-0009,7021,0,0.2408,0.7684
7176-88083-0009,7127,0,0.0311,0.7189
7176-88083-0009,7176,1,0.452,0.9189
7176-88083-0009,7729,0,0.1927,0.8423
7176-88083-0009,8224,0,0.0446,0.6923
7176-88083-0009,8230,0,0.1022,0.8439
7176-88083-0009,8455,0,0.0123,0.6375
7176-88083-0009,908,0,0.3256,0.856
7176-88083-0025,1089,0,0.1235,0.7555
7176-88083-0025,1188,0,0.1529,0.8073
7176-88083-0025,1320,0,0.0941,0.7163
7176-88083-0025,2300,0,-0.0015,0.5644
7176-88083-0025,260,0,0.1456,0.8162
7176-88083-0025,2830,0,0.0967,0.7917
7176-88083-0025,4077,0,0.1772,0.7197
7176-88083-0025,5105,0,0.2687,0.8052
7176-88083-0025,5639,0,0.1574,0.8014
7176-88083-0025,61,0,0.2127,0.8994
7176-88083-0025,672,0,0.0118,0.7883
7176-88083-0025,6930,0,0.2162,0.6721
7176-88083-0025,7021,0,0.1759,0.7588
7176-88083-0025,7127,0,0.0584,0.685
7176-88083-0025,7176,1,0.4865,0.8869
7176-88083-0025,7729,0,0.2108,0.8502
7176-88083-0025,8224,0,0.0569,0.6981
7176-88083-0025,8230,0,0.0808,0.8306
7176-88083-0025,8455,0,-0.0577,0.6056
7176-88083-0025,908,0,0.3104,0.8505
7176-88083-0026,1089,0,0.1028,0.6919
7176-88083-0026,1188,0,0.0754,0.751
7176-88083-0026,1320,0,0.0821,0.6096
7176-88083-0026,2300,0,0.0373,0.406
7176-88083-0026,260,0,0.0905,0.7818
7176-88083-0026,2830,0,0.0677,0.7676
7176-88083-0026,4077,0,0.114,0.6611
7176-88083-0026,5105,0,0.1715,0.711
7176-88083-0026,5639,0,0.1677,0.8122
7176-88083-0026,61,0,0.175,0.8662
7176-88083-0026,672,0,0.0032,0.754
7176-88083-0026,6930,0,0.2043,0.6413
7176-88083-0026,7021,0,0.1466,0.6363
7176-88083-0026,7127,0,0.0163,0.5825
7176-88083-0026,7176,1,0.4156,0.8602
7176-88083-0026,7729,0,0.0994,0.7801
7176-88083-0026,8224,0,0.0151,0.6953
7176-88083-0026,8230,0,0.1055,0.8074
7176-88083-0026,8455,0,-0.0083,0.5129
7176-88083-0026,908,0,0.2333,0.7955
7176-92135-0005,1089,0,0.0003,0.6837
7176-92135-0005,1188,0,-0.0199,0.7457
7176-92135-0005,1320,0,0.1197,0.6371
7176-92135-0005,2300,0,0.0098,0.5036
7176-92135-0005,260,0,0.0932,0.8047
7176-92135-0005,2830,0,-0.0101,0.7418
7176-92135-0005,4077,0,0.1092,0.705
7176-92135-0005,5105,0,0.2795,0.7087
7176-92135-0005,5639,0,0.0739,0.7374
7176-92135-0005,61,0,0.2389,0.8833
7176-92135-0005,672,0,-0.0345,0.7279
7176-92135-0005,6930,0,0.2477,0.6373
7176-92135-0005,7021,0,0.1496,0.6676
7176-92135-0005,7127,0,0.0414,0.6059
7176-92135-0005,7176,1,0.4172,0.8897
7176-92135-0005,7729,0,0.166,0.7942
7176-92135-0005,8224,0,0.0263,0.6066
7176-92135-0005,8230,0,0.0577,0.7799
7176-92135-0005,8455,0,-0.1019,0.5625
7176-92135-0005,908,0,0.3162,0.803
7176-92135-0006,1089,0,0.0197,0.6946
7176-92135-0006,1188,0,-0.0238,0.7634
7176-92135-0006,1320,0,0.1226,0.6622
7176-92135-0006,2300,0,0.0562,0.4932
7176-92135-0006,260,0,0.0571,0.7939
7176-92135-0006,2830,0,0.0062,0.7859
7176-92135-0006,4077,0,0.14,0.669
7176-92135-0006,5105,0,0.2156,0.7528
7176-92135-0006,5639,0,0.0878,0.7451
7176-92135-0006,61,0,0.1941,0.8665
7176-92135-0006,672,0,0.0076,0.7357
7176-92135-0006,6930,0,0.2466,0.6407
7176-92135-0006,7021,0,0.2156,0.7044
7176-92135-0006,7127,0,-0.0236,0.6358
7176-92135-0006,7176,1,0.4499,0.8658
7176-92135-0006,7729,0,0.1601,0.7778
7176-92135-0006,8224,0,0.1096,0.6127
7176-92135-0006,8230,0,0.0278,0.794
7176-92135-0006,8455,0,-0.0395,0.5407
7176-92135-0006,908,0,0.2779,0.7983
7176-92135-0009,1089,0,0.052,0.7423
7176-92135-0009,1188,0,0.0987,0.804
7176-92135-0009,1320,0,0.1742,0.6633
7176-92135-0009,2300,0,0.1079,0.4805
7176-92135-0009,260,0,0.1518,0.8374
7176-92135-0009,2830,0,0.0669,0.7836
7176-92135-0009,4077,0,0.1272,0.722
7176-92135-0009,5105,0,0.2503,0.7644
7176-92135-0009,5639,0,0.1498,0.8681
7176-92135-0009,61,0,0.2311,0.8955
7176-92135-0009,672,0,0.1584,0.8015
7176-92135-0009,6930,0,0.2282,0.6831
7176-92135-0009,7021,0,0.1882,0.7065
7176-92135-0009,7127,0,0.0357,0.6263
7176-92135-0009,7176,1,0.4225,0.8747
7176-92135-0009,7729,0,0.1402,0.8455
7176-92135-0009,8224,0,0.0318,0.75
7176-92135-0009,8230,0,0.0741,0.8263
7176-92135-0009,8455,0,-0.0897,0.58
7176-92135-0009,908,0,0.3859,0.8604
7176-92135-0022,1089,0,0.0442,0.681
7176-92135-0022,1188,0,0.0557,0.736
7176-92135-0022,1320,0,0.0908,0.6084
7176-92135-0022,2300,0,0.0062,0.4484
7176-92135-0022,260,0,0.0932,0.7746
7176-92135-0022,2830,0,0.0659,0.7406
7176-92135-0022,4077,0,0.1433,0.6564
7176-92135-0022,5105,0,0.2642,0.7071
7176-92135-0022,5639,0,0.0543,0.755
7176-92135-0022,61,0,0.1787,0.8649
7176-92135-0022,672,0,-0.0156,0.724
7176-92135-0022,6930,0,0.2375,0.599
7176-92135-0022,7021,0,0.1815,0.6683
7176-92135-0022,7127,0,0.0521,0.5797
7176-92135-0022,7176,1,0.4059,0.8548
7176-92135-0022,7729,0,0.0933,0.7797
7176-92135-0022,8224,0,-0.0003,0.6123
7176-92135-0022,8230,0,0.0708,0.7874
7176-92135-0022,8455,0,-0.033,0.5005
7176-92135-0022,908,0,0.3589,0.7971
7176-92135-0042,1089,0,0.041,0.7133
7176-92135-0042,1188,0,-0.0114,0.7844
7176-92135-0042,1320,0,0.061,0.6847
7176-92135-0042,2300,0,0.041,0.5525
7176-92135-0042,260,0,0.1212,0.848
7176-92135-0042,2830,0,0.0054,0.7566
7176-92135-0042,4077,0,0.1619,0.7525
7176-92135-0042,5105,0,0.2114,0.7645
7176-92135-0042,5639,0,0.0804,0.7707
7176-92135-0042,61,0,0.2114,0.9132
7176-92135-0042,672,0,0.0245,0.7731
7176-92135-0042,6930,0,0.2259,0.6845
7176-92135-0042,7021,0,0.116,0.7186
7176-92135-0042,7127,0,0.048,0.6447
7176-92135-0042,7176,1,0.4925,0.923
7176-92135-0042,7729,0,0.1147,0.8206
7176-92135-0042,8224,0,0.0818,0.678
7176-92135-0042,8230,0,0.0536,0.8003
7176-92135-0042,8455,0,-0.0654,0.6269
7176-92135-0042,908,0,0.2883,0.8322
7729-102255-0012,1089,0,-0.0334,0.7049
7729-102255-0012,1188,0,0.0624,0.7429
7729-102255-0012,1320,0,0.1237,0.7034
7729-102255-0012,2300,0,0.1307,0.6589
7729-102255-0012,260,0,0.0054,0.7609
7729-102255-0012,2830,0,-0.0025,0.6991
7729-102255-0012,4077,0,0.1283,0.7819
7729-102255-0012,5105,0,0.1006,0.7866
7729-102255-0012,5639,0,0.051,0.7835
7729-102255-0012,61,0,0.094,0.8331
7729-102255-0012,672,0,0.0612,0.7263
7729-102255-0012,6930,0,0.0883,0.6067
7729-102255-0012,7021,0,0.1092,0.7575
7729-102255-0012,7127,0,0.0727,0.716
7729-102255-0012,7176,0,0.2289,0.7863
7729-102255-0012,7729,1,0.3718,0.9287
7729-102255-0012,8224,0,0.073,0.6444
7729-102255-0012,8230,0,-0.0761,0.7063
7729-102255-0012,8455,0,-0.0166,0.603
7729-102255-0012,908,0,0.1223,0.8155
7729-102255-0018,1089,0,-0.0194,0.7414
7729-102255-0018,1188,0,0.0439,0.7972
7729-102255-0018,1320,0,0.1921,0.7306
7729-102255-0018,2300,0,0.1416,0.6737
7729-102255-0018,260,0,0.0671,0.8281
7729-102255-0018,2830,0,-0.023,0.7379
7729-102255-0018,4077,0,0.1863,0.8162
7729-102255-0018,5105,0,0.1734,0.7915
7729-102255-0018,5639,0,0.1024,0.8006
7729-102255-0018,61,0,0.1359,0.879
7729-102255-0018,672,0,0.1408,0.7737
7729-102255-0018,6930,0,0.1395,0.6531
7729-102255-0018,7021,0,0.1437,0.7671
7729-102255-0018,7127,0,0.0162,0.7209
7729-102255-0018,7176,0,0.2015,0.8428
7729-102255-0018,7729,1,0.4226,0.9325
7729-102255-0018,8224,0,0.1183,0.6636
7729-102255-0018,8230,0,-0.081,0.7532
7729-102255-0018,8455,0,0.0125,0.6661
7729-102255-0018,908,0,0.1237,0.8469
7729-102255-0023,1089,0,0.031,0.7308
7729-102255-0023,1188,0,0.0599,0.7718
7729-102255-0023,1320,0,0.1313,0.7062
7729-102255-0023,2300,0,0.1078,0.6374
7729-102255-0023,260,0,0.0507,0.7952
7729-102255-0023,2830,0,-0.0291,0.7273
7729-102255-0023,4077,0,0.1898,0.8035
7729-102255-0023,5105,0,0.058,0.7777
7729-102255-0023,5639,0,0.1163,0.8143
7729-102255-0023,61,0,0.1183,0.8555
7729-102255-0023,672,0,0.166,0.7563
7729-102255-0023,6930,0,0.0879,0.6289
7729-102255-0023,7021,0,0.1681,0.7466
7729-102255-0023,7127,0,0.0272,0.7168
7729-102255-0023,7176,0,0.2336,0.8164
7729-102255-0023,7729,1,0.4176,0.9475
7729-102255-0023,8224,0,0.0798,0.6448
7729-102255-0023,8230,0,-0.0034,0.7377
7729-102255-0023,8455,0,0.0142,0.619
7729-102255-0023,908,0,0.1773,0.8416
7729-102255-0024,1089,0,-0.016,0.7662
7729-102255-0024,1188,0,0.056,0.798
7729-102255-0024,1320,0,0.1576,0.7372
7729-102255-0024,2300,0,0.1213,0.6595
7729-102255-0024,260,0,0.0943,0.8375
7729-102255-0024,2830,0,-0.012,0.7462
7729-102255-0024,4077,0,0.1681,0.84
7729-102255-0024,5105,0,0.1337,0.8059
7729-102255-0024,5639,0,0.0666,0.8334
7729-102255-0024,61,0,0.1371,0.8982
7729-102255-0024,672,0,0.1493,0.7946
7729-102255-0024,6930,0,0.1046,0.6753
7729-102255-0024,7021,0,0.2169,0.7723
7729-102255-0024,7127,0,0.0062,0.7377
7729-102255-0024,7176,0,0.2275,0.8703
7729-102255-0024,7729,1,0.4551,0.946
7729-102255-0024,8224,0,0.1116,0.6757
7729-102255-0024,8230,0,-0.045,0.7843
7729-102255-0024,8455,0,0.0209,0.6711
7729-102255-0024,908,0,0.1192,0.8652
7729-102255-0030,1089,0,-0.0344,0.7594
7729-102255-0030,1188,0,0.0152,0.8035
7729-102255-0030,1320,0,0.1558,0.7289
7729-102255-0030,2300,0,0.1065,0.6554
7729-102255-0030,260,0,0.0586,0.7994
7729-102255-0030,2830,0,-0.0449,0.7549
7729-102255-0030,4077,0,0.1165,0.8184
7729-102255-0030,5105,0,0.1203,0.8108
7729-102255-0030,5639,0,0.087,0.8269
7729-102255-0030,61,0,0.1342,0.8686
7729-102255-0030,672,0,0.1127,0.771
7729-102255-0030,6930,0,0.0728,0.635
7729-102255-0030,7021,0,0.1438,0.771
7729-102255-0030,7127,0,-0.0474,0.7549
7729-102255-0030,7176,0,0.2085,0.8299
7729-102255-0030,7729,1,0.3845,0.9585
7729-102255-0030,8224,0,0.0896,0.6774
7729-102255-0030,8230,0,-0.1024,0.7689
7729-102255-0030,8455,0,-0.0446,0.6346
7729-102255-0030,908,0,0.1253,0.8324
7729-102255-0031,1089,0,0.0382,0.7604
7729-102255-0031,1188,0,0.0527,0.7658
7729-102255-0031,1320,0,0.2086,0.7601
7729-102255-0031,2300,0,0.1305,0.7479
7729-102255-0031,260,0,0.1077,0.7895
7729-102255-0031,2830,0,-0.0377,0.7106
7729-102255-0031,4077,0,0.2178,0.8302
7729-102255-0031,5105,0,0.1444,0.8249
7729-102255-0031,5639,0,0.0747,0.784
7729-102255-0031,61,0,0.1419,0.8533
7729-102255-0031,672,0,0.1636,0.7732
7729-102255-0031,6930,0,0.1207,0.6769
7729-102255-0031,7021,0,0.1732,0.8102
7729-102255-0031,7127,0,0.035,0.7587
7729-102255-0031,7176,0,0.2356,0.7952
7729-102255-0031,7729,1,0.4357,0.9495
7729-102255-0031,8224,0,0.1103,0.6715
7729-102255-0031,8230,0,-0.0301,0.7274
7729-102255-0031,8455,0,0.0234,0.6886
7729-102255-0031,908,0,0.1367,0.8439
7729-102255-0035,1089,0,0.0135,0.7563
7729-102255-0035,1188,0,-0.0126,0.8
7729-102255-0035,1320,0,0.0864,0.7238
7729-102255-0035,2300,0,0.0686,0.6539
7729-102255-0035,260,0,-0.0409,0.8077
7729-102255-0035,2830,0,-0.027,0.7612
7729-102255-0035,4077,0,0.0933,0.782
7729-102255-0035,5105,0,0.0498,0.8033
7729-102255-0035,5639,0,0.0664,0.8147
7729-102255-0035,61,0,0.1176,0.8745
7729-102255-0035,672,0,0.0648,0.7696
7729-102255-0035,6930,0,0.0449,0.6547
7729-102255-0035,7021,0,0.1006,0.7783
7729-102255-0035,7127,0,-0.0214,0.7258
7729-102255-0035,7176,0,0.2149,0.8188
7729-102255-0035,7729,1,0.4091,0.9462
7729-102255-0035,8224,0,0.0828,0.6687
7729-102255-0035,8230,0,-0.0215,0.7742
7729-102255-0035,8455,0,-0.0495,0.6298
7729-102255-0035,908,0,0.0632,0.8493
7729-102255-0037,1089,0,0.0411,0.7447
7729-102255-0037,1188,0,0.0194,0.7975
7729-102255-0037,1320,0,0.1209,0.7342
7729-102255-0037,2300,0,0.1439,0.6552
7729-102255-0037,260,0,0.0342,0.8177
7729-102255-0037,2830,0,0.0141,0.7612
7729-102255-0037,4077,0,0.1219,0.8116
7729-102255-0037,5105,0,0.1148,0.8141
7729-102255-0037,5639,0,0.1308,0.815
7729-102255-0037,61,0,0.156,0.8731
7729-102255-0037,672,0,0.0818,0.7625
7729-102255-0037,6930,0,0.0775,0.6492
7729-102255-0037,7021,0,0.1446,0.7799
7729-102255-0037,7127,0,0.0004,0.749
7729-102255-0037,7176,0,0.2566,0.8383
7729-102255-0037,7729,1,0.396,0.945
7729-102255-0037,8224,0,0.08,0.6455
7729-102255-0037,8230,0,0.0341,0.756
7729-102255-0037,8455,0,0.0032,0.6348
7729-102255-0037,908,0,0.1345,0.8449
7729-102255-0039,1089,0,-0.0303,0.7315
7729-102255-0039,1188,0,0.0881,0.7754
7729-102255-0039,1320,0,0.104,0.7031
7729-102255-0039,2300,0,0.1194,0.6288
7729-102255-0039,260,0,0.0015,0.8165
7729-102255-0039,2830,0,0.0113,0.7456
7729-102255-0039,4077,0,0.029,0.793
7729-102255-0039,5105,0,0.0409,0.7816
7729-102255-0039,5639,0,0.0541,0.8019
7729-102255-0039,61,0,0.1388,0.8843
7729-102255-0039,672,0,0.0925,0.7534
7729-102255-0039,6930,0,0.083,0.6526
7729-102255-0039,7021,0,0.1191,0.7552
7729-102255-0039,7127,0,-0.0074,0.7041
7729-102255-0039,7176,0,0.1593,0.8406
7729-102255-0039,7729,1,0.3593,0.934
7729-102255-0039,8224,0,0.0895,0.6305
7729-102255-0039,8230,0,-0.0343,0.755
7729-102255-0039,8455,0,-0.0312,0.6148
7729-102255-0039,908,0,0.1902,0.8512
7729-102255-0040,1089,0,-0.0284,0.7623
7729-102255-0040,1188,0,0.0588,0.7981
7729-102255-0040,1320,0,0.1348,0.7401
7729-102255-0040,2300,0,0.1503,0.6849
7729-102255-0040,260,0,0.0563,0.8292
7729-102255-0040,2830,0,0.0097,0.7568
7729-102255-0040,4077,0,0.0973,0.8227
7729-102255-0040,5105,0,0.1001,0.8051
7729-102255-0040,5639,0,0.0418,0.8009
7729-102255-0040,61,0,0.1775,0.8881
7729-102255-0040,672,0,0.0973,0.7792
7729-102255-0040,6930,0,0.1041,0.6667
7729-102255-0040,7021,0,0.1225,0.7854
7729-102255-0040,7127,0,0.051,0.7414
7729-102255-0040,7176,0,0.2208,0.8419
7729-102255-0040,7729,1,0.3697,0.9491
7729-102255-0040,8224,0,0.1223,0.6388
7729-102255-0040,8230,0,-0.0624,0.7677
7729-102255-0040,8455,0,0.02,0.6609
7729-102255-0040,908,0,0.1535,0.859
8224-274381-0007,1089,0,-0.0085,0.7308
8224-274381-0007,1188,0,-0.0584,0.7897
8224-274381-0007,1320,0,0.1297,0.6997
8224-274381-0007,2300,0,0.1361,0.5331
8224-274381-0007,260,0,0.049,0.8183
8224-274381-0007,2830,0,0.0085,0.7574
8224-274381-0007,4077,0,0.1577,0.7305
8224-274381-0007,5105,0,0.274,0.7777
8224-274381-0007,5639,0,0.1665,0.8455
8224-274381-0007,61,0,0.1291,0.8424
8224-274381-0007,672,0,0.1022,0.8375
8224-274381-0007,6930,0,0.2712,0.7321
8224-274381-0007,7021,0,0.0766,0.6967
8224-274381-0007,7127,0,0.0794,0.6403
8224-274381-0007,7176,0,0.1338,0.8296
8224-274381-0007,7729,0,0.0297,0.7677
8224-274381-0007,8224,1,0.4915,0.9197
8224-274381-0007,8230,0,0.0436,0.7776
8224-274381-0007,8455,0,0.0341,0.6528
8224-274381-0007,908,0,0.1321,0.8073
8224-274381-0010,1089,0,-0.0383,0.6953
8224-274381-0010,1188,0,-0.1069,0.705
8224-274381-0010,1320,0,0.0664,0.6888
8224-274381-0010,2300,0,0.0587,0.5775
8224-274381-0010,260,0,0.0782,0.7526
8224-274381-0010,2830,0,-0.0709,0.6655
8224-274381-0010,4077,0,0.0736,0.6701
8224-274381-0010,5105,0,0.1712,0.752
8224-274381-0010,5639,0,0.1045,0.7827
8224-274381-0010,61,0,0.0679,0.7669
8224-274381-0010,672,0,0.0537,0.8083
8224-274381-0010,6930,0,0.3017,0.747
8224-274381-0010,7021,0,-0.0208,0.7026
8224-274381-0010,7127,0,0.026,0.5848
8224-274381-0010,7176,0,0.0262,0.7357
8224-274381-0010,7729,0,-0.064,0.6961
8224-274381-0010,8224,1,0.5587,0.9494
8224-274381-0010,8230,0,-0.0239,0.6887
8224-274381-0010,8455,0,0.0211,0.6557
8224-274381-0010,908,0,0.0762,0.7899
8224-274381-0011,1089,0,0.0036,0.6913
8224-274381-0011,1188,0,-0.0399,0.7453
8224-274381-0011,1320,0,0.0912,0.6678
8224-274381-0011,2300,0,0.2075,0.5319
8224-274381-0011,260,0,0.1086,0.7646
8224-274381-0011,2830,0,0.0169,0.6962
8224-274381-0011,4077,0,0.1616,0.6844
8224-274381-0011,5105,0,0.1768,0.7443
8224-274381-0011,5639,0,0.1219,0.8258
8224-274381-0011,61,0,0.1156,0.7792
8224-274381-0011,672,0,0.1381,0.802
8224-274381-0011,6930,0,0.2112,0.6894
8224-274381-0011,7021,0,0.0429,0.6806
8224-274381-0011,7127,0,0.0741,0.5953
8224-274381-0011,7176,0,0.0579,0.7503
8224-274381-0011,7729,0,0.0192,0.7402
8224-274381-0011,8224,1,0.4452,0.9306
8224-274381-0011,8230,0,-0.012,0.7077
8224-274381-0011,8455,0,0.0612,0.618
8224-274381-0011,908,0,0.071,0.7848
8224-274381-0013,1089,0,-0.0404,0.7225
8224-274381-0013,1188,0,-0.0616,0.7639
8224-274381-0013,1320,0,0.0693,0.709
8224-274381-0013,2300,0,0.1609,0.5785
8224-274381-0013,260,0,0.0628,0.8054
8224-274381-0013,2830,0,-0.0954,0.7127
8224-274381-0013,4077,0,0.0531,0.7262
8224-274381-0013,5105,0,0.1034,0.7684
8224-274381-0013,5639,0,0.1146,0.821
8224-274381-0013,61,0,0.077,0.8119
8224-274381-0013,672,0,0.0733,0.8372
8224-274381-0013,6930,0,0.2277,0.743
8224-274381-0013,7021,0,-0.0208,0.7083
8224-274381-0013,7127,0,0.1232,0.624
8224-274381-0013,7176,0,0.009,0.7956
8224-274381-0013,7729,0,-0.0199,0.7429
8224-274381-0013,8224,1,0.4612,0.9356
8224-274381-0013,8230,0,-0.0538,0.732
8224-274381-0013,8455,0,0.0879,0.6803
8224-274381-0013,908,0,0.0967,0.81
8224-274384-0002,1089,0,-0.0045,0.7196
8224-274384-0002,1188,0,-0.1064,0.7802
8224-274384-0002,1320,0,0.0159,0.7012
8224-274384-0002,2300,0,0.1131,0.5626
8224-274384-0002,260,0,0.1686,0.806
8224-274384-0002,2830,0,-0.0789,0.7572
8224-274384-0002,4077,0,0.0811,0.7174
8224-274384-0002,5105,0,0.098,0.7896
8224-274384-0002,5639,0,0.1178,0.8528
8224-274384-0002,61,0,0.043,0.8185
8224-274384-0002,672,0,0.1355,0.8134
8224-274384-0002,6930,0,0.1922,0.7374
8224-274384-0002,7021,0,0.0301,0.7181
8224-274384-0002,7127,0,0.0858,0.6485
8224-274384-0002,7176,0,0.005,0.7886
8224-274384-0002,7729,0,0.0026,0.7825
8224-274384-0002,8224,1,0.4311,0.9198
8224-274384-0002,8230,0,0.001,0.7545
8224-274384-0002,8455,0,0.0736,0.6408
8224-274384-0002,908,0,0.0111,0.7957
8224-274384-0006,1089,0,-0.0723,0.7265
8224-274384-0006,1188,0,-0.0889,0.7605
8224-274384-0006,1320,0,-0.0019,0.6918
8224-274384-0006,2300,0,0.1519,0.5677
8224-274384-0006,260,0,0.0566,0.7816
8224-274384-0006,2830,0,-0.0711,0.7096
8224-274384-0006,4077,0,0.0706,0.7247
8224-274384-0006,5105,0,0.1194,0.7634
8224-274384-0006,5639,0,0.0875,0.8444
8224-274384-0006,61,0,0.0243,0.785
8224-274384-0006,672,0,-0.0008,0.8221
8224-274384-0006,6930,0,0.1754,0.702
8224-274384-0006,7021,0,-0.015,0.7041
8224-274384-0006,7127,0,0.0658,0.6357
8224-274384-0006,7176,0,-0.0526,0.7575
8224-274384-0006,7729,0,-0.0602,0.7702
8224-274384-0006,8224,1,0.3898,0.9325
8224-274384-0006,8230,0,-0.0494,0.7233
8224-274384-0006,8455,0,0.0137,0.6376
8224-274384-0006,908,0,0.045,0.7982
8224-274384-0007,1089,0,-0.0232,0.7004
8224-274384-0007,1188,0,-0.0823,0.7461
8224-274384-0007,1320,0,-0.0294,0.6576
8224-274384-0007,2300,0,0.1687,0.5124
8224-274384-0007,260,0,0.0675,0.7644
8224-274384-0007,2830,0,-0.0175,0.7087
8224-274384-0007,4077,0,0.0939,0.6685
8224-274384-0007,5105,0,0.1509,0.7341
8224-274384-0007,5639,0,0.1362,0.8386
8224-274384-0007,61,0,0.1371,0.7588
8224-274384-0007,672,0,0.0213,0.7966
8224-274384-0007,6930,0,0.1796,0.692
8224-274384-0007,7021,0,0.0221,0.6686
8224-274384-0007,7127,0,0.0459,0.5982
8224-274384-0007,7176,0,0.0562,0.7327
8224-274384-0007,7729,0,-0.0401,0.7232
8224-274384-0007,8224,1,0.3433,0.9239
8224-274384-0007,8230,0,0.0365,0.721
8224-274384-0007,8455,0,0.0225,0.602
8224-274384-0007,908,0,0.0373,0.7631
8224-274384-0008,1089,0,-0.0519,0.7355
8224-274384-0008,1188,0,-0.1444,0.7842
8224-274384-0008,1320,0,-0.0686,0.7256
8224-274384-0008,2300,0,0.1111,0.6054
8224-274384-0008,260,0,0.0557,0.8108
8224-274384-0008,2830,0,-0.1259,0.7401
8224-274384-0008,4077,0,0.0062,0.7519
8224-274384-0008,5105,0,0.0478,0.795
8224-274384-0008,5639,0,0.1209,0.8514
8224-274384-0008,61,0,-0.0059,0.8055
8224-274384-0008,672,0,0.0436,0.836
8224-274384-0008,6930,0,0.2048,0.7392
8224-274384-0008,7021,0,-0.0379,0.7323
8224-274384-0008,7127,0,0.0637,0.6699
8224-274384-0008,7176,0,-0.0422,0.7769
8224-274384-0008,7729,0,-0.0958,0.7885
8224-274384-0008,8224,1,0.4411,0.9332
8224-274384-0008,8230,0,-0.0097,0.7313
8224-274384-0008,8455,0,0.0486,0.6757
8224-274384-0008,908,0,0.0371,0.807
8224-274384-0009,1089,0,-0.0591,0.7009
8224-274384-0009,1188,0,-0.0441,0.7414
8224-274384-0009,1320,0,0.0442,0.7126
8224-274384-0009,2300,0,0.0876,0.5829
8224-274384-0009,260,0,0.1045,0.7622
8224-274384-0009,2830,0,-0.0365,0.7034
8224-274384-0009,4077,0,0.0293,0.6871
8224-274384-0009,5105,0,0.0714,0.782
8224-274384-0009,5639,0,0.1348,0.7969
8224-274384-0009,61,0,0.0191,0.7482
8224-274384-0009,672,0,0.0597,0.8141
8224-274384-0009,6930,0,0.2045,0.7495
8224-274384-0009,7021,0,0.0017,0.7126
8224-274384-0009,7127,0,0.0555,0.6306
8224-274384-0009,7176,0,0.0081,0.7245
8224-274384-0009,7729,0,0.0022,0.6975
8224-274384-0009,8224,1,0.3813,0.9624
8224-274384-0009,8230,0,-0.0491,0.6941
8224-274384-0009,8455,0,0.0404,0.6715
8224-274384-0009,908,0,0.1322,0.7585
8224-274384-0013,1089,0,-0.1652,0.7004
8224-274384-0013,1188,0,-0.0931,0.7495
8224-274384-0013,1320,0,0.0113,0.7164
8224-274384-0013,2300,0,0.1701,0.6329
8224-274384-0013,260,0,0.0711,0.7701
8224-274384-0013,2830,0,-0.077,0.6887
8224-274384-0013,4077,0,0.0198,0.7245
8224-274384-0013,5105,0,0.0193,0.7729
8224-274384-0013,5639,0,0.0203,0.7946
8224-274384-0013,61,0,-0.0083,0.754
8224-274384-0013,672,0,-0.002,0.804
8224-274384-0013,6930,0,0.1436,0.7208
8224-274384-0013,7021,0,-0.0164,0.7193
8224-274384-0013,7127,0,0.0638,0.6483
8224-274384-0013,7176,0,-0.122,0.7297
8224-274384-0013,7729,0,-0.0188,0.7463
8224-274384-0013,8224,1,0.3805,0.9332
8224-274384-0013,8230,0,-0.111,0.6756
8224-274384-0013,8455,0,0.0551,0.6841
8224-274384-0013,908,0,0.0306,0.7616
8230-279154-0000,1089,0,0.2251,0.8059
8230-279154-0000,1188,0,0.0331,0.8561
8230-279154-0000,1320,0,0.0771,0.7232
8230-279154-0000,2300,0,-0.0174,0.5274
8230-279154-0000,260,0,0.1417,0.8715
8230-279154-0000,2830,0,0.1622,0.8601
8230-279154-0000,4077,0,0.1488,0.757
8230-279154-0000,5105,0,0.2249,0.8031
8230-279154-0000,5639,0,0.1288,0.8263
8230-279154-0000,61,0,0.2986,0.9466
8230-279154-0000,672,0,0.0612,0.8292
8230-279154-0000,6930,0,0.1596,0.7349
8230-279154-0000,7021,0,0.0895,0.7253
8230-279154-0000,7127,0,0.1121,0.7076
8230-279154-0000,7176,0,0.243,0.9284
8230-279154-0000,7729,0,0.024,0.8471
8230-279154-0000,8224,0,0.2414,0.6923
8230-279154-0000,8230,1,0.3134,0.9232
8230-279154-0000,8455,0,-0.0282,0.6584
8230-279154-0000,908,0,0.09,0.8241
8230-279154-0004,1089,0,0.2017,0.7944
8230-279154-0004,1188,0,0.064,0.8387
8230-279154-0004,1320,0,0.0558,0.6956
8230-279154-0004,2300,0,-0.0344,0.4897
8230-279154-0004,260,0,0.2252,0.8738
8230-279154-0004,2830,0,0.1703,0.8385
8230-279154-0004,4077,0,0.1352,0.7282
8230-279154-0004,5105,0,0.2925,0.781
8230-279154-0004,5639,0,0.1096,0.8222
8230-279154-0004,61,0,0.2697,0.95
8230-279154-0004,672,0,0.0714,0.8328
8230-279154-0004,6930,0,0.2071,0.7373
8230-279154-0004,7021,0,0.1335,0.7135
8230-279154-0004,7127,0,0.1271,0.6544
8230-279154-0004,7176,0,0.3259,0.932
8230-279154-0004,7729,0,0.0874,0.822
8230-279154-0004,8224,0,0.1712,0.7015
8230-279154-0004,8230,1,0.33,0.917
8230-279154-0004,8455,0,-0.0843,0.6321
8230-279154-0004,908,0,0.2283,0.8512
8230-279154-0016,1089,0,0.1682,0.7652
8230-279154-0016,1188,0,0.0582,0.8256
8230-279154-0016,1320,0,0.0352,0.7144
8230-279154-0016,2300,0,-0.0303,0.5516
8230-279154-0016,260,0,0.2286,0.8607
8230-279154-0016,2830,0,0.1381,0.8308
8230-279154-0016,4077,0,0.0585,0.721
8230-279154-0016,5105,0,0.2801,0.7932
8230-279154-0016,5639,0,0.0538,0.774
8230-279154-0016,61,0,0.3268,0.9477
8230-279154-0016,672,0,0.0397,0.8016
8230-279154-0016,6930,0,0.1493,0.7432
8230-279154-0016,7021,0,0.0656,0.7339
8230-279154-0016,7127,0,0.1005,0.6668
8230-279154-0016,7176,0,0.2478,0.9284
8230-279154-0016,7729,0,0.0113,0.8287
8230-279154-0016,8224,0,0.1956,0.6883
8230-279154-0016,8230,1,0.3373,0.8848
8230-279154-0016,8455,0,-0.0514,0.6491
8230-279154-0016,908,0,0.0753,0.8357
8230-279154-0018,1089,0,0.1712,0.7734
8230-279154-0018,1188,0,0.1229,0.8427
8230-279154-0018,1320,0,0.0869,0.7263
8230-279154-0018,2300,0,0.0108,0.5663
8230-279154-0018,260,0,0.1933,0.847
8230-279154-0018,2830,0,0.1757,0.8528
8230-279154-0018,4077,0,0.1424,0.7534
8230-279154-0018,5105,0,0.2689,0.8115
8230-279154-0018,5639,0,0.0684,0.7962
8230-279154-0018,61,0,0.2755,0.9294
8230-279154-0018,672,0,0.0583,0.7896
8230-279154-0018,6930,0,0.1466,0.7003
8230-279154-0018,7021,0,0.0501,0.7451
8230-279154-0018,7127,0,0.1217,0.7263
8230-279154-0018,7176,0,0.2905,0.9118
8230-279154-0018,7729,0,0.0768,0.8646
8230-279154-0018,8224,0,0.1786,0.6621
8230-279154-0018,8230,1,0.2555,0.875
8230-279154-0018,8455,0,-0.0051,0.6297
8230-279154-0018,908,0,0.1054,0.8162
8230-279154-0020,1089,0,0.1685,0.827
8230-279154-0020,1188,0,0.0183,0.8871
8230-279154-0020,1320,0,0.0637,0.7605
8230-279154-0020,2300,0,-0.0616,0.584
8230-279154-0020,260,0,0.1887,0.8925
8230-279154-0020,2830,0,0.1261,0.8788
8230-279154-0020,4077,0,0.132,0.7606
8230-279154-0020,5105,0,0.2834,0.834
8230-279154-0020,5639,0,0.0708,0.8115
8230-279154-0020,61,0,0.2569,0.9599
8230-279154-0020,672,0,0.1032,0.8366
8230-279154-0020,6930,0,0.1738,0.7658
8230-279154-0020,7021,0,0.0853,0.7705
8230-279154-0020,7127,0,0.1245,0.7305
8230-279154-0020,7176,0,0.249,0.9418
8230-279154-0020,7729,0,0.0333,0.8626
8230-279154-0020,8224,0,0.1932,0.7125
8230-279154-0020,8230,1,0.312,0.9381
8230-279154-0020,8455,0,-0.0297,0.6949
8230-279154-0020,908,0,0.1363,0.8465
8230-279154-0022,1089,0,0.1205,0.7178
8230-279154-0022,1188,0,0.0591,0.8007
8230-279154-0022,1320,0,-0.0071,0.6587
8230-279154-0022,2300,0,0.0085,0.4969
8230-279154-0022,260,0,0.1786,0.8178
8230-279154-0022,2830,0,0.1172,0.8336
8230-279154-0022,4077,0,0.0216,0.6502
8230-279154-0022,5105,0,0.2649,0.7343
8230-279154-0022,5639,0,0.0553,0.7175
8230-279154-0022,61,0,0.2919,0.8989
8230-279154-0022,672,0,0.0453,0.7345
8230-279154-0022,6930,0,0.1675,0.6841
8230-279154-0022,7021,0,0.0737,0.6765
8230-279154-0022,7127,0,0.1115,0.6299
8230-279154-0022,7176,0,0.244,0.882
8230-279154-0022,7729,0,0.0062,0.769
8230-279154-0022,8224,0,0.211,0.6058
8230-279154-0022,8230,1,0.2522,0.8644
8230-279154-0022,8455,0,-0.1256,0.582
8230-279154-0022,908,0,0.1394,0.7618
8230-279154-0023,1089,0,0.0737,0.7722
8230-279154-0023,1188,0,0.0807,0.8373
8230-279154-0023,1320,0,0.038,0.7097
8230-279154-0023,2300,0,0.0179,0.563
8230-279154-0023,260,0,0.1984,0.8579
8230-279154-0023,2830,0,0.1022,0.8354
8230-279154-0023,4077,0,0.0384,0.7476
8230-279154-0023,5105,0,0.1382,0.8028
8230-279154-0023,5639,0,0.013,0.8055
8230-279154-0023,61,0,0.2291,0.9404
8230-279154-0023,672,0,0.0514,0.7921
8230-279154-0023,6930,0,0.1928,0.7071
8230-279154-0023,7021,0,0.026,0.7476
8230-279154-0023,7127,0,0.0847,0.6957
8230-279154-0023,7176,0,0.1935,0.9072
8230-279154-0023,7729,0,0.063,0.8699
8230-279154-0023,8224,0,0.182,0.6751
8230-279154-0023,8230,1,0.2021,0.8811
8230-279154-0023,8455,0,-0.0473,0.6307
8230-279154-0023,908,0,0.14,0.8297
8230-279154-0028,1089,0,0.1386,0.8002
8230-279154-0028,1188,0,0.0774,0.8798
8230-279154-0028,1320,0,0.0235,0.7384
8230-279154-0028,2300,0,-0.0385,0.5468
8230-279154-0028,260,0,0.1321,0.8633
8230-279154-0028,2830,0,0.1603,0.8852
8230-279154-0028,4077,0,0.0298,0.7171
8230-279154-0028,5105,0,0.2967,0.8208
8230-279154-0028,5639,0,0.0853,0.8161
8230-279154-0028,61,0,0.2357,0.9224
8230-279154-0028,672,0,0.0281,0.8141
8230-279154-0028,6930,0,0.1407,0.7134
8230-279154-0028,7021,0,0.2027,0.7585
8230-279154-0028,7127,0,0.1547,0.7186
8230-279154-0028,7176,0,0.242,0.9007
8230-279154-0028,7729,0,0.0997,0.8614
8230-279154-0028,8224,0,0.1827,0.6814
8230-279154-0028,8230,1,0.3269,0.9108
8230-279154-0028,8455,0,-0.0445,0.6346
8230-279154-0028,908,0,0.1348,0.8341
8230-279154-0029,1089,0,0.1512,0.7709
8230-279154-0029,1188,0,0.1443,0.859
8230-279154-0029,1320,0,0.0578,0.713
8230-279154-0029,2300,0,0.0436,0.519
8230-279154-0029,260,0,0.1978,0.8468
8230-279154-0029,2830,0,0.1559,0.8584
8230-279154-0029,4077,0,-0.0203,0.6878
8230-279154-0029,5105,0,0.2734,0.7947
8230-279154-0029,5639,0,0.0723,0.7757
8230-279154-0029,61,0,0.2417,0.9194
8230-279154-0029,672,0,0.0551,0.7953
8230-279154-0029,6930,0,0.1187,0.6869
8230-279154-0029,7021,0,0.0839,0.7344
8230-279154-0029,7127,0,0.1246,0.6763
8230-279154-0029,7176,0,0.1642,0.9081
8230-279154-0029,7729,0,0.0095,0.8145
8230-279154-0029,8224,0,0.1175,0.6671
8230-279154-0029,8230,1,0.3769,0.8996
8230-279154-0029,8455,0,0.0366,0.6164
8230-279154-0029,908,0,0.0662,0.8147
8230-279154-0030,1089,0,0.1666,0.7239
8230-279154-0030,1188,0,0.1297,0.8316
8230-279154-0030,1320,0,0.0424,0.682
8230-279154-0030,2300,0,0.0477,0.5171
8230-279154-0030,260,0,0.1933,0.8291
8230-279154-0030,2830,0,0.1683,0.8521
8230-279154-0030,4077,0,0.0088,0.6406
8230-279154-0030,5105,0,0.2296,0.7649
8230-279154-0030,5639,0,0.1237,0.7372
8230-279154-0030,61,0,0.3067,0.9064
8230-279154-0030,672,0,0.0551,0.7478
8230-279154-0030,6930,0,0.1092,0.7058
8230-279154-0030,7021,0,0.0865,0.7089
8230-279154-0030,7127,0,0.0926,0.6375
8230-279154-0030,7176,0,0.2135,0.884
8230-279154-0030,7729,0,0.0414,0.7805
8230-279154-0030,8224,0,0.1752,0.6571
8230-279154-0030,8230,1,0.3804,0.8726
8230-279154-0030,8455,0,0.0249,0.6001
8230-279154-0030,908,0,0.0424,0.7807
8455-210777-0011,1089,0,0.042,0.7356
8455-210777-0011,1188,0,-0.0707,0.76
8455-210777-0011,1320,0,0.1219,0.8156
8455-210777-0011,2300,0,0.0137,0.8095
8455-210777-0011,260,0,0.0871,0.8645
8455-210777-0011,2830,0,-0.0546,0.6657
8455-210777-0011,4077,0,0.2116,0.8328
8455-210777-0011,5105,0,0.2189,0.8145
8455-210777-0011,5639,0,0.0919,0.6963
8455-210777-0011,61,0,0.0019,0.8289
8455-210777-0011,672,0,0.0117,0.8139
8455-210777-0011,6930,0,0.1769,0.7828
8455-210777-0011,7021,0,0.0214,0.8151
8455-210777-0011,7127,0,0.1935,0.7231
8455-210777-0011,7176,0,0.1488,0.8141
8455-210777-0011,7729,0,-0.0698,0.8038
8455-210777-0011,8224,0,0.1701,0.7014
8455-210777-0011,8230,0,-0.0416,0.6798
8455-210777-0011,8455,1,0.3228,0.8488
8455-210777-0011,908,0,0.0864,0.8387
8455-210777-0014,1089,0,-0.0214,0.7592
8455-210777-0014,1188,0,-0.0604,0.7854
8455-210777-0014,1320,0,0.1992,0.8094
8455-210777-0014,2300,0,-0.0314,0.7623
8455-210777-0014,260,0,0.0328,0.8995
8455-210777-0014,2830,0,-0.1091,0.7151
8455-210777-0014,4077,0,0.116,0.8209
8455-210777-0014,5105,0,0.2351,0.8263
8455-210777-0014,5639,0,0.129,0.7216
8455-210777-0014,61,0,0.0233,0.8707
8455-210777-0014,672,0,0.0533,0.8443
8455-210777-0014,6930,0,0.1648,0.8106
8455-210777-0014,7021,0,0.022,0.8286
8455-210777-0014,7127,0,0.0755,0.7067
8455-210777-0014,7176,0,0.1023,0.8648
8455-210777-0014,7729,0,-0.0184,0.8148
8455-210777-0014,8224,0,0.1072,0.6881
8455-210777-0014,8230,0,-0.0474,0.7352
8455-210777-0014,8455,1,0.2502,0.833
8455-210777-0014,908,0,0.2014,0.8786
8455-210777-0018,1089,0,0.0077,0.7814
8455-210777-0018,1188,0,0.0037,0.8137
8455-210777-0018,1320,0,0.2567,0.8719
8455-210777-0018,2300,0,0.0335,0.7997
8455-210777-0018,260,0,0.0548,0.9206
8455-210777-0018,2830,0,-0.0126,0.7571
8455-210777-0018,4077,0,0.1733,0.8313
8455-210777-0018,5105,0,0.3081,0.8773
8455-210777-0018,5639,0,0.0425,0.7203
8455-210777-0018,61,0,0.0182,0.8691
8455-210777-0018,672,0,0.0778,0.8578
8455-210777-0018,6930,0,0.1164,0.859
8455-210777-0018,7021,0,0.0844,0.8641
8455-210777-0018,7127,0,0.1261,0.7678
8455-210777-0018,7176,0,0.0716,0.8562
8455-210777-0018,7729,0,-0.0292,0.8054
8455-210777-0018,8224,0,0.0918,0.7069
8455-210777-0018,8230,0,-0.0649,0.7464
8455-210777-0018,8455,1,0.261,0.8772
8455-210777-0018,908,0,0.1882,0.8735
8455-210777-0024,1089,0,0.0578,0.8209
8455-210777-0024,1188,0,-0.0579,0.8298
8455-210777-0024,1320,0,0.146,0.8928
8455-210777-0024,2300,0,-0.065,0.8126
8455-210777-0024,260,0,0.1736,0.9232
8455-210777-0024,2830,0,-0.0113,0.7574
8455-210777-0024,4077,0,0.251,0.8577
8455-210777-0024,5105,0,0.2771,0.8804
8455-210777-0024,5639,0,0.1117,0.7463
8455-210777-0024,61,0,0.0896,0.8549
8455-210777-0024,672,0,0.061,0.8827
8455-210777-0024,6930,0,0.13,0.8442
8455-210777-0024,7021,0,0.1326,0.8803
8455-210777-0024,7127,0,0.1538,0.7934
8455-210777-0024,7176,0,0.1506,0.8549
8455-210777-0024,7729,0,-0.0187,0.8308
8455-210777-0024,8224,0,0.1618,0.6961
8455-210777-0024,8230,0,0.0184,0.7589
8455-210777-0024,8455,1,0.3226,0.8896
8455-210777-0024,908,0,0.1662,0.9014
8455-210777-0033,1089,0,0.0393,0.7668
8455-210777-0033,1188,0,-0.0206,0.7841
8455-210777-0033,1320,0,0.2314,0.8318
8455-210777-0033,2300,0,0.0634,0.804
8455-210777-0033,260,0,0.1524,0.8917
8455-210777-0033,2830,0,-0.0555,0.6965
8455-210777-0033,4077,0,0.2607,0.8572
8455-210777-0033,5105,0,0.2119,0.8375
8455-210777-0033,5639,0,0.0221,0.7378
8455-210777-0033,61,0,0.0864,0.8606
8455-210777-0033,672,0,0.0478,0.848
8455-210777-0033,6930,0,0.261,0.8168
8455-210777-0033,7021,0,0.0299,0.8248
8455-210777-0033,7127,0,0.1277,0.74
8455-210777-0033,7176,0,0.1611,0.8468
8455-210777-0033,7729,0,-0.0105,0.8222
8455-210777-0033,8224,0,0.1747,0.7272
8455-210777-0033,8230,0,-0.0642,0.7289
8455-210777-0033,8455,1,0.338,0.8701
8455-210777-0033,908,0,0.1462,0.8589
8455-210777-0034,1089,0,0.0833,0.7019
8455-210777-0034,1188,0,-0.0149,0.7374
8455-210777-0034,1320,0,0.2083,0.7734
8455-210777-0034,2300,0,-0.0001,0.7295
8455-210777-0034,260,0,0.1348,0.8802
8455-210777-0034,2830,0,0.0037,0.6588
8455-210777-0034,4077,0,0.3034,0.8154
8455-210777-0034,5105,0,0.304,0.7623
8455-210777-0034,5639,0,0.0649,0.7071
8455-210777-0034,61,0,0.1094,0.8075
8455-210777-0034,672,0,0.0496,0.7939
8455-210777-0034,6930,0,0.2056,0.7976
8455-210777-0034,7021,0,0.1016,0.7555
8455-210777-0034,7127,0,0.1634,0.6802
8455-210777-0034,7176,0,0.2055,0.8119
8455-210777-0034,7729,0,-0.0775,0.767
8455-210777-0034,8224,0,0.1149,0.6802
8455-210777-0034,8230,0,-0.0108,0.6652
8455-210777-0034,8455,1,0.3212,0.8278
8455-210777-0034,908,0,0.2087,0.8222
8455-210777-0040,1089,0,-0.0283,0.7542
8455-210777-0040,1188,0,-0.023,0.7994
8455-210777-0040,1320,0,0.1486,0.8137
8455-210777-0040,2300,0,-0.0313,0.7639
8455-210777-0040,260,0,0.058,0.8853
8455-210777-0040,2830,0,-0.0404,0.7214
8455-210777-0040,4077,0,0.1248,0.8259
8455-210777-0040,5105,0,0.2239,0.8143
8455-210777-0040,5639,0,0.1739,0.7452
8455-210777-0040,61,0,0.0462,0.8367
8455-210777-0040,672,0,0.0355,0.8421
8455-210777-0040,6930,0,0.1429,0.7924
8455-210777-0040,7021,0,-0.0025,0.7966
8455-210777-0040,7127,0,0.1196,0.7281
8455-210777-0040,7176,0,0.1017,0.8353
8455-210777-0040,7729,0,-0.0135,0.8004
8455-210777-0040,8224,0,0.1255,0.7401
8455-210777-0040,8230,0,-0.0825,0.7279
8455-210777-0040,8455,1,0.2092,0.8418
8455-210777-0040,908,0,0.1339,0.8339
8455-210777-0041,1089,0,0.0216,0.7738
8455-210777-0041,1188,0,-0.0523,0.7707
8455-210777-0041,1320,0,0.169,0.8697
8455-210777-0041,2300,0,0.0261,0.8512
8455-210777-0041,260,0,0.0509,0.8755
8455-210777-0041,2830,0,-0.0683,0.693
8455-210777-0041,4077,0,0.2701,0.8759
8455-210777-0041,5105,0,0.1996,0.8606
8455-210777-0041,5639,0,0.0252,0.6998
8455-210777-0041,61,0,0.0393,0.8148
8455-210777-0041,672,0,0.0172,0.8403
8455-210777-0041,6930,0,0.2099,0.8242
8455-210777-0041,7021,0,0.0516,0.8549
8455-210777-0041,7127,0,0.1378,0.7946
8455-210777-0041,7176,0,0.078,0.8105
8455-210777-0041,7729,0,-0.0222,0.8084
8455-210777-0041,8224,0,0.1363,0.6973
8455-210777-0041,8230,0,-0.0675,0.6901
8455-210777-0041,8455,1,0.2952,0.896
8455-210777-0041,908,0,0.2046,0.8399
8455-210777-0046,1089,0,0.0106,0.7593
8455-210777-0046,1188,0,-0.1013,0.7952
8455-210777-0046,1320,0,0.2021,0.8174
8455-210777-0046,2300,0,-0.0297,0.7417
8455-210777-0046,260,0,0.0604,0.9181
8455-210777-0046,2830,0,-0.098,0.7182
8455-210777-0046,4077,0,0.1913,0.8454
8455-210777-0046,5105,0,0.24,0.8179
8455-210777-0046,5639,0,0.0507,0.7465
8455-210777-0046,61,0,0.0431,0.8618
8455-210777-0046,672,0,0.0098,0.8513
8455-210777-0046,6930,0,0.1623,0.8271
8455-210777-0046,7021,0,0.0262,0.7961
8455-210777-0046,7127,0,0.1164,0.7206
8455-210777-0046,7176,0,0.1562,0.8681
8455-210777-0046,7729,0,-0.043,0.7939
8455-210777-0046,8224,0,0.1756,0.7266
8455-210777-0046,8230,0,-0.0428,0.7386
8455-210777-0046,8455,1,0.2926,0.858
8455-210777-0046,908,0,0.1522,0.8586
8455-210777-0056,1089,0,0.0778,0.7841
8455-210777-0056,1188,0,-0.1044,0.7966
8455-210777-0056,1320,0,0.2243,0.8723
8455-210777-0056,2300,0,-0.0146,0.8112
8455-210777-0056,260,0,0.0636,0.903
8455-210777-0056,2830,0,-0.0703,0.7193
8455-210777-0056,4077,0,0.2303,0.872
8455-210777-0056,5105,0,0.2821,0.8891
8455-210777-0056,5639,0,0.0813,0.7446
8455-210777-0056,61,0,0.0644,0.8595
8455-210777-0056,672,0,-0.0099,0.8642
8455-210777-0056,6930,0,0.2153,0.8512
8455-210777-0056,7021,0,0.1782,0.8701
8455-210777-0056,7127,0,0.0644,0.7829
8455-210777-0056,7176,0,0.1783,0.8565
8455-210777-0056,7729,0,0.0063,0.8263
8455-210777-0056,8224,0,0.0936,0.7439
8455-210777-0056,8230,0,-0.0362,0.7255
8455-210777-0056,8455,1,0.2756,0.8844
8455-210777-0056,908,0,0.2393,0.8808
8463-287645-0002,121,0,-0.0966,0.835
8463-287645-0002,1221,0,0.0221,0.8974
8463-287645-0002,1284,0,0.0133,0.7947
8463-287645-0002,1580,0,0.0252,0.8298
8463-287645-0002,1995,0,0.0368,0.8455
8463-287645-0002,2094,0,0.0681,0.8878
8463-287645-0002,237,0,-0.0596,0.859
8463-287645-0002,2961,0,0.0273,0.7432
8463-287645-0002,3570,0,-0.0287,0.7746
8463-287645-0002,3575,0,0.0435,0.8096
8463-287645-0002,3729,0,-0.0988,0.879
8463-287645-0002,4446,0,0.0928,0.8582
8463-287645-0002,4507,0,-0.1963,0.8701
8463-287645-0002,4970,0,0.0897,0.8392
8463-287645-0002,4992,0,0.1276,0.9232
8463-287645-0002,5142,0,0.0675,0.8727
8463-287645-0002,5683,0,-0.0987,0.8432
8463-287645-0002,6829,0,0.1829,0.8902
8463-287645-0002,8463,1,0.4309,0.9375
8463-287645-0002,8555,0,0.1315,0.8675
8463-287645-0003,121,0,-0.0879,0.8075
8463-287645-0003,1221,0,0.0359,0.8691
8463-287645-0003,1284,0,0.0275,0.772
8463-287645-0003,1580,0,-0.0029,0.7619
8463-287645-0003,1995,0,-0.0095,0.8364
8463-287645-0003,2094,0,0.0194,0.8854
8463-287645-0003,237,0,-0.0361,0.8205
8463-287645-0003,2961,0,0.0139,0.739
8463-287645-0003,3570,0,-0.0626,0.7249
8463-287645-0003,3575,0,0.103,0.7343
8463-287645-0003,3729,0,-0.0601,0.8705
8463-287645-0003,4446,0,0.0126,0.8422
8463-287645-0003,4507,0,-0.1939,0.8433
8463-287645-0003,4970,0,0.0407,0.7852
8463-287645-0003,4992,0,0.1403,0.9136
8463-287645-0003,5142,0,0.0786,0.8694
8463-287645-0003,5683,0,-0.0424,0.7737
8463-287645-0003,6829,0,0.2112,0.9127
8463-287645-0003,8463,1,0.4676,0.9354
8463-287645-0003,8555,0,0.1098,0.7981
8463-294825-0010,121,0,0.0033,0.8353
8463-294825-0010,1221,0,0.0891,0.8749
8463-294825-0010,1284,0,-0.0226,0.815
8463-294825-0010,1580,0,-0.0208,0.8003
8463-294825-0010,1995,0,-0.0492,0.8791
8463-294825-0010,2094,0,0.0321,0.9026
8463-294825-0010,237,0,-0.04,0.8661
8463-294825-0010,2961,0,0.1029,0.7395
8463-294825-0010,3570,0,-0.0653,0.7285
8463-294825-0010,3575,0,0.0417,0.7071
8463-294825-0010,3729,0,-0.0691,0.865
8463-294825-0010,4446,0,0.1126,0.8779
8463-294825-0010,4507,0,-0.1432,0.8103
8463-294825-0010,4970,0,0.0238,0.7365
8463-294825-0010,4992,0,0.1313,0.9314
8463-294825-0010,5142,0,0.0702,0.8379
8463-294825-0010,5683,0,-0.0921,0.7651
8463-294825-0010,6829,0,0.1504,0.8559
8463-294825-0010,8463,1,0.5231,0.9534
8463-294825-0010,8555,0,-0.0083,0.7763
8463-294825-0016,121,0,0.0295,0.8239
8463-294825-0016,1221,0,-0.0102,0.8693
8463-294825-0016,1284,0,-0.0783,0.7477
8463-294825-0016,1580,0,0.0441,0.7876
8463-294825-0016,1995,0,-0.1227,0.7704
8463-294825-0016,2094,0,0.0762,0.8613
8463-294825-0016,237,0,-0.0719,0.8182
8463-294825-0016,2961,0,0.0761,0.7381
8463-294825-0016,3570,0,-0.0134,0.777
8463-294825-0016,3575,0,0.0365,0.7909
8463-294825-0016,3729,0,-0.1237,0.8804
8463-294825-0016,4446,0,0.1461,0.8339
8463-294825-0016,4507,0,-0.1035,0.8694
8463-294825-0016,4970,0,0.1075,0.8231
8463-294825-0016,4992,0,0.0488,0.8809
8463-294825-0016,5142,0,0.1015,0.8291
8463-294825-0016,5683,0,-0.1294,0.8013
8463-294825-0016,6829,0,0.0726,0.8871
8463-294825-0016,8463,1,0.4388,0.8948
8463-294825-0016,8555,0,0.0362,0.8028
8463-294828-0002,121,0,-0.0203,0.7851
8463-294828-0002,1221,0,0.0382,0.852
8463-294828-0002,1284,0,0.0147,0.7394
8463-294828-0002,1580,0,-0.0217,0.7123
8463-294828-0002,1995,0,-0.0674,0.814
8463-294828-0002,2094,0,0.1208,0.8713
8463-294828-0002,237,0,0.0415,0.7909
8463-294828-0002,2961,0,0.0885,0.6785
8463-294828-0002,3570,0,-0.0175,0.6783
8463-294828-0002,3575,0,0.1311,0.7032
8463-294828-0002,3729,0,-0.1144,0.8551
8463-294828-0002,4446,0,0.0968,0.8225
8463-294828-0002,4507,0,-0.0987,0.8118
8463-294828-0002,4970,0,0.086,0.7617
8463-294828-0002,4992,0,0.0612,0.9039
8463-294828-0002,5142,0,0.1722,0.8606
8463-294828-0002,5683,0,-0.0564,0.7328
8463-294828-0002,6829,0,0.1495,0.8842
8463-294828-0002,8463,1,0.4949,0.9308
8463-294828-0002,8555,0,0.0769,0.7701
8463-294828-0010,121,0,-0.0475,0.8209
8463-294828-0010,1221,0,0.0407,0.8899
8463-294828-0010,1284,0,0.0238,0.7759
8463-294828-0010,1580,0,-0.045,0.7901
8463-294828-0010,1995,0,-0.0883,0.835
8463-294828-0010,2094,0,0.104,0.8828
8463-294828-0010,237,0,0.089,0.8617
8463-294828-0010,2961,0,0.1118,0.7032
8463-294828-0010,3570,0,-0.0632,0.7229
8463-294828-0010,3575,0,0.1324,0.744
8463-294828-0010,3729,0,-0.0701,0.8813
8463-294828-0010,4446,0,0.0677,0.8658
8463-294828-0010,4507,0,-0.1499,0.8397
8463-294828-0010,4970,0,0.1022,0.7938
8463-294828-0010,4992,0,0.1664,0.9329
8463-294828-0010,5142,0,0.1747,0.8718
8463-294828-0010,5683,0,-0.1002,0.8017
8463-294828-0010,6829,0,0.1453,0.8797
8463-294828-0010,8463,1,0.5288,0.956
8463-294828-0010,8555,0,0.0681,0.8237
8463-294828-0012,121,0,0.0257,0.797
8463-294828-0012,1221,0,0.0154,0.8061
8463-294828-0012,1284,0,-0.02,0.7342
8463-294828-0012,1580,0,-0.0517,0.6888
8463-294828-0012,1995,0,-0.0404,0.8345
8463-294828-0012,2094,0,0.0317,0.8464
8463-294828-0012,237,0,0.064,0.7828
8463-294828-0012,2961,0,0.1226,0.714
8463-294828-0012,3570,0,-0.0152,0.6816
8463-294828-0012,3575,0,0.1164,0.6519
8463-294828-0012,3729,0,-0.0859,0.8257
8463-294828-0012,4446,0,0.0295,0.7984
8463-294828-0012,4507,0,-0.0986,0.749
8463-294828-0012,4970,0,0.1011,0.6844
8463-294828-0012,4992,0,0.095,0.8834
8463-294828-0012,5142,0,0.0731,0.7948
8463-294828-0012,5683,0,-0.0477,0.6789
8463-294828-0012,6829,0,0.1323,0.812
8463-294828-0012,8463,1,0.4907,0.9334
8463-294828-0012,8555,0,-0.0176,0.7059
8463-294828-0014,121,0,-0.0513,0.8491
8463-294828-0014,1221,0,-0.0291,0.8742
8463-294828-0014,1284,0,-0.0196,0.8044
8463-294828-0014,1580,0,-0.0003,0.7965
8463-294828-0014,1995,0,-0.1617,0.857
8463-294828-0014,2094,0,0.0015,0.9018
8463-294828-0014,237,0,-0.0628,0.8436
8463-294828-0014,2961,0,0.0951,0.7655
8463-294828-0014,3570,0,-0.0558,0.7517
8463-294828-0014,3575,0,0.0638,0.7223
8463-294828-0014,3729,0,-0.1333,0.8893
8463-294828-0014,4446,0,0.0905,0.8737
8463-294828-0014,4507,0,-0.1013,0.8362
8463-294828-0014,4970,0,0.1756,0.7538
8463-294828-0014,4992,0,0.0162,0.9287
8463-294828-0014,5142,0,0.1144,0.8469
8463-294828-0014,5683,0,-0.1087,0.7755
8463-294828-0014,6829,0,0.1787,0.8757
8463-294828-0014,8463,1,0.4985,0.9522
8463-294828-0014,8555,0,0.1028,0.7829
8463-294828-0031,121,0,-0.0118,0.8149
8463-294828-0031,1221,0,-0.0276,0.8491
8463-294828-0031,1284,0,-0.0383,0.7395
8463-294828-0031,1580,0,-0.0455,0.739
8463-294828-0031,1995,0,-0.1347,0.8112
8463-294828-0031,2094,0,0.0145,0.8644
8463-294828-0031,237,0,-0.0603,0.8039
8463-294828-0031,2961,0,0.0367,0.7376
8463-294828-0031,3570,0,-0.0901,0.7332
8463-294828-0031,3575,0,0.0668,0.7265
8463-294828-0031,3729,0,-0.1659,0.8619
8463-294828-0031,4446,0,0.0234,0.82
8463-294828-0031,4507,0,-0.1106,0.8223
8463-294828-0031,4970,0,0.103,0.7634
8463-294828-0031,4992,0,0.0244,0.8973
8463-294828-0031,5142,0,0.0719,0.8276
8463-294828-0031,5683,0,-0.1029,0.7398
8463-294828-0031,6829,0,0.1269,0.8688
8463-294828-0031,8463,1,0.4708,0.9345
8463-294828-0031,8555,0,0.0734,0.7641
8463-294828-0036,121,0,-0.0084,0.8264
8463-294828-0036,1221,0,-0.0417,0.8845
8463-294828-0036,1284,0,-0.1064,0.7438
8463-294828-0036,1580,0,-0.006,0.7899
8463-294828-0036,1995,0,-0.1425,0.8043
8463-294828-0036,2094,0,-0.0734,0.867
8463-294828-0036,237,0,-0.0002,0.8478
8463-294828-0036,2961,0,0.0268,0.7113
8463-294828-0036,3570,0,-0.1707,0.7656
8463-294828-0036,3575,0,0.0304,0.7846
8463-294828-0036,3729,0,-0.1764,0.888
8463-294828-0036,4446,0,0.007,0.846
8463-294828-0036,4507,0,-0.1376,0.8669
8463-294828-0036,4970,0,0.1301,0.8177
8463-294828-0036,4992,0,0.0488,0.9124
8463-294828-0036,5142,0,0.0734,0.8558
8463-294828-0036,5683,0,-0.118,0.8159
8463-294828-0036,6829,0,0.2033,0.8815
8463-294828-0036,8463,1,0.4574,0.9166
8463-294828-0036,8555,0,0.0548,0.8416
8555-284447-0002,121,0,0.0071,0.7478
8555-284447-0002,1221,0,-0.1621,0.7831
8555-284447-0002,1284,0,-0.047,0.6834
8555-284447-0002,1580,0,-0.1072,0.7569
8555-284447-0002,1995,0,-0.2832,0.7242
8555-284447-0002,2094,0,-0.0125,0.7823
8555-284447-0002,237,0,-0.1123,0.8217
8555-284447-0002,2961,0,0.054,0.6756
8555-284447-0002,3570,0,0.005,0.8064
8555-284447-0002,3575,0,0.1251,0.8957
8555-284447-0002,3729,0,-0.1505,0.7737
8555-284447-0002,4446,0,-0.0527,0.7153
8555-284447-0002,4507,0,-0.1452,0.8241
8555-284447-0002,4970,0,0.1102,0.8732
8555-284447-0002,4992,0,-0.0831,0.7571
8555-284447-0002,5142,0,0.0434,0.7238
8555-284447-0002,5683,0,-0.1203,0.8249
8555-284447-0002,6829,0,0.0485,0.803
8555-284447-0002,8463,0,0.0143,0.7378
8555-284447-0002,8555,1,0.3319,0.8098
8555-284447-0014,121,0,-0.0165,0.7199
8555-284447-0014,1221,0,-0.0846,0.8241
8555-284447-0014,1284,0,-0.0141,0.7011
8555-284447-0014,1580,0,-0.0776,0.7796
8555-284447-0014,1995,0,-0.1511,0.7047
8555-284447-0014,2094,0,0.0152,0.7656
8555-284447-0014,237,0,0.0213,0.8334
8555-284447-0014,2961,0,0.0265,0.6427
8555-284447-0014,3570,0,0.0816,0.7966
8555-284447-0014,3575,0,0.1534,0.8811
8555-284447-0014,3729,0,-0.0181,0.7831
8555-284447-0014,4446,0,0.0552,0.7397
8555-284447-0014,4507,0,-0.1001,0.87
8555-284447-0014,4970,0,0.1513,0.9096
8555-284447-0014,4992,0,-0.0426,0.769
8555-284447-0014,5142,0,0.1172,0.7907
8555-284447-0014,5683,0,0.012,0.862
8555-284447-0014,6829,0,0.1821,0.829
8555-284447-0014,8463,0,0.0041,0.7247
8555-284447-0014,8555,1,0.4885,0.8774
8555-284447-0017,121,0,-0.0148,0.6873
8555-284447-0017,1221,0,-0.1401,0.8397
8555-284447-0017,1284,0,-0.0407,0.7202
8555-284447-0017,1580,0,-0.0532,0.7709
8555-284447-0017,1995,0,-0.1853,0.7335
8555-284447-0017,2094,0,0.0707,0.7692
8555-284447-0017,237,0,-0.0095,0.8462
8555-284447-0017,2961,0,-0.0145,0.5902
8555-284447-0017,3570,0,0.0186,0.728
8555-284447-0017,3575,0,0.13,0.8414
8555-284447-0017,3729,0,-0.0316,0.775
8555-284447-0017,4446,0,-0.0618,0.7655
8555-284447-0017,4507,0,-0.0412,0.845
8555-284447-0017,4970,0,0.1202,0.9301
8555-284447-0017,4992,0,-0.0799,0.801
8555-284447-0017,5142,0,0.0788,0.8644
8555-284447-0017,5683,0,-0.004,0.8685
8555-284447-0017,6829,0,0.2411,0.8351
8555-284447-0017,8463,0,-0.0444,0.7736
8555-284447-0017,8555,1,0.5296,0.9236
8555-284447-0024,121,0,0.0981,0.8042
8555-284447-0024,1221,0,-0.0116,0.9113
8555-284447-0024,1284,0,-0.0466,0.7716
8555-284447-0024,1580,0,-0.0331,0.8201
8555-284447-0024,1995,0,-0.1137,0.8078
8555-284447-0024,2094,0,0.0584,0.8673
8555-284447-0024,237,0,0.068,0.9211
8555-284447-0024,2961,0,0.0075,0.7021
8555-284447-0024,3570,0,0.0146,0.8002
8555-284447-0024,3575,0,0.0704,0.8321
8555-284447-0024,3729,0,0.0705,0.879
8555-284447-0024,4446,0,-0.0198,0.8419
8555-284447-0024,4507,0,0.1308,0.9104
8555-284447-0024,4970,0,0.1096,0.8754
8555-284447-0024,4992,0,0.0248,0.8871
8555-284447-0024,5142,0,0.0509,0.869
8555-284447-0024,5683,0,0.0858,0.876
8555-284447-0024,6829,0,0.2399,0.9081
8555-284447-0024,8463,0,0.0348,0.8473
8555-284447-0024,8555,1,0.4428,0.8812
8555-284449-0004,121,0,0.0534,0.6852
8555-284449-0004,1221,0,-0.1174,0.8151
8555-284449-0004,1284,0,-0.0585,0.6816
8555-284449-0004,1580,0,-0.0689,0.7342
8555-284449-0004,1995,0,-0.1724,0.7057
8555-284449-0004,2094,0,-0.003,0.7474
8555-284449-0004,237,0,-0.0195,0.8372
8555-284449-0004,2961,0,0.0411,0.607
8555-284449-0004,3570,0,0.0296,0.7389
8555-284449-0004,3575,0,0.0999,0.8328
8555-284449-0004,3729,0,-0.1672,0.7648
8555-284449-0004,4446,0,-0.0752,0.7342
8555-284449-0004,4507,0,-0.0989,0.8274
8555-284449-0004,4970,0,0.0831,0.9222
8555-284449-0004,4992,0,-0.0365,0.7803
8555-284449-0004,5142,0,0.0723,0.8445
8555-284449-0004,5683,0,-0.0359,0.8384
8555-284449-0004,6829,0,0.0962,0.8214
8555-284449-0004,8463,0,0.0241,0.7706
8555-284449-0004,8555,1,0.4064,0.8952
8555-284449-0019,121,0,0.0476,0.6303
8555-284449-0019,1221,0,-0.0935,0.8361
8555-284449-0019,1284,0,-0.0146,0.7028
8555-284449-0019,1580,0,-0.0564,0.7449
8555-284449-0019,1995,0,-0.2006,0.6727
8555-284449-0019,2094,0,0.0163,0.735
8555-284449-0019,237,0,-0.0748,0.7926
8555-284449-0019,2961,0,-0.0373,0.5242
8555-284449-0019,3570,0,0.1082,0.6607
8555-284449-0019,3575,0,0.0501,0.8108
8555-284449-0019,3729,0,-0.1117,0.7467
8555-284449-0019,4446,0,0.0277,0.7536
8555-284449-0019,4507,0,-0.0425,0.8226
8555-284449-0019,4970,0,0.1563,0.9331
8555-284449-0019,4992,0,-0.0376,0.772
8555-284449-0019,5142,0,0.1184,0.8589
8555-284449-0019,5683,0,-0.0123,0.8479
8555-284449-0019,6829,0,0.1476,0.8247
8555-284449-0019,8463,0,-0.0087,0.7449
8555-284449-0019,8555,1,0.5076,0.9081
8555-284449-0020,121,0,0.0299,0.639
8555-284449-0020,1221,0,-0.1856,0.849
8555-284449-0020,1284,0,-0.1066,0.7113
8555-284449-0020,1580,0,-0.0553,0.7353
8555-284449-0020,1995,0,-0.1837,0.6969
8555-284449-0020,2094,0,0.032,0.7626
8555-284449-0020,237,0,-0.051,0.8147
8555-284449-0020,2961,0,0.0055,0.5291
8555-284449-0020,3570,0,-0.0057,0.6493
8555-284449-0020,3575,0,0.0446,0.775
8555-284449-0020,3729,0,-0.0862,0.7664
8555-284449-0020,4446,0,-0.0831,0.7728
8555-284449-0020,4507,0,-0.0334,0.8248
8555-284449-0020,4970,0,0.1494,0.9144
8555-284449-0020,4992,0,-0.0654,0.8094
8555-284449-0020,5142,0,0.082,0.9053
8555-284449-0020,5683,0,-0.0838,0.8387
8555-284449-0020,6829,0,0.195,0.8531
8555-284449-0020,8463,0,-0.0645,0.783
8555-284449-0020,8555,1,0.4316,0.9091
8555-292519-0005,121,0,0.0071,0.7754
8555-292519-0005,1221,0,-0.0062,0.8978
8555-292519-0005,1284,0,0.0051,0.7726
8555-292519-0005,1580,0,0.0607,0.8452
8555-292519-0005,1995,0,-0.158,0.8115
8555-292519-0005,2094,0,0.0299,0.8158
8555-292519-0005,237,0,0.004,0.9117
8555-292519-0005,2961,0,-0.0925,0.6636
8555-292519-0005,3570,0,0.0352,0.7887
8555-292519-0005,3575,0,0.0242,0.8459
8555-292519-0005,3729,0,-0.1551,0.8336
8555-292519-0005,4446,0,0.05,0.8306
8555-292519-0005,4507,0,-0.0697,0.8786
8555-292519-0005,4970,0,0.1842,0.8985
8555-292519-0005,4992,0,-0.0238,0.8741
8555-292519-0005,5142,0,0.0744,0.885
8555-292519-0005,5683,0,0.0583,0.905
8555-292519-0005,6829,0,0.2051,0.8473
8555-292519-0005,8463,0,0.0366,0.849
8555-292519-0005,8555,1,0.4729,0.9562
8555-292519-0007,121,0,-0.0158,0.7533
8555-292519-0007,1221,0,-0.0297,0.8923
8555-292519-0007,1284,0,0.0166,0.7821
8555-292519-0007,1580,0,-0.0151,0.8264
8555-292519-0007,1995,0,-0.1103,0.7985
8555-292519-0007,2094,0,0.0418,0.8222
8555-292519-0007,237,0,0.0875,0.9179
8555-292519-0007,2961,0,-0.0953,0.6467
8555-292519-0007,3570,0,-0.0008,0.7603
8555-292519-0007,3575,0,0.0803,0.784
8555-292519-0007,3729,0,-0.1642,0.8392
8555-292519-0007,4446,0,0.022,0.8386
8555-292519-0007,4507,0,-0.1138,0.8625
8555-292519-0007,4970,0,0.0649,0.865
8555-292519-0007,4992,0,-0.0335,0.8776
8555-292519-0007,5142,0,0.0828,0.894
8555-292519-0007,5683,0,0.0945,0.8798
8555-292519-0007,6829,0,0.1525,0.855
8555-292519-0007,8463,0,0.0151,0.8462
8555-292519-0007,8555,1,0.4888,0.9156
8555-292519-0013,121,0,0.0208,0.742
8555-292519-0013,1221,0,0.012,0.8874
8555-292519-0013,1284,0,-0.0081,0.7955
8555-292519-0013,1580,0,-0.0339,0.8029
8555-292519-0013,1995,0,-0.077,0.8643
8555-292519-0013,2094,0,0.1138,0.8299
8555-292519-0013,237,0,0.1153,0.91
8555-292519-0013,2961,0,-0.0292,0.6272
8555-292519-0013,3570,0,0.0475,0.6784
8555-292519-0013,3575,0,-0.0038,0.6784
8555-292519-0013,3729,0,-0.0445,0.8225
8555-292519-0013,4446,0,0.0602,0.8609
8555-292519-0013,4507,0,0.01,0.8093
8555-292519-0013,4970,0,0.0909,0.7883
8555-292519-0013,4992,0,0.0029,0.9249
8555-292519-0013,5142,0,0.2416,0.9317
8555-292519-0013,5683,0,0.0861,0.8238
8555-292519-0013,6829,0,0.1413,0.8266
8555-292519-0013,8463,0,0.0518,0.914
8555-292519-0013,8555,1,0.4563,0.911
908-157963-0009,1089,0,-0.0922,0.7392
908-157963-0009,1188,0,0.0311,0.7762
908-157963-0009,1320,0,0.0633,0.6839
908-157963-0009,2300,0,0.0525,0.6081
908-157963-0009,260,0,0.0071,0.82
908-157963-0009,2830,0,-0.0546,0.7007
908-157963-0009,4077,0,0.0918,0.7809
908-157963-0009,5105,0,0.1078,0.7581
908-157963-0009,5639,0,-0.0556,0.7919
908-157963-0009,61,0,0.1021,0.8847
908-157963-0009,672,0,0.0794,0.784
908-157963-0009,6930,0,0.1029,0.6238
908-157963-0009,7021,0,0.0427,0.7506
908-157963-0009,7127,0,-0.007,0.6505
908-157963-0009,7176,0,0.1727,0.8496
908-157963-0009,7729,0,0.0576,0.8926
908-157963-0009,8224,0,0.0743,0.6719
908-157963-0009,8230,0,-0.0887,0.7593
908-157963-0009,8455,0,0.0114,0.6223
908-157963-0009,908,1,0.3568,0.868
908-157963-0010,1089,0,-0.0996,0.7073
908-157963-0010,1188,0,0.0659,0.7595
908-157963-0010,1320,0,0.0064,0.6468
908-157963-0010,2300,0,-0.0821,0.5506
908-157963-0010,260,0,0.015,0.8333
908-157963-0010,2830,0,-0.0048,0.7156
908-157963-0010,4077,0,-0.0313,0.7098
908-157963-0010,5105,0,0.0294,0.7265
908-157963-0010,5639,0,-0.0781,0.776
908-157963-0010,61,0,0.0559,0.8987
908-157963-0010,672,0,-0.0135,0.7793
908-157963-0010,6930,0,0.1034,0.6657
908-157963-0010,7021,0,0.001,0.7161
908-157963-0010,7127,0,-0.0286,0.573
908-157963-0010,7176,0,0.1928,0.8581
908-157963-0010,7729,0,0.0749,0.8247
908-157963-0010,8224,0,0.0588,0.6855
908-157963-0010,8230,0,-0.1588,0.7713
908-157963-0010,8455,0,-0.0714,0.5964
908-157963-0010,908,1,0.4769,0.867
908-157963-0011,1089,0,-0.1146,0.748
908-157963-0011,1188,0,0.0718,0.7901
908-157963-0011,1320,0,0.0778,0.7052
908-157963-0011,2300,0,0.0478,0.6253
908-157963-0011,260,0,-0.046,0.8331
908-157963-0011,2830,0,-0.0414,0.7511
908-157963-0011,4077,0,0.0387,0.7328
908-157963-0011,5105,0,0.0586,0.7809
908-157963-0011,5639,0,-0.0891,0.7739
908-157963-0011,61,0,0.2667,0.9119
908-157963-0011,672,0,-0.0073,0.7878
908-157963-0011,6930,0,0.1176,0.6798
908-157963-0011,7021,0,0.0412,0.7699
908-157963-0011,7127,0,-0.0155,0.6484
908-157963-0011,7176,0,0.2397,0.859
908-157963-0011,7729,0,0.1287,0.8711
908-157963-0011,8224,0,0.1003,0.695
908-157963-0011,8230,0,-0.1299,0.7971
908-157963-0011,8455,0,-0.0648,0.6279
908-157963-0011,908,1,0.3958,0.8732
908-157963-0015,1089,0,-0.0891,0.6878
908-157963-0015,1188,0,0.0673,0.7321
908-157963-0015,1320,0,-0.0484,0.6294
908-157963-0015,2300,0,-0.0528,0.5479
908-157963-0015,260,0,-0.0267,0.8138
908-157963-0015,2830,0,-0.0428,0.7034
908-157963-0015,4077,0,0.096,0.6808
908-157963-0015,5105,0,0.0713,0.7011
908-157963-0015,5639,0,-0.0603,0.7435
908-157963-0015,61,0,0.1276,0.8901
908-157963-0015,672,0,-0.0333,0.7481
908-157963-0015,6930,0,0.0768,0.6681
908-157963-0015,7021,0,0.0448,0.6977
908-157963-0015,7127,0,-0.0244,0.5524
908-157963-0015,7176,0,0.1886,0.8472
908-157963-0015,7729,0,0.0422,0.8066
908-157963-0015,8224,0,0.0451,0.6577
908-157963-0015,8230,0,-0.0646,0.7613
908-157963-0015,8455,0,-0.0739,0.5839
908-157963-0015,908,1,0.4313,0.8512
908-157963-0016,1089,0,-0.1042,0.7783
908-157963-0016,1188,0,0.0463,0.7831
908-157963-0016,1320,0,0.01,0.7135
908-157963-0016,2300,0,-0.0034,0.6123
908-157963-0016,260,0,-0.0617,0.8609
908-157963-0016,2830,0,-0.0364,0.7276
908-157963-0016,4077,0,0.0405,0.7535
908-157963-0016,5105,0,0.0676,0.779
908-157963-0016,5639,0,-0.0888,0.8033
908-157963-0016,61,0,0.1046,0.9212
908-157963-0016,672,0,-0.0539,0.8284
908-157963-0016,6930,0,0.0837,0.7279
908-157963-0016,7021,0,0.0263,0.7766
908-157963-0016,7127,0,0.0372,0.6259
908-157963-0016,7176,0,0.1625,0.8694
908-157963-0016,7729,0,0.1065,0.8687
908-157963-0016,8224,0,0.0559,0.7129
908-157963-0016,8230,0,-0.1348,0.8057
908-157963-0016,8455,0,-0.0172,0.6676
908-157963-0016,908,1,0.4638,0.9251
908-157963-0023,1089,0,-0.0777,0.6799
908-157963-0023,1188,0,0.0599,0.7264
908-157963-0023,1320,0,0.0043,0.6036
908-157963-0023,2300,0,-0.0436,0.5145
908-157963-0023,260,0,-0.0545,0.7902
908-157963-0023,2830,0,-0.0171,0.6891
908-157963-0023,4077,0,0.0517,0.694
908-157963-0023,5105,0,0.0733,0.6759
908-157963-0023,5639,0,-0.0938,0.7654
908-157963-0023,61,0,0.1702,0.8657
908-157963-0023,672,0,-0.0299,0.7332
908-157963-0023,6930,0,0.0271,0.6131
908-157963-0023,7021,0,0.0327,0.6628
908-157963-0023,7127,0,0.0263,0.5575
908-157963-0023,7176,0,0.1849,0.8222
908-157963-0023,7729,0,0.1126,0.827
908-157963-0023,8224,0,0.1006,0.6442
908-157963-0023,8230,0,-0.0745,0.7428
908-157963-0023,8455,0,-0.0914,0.5471
908-157963-0023,908,1,0.3996,0.8313
908-157963-0025,1089,0,-0.1658,0.726
908-157963-0025,1188,0,0.02,0.7531
908-157963-0025,1320,0,0.0123,0.6556
908-157963-0025,2300,0,-0.0583,0.5892
908-157963-0025,260,0,0.0835,0.8177
908-157963-0025,2830,0,-0.0627,0.7009
908-157963-0025,4077,0,0.0272,0.7147
908-157963-0025,5105,0,0.0662,0.7134
908-157963-0025,5639,0,-0.0443,0.7644
908-157963-0025,61,0,0.1295,0.8776
908-157963-0025,672,0,-0.0211,0.7785
908-157963-0025,6930,0,0.1391,0.6593
908-157963-0025,7021,0,0.0282,0.7212
908-157963-0025,7127,0,-0.0375,0.5853
908-157963-0025,7176,0,0.2486,0.8314
908-157963-0025,7729,0,0.0918,0.8409
908-157963-0025,8224,0,0.0245,0.6526
908-157963-0025,8230,0,-0.1619,0.7649
908-157963-0025,8455,0,-0.127,0.6137
908-157963-0025,908,1,0.4422,0.8701
908-31957-0005,1089,0,-0.0771,0.7532
908-31957-0005,1188,0,0.0297,0.8001
908-31957-0005,1320,0,0.0273,0.6997
908-31957-0005,2300,0,0.0328,0.6157
908-31957-0005,260,0,0.0094,0.8373
908-31957-0005,2830,0,0.0024,0.7512
908-31957-0005,4077,0,0.0041,0.7311
908-31957-0005,5105,0,0.0218,0.7592
908-31957-0005,5639,0,-0.0523,0.7474
908-31957-0005,61,0,0.1892,0.8873
908-31957-0005,672,0,-0.0299,0.7798
908-31957-0005,6930,0,0.0034,0.6444
908-31957-0005,7021,0,0.0003,0.7641
908-31957-0005,7127,0,0.0309,0.6529
908-31957-0005,7176,0,0.1298,0.8455
908-31957-0005,7729,0,0.0474,0.8703
908-31957-0005,8224,0,0.0883,0.6027
908-31957-0005,8230,0,-0.0342,0.7862
908-31957-0005,8455,0,0.0364,0.6208
908-31957-0005,908,1,0.3767,0.8741
908-31957-0022,1089,0,-0.1163,0.7414
908-31957-0022,1188,0,-0.0067,0.7592
908-31957-0022,1320,0,0.0144,0.6892
908-31957-0022,2300,0,-0.0281,0.6176
908-31957-0022,260,0,0.0308,0.8189
908-31957-0022,2830,0,-0.036,0.7004
908-31957-0022,4077,0,-0.005,0.7407
908-31957-0022,5105,0,0.0564,0.7634
908-31957-0022,5639,0,-0.027,0.8034
908-31957-0022,61,0,0.0985,0.8716
908-31957-0022,672,0,0.0284,0.7953
908-31957-0022,6930,0,0.0829,0.6536
908-31957-0022,7021,0,0.0791,0.7655
908-31957-0022,7127,0,0.0028,0.6306
908-31957-0022,7176,0,0.1716,0.82
908-31957-0022,7729,0,0.0496,0.8625
908-31957-0022,8224,0,0.0923,0.6994
908-31957-0022,8230,0,-0.0993,0.7546
908-31957-0022,8455,0,-0.0885,0.6161
908-31957-0022,908,1,0.5233,0.8876
908-31957-0024,1089,0,-0.1393,0.6903
908-31957-0024,1188,0,0.0395,0.7422
908-31957-0024,1320,0,0.0096,0.6327
908-31957-0024,2300,0,0.0211,0.5255
908-31957-0024,260,0,0.0626,0.814
908-31957-0024,2830,0,-0.0541,0.6852
908-31957-0024,4077,0,0.0266,0.6674
908-31957-0024,5105,0,0.0465,0.6961
908-31957-0024,5639,0,-0.0485,0.7757
908-31957-0024,61,0,0.1103,0.8463
908-31957-0024,672,0,0.013,0.7784
908-31957-0024,6930,0,-0.0071,0.6585
908-31957-0024,7021,0,-0.0098,0.6864
908-31957-0024,7127,0,0.0467,0.5387
908-31957-0024,7176,0,0.1239,0.8061
908-31957-0024,7729,0,0.0518,0.7696
908-31957-0024,8224,0,0.121,0.7128
908-31957-0024,8230,0,-0.0895,0.7403
908-31957-0024,8455,0,-0.0013,0.5965
908-31957-0024,908,1,0.3663,0.8509
