trial,model_spk,target,ecapa,wavlm
1089-134686-0006,1089,1,0.1557,0.6897
1089-134686-0006,1188,0,-0.0572,0.6966
1089-134686-0006,1320,0,-0.0123,0.62
1089-134686-0006,2300,0,0.0465,0.5597
1089-134686-0006,260,0,0.1927,0.7463
1089-134686-0006,2830,0,-0.0461,0.6507
1089-134686-0006,4077,0,0.1723,0.6928
1089-134686-0006,5105,0,0.1243,0.697
1089-134686-0006,5639,0,0.1312,0.7661
1089-134686-0006,61,0,0.1868,0.8151
1089-134686-0006,672,0,0.0364,0.7421
1089-134686-0006,6930,0,0.1449,0.5808
1089-134686-0006,7021,0,0.0471,0.6994
1089-134686-0006,7127,0,0.0224,0.5814
1089-134686-0006,7176,0,0.2218,0.7601
1089-134686-0006,7729,0,0.0526,0.8172
1089-134686-0006,8224,0,0.1268,0.653
1089-134686-0006,8230,0,0.047,0.7014
1089-134686-0006,8455,0,0.0254,0.5368
1089-134686-0006,908,0,0.1514,0.8288
1089-134686-0007,1089,1,0.1306,0.7531
1089-134686-0007,1188,0,0.0107,0.7273
1089-134686-0007,1320,0,-0.0046,0.7009
1089-134686-0007,2300,0,0.0448,0.7007
1089-134686-0007,260,0,0.1775,0.7652
1089-134686-0007,2830,0,0.0093,0.6296
1089-134686-0007,4077,0,0.1484,0.7614
1089-134686-0007,5105,0,0.0801,0.7571
1089-134686-0007,5639,0,0.1595,0.7737
1089-134686-0007,61,0,0.1726,0.8019
1089-134686-0007,672,0,0.1187,0.7871
1089-134686-0007,6930,0,0.1683,0.6135
1089-134686-0007,7021,0,0.0412,0.7871
1089-134686-0007,7127,0,0.0635,0.6497
1089-134686-0007,7176,0,0.2411,0.7339
1089-134686-0007,7729,0,0.0816,0.8759
1089-134686-0007,8224,0,0.1177,0.689
1089-134686-0007,8230,0,0.0341,0.688
1089-134686-0007,8455,0,-0.0545,0.6325
1089-134686-0007,908,0,0.2209,0.8738
1089-134686-0010,1089,1,0.1501,0.6531
1089-134686-0010,1188,0,0.0777,0.6611
1089-134686-0010,1320,0,0.0493,0.6432
1089-134686-0010,2300,0,0.1463,0.6865
1089-134686-0010,260,0,0.1282,0.6857
1089-134686-0010,2830,0,-0.0359,0.5929
1089-134686-0010,4077,0,0.1118,0.6341
1089-134686-0010,5105,0,0.0055,0.7066
1089-134686-0010,5639,0,0.049,0.6237
1089-134686-0010,61,0,0.122,0.7493
1089-134686-0010,672,0,0.0774,0.6804
1089-134686-0010,6930,0,0.0884,0.5306
1089-134686-0010,7021,0,0.0922,0.7644
1089-134686-0010,7127,0,0.0713,0.5787
1089-134686-0010,7176,0,0.1207,0.6696
1089-134686-0010,7729,0,0.0666,0.7779
1089-134686-0010,8224,0,0.0449,0.5707
1089-134686-0010,8230,0,-0.013,0.6174
1089-134686-0010,8455,0,-0.0031,0.5426
1089-134686-0010,908,0,0.1903,0.7926
1089-134686-0012,1089,1,0.1296,0.7593
1089-134686-0012,1188,0,-0.0037,0.7636
1089-134686-0012,1320,0,0.051,0.7238
1089-134686-0012,2300,0,0.0249,0.6918
1089-134686-0012,260,0,0.2354,0.8219
1089-134686-0012,2830,0,0.0219,0.7051
1089-134686-0012,4077,0,0.167,0.762
1089-134686-0012,5105,0,0.169,0.7808
1089-134686-0012,5639,0,0.14,0.7659
1089-134686-0012,61,0,0.1901,0.866
1089-134686-0012,672,0,0.1415,0.804
1089-134686-0012,6930,0,0.2277,0.6726
1089-134686-0012,7021,0,0.0632,0.7945
1089-134686-0012,7127,0,0.0325,0.6672
1089-134686-0012,7176,0,0.1629,0.801
1089-134686-0012,7729,0,0.0333,0.8725
1089-134686-0012,8224,0,0.088,0.6753
1089-134686-0012,8230,0,0.036,0.7437
1089-134686-0012,8455,0,0.0181,0.6576
1089-134686-0012,908,0,0.1766,0.8824
1089-134686-0021,1089,1,0.0936,0.7466
1089-134686-0021,1188,0,-0.0176,0.7647
1089-134686-0021,1320,0,0.0504,0.712
1089-134686-0021,2300,0,0.0782,0.6618
1089-134686-0021,260,0,0.1919,0.8068
1089-134686-0021,2830,0,0.0037,0.7209
1089-134686-0021,4077,0,0.0969,0.7349
1089-134686-0021,5105,0,0.1115,0.7883
1089-134686-0021,5639,0,0.0718,0.7648
1089-134686-0021,61,0,0.1785,0.8573
1089-134686-0021,672,0,0.0452,0.7837
1089-134686-0021,6930,0,0.1288,0.6458
1089-134686-0021,7021,0,0.096,0.7972
1089-134686-0021,7127,0,0.0374,0.6672
1089-134686-0021,7176,0,0.2015,0.7941
1089-134686-0021,7729,0,0.1424,0.8622
1089-134686-0021,8224,0,0.0768,0.6633
1089-134686-0021,8230,0,0.0072,0.7439
1089-134686-0021,8455,0,-0.0229,0.613
1089-134686-0021,908,0,0.1733,0.8697
1089-134686-0026,1089,1,0.1946,0.7558
1089-134686-0026,1188,0,0.0253,0.7546
1089-134686-0026,1320,0,-0.0183,0.7147
1089-134686-0026,2300,0,0.0386,0.7358
1089-134686-0026,260,0,0.1566,0.756
1089-134686-0026,2830,0,-0.0438,0.6591
1089-134686-0026,4077,0,0.1417,0.7205
1089-134686-0026,5105,0,0.0877,0.7736
1089-134686-0026,5639,0,0.0887,0.712
1089-134686-0026,61,0,0.128,0.8052
1089-134686-0026,672,0,0.0601,0.7674
1089-134686-0026,6930,0,0.1096,0.5837
1089-134686-0026,7021,0,0.0597,0.8192
1089-134686-0026,7127,0,0.1157,0.6652
1089-134686-0026,7176,0,0.1421,0.7306
1089-134686-0026,7729,0,0.0197,0.8586
1089-134686-0026,8224,0,0.1507,0.6408
1089-134686-0026,8230,0,0.0522,0.7049
1089-134686-0026,8455,0,0.0864,0.6253
1089-134686-0026,908,0,0.1652,0.8449
1089-134686-0031,1089,1,0.1736,0.718
1089-134686-0031,1188,0,0.0219,0.7186
1089-134686-0031,1320,0,-0.0068,0.64
1089-134686-0031,2300,0,0.074,0.5659
1089-134686-0031,260,0,0.1484,0.7641
1089-134686-0031,2830,0,-0.0327,0.6734
1089-134686-0031,4077,0,0.196,0.6672
1089-134686-0031,5105,0,0.1557,0.7229
1089-134686-0031,5639,0,0.1373,0.7573
1089-134686-0031,61,0,0.1864,0.8383
1089-134686-0031,672,0,0.0758,0.771
1089-134686-0031,6930,0,0.0542,0.6199
1089-134686-0031,7021,0,0.0566,0.73
1089-134686-0031,7127,0,0.1278,0.5689
1089-134686-0031,7176,0,0.2431,0.7777
1089-134686-0031,7729,0,0.1169,0.7983
1089-134686-0031,8224,0,0.091,0.6891
1089-134686-0031,8230,0,0.068,0.7408
1089-134686-0031,8455,0,-0.0129,0.5572
1089-134686-0031,908,0,0.126,0.8534
1089-134691-0002,1089,1,0.1113,0.7181
1089-134691-0002,1188,0,-0.0415,0.7251
1089-134691-0002,1320,0,-0.0092,0.6836
1089-134691-0002,2300,0,0.0229,0.6676
1089-134691-0002,260,0,0.1581,0.7869
1089-134691-0002,2830,0,-0.039,0.6541
1089-134691-0002,4077,0,0.1897,0.7651
1089-134691-0002,5105,0,0.1134,0.7481
1089-134691-0002,5639,0,0.0835,0.7582
1089-134691-0002,61,0,0.097,0.8312
1089-134691-0002,672,0,0.0348,0.7635
1089-134691-0002,6930,0,0.196,0.6138
1089-134691-0002,7021,0,0.0248,0.7667
1089-134691-0002,7127,0,0.0377,0.643
1089-134691-0002,7176,0,0.1428,0.7741
1089-134691-0002,7729,0,-0.0025,0.8656
1089-134691-0002,8224,0,0.0781,0.6519
1089-134691-0002,8230,0,-0.0232,0.6872
1089-134691-0002,8455,0,0.0804,0.6113
1089-134691-0002,908,0,0.2,0.8647
1089-134691-0008,1089,1,0.1109,0.7286
1089-134691-0008,1188,0,-0.0292,0.742
1089-134691-0008,1320,0,-0.0008,0.681
1089-134691-0008,2300,0,0.041,0.6492
1089-134691-0008,260,0,0.24,0.7881
1089-134691-0008,2830,0,-0.0338,0.6952
1089-134691-0008,4077,0,0.149,0.7172
1089-134691-0008,5105,0,0.0883,0.7538
1089-134691-0008,5639,0,0.0764,0.7498
1089-134691-0008,61,0,0.157,0.856
1089-134691-0008,672,0,0.0886,0.7644
1089-134691-0008,6930,0,0.1982,0.6346
1089-134691-0008,7021,0,0.0409,0.7678
1089-134691-0008,7127,0,0.0299,0.6296
1089-134691-0008,7176,0,0.1462,0.7913
1089-134691-0008,7729,0,0.0163,0.8539
1089-134691-0008,8224,0,0.0924,0.6565
1089-134691-0008,8230,0,0.0088,0.7375
1089-134691-0008,8455,0,0.0387,0.5969
1089-134691-0008,908,0,0.1516,0.8589
1089-134691-0022,1089,1,0.1628,0.7526
1089-134691-0022,1188,0,0.0136,0.7725
1089-134691-0022,1320,0,0.0528,0.7018
1089-134691-0022,2300,0,0.0241,0.646
1089-134691-0022,260,0,0.206,0.8161
1089-134691-0022,2830,0,-0.0357,0.7267
1089-134691-0022,4077,0,0.203,0.7589
1089-134691-0022,5105,0,0.0958,0.7731
1089-134691-0022,5639,0,0.0993,0.7584
1089-134691-0022,61,0,0.1513,0.8706
1089-134691-0022,672,0,0.0941,0.78
1089-134691-0022,6930,0,0.1927,0.6317
1089-134691-0022,7021,0,0.0856,0.7788
1089-134691-0022,7127,0,0.0366,0.67
1089-134691-0022,7176,0,0.203,0.8212
1089-134691-0022,7729,0,0.1492,0.8735
1089-134691-0022,8224,0,0.0602,0.6202
1089-134691-0022,8230,0,0.0421,0.7584
1089-134691-0022,8455,0,0.0364,0.6087
1089-134691-0022,908,0,0.1413,0.8648
1188-133604-0003,1089,0,-0.0454,0.6353
1188-133604-0003,1188,1,0.1197,0.7448
1188-133604-0003,1320,0,0.0596,0.64
1188-133604-0003,2300,0,0.0748,0.6204
1188-133604-0003,260,0,0.1153,0.7607
1188-133604-0003,2830,0,0.01,0.7092
1188-133604-0003,4077,0,-0.013,0.6264
1188-133604-0003,5105,0,-0.0257,0.6885
1188-133604-0003,5639,0,0.05,0.6687
1188-133604-0003,61,0,0.0084,0.7909
1188-133604-0003,672,0,0.1326,0.6856
1188-133604-0003,6930,0,0.0997,0.6101
1188-133604-0003,7021,0,0.0086,0.6944
1188-133604-0003,7127,0,0.0562,0.577
1188-133604-0003,7176,0,0.0199,0.7296
1188-133604-0003,7729,0,0.0212,0.7849
1188-133604-0003,8224,0,0.0424,0.614
1188-133604-0003,8230,0,-0.0709,0.6866
1188-133604-0003,8455,0,0.0341,0.5869
1188-133604-0003,908,0,0.1414,0.7581
1188-133604-0004,1089,0,0.03,0.6416
1188-133604-0004,1188,1,0.1252,0.7469
1188-133604-0004,1320,0,0.0772,0.6164
1188-133604-0004,2300,0,0.0638,0.5414
1188-133604-0004,260,0,0.151,0.7793
1188-133604-0004,2830,0,0.0495,0.7272
1188-133604-0004,4077,0,0.0563,0.6129
1188-133604-0004,5105,0,0.105,0.6741
1188-133604-0004,5639,0,0.1259,0.6866
1188-133604-0004,61,0,0.0569,0.8245
1188-133604-0004,672,0,0.2014,0.7122
1188-133604-0004,6930,0,0.1158,0.6328
1188-133604-0004,7021,0,0.113,0.661
1188-133604-0004,7127,0,0.0744,0.5414
1188-133604-0004,7176,0,0.1052,0.7774
1188-133604-0004,7729,0,0.0892,0.7478
1188-133604-0004,8224,0,0.0536,0.6379
1188-133604-0004,8230,0,-0.0277,0.7289
1188-133604-0004,8455,0,0.0511,0.5722
1188-133604-0004,908,0,0.157,0.7657
1188-133604-0007,1089,0,0.0187,0.6357
1188-133604-0007,1188,1,0.1227,0.7425
1188-133604-0007,1320,0,0.0826,0.5997
1188-133604-0007,2300,0,0.0388,0.4697
1188-133604-0007,260,0,0.1097,0.7768
1188-133604-0007,2830,0,0.0564,0.7625
1188-133604-0007,4077,0,0.1008,0.5953
1188-133604-0007,5105,0,0.0755,0.6745
1188-133604-0007,5639,0,0.0837,0.7103
1188-133604-0007,61,0,0.1256,0.8262
1188-133604-0007,672,0,0.1712,0.7041
1188-133604-0007,6930,0,0.0879,0.6347
1188-133604-0007,7021,0,0.0822,0.6386
1188-133604-0007,7127,0,0.0198,0.5428
1188-133604-0007,7176,0,0.1126,0.7896
1188-133604-0007,7729,0,0.1242,0.7345
1188-133604-0007,8224,0,0.0784,0.6163
1188-133604-0007,8230,0,0.0225,0.7486
1188-133604-0007,8455,0,0.0655,0.5263
1188-133604-0007,908,0,0.1117,0.7584
1188-133604-0012,1089,0,-0.0885,0.6535
1188-133604-0012,1188,1,0.0835,0.7651
1188-133604-0012,1320,0,0.0174,0.6594
1188-133604-0012,2300,0,0.073,0.618
1188-133604-0012,260,0,-0.0183,0.7909
1188-133604-0012,2830,0,-0.0191,0.7357
1188-133604-0012,4077,0,0.0119,0.6659
1188-133604-0012,5105,0,0.0131,0.7204
1188-133604-0012,5639,0,0.0305,0.6972
1188-133604-0012,61,0,0.0039,0.8288
1188-133604-0012,672,0,0.0692,0.7132
1188-133604-0012,6930,0,0.0194,0.634
1188-133604-0012,7021,0,0.0317,0.7111
1188-133604-0012,7127,0,-0.0183,0.6046
1188-133604-0012,7176,0,0.0566,0.7853
1188-133604-0012,7729,0,0.102,0.7963
1188-133604-0012,8224,0,-0.0007,0.6444
1188-133604-0012,8230,0,-0.0641,0.7146
1188-133604-0012,8455,0,0.0297,0.6016
1188-133604-0012,908,0,0.0794,0.7769
1188-133604-0014,1089,0,-0.0325,0.6768
1188-133604-0014,1188,1,0.0601,0.8002
1188-133604-0014,1320,0,-0.0065,0.6666
1188-133604-0014,2300,0,0.0295,0.5938
1188-133604-0014,260,0,-0.0344,0.8394
1188-133604-0014,2830,0,0.0005,0.7675
1188-133604-0014,4077,0,0.0258,0.6872
1188-133604-0014,5105,0,-0.0655,0.7162
1188-133604-0014,5639,0,0.0804,0.7235
1188-133604-0014,61,0,-0.0071,0.838
1188-133604-0014,672,0,0.072,0.7331
1188-133604-0014,6930,0,0.0116,0.6672
1188-133604-0014,7021,0,0.0039,0.7078
1188-133604-0014,7127,0,0.038,0.6117
1188-133604-0014,7176,0,0.0632,0.8027
1188-133604-0014,7729,0,0.0472,0.811
1188-133604-0014,8224,0,-0.0089,0.6212
1188-133604-0014,8230,0,-0.0667,0.7385
1188-133604-0014,8455,0,0.0464,0.6284
1188-133604-0014,908,0,0.0597,0.7962
1188-133604-0018,1089,0,0.0333,0.6637
1188-133604-0018,1188,1,0.1197,0.7829
1188-133604-0018,1320,0,0.0874,0.6261
1188-133604-0018,2300,0,0.0775,0.5125
1188-133604-0018,260,0,0.0885,0.8033
1188-133604-0018,2830,0,0.0789,0.7763
1188-133604-0018,4077,0,0.0929,0.6544
1188-133604-0018,5105,0,0.0579,0.7016
1188-133604-0018,5639,0,0.1179,0.735
1188-133604-0018,61,0,0.0322,0.8515
1188-133604-0018,672,0,0.1031,0.7177
1188-133604-0018,6930,0,0.1086,0.6262
1188-133604-0018,7021,0,0.0706,0.6691
1188-133604-0018,7127,0,0.0478,0.588
1188-133604-0018,7176,0,0.1009,0.8237
1188-133604-0018,7729,0,0.0999,0.7958
1188-133604-0018,8224,0,0.0223,0.6174
1188-133604-0018,8230,0,-0.0208,0.7686
1188-133604-0018,8455,0,0.0525,0.5575
1188-133604-0018,908,0,0.1197,0.7763
1188-133604-0025,1089,0,-0.0186,0.6719
1188-133604-0025,1188,1,0.07,0.7833
1188-133604-0025,1320,0,0.0764,0.6712
1188-133604-0025,2300,0,0.0935,0.6593
1188-133604-0025,260,0,0.0381,0.782
1188-133604-0025,2830,0,-0.0345,0.7355
1188-133604-0025,4077,0,0.0594,0.6432
1188-133604-0025,5105,0,0.0324,0.7183
1188-133604-0025,5639,0,0.0989,0.6689
1188-133604-0025,61,0,0.0451,0.8099
1188-133604-0025,672,0,0.1292,0.7028
1188-133604-0025,6930,0,0.0816,0.6363
1188-133604-0025,7021,0,0.0501,0.7353
1188-133604-0025,7127,0,-0.0083,0.608
1188-133604-0025,7176,0,0.0813,0.752
1188-133604-0025,7729,0,0.1072,0.8122
1188-133604-0025,8224,0,0.0247,0.6219
1188-133604-0025,8230,0,-0.0793,0.7122
1188-133604-0025,8455,0,0.0411,0.6188
1188-133604-0025,908,0,0.1015,0.7809
1188-133604-0032,1089,0,-0.039,0.6968
1188-133604-0032,1188,1,0.1267,0.8088
1188-133604-0032,1320,0,0.0679,0.6773
1188-133604-0032,2300,0,0.0977,0.6206
1188-133604-0032,260,0,0.0965,0.808
1188-133604-0032,2830,0,-0.0232,0.7743
1188-133604-0032,4077,0,0.0285,0.684
1188-133604-0032,5105,0,0.0026,0.7374
1188-133604-0032,5639,0,0.0652,0.7261
1188-133604-0032,61,0,0.0637,0.8486
1188-133604-0032,672,0,0.1309,0.7312
1188-133604-0032,6930,0,0.0777,0.6329
1188-133604-0032,7021,0,0.0542,0.7305
1188-133604-0032,7127,0,0.0361,0.6371
1188-133604-0032,7176,0,0.0348,0.8038
1188-133604-0032,7729,0,0.1214,0.8388
1188-133604-0032,8224,0,0.068,0.6367
1188-133604-0032,8230,0,-0.0655,0.7606
1188-133604-0032,8455,0,0.0421,0.6075
1188-133604-0032,908,0,0.1103,0.7963
1188-133604-0033,1089,0,-0.0538,0.6779
1188-133604-0033,1188,1,0.1132,0.7944
1188-133604-0033,1320,0,0.0907,0.6847
1188-133604-0033,2300,0,0.0888,0.619
1188-133604-0033,260,0,0.0864,0.7936
1188-133604-0033,2830,0,0.0849,0.7837
1188-133604-0033,4077,0,0.0193,0.6506
1188-133604-0033,5105,0,0.0123,0.7443
1188-133604-0033,5639,0,0.0447,0.7053
1188-133604-0033,61,0,0.0567,0.821
1188-133604-0033,672,0,0.1104,0.7208
1188-133604-0033,6930,0,0.04,0.6484
1188-133604-0033,7021,0,0.0202,0.7298
1188-133604-0033,7127,0,0.0421,0.6374
1188-133604-0033,7176,0,0.0493,0.7653
1188-133604-0033,7729,0,0.1139,0.8075
1188-133604-0033,8224,0,0.1008,0.6396
1188-133604-0033,8230,0,-0.0666,0.7361
1188-133604-0033,8455,0,-0.0141,0.599
1188-133604-0033,908,0,0.0856,0.7827
1188-133604-0043,1089,0,-0.0973,0.6985
1188-133604-0043,1188,1,0.0731,0.8047
1188-133604-0043,1320,0,0.0435,0.7031
1188-133604-0043,2300,0,0.0633,0.6566
1188-133604-0043,260,0,0.0619,0.8216
1188-133604-0043,2830,0,0.0162,0.767
1188-133604-0043,4077,0,-0.0067,0.6994
1188-133604-0043,5105,0,-0.0073,0.7569
1188-133604-0043,5639,0,-0.0211,0.733
1188-133604-0043,61,0,-0.014,0.8378
1188-133604-0043,672,0,0.0181,0.7488
1188-133604-0043,6930,0,0.0211,0.67
1188-133604-0043,7021,0,0.0561,0.7523
1188-133604-0043,7127,0,0.0121,0.6444
1188-133604-0043,7176,0,0.014,0.7881
1188-133604-0043,7729,0,0.0821,0.835
1188-133604-0043,8224,0,0.0381,0.6673
1188-133604-0043,8230,0,-0.1047,0.7389
1188-133604-0043,8455,0,0.0298,0.6451
1188-133604-0043,908,0,0.026,0.8068
121-121726-0002,121,1,0.133,0.8542
121-121726-0002,1221,0,-0.0728,0.7815
121-121726-0002,1284,0,0.0296,0.6757
121-121726-0002,1580,0,0.0697,0.7445
121-121726-0002,1995,0,0.0286,0.7562
121-121726-0002,2094,0,-0.0572,0.7693
121-121726-0002,237,0,0.0167,0.7865
121-121726-0002,2961,0,0.0452,0.819
121-121726-0002,3570,0,0.0356,0.889
121-121726-0002,3575,0,0.1525,0.8475
121-121726-0002,3729,0,-0.0824,0.8237
121-121726-0002,4446,0,0.0846,0.7209
121-121726-0002,4507,0,-0.2512,0.83
121-121726-0002,4970,0,0.059,0.7829
121-121726-0002,4992,0,-0.0256,0.7758
121-121726-0002,5142,0,-0.0983,0.6865
121-121726-0002,5683,0,-0.0461,0.7706
121-121726-0002,6829,0,0.0791,0.7718
121-121726-0002,8463,0,0.1331,0.7847
121-121726-0002,8555,0,0.024,0.7567
121-121726-0004,121,1,0.1898,0.8393
121-121726-0004,1221,0,0.0451,0.8026
121-121726-0004,1284,0,-0.0125,0.7266
121-121726-0004,1580,0,0.0046,0.718
121-121726-0004,1995,0,0.0499,0.8019
121-121726-0004,2094,0,0.0192,0.8224
121-121726-0004,237,0,0.0676,0.8298
121-121726-0004,2961,0,0.0818,0.7574
121-121726-0004,3570,0,0.086,0.8096
121-121726-0004,3575,0,0.0466,0.6921
121-121726-0004,3729,0,-0.0357,0.8562
121-121726-0004,4446,0,0.009,0.7945
121-121726-0004,4507,0,-0.0954,0.8098
121-121726-0004,4970,0,0.0874,0.6827
121-121726-0004,4992,0,-0.0262,0.8392
121-121726-0004,5142,0,-0.0211,0.7348
121-121726-0004,5683,0,-0.0679,0.6997
121-121726-0004,6829,0,0.191,0.7844
121-121726-0004,8463,0,0.0005,0.8252
121-121726-0004,8555,0,0.0043,0.7096
121-121726-0007,121,1,0.2097,0.8613
121-121726-0007,1221,0,-0.0326,0.7832
121-121726-0007,1284,0,-0.0734,0.6921
121-121726-0007,1580,0,-0.0181,0.7263
121-121726-0007,1995,0,-0.0296,0.7704
121-121726-0007,2094,0,0.017,0.7818
121-121726-0007,237,0,0.0419,0.8112
121-121726-0007,2961,0,-0.0325,0.8367
121-121726-0007,3570,0,0.0937,0.9154
121-121726-0007,3575,0,0.0451,0.7927
121-121726-0007,3729,0,-0.0291,0.8416
121-121726-0007,4446,0,0.0022,0.7405
121-121726-0007,4507,0,-0.2113,0.8324
121-121726-0007,4970,0,0.106,0.7408
121-121726-0007,4992,0,-0.0966,0.7859
121-121726-0007,5142,0,-0.0105,0.686
121-121726-0007,5683,0,-0.0957,0.7283
121-121726-0007,6829,0,0.1653,0.775
121-121726-0007,8463,0,-0.0059,0.7893
121-121726-0007,8555,0,0.0562,0.7283
121-121726-0010,121,1,0.1771,0.8111
121-121726-0010,1221,0,0.0151,0.8523
121-121726-0010,1284,0,0.0104,0.7412
121-121726-0010,1580,0,0.0521,0.7711
121-121726-0010,1995,0,-0.0208,0.7554
121-121726-0010,2094,0,0.0343,0.8533
121-121726-0010,237,0,-0.0031,0.8279
121-121726-0010,2961,0,-0.101,0.7119
121-121726-0010,3570,0,0.0741,0.7979
121-121726-0010,3575,0,0.0906,0.8014
121-121726-0010,3729,0,-0.0115,0.8641
121-121726-0010,4446,0,0.0539,0.8141
121-121726-0010,4507,0,-0.2148,0.8533
121-121726-0010,4970,0,0.088,0.8027
121-121726-0010,4992,0,-0.0413,0.8472
121-121726-0010,5142,0,-0.0828,0.7646
121-121726-0010,5683,0,-0.052,0.7797
121-121726-0010,6829,0,0.1893,0.8666
121-121726-0010,8463,0,0.0297,0.8319
121-121726-0010,8555,0,0.0584,0.7537
121-121726-0012,121,1,0.1215,0.8491
121-121726-0012,1221,0,0.0423,0.9236
121-121726-0012,1284,0,0.0784,0.8275
121-121726-0012,1580,0,0.013,0.8839
121-121726-0012,1995,0,-0.0655,0.7932
121-121726-0012,2094,0,0.0303,0.8793
121-121726-0012,237,0,-0.0059,0.8906
121-121726-0012,2961,0,-0.1177,0.7038
121-121726-0012,3570,0,0.0765,0.8139
121-121726-0012,3575,0,0.0242,0.8168
121-121726-0012,3729,0,-0.0868,0.9166
121-121726-0012,4446,0,0.1795,0.9009
121-121726-0012,4507,0,-0.2632,0.8973
121-121726-0012,4970,0,0.0361,0.8266
121-121726-0012,4992,0,-0.0463,0.909
121-121726-0012,5142,0,-0.1376,0.8268
121-121726-0012,5683,0,-0.1183,0.8772
121-121726-0012,6829,0,0.0579,0.8769
121-121726-0012,8463,0,0.0417,0.8771
121-121726-0012,8555,0,0.0124,0.8343
121-127105-0003,121,1,0.2544,0.8411
121-127105-0003,1221,0,0.0217,0.8399
121-127105-0003,1284,0,-0.0495,0.7265
121-127105-0003,1580,0,-0.1058,0.7655
121-127105-0003,1995,0,-0.0464,0.8192
121-127105-0003,2094,0,0.0305,0.8625
121-127105-0003,237,0,-0.0421,0.8476
121-127105-0003,2961,0,0.0172,0.7471
121-127105-0003,3570,0,0.0262,0.8314
121-127105-0003,3575,0,-0.0007,0.8233
121-127105-0003,3729,0,-0.0266,0.8642
121-127105-0003,4446,0,-0.0178,0.7927
121-127105-0003,4507,0,-0.2268,0.8543
121-127105-0003,4970,0,0.0072,0.7905
121-127105-0003,4992,0,-0.0639,0.8624
121-127105-0003,5142,0,-0.0419,0.7747
121-127105-0003,5683,0,-0.0571,0.7979
121-127105-0003,6829,0,0.1793,0.8401
121-127105-0003,8463,0,0.0133,0.8379
121-127105-0003,8555,0,0.0178,0.8012
121-127105-0006,121,1,0.3147,0.8642
121-127105-0006,1221,0,0.0289,0.8446
121-127105-0006,1284,0,-0.0342,0.7231
121-127105-0006,1580,0,-0.1243,0.7449
121-127105-0006,1995,0,0.0676,0.798
121-127105-0006,2094,0,0.139,0.8569
121-127105-0006,237,0,0.0269,0.8428
121-127105-0006,2961,0,-0.0106,0.78
121-127105-0006,3570,0,0.0954,0.8569
121-127105-0006,3575,0,0.0025,0.7674
121-127105-0006,3729,0,0.0851,0.8989
121-127105-0006,4446,0,0.0019,0.81
121-127105-0006,4507,0,-0.1764,0.8666
121-127105-0006,4970,0,-0.112,0.7415
121-127105-0006,4992,0,-0.1111,0.8594
121-127105-0006,5142,0,-0.0449,0.7548
121-127105-0006,5683,0,-0.1036,0.76
121-127105-0006,6829,0,0.1347,0.8461
121-127105-0006,8463,0,-0.1142,0.8352
121-127105-0006,8555,0,-0.0059,0.7475
121-127105-0020,121,1,0.2894,0.8347
121-127105-0020,1221,0,0.0224,0.8149
121-127105-0020,1284,0,-0.1123,0.6904
121-127105-0020,1580,0,-0.1512,0.7385
121-127105-0020,1995,0,-0.0462,0.7571
121-127105-0020,2094,0,-0.0145,0.8089
121-127105-0020,237,0,-0.0271,0.8264
121-127105-0020,2961,0,-0.046,0.7448
121-127105-0020,3570,0,0.0385,0.8575
121-127105-0020,3575,0,-0.1072,0.8221
121-127105-0020,3729,0,0.0322,0.8572
121-127105-0020,4446,0,-0.028,0.7666
121-127105-0020,4507,0,-0.1696,0.8542
121-127105-0020,4970,0,-0.0687,0.7927
121-127105-0020,4992,0,-0.0477,0.8126
121-127105-0020,5142,0,-0.0184,0.7329
121-127105-0020,5683,0,-0.1146,0.7795
121-127105-0020,6829,0,0.1084,0.8118
121-127105-0020,8463,0,-0.0151,0.7967
121-127105-0020,8555,0,0.0505,0.7718
121-127105-0023,121,1,0.2225,0.814
121-127105-0023,1221,0,-0.0372,0.8315
121-127105-0023,1284,0,-0.0811,0.7113
121-127105-0023,1580,0,-0.1055,0.7383
121-127105-0023,1995,0,-0.017,0.7588
121-127105-0023,2094,0,0.0241,0.829
121-127105-0023,237,0,-0.0099,0.8177
121-127105-0023,2961,0,-0.0326,0.7282
121-127105-0023,3570,0,0.0543,0.8206
121-127105-0023,3575,0,-0.0439,0.7966
121-127105-0023,3729,0,-0.0242,0.8604
121-127105-0023,4446,0,-0.0929,0.7888
121-127105-0023,4507,0,-0.1521,0.8502
121-127105-0023,4970,0,0.0102,0.7993
121-127105-0023,4992,0,-0.0942,0.8351
121-127105-0023,5142,0,-0.0643,0.7675
121-127105-0023,5683,0,-0.1331,0.7662
121-127105-0023,6829,0,0.1826,0.8454
121-127105-0023,8463,0,-0.013,0.8243
121-127105-0023,8555,0,0.0147,0.7699
121-127105-0036,121,1,0.2246,0.8381
121-127105-0036,1221,0,-0.0145,0.751
121-127105-0036,1284,0,-0.1311,0.6381
121-127105-0036,1580,0,-0.145,0.7035
121-127105-0036,1995,0,0.0056,0.7577
121-127105-0036,2094,0,-0.0029,0.7561
121-127105-0036,237,0,0.0266,0.8046
121-127105-0036,2961,0,0.0118,0.7898
121-127105-0036,3570,0,0.0009,0.9027
121-127105-0036,3575,0,-0.0258,0.8138
121-127105-0036,3729,0,-0.0072,0.801
121-127105-0036,4446,0,-0.0327,0.6896
121-127105-0036,4507,0,-0.1587,0.8273
121-127105-0036,4970,0,0.0197,0.7408
121-127105-0036,4992,0,-0.0298,0.7522
121-127105-0036,5142,0,-0.0388,0.6686
121-127105-0036,5683,0,-0.1359,0.7358
121-127105-0036,6829,0,0.139,0.7384
121-127105-0036,8463,0,0.1493,0.7386
121-127105-0036,8555,0,-0.0294,0.7517
1221-135766-0002,121,0,-0.0203,0.7275
1221-135766-0002,1221,1,0.2537,0.9003
1221-135766-0002,1284,0,0.1039,0.7942
1221-135766-0002,1580,0,-0.0599,0.7782
1221-135766-0002,1995,0,-0.1416,0.7487
1221-135766-0002,2094,0,0.1245,0.8669
1221-135766-0002,237,0,0.0215,0.8374
1221-135766-0002,2961,0,0.0142,0.5971
1221-135766-0002,3570,0,0.0003,0.6811
1221-135766-0002,3575,0,-0.0119,0.7142
1221-135766-0002,3729,0,-0.0401,0.8619
1221-135766-0002,4446,0,0.1091,0.8768
1221-135766-0002,4507,0,0.0122,0.8466
1221-135766-0002,4970,0,0.0319,0.8114
1221-135766-0002,4992,0,0.1029,0.8797
1221-135766-0002,5142,0,0.1054,0.8629
1221-135766-0002,5683,0,-0.0722,0.802
1221-135766-0002,6829,0,0.2416,0.9051
1221-135766-0002,8463,0,0.0573,0.841
1221-135766-0002,8555,0,0.0907,0.7937
1221-135766-0009,121,0,-0.0252,0.7676
1221-135766-0009,1221,1,0.201,0.9163
1221-135766-0009,1284,0,0.0671,0.7882
1221-135766-0009,1580,0,-0.1005,0.7974
1221-135766-0009,1995,0,-0.1083,0.7673
1221-135766-0009,2094,0,0.0488,0.8738
1221-135766-0009,237,0,-0.0396,0.863
1221-135766-0009,2961,0,-0.0638,0.6527
1221-135766-0009,3570,0,-0.0391,0.7382
1221-135766-0009,3575,0,-0.0532,0.7741
1221-135766-0009,3729,0,-0.0776,0.8783
1221-135766-0009,4446,0,0.0422,0.8688
1221-135766-0009,4507,0,-0.1076,0.8802
1221-135766-0009,4970,0,-0.001,0.851
1221-135766-0009,4992,0,0.0636,0.8929
1221-135766-0009,5142,0,-0.0106,0.8692
1221-135766-0009,5683,0,-0.0976,0.8322
1221-135766-0009,6829,0,0.1973,0.9289
1221-135766-0009,8463,0,0.0284,0.8603
1221-135766-0009,8555,0,0.1426,0.8236
1221-135767-0001,121,0,0.004,0.731
1221-135767-0001,1221,1,0.1515,0.9051
1221-135767-0001,1284,0,0.0298,0.7802
1221-135767-0001,1580,0,-0.0813,0.7716
1221-135767-0001,1995,0,-0.2064,0.744
1221-135767-0001,2094,0,0.0641,0.8475
1221-135767-0001,237,0,0.0317,0.8268
1221-135767-0001,2961,0,-0.0397,0.5933
1221-135767-0001,3570,0,-0.0362,0.6803
1221-135767-0001,3575,0,-0.0008,0.7351
1221-135767-0001,3729,0,-0.0896,0.8542
1221-135767-0001,4446,0,0.0179,0.8575
1221-135767-0001,4507,0,-0.1174,0.8454
1221-135767-0001,4970,0,-0.0452,0.832
1221-135767-0001,4992,0,-0.0213,0.8811
1221-135767-0001,5142,0,0.0414,0.8616
1221-135767-0001,5683,0,-0.0371,0.8027
1221-135767-0001,6829,0,0.176,0.9036
1221-135767-0001,8463,0,-0.0368,0.857
1221-135767-0001,8555,0,0.1428,0.8001
1221-135767-0005,121,0,-0.0093,0.7506
1221-135767-0005,1221,1,0.1598,0.9119
1221-135767-0005,1284,0,0.0071,0.8065
1221-135767-0005,1580,0,-0.0778,0.7841
1221-135767-0005,1995,0,-0.2203,0.7928
1221-135767-0005,2094,0,-0.0265,0.8638
1221-135767-0005,237,0,0.0112,0.8685
1221-135767-0005,2961,0,-0.0329,0.6383
1221-135767-0005,3570,0,-0.0864,0.7058
1221-135767-0005,3575,0,0.009,0.7115
1221-135767-0005,3729,0,-0.0685,0.8735
1221-135767-0005,4446,0,0.0211,0.8825
1221-135767-0005,4507,0,-0.1458,0.8523
1221-135767-0005,4970,0,0.0439,0.8198
1221-135767-0005,4992,0,-0.0374,0.9093
1221-135767-0005,5142,0,0.0057,0.8907
1221-135767-0005,5683,0,-0.0387,0.8094
1221-135767-0005,6829,0,0.1597,0.909
1221-135767-0005,8463,0,0.0249,0.8824
1221-135767-0005,8555,0,0.101,0.8205
1221-135767-0007,121,0,-0.0208,0.7284
1221-135767-0007,1221,1,0.2439,0.9145
1221-135767-0007,1284,0,0.0461,0.7904
1221-135767-0007,1580,0,-0.0685,0.772
1221-135767-0007,1995,0,-0.1706,0.7496
1221-135767-0007,2094,0,0.0589,0.853
1221-135767-0007,237,0,0.0013,0.8346
1221-135767-0007,2961,0,-0.0681,0.6034
1221-135767-0007,3570,0,-0.0485,0.6797
1221-135767-0007,3575,0,-0.0455,0.7157
1221-135767-0007,3729,0,-0.0777,0.8602
1221-135767-0007,4446,0,0.0731,0.8702
1221-135767-0007,4507,0,-0.1061,0.8514
1221-135767-0007,4970,0,-0.0303,0.8278
1221-135767-0007,4992,0,0.0425,0.8901
1221-135767-0007,5142,0,0.0103,0.8793
1221-135767-0007,5683,0,-0.0473,0.8005
1221-135767-0007,6829,0,0.1779,0.9184
1221-135767-0007,8463,0,0.0306,0.8657
1221-135767-0007,8555,0,0.1214,0.8013
1221-135767-0009,121,0,0.0229,0.7468
1221-135767-0009,1221,1,0.232,0.9207
1221-135767-0009,1284,0,0.0378,0.804
1221-135767-0009,1580,0,-0.0301,0.7826
1221-135767-0009,1995,0,-0.1548,0.7587
1221-135767-0009,2094,0,0.0613,0.8666
1221-135767-0009,237,0,-0.0019,0.8483
1221-135767-0009,2961,0,0.0081,0.6186
1221-135767-0009,3570,0,-0.0326,0.6838
1221-135767-0009,3575,0,-0.0094,0.7123
1221-135767-0009,3729,0,-0.0809,0.8741
1221-135767-0009,4446,0,0.0504,0.8827
1221-135767-0009,4507,0,-0.0804,0.8549
1221-135767-0009,4970,0,0.0407,0.821
1221-135767-0009,4992,0,0.0248,0.9026
1221-135767-0009,5142,0,0.0216,0.8846
1221-135767-0009,5683,0,-0.0473,0.8097
1221-135767-0009,6829,0,0.1759,0.9213
1221-135767-0009,8463,0,0.0512,0.8795
1221-135767-0009,8555,0,0.1103,0.7975
1221-135767-0010,121,0,0.0303,0.7492
1221-135767-0010,1221,1,0.2079,0.9094
1221-135767-0010,1284,0,0.0758,0.8031
1221-135767-0010,1580,0,-0.0178,0.7801
1221-135767-0010,1995,0,-0.1153,0.7769
1221-135767-0010,2094,0,0.0822,0.8727
1221-135767-0010,237,0,0.1288,0.8593
1221-135767-0010,2961,0,0.0131,0.6147
1221-135767-0010,3570,0,-0.023,0.6854
1221-135767-0010,3575,0,0.0373,0.7151
1221-135767-0010,3729,0,-0.0639,0.8664
1221-135767-0010,4446,0,0.0848,0.8793
1221-135767-0010,4507,0,-0.0946,0.8413
1221-135767-0010,4970,0,0.0296,0.8087
1221-135767-0010,4992,0,-0.0016,0.9016
1221-135767-0010,5142,0,0.0516,0.8654
1221-135767-0010,5683,0,-0.0009,0.792
1221-135767-0010,6829,0,0.1659,0.909
1221-135767-0010,8463,0,0.0205,0.8807
1221-135767-0010,8555,0,0.1177,0.7836
1221-135767-0013,121,0,-0.0036,0.7327
1221-135767-0013,1221,1,0.1365,0.8802
1221-135767-0013,1284,0,-0.028,0.7458
1221-135767-0013,1580,0,-0.057,0.7438
1221-135767-0013,1995,0,-0.1973,0.7075
1221-135767-0013,2094,0,0.0035,0.8373
1221-135767-0013,237,0,-0.0011,0.8039
1221-135767-0013,2961,0,0.0078,0.6206
1221-135767-0013,3570,0,-0.0387,0.714
1221-135767-0013,3575,0,-0.0096,0.7655
1221-135767-0013,3729,0,-0.1471,0.8566
1221-135767-0013,4446,0,0.0052,0.8258
1221-135767-0013,4507,0,-0.1526,0.8534
1221-135767-0013,4970,0,0.0143,0.844
1221-135767-0013,4992,0,-0.0517,0.8456
1221-135767-0013,5142,0,0.0047,0.8317
1221-135767-0013,5683,0,-0.0637,0.8068
1221-135767-0013,6829,0,0.1493,0.9027
1221-135767-0013,8463,0,-0.0062,0.8186
1221-135767-0013,8555,0,0.1108,0.787
1221-135767-0018,121,0,0.0135,0.7355
1221-135767-0018,1221,1,0.191,0.9189
1221-135767-0018,1284,0,0.0754,0.8051
1221-135767-0018,1580,0,-0.0547,0.785
1221-135767-0018,1995,0,-0.1396,0.7551
1221-135767-0018,2094,0,0.0184,0.8637
1221-135767-0018,237,0,0.0224,0.8438
1221-135767-0018,2961,0,0.0305,0.6082
1221-135767-0018,3570,0,-0.0651,0.6801
1221-135767-0018,3575,0,-0.0027,0.7247
1221-135767-0018,3729,0,-0.1319,0.8616
1221-135767-0018,4446,0,0.0649,0.8785
1221-135767-0018,4507,0,-0.099,0.8476
1221-135767-0018,4970,0,0.0081,0.8307
1221-135767-0018,4992,0,0.0298,0.8946
1221-135767-0018,5142,0,0.0568,0.8744
1221-135767-0018,5683,0,-0.0251,0.808
1221-135767-0018,6829,0,0.1581,0.9206
1221-135767-0018,8463,0,0.0278,0.8717
1221-135767-0018,8555,0,0.0748,0.7959
1221-135767-0022,121,0,-0.0569,0.7692
1221-135767-0022,1221,1,0.1799,0.8971
1221-135767-0022,1284,0,0.0621,0.7641
1221-135767-0022,1580,0,-0.0796,0.749
1221-135767-0022,1995,0,-0.132,0.7867
1221-135767-0022,2094,0,0.07,0.8756
1221-135767-0022,237,0,0.0384,0.8349
1221-135767-0022,2961,0,0.0342,0.6524
1221-135767-0022,3570,0,-0.0787,0.7165
1221-135767-0022,3575,0,0.0229,0.7466
1221-135767-0022,3729,0,-0.104,0.8751
1221-135767-0022,4446,0,-0.0066,0.8462
1221-135767-0022,4507,0,-0.1133,0.8565
1221-135767-0022,4970,0,-0.0038,0.813
1221-135767-0022,4992,0,0.0269,0.8969
1221-135767-0022,5142,0,0.0909,0.8582
1221-135767-0022,5683,0,-0.0255,0.788
1221-135767-0022,6829,0,0.1401,0.9162
1221-135767-0022,8463,0,0.0546,0.8738
1221-135767-0022,8555,0,0.1291,0.7954
1284-1180-0005,121,0,0.0855,0.7774
1284-1180-0005,1221,0,0.0595,0.8713
1284-1180-0005,1284,1,0.1222,0.7978
1284-1180-0005,1580,0,-0.1131,0.7513
1284-1180-0005,1995,0,-0.1178,0.7883
1284-1180-0005,2094,0,0.1521,0.886
1284-1180-0005,237,0,0.0782,0.8242
1284-1180-0005,2961,0,-0.022,0.6854
1284-1180-0005,3570,0,-0.0407,0.7121
1284-1180-0005,3575,0,0.0433,0.6974
1284-1180-0005,3729,0,0.0368,0.8765
1284-1180-0005,4446,0,0.0571,0.8656
1284-1180-0005,4507,0,-0.1399,0.8257
1284-1180-0005,4970,0,-0.0348,0.7637
1284-1180-0005,4992,0,0.0602,0.8889
1284-1180-0005,5142,0,0.0997,0.8331
1284-1180-0005,5683,0,-0.1086,0.7499
1284-1180-0005,6829,0,0.2513,0.9029
1284-1180-0005,8463,0,0.1731,0.8868
1284-1180-0005,8555,0,0.0371,0.7349
1284-1180-0017,121,0,0.066,0.7946
1284-1180-0017,1221,0,0.081,0.9255
1284-1180-0017,1284,1,0.0789,0.8633
1284-1180-0017,1580,0,-0.0982,0.8196
1284-1180-0017,1995,0,-0.0781,0.8448
1284-1180-0017,2094,0,0.1798,0.9114
1284-1180-0017,237,0,0.0734,0.885
1284-1180-0017,2961,0,-0.0267,0.6815
1284-1180-0017,3570,0,-0.0708,0.7086
1284-1180-0017,3575,0,0.0952,0.711
1284-1180-0017,3729,0,-0.0,0.8917
1284-1180-0017,4446,0,0.0181,0.9247
1284-1180-0017,4507,0,-0.1728,0.8447
1284-1180-0017,4970,0,-0.0815,0.7931
1284-1180-0017,4992,0,0.0961,0.9382
1284-1180-0017,5142,0,0.0595,0.8923
1284-1180-0017,5683,0,-0.0808,0.8122
1284-1180-0017,6829,0,0.2334,0.9163
1284-1180-0017,8463,0,0.1391,0.924
1284-1180-0017,8555,0,0.0443,0.8067
1284-1180-0026,121,0,0.0416,0.8246
1284-1180-0026,1221,0,0.055,0.9036
1284-1180-0026,1284,1,0.1076,0.8165
1284-1180-0026,1580,0,-0.0897,0.7917
1284-1180-0026,1995,0,-0.0911,0.8176
1284-1180-0026,2094,0,0.1672,0.9051
1284-1180-0026,237,0,0.1078,0.8566
1284-1180-0026,2961,0,-0.0752,0.7145
1284-1180-0026,3570,0,-0.1178,0.7418
1284-1180-0026,3575,0,0.0854,0.7179
1284-1180-0026,3729,0,0.0742,0.9091
1284-1180-0026,4446,0,0.0253,0.8968
1284-1180-0026,4507,0,-0.1906,0.8639
1284-1180-0026,4970,0,-0.0664,0.7751
1284-1180-0026,4992,0,0.0813,0.9245
1284-1180-0026,5142,0,0.0659,0.866
1284-1180-0026,5683,0,-0.0869,0.7908
1284-1180-0026,6829,0,0.2616,0.9162
1284-1180-0026,8463,0,0.1067,0.9229
1284-1180-0026,8555,0,0.0679,0.7762
1284-1180-0031,121,0,0.0507,0.7397
1284-1180-0031,1221,0,0.0768,0.8524
1284-1180-0031,1284,1,0.0081,0.7505
1284-1180-0031,1580,0,-0.0454,0.6985
1284-1180-0031,1995,0,-0.0442,0.7417
1284-1180-0031,2094,0,0.0789,0.8276
1284-1180-0031,237,0,0.1091,0.7816
1284-1180-0031,2961,0,0.0707,0.6682
1284-1180-0031,3570,0,0.0081,0.6955
1284-1180-0031,3575,0,-0.072,0.6765
1284-1180-0031,3729,0,-0.0737,0.8448
1284-1180-0031,4446,0,0.054,0.8286
1284-1180-0031,4507,0,-0.135,0.8114
1284-1180-0031,4970,0,-0.009,0.7799
1284-1180-0031,4992,0,0.0547,0.8528
1284-1180-0031,5142,0,0.1084,0.8374
1284-1180-0031,5683,0,-0.0406,0.7216
1284-1180-0031,6829,0,0.1485,0.878
1284-1180-0031,8463,0,0.0826,0.8574
1284-1180-0031,8555,0,-0.0224,0.7448
1284-1181-0004,121,0,0.1026,0.813
1284-1181-0004,1221,0,0.0802,0.885
1284-1181-0004,1284,1,0.1534,0.8441
1284-1181-0004,1580,0,-0.0819,0.8036
1284-1181-0004,1995,0,-0.0444,0.8435
1284-1181-0004,2094,0,0.2224,0.9052
1284-1181-0004,237,0,0.0698,0.8626
1284-1181-0004,2961,0,0.0001,0.7003
1284-1181-0004,3570,0,0.0007,0.7304
1284-1181-0004,3575,0,0.1702,0.7021
1284-1181-0004,3729,0,-0.023,0.8816
1284-1181-0004,4446,0,0.0108,0.897
1284-1181-0004,4507,0,-0.1837,0.8266
1284-1181-0004,4970,0,-0.0739,0.7419
1284-1181-0004,4992,0,0.0348,0.9159
1284-1181-0004,5142,0,0.0391,0.8286
1284-1181-0004,5683,0,-0.0599,0.7713
1284-1181-0004,6829,0,0.1453,0.8772
1284-1181-0004,8463,0,0.1078,0.9048
1284-1181-0004,8555,0,-0.0124,0.7536
1284-1181-0007,121,0,0.1105,0.7982
1284-1181-0007,1221,0,0.1799,0.9192
1284-1181-0007,1284,1,0.129,0.8032
1284-1181-0007,1580,0,-0.0435,0.7664
1284-1181-0007,1995,0,-0.1223,0.8434
1284-1181-0007,2094,0,0.0639,0.886
1284-1181-0007,237,0,0.1247,0.8507
1284-1181-0007,2961,0,0.1127,0.6802
1284-1181-0007,3570,0,0.019,0.692
1284-1181-0007,3575,0,0.0148,0.6678
1284-1181-0007,3729,0,-0.0875,0.899
1284-1181-0007,4446,0,0.0996,0.8984
1284-1181-0007,4507,0,-0.1406,0.8425
1284-1181-0007,4970,0,-0.0087,0.7592
1284-1181-0007,4992,0,0.062,0.9463
1284-1181-0007,5142,0,0.2416,0.9007
1284-1181-0007,5683,0,-0.0289,0.7747
1284-1181-0007,6829,0,0.2066,0.9057
1284-1181-0007,8463,0,0.0781,0.9321
1284-1181-0007,8555,0,0.0359,0.8051
1284-1181-0011,121,0,0.0227,0.7534
1284-1181-0011,1221,0,0.0054,0.889
1284-1181-0011,1284,1,0.136,0.8216
1284-1181-0011,1580,0,-0.0627,0.7738
1284-1181-0011,1995,0,-0.0803,0.8014
1284-1181-0011,2094,0,0.1618,0.8884
1284-1181-0011,237,0,0.0553,0.8509
1284-1181-0011,2961,0,-0.0062,0.6619
1284-1181-0011,3570,0,-0.005,0.6924
1284-1181-0011,3575,0,0.0731,0.7153
1284-1181-0011,3729,0,-0.07,0.8572
1284-1181-0011,4446,0,0.0498,0.8795
1284-1181-0011,4507,0,-0.1531,0.8205
1284-1181-0011,4970,0,-0.0151,0.7974
1284-1181-0011,4992,0,0.0378,0.8932
1284-1181-0011,5142,0,0.0741,0.8524
1284-1181-0011,5683,0,-0.0918,0.7821
1284-1181-0011,6829,0,0.2123,0.911
1284-1181-0011,8463,0,0.0676,0.8789
1284-1181-0011,8555,0,0.0341,0.7685
1284-1181-0016,121,0,0.0785,0.7578
1284-1181-0016,1221,0,0.0378,0.8709
1284-1181-0016,1284,1,0.1433,0.82
1284-1181-0016,1580,0,-0.064,0.7474
1284-1181-0016,1995,0,-0.0975,0.7844
1284-1181-0016,2094,0,0.17,0.8666
1284-1181-0016,237,0,0.152,0.82
1284-1181-0016,2961,0,0.1018,0.6883
1284-1181-0016,3570,0,0.0564,0.6915
1284-1181-0016,3575,0,0.1186,0.6611
1284-1181-0016,3729,0,0.0015,0.8603
1284-1181-0016,4446,0,0.0058,0.873
1284-1181-0016,4507,0,-0.0857,0.8166
1284-1181-0016,4970,0,-0.0042,0.7616
1284-1181-0016,4992,0,0.0188,0.8744
1284-1181-0016,5142,0,0.0898,0.8461
1284-1181-0016,5683,0,-0.0507,0.7402
1284-1181-0016,6829,0,0.1559,0.8957
1284-1181-0016,8463,0,0.1371,0.8786
1284-1181-0016,8555,0,-0.0132,0.732
1284-1181-0017,121,0,0.0084,0.7461
1284-1181-0017,1221,0,0.0237,0.8639
1284-1181-0017,1284,1,0.0794,0.8357
1284-1181-0017,1580,0,-0.0371,0.7451
1284-1181-0017,1995,0,-0.0838,0.7953
1284-1181-0017,2094,0,0.0814,0.8591
1284-1181-0017,237,0,0.0716,0.8153
1284-1181-0017,2961,0,0.0808,0.6724
1284-1181-0017,3570,0,0.0406,0.6691
1284-1181-0017,3575,0,0.0895,0.6407
1284-1181-0017,3729,0,-0.0874,0.8412
1284-1181-0017,4446,0,0.0311,0.8733
1284-1181-0017,4507,0,-0.0852,0.7996
1284-1181-0017,4970,0,0.0302,0.7486
1284-1181-0017,4992,0,0.0133,0.8681
1284-1181-0017,5142,0,0.1521,0.8522
1284-1181-0017,5683,0,-0.0287,0.7335
1284-1181-0017,6829,0,0.1628,0.8738
1284-1181-0017,8463,0,0.1119,0.8731
1284-1181-0017,8555,0,0.0272,0.736
1284-134647-0004,121,0,0.0422,0.7556
1284-134647-0004,1221,0,0.0734,0.8906
1284-134647-0004,1284,1,0.0845,0.8121
1284-134647-0004,1580,0,-0.0649,0.756
1284-134647-0004,1995,0,-0.1794,0.8047
1284-134647-0004,2094,0,0.0674,0.8875
1284-134647-0004,237,0,0.0518,0.826
1284-134647-0004,2961,0,0.0762,0.6665
1284-134647-0004,3570,0,-0.053,0.6958
1284-134647-0004,3575,0,0.0042,0.7362
1284-134647-0004,3729,0,-0.0971,0.8646
1284-134647-0004,4446,0,0.0382,0.8642
1284-134647-0004,4507,0,-0.1509,0.8333
1284-134647-0004,4970,0,-0.0138,0.8212
1284-134647-0004,4992,0,0.0077,0.8946
1284-134647-0004,5142,0,0.1619,0.8773
1284-134647-0004,5683,0,-0.0531,0.7907
1284-134647-0004,6829,0,0.1501,0.922
1284-134647-0004,8463,0,0.0717,0.8828
1284-134647-0004,8555,0,0.0554,0.7938
1320-122612-0003,1089,0,-0.0368,0.7115
1320-122612-0003,1188,0,-0.0161,0.7231
1320-122612-0003,1320,1,0.2994,0.7546
1320-122612-0003,2300,0,0.0974,0.7928
1320-122612-0003,260,0,0.1553,0.7887
1320-122612-0003,2830,0,-0.0812,0.6528
1320-122612-0003,4077,0,0.1334,0.77
1320-122612-0003,5105,0,0.1943,0.7878
1320-122612-0003,5639,0,0.0069,0.6759
1320-122612-0003,61,0,0.1087,0.812
1320-122612-0003,672,0,0.1564,0.7602
1320-122612-0003,6930,0,0.2412,0.6726
1320-122612-0003,7021,0,0.095,0.8203
1320-122612-0003,7127,0,0.0185,0.6871
1320-122612-0003,7176,0,0.0408,0.7622
1320-122612-0003,7729,0,0.0045,0.8448
1320-122612-0003,8224,0,0.0676,0.636
1320-122612-0003,8230,0,-0.0543,0.6559
1320-122612-0003,8455,0,0.0894,0.7063
1320-122612-0003,908,0,0.1914,0.842
1320-122612-0005,1089,0,-0.0192,0.6904
1320-122612-0005,1188,0,-0.0239,0.7056
1320-122612-0005,1320,1,0.2287,0.7578
1320-122612-0005,2300,0,0.0284,0.8285
1320-122612-0005,260,0,0.1593,0.7818
1320-122612-0005,2830,0,-0.0833,0.6298
1320-122612-0005,4077,0,0.0891,0.7917
1320-122612-0005,5105,0,0.134,0.7783
1320-122612-0005,5639,0,-0.0011,0.6478
1320-122612-0005,61,0,0.065,0.79
1320-122612-0005,672,0,0.1129,0.7386
1320-122612-0005,6930,0,0.2388,0.6756
1320-122612-0005,7021,0,-0.0194,0.8069
1320-122612-0005,7127,0,0.0344,0.7007
1320-122612-0005,7176,0,0.023,0.7432
1320-122612-0005,7729,0,0.0256,0.8283
1320-122612-0005,8224,0,0.0125,0.6274
1320-122612-0005,8230,0,-0.0594,0.6198
1320-122612-0005,8455,0,0.0129,0.7346
1320-122612-0005,908,0,0.2136,0.8035
1320-122612-0013,1089,0,0.0018,0.6887
1320-122612-0013,1188,0,0.0507,0.708
1320-122612-0013,1320,1,0.2178,0.7216
1320-122612-0013,2300,0,0.1261,0.7305
1320-122612-0013,260,0,0.1757,0.7898
1320-122612-0013,2830,0,-0.0258,0.6691
1320-122612-0013,4077,0,0.1004,0.744
1320-122612-0013,5105,0,0.127,0.7723
1320-122612-0013,5639,0,0.0137,0.6868
1320-122612-0013,61,0,0.0872,0.8304
1320-122612-0013,672,0,0.0959,0.7447
1320-122612-0013,6930,0,0.2394,0.6679
1320-122612-0013,7021,0,-0.0003,0.7896
1320-122612-0013,7127,0,0.0744,0.6589
1320-122612-0013,7176,0,0.0159,0.7761
1320-122612-0013,7729,0,-0.0222,0.8169
1320-122612-0013,8224,0,0.0989,0.6218
1320-122612-0013,8230,0,-0.0646,0.6696
1320-122612-0013,8455,0,0.0836,0.6607
1320-122612-0013,908,0,0.2026,0.8306
1320-122617-0005,1089,0,0.0157,0.6461
1320-122617-0005,1188,0,-0.0277,0.6828
1320-122617-0005,1320,1,0.2548,0.663
1320-122617-0005,2300,0,0.0904,0.7163
1320-122617-0005,260,0,0.1617,0.7264
1320-122617-0005,2830,0,-0.0449,0.613
1320-122617-0005,4077,0,0.1616,0.6983
1320-122617-0005,5105,0,0.1941,0.7106
1320-122617-0005,5639,0,-0.0434,0.6365
1320-122617-0005,61,0,0.1048,0.7702
1320-122617-0005,672,0,0.0396,0.6699
1320-122617-0005,6930,0,0.2273,0.5626
1320-122617-0005,7021,0,0.1267,0.7586
1320-122617-0005,7127,0,0.0768,0.6211
1320-122617-0005,7176,0,0.0697,0.7092
1320-122617-0005,7729,0,-0.001,0.8286
1320-122617-0005,8224,0,0.0845,0.559
1320-122617-0005,8230,0,-0.0613,0.6086
1320-122617-0005,8455,0,0.1132,0.5875
1320-122617-0005,908,0,0.2094,0.799
1320-122617-0011,1089,0,-0.0073,0.6777
1320-122617-0011,1188,0,-0.0176,0.72
1320-122617-0011,1320,1,0.2334,0.7131
1320-122617-0011,2300,0,0.1349,0.714
1320-122617-0011,260,0,0.1029,0.7791
1320-122617-0011,2830,0,-0.0786,0.675
1320-122617-0011,4077,0,0.1303,0.752
1320-122617-0011,5105,0,0.1311,0.7751
1320-122617-0011,5639,0,-0.0368,0.6955
1320-122617-0011,61,0,0.1305,0.8318
1320-122617-0011,672,0,0.0586,0.7199
1320-122617-0011,6930,0,0.1601,0.6306
1320-122617-0011,7021,0,0.0659,0.7815
1320-122617-0011,7127,0,0.0326,0.675
1320-122617-0011,7176,0,0.0791,0.783
1320-122617-0011,7729,0,0.0533,0.8482
1320-122617-0011,8224,0,0.0959,0.6184
1320-122617-0011,8230,0,-0.0705,0.6662
1320-122617-0011,8455,0,0.0402,0.6317
1320-122617-0011,908,0,0.1142,0.8196
1320-122617-0018,1089,0,-0.0184,0.6629
1320-122617-0018,1188,0,-0.0755,0.7083
1320-122617-0018,1320,1,0.1929,0.6789
1320-122617-0018,2300,0,0.0619,0.6776
1320-122617-0018,260,0,0.0623,0.7542
1320-122617-0018,2830,0,-0.0872,0.6521
1320-122617-0018,4077,0,0.1469,0.719
1320-122617-0018,5105,0,0.1507,0.7445
1320-122617-0018,5639,0,-0.0109,0.6897
1320-122617-0018,61,0,0.1137,0.8058
1320-122617-0018,672,0,-0.0045,0.7021
1320-122617-0018,6930,0,0.1006,0.5793
1320-122617-0018,7021,0,0.081,0.7622
1320-122617-0018,7127,0,0.0514,0.6416
1320-122617-0018,7176,0,0.1186,0.764
1320-122617-0018,7729,0,0.055,0.8308
1320-122617-0018,8224,0,0.0293,0.599
1320-122617-0018,8230,0,-0.0337,0.6571
1320-122617-0018,8455,0,0.0569,0.5904
1320-122617-0018,908,0,0.1908,0.8042
1320-122617-0027,1089,0,-0.0064,0.6614
1320-122617-0027,1188,0,-0.0456,0.6884
1320-122617-0027,1320,1,0.2527,0.7538
1320-122617-0027,2300,0,0.0851,0.8461
1320-122617-0027,260,0,0.2348,0.7429
1320-122617-0027,2830,0,-0.0594,0.5919
1320-122617-0027,4077,0,0.1062,0.7527
1320-122617-0027,5105,0,0.1177,0.7722
1320-122617-0027,5639,0,0.0047,0.5984
1320-122617-0027,61,0,0.0496,0.7488
1320-122617-0027,672,0,0.1229,0.702
1320-122617-0027,6930,0,0.2311,0.6421
1320-122617-0027,7021,0,0.0698,0.8168
1320-122617-0027,7127,0,0.0601,0.685
1320-122617-0027,7176,0,0.0724,0.7046
1320-122617-0027,7729,0,0.0622,0.7988
1320-122617-0027,8224,0,0.0221,0.609
1320-122617-0027,8230,0,-0.0386,0.5781
1320-122617-0027,8455,0,0.0765,0.727
1320-122617-0027,908,0,0.1748,0.7783
1320-122617-0032,1089,0,-0.0447,0.678
1320-122617-0032,1188,0,-0.0329,0.7265
1320-122617-0032,1320,1,0.2391,0.7213
1320-122617-0032,2300,0,0.1364,0.7208
1320-122617-0032,260,0,0.167,0.7992
1320-122617-0032,2830,0,-0.0226,0.6745
1320-122617-0032,4077,0,0.1215,0.753
1320-122617-0032,5105,0,0.1656,0.7757
1320-122617-0032,5639,0,-0.0319,0.6974
1320-122617-0032,61,0,0.0857,0.8326
1320-122617-0032,672,0,0.0322,0.7246
1320-122617-0032,6930,0,0.2313,0.6518
1320-122617-0032,7021,0,0.0605,0.7876
1320-122617-0032,7127,0,0.0117,0.6706
1320-122617-0032,7176,0,0.0488,0.7896
1320-122617-0032,7729,0,0.0288,0.8465
1320-122617-0032,8224,0,0.051,0.6197
1320-122617-0032,8230,0,-0.108,0.6646
1320-122617-0032,8455,0,0.0355,0.6516
1320-122617-0032,908,0,0.14,0.8341
1320-122617-0037,1089,0,0.017,0.6286
1320-122617-0037,1188,0,-0.0369,0.6527
1320-122617-0037,1320,1,0.2795,0.6903
1320-122617-0037,2300,0,0.0583,0.7511
1320-122617-0037,260,0,0.2036,0.7347
1320-122617-0037,2830,0,-0.0135,0.5898
1320-122617-0037,4077,0,0.141,0.7295
1320-122617-0037,5105,0,0.1999,0.735
1320-122617-0037,5639,0,-0.0037,0.6191
1320-122617-0037,61,0,0.1195,0.7755
1320-122617-0037,672,0,0.1589,0.6754
1320-122617-0037,6930,0,0.2603,0.6089
1320-122617-0037,7021,0,0.0958,0.7714
1320-122617-0037,7127,0,0.0293,0.6339
1320-122617-0037,7176,0,0.1205,0.7315
1320-122617-0037,7729,0,0.0457,0.7977
1320-122617-0037,8224,0,0.0655,0.5751
1320-122617-0037,8230,0,-0.0202,0.5814
1320-122617-0037,8455,0,0.0974,0.6332
1320-122617-0037,908,0,0.2472,0.7923
1320-122617-0041,1089,0,-0.1268,0.6819
1320-122617-0041,1188,0,-0.0675,0.7336
1320-122617-0041,1320,1,0.2203,0.7478
1320-122617-0041,2300,0,0.0655,0.782
1320-122617-0041,260,0,0.1773,0.7893
1320-122617-0041,2830,0,-0.1152,0.6552
1320-122617-0041,4077,0,0.0719,0.789
1320-122617-0041,5105,0,0.0909,0.7921
1320-122617-0041,5639,0,-0.1304,0.6811
1320-122617-0041,61,0,0.0706,0.7931
1320-122617-0041,672,0,0.0957,0.7224
1320-122617-0041,6930,0,0.1691,0.6407
1320-122617-0041,7021,0,0.0322,0.8117
1320-122617-0041,7127,0,-0.0449,0.7113
1320-122617-0041,7176,0,0.0219,0.7496
1320-122617-0041,7729,0,0.0215,0.8554
1320-122617-0041,8224,0,-0.0373,0.6309
1320-122617-0041,8230,0,-0.113,0.6222
1320-122617-0041,8455,0,0.03,0.6877
1320-122617-0041,908,0,0.1528,0.8107
1580-141083-0006,121,0,0.0474,0.7299
1580-141083-0006,1221,0,0.0677,0.8891
1580-141083-0006,1284,0,-0.01,0.8183
1580-141083-0006,1580,1,0.0243,0.8296
1580-141083-0006,1995,0,-0.1772,0.7722
1580-141083-0006,2094,0,0.1385,0.8612
1580-141083-0006,237,0,0.0983,0.8728
1580-141083-0006,2961,0,0.086,0.6048
1580-141083-0006,3570,0,0.011,0.7082
1580-141083-0006,3575,0,0.0612,0.7894
1580-141083-0006,3729,0,-0.1468,0.82
1580-141083-0006,4446,0,0.004,0.8607
1580-141083-0006,4507,0,-0.0888,0.8204
1580-141083-0006,4970,0,0.1159,0.851
1580-141083-0006,4992,0,-0.06,0.8677
1580-141083-0006,5142,0,0.0884,0.8356
1580-141083-0006,5683,0,0.0295,0.8389
1580-141083-0006,6829,0,0.2487,0.8678
1580-141083-0006,8463,0,0.0344,0.843
1580-141083-0006,8555,0,0.0847,0.8234
1580-141083-0007,121,0,0.0342,0.7951
1580-141083-0007,1221,0,0.0877,0.8941
1580-141083-0007,1284,0,-0.0306,0.8007
1580-141083-0007,1580,1,0.0423,0.8163
1580-141083-0007,1995,0,-0.1791,0.8365
1580-141083-0007,2094,0,0.1515,0.8716
1580-141083-0007,237,0,0.1201,0.9083
1580-141083-0007,2961,0,0.0595,0.6783
1580-141083-0007,3570,0,-0.0025,0.7636
1580-141083-0007,3575,0,0.049,0.7789
1580-141083-0007,3729,0,-0.11,0.8572
1580-141083-0007,4446,0,0.0196,0.8643
1580-141083-0007,4507,0,-0.1455,0.8315
1580-141083-0007,4970,0,0.0833,0.818
1580-141083-0007,4992,0,-0.046,0.9111
1580-141083-0007,5142,0,0.0931,0.8577
1580-141083-0007,5683,0,-0.0202,0.8383
1580-141083-0007,6829,0,0.2029,0.8552
1580-141083-0007,8463,0,0.0549,0.8944
1580-141083-0007,8555,0,0.0978,0.8577
1580-141083-0010,121,0,-0.085,0.7688
1580-141083-0010,1221,0,0.0151,0.9006
1580-141083-0010,1284,0,-0.0029,0.8328
1580-141083-0010,1580,1,0.0519,0.8304
1580-141083-0010,1995,0,-0.2043,0.8472
1580-141083-0010,2094,0,0.0932,0.8813
1580-141083-0010,237,0,0.1327,0.9133
1580-141083-0010,2961,0,0.0307,0.6492
1580-141083-0010,3570,0,-0.0112,0.7263
1580-141083-0010,3575,0,-0.034,0.7486
1580-141083-0010,3729,0,-0.1201,0.8433
1580-141083-0010,4446,0,0.0155,0.8852
1580-141083-0010,4507,0,-0.0676,0.8173
1580-141083-0010,4970,0,0.151,0.8059
1580-141083-0010,4992,0,-0.029,0.9164
1580-141083-0010,5142,0,0.094,0.867
1580-141083-0010,5683,0,-0.0553,0.826
1580-141083-0010,6829,0,0.1703,0.8622
1580-141083-0010,8463,0,0.0219,0.8934
1580-141083-0010,8555,0,0.1125,0.8447
1580-141083-0016,121,0,0.0544,0.7785
1580-141083-0016,1221,0,0.1092,0.8823
1580-141083-0016,1284,0,0.0974,0.8108
1580-141083-0016,1580,1,0.0537,0.8448
1580-141083-0016,1995,0,-0.0842,0.7736
1580-141083-0016,2094,0,0.0689,0.8634
1580-141083-0016,237,0,0.251,0.9027
1580-141083-0016,2961,0,0.0483,0.6775
1580-141083-0016,3570,0,0.0109,0.7841
1580-141083-0016,3575,0,0.1213,0.8167
1580-141083-0016,3729,0,-0.1353,0.8436
1580-141083-0016,4446,0,0.1124,0.8554
1580-141083-0016,4507,0,-0.1325,0.8307
1580-141083-0016,4970,0,0.2376,0.8275
1580-141083-0016,4992,0,-0.0053,0.8516
1580-141083-0016,5142,0,0.1826,0.7817
1580-141083-0016,5683,0,0.1625,0.8483
1580-141083-0016,6829,0,0.2917,0.8531
1580-141083-0016,8463,0,0.0608,0.8207
1580-141083-0016,8555,0,0.2272,0.797
1580-141083-0027,121,0,0.0366,0.8008
1580-141083-0027,1221,0,0.0537,0.8508
1580-141083-0027,1284,0,-0.0265,0.776
1580-141083-0027,1580,1,0.04,0.8254
1580-141083-0027,1995,0,-0.1446,0.8047
1580-141083-0027,2094,0,0.055,0.857
1580-141083-0027,237,0,0.0908,0.8767
1580-141083-0027,2961,0,0.0617,0.7172
1580-141083-0027,3570,0,0.0166,0.8162
1580-141083-0027,3575,0,0.0279,0.8408
1580-141083-0027,3729,0,-0.1342,0.8261
1580-141083-0027,4446,0,0.0577,0.816
1580-141083-0027,4507,0,-0.1097,0.8298
1580-141083-0027,4970,0,0.1489,0.8176
1580-141083-0027,4992,0,-0.0052,0.8496
1580-141083-0027,5142,0,-0.0095,0.7703
1580-141083-0027,5683,0,-0.106,0.8306
1580-141083-0027,6829,0,0.1707,0.8369
1580-141083-0027,8463,0,0.0759,0.8273
1580-141083-0027,8555,0,0.063,0.815
1580-141083-0044,121,0,0.0881,0.742
1580-141083-0044,1221,0,0.0438,0.9135
1580-141083-0044,1284,0,0.0062,0.8538
1580-141083-0044,1580,1,0.0157,0.8372
1580-141083-0044,1995,0,-0.0996,0.8364
1580-141083-0044,2094,0,0.0982,0.8755
1580-141083-0044,237,0,0.1538,0.9002
1580-141083-0044,2961,0,0.109,0.6239
1580-141083-0044,3570,0,0.0445,0.6889
1580-141083-0044,3575,0,0.0347,0.7168
1580-141083-0044,3729,0,-0.103,0.8339
1580-141083-0044,4446,0,0.015,0.8979
1580-141083-0044,4507,0,-0.0484,0.8214
1580-141083-0044,4970,0,0.1982,0.8076
1580-141083-0044,4992,0,-0.055,0.9095
1580-141083-0044,5142,0,0.1672,0.886
1580-141083-0044,5683,0,0.0773,0.8276
1580-141083-0044,6829,0,0.2978,0.8718
1580-141083-0044,8463,0,0.0055,0.882
1580-141083-0044,8555,0,0.106,0.8448
1580-141084-0002,121,0,0.062,0.7924
1580-141084-0002,1221,0,0.0926,0.8972
1580-141084-0002,1284,0,0.0285,0.805
1580-141084-0002,1580,1,0.0847,0.8283
1580-141084-0002,1995,0,-0.0988,0.7909
1580-141084-0002,2094,0,0.1686,0.8691
1580-141084-0002,237,0,0.1501,0.8845
1580-141084-0002,2961,0,0.1176,0.6879
1580-141084-0002,3570,0,0.0493,0.7835
1580-141084-0002,3575,0,0.1202,0.7837
1580-141084-0002,3729,0,-0.0619,0.8661
1580-141084-0002,4446,0,0.0919,0.8694
1580-141084-0002,4507,0,-0.075,0.8562
1580-141084-0002,4970,0,0.1031,0.8207
1580-141084-0002,4992,0,-0.0093,0.8838
1580-141084-0002,5142,0,0.0762,0.8249
1580-141084-0002,5683,0,0.0002,0.8321
1580-141084-0002,6829,0,0.1965,0.872
1580-141084-0002,8463,0,0.1112,0.8488
1580-141084-0002,8555,0,0.0896,0.8196
1580-141084-0009,121,0,0.0478,0.7831
1580-141084-0009,1221,0,0.0316,0.8845
1580-141084-0009,1284,0,0.0089,0.8121
1580-141084-0009,1580,1,0.0405,0.8643
1580-141084-0009,1995,0,-0.1687,0.7669
1580-141084-0009,2094,0,0.0725,0.868
1580-141084-0009,237,0,0.0079,0.8767
1580-141084-0009,2961,0,0.0351,0.6392
1580-141084-0009,3570,0,0.019,0.7566
1580-141084-0009,3575,0,0.007,0.8354
1580-141084-0009,3729,0,-0.1088,0.8434
1580-141084-0009,4446,0,0.0916,0.8621
1580-141084-0009,4507,0,-0.0564,0.8432
1580-141084-0009,4970,0,0.1474,0.8408
1580-141084-0009,4992,0,0.0069,0.8599
1580-141084-0009,5142,0,0.0082,0.7919
1580-141084-0009,5683,0,-0.0606,0.861
1580-141084-0009,6829,0,0.2672,0.8521
1580-141084-0009,8463,0,0.1047,0.8236
1580-141084-0009,8555,0,-0.0043,0.812
1580-141084-0010,121,0,0.0929,0.8816
1580-141084-0010,1221,0,-0.0376,0.8194
1580-141084-0010,1284,0,-0.0451,0.7684
1580-141084-0010,1580,1,0.02,0.8164
1580-141084-0010,1995,0,-0.1007,0.8106
1580-141084-0010,2094,0,0.0819,0.8667
1580-141084-0010,237,0,0.1012,0.8867
1580-141084-0010,2961,0,0.0808,0.8198
1580-141084-0010,3570,0,0.1059,0.8978
1580-141084-0010,3575,0,0.0141,0.7635
1580-141084-0010,3729,0,-0.1149,0.8691
1580-141084-0010,4446,0,0.019,0.8178
1580-141084-0010,4507,0,-0.037,0.8543
1580-141084-0010,4970,0,0.1724,0.6836
1580-141084-0010,4992,0,-0.0146,0.8354
1580-141084-0010,5142,0,-0.018,0.6898
1580-141084-0010,5683,0,-0.0695,0.7635
1580-141084-0010,6829,0,0.2159,0.8087
1580-141084-0010,8463,0,0.1519,0.8062
1580-141084-0010,8555,0,-0.0642,0.7071
1580-141084-0042,121,0,0.0858,0.7998
1580-141084-0042,1221,0,0.0572,0.8861
1580-141084-0042,1284,0,0.017,0.8118
1580-141084-0042,1580,1,0.068,0.8617
1580-141084-0042,1995,0,-0.1182,0.7882
1580-141084-0042,2094,0,0.096,0.852
1580-141084-0042,237,0,0.0303,0.9093
1580-141084-0042,2961,0,0.0894,0.6625
1580-141084-0042,3570,0,0.0594,0.7854
1580-141084-0042,3575,0,0.092,0.8137
1580-141084-0042,3729,0,-0.1078,0.8597
1580-141084-0042,4446,0,0.0126,0.8677
1580-141084-0042,4507,0,-0.1333,0.8515
1580-141084-0042,4970,0,0.0552,0.8299
1580-141084-0042,4992,0,-0.0281,0.8688
1580-141084-0042,5142,0,0.0291,0.8067
1580-141084-0042,5683,0,-0.0625,0.8731
1580-141084-0042,6829,0,0.2237,0.8326
1580-141084-0042,8463,0,0.0151,0.832
1580-141084-0042,8555,0,0.0965,0.8388
1995-1826-0002,121,0,0.0576,0.803
1995-1826-0002,1221,0,-0.088,0.8502
1995-1826-0002,1284,0,0.0194,0.8256
1995-1826-0002,1580,0,-0.1613,0.772
1995-1826-0002,1995,1,0.0309,0.8691
1995-1826-0002,2094,0,0.156,0.9178
1995-1826-0002,237,0,0.0829,0.8352
1995-1826-0002,2961,0,0.0618,0.7187
1995-1826-0002,3570,0,0.0037,0.6969
1995-1826-0002,3575,0,0.059,0.6748
1995-1826-0002,3729,0,-0.1284,0.8569
1995-1826-0002,4446,0,0.0093,0.8647
1995-1826-0002,4507,0,-0.0995,0.8
1995-1826-0002,4970,0,0.0444,0.6986
1995-1826-0002,4992,0,-0.047,0.9042
1995-1826-0002,5142,0,0.1227,0.8127
1995-1826-0002,5683,0,-0.0132,0.7332
1995-1826-0002,6829,0,0.1284,0.8733
1995-1826-0002,8463,0,0.0229,0.8927
1995-1826-0002,8555,0,-0.0066,0.7152
1995-1826-0009,121,0,0.0168,0.7941
1995-1826-0009,1221,0,-0.0693,0.8434
1995-1826-0009,1284,0,-0.0029,0.8058
1995-1826-0009,1580,0,-0.098,0.752
1995-1826-0009,1995,1,-0.0229,0.8692
1995-1826-0009,2094,0,0.0835,0.8823
1995-1826-0009,237,0,0.099,0.8347
1995-1826-0009,2961,0,-0.0066,0.7196
1995-1826-0009,3570,0,-0.0624,0.69
1995-1826-0009,3575,0,-0.0098,0.6307
1995-1826-0009,3729,0,-0.1072,0.8446
1995-1826-0009,4446,0,-0.0179,0.8547
1995-1826-0009,4507,0,-0.0176,0.802
1995-1826-0009,4970,0,0.062,0.6886
1995-1826-0009,4992,0,-0.0114,0.9011
1995-1826-0009,5142,0,0.2138,0.8445
1995-1826-0009,5683,0,0.0418,0.7269
1995-1826-0009,6829,0,0.147,0.8633
1995-1826-0009,8463,0,0.0333,0.9004
1995-1826-0009,8555,0,0.1121,0.7379
1995-1826-0018,121,0,0.0319,0.6939
1995-1826-0018,1221,0,-0.1654,0.8441
1995-1826-0018,1284,0,-0.0239,0.746
1995-1826-0018,1580,0,-0.1568,0.6659
1995-1826-0018,1995,1,-0.0258,0.7906
1995-1826-0018,2094,0,0.1825,0.8254
1995-1826-0018,237,0,0.1054,0.7729
1995-1826-0018,2961,0,-0.0711,0.6117
1995-1826-0018,3570,0,0.0126,0.5968
1995-1826-0018,3575,0,0.0021,0.5893
1995-1826-0018,3729,0,-0.036,0.8175
1995-1826-0018,4446,0,-0.0112,0.8183
1995-1826-0018,4507,0,-0.0149,0.783
1995-1826-0018,4970,0,0.04,0.7304
1995-1826-0018,4992,0,-0.0439,0.8751
1995-1826-0018,5142,0,0.1318,0.8956
1995-1826-0018,5683,0,-0.0652,0.7044
1995-1826-0018,6829,0,0.2506,0.878
1995-1826-0018,8463,0,0.0119,0.8707
1995-1826-0018,8555,0,0.1202,0.7603
1995-1826-0021,121,0,0.0706,0.7819
1995-1826-0021,1221,0,-0.1537,0.8272
1995-1826-0021,1284,0,-0.0904,0.7569
1995-1826-0021,1580,0,-0.1238,0.6881
1995-1826-0021,1995,1,-0.0499,0.8311
1995-1826-0021,2094,0,0.0544,0.869
1995-1826-0021,237,0,0.0671,0.7829
1995-1826-0021,2961,0,-0.0115,0.7111
1995-1826-0021,3570,0,-0.0362,0.6778
1995-1826-0021,3575,0,-0.0239,0.6458
1995-1826-0021,3729,0,-0.1302,0.8492
1995-1826-0021,4446,0,-0.0343,0.8194
1995-1826-0021,4507,0,-0.0226,0.7954
1995-1826-0021,4970,0,0.0524,0.7077
1995-1826-0021,4992,0,-0.0587,0.8793
1995-1826-0021,5142,0,0.1801,0.8317
1995-1826-0021,5683,0,-0.0141,0.699
1995-1826-0021,6829,0,0.1536,0.8642
1995-1826-0021,8463,0,0.0574,0.8933
1995-1826-0021,8555,0,0.1285,0.7196
1995-1826-0023,121,0,-0.0481,0.7858
1995-1826-0023,1221,0,-0.082,0.7443
1995-1826-0023,1284,0,-0.0194,0.7043
1995-1826-0023,1580,0,-0.1366,0.6456
1995-1826-0023,1995,1,0.0077,0.8563
1995-1826-0023,2094,0,0.0763,0.7961
1995-1826-0023,237,0,-0.0254,0.733
1995-1826-0023,2961,0,0.071,0.7867
1995-1826-0023,3570,0,-0.1665,0.6992
1995-1826-0023,3575,0,-0.0372,0.6135
1995-1826-0023,3729,0,-0.105,0.7818
1995-1826-0023,4446,0,-0.0364,0.732
1995-1826-0023,4507,0,-0.1794,0.7412
1995-1826-0023,4970,0,-0.0001,0.6378
1995-1826-0023,4992,0,0.0165,0.8238
1995-1826-0023,5142,0,0.0741,0.7579
1995-1826-0023,5683,0,-0.1423,0.6391
1995-1826-0023,6829,0,0.0141,0.7769
1995-1826-0023,8463,0,0.0049,0.8599
1995-1826-0023,8555,0,0.0211,0.6829
1995-1836-0005,121,0,-0.0307,0.8107
1995-1836-0005,1221,0,-0.0535,0.8734
1995-1836-0005,1284,0,-0.0013,0.8205
1995-1836-0005,1580,0,-0.1347,0.7695
1995-1836-0005,1995,1,-0.018,0.8699
1995-1836-0005,2094,0,0.1728,0.9108
1995-1836-0005,237,0,0.0668,0.8608
1995-1836-0005,2961,0,-0.023,0.7116
1995-1836-0005,3570,0,0.0141,0.7192
1995-1836-0005,3575,0,-0.0962,0.6896
1995-1836-0005,3729,0,-0.0359,0.8782
1995-1836-0005,4446,0,-0.0037,0.8772
1995-1836-0005,4507,0,-0.0637,0.8157
1995-1836-0005,4970,0,-0.0394,0.7309
1995-1836-0005,4992,0,0.0076,0.923
1995-1836-0005,5142,0,0.0931,0.8407
1995-1836-0005,5683,0,-0.1469,0.757
1995-1836-0005,6829,0,0.1125,0.8794
1995-1836-0005,8463,0,-0.0143,0.912
1995-1836-0005,8555,0,0.0293,0.7572
1995-1837-0001,121,0,-0.0822,0.8125
1995-1837-0001,1221,0,0.0035,0.8769
1995-1837-0001,1284,0,0.0244,0.8144
1995-1837-0001,1580,0,-0.1652,0.7572
1995-1837-0001,1995,1,-0.0214,0.857
1995-1837-0001,2094,0,0.1441,0.9042
1995-1837-0001,237,0,0.0435,0.8387
1995-1837-0001,2961,0,-0.0524,0.7368
1995-1837-0001,3570,0,-0.1363,0.7297
1995-1837-0001,3575,0,-0.0761,0.6812
1995-1837-0001,3729,0,-0.1364,0.885
1995-1837-0001,4446,0,-0.0096,0.8699
1995-1837-0001,4507,0,-0.1146,0.8387
1995-1837-0001,4970,0,-0.0232,0.7348
1995-1837-0001,4992,0,0.0069,0.9154
1995-1837-0001,5142,0,0.0799,0.8549
1995-1837-0001,5683,0,-0.0695,0.757
1995-1837-0001,6829,0,0.2135,0.9031
1995-1837-0001,8463,0,-0.0058,0.908
1995-1837-0001,8555,0,0.0478,0.7571
1995-1837-0014,121,0,-0.0045,0.8368
1995-1837-0014,1221,0,0.0111,0.8857
1995-1837-0014,1284,0,0.0343,0.8206
1995-1837-0014,1580,0,-0.1039,0.7982
1995-1837-0014,1995,1,-0.0095,0.8891
1995-1837-0014,2094,0,0.1203,0.9252
1995-1837-0014,237,0,0.0653,0.8774
1995-1837-0014,2961,0,0.0395,0.7488
1995-1837-0014,3570,0,0.0046,0.7507
1995-1837-0014,3575,0,-0.0474,0.7214
1995-1837-0014,3729,0,-0.1057,0.8949
1995-1837-0014,4446,0,0.0536,0.8799
1995-1837-0014,4507,0,-0.0722,0.8526
1995-1837-0014,4970,0,-0.0304,0.7483
1995-1837-0014,4992,0,0.0466,0.936
1995-1837-0014,5142,0,0.1753,0.8555
1995-1837-0014,5683,0,-0.0852,0.7887
1995-1837-0014,6829,0,0.1432,0.9058
1995-1837-0014,8463,0,0.0462,0.9201
1995-1837-0014,8555,0,0.0635,0.7851
1995-1837-0018,121,0,0.0772,0.8287
1995-1837-0018,1221,0,-0.0274,0.8703
1995-1837-0018,1284,0,0.0146,0.7956
1995-1837-0018,1580,0,-0.0789,0.7602
1995-1837-0018,1995,1,0.0477,0.8675
1995-1837-0018,2094,0,0.1047,0.8956
1995-1837-0018,237,0,0.1083,0.8381
1995-1837-0018,2961,0,-0.0349,0.7486
1995-1837-0018,3570,0,0.0173,0.7267
1995-1837-0018,3575,0,-0.0563,0.6667
1995-1837-0018,3729,0,-0.018,0.8864
1995-1837-0018,4446,0,0.0297,0.8662
1995-1837-0018,4507,0,0.0178,0.8375
1995-1837-0018,4970,0,-0.018,0.715
1995-1837-0018,4992,0,0.0737,0.9288
1995-1837-0018,5142,0,0.1663,0.8594
1995-1837-0018,5683,0,-0.0897,0.7487
1995-1837-0018,6829,0,0.193,0.8898
1995-1837-0018,8463,0,0.0821,0.9325
1995-1837-0018,8555,0,0.0637,0.7627
1995-1837-0026,121,0,0.0134,0.7762
1995-1837-0026,1221,0,-0.0408,0.885
1995-1837-0026,1284,0,0.0186,0.8159
1995-1837-0026,1580,0,-0.1643,0.7655
1995-1837-0026,1995,1,0.0191,0.8482
1995-1837-0026,2094,0,0.2457,0.8936
1995-1837-0026,237,0,0.0528,0.8525
1995-1837-0026,2961,0,-0.0126,0.6867
1995-1837-0026,3570,0,-0.0357,0.6995
1995-1837-0026,3575,0,0.0204,0.6966
1995-1837-0026,3729,0,-0.0217,0.8719
1995-1837-0026,4446,0,-0.0378,0.8758
1995-1837-0026,4507,0,-0.1107,0.831
1995-1837-0026,4970,0,-0.017,0.78
1995-1837-0026,4992,0,0.0018,0.9185
1995-1837-0026,5142,0,0.0763,0.8829
1995-1837-0026,5683,0,-0.0467,0.7806
1995-1837-0026,6829,0,0.2225,0.9065
1995-1837-0026,8463,0,-0.002,0.9064
1995-1837-0026,8555,0,-0.005,0.7958
2094-142345-0001,121,0,0.095,0.7905
2094-142345-0001,1221,0,0.0976,0.8759
2094-142345-0001,1284,0,0.0303,0.8083
2094-142345-0001,1580,0,-0.0437,0.7784
2094-142345-0001,1995,0,0.0344,0.8307
2094-142345-0001,2094,1,0.406,0.9174
2094-142345-0001,237,0,0.01,0.8395
2094-142345-0001,2961,0,0.0196,0.7006
2094-142345-0001,3570,0,-0.0012,0.7165
2094-142345-0001,3575,0,-0.01,0.7551
2094-142345-0001,3729,0,0.0166,0.8641
2094-142345-0001,4446,0,0.1329,0.8588
2094-142345-0001,4507,0,-0.0924,0.8242
2094-142345-0001,4970,0,0.0548,0.7903
2094-142345-0001,4992,0,0.0898,0.903
2094-142345-0001,5142,0,0.1175,0.8417
2094-142345-0001,5683,0,-0.0084,0.7901
2094-142345-0001,6829,0,0.3133,0.9096
2094-142345-0001,8463,0,0.1026,0.8987
2094-142345-0001,8555,0,0.069,0.7716
2094-142345-0013,121,0,0.0783,0.7769
2094-142345-0013,1221,0,0.0584,0.851
2094-142345-0013,1284,0,-0.0162,0.7826
2094-142345-0013,1580,0,-0.0538,0.7554
2094-142345-0013,1995,0,-0.0563,0.7885
2094-142345-0013,2094,1,0.395,0.9003
2094-142345-0013,237,0,0.0689,0.8107
2094-142345-0013,2961,0,0.058,0.6978
2094-142345-0013,3570,0,0.0479,0.7148
2094-142345-0013,3575,0,0.0421,0.7544
2094-142345-0013,3729,0,0.0082,0.8494
2094-142345-0013,4446,0,0.0538,0.8319
2094-142345-0013,4507,0,-0.0874,0.8209
2094-142345-0013,4970,0,0.0901,0.7857
2094-142345-0013,4992,0,0.0362,0.8674
2094-142345-0013,5142,0,0.1301,0.8079
2094-142345-0013,5683,0,-0.0618,0.7688
2094-142345-0013,6829,0,0.2957,0.9077
2094-142345-0013,8463,0,0.0808,0.8688
2094-142345-0013,8555,0,0.1109,0.7327
2094-142345-0021,121,0,-0.0343,0.7239
2094-142345-0021,1221,0,0.0498,0.8481
2094-142345-0021,1284,0,0.1031,0.8236
2094-142345-0021,1580,0,0.0071,0.7614
2094-142345-0021,1995,0,0.0826,0.7808
2094-142345-0021,2094,1,0.3692,0.8998
2094-142345-0021,237,0,0.2198,0.7944
2094-142345-0021,2961,0,0.1201,0.6294
2094-142345-0021,3570,0,0.0676,0.6309
2094-142345-0021,3575,0,-0.0054,0.6948
2094-142345-0021,3729,0,-0.0373,0.8147
2094-142345-0021,4446,0,0.1164,0.8532
2094-142345-0021,4507,0,-0.1413,0.7801
2094-142345-0021,4970,0,0.2181,0.7617
2094-142345-0021,4992,0,0.0568,0.8616
2094-142345-0021,5142,0,0.13,0.8195
2094-142345-0021,5683,0,-0.015,0.7473
2094-142345-0021,6829,0,0.2936,0.888
2094-142345-0021,8463,0,0.1525,0.8589
2094-142345-0021,8555,0,0.0091,0.7131
2094-142345-0024,121,0,0.1429,0.7128
2094-142345-0024,1221,0,0.1566,0.8353
2094-142345-0024,1284,0,0.1035,0.8009
2094-142345-0024,1580,0,0.0635,0.7659
2094-142345-0024,1995,0,-0.0639,0.7778
2094-142345-0024,2094,1,0.1696,0.8574
2094-142345-0024,237,0,0.1347,0.776
2094-142345-0024,2961,0,0.0566,0.6466
2094-142345-0024,3570,0,0.138,0.6514
2094-142345-0024,3575,0,0.0998,0.6707
2094-142345-0024,3729,0,0.0368,0.7938
2094-142345-0024,4446,0,0.1453,0.829
2094-142345-0024,4507,0,0.0472,0.7907
2094-142345-0024,4970,0,0.0759,0.7424
2094-142345-0024,4992,0,0.1247,0.8487
2094-142345-0024,5142,0,0.1281,0.8217
2094-142345-0024,5683,0,0.1146,0.74
2094-142345-0024,6829,0,0.173,0.8643
2094-142345-0024,8463,0,0.1924,0.8411
2094-142345-0024,8555,0,0.0731,0.7425
2094-142345-0028,121,0,0.0311,0.6779
2094-142345-0028,1221,0,0.1147,0.8644
2094-142345-0028,1284,0,0.0694,0.7639
2094-142345-0028,1580,0,0.023,0.7262
2094-142345-0028,1995,0,0.0838,0.7026
2094-142345-0028,2094,1,0.303,0.849
2094-142345-0028,237,0,0.0935,0.7617
2094-142345-0028,2961,0,-0.0234,0.5575
2094-142345-0028,3570,0,0.0942,0.6073
2094-142345-0028,3575,0,0.0826,0.7042
2094-142345-0028,3729,0,-0.0223,0.8199
2094-142345-0028,4446,0,0.041,0.8327
2094-142345-0028,4507,0,-0.1098,0.8036
2094-142345-0028,4970,0,0.1126,0.8211
2094-142345-0028,4992,0,0.0492,0.8464
2094-142345-0028,5142,0,0.0579,0.8604
2094-142345-0028,5683,0,0.0537,0.7719
2094-142345-0028,6829,0,0.2538,0.9037
2094-142345-0028,8463,0,0.0401,0.8284
2094-142345-0028,8555,0,0.193,0.7624
2094-142345-0034,121,0,0.0072,0.7809
2094-142345-0034,1221,0,0.043,0.8783
2094-142345-0034,1284,0,0.0357,0.8143
2094-142345-0034,1580,0,0.0277,0.79
2094-142345-0034,1995,0,-0.0324,0.8162
2094-142345-0034,2094,1,0.4754,0.9261
2094-142345-0034,237,0,0.101,0.8346
2094-142345-0034,2961,0,-0.004,0.6831
2094-142345-0034,3570,0,0.0564,0.6958
2094-142345-0034,3575,0,0.0588,0.7463
2094-142345-0034,3729,0,-0.0435,0.8603
2094-142345-0034,4446,0,0.0597,0.8635
2094-142345-0034,4507,0,-0.0624,0.832
2094-142345-0034,4970,0,0.0415,0.7852
2094-142345-0034,4992,0,0.0383,0.9007
2094-142345-0034,5142,0,0.1354,0.8438
2094-142345-0034,5683,0,-0.0503,0.7893
2094-142345-0034,6829,0,0.2496,0.9202
2094-142345-0034,8463,0,0.0652,0.8904
2094-142345-0034,8555,0,0.0746,0.7593
2094-142345-0036,121,0,0.0268,0.7482
2094-142345-0036,1221,0,0.065,0.8722
2094-142345-0036,1284,0,0.0093,0.7689
2094-142345-0036,1580,0,0.0008,0.7355
2094-142345-0036,1995,0,-0.0227,0.7996
2094-142345-0036,2094,1,0.3376,0.8931
2094-142345-0036,237,0,0.1335,0.8077
2094-142345-0036,2961,0,-0.0085,0.6628
2094-142345-0036,3570,0,0.0498,0.6705
2094-142345-0036,3575,0,0.0601,0.7269
2094-142345-0036,3729,0,-0.0133,0.8469
2094-142345-0036,4446,0,-0.0096,0.8314
2094-142345-0036,4507,0,-0.0672,0.825
2094-142345-0036,4970,0,0.0787,0.7962
2094-142345-0036,4992,0,0.0491,0.8933
2094-142345-0036,5142,0,0.0711,0.8725
2094-142345-0036,5683,0,-0.0735,0.77
2094-142345-0036,6829,0,0.3237,0.9294
2094-142345-0036,8463,0,0.0122,0.8878
2094-142345-0036,8555,0,0.1593,0.7769
2094-142345-0037,121,0,0.0172,0.7264
2094-142345-0037,1221,0,0.0635,0.8714
2094-142345-0037,1284,0,0.1133,0.8316
2094-142345-0037,1580,0,0.0396,0.7771
2094-142345-0037,1995,0,0.0737,0.7929
2094-142345-0037,2094,1,0.421,0.9114
2094-142345-0037,237,0,0.1547,0.819
2094-142345-0037,2961,0,0.0144,0.6079
2094-142345-0037,3570,0,0.0424,0.634
2094-142345-0037,3575,0,0.1385,0.7061
2094-142345-0037,3729,0,-0.0492,0.838
2094-142345-0037,4446,0,0.0245,0.8693
2094-142345-0037,4507,0,-0.1261,0.8081
2094-142345-0037,4970,0,0.1586,0.7813
2094-142345-0037,4992,0,0.0072,0.8837
2094-142345-0037,5142,0,0.0769,0.8598
2094-142345-0037,5683,0,0.0443,0.7819
2094-142345-0037,6829,0,0.3136,0.9065
2094-142345-0037,8463,0,0.008,0.8602
2094-142345-0037,8555,0,0.0373,0.7591
2094-142345-0049,121,0,-0.0078,0.7889
2094-142345-0049,1221,0,0.0808,0.8294
2094-142345-0049,1284,0,0.0861,0.7872
2094-142345-0049,1580,0,0.0235,0.7501
2094-142345-0049,1995,0,-0.0097,0.8162
2094-142345-0049,2094,1,0.4634,0.9085
2094-142345-0049,237,0,0.1286,0.7991
2094-142345-0049,2961,0,-0.0281,0.7205
2094-142345-0049,3570,0,0.03,0.7093
2094-142345-0049,3575,0,0.104,0.7094
2094-142345-0049,3729,0,-0.0506,0.8382
2094-142345-0049,4446,0,0.0289,0.8258
2094-142345-0049,4507,0,-0.0943,0.7906
2094-142345-0049,4970,0,0.1168,0.7071
2094-142345-0049,4992,0,0.0393,0.8689
2094-142345-0049,5142,0,0.1014,0.7709
2094-142345-0049,5683,0,-0.0039,0.7291
2094-142345-0049,6829,0,0.3162,0.8818
2094-142345-0049,8463,0,0.0217,0.8651
2094-142345-0049,8555,0,0.1055,0.6866
2094-142345-0052,121,0,-0.0289,0.7888
2094-142345-0052,1221,0,0.1374,0.8606
2094-142345-0052,1284,0,0.0671,0.8261
2094-142345-0052,1580,0,0.064,0.816
2094-142345-0052,1995,0,-0.0285,0.8085
2094-142345-0052,2094,1,0.4683,0.9342
2094-142345-0052,237,0,0.1886,0.8417
2094-142345-0052,2961,0,0.0548,0.7003
2094-142345-0052,3570,0,0.0644,0.7261
2094-142345-0052,3575,0,0.0543,0.7829
2094-142345-0052,3729,0,-0.044,0.8454
2094-142345-0052,4446,0,0.0872,0.854
2094-142345-0052,4507,0,-0.0385,0.8272
2094-142345-0052,4970,0,0.0853,0.7754
2094-142345-0052,4992,0,0.0504,0.8681
2094-142345-0052,5142,0,0.1584,0.7843
2094-142345-0052,5683,0,0.0041,0.8033
2094-142345-0052,6829,0,0.3029,0.9044
2094-142345-0052,8463,0,0.0076,0.8445
2094-142345-0052,8555,0,0.1087,0.7317
2300-131720-0001,1089,0,-0.0082,0.675
2300-131720-0001,1188,0,-0.0436,0.6687
2300-131720-0001,1320,0,0.0551,0.7395
2300-131720-0001,2300,1,0.2861,0.8802
2300-131720-0001,260,0,0.013,0.7133
2300-131720-0001,2830,0,-0.0532,0.575
2300-131720-0001,4077,0,0.1875,0.7525
2300-131720-0001,5105,0,0.0923,0.7634
2300-131720-0001,5639,0,0.0478,0.5922
2300-131720-0001,61,0,0.1857,0.7384
2300-131720-0001,672,0,-0.003,0.6926
2300-131720-0001,6930,0,0.1745,0.6237
2300-131720-0001,7021,0,0.1184,0.8253
2300-131720-0001,7127,0,0.1515,0.6911
2300-131720-0001,7176,0,0.1309,0.6779
2300-131720-0001,7729,0,0.0135,0.8061
2300-131720-0001,8224,0,0.1302,0.6102
2300-131720-0001,8230,0,0.0087,0.5716
2300-131720-0001,8455,0,0.0318,0.7043
2300-131720-0001,908,0,0.1404,0.7689
2300-131720-0002,1089,0,-0.0526,0.6256
2300-131720-0002,1188,0,-0.0671,0.6168
2300-131720-0002,1320,0,0.0757,0.6963
2300-131720-0002,2300,1,0.258,0.85
2300-131720-0002,260,0,0.0599,0.6764
2300-131720-0002,2830,0,-0.1111,0.5268
2300-131720-0002,4077,0,0.1435,0.7353
2300-131720-0002,5105,0,0.0558,0.7202
2300-131720-0002,5639,0,0.0325,0.571
2300-131720-0002,61,0,0.189,0.7096
2300-131720-0002,672,0,0.0217,0.6495
2300-131720-0002,6930,0,0.1894,0.5829
2300-131720-0002,7021,0,0.046,0.7809
2300-131720-0002,7127,0,0.0978,0.6557
2300-131720-0002,7176,0,0.1363,0.6468
2300-131720-0002,7729,0,0.0358,0.7876
2300-131720-0002,8224,0,0.1266,0.5735
2300-131720-0002,8230,0,-0.0482,0.5222
2300-131720-0002,8455,0,0.0009,0.6625
2300-131720-0002,908,0,0.1372,0.7433
2300-131720-0005,1089,0,-0.0623,0.6078
2300-131720-0005,1188,0,-0.1121,0.6112
2300-131720-0005,1320,0,0.0254,0.6718
2300-131720-0005,2300,1,0.2151,0.8386
2300-131720-0005,260,0,0.0739,0.6322
2300-131720-0005,2830,0,-0.0298,0.5204
2300-131720-0005,4077,0,0.1288,0.6896
2300-131720-0005,5105,0,0.1282,0.6971
2300-131720-0005,5639,0,0.0272,0.5536
2300-131720-0005,61,0,0.1361,0.6557
2300-131720-0005,672,0,0.0414,0.6119
2300-131720-0005,6930,0,0.177,0.5351
2300-131720-0005,7021,0,0.0918,0.7657
2300-131720-0005,7127,0,0.0327,0.6453
2300-131720-0005,7176,0,0.1522,0.587
2300-131720-0005,7729,0,0.0349,0.7834
2300-131720-0005,8224,0,0.1954,0.5553
2300-131720-0005,8230,0,0.0152,0.4973
2300-131720-0005,8455,0,0.0489,0.6187
2300-131720-0005,908,0,0.1099,0.7062
2300-131720-0010,1089,0,-0.0491,0.6683
2300-131720-0010,1188,0,-0.0684,0.657
2300-131720-0010,1320,0,0.0687,0.7186
2300-131720-0010,2300,1,0.2859,0.8505
2300-131720-0010,260,0,0.1176,0.7032
2300-131720-0010,2830,0,0.0054,0.5664
2300-131720-0010,4077,0,0.1187,0.7381
2300-131720-0010,5105,0,0.0936,0.7493
2300-131720-0010,5639,0,0.086,0.5976
2300-131720-0010,61,0,0.1813,0.7436
2300-131720-0010,672,0,0.1172,0.6758
2300-131720-0010,6930,0,0.1869,0.5963
2300-131720-0010,7021,0,0.1169,0.8155
2300-131720-0010,7127,0,0.1158,0.6756
2300-131720-0010,7176,0,0.1546,0.6709
2300-131720-0010,7729,0,0.0313,0.824
2300-131720-0010,8224,0,0.2048,0.5714
2300-131720-0010,8230,0,0.0312,0.572
2300-131720-0010,8455,0,0.0471,0.6668
2300-131720-0010,908,0,0.1359,0.7784
2300-131720-0012,1089,0,0.0046,0.6063
2300-131720-0012,1188,0,-0.0775,0.5978
2300-131720-0012,1320,0,0.0759,0.684
2300-131720-0012,2300,1,0.243,0.8622
2300-131720-0012,260,0,0.0533,0.6414
2300-131720-0012,2830,0,-0.0666,0.4841
2300-131720-0012,4077,0,0.1795,0.7183
2300-131720-0012,5105,0,0.109,0.6885
2300-131720-0012,5639,0,0.0885,0.5353
2300-131720-0012,61,0,0.1541,0.6588
2300-131720-0012,672,0,0.0592,0.6225
2300-131720-0012,6930,0,0.2108,0.5472
2300-131720-0012,7021,0,0.0457,0.7572
2300-131720-0012,7127,0,0.1175,0.6421
2300-131720-0012,7176,0,0.1098,0.5984
2300-131720-0012,7729,0,-0.0048,0.7654
2300-131720-0012,8224,0,0.1794,0.5578
2300-131720-0012,8230,0,0.0019,0.4828
2300-131720-0012,8455,0,0.0294,0.6676
2300-131720-0012,908,0,0.0535,0.7031
2300-131720-0013,1089,0,-0.0409,0.64
2300-131720-0013,1188,0,-0.096,0.6443
2300-131720-0013,1320,0,0.0327,0.7011
2300-131720-0013,2300,1,0.2748,0.8468
2300-131720-0013,260,0,0.052,0.6903
2300-131720-0013,2830,0,-0.0699,0.5512
2300-131720-0013,4077,0,0.1596,0.7405
2300-131720-0013,5105,0,0.0738,0.7223
2300-131720-0013,5639,0,0.0721,0.5826
2300-131720-0013,61,0,0.1746,0.7169
2300-131720-0013,672,0,0.0099,0.6552
2300-131720-0013,6930,0,0.2249,0.5767
2300-131720-0013,7021,0,0.0549,0.7794
2300-131720-0013,7127,0,0.0427,0.6669
2300-131720-0013,7176,0,0.1587,0.6516
2300-131720-0013,7729,0,-0.0056,0.8038
2300-131720-0013,8224,0,0.1536,0.5746
2300-131720-0013,8230,0,0.0124,0.5451
2300-131720-0013,8455,0,-0.026,0.6645
2300-131720-0013,908,0,0.0925,0.7406
2300-131720-0021,1089,0,0.0319,0.6477
2300-131720-0021,1188,0,-0.1052,0.6343
2300-131720-0021,1320,0,0.0763,0.7229
2300-131720-0021,2300,1,0.2661,0.8916
2300-131720-0021,260,0,0.0836,0.679
2300-131720-0021,2830,0,-0.0481,0.5344
2300-131720-0021,4077,0,0.1582,0.7529
2300-131720-0021,5105,0,0.0722,0.7263
2300-131720-0021,5639,0,0.0549,0.5522
2300-131720-0021,61,0,0.1649,0.693
2300-131720-0021,672,0,0.0343,0.6562
2300-131720-0021,6930,0,0.2239,0.5957
2300-131720-0021,7021,0,0.0478,0.7908
2300-131720-0021,7127,0,0.1546,0.6858
2300-131720-0021,7176,0,0.1294,0.6306
2300-131720-0021,7729,0,-0.0388,0.7889
2300-131720-0021,8224,0,0.1437,0.5591
2300-131720-0021,8230,0,0.0237,0.5247
2300-131720-0021,8455,0,0.0636,0.7079
2300-131720-0021,908,0,0.0426,0.7246
2300-131720-0034,1089,0,0.0111,0.6355
2300-131720-0034,1188,0,-0.0397,0.6099
2300-131720-0034,1320,0,0.0637,0.6795
2300-131720-0034,2300,1,0.202,0.8254
2300-131720-0034,260,0,0.088,0.6707
2300-131720-0034,2830,0,-0.0584,0.5123
2300-131720-0034,4077,0,0.1994,0.7175
2300-131720-0034,5105,0,0.0963,0.7071
2300-131720-0034,5639,0,0.0696,0.5741
2300-131720-0034,61,0,0.2087,0.7177
2300-131720-0034,672,0,0.0689,0.6562
2300-131720-0034,6930,0,0.2503,0.5607
2300-131720-0034,7021,0,0.0264,0.7805
2300-131720-0034,7127,0,0.0928,0.6263
2300-131720-0034,7176,0,0.2334,0.6518
2300-131720-0034,7729,0,0.0496,0.7887
2300-131720-0034,8224,0,0.1052,0.5648
2300-131720-0034,8230,0,-0.0198,0.5335
2300-131720-0034,8455,0,0.039,0.6364
2300-131720-0034,908,0,0.1571,0.7692
2300-131720-0037,1089,0,-0.0429,0.6434
2300-131720-0037,1188,0,-0.051,0.6349
2300-131720-0037,1320,0,0.1038,0.7032
2300-131720-0037,2300,1,0.2337,0.8487
2300-131720-0037,260,0,0.0206,0.6763
2300-131720-0037,2830,0,0.0214,0.5468
2300-131720-0037,4077,0,0.086,0.6912
2300-131720-0037,5105,0,0.0742,0.7307
2300-131720-0037,5639,0,-0.01,0.563
2300-131720-0037,61,0,0.1389,0.7205
2300-131720-0037,672,0,0.0186,0.6556
2300-131720-0037,6930,0,0.1245,0.5915
2300-131720-0037,7021,0,0.1175,0.8048
2300-131720-0037,7127,0,0.1147,0.6407
2300-131720-0037,7176,0,0.12,0.6476
2300-131720-0037,7729,0,0.1109,0.7859
2300-131720-0037,8224,0,0.1776,0.5761
2300-131720-0037,8230,0,-0.0034,0.5535
2300-131720-0037,8455,0,0.0465,0.6558
2300-131720-0037,908,0,0.1454,0.7586
2300-131720-0040,1089,0,-0.0201,0.639
2300-131720-0040,1188,0,-0.0643,0.6286
2300-131720-0040,1320,0,0.0273,0.6822
2300-131720-0040,2300,1,0.188,0.85
2300-131720-0040,260,0,0.0096,0.6577
2300-131720-0040,2830,0,-0.0534,0.5264
2300-131720-0040,4077,0,0.1352,0.7186
2300-131720-0040,5105,0,0.0483,0.7021
2300-131720-0040,5639,0,0.0443,0.5614
2300-131720-0040,61,0,0.1343,0.6917
2300-131720-0040,672,0,0.0537,0.6313
2300-131720-0040,6930,0,0.1609,0.5487
2300-131720-0040,7021,0,0.0615,0.7787
2300-131720-0040,7127,0,0.1302,0.6542
2300-131720-0040,7176,0,0.1489,0.6282
2300-131720-0040,7729,0,0.0133,0.8033
2300-131720-0040,8224,0,0.1195,0.5384
2300-131720-0040,8230,0,-0.046,0.5339
2300-131720-0040,8455,0,0.0292,0.644
2300-131720-0040,908,0,0.1944,0.7308
237-126133-0006,121,0,0.0541,0.8375
237-126133-0006,1221,0,0.078,0.8466
237-126133-0006,1284,0,0.0071,0.7613
237-126133-0006,1580,0,-0.0583,0.8043
237-126133-0006,1995,0,-0.0996,0.776
237-126133-0006,2094,0,-0.0041,0.8615
237-126133-0006,237,1,0.1388,0.8677
237-126133-0006,2961,0,0.0189,0.7693
237-126133-0006,3570,0,0.0002,0.8572
237-126133-0006,3575,0,-0.0022,0.8315
237-126133-0006,3729,0,-0.0788,0.8593
237-126133-0006,4446,0,0.0912,0.8114
237-126133-0006,4507,0,-0.1587,0.8774
237-126133-0006,4970,0,0.0511,0.7951
237-126133-0006,4992,0,0.024,0.8261
237-126133-0006,5142,0,0.0691,0.7322
237-126133-0006,5683,0,0.0123,0.8046
237-126133-0006,6829,0,0.1309,0.8566
237-126133-0006,8463,0,0.0351,0.8054
237-126133-0006,8555,0,0.1452,0.7513
237-126133-0019,121,0,0.1039,0.8081
237-126133-0019,1221,0,0.0878,0.9025
237-126133-0019,1284,0,0.022,0.8374
237-126133-0019,1580,0,-0.0183,0.8467
237-126133-0019,1995,0,-0.0873,0.7893
237-126133-0019,2094,0,0.1278,0.8864
237-126133-0019,237,1,0.2605,0.8981
237-126133-0019,2961,0,0.0266,0.7101
237-126133-0019,3570,0,0.0455,0.7944
237-126133-0019,3575,0,0.0864,0.7742
237-126133-0019,3729,0,-0.0304,0.886
237-126133-0019,4446,0,0.0358,0.8921
237-126133-0019,4507,0,-0.1591,0.8692
237-126133-0019,4970,0,0.042,0.8155
237-126133-0019,4992,0,0.004,0.8836
237-126133-0019,5142,0,0.0884,0.8202
237-126133-0019,5683,0,-0.0114,0.8282
237-126133-0019,6829,0,0.215,0.8867
237-126133-0019,8463,0,0.0366,0.8586
237-126133-0019,8555,0,0.0897,0.7882
237-126133-0021,121,0,0.1266,0.8288
237-126133-0021,1221,0,0.0763,0.9247
237-126133-0021,1284,0,0.0003,0.8125
237-126133-0021,1580,0,-0.0848,0.8343
237-126133-0021,1995,0,-0.0527,0.8084
237-126133-0021,2094,0,0.1618,0.8985
237-126133-0021,237,1,0.1768,0.9083
237-126133-0021,2961,0,0.0925,0.7236
237-126133-0021,3570,0,0.0295,0.7949
237-126133-0021,3575,0,0.0314,0.7594
237-126133-0021,3729,0,-0.0641,0.9071
237-126133-0021,4446,0,0.0714,0.903
237-126133-0021,4507,0,-0.1833,0.8838
237-126133-0021,4970,0,0.008,0.7832
237-126133-0021,4992,0,-0.0348,0.9097
237-126133-0021,5142,0,0.0527,0.8241
237-126133-0021,5683,0,-0.0577,0.821
237-126133-0021,6829,0,0.1837,0.9044
237-126133-0021,8463,0,-0.0008,0.8803
237-126133-0021,8555,0,-0.0206,0.7895
237-126133-0022,121,0,0.1212,0.8282
237-126133-0022,1221,0,0.0851,0.8836
237-126133-0022,1284,0,0.0182,0.7804
237-126133-0022,1580,0,-0.0148,0.8279
237-126133-0022,1995,0,-0.0183,0.7773
237-126133-0022,2094,0,0.0404,0.8676
237-126133-0022,237,1,0.2189,0.9004
237-126133-0022,2961,0,-0.0067,0.7223
237-126133-0022,3570,0,0.0457,0.843
237-126133-0022,3575,0,0.0325,0.8258
237-126133-0022,3729,0,-0.0649,0.8833
237-126133-0022,4446,0,0.0208,0.85
237-126133-0022,4507,0,-0.2327,0.8744
237-126133-0022,4970,0,0.0704,0.8082
237-126133-0022,4992,0,-0.0197,0.8604
237-126133-0022,5142,0,-0.0203,0.7691
237-126133-0022,5683,0,-0.0753,0.8289
237-126133-0022,6829,0,0.1682,0.8659
237-126133-0022,8463,0,-0.0282,0.8264
237-126133-0022,8555,0,0.0472,0.784
237-134493-0016,121,0,0.0832,0.8291
237-134493-0016,1221,0,0.11,0.8754
237-134493-0016,1284,0,0.0224,0.757
237-134493-0016,1580,0,-0.0333,0.8118
237-134493-0016,1995,0,-0.0656,0.7699
237-134493-0016,2094,0,0.13,0.8543
237-134493-0016,237,1,0.2255,0.8834
237-134493-0016,2961,0,0.0625,0.743
237-134493-0016,3570,0,0.011,0.8556
237-134493-0016,3575,0,0.1191,0.8382
237-134493-0016,3729,0,-0.1007,0.8782
237-134493-0016,4446,0,0.0184,0.8313
237-134493-0016,4507,0,-0.2144,0.8895
237-134493-0016,4970,0,0.0724,0.8196
237-134493-0016,4992,0,0.0159,0.8466
237-134493-0016,5142,0,0.0184,0.7622
237-134493-0016,5683,0,-0.0356,0.8226
237-134493-0016,6829,0,0.2275,0.8695
237-134493-0016,8463,0,0.0718,0.8086
237-134493-0016,8555,0,0.1339,0.7916
237-134493-0018,121,0,0.1054,0.7614
237-134493-0018,1221,0,0.0485,0.7978
237-134493-0018,1284,0,-0.0433,0.6741
237-134493-0018,1580,0,-0.0725,0.7278
237-134493-0018,1995,0,-0.019,0.678
237-134493-0018,2094,0,0.112,0.7898
237-134493-0018,237,1,0.1757,0.8038
237-134493-0018,2961,0,-0.0113,0.7087
237-134493-0018,3570,0,-0.0491,0.8146
237-134493-0018,3575,0,0.1073,0.8415
237-134493-0018,3729,0,-0.1634,0.8025
237-134493-0018,4446,0,0.0009,0.7335
237-134493-0018,4507,0,-0.2238,0.823
237-134493-0018,4970,0,0.1554,0.8192
237-134493-0018,4992,0,-0.0093,0.7564
237-134493-0018,5142,0,-0.002,0.6872
237-134493-0018,5683,0,-0.0248,0.7719
237-134493-0018,6829,0,0.1931,0.8305
237-134493-0018,8463,0,0.033,0.7441
237-134493-0018,8555,0,0.0995,0.7184
237-134500-0010,121,0,0.0964,0.8053
237-134500-0010,1221,0,0.0978,0.8826
237-134500-0010,1284,0,-0.0442,0.7934
237-134500-0010,1580,0,0.0145,0.8542
237-134500-0010,1995,0,-0.0928,0.7489
237-134500-0010,2094,0,0.0208,0.8612
237-134500-0010,237,1,0.1879,0.9074
237-134500-0010,2961,0,-0.0666,0.7122
237-134500-0010,3570,0,-0.1521,0.84
237-134500-0010,3575,0,0.035,0.8734
237-134500-0010,3729,0,-0.1085,0.8585
237-134500-0010,4446,0,0.1335,0.8323
237-134500-0010,4507,0,-0.1694,0.9006
237-134500-0010,4970,0,0.0387,0.8584
237-134500-0010,4992,0,0.065,0.8228
237-134500-0010,5142,0,0.0356,0.7645
237-134500-0010,5683,0,0.0669,0.8752
237-134500-0010,6829,0,0.3158,0.882
237-134500-0010,8463,0,0.0597,0.7762
237-134500-0010,8555,0,0.0595,0.8001
237-134500-0013,121,0,0.1125,0.7938
237-134500-0013,1221,0,0.0521,0.8262
237-134500-0013,1284,0,-0.0354,0.7115
237-134500-0013,1580,0,-0.1118,0.7585
237-134500-0013,1995,0,-0.111,0.7372
237-134500-0013,2094,0,0.1142,0.8247
237-134500-0013,237,1,0.2104,0.8456
237-134500-0013,2961,0,0.0342,0.711
237-134500-0013,3570,0,-0.1064,0.8275
237-134500-0013,3575,0,0.0665,0.8459
237-134500-0013,3729,0,-0.1187,0.8316
237-134500-0013,4446,0,0.0208,0.7703
237-134500-0013,4507,0,-0.1966,0.8423
237-134500-0013,4970,0,0.0662,0.8229
237-134500-0013,4992,0,0.0251,0.8021
237-134500-0013,5142,0,-0.067,0.7279
237-134500-0013,5683,0,-0.0528,0.7918
237-134500-0013,6829,0,0.2587,0.8369
237-134500-0013,8463,0,0.1061,0.7863
237-134500-0013,8555,0,0.0338,0.7594
237-134500-0014,121,0,0.1251,0.8444
237-134500-0014,1221,0,0.0463,0.8374
237-134500-0014,1284,0,-0.0511,0.7507
237-134500-0014,1580,0,-0.0945,0.7925
237-134500-0014,1995,0,-0.0568,0.8103
237-134500-0014,2094,0,0.1596,0.8515
237-134500-0014,237,1,0.2155,0.8876
237-134500-0014,2961,0,0.1039,0.7792
237-134500-0014,3570,0,-0.0169,0.8662
237-134500-0014,3575,0,0.0978,0.8039
237-134500-0014,3729,0,-0.0658,0.8546
237-134500-0014,4446,0,0.0231,0.8071
237-134500-0014,4507,0,-0.196,0.8362
237-134500-0014,4970,0,-0.0006,0.7567
237-134500-0014,4992,0,0.0078,0.8439
237-134500-0014,5142,0,-0.0433,0.7237
237-134500-0014,5683,0,-0.0514,0.7754
237-134500-0014,6829,0,0.1936,0.8183
237-134500-0014,8463,0,0.0524,0.8249
237-134500-0014,8555,0,-0.0297,0.7549
237-134500-0018,121,0,0.1145,0.8403
237-134500-0018,1221,0,0.0959,0.8423
237-134500-0018,1284,0,-0.031,0.7355
237-134500-0018,1580,0,-0.0555,0.7962
237-134500-0018,1995,0,-0.0818,0.7773
237-134500-0018,2094,0,0.1055,0.8429
237-134500-0018,237,1,0.2722,0.8853
237-134500-0018,2961,0,0.0166,0.7633
237-134500-0018,3570,0,-0.0947,0.8794
237-134500-0018,3575,0,0.098,0.8487
237-134500-0018,3729,0,-0.1364,0.8608
237-134500-0018,4446,0,-0.0132,0.7976
237-134500-0018,4507,0,-0.2311,0.8625
237-134500-0018,4970,0,0.0483,0.7979
237-134500-0018,4992,0,0.0283,0.8262
237-134500-0018,5142,0,-0.0636,0.7252
237-134500-0018,5683,0,-0.0166,0.8109
237-134500-0018,6829,0,0.2425,0.8319
237-134500-0018,8463,0,0.0583,0.7994
237-134500-0018,8555,0,0.0365,0.7737
260-123286-0000,1089,0,-0.0244,0.7048
260-123286-0000,1188,0,-0.0579,0.7667
260-123286-0000,1320,0,0.0604,0.7263
260-123286-0000,2300,0,0.1195,0.6745
260-123286-0000,260,1,0.3334,0.8325
260-123286-0000,2830,0,0.0222,0.7326
260-123286-0000,4077,0,0.1435,0.7341
260-123286-0000,5105,0,0.1222,0.7882
260-123286-0000,5639,0,0.004,0.7188
260-123286-0000,61,0,0.1177,0.8638
260-123286-0000,672,0,0.0664,0.7746
260-123286-0000,6930,0,0.201,0.6934
260-123286-0000,7021,0,0.1015,0.7761
260-123286-0000,7127,0,0.0296,0.661
260-123286-0000,7176,0,0.1392,0.8286
260-123286-0000,7729,0,-0.0499,0.8062
260-123286-0000,8224,0,0.1489,0.6883
260-123286-0000,8230,0,-0.0402,0.7295
260-123286-0000,8455,0,0.1062,0.6629
260-123286-0000,908,0,0.1431,0.8373
260-123286-0003,1089,0,-0.0961,0.6712
260-123286-0003,1188,0,-0.0542,0.7463
260-123286-0003,1320,0,0.0692,0.6903
260-123286-0003,2300,0,0.1077,0.6665
260-123286-0003,260,1,0.3135,0.8122
260-123286-0003,2830,0,-0.0423,0.6878
260-123286-0003,4077,0,0.1306,0.7304
260-123286-0003,5105,0,0.0452,0.7429
260-123286-0003,5639,0,0.0659,0.7145
260-123286-0003,61,0,0.0606,0.8369
260-123286-0003,672,0,0.1375,0.749
260-123286-0003,6930,0,0.2667,0.6387
260-123286-0003,7021,0,-0.0098,0.7391
260-123286-0003,7127,0,-0.0473,0.6281
260-123286-0003,7176,0,0.1087,0.7858
260-123286-0003,7729,0,-0.081,0.8118
260-123286-0003,8224,0,0.1115,0.6679
260-123286-0003,8230,0,-0.1298,0.689
260-123286-0003,8455,0,0.0219,0.646
260-123286-0003,908,0,0.1329,0.8094
260-123286-0028,1089,0,-0.0801,0.6574
260-123286-0028,1188,0,-0.1101,0.7441
260-123286-0028,1320,0,0.081,0.6359
260-123286-0028,2300,0,0.0404,0.5203
260-123286-0028,260,1,0.3725,0.8053
260-123286-0028,2830,0,0.0126,0.7344
260-123286-0028,4077,0,0.0853,0.6481
260-123286-0028,5105,0,0.0868,0.707
260-123286-0028,5639,0,-0.0065,0.7349
260-123286-0028,61,0,0.0689,0.8376
260-123286-0028,672,0,0.0405,0.742
260-123286-0028,6930,0,0.2362,0.6559
260-123286-0028,7021,0,0.0318,0.6763
260-123286-0028,7127,0,-0.066,0.5653
260-123286-0028,7176,0,0.0954,0.8038
260-123286-0028,7729,0,-0.0346,0.7528
260-123286-0028,8224,0,0.0849,0.6731
260-123286-0028,8230,0,-0.1003,0.7364
260-123286-0028,8455,0,0.0519,0.5732
260-123286-0028,908,0,0.1372,0.8012
260-123286-0030,1089,0,-0.04,0.6676
260-123286-0030,1188,0,-0.0151,0.7426
260-123286-0030,1320,0,0.0896,0.6483
260-123286-0030,2300,0,0.07,0.5903
260-123286-0030,260,1,0.2684,0.8041
260-123286-0030,2830,0,0.0682,0.7155
260-123286-0030,4077,0,0.1081,0.6574
260-123286-0030,5105,0,0.0826,0.7064
260-123286-0030,5639,0,0.0388,0.6865
260-123286-0030,61,0,0.0731,0.8405
260-123286-0030,672,0,0.0671,0.7335
260-123286-0030,6930,0,0.214,0.6388
260-123286-0030,7021,0,0.0404,0.7077
260-123286-0030,7127,0,-0.0523,0.5756
260-123286-0030,7176,0,0.069,0.7921
260-123286-0030,7729,0,0.0572,0.7651
260-123286-0030,8224,0,0.004,0.6303
260-123286-0030,8230,0,-0.0426,0.7268
260-123286-0030,8455,0,0.0144,0.5915
260-123286-0030,908,0,0.098,0.8014
260-123286-0031,1089,0,-0.029,0.6599
260-123286-0031,1188,0,-0.0071,0.7288
260-123286-0031,1320,0,0.0943,0.6487
260-123286-0031,2300,0,0.0666,0.6203
260-123286-0031,260,1,0.3086,0.7678
260-123286-0031,2830,0,0.1026,0.6696
260-123286-0031,4077,0,0.1022,0.7022
260-123286-0031,5105,0,0.0536,0.6987
260-123286-0031,5639,0,0.0558,0.6796
260-123286-0031,61,0,0.0314,0.8043
260-123286-0031,672,0,0.0574,0.7105
260-123286-0031,6930,0,0.2071,0.5666
260-123286-0031,7021,0,-0.0388,0.7077
260-123286-0031,7127,0,0.0059,0.6114
260-123286-0031,7176,0,0.0382,0.7728
260-123286-0031,7729,0,0.021,0.7931
260-123286-0031,8224,0,0.0431,0.5996
260-123286-0031,8230,0,-0.088,0.6801
260-123286-0031,8455,0,0.0683,0.5856
260-123286-0031,908,0,0.0834,0.7822
260-123288-0001,1089,0,0.0632,0.6176
260-123288-0001,1188,0,-0.0197,0.724
260-123288-0001,1320,0,0.0773,0.5895
260-123288-0001,2300,0,0.0254,0.4526
260-123288-0001,260,1,0.2682,0.7772
260-123288-0001,2830,0,0.085,0.7333
260-123288-0001,4077,0,0.185,0.6249
260-123288-0001,5105,0,0.121,0.6664
260-123288-0001,5639,0,0.0514,0.6977
260-123288-0001,61,0,0.0516,0.8066
260-123288-0001,672,0,0.0652,0.6823
260-123288-0001,6930,0,0.1516,0.5927
260-123288-0001,7021,0,0.0458,0.631
260-123288-0001,7127,0,0.0112,0.5577
260-123288-0001,7176,0,0.114,0.7937
260-123288-0001,7729,0,0.0314,0.731
260-123288-0001,8224,0,0.0648,0.5672
260-123288-0001,8230,0,-0.0293,0.7139
260-123288-0001,8455,0,0.0529,0.5112
260-123288-0001,908,0,0.1684,0.7522
260-123288-0025,1089,0,-0.0196,0.6713
260-123288-0025,1188,0,0.0004,0.7499
260-123288-0025,1320,0,0.126,0.6568
260-123288-0025,2300,0,0.0943,0.5888
260-123288-0025,260,1,0.3053,0.8164
260-123288-0025,2830,0,0.0746,0.7221
260-123288-0025,4077,0,0.0703,0.6847
260-123288-0025,5105,0,0.1117,0.7091
260-123288-0025,5639,0,0.0412,0.714
260-123288-0025,61,0,0.087,0.8378
260-123288-0025,672,0,0.0527,0.7402
260-123288-0025,6930,0,0.1848,0.6481
260-123288-0025,7021,0,0.0523,0.7028
260-123288-0025,7127,0,0.0123,0.5932
260-123288-0025,7176,0,0.092,0.8004
260-123288-0025,7729,0,0.0083,0.78
260-123288-0025,8224,0,0.0721,0.6314
260-123288-0025,8230,0,-0.0889,0.7208
260-123288-0025,8455,0,0.073,0.6056
260-123288-0025,908,0,0.1473,0.8089
260-123440-0012,1089,0,-0.0557,0.6496
260-123440-0012,1188,0,-0.0879,0.747
260-123440-0012,1320,0,0.0911,0.7425
260-123440-0012,2300,0,0.0345,0.674
260-123440-0012,260,1,0.1278,0.784
260-123440-0012,2830,0,-0.0498,0.7453
260-123440-0012,4077,0,-0.025,0.7021
260-123440-0012,5105,0,0.0765,0.8004
260-123440-0012,5639,0,-0.0513,0.6968
260-123440-0012,61,0,0.0191,0.7821
260-123440-0012,672,0,0.0075,0.7262
260-123440-0012,6930,0,0.0756,0.6827
260-123440-0012,7021,0,0.0148,0.7543
260-123440-0012,7127,0,-0.0431,0.6986
260-123440-0012,7176,0,0.0748,0.7468
260-123440-0012,7729,0,-0.0234,0.7753
260-123440-0012,8224,0,0.1233,0.671
260-123440-0012,8230,0,-0.0419,0.6671
260-123440-0012,8455,0,0.0085,0.654
260-123440-0012,908,0,0.1488,0.7545
260-123440-0015,1089,0,-0.0442,0.6351
260-123440-0015,1188,0,-0.0487,0.7105
260-123440-0015,1320,0,0.1614,0.6345
260-123440-0015,2300,0,0.1333,0.5665
260-123440-0015,260,1,0.2436,0.7365
260-123440-0015,2830,0,0.0238,0.7038
260-123440-0015,4077,0,0.0165,0.6442
260-123440-0015,5105,0,0.0589,0.725
260-123440-0015,5639,0,-0.047,0.6867
260-123440-0015,61,0,0.0878,0.8145
260-123440-0015,672,0,0.0493,0.6867
260-123440-0015,6930,0,0.152,0.5736
260-123440-0015,7021,0,0.0324,0.7062
260-123440-0015,7127,0,0.068,0.6032
260-123440-0015,7176,0,0.043,0.7592
260-123440-0015,7729,0,-0.0336,0.7833
260-123440-0015,8224,0,0.1265,0.6052
260-123440-0015,8230,0,-0.0487,0.6912
260-123440-0015,8455,0,0.0796,0.5214
260-123440-0015,908,0,0.0991,0.7652
260-123440-0016,1089,0,-0.0697,0.6541
260-123440-0016,1188,0,-0.0917,0.7302
260-123440-0016,1320,0,0.0794,0.6528
260-123440-0016,2300,0,0.1011,0.5323
260-123440-0016,260,1,0.2174,0.7565
260-123440-0016,2830,0,0.0241,0.7479
260-123440-0016,4077,0,-0.0591,0.6518
260-123440-0016,5105,0,0.0762,0.7439
260-123440-0016,5639,0,0.0163,0.7175
260-123440-0016,61,0,0.0302,0.8039
260-123440-0016,672,0,-0.0351,0.7073
260-123440-0016,6930,0,0.23,0.5956
260-123440-0016,7021,0,0.0932,0.7066
260-123440-0016,7127,0,0.0251,0.6316
260-123440-0016,7176,0,0.0188,0.7639
260-123440-0016,7729,0,-0.0643,0.7666
260-123440-0016,8224,0,0.128,0.6081
260-123440-0016,8230,0,-0.044,0.7144
260-123440-0016,8455,0,0.0231,0.5239
260-123440-0016,908,0,0.1138,0.7644
2830-3979-0006,1089,0,-0.0074,0.7075
2830-3979-0006,1188,0,-0.0762,0.782
2830-3979-0006,1320,0,0.0885,0.7385
2830-3979-0006,2300,0,0.1511,0.6912
2830-3979-0006,260,0,0.1257,0.8175
2830-3979-0006,2830,1,0.1492,0.7818
2830-3979-0006,4077,0,0.0309,0.6751
2830-3979-0006,5105,0,0.0935,0.7816
2830-3979-0006,5639,0,0.0685,0.6714
2830-3979-0006,61,0,0.1097,0.8438
2830-3979-0006,672,0,0.0507,0.7381
2830-3979-0006,6930,0,0.1818,0.7219
2830-3979-0006,7021,0,0.0332,0.7807
2830-3979-0006,7127,0,0.0806,0.6693
2830-3979-0006,7176,0,0.0533,0.7883
2830-3979-0006,7729,0,-0.0112,0.8058
2830-3979-0006,8224,0,0.1498,0.618
2830-3979-0006,8230,0,0.0069,0.7387
2830-3979-0006,8455,0,0.0293,0.6584
2830-3979-0006,908,0,0.0056,0.8151
2830-3979-0011,1089,0,0.0083,0.7533
2830-3979-0011,1188,0,-0.053,0.8423
2830-3979-0011,1320,0,0.0787,0.7844
2830-3979-0011,2300,0,0.0566,0.7121
2830-3979-0011,260,0,0.1522,0.8545
2830-3979-0011,2830,1,0.2014,0.8244
2830-3979-0011,4077,0,-0.0011,0.7472
2830-3979-0011,5105,0,0.1173,0.8304
2830-3979-0011,5639,0,0.0988,0.7519
2830-3979-0011,61,0,0.0432,0.8526
2830-3979-0011,672,0,0.0808,0.7935
2830-3979-0011,6930,0,0.1072,0.7151
2830-3979-0011,7021,0,0.0576,0.809
2830-3979-0011,7127,0,0.0444,0.742
2830-3979-0011,7176,0,0.0308,0.804
2830-3979-0011,7729,0,0.0406,0.8529
2830-3979-0011,8224,0,0.1628,0.6839
2830-3979-0011,8230,0,-0.0151,0.7686
2830-3979-0011,8455,0,-0.0216,0.6949
2830-3979-0011,908,0,0.0489,0.8258
2830-3980-0029,1089,0,-0.0493,0.539
2830-3980-0029,1188,0,-0.0156,0.6583
2830-3980-0029,1320,0,0.089,0.5413
2830-3980-0029,2300,0,0.0798,0.4632
2830-3980-0029,260,0,0.1598,0.7213
2830-3980-0029,2830,1,0.1853,0.6842
2830-3980-0029,4077,0,-0.0632,0.4944
2830-3980-0029,5105,0,0.126,0.5722
2830-3980-0029,5639,0,-0.0338,0.5556
2830-3980-0029,61,0,0.1049,0.7455
2830-3980-0029,672,0,-0.0063,0.5992
2830-3980-0029,6930,0,0.1088,0.6203
2830-3980-0029,7021,0,0.0467,0.5588
2830-3980-0029,7127,0,0.1563,0.4561
2830-3980-0029,7176,0,-0.0201,0.7155
2830-3980-0029,7729,0,-0.0737,0.6117
2830-3980-0029,8224,0,0.0913,0.52
2830-3980-0029,8230,0,-0.075,0.6575
2830-3980-0029,8455,0,0.0647,0.5163
2830-3980-0029,908,0,0.0798,0.6636
2830-3980-0039,1089,0,-0.0397,0.6017
2830-3980-0039,1188,0,-0.0114,0.7248
2830-3980-0039,1320,0,0.0691,0.6143
2830-3980-0039,2300,0,0.0273,0.5488
2830-3980-0039,260,0,0.2327,0.755
2830-3980-0039,2830,1,0.2313,0.7384
2830-3980-0039,4077,0,-0.0841,0.5764
2830-3980-0039,5105,0,0.1053,0.6547
2830-3980-0039,5639,0,-0.0118,0.6259
2830-3980-0039,61,0,-0.003,0.7854
2830-3980-0039,672,0,-0.028,0.651
2830-3980-0039,6930,0,0.1157,0.6237
2830-3980-0039,7021,0,0.0595,0.637
2830-3980-0039,7127,0,0.0817,0.5522
2830-3980-0039,7176,0,-0.0421,0.7393
2830-3980-0039,7729,0,-0.0492,0.7207
2830-3980-0039,8224,0,0.0821,0.5677
2830-3980-0039,8230,0,-0.0769,0.6982
2830-3980-0039,8455,0,0.0468,0.5548
2830-3980-0039,908,0,0.0362,0.7098
2830-3980-0050,1089,0,0.0247,0.6323
2830-3980-0050,1188,0,-0.0638,0.7496
2830-3980-0050,1320,0,0.089,0.6211
2830-3980-0050,2300,0,0.0889,0.5094
2830-3980-0050,260,0,0.1974,0.7683
2830-3980-0050,2830,1,0.13,0.7635
2830-3980-0050,4077,0,-0.0015,0.5942
2830-3980-0050,5105,0,0.0863,0.6901
2830-3980-0050,5639,0,-0.0007,0.6875
2830-3980-0050,61,0,0.029,0.8023
2830-3980-0050,672,0,-0.0104,0.6835
2830-3980-0050,6930,0,0.1219,0.6148
2830-3980-0050,7021,0,0.0812,0.6606
2830-3980-0050,7127,0,0.0768,0.5737
2830-3980-0050,7176,0,-0.0172,0.7603
2830-3980-0050,7729,0,-0.0609,0.7409
2830-3980-0050,8224,0,0.1057,0.5982
2830-3980-0050,8230,0,0.0033,0.7264
2830-3980-0050,8455,0,0.1038,0.5304
2830-3980-0050,908,0,0.0283,0.7422
2830-3980-0054,1089,0,-0.0653,0.6682
2830-3980-0054,1188,0,-0.0662,0.7622
2830-3980-0054,1320,0,0.0587,0.6673
2830-3980-0054,2300,0,0.0152,0.6067
2830-3980-0054,260,0,0.1662,0.7762
2830-3980-0054,2830,1,0.0725,0.7442
2830-3980-0054,4077,0,-0.0381,0.6286
2830-3980-0054,5105,0,0.1426,0.7334
2830-3980-0054,5639,0,-0.0429,0.6778
2830-3980-0054,61,0,0.0362,0.8262
2830-3980-0054,672,0,0.0175,0.7111
2830-3980-0054,6930,0,0.1107,0.6228
2830-3980-0054,7021,0,0.0607,0.727
2830-3980-0054,7127,0,0.0428,0.6059
2830-3980-0054,7176,0,0.0184,0.7689
2830-3980-0054,7729,0,-0.0697,0.778
2830-3980-0054,8224,0,0.1675,0.6276
2830-3980-0054,8230,0,-0.0541,0.7318
2830-3980-0054,8455,0,0.0534,0.5797
2830-3980-0054,908,0,0.1588,0.7768
2830-3980-0055,1089,0,-0.1011,0.6417
2830-3980-0055,1188,0,-0.1139,0.7578
2830-3980-0055,1320,0,-0.0341,0.6427
2830-3980-0055,2300,0,0.0254,0.5391
2830-3980-0055,260,0,0.1698,0.7934
2830-3980-0055,2830,1,0.074,0.7646
2830-3980-0055,4077,0,-0.0473,0.617
2830-3980-0055,5105,0,0.0955,0.7089
2830-3980-0055,5639,0,-0.0586,0.6984
2830-3980-0055,61,0,-0.0469,0.8184
2830-3980-0055,672,0,0.0102,0.7137
2830-3980-0055,6930,0,0.0614,0.6555
2830-3980-0055,7021,0,0.0731,0.6763
2830-3980-0055,7127,0,0.0647,0.5782
2830-3980-0055,7176,0,-0.0808,0.7719
2830-3980-0055,7729,0,-0.1302,0.7435
2830-3980-0055,8224,0,0.0882,0.6389
2830-3980-0055,8230,0,-0.0942,0.7297
2830-3980-0055,8455,0,0.0792,0.5733
2830-3980-0055,908,0,0.1118,0.7598
2830-3980-0057,1089,0,-0.0553,0.616
2830-3980-0057,1188,0,-0.0669,0.7151
2830-3980-0057,1320,0,0.0971,0.6304
2830-3980-0057,2300,0,0.0105,0.57
2830-3980-0057,260,0,0.2025,0.7463
2830-3980-0057,2830,1,0.0973,0.7105
2830-3980-0057,4077,0,-0.0379,0.6164
2830-3980-0057,5105,0,0.1365,0.6908
2830-3980-0057,5639,0,-0.0339,0.6477
2830-3980-0057,61,0,-0.0385,0.7826
2830-3980-0057,672,0,-0.0402,0.6606
2830-3980-0057,6930,0,0.1696,0.5803
2830-3980-0057,7021,0,0.0675,0.688
2830-3980-0057,7127,0,0.0668,0.5875
2830-3980-0057,7176,0,-0.0109,0.7414
2830-3980-0057,7729,0,0.0013,0.7548
2830-3980-0057,8224,0,0.0632,0.5518
2830-3980-0057,8230,0,-0.1077,0.6728
2830-3980-0057,8455,0,0.0486,0.5343
2830-3980-0057,908,0,0.0944,0.7506
2830-3980-0062,1089,0,-0.0486,0.5932
2830-3980-0062,1188,0,-0.003,0.7175
2830-3980-0062,1320,0,0.0822,0.5973
2830-3980-0062,2300,0,0.0595,0.5152
2830-3980-0062,260,0,0.1814,0.7476
2830-3980-0062,2830,1,0.1337,0.7255
2830-3980-0062,4077,0,-0.0511,0.5614
2830-3980-0062,5105,0,0.0677,0.6495
2830-3980-0062,5639,0,-0.0253,0.6455
2830-3980-0062,61,0,0.0194,0.7648
2830-3980-0062,672,0,0.0198,0.6563
2830-3980-0062,6930,0,0.0993,0.6127
2830-3980-0062,7021,0,0.0673,0.6317
2830-3980-0062,7127,0,0.0567,0.5344
2830-3980-0062,7176,0,-0.0406,0.7202
2830-3980-0062,7729,0,-0.0064,0.7038
2830-3980-0062,8224,0,0.1063,0.5811
2830-3980-0062,8230,0,-0.1377,0.683
2830-3980-0062,8455,0,0.0617,0.5407
2830-3980-0062,908,0,0.0937,0.7116
2830-3980-0066,1089,0,-0.0773,0.6372
2830-3980-0066,1188,0,-0.0743,0.7373
2830-3980-0066,1320,0,0.0478,0.6441
2830-3980-0066,2300,0,0.0326,0.5821
2830-3980-0066,260,0,0.175,0.7507
2830-3980-0066,2830,1,0.1368,0.7197
2830-3980-0066,4077,0,-0.0202,0.6377
2830-3980-0066,5105,0,0.1158,0.7182
2830-3980-0066,5639,0,-0.0636,0.6989
2830-3980-0066,61,0,-0.0676,0.7855
2830-3980-0066,672,0,-0.0025,0.6842
2830-3980-0066,6930,0,0.0866,0.5844
2830-3980-0066,7021,0,0.1061,0.7069
2830-3980-0066,7127,0,0.0796,0.6095
2830-3980-0066,7176,0,-0.0249,0.7221
2830-3980-0066,7729,0,-0.1048,0.8007
2830-3980-0066,8224,0,0.1309,0.6069
2830-3980-0066,8230,0,-0.1119,0.6789
2830-3980-0066,8455,0,0.0428,0.5433
2830-3980-0066,908,0,0.1557,0.7639
2961-960-0004,121,0,-0.0044,0.8247
2961-960-0004,1221,0,-0.1329,0.7699
2961-960-0004,1284,0,-0.0893,0.7009
2961-960-0004,1580,0,-0.1161,0.7244
2961-960-0004,1995,0,-0.0695,0.7819
2961-960-0004,2094,0,0.1057,0.8044
2961-960-0004,237,0,0.0576,0.8098
2961-960-0004,2961,1,0.2301,0.8302
2961-960-0004,3570,0,0.0354,0.8709
2961-960-0004,3575,0,0.0241,0.7769
2961-960-0004,3729,0,-0.0923,0.8114
2961-960-0004,4446,0,-0.1242,0.7428
2961-960-0004,4507,0,-0.1453,0.8137
2961-960-0004,4970,0,0.1343,0.7379
2961-960-0004,4992,0,-0.1271,0.7801
2961-960-0004,5142,0,0.1896,0.692
2961-960-0004,5683,0,0.0057,0.7182
2961-960-0004,6829,0,0.1158,0.7875
2961-960-0004,8463,0,0.0692,0.7816
2961-960-0004,8555,0,0.0456,0.721
2961-960-0016,121,0,0.0629,0.8203
2961-960-0016,1221,0,-0.029,0.8214
2961-960-0016,1284,0,0.0104,0.7285
2961-960-0016,1580,0,-0.1033,0.7485
2961-960-0016,1995,0,-0.1159,0.7595
2961-960-0016,2094,0,0.0536,0.8249
2961-960-0016,237,0,0.0078,0.8453
2961-960-0016,2961,1,0.2057,0.8026
2961-960-0016,3570,0,0.0964,0.8558
2961-960-0016,3575,0,-0.025,0.7839
2961-960-0016,3729,0,-0.0925,0.8499
2961-960-0016,4446,0,-0.007,0.7912
2961-960-0016,4507,0,-0.0851,0.8527
2961-960-0016,4970,0,0.061,0.7878
2961-960-0016,4992,0,-0.1041,0.8061
2961-960-0016,5142,0,0.0597,0.7428
2961-960-0016,5683,0,0.0142,0.7558
2961-960-0016,6829,0,0.1385,0.845
2961-960-0016,8463,0,-0.0135,0.8022
2961-960-0016,8555,0,0.0629,0.7412
2961-961-0001,121,0,0.0202,0.8421
2961-961-0001,1221,0,-0.1039,0.7721
2961-961-0001,1284,0,-0.0928,0.6972
2961-961-0001,1580,0,-0.1407,0.7291
2961-961-0001,1995,0,-0.1207,0.7675
2961-961-0001,2094,0,0.01,0.7949
2961-961-0001,237,0,0.012,0.8122
2961-961-0001,2961,1,0.1951,0.8741
2961-961-0001,3570,0,-0.0413,0.9149
2961-961-0001,3575,0,-0.0557,0.8064
2961-961-0001,3729,0,-0.0785,0.8301
2961-961-0001,4446,0,-0.0512,0.738
2961-961-0001,4507,0,-0.2064,0.8493
2961-961-0001,4970,0,0.1813,0.7588
2961-961-0001,4992,0,-0.0719,0.7632
2961-961-0001,5142,0,0.1169,0.6866
2961-961-0001,5683,0,-0.0298,0.7403
2961-961-0001,6829,0,0.1605,0.8126
2961-961-0001,8463,0,0.0281,0.7564
2961-961-0001,8555,0,0.0317,0.725
2961-961-0003,121,0,-0.0513,0.8204
2961-961-0003,1221,0,0.0091,0.86
2961-961-0003,1284,0,-0.006,0.7445
2961-961-0003,1580,0,-0.051,0.7601
2961-961-0003,1995,0,0.002,0.7591
2961-961-0003,2094,0,0.1052,0.8544
2961-961-0003,237,0,0.0941,0.8342
2961-961-0003,2961,1,0.2038,0.775
2961-961-0003,3570,0,0.0817,0.8199
2961-961-0003,3575,0,0.0739,0.7624
2961-961-0003,3729,0,-0.0261,0.8927
2961-961-0003,4446,0,-0.0778,0.8308
2961-961-0003,4507,0,-0.1121,0.8626
2961-961-0003,4970,0,0.1398,0.7834
2961-961-0003,4992,0,0.0017,0.8543
2961-961-0003,5142,0,0.1774,0.7959
2961-961-0003,5683,0,-0.003,0.7811
2961-961-0003,6829,0,0.1118,0.876
2961-961-0003,8463,0,0.0789,0.8424
2961-961-0003,8555,0,0.102,0.7692
2961-961-0004,121,0,0.0349,0.8631
2961-961-0004,1221,0,-0.1176,0.8568
2961-961-0004,1284,0,-0.0854,0.7713
2961-961-0004,1580,0,-0.1453,0.7804
2961-961-0004,1995,0,-0.0988,0.8155
2961-961-0004,2094,0,0.0255,0.8756
2961-961-0004,237,0,0.0814,0.8783
2961-961-0004,2961,1,0.2789,0.8336
2961-961-0004,3570,0,0.0619,0.8716
2961-961-0004,3575,0,-0.0227,0.7762
2961-961-0004,3729,0,-0.0477,0.8996
2961-961-0004,4446,0,-0.0341,0.8401
2961-961-0004,4507,0,-0.1326,0.8787
2961-961-0004,4970,0,0.1333,0.7664
2961-961-0004,4992,0,-0.0956,0.8592
2961-961-0004,5142,0,0.1293,0.7708
2961-961-0004,5683,0,-0.0594,0.7774
2961-961-0004,6829,0,0.1125,0.8805
2961-961-0004,8463,0,-0.0028,0.8414
2961-961-0004,8555,0,-0.0174,0.7528
2961-961-0009,121,0,0.0076,0.7804
2961-961-0009,1221,0,-0.0319,0.8496
2961-961-0009,1284,0,0.0054,0.776
2961-961-0009,1580,0,-0.0369,0.7786
2961-961-0009,1995,0,-0.1083,0.7586
2961-961-0009,2094,0,0.077,0.8597
2961-961-0009,237,0,0.0483,0.8448
2961-961-0009,2961,1,0.256,0.7392
2961-961-0009,3570,0,0.0571,0.7872
2961-961-0009,3575,0,-0.019,0.7546
2961-961-0009,3729,0,-0.1144,0.8468
2961-961-0009,4446,0,0.0322,0.8344
2961-961-0009,4507,0,-0.0915,0.8327
2961-961-0009,4970,0,0.1458,0.7837
2961-961-0009,4992,0,-0.068,0.8391
2961-961-0009,5142,0,0.1234,0.7737
2961-961-0009,5683,0,-0.0118,0.7713
2961-961-0009,6829,0,0.177,0.8745
2961-961-0009,8463,0,0.0678,0.8254
2961-961-0009,8555,0,0.0577,0.7378
2961-961-0010,121,0,0.0966,0.8251
2961-961-0010,1221,0,-0.0712,0.8499
2961-961-0010,1284,0,-0.1328,0.7311
2961-961-0010,1580,0,-0.1087,0.8005
2961-961-0010,1995,0,-0.1259,0.7615
2961-961-0010,2094,0,-0.009,0.8505
2961-961-0010,237,0,-0.0329,0.8399
2961-961-0010,2961,1,0.2127,0.754
2961-961-0010,3570,0,0.0228,0.8342
2961-961-0010,3575,0,-0.0171,0.8786
2961-961-0010,3729,0,-0.0838,0.8588
2961-961-0010,4446,0,-0.0317,0.7995
2961-961-0010,4507,0,-0.1703,0.8747
2961-961-0010,4970,0,0.1375,0.8488
2961-961-0010,4992,0,-0.088,0.8269
2961-961-0010,5142,0,0.0253,0.7583
2961-961-0010,5683,0,-0.0484,0.8376
2961-961-0010,6829,0,0.1385,0.863
2961-961-0010,8463,0,-0.0051,0.8081
2961-961-0010,8555,0,0.0526,0.8012
2961-961-0011,121,0,0.0996,0.8772
2961-961-0011,1221,0,-0.0588,0.8286
2961-961-0011,1284,0,-0.1076,0.7456
2961-961-0011,1580,0,-0.1326,0.7705
2961-961-0011,1995,0,-0.158,0.8267
2961-961-0011,2094,0,-0.0253,0.8655
2961-961-0011,237,0,0.0289,0.8618
2961-961-0011,2961,1,0.2946,0.8521
2961-961-0011,3570,0,0.0251,0.8817
2961-961-0011,3575,0,-0.0453,0.7866
2961-961-0011,3729,0,-0.0672,0.878
2961-961-0011,4446,0,0.0308,0.8088
2961-961-0011,4507,0,-0.1439,0.8599
2961-961-0011,4970,0,0.1299,0.744
2961-961-0011,4992,0,-0.1108,0.849
2961-961-0011,5142,0,0.1126,0.743
2961-961-0011,5683,0,-0.0249,0.7566
2961-961-0011,6829,0,0.1635,0.8443
2961-961-0011,8463,0,0.0117,0.8468
2961-961-0011,8555,0,0.0656,0.7473
2961-961-0014,121,0,0.0474,0.8299
2961-961-0014,1221,0,-0.099,0.8092
2961-961-0014,1284,0,-0.1036,0.7396
2961-961-0014,1580,0,-0.0815,0.7798
2961-961-0014,1995,0,-0.0891,0.7661
2961-961-0014,2094,0,-0.0158,0.8436
2961-961-0014,237,0,0.0014,0.8353
2961-961-0014,2961,1,0.2383,0.8091
2961-961-0014,3570,0,0.0366,0.8562
2961-961-0014,3575,0,-0.0034,0.8515
2961-961-0014,3729,0,-0.0167,0.8365
2961-961-0014,4446,0,-0.079,0.7788
2961-961-0014,4507,0,-0.1364,0.8424
2961-961-0014,4970,0,0.1779,0.8123
2961-961-0014,4992,0,-0.0848,0.7984
2961-961-0014,5142,0,0.1228,0.7182
2961-961-0014,5683,0,-0.0355,0.7912
2961-961-0014,6829,0,0.1457,0.8432
2961-961-0014,8463,0,-0.0304,0.7995
2961-961-0014,8555,0,0.0682,0.7441
2961-961-0017,121,0,0.0076,0.8542
2961-961-0017,1221,0,-0.0577,0.7988
2961-961-0017,1284,0,-0.0705,0.7006
2961-961-0017,1580,0,-0.0847,0.7485
2961-961-0017,1995,0,-0.1202,0.763
2961-961-0017,2094,0,0.0309,0.8283
2961-961-0017,237,0,0.0019,0.8243
2961-961-0017,2961,1,0.2406,0.8458
2961-961-0017,3570,0,0.0809,0.892
2961-961-0017,3575,0,-0.0434,0.8264
2961-961-0017,3729,0,-0.0566,0.8569
2961-961-0017,4446,0,0.031,0.7608
2961-961-0017,4507,0,-0.1451,0.8519
2961-961-0017,4970,0,0.179,0.7708
2961-961-0017,4992,0,-0.0736,0.796
2961-961-0017,5142,0,0.1334,0.6976
2961-961-0017,5683,0,-0.0222,0.7652
2961-961-0017,6829,0,0.1315,0.8327
2961-961-0017,8463,0,0.0646,0.7885
2961-961-0017,8555,0,0.0601,0.7257
3570-5694-0006,121,0,0.016,0.8197
3570-5694-0006,1221,0,-0.0814,0.6953
3570-5694-0006,1284,0,0.0847,0.6155
3570-5694-0006,1580,0,-0.0453,0.6587
3570-5694-0006,1995,0,-0.0965,0.7001
3570-5694-0006,2094,0,0.1097,0.7218
3570-5694-0006,237,0,0.0365,0.7674
3570-5694-0006,2961,0,0.0361,0.8345
3570-5694-0006,3570,1,0.194,0.9224
3570-5694-0006,3575,0,0.022,0.7423
3570-5694-0006,3729,0,-0.0085,0.7885
3570-5694-0006,4446,0,-0.0009,0.6592
3570-5694-0006,4507,0,-0.1092,0.7892
3570-5694-0006,4970,0,0.0462,0.6574
3570-5694-0006,4992,0,0.0116,0.7001
3570-5694-0006,5142,0,0.065,0.5896
3570-5694-0006,5683,0,-0.1539,0.6684
3570-5694-0006,6829,0,0.2878,0.7219
3570-5694-0006,8463,0,0.0018,0.6957
3570-5694-0006,8555,0,0.1872,0.6406
3570-5694-0007,121,0,0.0272,0.7948
3570-5694-0007,1221,0,-0.0702,0.7114
3570-5694-0007,1284,0,0.044,0.6115
3570-5694-0007,1580,0,-0.0359,0.6581
3570-5694-0007,1995,0,-0.086,0.6883
3570-5694-0007,2094,0,0.1395,0.7152
3570-5694-0007,237,0,0.1054,0.7662
3570-5694-0007,2961,0,0.0128,0.802
3570-5694-0007,3570,1,0.192,0.9123
3570-5694-0007,3575,0,-0.0081,0.7572
3570-5694-0007,3729,0,-0.0019,0.7841
3570-5694-0007,4446,0,-0.0145,0.6606
3570-5694-0007,4507,0,-0.1146,0.8043
3570-5694-0007,4970,0,0.0928,0.6978
3570-5694-0007,4992,0,-0.0013,0.7027
3570-5694-0007,5142,0,0.0878,0.6168
3570-5694-0007,5683,0,-0.1391,0.6809
3570-5694-0007,6829,0,0.2586,0.7407
3570-5694-0007,8463,0,-0.0454,0.6902
3570-5694-0007,8555,0,0.149,0.6722
3570-5694-0009,121,0,0.0209,0.8276
3570-5694-0009,1221,0,-0.0314,0.7336
3570-5694-0009,1284,0,0.0585,0.6446
3570-5694-0009,1580,0,-0.0442,0.6944
3570-5694-0009,1995,0,-0.0466,0.7334
3570-5694-0009,2094,0,0.1469,0.7699
3570-5694-0009,237,0,0.0639,0.7916
3570-5694-0009,2961,0,0.0526,0.8339
3570-5694-0009,3570,1,0.1897,0.9049
3570-5694-0009,3575,0,0.0415,0.7804
3570-5694-0009,3729,0,-0.0408,0.8053
3570-5694-0009,4446,0,-0.0099,0.6907
3570-5694-0009,4507,0,-0.1409,0.8023
3570-5694-0009,4970,0,0.0614,0.6954
3570-5694-0009,4992,0,0.0243,0.7424
3570-5694-0009,5142,0,0.0311,0.6212
3570-5694-0009,5683,0,-0.1312,0.7054
3570-5694-0009,6829,0,0.3023,0.7664
3570-5694-0009,8463,0,-0.0331,0.7351
3570-5694-0009,8555,0,0.1652,0.6665
3570-5694-0010,121,0,0.0192,0.8411
3570-5694-0010,1221,0,-0.1036,0.7331
3570-5694-0010,1284,0,0.0637,0.655
3570-5694-0010,1580,0,-0.0197,0.6963
3570-5694-0010,1995,0,-0.0969,0.7462
3570-5694-0010,2094,0,0.1066,0.7743
3570-5694-0010,237,0,0.0748,0.7975
3570-5694-0010,2961,0,0.0487,0.8469
3570-5694-0010,3570,1,0.1877,0.9145
3570-5694-0010,3575,0,-0.0013,0.7598
3570-5694-0010,3729,0,-0.0325,0.8149
3570-5694-0010,4446,0,-0.0059,0.699
3570-5694-0010,4507,0,-0.0914,0.8007
3570-5694-0010,4970,0,0.0809,0.668
3570-5694-0010,4992,0,-0.0158,0.7474
3570-5694-0010,5142,0,0.0352,0.6147
3570-5694-0010,5683,0,-0.144,0.6948
3570-5694-0010,6829,0,0.3147,0.758
3570-5694-0010,8463,0,-0.0402,0.7382
3570-5694-0010,8555,0,0.1144,0.6551
3570-5694-0015,121,0,0.0179,0.8515
3570-5694-0015,1221,0,-0.0231,0.7497
3570-5694-0015,1284,0,0.0185,0.6684
3570-5694-0015,1580,0,-0.0235,0.716
3570-5694-0015,1995,0,-0.1371,0.7398
3570-5694-0015,2094,0,0.12,0.7819
3570-5694-0015,237,0,0.0835,0.8052
3570-5694-0015,2961,0,0.0242,0.8456
3570-5694-0015,3570,1,0.0952,0.9294
3570-5694-0015,3575,0,-0.0334,0.791
3570-5694-0015,3729,0,-0.0686,0.828
3570-5694-0015,4446,0,-0.0257,0.7113
3570-5694-0015,4507,0,-0.1308,0.8304
3570-5694-0015,4970,0,0.072,0.7005
3570-5694-0015,4992,0,0.0668,0.75
3570-5694-0015,5142,0,0.0245,0.6316
3570-5694-0015,5683,0,-0.1391,0.7249
3570-5694-0015,6829,0,0.3267,0.7809
3570-5694-0015,8463,0,0.0058,0.7383
3570-5694-0015,8555,0,0.1568,0.6768
3570-5694-0018,121,0,0.0301,0.8376
3570-5694-0018,1221,0,-0.0254,0.7137
3570-5694-0018,1284,0,-0.0121,0.6321
3570-5694-0018,1580,0,-0.0717,0.6768
3570-5694-0018,1995,0,-0.1663,0.7265
3570-5694-0018,2094,0,0.1161,0.7476
3570-5694-0018,237,0,0.1194,0.7898
3570-5694-0018,2961,0,-0.0203,0.8493
3570-5694-0018,3570,1,0.055,0.929
3570-5694-0018,3575,0,-0.0492,0.7464
3570-5694-0018,3729,0,-0.0879,0.8044
3570-5694-0018,4446,0,-0.0375,0.6796
3570-5694-0018,4507,0,-0.148,0.7963
3570-5694-0018,4970,0,0.0415,0.6515
3570-5694-0018,4992,0,0.0128,0.7259
3570-5694-0018,5142,0,0.0641,0.6019
3570-5694-0018,5683,0,-0.1554,0.68
3570-5694-0018,6829,0,0.2962,0.7347
3570-5694-0018,8463,0,-0.0185,0.7142
3570-5694-0018,8555,0,0.1605,0.6522
3570-5695-0001,121,0,-0.0549,0.7792
3570-5695-0001,1221,0,-0.0867,0.657
3570-5695-0001,1284,0,-0.0022,0.57
3570-5695-0001,1580,0,-0.0387,0.6264
3570-5695-0001,1995,0,-0.0674,0.6619
3570-5695-0001,2094,0,0.0966,0.6878
3570-5695-0001,237,0,0.0338,0.7327
3570-5695-0001,2961,0,0.0765,0.8114
3570-5695-0001,3570,1,0.1759,0.9084
3570-5695-0001,3575,0,-0.0625,0.7563
3570-5695-0001,3729,0,-0.0354,0.74
3570-5695-0001,4446,0,-0.0241,0.6078
3570-5695-0001,4507,0,-0.1099,0.7584
3570-5695-0001,4970,0,0.0715,0.6589
3570-5695-0001,4992,0,0.0336,0.6541
3570-5695-0001,5142,0,0.0532,0.5516
3570-5695-0001,5683,0,-0.2036,0.6452
3570-5695-0001,6829,0,0.2475,0.695
3570-5695-0001,8463,0,0.015,0.6503
3570-5695-0001,8555,0,0.0942,0.6247
3570-5695-0014,121,0,-0.0568,0.8036
3570-5695-0014,1221,0,-0.0987,0.6817
3570-5695-0014,1284,0,0.0254,0.5959
3570-5695-0014,1580,0,0.0135,0.658
3570-5695-0014,1995,0,-0.1355,0.702
3570-5695-0014,2094,0,0.0661,0.7199
3570-5695-0014,237,0,0.0227,0.754
3570-5695-0014,2961,0,-0.0113,0.8238
3570-5695-0014,3570,1,0.0934,0.9166
3570-5695-0014,3575,0,-0.117,0.7757
3570-5695-0014,3729,0,-0.0724,0.7621
3570-5695-0014,4446,0,0.0109,0.6319
3570-5695-0014,4507,0,-0.0564,0.7762
3570-5695-0014,4970,0,0.0351,0.6644
3570-5695-0014,4992,0,0.0285,0.689
3570-5695-0014,5142,0,0.0709,0.5755
3570-5695-0014,5683,0,-0.2167,0.6772
3570-5695-0014,6829,0,0.31,0.7164
3570-5695-0014,8463,0,-0.0099,0.6785
3570-5695-0014,8555,0,0.1286,0.6526
3570-5696-0000,121,0,0.0032,0.8585
3570-5696-0000,1221,0,-0.0752,0.7616
3570-5696-0000,1284,0,-0.0196,0.6921
3570-5696-0000,1580,0,-0.1148,0.7147
3570-5696-0000,1995,0,-0.172,0.7629
3570-5696-0000,2094,0,0.137,0.8039
3570-5696-0000,237,0,0.0779,0.8139
3570-5696-0000,2961,0,-0.0363,0.8649
3570-5696-0000,3570,1,0.0249,0.9186
3570-5696-0000,3575,0,-0.067,0.7499
3570-5696-0000,3729,0,-0.0838,0.8464
3570-5696-0000,4446,0,-0.0153,0.7393
3570-5696-0000,4507,0,-0.0895,0.8248
3570-5696-0000,4970,0,0.0799,0.675
3570-5696-0000,4992,0,-0.0455,0.774
3570-5696-0000,5142,0,0.1158,0.6523
3570-5696-0000,5683,0,-0.1082,0.7115
3570-5696-0000,6829,0,0.2667,0.7952
3570-5696-0000,8463,0,0.0168,0.7649
3570-5696-0000,8555,0,0.1113,0.667
3570-5696-0008,121,0,0.0601,0.8335
3570-5696-0008,1221,0,-0.0542,0.6924
3570-5696-0008,1284,0,-0.0239,0.6312
3570-5696-0008,1580,0,-0.04,0.6831
3570-5696-0008,1995,0,-0.0976,0.7398
3570-5696-0008,2094,0,0.1528,0.7464
3570-5696-0008,237,0,0.1617,0.7863
3570-5696-0008,2961,0,0.0339,0.8681
3570-5696-0008,3570,1,0.1196,0.9332
3570-5696-0008,3575,0,-0.0354,0.749
3570-5696-0008,3729,0,0.0195,0.7838
3570-5696-0008,4446,0,-0.0786,0.6651
3570-5696-0008,4507,0,-0.0419,0.7833
3570-5696-0008,4970,0,0.0702,0.6337
3570-5696-0008,4992,0,-0.0303,0.7107
3570-5696-0008,5142,0,0.0217,0.5767
3570-5696-0008,5683,0,-0.1006,0.6679
3570-5696-0008,6829,0,0.3439,0.7215
3570-5696-0008,8463,0,-0.0863,0.6932
3570-5696-0008,8555,0,0.129,0.639
3575-170457-0000,121,0,0.098,0.5903
3575-170457-0000,1221,0,0.0501,0.6752
3575-170457-0000,1284,0,-0.0269,0.5373
3575-170457-0000,1580,0,-0.0165,0.6181
3575-170457-0000,1995,0,-0.1032,0.5026
3575-170457-0000,2094,0,0.1603,0.6336
3575-170457-0000,237,0,0.1379,0.6472
3575-170457-0000,2961,0,0.0595,0.5238
3575-170457-0000,3570,0,-0.0102,0.6887
3575-170457-0000,3575,1,0.3013,0.8496
3575-170457-0000,3729,0,-0.059,0.6504
3575-170457-0000,4446,0,-0.0485,0.5745
3575-170457-0000,4507,0,-0.2597,0.7345
3575-170457-0000,4970,0,0.0609,0.8492
3575-170457-0000,4992,0,-0.0131,0.5926
3575-170457-0000,5142,0,-0.0353,0.6018
3575-170457-0000,5683,0,0.0116,0.7311
3575-170457-0000,6829,0,0.1915,0.7333
3575-170457-0000,8463,0,0.1156,0.5713
3575-170457-0000,8555,0,0.0755,0.6838
3575-170457-0005,121,0,0.0764,0.5959
3575-170457-0005,1221,0,0.0546,0.6953
3575-170457-0005,1284,0,-0.0341,0.5807
3575-170457-0005,1580,0,-0.0855,0.6482
3575-170457-0005,1995,0,-0.0922,0.523
3575-170457-0005,2094,0,0.166,0.6701
3575-170457-0005,237,0,0.0424,0.6483
3575-170457-0005,2961,0,-0.0017,0.5258
3575-170457-0005,3570,0,-0.0748,0.6709
3575-170457-0005,3575,1,0.2657,0.8561
3575-170457-0005,3729,0,-0.1082,0.6641
3575-170457-0005,4446,0,-0.0397,0.6081
3575-170457-0005,4507,0,-0.2562,0.7559
3575-170457-0005,4970,0,0.0262,0.872
3575-170457-0005,4992,0,0.0124,0.6139
3575-170457-0005,5142,0,0.0493,0.6418
3575-170457-0005,5683,0,-0.0111,0.7485
3575-170457-0005,6829,0,0.2442,0.7632
3575-170457-0005,8463,0,0.1095,0.5936
3575-170457-0005,8555,0,0.0694,0.7056
3575-170457-0008,121,0,0.0958,0.6597
3575-170457-0008,1221,0,-0.0221,0.7382
3575-170457-0008,1284,0,-0.0472,0.6103
3575-170457-0008,1580,0,-0.0419,0.6721
3575-170457-0008,1995,0,-0.1279,0.5937
3575-170457-0008,2094,0,0.1415,0.7379
3575-170457-0008,237,0,0.1122,0.7007
3575-170457-0008,2961,0,0.0734,0.596
3575-170457-0008,3570,0,-0.0355,0.7254
3575-170457-0008,3575,1,0.2962,0.879
3575-170457-0008,3729,0,-0.1438,0.7165
3575-170457-0008,4446,0,-0.1345,0.6452
3575-170457-0008,4507,0,-0.2184,0.7881
3575-170457-0008,4970,0,0.0295,0.8632
3575-170457-0008,4992,0,-0.0336,0.6759
3575-170457-0008,5142,0,0.0066,0.6656
3575-170457-0008,5683,0,0.0178,0.7602
3575-170457-0008,6829,0,0.3044,0.8155
3575-170457-0008,8463,0,0.0936,0.6554
3575-170457-0008,8555,0,0.1219,0.7169
3575-170457-0011,121,0,0.1103,0.6705
3575-170457-0011,1221,0,0.0532,0.7573
3575-170457-0011,1284,0,0.0131,0.6794
3575-170457-0011,1580,0,-0.0423,0.7421
3575-170457-0011,1995,0,-0.0889,0.6223
3575-170457-0011,2094,0,0.1305,0.7692
3575-170457-0011,237,0,0.0438,0.7382
3575-170457-0011,2961,0,0.0284,0.5905
3575-170457-0011,3570,0,-0.0746,0.7289
3575-170457-0011,3575,1,0.3102,0.9112
3575-170457-0011,3729,0,-0.1671,0.7188
3575-170457-0011,4446,0,-0.017,0.6844
3575-170457-0011,4507,0,-0.2654,0.7951
3575-170457-0011,4970,0,0.0457,0.8761
3575-170457-0011,4992,0,-0.0143,0.6837
3575-170457-0011,5142,0,0.0152,0.6586
3575-170457-0011,5683,0,0.0447,0.8125
3575-170457-0011,6829,0,0.2458,0.8194
3575-170457-0011,8463,0,0.0186,0.6429
3575-170457-0011,8555,0,0.125,0.7249
3575-170457-0014,121,0,0.1339,0.6051
3575-170457-0014,1221,0,0.0317,0.7029
3575-170457-0014,1284,0,-0.0302,0.5636
3575-170457-0014,1580,0,-0.0686,0.6249
3575-170457-0014,1995,0,-0.1519,0.5525
3575-170457-0014,2094,0,0.0791,0.6774
3575-170457-0014,237,0,0.0973,0.6668
3575-170457-0014,2961,0,0.0817,0.5574
3575-170457-0014,3570,0,-0.0344,0.6992
3575-170457-0014,3575,1,0.2962,0.8719
3575-170457-0014,3729,0,-0.1384,0.6767
3575-170457-0014,4446,0,-0.0921,0.597
3575-170457-0014,4507,0,-0.218,0.7764
3575-170457-0014,4970,0,0.0815,0.8871
3575-170457-0014,4992,0,0.0287,0.6288
3575-170457-0014,5142,0,0.0151,0.6759
3575-170457-0014,5683,0,-0.0132,0.752
3575-170457-0014,6829,0,0.2673,0.7866
3575-170457-0014,8463,0,0.0796,0.6054
3575-170457-0014,8555,0,0.0721,0.7468
3575-170457-0020,121,0,0.1007,0.6172
3575-170457-0020,1221,0,0.0573,0.7462
3575-170457-0020,1284,0,-0.0311,0.6334
3575-170457-0020,1580,0,-0.0424,0.6823
3575-170457-0020,1995,0,-0.1686,0.5698
3575-170457-0020,2094,0,0.1389,0.7221
3575-170457-0020,237,0,0.1195,0.6901
3575-170457-0020,2961,0,0.0548,0.5489
3575-170457-0020,3570,0,-0.0553,0.6799
3575-170457-0020,3575,1,0.2624,0.8633
3575-170457-0020,3729,0,-0.1528,0.6952
3575-170457-0020,4446,0,-0.0211,0.6582
3575-170457-0020,4507,0,-0.2194,0.7725
3575-170457-0020,4970,0,0.107,0.8886
3575-170457-0020,4992,0,0.0172,0.6644
3575-170457-0020,5142,0,0.0635,0.6831
3575-170457-0020,5683,0,-0.0285,0.7759
3575-170457-0020,6829,0,0.2599,0.8139
3575-170457-0020,8463,0,0.1229,0.643
3575-170457-0020,8555,0,0.0272,0.7235
3575-170457-0031,121,0,0.0634,0.6133
3575-170457-0031,1221,0,-0.0023,0.7006
3575-170457-0031,1284,0,-0.0422,0.5889
3575-170457-0031,1580,0,-0.0139,0.6642
3575-170457-0031,1995,0,-0.1848,0.5389
3575-170457-0031,2094,0,0.1251,0.6755
3575-170457-0031,237,0,0.1219,0.6824
3575-170457-0031,2961,0,-0.0001,0.5291
3575-170457-0031,3570,0,-0.0172,0.6831
3575-170457-0031,3575,1,0.1602,0.8796
3575-170457-0031,3729,0,-0.1368,0.6584
3575-170457-0031,4446,0,-0.0056,0.6116
3575-170457-0031,4507,0,-0.1619,0.7396
3575-170457-0031,4970,0,0.0875,0.8669
3575-170457-0031,4992,0,-0.0145,0.615
3575-170457-0031,5142,0,0.0617,0.6157
3575-170457-0031,5683,0,-0.0221,0.7582
3575-170457-0031,6829,0,0.1911,0.7481
3575-170457-0031,8463,0,0.0949,0.6003
3575-170457-0031,8555,0,0.0405,0.6933
3575-170457-0040,121,0,0.0748,0.5874
3575-170457-0040,1221,0,0.0341,0.7313
3575-170457-0040,1284,0,-0.0781,0.6341
3575-170457-0040,1580,0,-0.081,0.6854
3575-170457-0040,1995,0,-0.1377,0.5725
3575-170457-0040,2094,0,0.1827,0.705
3575-170457-0040,237,0,0.1177,0.6892
3575-170457-0040,2961,0,0.0329,0.4965
3575-170457-0040,3570,0,-0.071,0.6499
3575-170457-0040,3575,1,0.1783,0.8508
3575-170457-0040,3729,0,-0.1045,0.6688
3575-170457-0040,4446,0,-0.0615,0.6549
3575-170457-0040,4507,0,-0.2134,0.7455
3575-170457-0040,4970,0,-0.0402,0.884
3575-170457-0040,4992,0,-0.0554,0.657
3575-170457-0040,5142,0,0.0444,0.6905
3575-170457-0040,5683,0,-0.0125,0.7804
3575-170457-0040,6829,0,0.2184,0.7758
3575-170457-0040,8463,0,0.0855,0.6256
3575-170457-0040,8555,0,0.0703,0.7524
3575-170457-0044,121,0,0.0533,0.5823
3575-170457-0044,1221,0,0.0201,0.6809
3575-170457-0044,1284,0,-0.025,0.5607
3575-170457-0044,1580,0,-0.0105,0.6264
3575-170457-0044,1995,0,-0.1738,0.5379
3575-170457-0044,2094,0,0.0883,0.6609
3575-170457-0044,237,0,0.0458,0.661
3575-170457-0044,2961,0,0.0274,0.5226
3575-170457-0044,3570,0,-0.0196,0.6799
3575-170457-0044,3575,1,0.1856,0.8577
3575-170457-0044,3729,0,-0.1608,0.6407
3575-170457-0044,4446,0,-0.0052,0.5834
3575-170457-0044,4507,0,-0.1404,0.7227
3575-170457-0044,4970,0,0.085,0.8547
3575-170457-0044,4992,0,0.0182,0.6082
3575-170457-0044,5142,0,0.0477,0.6185
3575-170457-0044,5683,0,0.0038,0.7343
3575-170457-0044,6829,0,0.2185,0.7465
3575-170457-0044,8463,0,0.091,0.5847
3575-170457-0044,8555,0,0.13,0.6959
3575-170457-0045,121,0,0.0334,0.6561
3575-170457-0045,1221,0,-0.0126,0.6841
3575-170457-0045,1284,0,-0.0691,0.591
3575-170457-0045,1580,0,-0.0474,0.6799
3575-170457-0045,1995,0,-0.1378,0.5927
3575-170457-0045,2094,0,0.0816,0.7125
3575-170457-0045,237,0,0.0779,0.6986
3575-170457-0045,2961,0,0.0451,0.5866
3575-170457-0045,3570,0,-0.0468,0.7406
3575-170457-0045,3575,1,0.2428,0.9169
3575-170457-0045,3729,0,-0.1556,0.669
3575-170457-0045,4446,0,-0.0585,0.595
3575-170457-0045,4507,0,-0.2474,0.7463
3575-170457-0045,4970,0,0.0549,0.8346
3575-170457-0045,4992,0,-0.0054,0.6258
3575-170457-0045,5142,0,-0.0171,0.5894
3575-170457-0045,5683,0,0.0069,0.7769
3575-170457-0045,6829,0,0.1774,0.7423
3575-170457-0045,8463,0,0.0591,0.5949
3575-170457-0045,8555,0,0.0777,0.6975
3729-6852-0002,121,0,0.1197,0.8608
3729-6852-0002,1221,0,0.1043,0.9069
3729-6852-0002,1284,0,-0.0019,0.8139
3729-6852-0002,1580,0,-0.0033,0.8604
3729-6852-0002,1995,0,0.0196,0.8205
3729-6852-0002,2094,0,0.1142,0.8981
3729-6852-0002,237,0,0.0714,0.8932
3729-6852-0002,2961,0,-0.0732,0.7501
3729-6852-0002,3570,0,0.0767,0.8336
3729-6852-0002,3575,0,-0.0035,0.8296
3729-6852-0002,3729,1,0.2325,0.9093
3729-6852-0002,4446,0,0.0394,0.8783
3729-6852-0002,4507,0,-0.0667,0.8844
3729-6852-0002,4970,0,0.0626,0.8189
3729-6852-0002,4992,0,0.1059,0.9053
3729-6852-0002,5142,0,-0.067,0.8081
3729-6852-0002,5683,0,-0.0758,0.8542
3729-6852-0002,6829,0,0.2238,0.8848
3729-6852-0002,8463,0,0.0906,0.8868
3729-6852-0002,8555,0,0.0478,0.814
3729-6852-0011,121,0,0.112,0.8572
3729-6852-0011,1221,0,0.0011,0.8261
3729-6852-0011,1284,0,-0.109,0.7602
3729-6852-0011,1580,0,-0.0679,0.782
3729-6852-0011,1995,0,-0.054,0.8226
3729-6852-0011,2094,0,0.1475,0.8727
3729-6852-0011,237,0,0.0267,0.8269
3729-6852-0011,2961,0,0.0691,0.7863
3729-6852-0011,3570,0,0.008,0.8205
3729-6852-0011,3575,0,0.0554,0.771
3729-6852-0011,3729,1,0.1216,0.8557
3729-6852-0011,4446,0,-0.138,0.806
3729-6852-0011,4507,0,-0.1243,0.8234
3729-6852-0011,4970,0,0.0792,0.7285
3729-6852-0011,4992,0,0.0088,0.8577
3729-6852-0011,5142,0,-0.0298,0.7398
3729-6852-0011,5683,0,-0.0682,0.7579
3729-6852-0011,6829,0,0.1856,0.8187
3729-6852-0011,8463,0,0.0503,0.8623
3729-6852-0011,8555,0,0.0203,0.7338
3729-6852-0014,121,0,0.1048,0.8474
3729-6852-0014,1221,0,0.0418,0.8276
3729-6852-0014,1284,0,-0.0373,0.764
3729-6852-0014,1580,0,-0.0456,0.8131
3729-6852-0014,1995,0,0.038,0.8612
3729-6852-0014,2094,0,0.101,0.8562
3729-6852-0014,237,0,0.0206,0.8774
3729-6852-0014,2961,0,0.07,0.7687
3729-6852-0014,3570,0,0.11,0.8429
3729-6852-0014,3575,0,-0.1384,0.8288
3729-6852-0014,3729,1,0.1683,0.8287
3729-6852-0014,4446,0,-0.0475,0.7899
3729-6852-0014,4507,0,0.0148,0.8121
3729-6852-0014,4970,0,0.1551,0.7645
3729-6852-0014,4992,0,0.0148,0.8542
3729-6852-0014,5142,0,0.1195,0.739
3729-6852-0014,5683,0,-0.0758,0.8103
3729-6852-0014,6829,0,0.093,0.7893
3729-6852-0014,8463,0,0.0567,0.8422
3729-6852-0014,8555,0,0.0608,0.7983
3729-6852-0016,121,0,0.1232,0.855
3729-6852-0016,1221,0,0.0039,0.7824
3729-6852-0016,1284,0,-0.0488,0.7121
3729-6852-0016,1580,0,-0.0553,0.7444
3729-6852-0016,1995,0,-0.057,0.7488
3729-6852-0016,2094,0,0.1387,0.8186
3729-6852-0016,237,0,0.0884,0.8023
3729-6852-0016,2961,0,0.071,0.8273
3729-6852-0016,3570,0,0.0362,0.8812
3729-6852-0016,3575,0,0.0587,0.7596
3729-6852-0016,3729,1,0.1194,0.8537
3729-6852-0016,4446,0,-0.1479,0.7645
3729-6852-0016,4507,0,-0.0983,0.8308
3729-6852-0016,4970,0,0.0114,0.7056
3729-6852-0016,4992,0,-0.0051,0.7928
3729-6852-0016,5142,0,-0.0168,0.6811
3729-6852-0016,5683,0,-0.0831,0.7256
3729-6852-0016,6829,0,0.2182,0.7913
3729-6852-0016,8463,0,0.0183,0.7894
3729-6852-0016,8555,0,-0.0045,0.6891
3729-6852-0022,121,0,0.0536,0.8406
3729-6852-0022,1221,0,-0.0042,0.8768
3729-6852-0022,1284,0,0.0541,0.7833
3729-6852-0022,1580,0,-0.0492,0.8214
3729-6852-0022,1995,0,0.0178,0.7875
3729-6852-0022,2094,0,0.2288,0.8819
3729-6852-0022,237,0,0.0519,0.8705
3729-6852-0022,2961,0,0.0226,0.7354
3729-6852-0022,3570,0,0.1074,0.8248
3729-6852-0022,3575,0,-0.0021,0.7983
3729-6852-0022,3729,1,0.2455,0.894
3729-6852-0022,4446,0,0.0332,0.8548
3729-6852-0022,4507,0,-0.0433,0.8614
3729-6852-0022,4970,0,0.0085,0.7892
3729-6852-0022,4992,0,0.0098,0.8781
3729-6852-0022,5142,0,0.0189,0.7798
3729-6852-0022,5683,0,-0.0982,0.8218
3729-6852-0022,6829,0,0.134,0.8599
3729-6852-0022,8463,0,0.0499,0.8535
3729-6852-0022,8555,0,0.0046,0.7786
3729-6852-0026,121,0,0.0247,0.7847
3729-6852-0026,1221,0,0.0805,0.8442
3729-6852-0026,1284,0,-0.0349,0.7336
3729-6852-0026,1580,0,-0.0652,0.7943
3729-6852-0026,1995,0,-0.1164,0.7105
3729-6852-0026,2094,0,0.2268,0.8543
3729-6852-0026,237,0,0.1044,0.8157
3729-6852-0026,2961,0,-0.0004,0.6961
3729-6852-0026,3570,0,-0.0554,0.8083
3729-6852-0026,3575,0,0.0843,0.8238
3729-6852-0026,3729,1,0.1523,0.8563
3729-6852-0026,4446,0,-0.1131,0.8048
3729-6852-0026,4507,0,-0.1072,0.8713
3729-6852-0026,4970,0,0.05,0.8139
3729-6852-0026,4992,0,0.023,0.8182
3729-6852-0026,5142,0,0.0836,0.7528
3729-6852-0026,5683,0,-0.0096,0.8127
3729-6852-0026,6829,0,0.2074,0.8769
3729-6852-0026,8463,0,0.0461,0.7823
3729-6852-0026,8555,0,0.0649,0.7613
3729-6852-0037,121,0,0.0035,0.7238
3729-6852-0037,1221,0,0.0384,0.8684
3729-6852-0037,1284,0,0.0669,0.7642
3729-6852-0037,1580,0,-0.0481,0.7911
3729-6852-0037,1995,0,-0.0762,0.7008
3729-6852-0037,2094,0,0.1188,0.8487
3729-6852-0037,237,0,0.0877,0.8154
3729-6852-0037,2961,0,-0.0275,0.6061
3729-6852-0037,3570,0,0.0249,0.7186
3729-6852-0037,3575,0,0.0445,0.7987
3729-6852-0037,3729,1,0.096,0.8292
3729-6852-0037,4446,0,-0.0308,0.8267
3729-6852-0037,4507,0,-0.1724,0.84
3729-6852-0037,4970,0,0.0748,0.846
3729-6852-0037,4992,0,-0.023,0.8287
3729-6852-0037,5142,0,-0.0334,0.7914
3729-6852-0037,5683,0,-0.0584,0.8137
3729-6852-0037,6829,0,0.1973,0.889
3729-6852-0037,8463,0,-0.0367,0.7956
3729-6852-0037,8555,0,0.0475,0.7692
3729-6852-0039,121,0,0.0184,0.7622
3729-6852-0039,1221,0,0.0529,0.8961
3729-6852-0039,1284,0,0.0641,0.7633
3729-6852-0039,1580,0,-0.0861,0.7896
3729-6852-0039,1995,0,-0.0562,0.7279
3729-6852-0039,2094,0,0.2023,0.8593
3729-6852-0039,237,0,0.0478,0.8249
3729-6852-0039,2961,0,-0.0206,0.6364
3729-6852-0039,3570,0,0.0129,0.7319
3729-6852-0039,3575,0,-0.0001,0.7804
3729-6852-0039,3729,1,0.1646,0.8732
3729-6852-0039,4446,0,-0.0446,0.8512
3729-6852-0039,4507,0,-0.0643,0.8658
3729-6852-0039,4970,0,-0.0023,0.8399
3729-6852-0039,4992,0,-0.0035,0.8698
3729-6852-0039,5142,0,0.0273,0.8354
3729-6852-0039,5683,0,-0.0445,0.8222
3729-6852-0039,6829,0,0.2012,0.9002
3729-6852-0039,8463,0,-0.0006,0.8406
3729-6852-0039,8555,0,0.0481,0.8023
3729-6852-0040,121,0,0.0459,0.7855
3729-6852-0040,1221,0,0.0206,0.828
3729-6852-0040,1284,0,0.0074,0.6998
3729-6852-0040,1580,0,-0.0111,0.7479
3729-6852-0040,1995,0,-0.06,0.6932
3729-6852-0040,2094,0,0.1407,0.8005
3729-6852-0040,237,0,0.0836,0.8016
3729-6852-0040,2961,0,0.0587,0.7109
3729-6852-0040,3570,0,0.0411,0.8251
3729-6852-0040,3575,0,0.0119,0.7899
3729-6852-0040,3729,1,0.1711,0.8469
3729-6852-0040,4446,0,-0.0827,0.7765
3729-6852-0040,4507,0,-0.0947,0.8555
3729-6852-0040,4970,0,0.04,0.8018
3729-6852-0040,4992,0,0.0526,0.8031
3729-6852-0040,5142,0,-0.0403,0.7439
3729-6852-0040,5683,0,-0.123,0.7711
3729-6852-0040,6829,0,0.1727,0.8392
3729-6852-0040,8463,0,0.0812,0.7887
3729-6852-0040,8555,0,-0.01,0.7517
3729-6852-0046,121,0,0.0582,0.8195
3729-6852-0046,1221,0,0.0877,0.9159
3729-6852-0046,1284,0,0.0286,0.8183
3729-6852-0046,1580,0,-0.0146,0.853
3729-6852-0046,1995,0,-0.0012,0.8118
3729-6852-0046,2094,0,0.2201,0.9089
3729-6852-0046,237,0,0.1083,0.8905
3729-6852-0046,2961,0,-0.0231,0.6823
3729-6852-0046,3570,0,0.0411,0.7786
3729-6852-0046,3575,0,0.0704,0.8208
3729-6852-0046,3729,1,0.1954,0.8957
3729-6852-0046,4446,0,-0.0445,0.887
3729-6852-0046,4507,0,-0.1065,0.8779
3729-6852-0046,4970,0,0.0948,0.8338
3729-6852-0046,4992,0,0.0201,0.9102
3729-6852-0046,5142,0,0.0167,0.8361
3729-6852-0046,5683,0,-0.0436,0.8618
3729-6852-0046,6829,0,0.2482,0.8996
3729-6852-0046,8463,0,-0.0187,0.8742
3729-6852-0046,8555,0,0.0789,0.8298
4077-13751-0002,1089,0,-0.0012,0.7025
4077-13751-0002,1188,0,-0.1346,0.735
4077-13751-0002,1320,0,0.0461,0.7059
4077-13751-0002,2300,0,0.0967,0.6587
4077-13751-0002,260,0,0.1679,0.7879
4077-13751-0002,2830,0,-0.0578,0.6848
4077-13751-0002,4077,1,0.2855,0.807
4077-13751-0002,5105,0,0.0718,0.7786
4077-13751-0002,5639,0,-0.0085,0.7494
4077-13751-0002,61,0,0.0592,0.8106
4077-13751-0002,672,0,-0.0056,0.7322
4077-13751-0002,6930,0,0.1223,0.5974
4077-13751-0002,7021,0,0.1035,0.7743
4077-13751-0002,7127,0,0.0425,0.7167
4077-13751-0002,7176,0,0.0948,0.7871
4077-13751-0002,7729,0,0.0553,0.8738
4077-13751-0002,8224,0,0.0696,0.6008
4077-13751-0002,8230,0,-0.0871,0.6642
4077-13751-0002,8455,0,0.0455,0.6011
4077-13751-0002,908,0,0.1294,0.8298
4077-13751-0006,1089,0,0.0066,0.6972
4077-13751-0006,1188,0,-0.0713,0.7264
4077-13751-0006,1320,0,0.0606,0.6977
4077-13751-0006,2300,0,0.1159,0.6644
4077-13751-0006,260,0,0.1387,0.7941
4077-13751-0006,2830,0,-0.0525,0.6657
4077-13751-0006,4077,1,0.3049,0.8128
4077-13751-0006,5105,0,0.089,0.7572
4077-13751-0006,5639,0,0.0236,0.763
4077-13751-0006,61,0,0.0548,0.8107
4077-13751-0006,672,0,0.0171,0.742
4077-13751-0006,6930,0,0.1204,0.6053
4077-13751-0006,7021,0,0.1093,0.7534
4077-13751-0006,7127,0,0.0677,0.6952
4077-13751-0006,7176,0,0.0898,0.7817
4077-13751-0006,7729,0,0.0423,0.8746
4077-13751-0006,8224,0,0.0842,0.6123
4077-13751-0006,8230,0,-0.0743,0.6612
4077-13751-0006,8455,0,0.1038,0.622
4077-13751-0006,908,0,0.1363,0.8322
4077-13751-0008,1089,0,-0.0082,0.7199
4077-13751-0008,1188,0,-0.0535,0.7393
4077-13751-0008,1320,0,0.0575,0.7185
4077-13751-0008,2300,0,0.0955,0.6515
4077-13751-0008,260,0,0.1311,0.8219
4077-13751-0008,2830,0,-0.0694,0.6912
4077-13751-0008,4077,1,0.3206,0.8437
4077-13751-0008,5105,0,0.1036,0.7875
4077-13751-0008,5639,0,-0.049,0.7956
4077-13751-0008,61,0,0.0977,0.8371
4077-13751-0008,672,0,-0.0418,0.7682
4077-13751-0008,6930,0,0.1618,0.6342
4077-13751-0008,7021,0,0.1413,0.7684
4077-13751-0008,7127,0,0.0704,0.7234
4077-13751-0008,7176,0,0.1589,0.8116
4077-13751-0008,7729,0,0.0951,0.8793
4077-13751-0008,8224,0,0.0438,0.626
4077-13751-0008,8230,0,-0.0488,0.686
4077-13751-0008,8455,0,0.0576,0.6324
4077-13751-0008,908,0,0.1979,0.8507
4077-13751-0010,1089,0,-0.0248,0.7137
4077-13751-0010,1188,0,-0.1913,0.7225
4077-13751-0010,1320,0,0.0502,0.7219
4077-13751-0010,2300,0,0.0536,0.7108
4077-13751-0010,260,0,0.1416,0.7663
4077-13751-0010,2830,0,-0.0718,0.6439
4077-13751-0010,4077,1,0.256,0.8317
4077-13751-0010,5105,0,0.1352,0.7844
4077-13751-0010,5639,0,0.0042,0.7647
4077-13751-0010,61,0,0.0311,0.7815
4077-13751-0010,672,0,0.0078,0.744
4077-13751-0010,6930,0,0.1579,0.5872
4077-13751-0010,7021,0,0.0662,0.7875
4077-13751-0010,7127,0,-0.0064,0.7337
4077-13751-0010,7176,0,0.1334,0.7407
4077-13751-0010,7729,0,0.0229,0.8987
4077-13751-0010,8224,0,0.1316,0.6282
4077-13751-0010,8230,0,-0.0745,0.631
4077-13751-0010,8455,0,-0.0066,0.628
4077-13751-0010,908,0,0.1529,0.8332
4077-13751-0013,1089,0,-0.0763,0.6585
4077-13751-0013,1188,0,-0.1089,0.6641
4077-13751-0013,1320,0,0.0263,0.6859
4077-13751-0013,2300,0,0.0463,0.7202
4077-13751-0013,260,0,0.0718,0.7191
4077-13751-0013,2830,0,-0.0518,0.5734
4077-13751-0013,4077,1,0.22,0.7985
4077-13751-0013,5105,0,0.1074,0.7353
4077-13751-0013,5639,0,-0.0126,0.694
4077-13751-0013,61,0,0.0517,0.718
4077-13751-0013,672,0,-0.0154,0.6885
4077-13751-0013,6930,0,0.0871,0.5421
4077-13751-0013,7021,0,0.0919,0.7635
4077-13751-0013,7127,0,0.0374,0.6918
4077-13751-0013,7176,0,0.0997,0.687
4077-13751-0013,7729,0,0.111,0.839
4077-13751-0013,8224,0,0.0316,0.5796
4077-13751-0013,8230,0,-0.104,0.5518
4077-13751-0013,8455,0,0.0559,0.6056
4077-13751-0013,908,0,0.0703,0.7911
4077-13751-0015,1089,0,0.0163,0.714
4077-13751-0015,1188,0,-0.0955,0.731
4077-13751-0015,1320,0,0.0417,0.713
4077-13751-0015,2300,0,0.0404,0.6451
4077-13751-0015,260,0,0.1267,0.8061
4077-13751-0015,2830,0,-0.0395,0.685
4077-13751-0015,4077,1,0.3123,0.8451
4077-13751-0015,5105,0,0.1007,0.7879
4077-13751-0015,5639,0,0.0051,0.7976
4077-13751-0015,61,0,0.0573,0.8239
4077-13751-0015,672,0,-0.0613,0.7561
4077-13751-0015,6930,0,0.1719,0.6267
4077-13751-0015,7021,0,0.1004,0.7668
4077-13751-0015,7127,0,0.0501,0.7312
4077-13751-0015,7176,0,0.1377,0.8017
4077-13751-0015,7729,0,0.0399,0.8868
4077-13751-0015,8224,0,0.0752,0.6255
4077-13751-0015,8230,0,-0.074,0.6771
4077-13751-0015,8455,0,0.0582,0.621
4077-13751-0015,908,0,0.1844,0.842
4077-13751-0020,1089,0,-0.0345,0.7134
4077-13751-0020,1188,0,-0.1674,0.7468
4077-13751-0020,1320,0,0.0782,0.7208
4077-13751-0020,2300,0,0.0669,0.6817
4077-13751-0020,260,0,0.1606,0.8193
4077-13751-0020,2830,0,-0.0823,0.6877
4077-13751-0020,4077,1,0.2962,0.8345
4077-13751-0020,5105,0,0.085,0.7806
4077-13751-0020,5639,0,-0.0126,0.7701
4077-13751-0020,61,0,0.0367,0.828
4077-13751-0020,672,0,-0.0278,0.7589
4077-13751-0020,6930,0,0.1684,0.626
4077-13751-0020,7021,0,0.0847,0.7733
4077-13751-0020,7127,0,-0.0198,0.7204
4077-13751-0020,7176,0,0.1244,0.8031
4077-13751-0020,7729,0,0.0524,0.8729
4077-13751-0020,8224,0,0.0742,0.6289
4077-13751-0020,8230,0,-0.1261,0.6758
4077-13751-0020,8455,0,0.0557,0.6432
4077-13751-0020,908,0,0.1377,0.8402
4077-13754-0000,1089,0,0.075,0.7136
4077-13754-0000,1188,0,-0.0852,0.7257
4077-13754-0000,1320,0,0.0402,0.668
4077-13754-0000,2300,0,0.0191,0.5808
4077-13754-0000,260,0,0.1292,0.7859
4077-13754-0000,2830,0,-0.0237,0.7024
4077-13754-0000,4077,1,0.325,0.7823
4077-13754-0000,5105,0,0.1483,0.753
4077-13754-0000,5639,0,0.1625,0.8103
4077-13754-0000,61,0,0.1128,0.8434
4077-13754-0000,672,0,-0.0075,0.7565
4077-13754-0000,6930,0,0.1206,0.6158
4077-13754-0000,7021,0,0.0877,0.7278
4077-13754-0000,7127,0,0.0649,0.6711
4077-13754-0000,7176,0,0.2233,0.8096
4077-13754-0000,7729,0,0.111,0.8822
4077-13754-0000,8224,0,0.0378,0.6295
4077-13754-0000,8230,0,-0.0012,0.722
4077-13754-0000,8455,0,0.0412,0.5697
4077-13754-0000,908,0,0.1594,0.8427
4077-13754-0003,1089,0,-0.0011,0.6789
4077-13754-0003,1188,0,-0.0617,0.7121
4077-13754-0003,1320,0,0.108,0.6517
4077-13754-0003,2300,0,0.0509,0.5473
4077-13754-0003,260,0,0.0539,0.7887
4077-13754-0003,2830,0,-0.0024,0.6879
4077-13754-0003,4077,1,0.2794,0.7971
4077-13754-0003,5105,0,0.1663,0.7239
4077-13754-0003,5639,0,0.0649,0.8052
4077-13754-0003,61,0,0.073,0.8101
4077-13754-0003,672,0,0.0614,0.73
4077-13754-0003,6930,0,0.1256,0.5969
4077-13754-0003,7021,0,0.1268,0.6889
4077-13754-0003,7127,0,0.0089,0.6664
4077-13754-0003,7176,0,0.1676,0.7923
4077-13754-0003,7729,0,0.0855,0.8644
4077-13754-0003,8224,0,0.005,0.5965
4077-13754-0003,8230,0,-0.089,0.6768
4077-13754-0003,8455,0,0.0609,0.5599
4077-13754-0003,908,0,0.2097,0.8164
4077-13754-0010,1089,0,-0.0063,0.7151
4077-13754-0010,1188,0,-0.0492,0.7636
4077-13754-0010,1320,0,0.0788,0.7424
4077-13754-0010,2300,0,0.1099,0.6809
4077-13754-0010,260,0,0.1593,0.8137
4077-13754-0010,2830,0,-0.0404,0.7158
4077-13754-0010,4077,1,0.2266,0.8252
4077-13754-0010,5105,0,0.1262,0.7953
4077-13754-0010,5639,0,0.0423,0.7785
4077-13754-0010,61,0,0.0591,0.8068
4077-13754-0010,672,0,0.021,0.7621
4077-13754-0010,6930,0,0.1441,0.6289
4077-13754-0010,7021,0,0.1007,0.7752
4077-13754-0010,7127,0,0.0577,0.7453
4077-13754-0010,7176,0,0.1456,0.7844
4077-13754-0010,7729,0,0.087,0.873
4077-13754-0010,8224,0,0.0749,0.6442
4077-13754-0010,8230,0,-0.0757,0.6757
4077-13754-0010,8455,0,0.0621,0.6491
4077-13754-0010,908,0,0.1074,0.8274
4446-2273-0001,121,0,0.0996,0.738
4446-2273-0001,1221,0,0.0428,0.9138
4446-2273-0001,1284,0,-0.0578,0.8029
4446-2273-0001,1580,0,-0.0561,0.7933
4446-2273-0001,1995,0,-0.2049,0.7757
4446-2273-0001,2094,0,0.1398,0.8565
4446-2273-0001,237,0,0.1278,0.8496
4446-2273-0001,2961,0,0.1244,0.5868
4446-2273-0001,3570,0,0.0268,0.6649
4446-2273-0001,3575,0,-0.0049,0.7283
4446-2273-0001,3729,0,-0.0262,0.8591
4446-2273-0001,4446,1,0.1271,0.891
4446-2273-0001,4507,0,-0.1498,0.8335
4446-2273-0001,4970,0,0.005,0.8343
4446-2273-0001,4992,0,-0.0088,0.908
4446-2273-0001,5142,0,0.1823,0.8984
4446-2273-0001,5683,0,-0.1588,0.812
4446-2273-0001,6829,0,0.1409,0.892
4446-2273-0001,8463,0,0.1032,0.8912
4446-2273-0001,8555,0,0.0094,0.8406
4446-2273-0008,121,0,0.0653,0.7499
4446-2273-0008,1221,0,0.0231,0.9087
4446-2273-0008,1284,0,-0.0987,0.7984
4446-2273-0008,1580,0,-0.0608,0.7945
4446-2273-0008,1995,0,-0.1928,0.7805
4446-2273-0008,2094,0,0.1216,0.8485
4446-2273-0008,237,0,0.078,0.8555
4446-2273-0008,2961,0,0.0193,0.613
4446-2273-0008,3570,0,0.0271,0.7057
4446-2273-0008,3575,0,-0.0073,0.7515
4446-2273-0008,3729,0,-0.0456,0.8594
4446-2273-0008,4446,1,0.0774,0.874
4446-2273-0008,4507,0,-0.1512,0.8379
4446-2273-0008,4970,0,0.077,0.8466
4446-2273-0008,4992,0,-0.0338,0.9049
4446-2273-0008,5142,0,0.1468,0.8913
4446-2273-0008,5683,0,-0.1342,0.8229
4446-2273-0008,6829,0,0.1731,0.8805
4446-2273-0008,8463,0,0.1312,0.8927
4446-2273-0008,8555,0,0.1039,0.8538
4446-2273-0022,121,0,0.1061,0.7745
4446-2273-0022,1221,0,0.1418,0.9277
4446-2273-0022,1284,0,-0.0311,0.8159
4446-2273-0022,1580,0,-0.0532,0.8162
4446-2273-0022,1995,0,-0.1425,0.8298
4446-2273-0022,2094,0,0.0799,0.8635
4446-2273-0022,237,0,0.1264,0.8863
4446-2273-0022,2961,0,0.0394,0.6465
4446-2273-0022,3570,0,-0.0195,0.7238
4446-2273-0022,3575,0,0.0066,0.7404
4446-2273-0022,3729,0,-0.0044,0.8788
4446-2273-0022,4446,1,0.179,0.8984
4446-2273-0022,4507,0,-0.1459,0.8574
4446-2273-0022,4970,0,0.1116,0.8377
4446-2273-0022,4992,0,0.0486,0.932
4446-2273-0022,5142,0,0.1009,0.9181
4446-2273-0022,5683,0,-0.0732,0.8378
4446-2273-0022,6829,0,0.1862,0.8814
4446-2273-0022,8463,0,0.125,0.9117
4446-2273-0022,8555,0,-0.0177,0.8925
4446-2273-0032,121,0,0.1496,0.7676
4446-2273-0032,1221,0,0.1395,0.912
4446-2273-0032,1284,0,-0.0175,0.8061
4446-2273-0032,1580,0,-0.0345,0.7918
4446-2273-0032,1995,0,-0.1177,0.7584
4446-2273-0032,2094,0,0.0889,0.876
4446-2273-0032,237,0,0.086,0.8352
4446-2273-0032,2961,0,0.0415,0.6324
4446-2273-0032,3570,0,-0.0118,0.7029
4446-2273-0032,3575,0,0.0424,0.7221
4446-2273-0032,3729,0,-0.0248,0.8829
4446-2273-0032,4446,1,0.1246,0.8944
4446-2273-0032,4507,0,-0.2157,0.8444
4446-2273-0032,4970,0,0.0551,0.7958
4446-2273-0032,4992,0,-0.0399,0.8953
4446-2273-0032,5142,0,0.0651,0.8463
4446-2273-0032,5683,0,-0.0376,0.7937
4446-2273-0032,6829,0,0.175,0.9033
4446-2273-0032,8463,0,0.0805,0.869
4446-2273-0032,8555,0,0.0297,0.7726
4446-2275-0007,121,0,0.1048,0.7491
4446-2275-0007,1221,0,0.0991,0.9152
4446-2275-0007,1284,0,-0.0338,0.7931
4446-2275-0007,1580,0,-0.0369,0.7992
4446-2275-0007,1995,0,-0.1675,0.7452
4446-2275-0007,2094,0,0.0889,0.8445
4446-2275-0007,237,0,0.068,0.8385
4446-2275-0007,2961,0,-0.0146,0.6088
4446-2275-0007,3570,0,-0.008,0.7039
4446-2275-0007,3575,0,0.0074,0.7611
4446-2275-0007,3729,0,-0.0288,0.8696
4446-2275-0007,4446,1,0.1967,0.8788
4446-2275-0007,4507,0,-0.1888,0.8616
4446-2275-0007,4970,0,0.0568,0.856
4446-2275-0007,4992,0,0.005,0.8862
4446-2275-0007,5142,0,0.1074,0.8743
4446-2275-0007,5683,0,-0.1014,0.8286
4446-2275-0007,6829,0,0.1963,0.8997
4446-2275-0007,8463,0,0.0714,0.8706
4446-2275-0007,8555,0,0.0212,0.8317
4446-2275-0026,121,0,0.101,0.7975
4446-2275-0026,1221,0,0.1445,0.933
4446-2275-0026,1284,0,-0.0266,0.8344
4446-2275-0026,1580,0,-0.058,0.8434
4446-2275-0026,1995,0,-0.1141,0.7861
4446-2275-0026,2094,0,0.1256,0.8903
4446-2275-0026,237,0,-0.0007,0.8681
4446-2275-0026,2961,0,0.0148,0.6671
4446-2275-0026,3570,0,0.0252,0.7453
4446-2275-0026,3575,0,0.0279,0.7676
4446-2275-0026,3729,0,0.0303,0.9017
4446-2275-0026,4446,1,0.1491,0.9129
4446-2275-0026,4507,0,-0.1434,0.889
4446-2275-0026,4970,0,0.015,0.8299
4446-2275-0026,4992,0,0.0174,0.9109
4446-2275-0026,5142,0,0.0693,0.8686
4446-2275-0026,5683,0,-0.132,0.8444
4446-2275-0026,6829,0,0.1379,0.9164
4446-2275-0026,8463,0,0.1264,0.8791
4446-2275-0026,8555,0,0.0212,0.826
4446-2275-0029,121,0,0.2112,0.8323
4446-2275-0029,1221,0,0.1553,0.9146
4446-2275-0029,1284,0,-0.0231,0.7911
4446-2275-0029,1580,0,-0.0565,0.7986
4446-2275-0029,1995,0,-0.0931,0.8014
4446-2275-0029,2094,0,0.061,0.8981
4446-2275-0029,237,0,0.0177,0.8513
4446-2275-0029,2961,0,-0.0071,0.7162
4446-2275-0029,3570,0,0.0413,0.7584
4446-2275-0029,3575,0,-0.0055,0.7424
4446-2275-0029,3729,0,-0.0364,0.9222
4446-2275-0029,4446,1,0.1902,0.8937
4446-2275-0029,4507,0,-0.1653,0.8882
4446-2275-0029,4970,0,-0.0357,0.7923
4446-2275-0029,4992,0,0.1128,0.9271
4446-2275-0029,5142,0,0.1201,0.8694
4446-2275-0029,5683,0,-0.0727,0.8111
4446-2275-0029,6829,0,0.237,0.922
4446-2275-0029,8463,0,0.1676,0.9122
4446-2275-0029,8555,0,0.098,0.8047
4446-2275-0035,121,0,0.1481,0.7735
4446-2275-0035,1221,0,0.1656,0.926
4446-2275-0035,1284,0,-0.0038,0.856
4446-2275-0035,1580,0,-0.0336,0.8223
4446-2275-0035,1995,0,-0.1138,0.803
4446-2275-0035,2094,0,0.1234,0.8912
4446-2275-0035,237,0,0.0219,0.8708
4446-2275-0035,2961,0,-0.0366,0.6442
4446-2275-0035,3570,0,-0.0193,0.6883
4446-2275-0035,3575,0,-0.0525,0.6893
4446-2275-0035,3729,0,-0.0492,0.891
4446-2275-0035,4446,1,0.2463,0.9364
4446-2275-0035,4507,0,-0.1715,0.8402
4446-2275-0035,4970,0,0.0103,0.7823
4446-2275-0035,4992,0,0.0543,0.9252
4446-2275-0035,5142,0,0.1542,0.885
4446-2275-0035,5683,0,-0.1014,0.8047
4446-2275-0035,6829,0,0.1559,0.9069
4446-2275-0035,8463,0,0.1145,0.9071
4446-2275-0035,8555,0,-0.0098,0.7955
4446-2275-0041,121,0,0.0128,0.8178
4446-2275-0041,1221,0,0.0588,0.9352
4446-2275-0041,1284,0,0.0347,0.846
4446-2275-0041,1580,0,-0.0352,0.8255
4446-2275-0041,1995,0,-0.1442,0.8395
4446-2275-0041,2094,0,0.129,0.8891
4446-2275-0041,237,0,0.0247,0.8711
4446-2275-0041,2961,0,0.0032,0.688
4446-2275-0041,3570,0,-0.0046,0.7289
4446-2275-0041,3575,0,0.0344,0.6764
4446-2275-0041,3729,0,-0.0567,0.9099
4446-2275-0041,4446,1,0.1385,0.9306
4446-2275-0041,4507,0,-0.1318,0.8631
4446-2275-0041,4970,0,0.0607,0.7537
4446-2275-0041,4992,0,-0.0316,0.9535
4446-2275-0041,5142,0,0.1827,0.8976
4446-2275-0041,5683,0,-0.074,0.7927
4446-2275-0041,6829,0,0.148,0.8957
4446-2275-0041,8463,0,0.0191,0.9348
4446-2275-0041,8555,0,0.0321,0.8166
4446-2275-0043,121,0,0.1207,0.7697
4446-2275-0043,1221,0,0.1685,0.9178
4446-2275-0043,1284,0,0.0275,0.8054
4446-2275-0043,1580,0,-0.0147,0.793
4446-2275-0043,1995,0,-0.1863,0.7864
4446-2275-0043,2094,0,0.0769,0.8678
4446-2275-0043,237,0,0.0395,0.8376
4446-2275-0043,2961,0,0.0434,0.6466
4446-2275-0043,3570,0,-0.0202,0.7038
4446-2275-0043,3575,0,0.0648,0.7013
4446-2275-0043,3729,0,-0.0445,0.8788
4446-2275-0043,4446,1,0.1716,0.8919
4446-2275-0043,4507,0,-0.1533,0.8686
4446-2275-0043,4970,0,0.0911,0.7976
4446-2275-0043,4992,0,0.1055,0.9089
4446-2275-0043,5142,0,0.1136,0.8961
4446-2275-0043,5683,0,-0.0731,0.8012
4446-2275-0043,6829,0,0.2722,0.9023
4446-2275-0043,8463,0,0.157,0.8893
4446-2275-0043,8555,0,0.1444,0.8292
4507-16021-0001,121,0,0.1041,0.7673
4507-16021-0001,1221,0,0.0058,0.8468
4507-16021-0001,1284,0,-0.0017,0.7322
4507-16021-0001,1580,0,-0.0914,0.7874
4507-16021-0001,1995,0,-0.1256,0.6976
4507-16021-0001,2094,0,0.0922,0.8035
4507-16021-0001,237,0,-0.0195,0.8454
4507-16021-0001,2961,0,-0.0453,0.7018
4507-16021-0001,3570,0,-0.0074,0.8335
4507-16021-0001,3575,0,-0.0074,0.8445
4507-16021-0001,3729,0,-0.0639,0.8277
4507-16021-0001,4446,0,0.0001,0.7825
4507-16021-0001,4507,1,-0.0065,0.8702
4507-16021-0001,4970,0,0.0684,0.861
4507-16021-0001,4992,0,0.0271,0.7894
4507-16021-0001,5142,0,0.043,0.7499
4507-16021-0001,5683,0,-0.0905,0.8312
4507-16021-0001,6829,0,0.2568,0.8544
4507-16021-0001,8463,0,0.1055,0.7559
4507-16021-0001,8555,0,0.1339,0.788
4507-16021-0005,121,0,0.0269,0.6513
4507-16021-0005,1221,0,0.0627,0.7933
4507-16021-0005,1284,0,0.0042,0.6731
4507-16021-0005,1580,0,-0.0576,0.7206
4507-16021-0005,1995,0,-0.078,0.5739
4507-16021-0005,2094,0,0.1762,0.7419
4507-16021-0005,237,0,0.0165,0.7196
4507-16021-0005,2961,0,0.1006,0.5864
4507-16021-0005,3570,0,0.0773,0.6973
4507-16021-0005,3575,0,-0.0283,0.7631
4507-16021-0005,3729,0,-0.0202,0.7621
4507-16021-0005,4446,0,-0.0133,0.7402
4507-16021-0005,4507,1,0.0856,0.8288
4507-16021-0005,4970,0,0.0255,0.8464
4507-16021-0005,4992,0,0.0198,0.716
4507-16021-0005,5142,0,0.1489,0.7454
4507-16021-0005,5683,0,-0.0356,0.7718
4507-16021-0005,6829,0,0.2848,0.8405
4507-16021-0005,8463,0,0.0536,0.6945
4507-16021-0005,8555,0,0.1328,0.7384
4507-16021-0021,121,0,0.097,0.6868
4507-16021-0021,1221,0,0.055,0.8311
4507-16021-0021,1284,0,0.0106,0.7201
4507-16021-0021,1580,0,-0.1072,0.7285
4507-16021-0021,1995,0,-0.1333,0.6528
4507-16021-0021,2094,0,0.1737,0.795
4507-16021-0021,237,0,0.0223,0.7669
4507-16021-0021,2961,0,0.0342,0.6324
4507-16021-0021,3570,0,0.0061,0.7142
4507-16021-0021,3575,0,-0.0224,0.7532
4507-16021-0021,3729,0,-0.0462,0.8078
4507-16021-0021,4446,0,0.0242,0.7834
4507-16021-0021,4507,1,-0.012,0.8458
4507-16021-0021,4970,0,0.0214,0.8489
4507-16021-0021,4992,0,0.0773,0.7786
4507-16021-0021,5142,0,0.1091,0.7985
4507-16021-0021,5683,0,-0.0804,0.7813
4507-16021-0021,6829,0,0.297,0.8837
4507-16021-0021,8463,0,0.0242,0.7549
4507-16021-0021,8555,0,0.1407,0.762
4507-16021-0030,121,0,0.1174,0.7092
4507-16021-0030,1221,0,0.097,0.8513
4507-16021-0030,1284,0,-0.0471,0.7185
4507-16021-0030,1580,0,-0.0682,0.747
4507-16021-0030,1995,0,-0.1736,0.6681
4507-16021-0030,2094,0,0.0902,0.7995
4507-16021-0030,237,0,-0.0143,0.7867
4507-16021-0030,2961,0,0.0772,0.6185
4507-16021-0030,3570,0,-0.0264,0.7237
4507-16021-0030,3575,0,-0.0408,0.7776
4507-16021-0030,3729,0,-0.0227,0.818
4507-16021-0030,4446,0,-0.0302,0.7924
4507-16021-0030,4507,1,0.0128,0.8612
4507-16021-0030,4970,0,0.0132,0.8587
4507-16021-0030,4992,0,0.0687,0.8002
4507-16021-0030,5142,0,0.1122,0.8029
4507-16021-0030,5683,0,-0.108,0.7897
4507-16021-0030,6829,0,0.2867,0.8853
4507-16021-0030,8463,0,0.0337,0.7765
4507-16021-0030,8555,0,0.148,0.7795
4507-16021-0031,121,0,0.0863,0.7821
4507-16021-0031,1221,0,0.0126,0.8598
4507-16021-0031,1284,0,0.0364,0.7436
4507-16021-0031,1580,0,-0.1002,0.7636
4507-16021-0031,1995,0,-0.154,0.7331
4507-16021-0031,2094,0,0.1342,0.8322
4507-16021-0031,237,0,-0.0043,0.8189
4507-16021-0031,2961,0,0.0123,0.7109
4507-16021-0031,3570,0,-0.0024,0.802
4507-16021-0031,3575,0,-0.0235,0.7681
4507-16021-0031,3729,0,-0.0302,0.8589
4507-16021-0031,4446,0,0.0429,0.8144
4507-16021-0031,4507,1,0.0402,0.8778
4507-16021-0031,4970,0,0.0313,0.8089
4507-16021-0031,4992,0,0.0725,0.8318
4507-16021-0031,5142,0,0.0894,0.7918
4507-16021-0031,5683,0,-0.1204,0.7808
4507-16021-0031,6829,0,0.2931,0.8808
4507-16021-0031,8463,0,0.106,0.8082
4507-16021-0031,8555,0,0.1433,0.7711
4507-16021-0046,121,0,0.0744,0.772
4507-16021-0046,1221,0,-0.0415,0.8873
4507-16021-0046,1284,0,-0.0137,0.7294
4507-16021-0046,1580,0,-0.16,0.7571
4507-16021-0046,1995,0,-0.0902,0.7437
4507-16021-0046,2094,0,0.1148,0.8318
4507-16021-0046,237,0,-0.0243,0.839
4507-16021-0046,2961,0,-0.0088,0.6682
4507-16021-0046,3570,0,-0.0372,0.7751
4507-16021-0046,3575,0,-0.07,0.7948
4507-16021-0046,3729,0,-0.0352,0.8645
4507-16021-0046,4446,0,-0.0766,0.8152
4507-16021-0046,4507,1,0.0109,0.8955
4507-16021-0046,4970,0,0.0635,0.8636
4507-16021-0046,4992,0,-0.003,0.8614
4507-16021-0046,5142,0,0.1383,0.8535
4507-16021-0046,5683,0,-0.1006,0.8092
4507-16021-0046,6829,0,0.3122,0.9016
4507-16021-0046,8463,0,0.0174,0.8432
4507-16021-0046,8555,0,0.1325,0.8394
4507-16021-0052,121,0,0.0452,0.7552
4507-16021-0052,1221,0,-0.0317,0.827
4507-16021-0052,1284,0,-0.059,0.6894
4507-16021-0052,1580,0,-0.1761,0.7393
4507-16021-0052,1995,0,-0.1448,0.6984
4507-16021-0052,2094,0,0.022,0.786
4507-16021-0052,237,0,-0.0696,0.8075
4507-16021-0052,2961,0,-0.0991,0.6737
4507-16021-0052,3570,0,-0.0876,0.8009
4507-16021-0052,3575,0,-0.0887,0.8302
4507-16021-0052,3729,0,-0.034,0.8212
4507-16021-0052,4446,0,-0.0625,0.7601
4507-16021-0052,4507,1,-0.0219,0.861
4507-16021-0052,4970,0,-0.0688,0.868
4507-16021-0052,4992,0,0.0049,0.7901
4507-16021-0052,5142,0,0.0305,0.7842
4507-16021-0052,5683,0,-0.1697,0.8067
4507-16021-0052,6829,0,0.161,0.841
4507-16021-0052,8463,0,0.0524,0.773
4507-16021-0052,8555,0,0.1132,0.8178
4507-16021-0053,121,0,0.1714,0.7201
4507-16021-0053,1221,0,0.0448,0.7829
4507-16021-0053,1284,0,-0.0098,0.6546
4507-16021-0053,1580,0,-0.0568,0.7175
4507-16021-0053,1995,0,-0.1488,0.627
4507-16021-0053,2094,0,0.1681,0.7365
4507-16021-0053,237,0,-0.0516,0.7537
4507-16021-0053,2961,0,0.1119,0.6664
4507-16021-0053,3570,0,0.0078,0.7912
4507-16021-0053,3575,0,0.0228,0.8295
4507-16021-0053,3729,0,-0.0375,0.7726
4507-16021-0053,4446,0,-0.056,0.7067
4507-16021-0053,4507,1,-0.0059,0.812
4507-16021-0053,4970,0,-0.0008,0.8411
4507-16021-0053,4992,0,0.0309,0.7255
4507-16021-0053,5142,0,0.0883,0.6929
4507-16021-0053,5683,0,-0.0978,0.7753
4507-16021-0053,6829,0,0.2358,0.8036
4507-16021-0053,8463,0,0.0227,0.7134
4507-16021-0053,8555,0,0.0399,0.7379
4507-16021-0056,121,0,0.0552,0.7739
4507-16021-0056,1221,0,0.0493,0.8902
4507-16021-0056,1284,0,0.0197,0.7926
4507-16021-0056,1580,0,-0.0607,0.7845
4507-16021-0056,1995,0,-0.0978,0.7791
4507-16021-0056,2094,0,0.1433,0.8738
4507-16021-0056,237,0,-0.0763,0.8427
4507-16021-0056,2961,0,-0.0335,0.6898
4507-16021-0056,3570,0,-0.0583,0.7581
4507-16021-0056,3575,0,-0.0663,0.7756
4507-16021-0056,3729,0,-0.0257,0.8704
4507-16021-0056,4446,0,-0.033,0.8472
4507-16021-0056,4507,1,-0.0273,0.8705
4507-16021-0056,4970,0,0.0001,0.8389
4507-16021-0056,4992,0,0.0851,0.8768
4507-16021-0056,5142,0,0.0789,0.8427
4507-16021-0056,5683,0,-0.0901,0.8173
4507-16021-0056,6829,0,0.2488,0.9183
4507-16021-0056,8463,0,0.009,0.8538
4507-16021-0056,8555,0,0.1639,0.7983
4507-16021-0057,121,0,0.0301,0.8034
4507-16021-0057,1221,0,0.0225,0.8948
4507-16021-0057,1284,0,0.0786,0.7798
4507-16021-0057,1580,0,-0.0299,0.7914
4507-16021-0057,1995,0,-0.0821,0.7661
4507-16021-0057,2094,0,0.1767,0.8777
4507-16021-0057,237,0,-0.0163,0.8747
4507-16021-0057,2961,0,0.0042,0.7038
4507-16021-0057,3570,0,-0.0141,0.8003
4507-16021-0057,3575,0,0.0177,0.7712
4507-16021-0057,3729,0,-0.0717,0.887
4507-16021-0057,4446,0,0.0134,0.8502
4507-16021-0057,4507,1,0.1124,0.8978
4507-16021-0057,4970,0,0.0784,0.8044
4507-16021-0057,4992,0,0.0376,0.8651
4507-16021-0057,5142,0,0.1634,0.8117
4507-16021-0057,5683,0,0.0404,0.8137
4507-16021-0057,6829,0,0.3555,0.9086
4507-16021-0057,8463,0,0.0021,0.8254
4507-16021-0057,8555,0,0.2489,0.7742
4970-29093-0002,121,0,0.0118,0.6528
4970-29093-0002,1221,0,-0.0587,0.7232
4970-29093-0002,1284,0,-0.0541,0.6166
4970-29093-0002,1580,0,-0.1385,0.6933
4970-29093-0002,1995,0,-0.0518,0.5745
4970-29093-0002,2094,0,0.0398,0.692
4970-29093-0002,237,0,0.012,0.7107
4970-29093-0002,2961,0,0.0567,0.5908
4970-29093-0002,3570,0,-0.0612,0.7281
4970-29093-0002,3575,0,-0.0565,0.8891
4970-29093-0002,3729,0,-0.1459,0.6939
4970-29093-0002,4446,0,-0.0505,0.6405
4970-29093-0002,4507,0,-0.2831,0.7667
4970-29093-0002,4970,1,0.2395,0.8818
4970-29093-0002,4992,0,-0.0421,0.6475
4970-29093-0002,5142,0,0.0886,0.6438
4970-29093-0002,5683,0,-0.0203,0.784
4970-29093-0002,6829,0,0.1633,0.7616
4970-29093-0002,8463,0,-0.0341,0.6365
4970-29093-0002,8555,0,-0.0426,0.7269
4970-29093-0013,121,0,0.0309,0.683
4970-29093-0013,1221,0,-0.1247,0.7303
4970-29093-0013,1284,0,-0.0802,0.6366
4970-29093-0013,1580,0,-0.1448,0.7003
4970-29093-0013,1995,0,-0.04,0.5722
4970-29093-0013,2094,0,0.0228,0.7167
4970-29093-0013,237,0,-0.0161,0.7062
4970-29093-0013,2961,0,-0.0325,0.6166
4970-29093-0013,3570,0,-0.1082,0.7506
4970-29093-0013,3575,0,-0.0873,0.8511
4970-29093-0013,3729,0,-0.0889,0.7302
4970-29093-0013,4446,0,-0.0497,0.6669
4970-29093-0013,4507,0,-0.2587,0.7834
4970-29093-0013,4970,1,0.226,0.8463
4970-29093-0013,4992,0,0.0018,0.661
4970-29093-0013,5142,0,0.0256,0.6479
4970-29093-0013,5683,0,-0.1143,0.7714
4970-29093-0013,6829,0,0.1392,0.7706
4970-29093-0013,8463,0,0.0073,0.652
4970-29093-0013,8555,0,-0.0245,0.6981
4970-29093-0020,121,0,0.108,0.6521
4970-29093-0020,1221,0,-0.0301,0.7317
4970-29093-0020,1284,0,0.0065,0.6873
4970-29093-0020,1580,0,-0.049,0.7429
4970-29093-0020,1995,0,0.0206,0.5778
4970-29093-0020,2094,0,-0.0349,0.7036
4970-29093-0020,237,0,0.0429,0.7376
4970-29093-0020,2961,0,0.0547,0.5756
4970-29093-0020,3570,0,-0.0412,0.6995
4970-29093-0020,3575,0,-0.0338,0.8264
4970-29093-0020,3729,0,-0.1493,0.6908
4970-29093-0020,4446,0,-0.0359,0.6863
4970-29093-0020,4507,0,-0.1919,0.7254
4970-29093-0020,4970,1,0.2684,0.825
4970-29093-0020,4992,0,0.0,0.6514
4970-29093-0020,5142,0,0.1179,0.6107
4970-29093-0020,5683,0,0.0275,0.7856
4970-29093-0020,6829,0,0.1636,0.7392
4970-29093-0020,8463,0,-0.0626,0.6436
4970-29093-0020,8555,0,-0.0105,0.6602
4970-29095-0006,121,0,0.1172,0.7304
4970-29095-0006,1221,0,-0.0857,0.832
4970-29095-0006,1284,0,-0.0552,0.7077
4970-29095-0006,1580,0,-0.187,0.7592
4970-29095-0006,1995,0,-0.1056,0.6873
4970-29095-0006,2094,0,-0.0589,0.7927
4970-29095-0006,237,0,0.0264,0.8262
4970-29095-0006,2961,0,-0.0211,0.664
4970-29095-0006,3570,0,-0.1144,0.7923
4970-29095-0006,3575,0,0.03,0.8733
4970-29095-0006,3729,0,-0.1827,0.797
4970-29095-0006,4446,0,0.009,0.7492
4970-29095-0006,4507,0,-0.2233,0.8556
4970-29095-0006,4970,1,0.1558,0.8896
4970-29095-0006,4992,0,-0.0739,0.761
4970-29095-0006,5142,0,0.1435,0.7399
4970-29095-0006,5683,0,0.0202,0.8262
4970-29095-0006,6829,0,0.2047,0.8681
4970-29095-0006,8463,0,-0.0191,0.7213
4970-29095-0006,8555,0,0.0806,0.7811
4970-29095-0007,121,0,0.059,0.6609
4970-29095-0007,1221,0,-0.0604,0.7831
4970-29095-0007,1284,0,-0.0471,0.6508
4970-29095-0007,1580,0,-0.1568,0.6876
4970-29095-0007,1995,0,-0.024,0.6145
4970-29095-0007,2094,0,0.0879,0.747
4970-29095-0007,237,0,0.0174,0.7224
4970-29095-0007,2961,0,0.1258,0.5851
4970-29095-0007,3570,0,-0.0202,0.6905
4970-29095-0007,3575,0,-0.0312,0.8471
4970-29095-0007,3729,0,-0.1603,0.7474
4970-29095-0007,4446,0,-0.0578,0.6982
4970-29095-0007,4507,0,-0.2538,0.8073
4970-29095-0007,4970,1,0.2327,0.9054
4970-29095-0007,4992,0,0.0254,0.718
4970-29095-0007,5142,0,0.0536,0.7442
4970-29095-0007,5683,0,-0.0642,0.7837
4970-29095-0007,6829,0,0.1603,0.8384
4970-29095-0007,8463,0,-0.0047,0.7098
4970-29095-0007,8555,0,-0.0078,0.7617
4970-29095-0020,121,0,0.1035,0.6208
4970-29095-0020,1221,0,-0.0461,0.7303
4970-29095-0020,1284,0,-0.049,0.5981
4970-29095-0020,1580,0,-0.1493,0.6499
4970-29095-0020,1995,0,-0.039,0.559
4970-29095-0020,2094,0,0.0956,0.6899
4970-29095-0020,237,0,0.0288,0.6777
4970-29095-0020,2961,0,0.0958,0.5499
4970-29095-0020,3570,0,-0.0645,0.6861
4970-29095-0020,3575,0,0.0302,0.8359
4970-29095-0020,3729,0,-0.1381,0.6947
4970-29095-0020,4446,0,-0.053,0.6408
4970-29095-0020,4507,0,-0.2807,0.7661
4970-29095-0020,4970,1,0.2265,0.8746
4970-29095-0020,4992,0,0.0181,0.6577
4970-29095-0020,5142,0,0.0206,0.6814
4970-29095-0020,5683,0,-0.0375,0.7457
4970-29095-0020,6829,0,0.1383,0.7793
4970-29095-0020,8463,0,-0.0132,0.6457
4970-29095-0020,8555,0,-0.0597,0.7283
4970-29095-0024,121,0,0.0725,0.6172
4970-29095-0024,1221,0,-0.022,0.755
4970-29095-0024,1284,0,-0.0399,0.6123
4970-29095-0024,1580,0,-0.1378,0.6476
4970-29095-0024,1995,0,-0.0589,0.5816
4970-29095-0024,2094,0,0.0065,0.6847
4970-29095-0024,237,0,0.0445,0.6954
4970-29095-0024,2961,0,0.0789,0.5526
4970-29095-0024,3570,0,-0.0883,0.6722
4970-29095-0024,3575,0,0.0513,0.8209
4970-29095-0024,3729,0,-0.1589,0.7024
4970-29095-0024,4446,0,-0.0362,0.6575
4970-29095-0024,4507,0,-0.2871,0.7679
4970-29095-0024,4970,1,0.3149,0.8994
4970-29095-0024,4992,0,0.0202,0.6839
4970-29095-0024,5142,0,0.091,0.7244
4970-29095-0024,5683,0,0.0127,0.7519
4970-29095-0024,6829,0,0.1937,0.7962
4970-29095-0024,8463,0,0.065,0.6855
4970-29095-0024,8555,0,0.0155,0.7571
4970-29095-0026,121,0,0.0743,0.6477
4970-29095-0026,1221,0,-0.0315,0.7413
4970-29095-0026,1284,0,-0.0492,0.6361
4970-29095-0026,1580,0,-0.159,0.6839
4970-29095-0026,1995,0,-0.0415,0.5752
4970-29095-0026,2094,0,0.0804,0.7161
4970-29095-0026,237,0,0.0282,0.7063
4970-29095-0026,2961,0,0.0967,0.5993
4970-29095-0026,3570,0,-0.069,0.7104
4970-29095-0026,3575,0,0.03,0.8768
4970-29095-0026,3729,0,-0.1256,0.7106
4970-29095-0026,4446,0,-0.048,0.6581
4970-29095-0026,4507,0,-0.2598,0.7888
4970-29095-0026,4970,1,0.245,0.8978
4970-29095-0026,4992,0,0.0051,0.6545
4970-29095-0026,5142,0,0.0551,0.6726
4970-29095-0026,5683,0,0.005,0.7805
4970-29095-0026,6829,0,0.2089,0.8126
4970-29095-0026,8463,0,-0.0281,0.6463
4970-29095-0026,8555,0,0.0224,0.7148
4970-29095-0027,121,0,0.0796,0.694
4970-29095-0027,1221,0,-0.0418,0.8053
4970-29095-0027,1284,0,-0.0346,0.6873
4970-29095-0027,1580,0,-0.1088,0.7306
4970-29095-0027,1995,0,-0.0491,0.6492
4970-29095-0027,2094,0,0.1305,0.7736
4970-29095-0027,237,0,0.0424,0.7643
4970-29095-0027,2961,0,0.0567,0.6105
4970-29095-0027,3570,0,-0.097,0.729
4970-29095-0027,3575,0,0.0317,0.8614
4970-29095-0027,3729,0,-0.0851,0.7681
4970-29095-0027,4446,0,-0.0747,0.7296
4970-29095-0027,4507,0,-0.2375,0.8182
4970-29095-0027,4970,1,0.2639,0.8994
4970-29095-0027,4992,0,0.0125,0.7482
4970-29095-0027,5142,0,0.0912,0.7452
4970-29095-0027,5683,0,-0.0046,0.8008
4970-29095-0027,6829,0,0.1628,0.8464
4970-29095-0027,8463,0,-0.0532,0.7404
4970-29095-0027,8555,0,-0.0053,0.7691
4970-29095-0036,121,0,0.0938,0.7374
4970-29095-0036,1221,0,-0.1274,0.7903
4970-29095-0036,1284,0,-0.0562,0.659
4970-29095-0036,1580,0,-0.1207,0.6984
4970-29095-0036,1995,0,-0.1101,0.6464
4970-29095-0036,2094,0,0.0361,0.7659
4970-29095-0036,237,0,0.078,0.757
4970-29095-0036,2961,0,0.0752,0.6822
4970-29095-0036,3570,0,-0.0818,0.7863
4970-29095-0036,3575,0,0.0264,0.8131
4970-29095-0036,3729,0,-0.1381,0.8088
4970-29095-0036,4446,0,-0.1126,0.7265
4970-29095-0036,4507,0,-0.2567,0.8353
4970-29095-0036,4970,1,0.1744,0.8408
4970-29095-0036,4992,0,-0.065,0.7519
4970-29095-0036,5142,0,0.0919,0.7313
4970-29095-0036,5683,0,-0.0582,0.7552
4970-29095-0036,6829,0,0.2208,0.8423
4970-29095-0036,8463,0,0.0259,0.7473
4970-29095-0036,8555,0,0.0548,0.7397
4992-23283-0004,121,0,0.0587,0.7844
4992-23283-0004,1221,0,0.0243,0.8999
4992-23283-0004,1284,0,-0.0216,0.8118
4992-23283-0004,1580,0,-0.0084,0.7827
4992-23283-0004,1995,0,-0.1678,0.8276
4992-23283-0004,2094,0,0.0953,0.9012
4992-23283-0004,237,0,0.0288,0.8439
4992-23283-0004,2961,0,0.0385,0.677
4992-23283-0004,3570,0,-0.042,0.6984
4992-23283-0004,3575,0,0.0614,0.7097
4992-23283-0004,3729,0,-0.049,0.8743
4992-23283-0004,4446,0,-0.037,0.8799
4992-23283-0004,4507,0,-0.0843,0.836
4992-23283-0004,4970,0,0.0423,0.7816
4992-23283-0004,4992,1,0.2073,0.9287
4992-23283-0004,5142,0,0.0303,0.8796
4992-23283-0004,5683,0,-0.106,0.7871
4992-23283-0004,6829,0,0.3511,0.9046
4992-23283-0004,8463,0,0.1142,0.9229
4992-23283-0004,8555,0,0.1494,0.7987
4992-23283-0011,121,0,0.0379,0.7523
4992-23283-0011,1221,0,-0.0117,0.9063
4992-23283-0011,1284,0,0.0135,0.7951
4992-23283-0011,1580,0,-0.0604,0.8025
4992-23283-0011,1995,0,-0.0728,0.7982
4992-23283-0011,2094,0,0.1455,0.879
4992-23283-0011,237,0,-0.1355,0.8457
4992-23283-0011,2961,0,0.0433,0.6116
4992-23283-0011,3570,0,0.082,0.6913
4992-23283-0011,3575,0,-0.0282,0.7765
4992-23283-0011,3729,0,0.0014,0.8547
4992-23283-0011,4446,0,-0.017,0.862
4992-23283-0011,4507,0,-0.0901,0.8424
4992-23283-0011,4970,0,0.0677,0.8485
4992-23283-0011,4992,1,0.1889,0.9102
4992-23283-0011,5142,0,0.0895,0.8898
4992-23283-0011,5683,0,-0.2024,0.8337
4992-23283-0011,6829,0,0.2518,0.8895
4992-23283-0011,8463,0,0.1123,0.8895
4992-23283-0011,8555,0,0.1522,0.8618
4992-23283-0013,121,0,0.0715,0.8151
4992-23283-0013,1221,0,-0.0224,0.8878
4992-23283-0013,1284,0,-0.0222,0.7927
4992-23283-0013,1580,0,-0.0498,0.7663
4992-23283-0013,1995,0,-0.0518,0.8325
4992-23283-0013,2094,0,0.0983,0.8959
4992-23283-0013,237,0,-0.0286,0.8223
4992-23283-0013,2961,0,-0.0181,0.7101
4992-23283-0013,3570,0,-0.0354,0.7129
4992-23283-0013,3575,0,-0.0201,0.6964
4992-23283-0013,3729,0,0.0234,0.8911
4992-23283-0013,4446,0,-0.0818,0.8707
4992-23283-0013,4507,0,-0.0614,0.8444
4992-23283-0013,4970,0,0.0387,0.7605
4992-23283-0013,4992,1,0.1911,0.9282
4992-23283-0013,5142,0,0.005,0.8733
4992-23283-0013,5683,0,-0.1066,0.7696
4992-23283-0013,6829,0,0.2554,0.8924
4992-23283-0013,8463,0,0.1529,0.9315
4992-23283-0013,8555,0,0.1105,0.7894
4992-41797-0007,121,0,-0.0082,0.7811
4992-41797-0007,1221,0,0.0431,0.9267
4992-41797-0007,1284,0,0.0071,0.835
4992-41797-0007,1580,0,0.0054,0.825
4992-41797-0007,1995,0,-0.1521,0.8443
4992-41797-0007,2094,0,0.0681,0.8892
4992-41797-0007,237,0,-0.0325,0.8787
4992-41797-0007,2961,0,-0.0389,0.6623
4992-41797-0007,3570,0,-0.0978,0.7123
4992-41797-0007,3575,0,0.0165,0.7439
4992-41797-0007,3729,0,-0.0787,0.8776
4992-41797-0007,4446,0,-0.0817,0.8942
4992-41797-0007,4507,0,-0.121,0.8601
4992-41797-0007,4970,0,-0.0082,0.8321
4992-41797-0007,4992,1,0.0633,0.9436
4992-41797-0007,5142,0,0.0833,0.9227
4992-41797-0007,5683,0,-0.1356,0.8344
4992-41797-0007,6829,0,0.2459,0.9082
4992-41797-0007,8463,0,0.0061,0.9305
4992-41797-0007,8555,0,0.1125,0.8698
4992-41797-0010,121,0,-0.0027,0.7149
4992-41797-0010,1221,0,0.0695,0.8684
4992-41797-0010,1284,0,0.0151,0.7297
4992-41797-0010,1580,0,-0.0332,0.7198
4992-41797-0010,1995,0,-0.0813,0.7174
4992-41797-0010,2094,0,0.1821,0.845
4992-41797-0010,237,0,0.0488,0.7764
4992-41797-0010,2961,0,0.0005,0.6073
4992-41797-0010,3570,0,-0.027,0.6685
4992-41797-0010,3575,0,0.1191,0.7216
4992-41797-0010,3729,0,-0.0094,0.8423
4992-41797-0010,4446,0,-0.0737,0.8163
4992-41797-0010,4507,0,-0.1184,0.8496
4992-41797-0010,4970,0,0.0714,0.8191
4992-41797-0010,4992,1,0.1782,0.8569
4992-41797-0010,5142,0,-0.0005,0.8613
4992-41797-0010,5683,0,-0.1173,0.7663
4992-41797-0010,6829,0,0.3694,0.9145
4992-41797-0010,8463,0,0.0355,0.8382
4992-41797-0010,8555,0,0.2175,0.7863
4992-41797-0017,121,0,0.0114,0.779
4992-41797-0017,1221,0,0.1436,0.8988
4992-41797-0017,1284,0,0.0398,0.7717
4992-41797-0017,1580,0,-0.0461,0.7555
4992-41797-0017,1995,0,-0.075,0.8102
4992-41797-0017,2094,0,0.2414,0.8855
4992-41797-0017,237,0,-0.004,0.8231
4992-41797-0017,2961,0,-0.0615,0.6538
4992-41797-0017,3570,0,-0.0342,0.691
4992-41797-0017,3575,0,0.099,0.6954
4992-41797-0017,3729,0,0.067,0.8849
4992-41797-0017,4446,0,-0.1127,0.8635
4992-41797-0017,4507,0,0.0045,0.862
4992-41797-0017,4970,0,-0.0966,0.7727
4992-41797-0017,4992,1,0.2252,0.9297
4992-41797-0017,5142,0,0.0214,0.899
4992-41797-0017,5683,0,-0.086,0.7736
4992-41797-0017,6829,0,0.3221,0.9215
4992-41797-0017,8463,0,0.0185,0.9114
4992-41797-0017,8555,0,0.1837,0.8098
4992-41806-0003,121,0,0.0369,0.7729
4992-41806-0003,1221,0,-0.0015,0.8945
4992-41806-0003,1284,0,-0.0596,0.7697
4992-41806-0003,1580,0,-0.0499,0.7695
4992-41806-0003,1995,0,-0.051,0.7832
4992-41806-0003,2094,0,0.2323,0.8738
4992-41806-0003,237,0,0.0223,0.833
4992-41806-0003,2961,0,0.0228,0.6558
4992-41806-0003,3570,0,-0.0128,0.7171
4992-41806-0003,3575,0,0.0286,0.7494
4992-41806-0003,3729,0,-0.0199,0.8721
4992-41806-0003,4446,0,-0.1376,0.8514
4992-41806-0003,4507,0,-0.0266,0.8665
4992-41806-0003,4970,0,0.0383,0.8194
4992-41806-0003,4992,1,0.0893,0.8972
4992-41806-0003,5142,0,0.0683,0.8624
4992-41806-0003,5683,0,-0.0294,0.7933
4992-41806-0003,6829,0,0.2382,0.9136
4992-41806-0003,8463,0,0.0271,0.8764
4992-41806-0003,8555,0,0.2045,0.8041
4992-41806-0008,121,0,-0.0345,0.7843
4992-41806-0008,1221,0,0.0604,0.9074
4992-41806-0008,1284,0,0.0223,0.7817
4992-41806-0008,1580,0,-0.0819,0.7667
4992-41806-0008,1995,0,-0.1088,0.8039
4992-41806-0008,2094,0,0.1386,0.8833
4992-41806-0008,237,0,0.0551,0.8421
4992-41806-0008,2961,0,0.0035,0.6777
4992-41806-0008,3570,0,-0.0464,0.7208
4992-41806-0008,3575,0,0.0065,0.7135
4992-41806-0008,3729,0,-0.0188,0.8924
4992-41806-0008,4446,0,-0.0264,0.8718
4992-41806-0008,4507,0,-0.0563,0.8803
4992-41806-0008,4970,0,0.1103,0.7979
4992-41806-0008,4992,1,0.1967,0.9202
4992-41806-0008,5142,0,0.0768,0.8969
4992-41806-0008,5683,0,-0.1154,0.7915
4992-41806-0008,6829,0,0.3296,0.9285
4992-41806-0008,8463,0,0.0925,0.8985
4992-41806-0008,8555,0,0.2076,0.8191
4992-41806-0013,121,0,-0.0254,0.8123
4992-41806-0013,1221,0,-0.0351,0.9064
4992-41806-0013,1284,0,-0.0192,0.783
4992-41806-0013,1580,0,-0.1484,0.7963
4992-41806-0013,1995,0,-0.1493,0.7979
4992-41806-0013,2094,0,0.1507,0.8988
4992-41806-0013,237,0,0.0648,0.861
4992-41806-0013,2961,0,-0.0536,0.7081
4992-41806-0013,3570,0,-0.1434,0.7759
4992-41806-0013,3575,0,0.0399,0.7849
4992-41806-0013,3729,0,-0.0842,0.8994
4992-41806-0013,4446,0,-0.1193,0.864
4992-41806-0013,4507,0,-0.0546,0.8901
4992-41806-0013,4970,0,0.0618,0.8181
4992-41806-0013,4992,1,0.0832,0.9069
4992-41806-0013,5142,0,0.0249,0.8476
4992-41806-0013,5683,0,-0.0949,0.811
4992-41806-0013,6829,0,0.2986,0.9328
4992-41806-0013,8463,0,0.0623,0.8836
4992-41806-0013,8555,0,0.2083,0.8018
4992-41806-0017,121,0,-0.0125,0.7804
4992-41806-0017,1221,0,0.043,0.9076
4992-41806-0017,1284,0,-0.0234,0.7893
4992-41806-0017,1580,0,-0.111,0.7791
4992-41806-0017,1995,0,-0.1426,0.8125
4992-41806-0017,2094,0,0.1813,0.896
4992-41806-0017,237,0,0.0715,0.8417
4992-41806-0017,2961,0,-0.0191,0.6683
4992-41806-0017,3570,0,-0.0895,0.7091
4992-41806-0017,3575,0,0.038,0.7286
4992-41806-0017,3729,0,-0.0075,0.8826
4992-41806-0017,4446,0,-0.0877,0.867
4992-41806-0017,4507,0,-0.0248,0.877
4992-41806-0017,4970,0,0.0096,0.8015
4992-41806-0017,4992,1,0.0789,0.9195
4992-41806-0017,5142,0,0.1692,0.8888
4992-41806-0017,5683,0,-0.064,0.7962
4992-41806-0017,6829,0,0.219,0.929
4992-41806-0017,8463,0,0.0486,0.8978
4992-41806-0017,8555,0,0.2375,0.8144
5105-28233-0001,1089,0,0.0255,0.7802
5105-28233-0001,1188,0,-0.0387,0.8478
5105-28233-0001,1320,0,0.1407,0.7868
5105-28233-0001,2300,0,0.0687,0.7095
5105-28233-0001,260,0,0.1513,0.8534
5105-28233-0001,2830,0,0.068,0.8194
5105-28233-0001,4077,0,0.0517,0.7743
5105-28233-0001,5105,1,0.2242,0.8409
5105-28233-0001,5639,0,0.0283,0.7715
5105-28233-0001,61,0,0.0443,0.8676
5105-28233-0001,672,0,0.0495,0.8154
5105-28233-0001,6930,0,0.0641,0.7091
5105-28233-0001,7021,0,0.1076,0.8188
5105-28233-0001,7127,0,0.0829,0.7549
5105-28233-0001,7176,0,0.0866,0.8367
5105-28233-0001,7729,0,0.0269,0.8619
5105-28233-0001,8224,0,0.0603,0.6947
5105-28233-0001,8230,0,0.0223,0.7932
5105-28233-0001,8455,0,0.111,0.7041
5105-28233-0001,908,0,0.075,0.8348
5105-28233-0004,1089,0,0.0715,0.7264
5105-28233-0004,1188,0,0.0101,0.767
5105-28233-0004,1320,0,0.1639,0.7039
5105-28233-0004,2300,0,0.0481,0.5938
5105-28233-0004,260,0,0.206,0.7922
5105-28233-0004,2830,0,0.0274,0.7666
5105-28233-0004,4077,0,0.1284,0.6939
5105-28233-0004,5105,1,0.2499,0.7674
5105-28233-0004,5639,0,0.0322,0.7692
5105-28233-0004,61,0,0.0489,0.8225
5105-28233-0004,672,0,0.0749,0.7863
5105-28233-0004,6930,0,0.0593,0.6722
5105-28233-0004,7021,0,0.0971,0.734
5105-28233-0004,7127,0,0.0847,0.6581
5105-28233-0004,7176,0,0.053,0.7787
5105-28233-0004,7729,0,0.0598,0.7961
5105-28233-0004,8224,0,0.0054,0.6857
5105-28233-0004,8230,0,-0.0062,0.7514
5105-28233-0004,8455,0,0.103,0.6056
5105-28233-0004,908,0,0.0462,0.8163
5105-28240-0006,1089,0,-0.0656,0.6841
5105-28240-0006,1188,0,-0.1101,0.7447
5105-28240-0006,1320,0,0.0894,0.6774
5105-28240-0006,2300,0,0.047,0.6333
5105-28240-0006,260,0,0.1007,0.7908
5105-28240-0006,2830,0,-0.0393,0.7129
5105-28240-0006,4077,0,0.1051,0.7004
5105-28240-0006,5105,1,0.2322,0.7494
5105-28240-0006,5639,0,-0.0151,0.7227
5105-28240-0006,61,0,0.0554,0.8391
5105-28240-0006,672,0,-0.0505,0.7425
5105-28240-0006,6930,0,0.1013,0.6408
5105-28240-0006,7021,0,0.0594,0.747
5105-28240-0006,7127,0,-0.0289,0.6247
5105-28240-0006,7176,0,0.0859,0.7855
5105-28240-0006,7729,0,0.0222,0.8234
5105-28240-0006,8224,0,0.0237,0.6495
5105-28240-0006,8230,0,-0.0698,0.7105
5105-28240-0006,8455,0,0.0579,0.5992
5105-28240-0006,908,0,0.1309,0.826
5105-28240-0007,1089,0,0.0001,0.6777
5105-28240-0007,1188,0,-0.0295,0.7248
5105-28240-0007,1320,0,0.0977,0.6912
5105-28240-0007,2300,0,0.0067,0.6575
5105-28240-0007,260,0,0.1507,0.7924
5105-28240-0007,2830,0,-0.0065,0.7006
5105-28240-0007,4077,0,0.094,0.701
5105-28240-0007,5105,1,0.225,0.7626
5105-28240-0007,5639,0,-0.0004,0.6955
5105-28240-0007,61,0,0.0288,0.8478
5105-28240-0007,672,0,-0.0298,0.7404
5105-28240-0007,6930,0,0.0695,0.6647
5105-28240-0007,7021,0,0.0864,0.7629
5105-28240-0007,7127,0,0.0975,0.6258
5105-28240-0007,7176,0,0.0981,0.7905
5105-28240-0007,7729,0,0.0134,0.8049
5105-28240-0007,8224,0,0.1024,0.6331
5105-28240-0007,8230,0,-0.035,0.7024
5105-28240-0007,8455,0,0.1363,0.6212
5105-28240-0007,908,0,0.1469,0.8228
5105-28240-0009,1089,0,-0.0121,0.6855
5105-28240-0009,1188,0,-0.0521,0.7241
5105-28240-0009,1320,0,0.092,0.7017
5105-28240-0009,2300,0,0.0544,0.6514
5105-28240-0009,260,0,0.1304,0.8068
5105-28240-0009,2830,0,-0.0062,0.6918
5105-28240-0009,4077,0,0.1783,0.7464
5105-28240-0009,5105,1,0.254,0.7714
5105-28240-0009,5639,0,0.0142,0.7288
5105-28240-0009,61,0,0.0427,0.8425
5105-28240-0009,672,0,-0.0098,0.7575
5105-28240-0009,6930,0,0.1282,0.6551
5105-28240-0009,7021,0,0.1332,0.7647
5105-28240-0009,7127,0,0.0827,0.649
5105-28240-0009,7176,0,0.0802,0.8029
5105-28240-0009,7729,0,-0.0197,0.818
5105-28240-0009,8224,0,0.0561,0.6431
5105-28240-0009,8230,0,-0.0535,0.6906
5105-28240-0009,8455,0,0.0923,0.6245
5105-28240-0009,908,0,0.1067,0.84
5105-28240-0012,1089,0,0.0838,0.7174
5105-28240-0012,1188,0,-0.0698,0.7574
5105-28240-0012,1320,0,0.1228,0.6587
5105-28240-0012,2300,0,-0.0009,0.5102
5105-28240-0012,260,0,0.1338,0.7978
5105-28240-0012,2830,0,0.0366,0.7502
5105-28240-0012,4077,0,0.1943,0.6741
5105-28240-0012,5105,1,0.3362,0.758
5105-28240-0012,5639,0,0.1115,0.7965
5105-28240-0012,61,0,0.0681,0.8507
5105-28240-0012,672,0,-0.0222,0.7899
5105-28240-0012,6930,0,0.1557,0.6656
5105-28240-0012,7021,0,0.1631,0.7183
5105-28240-0012,7127,0,0.0321,0.6071
5105-28240-0012,7176,0,0.1541,0.8182
5105-28240-0012,7729,0,-0.0108,0.7921
5105-28240-0012,8224,0,0.0694,0.7237
5105-28240-0012,8230,0,0.0308,0.7757
5105-28240-0012,8455,0,0.1177,0.5609
5105-28240-0012,908,0,0.0996,0.8349
5105-28240-0016,1089,0,-0.0521,0.6741
5105-28240-0016,1188,0,-0.0304,0.7415
5105-28240-0016,1320,0,0.1223,0.6792
5105-28240-0016,2300,0,0.1267,0.6349
5105-28240-0016,260,0,0.1312,0.7817
5105-28240-0016,2830,0,0.0066,0.7112
5105-28240-0016,4077,0,0.1486,0.7617
5105-28240-0016,5105,1,0.2545,0.7459
5105-28240-0016,5639,0,0.0681,0.7289
5105-28240-0016,61,0,0.1061,0.8121
5105-28240-0016,672,0,0.0049,0.7143
5105-28240-0016,6930,0,0.1267,0.586
5105-28240-0016,7021,0,0.0332,0.7319
5105-28240-0016,7127,0,0.0809,0.6882
5105-28240-0016,7176,0,0.1133,0.7799
5105-28240-0016,7729,0,-0.0313,0.8486
5105-28240-0016,8224,0,0.0775,0.5883
5105-28240-0016,8230,0,-0.0228,0.6777
5105-28240-0016,8455,0,0.1124,0.5843
5105-28240-0016,908,0,0.1075,0.7877
5105-28240-0022,1089,0,-0.0097,0.7197
5105-28240-0022,1188,0,-0.1446,0.785
5105-28240-0022,1320,0,0.1295,0.7288
5105-28240-0022,2300,0,0.0511,0.6561
5105-28240-0022,260,0,0.1076,0.8159
5105-28240-0022,2830,0,-0.0114,0.7684
5105-28240-0022,4077,0,0.1612,0.7336
5105-28240-0022,5105,1,0.238,0.8131
5105-28240-0022,5639,0,0.0036,0.7431
5105-28240-0022,61,0,0.0057,0.859
5105-28240-0022,672,0,-0.0795,0.77
5105-28240-0022,6930,0,0.1413,0.6714
5105-28240-0022,7021,0,0.1109,0.7956
5105-28240-0022,7127,0,0.0311,0.6947
5105-28240-0022,7176,0,0.0491,0.812
5105-28240-0022,7729,0,0.0237,0.8422
5105-28240-0022,8224,0,0.02,0.6625
5105-28240-0022,8230,0,-0.0352,0.7418
5105-28240-0022,8455,0,0.0987,0.6268
5105-28240-0022,908,0,0.0797,0.8345
5105-28240-0024,1089,0,0.0101,0.7205
5105-28240-0024,1188,0,-0.1464,0.7681
5105-28240-0024,1320,0,0.0538,0.698
5105-28240-0024,2300,0,0.0442,0.6212
5105-28240-0024,260,0,0.1018,0.8268
5105-28240-0024,2830,0,-0.04,0.7397
5105-28240-0024,4077,0,0.118,0.748
5105-28240-0024,5105,1,0.2003,0.7753
5105-28240-0024,5639,0,0.0299,0.7741
5105-28240-0024,61,0,0.024,0.8761
5105-28240-0024,672,0,-0.0567,0.7807
5105-28240-0024,6930,0,0.0761,0.6643
5105-28240-0024,7021,0,0.0482,0.7569
5105-28240-0024,7127,0,0.0134,0.6567
5105-28240-0024,7176,0,0.0743,0.8291
5105-28240-0024,7729,0,-0.0284,0.8574
5105-28240-0024,8224,0,0.0608,0.6637
5105-28240-0024,8230,0,-0.0151,0.7506
5105-28240-0024,8455,0,0.0413,0.6172
5105-28240-0024,908,0,0.0744,0.8532
5105-28241-0005,1089,0,0.0392,0.679
5105-28241-0005,1188,0,-0.0608,0.7451
5105-28241-0005,1320,0,0.1386,0.6631
5105-28241-0005,2300,0,0.1072,0.5612
5105-28241-0005,260,0,0.1463,0.7867
5105-28241-0005,2830,0,-0.0283,0.7509
5105-28241-0005,4077,0,0.2096,0.7082
5105-28241-0005,5105,1,0.2338,0.754
5105-28241-0005,5639,0,0.0297,0.7478
5105-28241-0005,61,0,0.0795,0.8409
5105-28241-0005,672,0,-0.0495,0.7233
5105-28241-0005,6930,0,0.0759,0.6137
5105-28241-0005,7021,0,0.1863,0.724
5105-28241-0005,7127,0,0.079,0.6543
5105-28241-0005,7176,0,0.0846,0.8045
5105-28241-0005,7729,0,0.0562,0.8261
5105-28241-0005,8224,0,0.0633,0.604
5105-28241-0005,8230,0,0.0043,0.7271
5105-28241-0005,8455,0,0.1393,0.5434
5105-28241-0005,908,0,0.0708,0.8036
5142-33396-0012,121,0,0.0322,0.8106
5142-33396-0012,1221,0,-0.1374,0.8354
5142-33396-0012,1284,0,-0.0952,0.6896
5142-33396-0012,1580,0,-0.1839,0.7691
5142-33396-0012,1995,0,0.0082,0.7815
5142-33396-0012,2094,0,-0.0655,0.8168
5142-33396-0012,237,0,-0.1011,0.8032
5142-33396-0012,2961,0,-0.0409,0.7263
5142-33396-0012,3570,0,-0.0125,0.7864
5142-33396-0012,3575,0,-0.0409,0.8499
5142-33396-0012,3729,0,-0.1518,0.8336
5142-33396-0012,4446,0,-0.0737,0.7603
5142-33396-0012,4507,0,-0.2365,0.8635
5142-33396-0012,4970,0,0.1003,0.8497
5142-33396-0012,4992,0,0.0166,0.8491
5142-33396-0012,5142,1,0.1671,0.8074
5142-33396-0012,5683,0,-0.1823,0.8139
5142-33396-0012,6829,0,0.0919,0.8519
5142-33396-0012,8463,0,0.0602,0.8557
5142-33396-0012,8555,0,0.1218,0.8471
5142-33396-0015,121,0,0.031,0.8136
5142-33396-0015,1221,0,-0.1783,0.8608
5142-33396-0015,1284,0,-0.095,0.7877
5142-33396-0015,1580,0,-0.1514,0.7922
5142-33396-0015,1995,0,-0.0668,0.8208
5142-33396-0015,2094,0,0.0051,0.8955
5142-33396-0015,237,0,-0.1023,0.8305
5142-33396-0015,2961,0,0.0415,0.7391
5142-33396-0015,3570,0,-0.0472,0.7552
5142-33396-0015,3575,0,0.0161,0.7719
5142-33396-0015,3729,0,-0.1581,0.8592
5142-33396-0015,4446,0,-0.1068,0.8399
5142-33396-0015,4507,0,-0.2833,0.8424
5142-33396-0015,4970,0,0.1098,0.7919
5142-33396-0015,4992,0,-0.0275,0.8896
5142-33396-0015,5142,1,0.1132,0.8175
5142-33396-0015,5683,0,-0.2206,0.7797
5142-33396-0015,6829,0,0.1448,0.8887
5142-33396-0015,8463,0,0.0049,0.8991
5142-33396-0015,8555,0,0.0818,0.7714
5142-33396-0019,121,0,0.0034,0.8236
5142-33396-0019,1221,0,-0.1,0.8714
5142-33396-0019,1284,0,-0.0473,0.828
5142-33396-0019,1580,0,-0.1917,0.7983
5142-33396-0019,1995,0,-0.0677,0.8601
5142-33396-0019,2094,0,0.0897,0.9038
5142-33396-0019,237,0,-0.111,0.8514
5142-33396-0019,2961,0,0.0711,0.7516
5142-33396-0019,3570,0,0.0123,0.7367
5142-33396-0019,3575,0,-0.0245,0.7012
5142-33396-0019,3729,0,-0.0963,0.8717
5142-33396-0019,4446,0,-0.036,0.8736
5142-33396-0019,4507,0,-0.1585,0.8293
5142-33396-0019,4970,0,-0.0098,0.7428
5142-33396-0019,4992,0,-0.0203,0.9179
5142-33396-0019,5142,1,0.1985,0.8365
5142-33396-0019,5683,0,-0.1686,0.763
5142-33396-0019,6829,0,0.0554,0.8825
5142-33396-0019,8463,0,0.0973,0.9299
5142-33396-0019,8555,0,0.0415,0.7556
5142-33396-0024,121,0,-0.043,0.7778
5142-33396-0024,1221,0,-0.08,0.8752
5142-33396-0024,1284,0,0.0097,0.7944
5142-33396-0024,1580,0,-0.1528,0.7845
5142-33396-0024,1995,0,-0.0865,0.8177
5142-33396-0024,2094,0,0.0375,0.899
5142-33396-0024,237,0,-0.038,0.8191
5142-33396-0024,2961,0,0.0461,0.6913
5142-33396-0024,3570,0,-0.048,0.6915
5142-33396-0024,3575,0,-0.0002,0.7236
5142-33396-0024,3729,0,-0.1941,0.8512
5142-33396-0024,4446,0,0.0191,0.8573
5142-33396-0024,4507,0,-0.2607,0.8302
5142-33396-0024,4970,0,0.2108,0.7853
5142-33396-0024,4992,0,0.0195,0.9081
5142-33396-0024,5142,1,0.1583,0.8664
5142-33396-0024,5683,0,-0.1282,0.7783
5142-33396-0024,6829,0,0.1959,0.9012
5142-33396-0024,8463,0,0.0091,0.9135
5142-33396-0024,8555,0,0.0675,0.7895
5142-33396-0032,121,0,0.0506,0.8561
5142-33396-0032,1221,0,-0.119,0.901
5142-33396-0032,1284,0,-0.0642,0.8233
5142-33396-0032,1580,0,-0.1175,0.8477
5142-33396-0032,1995,0,-0.0185,0.8457
5142-33396-0032,2094,0,0.0345,0.921
5142-33396-0032,237,0,-0.1191,0.8777
5142-33396-0032,2961,0,0.0326,0.7603
5142-33396-0032,3570,0,0.0246,0.7921
5142-33396-0032,3575,0,-0.0425,0.803
5142-33396-0032,3729,0,-0.0961,0.904
5142-33396-0032,4446,0,-0.0498,0.8855
5142-33396-0032,4507,0,-0.2088,0.88
5142-33396-0032,4970,0,0.106,0.8131
5142-33396-0032,4992,0,-0.0102,0.9242
5142-33396-0032,5142,1,0.1605,0.8398
5142-33396-0032,5683,0,-0.1819,0.8397
5142-33396-0032,6829,0,0.1696,0.9057
5142-33396-0032,8463,0,-0.0068,0.9141
5142-33396-0032,8555,0,0.0947,0.8113
5142-33396-0054,121,0,-0.0382,0.8289
5142-33396-0054,1221,0,-0.1608,0.855
5142-33396-0054,1284,0,-0.0784,0.7914
5142-33396-0054,1580,0,-0.2185,0.8015
5142-33396-0054,1995,0,-0.0663,0.7977
5142-33396-0054,2094,0,0.0561,0.886
5142-33396-0054,237,0,-0.162,0.8066
5142-33396-0054,2961,0,0.0587,0.7722
5142-33396-0054,3570,0,-0.0518,0.7651
5142-33396-0054,3575,0,-0.0974,0.7519
5142-33396-0054,3729,0,-0.1289,0.8777
5142-33396-0054,4446,0,-0.0056,0.8485
5142-33396-0054,4507,0,-0.1957,0.8607
5142-33396-0054,4970,0,0.0434,0.7789
5142-33396-0054,4992,0,0.0383,0.8763
5142-33396-0054,5142,1,0.2658,0.8128
5142-33396-0054,5683,0,-0.223,0.785
5142-33396-0054,6829,0,0.1285,0.888
5142-33396-0054,8463,0,0.0656,0.8896
5142-33396-0054,8555,0,0.0868,0.7594
5142-36377-0001,121,0,-0.0883,0.8249
5142-36377-0001,1221,0,-0.0504,0.8601
5142-36377-0001,1284,0,-0.0857,0.7862
5142-36377-0001,1580,0,-0.165,0.7759
5142-36377-0001,1995,0,-0.0406,0.8461
5142-36377-0001,2094,0,0.0098,0.8908
5142-36377-0001,237,0,-0.0525,0.829
5142-36377-0001,2961,0,0.0727,0.7762
5142-36377-0001,3570,0,0.0322,0.7643
5142-36377-0001,3575,0,0.1019,0.7536
5142-36377-0001,3729,0,-0.1519,0.8769
5142-36377-0001,4446,0,-0.1288,0.8427
5142-36377-0001,4507,0,-0.2614,0.8449
5142-36377-0001,4970,0,0.1484,0.7858
5142-36377-0001,4992,0,-0.023,0.9019
5142-36377-0001,5142,1,0.2949,0.8462
5142-36377-0001,5683,0,-0.0172,0.7837
5142-36377-0001,6829,0,0.0921,0.8966
5142-36377-0001,8463,0,0.0515,0.9201
5142-36377-0001,8555,0,0.2167,0.7901
5142-36377-0006,121,0,-0.0366,0.7572
5142-36377-0006,1221,0,-0.0712,0.8728
5142-36377-0006,1284,0,0.0708,0.7708
5142-36377-0006,1580,0,-0.0905,0.8278
5142-36377-0006,1995,0,-0.0187,0.7392
5142-36377-0006,2094,0,0.03,0.8392
5142-36377-0006,237,0,-0.0432,0.8602
5142-36377-0006,2961,0,0.1037,0.6426
5142-36377-0006,3570,0,0.1123,0.7528
5142-36377-0006,3575,0,0.0262,0.8167
5142-36377-0006,3729,0,-0.1413,0.8355
5142-36377-0006,4446,0,0.061,0.8383
5142-36377-0006,4507,0,-0.2605,0.8595
5142-36377-0006,4970,0,0.1698,0.8664
5142-36377-0006,4992,0,0.0168,0.8454
5142-36377-0006,5142,1,0.1525,0.8144
5142-36377-0006,5683,0,-0.1149,0.846
5142-36377-0006,6829,0,0.084,0.8654
5142-36377-0006,8463,0,-0.027,0.8243
5142-36377-0006,8555,0,0.1368,0.8277
5142-36377-0018,121,0,-0.0844,0.8383
5142-36377-0018,1221,0,-0.1353,0.8563
5142-36377-0018,1284,0,-0.0539,0.7497
5142-36377-0018,1580,0,-0.1751,0.7876
5142-36377-0018,1995,0,-0.0389,0.8167
5142-36377-0018,2094,0,-0.0547,0.8702
5142-36377-0018,237,0,-0.0674,0.8223
5142-36377-0018,2961,0,0.0492,0.7775
5142-36377-0018,3570,0,-0.0308,0.793
5142-36377-0018,3575,0,-0.037,0.8093
5142-36377-0018,3729,0,-0.1349,0.8688
5142-36377-0018,4446,0,-0.0002,0.8151
5142-36377-0018,4507,0,-0.305,0.8711
5142-36377-0018,4970,0,0.0956,0.8221
5142-36377-0018,4992,0,0.0128,0.8811
5142-36377-0018,5142,1,0.2661,0.8287
5142-36377-0018,5683,0,-0.1393,0.8098
5142-36377-0018,6829,0,-0.0595,0.8795
5142-36377-0018,8463,0,0.1038,0.8947
5142-36377-0018,8555,0,0.1648,0.8193
5142-36377-0023,121,0,-0.0909,0.7447
5142-36377-0023,1221,0,-0.116,0.8888
5142-36377-0023,1284,0,-0.0907,0.8058
5142-36377-0023,1580,0,-0.1597,0.8054
5142-36377-0023,1995,0,-0.1058,0.7544
5142-36377-0023,2094,0,0.048,0.8839
5142-36377-0023,237,0,-0.1269,0.8079
5142-36377-0023,2961,0,0.007,0.6368
5142-36377-0023,3570,0,-0.0439,0.6741
5142-36377-0023,3575,0,-0.0227,0.7656
5142-36377-0023,3729,0,-0.1561,0.8584
5142-36377-0023,4446,0,-0.0467,0.8677
5142-36377-0023,4507,0,-0.2687,0.8653
5142-36377-0023,4970,0,0.1292,0.8577
5142-36377-0023,4992,0,-0.0103,0.8804
5142-36377-0023,5142,1,0.2157,0.8827
5142-36377-0023,5683,0,-0.214,0.8285
5142-36377-0023,6829,0,0.0709,0.9298
5142-36377-0023,8463,0,0.0138,0.872
5142-36377-0023,8555,0,0.095,0.8143
5639-40744-0002,1089,0,0.0117,0.6501
5639-40744-0002,1188,0,-0.0517,0.6984
5639-40744-0002,1320,0,-0.0175,0.5881
5639-40744-0002,2300,0,0.0184,0.4627
5639-40744-0002,260,0,0.1181,0.7621
5639-40744-0002,2830,0,-0.0562,0.6762
5639-40744-0002,4077,0,0.172,0.7336
5639-40744-0002,5105,0,0.065,0.6799
5639-40744-0002,5639,1,0.1565,0.8161
5639-40744-0002,61,0,0.0129,0.8066
5639-40744-0002,672,0,-0.0451,0.7156
5639-40744-0002,6930,0,0.1054,0.5632
5639-40744-0002,7021,0,0.0191,0.6377
5639-40744-0002,7127,0,0.0504,0.5955
5639-40744-0002,7176,0,0.0709,0.7785
5639-40744-0002,7729,0,-0.0208,0.8333
5639-40744-0002,8224,0,0.1057,0.6303
5639-40744-0002,8230,0,-0.1008,0.685
5639-40744-0002,8455,0,0.0362,0.4973
5639-40744-0002,908,0,0.0536,0.7976
5639-40744-0007,1089,0,-0.0741,0.6478
5639-40744-0007,1188,0,-0.0785,0.6663
5639-40744-0007,1320,0,-0.0407,0.5596
5639-40744-0007,2300,0,-0.0193,0.4487
5639-40744-0007,260,0,0.1198,0.6996
5639-40744-0007,2830,0,-0.0444,0.6464
5639-40744-0007,4077,0,0.0543,0.6269
5639-40744-0007,5105,0,0.006,0.6575
5639-40744-0007,5639,1,0.1281,0.7832
5639-40744-0007,61,0,0.0545,0.7566
5639-40744-0007,672,0,0.0138,0.7139
5639-40744-0007,6930,0,0.0909,0.5534
5639-40744-0007,7021,0,-0.0074,0.6379
5639-40744-0007,7127,0,-0.0325,0.5278
5639-40744-0007,7176,0,0.0853,0.7073
5639-40744-0007,7729,0,0.0513,0.7702
5639-40744-0007,8224,0,0.0609,0.6735
5639-40744-0007,8230,0,-0.1097,0.6736
5639-40744-0007,8455,0,-0.1319,0.4544
5639-40744-0007,908,0,0.1117,0.7882
5639-40744-0012,1089,0,0.062,0.6206
5639-40744-0012,1188,0,-0.0345,0.6676
5639-40744-0012,1320,0,-0.0327,0.5356
5639-40744-0012,2300,0,0.04,0.3835
5639-40744-0012,260,0,0.1352,0.7315
5639-40744-0012,2830,0,0.0378,0.6625
5639-40744-0012,4077,0,0.0935,0.6603
5639-40744-0012,5105,0,0.073,0.6339
5639-40744-0012,5639,1,0.171,0.8037
5639-40744-0012,61,0,0.003,0.7909
5639-40744-0012,672,0,-0.0298,0.7116
5639-40744-0012,6930,0,0.0871,0.5542
5639-40744-0012,7021,0,0.0156,0.5762
5639-40744-0012,7127,0,0.1136,0.5208
5639-40744-0012,7176,0,0.0905,0.7595
5639-40744-0012,7729,0,-0.0537,0.7592
5639-40744-0012,8224,0,0.1218,0.6689
5639-40744-0012,8230,0,-0.0632,0.6888
5639-40744-0012,8455,0,0.0321,0.4527
5639-40744-0012,908,0,0.0233,0.763
5639-40744-0013,1089,0,0.0575,0.6616
5639-40744-0013,1188,0,-0.0403,0.6887
5639-40744-0013,1320,0,0.0079,0.5685
5639-40744-0013,2300,0,0.0609,0.3989
5639-40744-0013,260,0,0.1796,0.7401
5639-40744-0013,2830,0,-0.0125,0.6696
5639-40744-0013,4077,0,0.1291,0.6898
5639-40744-0013,5105,0,0.0993,0.6619
5639-40744-0013,5639,1,0.2293,0.8482
5639-40744-0013,61,0,0.0073,0.7841
5639-40744-0013,672,0,0.0278,0.7514
5639-40744-0013,6930,0,0.069,0.5767
5639-40744-0013,7021,0,0.0723,0.6014
5639-40744-0013,7127,0,0.1049,0.5524
5639-40744-0013,7176,0,0.0978,0.7562
5639-40744-0013,7729,0,0.0159,0.7621
5639-40744-0013,8224,0,0.1558,0.7359
5639-40744-0013,8230,0,-0.0882,0.6988
5639-40744-0013,8455,0,0.0969,0.4819
5639-40744-0013,908,0,0.0536,0.7831
5639-40744-0014,1089,0,-0.0242,0.6801
5639-40744-0014,1188,0,-0.0711,0.7491
5639-40744-0014,1320,0,-0.0375,0.6166
5639-40744-0014,2300,0,0.019,0.4633
5639-40744-0014,260,0,0.1545,0.808
5639-40744-0014,2830,0,-0.0629,0.7424
5639-40744-0014,4077,0,0.0689,0.7095
5639-40744-0014,5105,0,0.061,0.7075
5639-40744-0014,5639,1,0.161,0.8183
5639-40744-0014,61,0,0.0008,0.855
5639-40744-0014,672,0,-0.0405,0.7566
5639-40744-0014,6930,0,0.1368,0.6285
5639-40744-0014,7021,0,-0.0106,0.6536
5639-40744-0014,7127,0,-0.0145,0.593
5639-40744-0014,7176,0,0.0207,0.8204
5639-40744-0014,7729,0,-0.0666,0.8138
5639-40744-0014,8224,0,0.0932,0.6796
5639-40744-0014,8230,0,-0.1301,0.7536
5639-40744-0014,8455,0,-0.0285,0.5375
5639-40744-0014,908,0,0.0693,0.8129
5639-40744-0017,1089,0,-0.0137,0.6647
5639-40744-0017,1188,0,-0.0976,0.6788
5639-40744-0017,1320,0,-0.0513,0.5885
5639-40744-0017,2300,0,0.0176,0.4696
5639-40744-0017,260,0,0.1524,0.7292
5639-40744-0017,2830,0,-0.0196,0.6558
5639-40744-0017,4077,0,0.0879,0.7125
5639-40744-0017,5105,0,0.0223,0.6805
5639-40744-0017,5639,1,0.1613,0.835
5639-40744-0017,61,0,-0.0294,0.7916
5639-40744-0017,672,0,-0.036,0.736
5639-40744-0017,6930,0,0.0774,0.5859
5639-40744-0017,7021,0,0.0098,0.6362
5639-40744-0017,7127,0,0.0744,0.5784
5639-40744-0017,7176,0,0.0579,0.7401
5639-40744-0017,7729,0,-0.0484,0.8269
5639-40744-0017,8224,0,0.1011,0.7056
5639-40744-0017,8230,0,-0.1251,0.6801
5639-40744-0017,8455,0,-0.0023,0.5016
5639-40744-0017,908,0,0.0567,0.8048
5639-40744-0024,1089,0,-0.0256,0.657
5639-40744-0024,1188,0,-0.0785,0.6851
5639-40744-0024,1320,0,-0.0642,0.6007
5639-40744-0024,2300,0,0.0774,0.4848
5639-40744-0024,260,0,0.0409,0.7544
5639-40744-0024,2830,0,-0.054,0.6581
5639-40744-0024,4077,0,0.1153,0.7064
5639-40744-0024,5105,0,0.0843,0.6825
5639-40744-0024,5639,1,0.1975,0.8001
5639-40744-0024,61,0,0.0015,0.7957
5639-40744-0024,672,0,-0.0627,0.7452
5639-40744-0024,6930,0,0.0567,0.5868
5639-40744-0024,7021,0,0.0367,0.6474
5639-40744-0024,7127,0,0.0363,0.5718
5639-40744-0024,7176,0,0.0641,0.7571
5639-40744-0024,7729,0,-0.0323,0.7854
5639-40744-0024,8224,0,0.0918,0.6836
5639-40744-0024,8230,0,-0.1061,0.6777
5639-40744-0024,8455,0,-0.045,0.5213
5639-40744-0024,908,0,0.0657,0.8065
5639-40744-0029,1089,0,-0.0064,0.6949
5639-40744-0029,1188,0,-0.0611,0.7238
5639-40744-0029,1320,0,-0.058,0.6432
5639-40744-0029,2300,0,0.0751,0.5442
5639-40744-0029,260,0,0.0427,0.7691
5639-40744-0029,2830,0,-0.0973,0.6852
5639-40744-0029,4077,0,0.1686,0.76
5639-40744-0029,5105,0,0.038,0.7329
5639-40744-0029,5639,1,0.292,0.8372
5639-40744-0029,61,0,0.0357,0.8059
5639-40744-0029,672,0,0.0636,0.7603
5639-40744-0029,6930,0,0.0511,0.5932
5639-40744-0029,7021,0,0.0185,0.6986
5639-40744-0029,7127,0,0.0727,0.6444
5639-40744-0029,7176,0,0.1134,0.7581
5639-40744-0029,7729,0,-0.0022,0.8539
5639-40744-0029,8224,0,0.1149,0.7247
5639-40744-0029,8230,0,-0.0031,0.6857
5639-40744-0029,8455,0,0.0127,0.5428
5639-40744-0029,908,0,0.0411,0.8258
5639-40744-0034,1089,0,-0.0289,0.6658
5639-40744-0034,1188,0,-0.0567,0.6943
5639-40744-0034,1320,0,-0.0375,0.6138
5639-40744-0034,2300,0,0.0355,0.5062
5639-40744-0034,260,0,0.1111,0.7728
5639-40744-0034,2830,0,-0.0425,0.6626
5639-40744-0034,4077,0,0.1322,0.727
5639-40744-0034,5105,0,0.0296,0.6925
5639-40744-0034,5639,1,0.2061,0.8151
5639-40744-0034,61,0,-0.019,0.8097
5639-40744-0034,672,0,-0.0155,0.7589
5639-40744-0034,6930,0,0.0856,0.623
5639-40744-0034,7021,0,-0.0021,0.6552
5639-40744-0034,7127,0,0.0398,0.5769
5639-40744-0034,7176,0,0.0976,0.7666
5639-40744-0034,7729,0,-0.0212,0.8057
5639-40744-0034,8224,0,0.0809,0.7093
5639-40744-0034,8230,0,-0.1251,0.6837
5639-40744-0034,8455,0,-0.0411,0.5528
5639-40744-0034,908,0,0.1248,0.8181
5639-40744-0040,1089,0,-0.0121,0.6398
5639-40744-0040,1188,0,-0.0273,0.6753
5639-40744-0040,1320,0,-0.0229,0.5851
5639-40744-0040,2300,0,0.0509,0.4882
5639-40744-0040,260,0,0.1062,0.736
5639-40744-0040,2830,0,-0.0902,0.6533
5639-40744-0040,4077,0,0.0988,0.7133
5639-40744-0040,5105,0,0.0449,0.6702
5639-40744-0040,5639,1,0.1902,0.7859
5639-40744-0040,61,0,0.0098,0.7919
5639-40744-0040,672,0,-0.0193,0.7054
5639-40744-0040,6930,0,0.0274,0.5598
5639-40744-0040,7021,0,0.0533,0.638
5639-40744-0040,7127,0,0.0699,0.5822
5639-40744-0040,7176,0,0.0564,0.7524
5639-40744-0040,7729,0,-0.0018,0.8208
5639-40744-0040,8224,0,0.1456,0.6291
5639-40744-0040,8230,0,-0.0632,0.6653
5639-40744-0040,8455,0,-0.0077,0.4977
5639-40744-0040,908,0,0.013,0.7888
5683-32865-0010,121,0,0.03,0.7744
5683-32865-0010,1221,0,0.0263,0.8625
5683-32865-0010,1284,0,0.0058,0.7671
5683-32865-0010,1580,0,-0.0714,0.8012
5683-32865-0010,1995,0,-0.1009,0.7596
5683-32865-0010,2094,0,-0.0024,0.8642
5683-32865-0010,237,0,0.0909,0.8507
5683-32865-0010,2961,0,-0.0636,0.6845
5683-32865-0010,3570,0,-0.1127,0.7768
5683-32865-0010,3575,0,0.2186,0.8342
5683-32865-0010,3729,0,-0.1432,0.8324
5683-32865-0010,4446,0,-0.0435,0.8097
5683-32865-0010,4507,0,-0.1899,0.856
5683-32865-0010,4970,0,0.1484,0.8449
5683-32865-0010,4992,0,-0.0486,0.8364
5683-32865-0010,5142,0,-0.0057,0.7855
5683-32865-0010,5683,1,0.1982,0.8339
5683-32865-0010,6829,0,0.256,0.8895
5683-32865-0010,8463,0,-0.0494,0.8087
5683-32865-0010,8555,0,0.1996,0.7831
5683-32866-0006,121,0,0.1496,0.6914
5683-32866-0006,1221,0,0.045,0.7461
5683-32866-0006,1284,0,-0.0467,0.638
5683-32866-0006,1580,0,-0.0123,0.722
5683-32866-0006,1995,0,0.0022,0.6016
5683-32866-0006,2094,0,0.0117,0.7389
5683-32866-0006,237,0,0.1045,0.7302
5683-32866-0006,2961,0,0.0315,0.6195
5683-32866-0006,3570,0,-0.0399,0.7509
5683-32866-0006,3575,0,0.2764,0.9194
5683-32866-0006,3729,0,-0.0284,0.7364
5683-32866-0006,4446,0,-0.0415,0.6587
5683-32866-0006,4507,0,-0.2272,0.8014
5683-32866-0006,4970,0,0.058,0.8763
5683-32866-0006,4992,0,0.0063,0.6711
5683-32866-0006,5142,0,-0.0593,0.6499
5683-32866-0006,5683,1,0.1855,0.8338
5683-32866-0006,6829,0,0.1816,0.7975
5683-32866-0006,8463,0,-0.0233,0.6432
5683-32866-0006,8555,0,0.1666,0.7309
5683-32866-0012,121,0,0.0731,0.7365
5683-32866-0012,1221,0,0.0785,0.8344
5683-32866-0012,1284,0,0.0673,0.7377
5683-32866-0012,1580,0,-0.0346,0.7994
5683-32866-0012,1995,0,-0.0329,0.6913
5683-32866-0012,2094,0,-0.0168,0.8184
5683-32866-0012,237,0,0.1609,0.8093
5683-32866-0012,2961,0,0.0068,0.6385
5683-32866-0012,3570,0,-0.0675,0.7675
5683-32866-0012,3575,0,0.252,0.8968
5683-32866-0012,3729,0,-0.186,0.8105
5683-32866-0012,4446,0,0.0643,0.773
5683-32866-0012,4507,0,-0.239,0.8706
5683-32866-0012,4970,0,0.0837,0.9084
5683-32866-0012,4992,0,-0.1123,0.7722
5683-32866-0012,5142,0,0.071,0.7679
5683-32866-0012,5683,1,0.2802,0.8798
5683-32866-0012,6829,0,0.1746,0.8657
5683-32866-0012,8463,0,0.0345,0.738
5683-32866-0012,8555,0,0.1707,0.8164
5683-32866-0016,121,0,0.0508,0.8374
5683-32866-0016,1221,0,0.0696,0.8635
5683-32866-0016,1284,0,0.0006,0.7951
5683-32866-0016,1580,0,-0.055,0.854
5683-32866-0016,1995,0,0.0282,0.851
5683-32866-0016,2094,0,0.022,0.8911
5683-32866-0016,237,0,0.0669,0.8945
5683-32866-0016,2961,0,-0.002,0.7509
5683-32866-0016,3570,0,0.0141,0.8151
5683-32866-0016,3575,0,0.1212,0.8925
5683-32866-0016,3729,0,-0.1723,0.8508
5683-32866-0016,4446,0,0.0233,0.825
5683-32866-0016,4507,0,-0.2224,0.8681
5683-32866-0016,4970,0,0.0961,0.8424
5683-32866-0016,4992,0,-0.0681,0.8651
5683-32866-0016,5142,0,0.1765,0.7866
5683-32866-0016,5683,1,0.2004,0.8872
5683-32866-0016,6829,0,0.1392,0.87
5683-32866-0016,8463,0,0.0406,0.8393
5683-32866-0016,8555,0,0.1609,0.8429
5683-32866-0024,121,0,0.0966,0.7113
5683-32866-0024,1221,0,0.0363,0.7944
5683-32866-0024,1284,0,-0.0368,0.6956
5683-32866-0024,1580,0,-0.0181,0.7572
5683-32866-0024,1995,0,-0.0059,0.6503
5683-32866-0024,2094,0,0.0355,0.7815
5683-32866-0024,237,0,0.0924,0.7509
5683-32866-0024,2961,0,0.0462,0.6318
5683-32866-0024,3570,0,-0.0223,0.7603
5683-32866-0024,3575,0,0.3034,0.9158
5683-32866-0024,3729,0,-0.1459,0.7683
5683-32866-0024,4446,0,-0.0327,0.7184
5683-32866-0024,4507,0,-0.2224,0.8473
5683-32866-0024,4970,0,0.1198,0.9012
5683-32866-0024,4992,0,-0.1035,0.7189
5683-32866-0024,5142,0,0.111,0.7192
5683-32866-0024,5683,1,0.228,0.8473
5683-32866-0024,6829,0,0.156,0.8377
5683-32866-0024,8463,0,0.0498,0.6845
5683-32866-0024,8555,0,0.1898,0.7879
5683-32879-0004,121,0,0.0137,0.8702
5683-32879-0004,1221,0,0.0069,0.9286
5683-32879-0004,1284,0,-0.0107,0.8706
5683-32879-0004,1580,0,-0.0511,0.9115
5683-32879-0004,1995,0,-0.0825,0.8392
5683-32879-0004,2094,0,0.05,0.9381
5683-32879-0004,237,0,0.0416,0.9258
5683-32879-0004,2961,0,-0.052,0.739
5683-32879-0004,3570,0,-0.0583,0.8215
5683-32879-0004,3575,0,0.18,0.859
5683-32879-0004,3729,0,-0.087,0.9234
5683-32879-0004,4446,0,0.0602,0.9171
5683-32879-0004,4507,0,-0.253,0.9218
5683-32879-0004,4970,0,0.1162,0.8398
5683-32879-0004,4992,0,-0.0917,0.9136
5683-32879-0004,5142,0,0.063,0.8293
5683-32879-0004,5683,1,0.1668,0.9162
5683-32879-0004,6829,0,0.1612,0.9227
5683-32879-0004,8463,0,0.0579,0.8738
5683-32879-0004,8555,0,0.1603,0.832
5683-32879-0006,121,0,0.0409,0.7889
5683-32879-0006,1221,0,0.0055,0.8415
5683-32879-0006,1284,0,-0.0056,0.7313
5683-32879-0006,1580,0,-0.035,0.8011
5683-32879-0006,1995,0,-0.0653,0.7581
5683-32879-0006,2094,0,-0.0669,0.8291
5683-32879-0006,237,0,0.1351,0.8503
5683-32879-0006,2961,0,-0.0501,0.6698
5683-32879-0006,3570,0,-0.1056,0.8097
5683-32879-0006,3575,0,0.2228,0.8863
5683-32879-0006,3729,0,-0.2346,0.8362
5683-32879-0006,4446,0,-0.0247,0.7842
5683-32879-0006,4507,0,-0.2969,0.8775
5683-32879-0006,4970,0,0.0802,0.8778
5683-32879-0006,4992,0,-0.0583,0.8169
5683-32879-0006,5142,0,0.0471,0.7931
5683-32879-0006,5683,1,0.1677,0.8792
5683-32879-0006,6829,0,0.1849,0.8412
5683-32879-0006,8463,0,0.0086,0.784
5683-32879-0006,8555,0,0.1996,0.8591
5683-32879-0007,121,0,0.0667,0.8107
5683-32879-0007,1221,0,-0.0254,0.8779
5683-32879-0007,1284,0,-0.0592,0.781
5683-32879-0007,1580,0,-0.0941,0.8319
5683-32879-0007,1995,0,-0.0775,0.7929
5683-32879-0007,2094,0,0.0522,0.8897
5683-32879-0007,237,0,0.1059,0.8698
5683-32879-0007,2961,0,0.0018,0.7041
5683-32879-0007,3570,0,-0.0916,0.816
5683-32879-0007,3575,0,0.2366,0.9056
5683-32879-0007,3729,0,-0.0726,0.8662
5683-32879-0007,4446,0,-0.0554,0.8251
5683-32879-0007,4507,0,-0.2161,0.9004
5683-32879-0007,4970,0,0.0779,0.8787
5683-32879-0007,4992,0,-0.0351,0.8489
5683-32879-0007,5142,0,-0.0335,0.7948
5683-32879-0007,5683,1,0.1812,0.8877
5683-32879-0007,6829,0,0.1994,0.9024
5683-32879-0007,8463,0,0.0174,0.8052
5683-32879-0007,8555,0,0.0689,0.8368
5683-32879-0012,121,0,0.0273,0.7946
5683-32879-0012,1221,0,0.0212,0.8152
5683-32879-0012,1284,0,0.0614,0.735
5683-32879-0012,1580,0,0.0417,0.8149
5683-32879-0012,1995,0,0.0567,0.7793
5683-32879-0012,2094,0,-0.0222,0.8206
5683-32879-0012,237,0,0.068,0.8452
5683-32879-0012,2961,0,-0.0149,0.6815
5683-32879-0012,3570,0,0.0635,0.8143
5683-32879-0012,3575,0,0.2717,0.8785
5683-32879-0012,3729,0,-0.1218,0.8054
5683-32879-0012,4446,0,0.0692,0.7737
5683-32879-0012,4507,0,-0.2168,0.8585
5683-32879-0012,4970,0,0.0922,0.8314
5683-32879-0012,4992,0,-0.0361,0.7947
5683-32879-0012,5142,0,0.0263,0.7451
5683-32879-0012,5683,1,0.225,0.8581
5683-32879-0012,6829,0,0.0997,0.7931
5683-32879-0012,8463,0,0.1002,0.7539
5683-32879-0012,8555,0,0.1516,0.8469
5683-32879-0013,121,0,0.0701,0.8095
5683-32879-0013,1221,0,0.0214,0.884
5683-32879-0013,1284,0,-0.0036,0.8031
5683-32879-0013,1580,0,-0.0526,0.8563
5683-32879-0013,1995,0,-0.0752,0.7996
5683-32879-0013,2094,0,-0.0133,0.8851
5683-32879-0013,237,0,0.0625,0.8835
5683-32879-0013,2961,0,-0.0248,0.7022
5683-32879-0013,3570,0,-0.1026,0.8127
5683-32879-0013,3575,0,0.2551,0.8903
5683-32879-0013,3729,0,-0.1147,0.8631
5683-32879-0013,4446,0,-0.0169,0.8427
5683-32879-0013,4507,0,-0.259,0.8952
5683-32879-0013,4970,0,0.0785,0.882
5683-32879-0013,4992,0,-0.0741,0.8566
5683-32879-0013,5142,0,0.0104,0.8124
5683-32879-0013,5683,1,0.1931,0.8973
5683-32879-0013,6829,0,0.1685,0.8908
5683-32879-0013,8463,0,-0.0366,0.8169
5683-32879-0013,8555,0,0.185,0.8531
61-70968-0017,1089,0,-0.0327,0.7038
61-70968-0017,1188,0,0.0235,0.7354
61-70968-0017,1320,0,0.104,0.6891
61-70968-0017,2300,0,0.176,0.7124
61-70968-0017,260,0,0.1296,0.7646
61-70968-0017,2830,0,-0.0684,0.6708
61-70968-0017,4077,0,0.0272,0.712
61-70968-0017,5105,0,-0.0225,0.7564
61-70968-0017,5639,0,0.0135,0.6988
61-70968-0017,61,1,0.249,0.8323
61-70968-0017,672,0,0.1037,0.7371
61-70968-0017,6930,0,0.1193,0.6063
61-70968-0017,7021,0,0.029,0.7913
61-70968-0017,7127,0,0.055,0.6355
61-70968-0017,7176,0,0.1347,0.7625
61-70968-0017,7729,0,0.1191,0.8438
61-70968-0017,8224,0,0.0225,0.6454
61-70968-0017,8230,0,-0.0843,0.6894
61-70968-0017,8455,0,-0.0144,0.6069
61-70968-0017,908,0,0.1408,0.8318
61-70968-0020,1089,0,-0.0135,0.6701
61-70968-0020,1188,0,0.0321,0.7571
61-70968-0020,1320,0,0.0511,0.6446
61-70968-0020,2300,0,0.1306,0.545
61-70968-0020,260,0,0.0421,0.7689
61-70968-0020,2830,0,-0.0154,0.7561
61-70968-0020,4077,0,0.0238,0.6083
61-70968-0020,5105,0,-0.0005,0.7091
61-70968-0020,5639,0,-0.0321,0.6773
61-70968-0020,61,1,0.2576,0.8336
61-70968-0020,672,0,-0.0444,0.7038
61-70968-0020,6930,0,0.0904,0.6188
61-70968-0020,7021,0,0.0338,0.7028
61-70968-0020,7127,0,0.0471,0.5838
61-70968-0020,7176,0,0.1274,0.7936
61-70968-0020,7729,0,0.0578,0.7575
61-70968-0020,8224,0,0.0236,0.587
61-70968-0020,8230,0,-0.0787,0.7551
61-70968-0020,8455,0,-0.0193,0.5557
61-70968-0020,908,0,0.1333,0.7754
61-70968-0023,1089,0,-0.0225,0.6699
61-70968-0023,1188,0,0.0008,0.7012
61-70968-0023,1320,0,0.0755,0.6266
61-70968-0023,2300,0,0.1442,0.5735
61-70968-0023,260,0,0.0121,0.7398
61-70968-0023,2830,0,-0.028,0.691
61-70968-0023,4077,0,0.0295,0.6572
61-70968-0023,5105,0,-0.0115,0.712
61-70968-0023,5639,0,-0.081,0.7162
61-70968-0023,61,1,0.2132,0.8325
61-70968-0023,672,0,0.0015,0.7008
61-70968-0023,6930,0,0.083,0.5896
61-70968-0023,7021,0,0.0463,0.7135
61-70968-0023,7127,0,0.0382,0.5888
61-70968-0023,7176,0,0.0878,0.7625
61-70968-0023,7729,0,0.0425,0.8241
61-70968-0023,8224,0,0.0428,0.596
61-70968-0023,8230,0,-0.0521,0.7092
61-70968-0023,8455,0,-0.0549,0.5177
61-70968-0023,908,0,0.0872,0.8106
61-70968-0030,1089,0,0.0056,0.7333
61-70968-0030,1188,0,0.0233,0.7552
61-70968-0030,1320,0,0.0723,0.7019
61-70968-0030,2300,0,0.1796,0.6784
61-70968-0030,260,0,0.0842,0.7776
61-70968-0030,2830,0,-0.0613,0.7158
61-70968-0030,4077,0,0.0412,0.682
61-70968-0030,5105,0,0.0455,0.7684
61-70968-0030,5639,0,-0.0339,0.6984
61-70968-0030,61,1,0.246,0.8541
61-70968-0030,672,0,-0.0037,0.7517
61-70968-0030,6930,0,0.0763,0.6304
61-70968-0030,7021,0,0.0395,0.7993
61-70968-0030,7127,0,0.0878,0.6388
61-70968-0030,7176,0,0.0706,0.7832
61-70968-0030,7729,0,-0.0012,0.828
61-70968-0030,8224,0,0.1021,0.6113
61-70968-0030,8230,0,-0.0333,0.7497
61-70968-0030,8455,0,0.0022,0.6072
61-70968-0030,908,0,0.077,0.8417
61-70968-0041,1089,0,0.0016,0.7235
61-70968-0041,1188,0,0.0453,0.7354
61-70968-0041,1320,0,0.0692,0.6759
61-70968-0041,2300,0,0.1354,0.6254
61-70968-0041,260,0,0.1132,0.7697
61-70968-0041,2830,0,-0.0257,0.6993
61-70968-0041,4077,0,0.1271,0.7394
61-70968-0041,5105,0,0.0641,0.759
61-70968-0041,5639,0,0.0022,0.7789
61-70968-0041,61,1,0.2376,0.8423
61-70968-0041,672,0,0.1049,0.7665
61-70968-0041,6930,0,0.1085,0.6197
61-70968-0041,7021,0,0.1133,0.7532
61-70968-0041,7127,0,0.1319,0.6533
61-70968-0041,7176,0,0.1146,0.7764
61-70968-0041,7729,0,0.0402,0.8715
61-70968-0041,8224,0,0.1582,0.6574
61-70968-0041,8230,0,-0.0593,0.722
61-70968-0041,8455,0,0.0323,0.5831
61-70968-0041,908,0,0.1823,0.8412
61-70968-0043,1089,0,-0.0643,0.6678
61-70968-0043,1188,0,0.0451,0.7389
61-70968-0043,1320,0,0.0525,0.658
61-70968-0043,2300,0,0.1633,0.6268
61-70968-0043,260,0,0.0965,0.7722
61-70968-0043,2830,0,-0.0516,0.7229
61-70968-0043,4077,0,0.0267,0.6769
61-70968-0043,5105,0,0.0273,0.7296
61-70968-0043,5639,0,-0.0347,0.6618
61-70968-0043,61,1,0.2757,0.8582
61-70968-0043,672,0,-0.0061,0.699
61-70968-0043,6930,0,0.0583,0.616
61-70968-0043,7021,0,0.0245,0.7309
61-70968-0043,7127,0,0.1166,0.6159
61-70968-0043,7176,0,0.0865,0.8091
61-70968-0043,7729,0,-0.0116,0.8065
61-70968-0043,8224,0,0.0588,0.5767
61-70968-0043,8230,0,-0.0513,0.7269
61-70968-0043,8455,0,-0.016,0.5758
61-70968-0043,908,0,0.1065,0.7834
61-70968-0050,1089,0,-0.0249,0.6845
61-70968-0050,1188,0,-0.0116,0.7506
61-70968-0050,1320,0,0.0042,0.6304
61-70968-0050,2300,0,0.1243,0.529
61-70968-0050,260,0,0.0021,0.7815
61-70968-0050,2830,0,-0.0879,0.7498
61-70968-0050,4077,0,0.0622,0.6406
61-70968-0050,5105,0,0.0618,0.7175
61-70968-0050,5639,0,-0.0491,0.7292
61-70968-0050,61,1,0.2604,0.8659
61-70968-0050,672,0,-0.0654,0.719
61-70968-0050,6930,0,0.0396,0.6154
61-70968-0050,7021,0,0.07,0.7027
61-70968-0050,7127,0,0.0452,0.5848
61-70968-0050,7176,0,0.1396,0.8105
61-70968-0050,7729,0,0.0649,0.7953
61-70968-0050,8224,0,0.0119,0.6062
61-70968-0050,8230,0,-0.0461,0.7719
61-70968-0050,8455,0,-0.0396,0.5332
61-70968-0050,908,0,0.0704,0.8006
61-70968-0057,1089,0,0.01,0.6796
61-70968-0057,1188,0,-0.0268,0.7136
61-70968-0057,1320,0,0.0027,0.638
61-70968-0057,2300,0,0.1046,0.6348
61-70968-0057,260,0,0.0635,0.7282
61-70968-0057,2830,0,-0.1361,0.6704
61-70968-0057,4077,0,0.0601,0.6458
61-70968-0057,5105,0,0.0672,0.7137
61-70968-0057,5639,0,-0.0042,0.6835
61-70968-0057,61,1,0.224,0.8225
61-70968-0057,672,0,-0.0136,0.7053
61-70968-0057,6930,0,0.0858,0.5764
61-70968-0057,7021,0,0.0628,0.7427
61-70968-0057,7127,0,0.054,0.5862
61-70968-0057,7176,0,0.1057,0.7526
61-70968-0057,7729,0,0.0875,0.7993
61-70968-0057,8224,0,0.0702,0.6181
61-70968-0057,8230,0,0.0151,0.7063
61-70968-0057,8455,0,0.0576,0.5512
61-70968-0057,908,0,0.0192,0.7941
61-70970-0000,1089,0,-0.0219,0.7035
61-70970-0000,1188,0,-0.0087,0.7474
61-70970-0000,1320,0,0.0833,0.68
61-70970-0000,2300,0,0.1329,0.6674
61-70970-0000,260,0,0.1111,0.7918
61-70970-0000,2830,0,-0.05,0.7072
61-70970-0000,4077,0,0.0472,0.7189
61-70970-0000,5105,0,0.0143,0.7361
61-70970-0000,5639,0,-0.041,0.7076
61-70970-0000,61,1,0.2458,0.865
61-70970-0000,672,0,0.0133,0.7272
61-70970-0000,6930,0,0.1044,0.6417
61-70970-0000,7021,0,0.0457,0.7533
61-70970-0000,7127,0,0.0842,0.6329
61-70970-0000,7176,0,0.1338,0.8054
61-70970-0000,7729,0,0.1017,0.8621
61-70970-0000,8224,0,0.0699,0.6037
61-70970-0000,8230,0,-0.0518,0.7271
61-70970-0000,8455,0,-0.0151,0.6147
61-70970-0000,908,0,0.1222,0.8338
61-70970-0011,1089,0,0.011,0.6828
61-70970-0011,1188,0,0.0493,0.7199
61-70970-0011,1320,0,0.0221,0.6478
61-70970-0011,2300,0,0.1147,0.622
61-70970-0011,260,0,0.0944,0.7654
61-70970-0011,2830,0,-0.031,0.6901
61-70970-0011,4077,0,0.0784,0.6853
61-70970-0011,5105,0,0.0217,0.7028
61-70970-0011,5639,0,-0.0468,0.692
61-70970-0011,61,1,0.1939,0.8354
61-70970-0011,672,0,-0.0209,0.7212
61-70970-0011,6930,0,0.0148,0.5998
61-70970-0011,7021,0,0.0473,0.7142
61-70970-0011,7127,0,0.0627,0.5996
61-70970-0011,7176,0,0.1494,0.7728
61-70970-0011,7729,0,0.0627,0.794
61-70970-0011,8224,0,0.0913,0.5937
61-70970-0011,8230,0,-0.0418,0.718
61-70970-0011,8455,0,0.0161,0.5808
61-70970-0011,908,0,0.0985,0.794
672-122797-0003,1089,0,-0.0273,0.7503
672-122797-0003,1188,0,0.0263,0.7799
672-122797-0003,1320,0,0.0499,0.7421
672-122797-0003,2300,0,0.0305,0.7139
672-122797-0003,260,0,0.1006,0.8225
672-122797-0003,2830,0,-0.0519,0.731
672-122797-0003,4077,0,0.1114,0.739
672-122797-0003,5105,0,0.0303,0.8064
672-122797-0003,5639,0,0.0684,0.7388
672-122797-0003,61,0,0.081,0.8756
672-122797-0003,672,1,0.2073,0.8132
672-122797-0003,6930,0,0.039,0.6951
672-122797-0003,7021,0,0.0224,0.8095
672-122797-0003,7127,0,0.0509,0.669
672-122797-0003,7176,0,0.0799,0.8055
672-122797-0003,7729,0,0.0565,0.8382
672-122797-0003,8224,0,0.0862,0.6934
672-122797-0003,8230,0,-0.0107,0.7586
672-122797-0003,8455,0,0.0461,0.6866
672-122797-0003,908,0,0.1954,0.8518
672-122797-0019,1089,0,-0.0073,0.6286
672-122797-0019,1188,0,0.01,0.691
672-122797-0019,1320,0,0.0928,0.6593
672-122797-0019,2300,0,0.0892,0.6714
672-122797-0019,260,0,0.1675,0.6794
672-122797-0019,2830,0,-0.0217,0.6482
672-122797-0019,4077,0,0.0247,0.7191
672-122797-0019,5105,0,0.0367,0.734
672-122797-0019,5639,0,-0.0787,0.6964
672-122797-0019,61,0,0.0254,0.7248
672-122797-0019,672,1,0.1784,0.6418
672-122797-0019,6930,0,0.0436,0.5116
672-122797-0019,7021,0,-0.0609,0.7253
672-122797-0019,7127,0,0.0556,0.6971
672-122797-0019,7176,0,-0.0375,0.6624
672-122797-0019,7729,0,0.0265,0.8445
672-122797-0019,8224,0,0.0566,0.5821
672-122797-0019,8230,0,-0.0948,0.5972
672-122797-0019,8455,0,-0.0118,0.5421
672-122797-0019,908,0,0.0217,0.7157
672-122797-0052,1089,0,-0.081,0.6673
672-122797-0052,1188,0,-0.0823,0.7216
672-122797-0052,1320,0,0.0719,0.7037
672-122797-0052,2300,0,0.1177,0.6265
672-122797-0052,260,0,0.0694,0.7366
672-122797-0052,2830,0,-0.0777,0.7213
672-122797-0052,4077,0,-0.0078,0.7215
672-122797-0052,5105,0,0.0503,0.7904
672-122797-0052,5639,0,-0.0792,0.7359
672-122797-0052,61,0,-0.0115,0.7747
672-122797-0052,672,1,0.0496,0.7229
672-122797-0052,6930,0,0.0401,0.6076
672-122797-0052,7021,0,0.0151,0.7488
672-122797-0052,7127,0,-0.0022,0.7074
672-122797-0052,7176,0,0.0141,0.7282
672-122797-0052,7729,0,-0.008,0.8186
672-122797-0052,8224,0,0.0409,0.6455
672-122797-0052,8230,0,-0.0849,0.6624
672-122797-0052,8455,0,-0.0201,0.5733
672-122797-0052,908,0,0.0179,0.7678
672-122797-0054,1089,0,-0.0473,0.6806
672-122797-0054,1188,0,0.059,0.7269
672-122797-0054,1320,0,0.0841,0.6973
672-122797-0054,2300,0,0.1355,0.5815
672-122797-0054,260,0,0.1437,0.7571
672-122797-0054,2830,0,0.0361,0.7363
672-122797-0054,4077,0,0.0478,0.7346
672-122797-0054,5105,0,0.1311,0.7811
672-122797-0054,5639,0,0.0705,0.7535
672-122797-0054,61,0,0.0705,0.7925
672-122797-0054,672,1,0.2277,0.7457
672-122797-0054,6930,0,0.144,0.6156
672-122797-0054,7021,0,0.0363,0.7275
672-122797-0054,7127,0,0.1011,0.7019
672-122797-0054,7176,0,0.0856,0.7588
672-122797-0054,7729,0,0.0183,0.8059
672-122797-0054,8224,0,0.0613,0.646
672-122797-0054,8230,0,-0.0318,0.6877
672-122797-0054,8455,0,-0.05,0.5675
672-122797-0054,908,0,0.1053,0.7791
672-122797-0055,1089,0,-0.0347,0.6889
672-122797-0055,1188,0,-0.028,0.7117
672-122797-0055,1320,0,0.0611,0.6491
672-122797-0055,2300,0,0.1196,0.6055
672-122797-0055,260,0,0.1146,0.7638
672-122797-0055,2830,0,-0.0657,0.6422
672-122797-0055,4077,0,0.123,0.7163
672-122797-0055,5105,0,0.0854,0.7234
672-122797-0055,5639,0,0.0841,0.7849
672-122797-0055,61,0,0.0246,0.7891
672-122797-0055,672,1,0.1806,0.7729
672-122797-0055,6930,0,-0.0067,0.5963
672-122797-0055,7021,0,0.0305,0.7256
672-122797-0055,7127,0,0.0533,0.5952
672-122797-0055,7176,0,0.1139,0.7304
672-122797-0055,7729,0,0.045,0.8051
672-122797-0055,8224,0,0.058,0.717
672-122797-0055,8230,0,-0.0362,0.6685
672-122797-0055,8455,0,0.0348,0.581
672-122797-0055,908,0,0.0849,0.8293
672-122797-0058,1089,0,-0.1337,0.6603
672-122797-0058,1188,0,-0.0759,0.6548
672-122797-0058,1320,0,0.0874,0.628
672-122797-0058,2300,0,0.0723,0.5829
672-122797-0058,260,0,0.0766,0.6484
672-122797-0058,2830,0,-0.024,0.595
672-122797-0058,4077,0,0.0505,0.6653
672-122797-0058,5105,0,0.0751,0.7125
672-122797-0058,5639,0,-0.0874,0.7676
672-122797-0058,61,0,0.0302,0.6923
672-122797-0058,672,1,0.095,0.6968
672-122797-0058,6930,0,-0.0076,0.5244
672-122797-0058,7021,0,0.0049,0.7021
672-122797-0058,7127,0,0.0669,0.6263
672-122797-0058,7176,0,0.0129,0.6255
672-122797-0058,7729,0,0.0087,0.8187
672-122797-0058,8224,0,0.0688,0.6764
672-122797-0058,8230,0,-0.1105,0.6077
672-122797-0058,8455,0,0.0363,0.5086
672-122797-0058,908,0,0.022,0.7717
672-122797-0061,1089,0,0.0407,0.6457
672-122797-0061,1188,0,0.0547,0.6783
672-122797-0061,1320,0,0.1318,0.6392
672-122797-0061,2300,0,0.1978,0.5109
672-122797-0061,260,0,0.0713,0.6785
672-122797-0061,2830,0,0.0732,0.6837
672-122797-0061,4077,0,0.0865,0.6848
672-122797-0061,5105,0,0.1408,0.737
672-122797-0061,5639,0,-0.0556,0.7517
672-122797-0061,61,0,0.0711,0.7294
672-122797-0061,672,1,0.0056,0.6943
672-122797-0061,6930,0,0.0139,0.5277
672-122797-0061,7021,0,0.0914,0.6833
672-122797-0061,7127,0,0.1283,0.6707
672-122797-0061,7176,0,0.019,0.7082
672-122797-0061,7729,0,0.0664,0.7719
672-122797-0061,8224,0,0.0823,0.6185
672-122797-0061,8230,0,-0.0121,0.6496
672-122797-0061,8455,0,0.0093,0.4827
672-122797-0061,908,0,-0.0378,0.7334
672-122797-0070,1089,0,-0.0826,0.7491
672-122797-0070,1188,0,-0.0605,0.7806
672-122797-0070,1320,0,0.0734,0.7645
672-122797-0070,2300,0,0.0791,0.7347
672-122797-0070,260,0,0.1427,0.8239
672-122797-0070,2830,0,-0.0541,0.7157
672-122797-0070,4077,0,0.0815,0.8298
672-122797-0070,5105,0,0.111,0.8223
672-122797-0070,5639,0,-0.0022,0.7892
672-122797-0070,61,0,-0.0143,0.8323
672-122797-0070,672,1,0.1471,0.8033
672-122797-0070,6930,0,0.1196,0.6577
672-122797-0070,7021,0,0.0648,0.8115
672-122797-0070,7127,0,0.0109,0.7467
672-122797-0070,7176,0,0.02,0.7782
672-122797-0070,7729,0,-0.0089,0.8939
672-122797-0070,8224,0,0.0332,0.693
672-122797-0070,8230,0,-0.0984,0.6989
672-122797-0070,8455,0,0.0431,0.6894
672-122797-0070,908,0,0.0515,0.8479
672-122797-0072,1089,0,-0.0967,0.7301
672-122797-0072,1188,0,-0.0458,0.7757
672-122797-0072,1320,0,0.1137,0.7439
672-122797-0072,2300,0,0.0459,0.7161
672-122797-0072,260,0,0.1355,0.8209
672-122797-0072,2830,0,-0.0837,0.7238
672-122797-0072,4077,0,0.0551,0.7345
672-122797-0072,5105,0,0.0888,0.8032
672-122797-0072,5639,0,0.0197,0.7346
672-122797-0072,61,0,0.0516,0.8439
672-122797-0072,672,1,0.208,0.8006
672-122797-0072,6930,0,0.098,0.6964
672-122797-0072,7021,0,0.0189,0.8077
672-122797-0072,7127,0,0.0419,0.6677
672-122797-0072,7176,0,0.0578,0.7825
672-122797-0072,7729,0,0.0425,0.8353
672-122797-0072,8224,0,0.0531,0.7112
672-122797-0072,8230,0,-0.0734,0.7185
672-122797-0072,8455,0,0.0384,0.681
672-122797-0072,908,0,0.1794,0.8521
672-122797-0073,1089,0,-0.0211,0.7877
672-122797-0073,1188,0,0.009,0.7796
672-122797-0073,1320,0,0.0727,0.7703
672-122797-0073,2300,0,0.129,0.7247
672-122797-0073,260,0,0.1604,0.8451
672-122797-0073,2830,0,-0.0019,0.7254
672-122797-0073,4077,0,0.1057,0.8118
672-122797-0073,5105,0,0.1069,0.8232
672-122797-0073,5639,0,0.0563,0.8021
672-122797-0073,61,0,0.0552,0.8684
672-122797-0073,672,1,0.2111,0.8501
672-122797-0073,6930,0,0.0149,0.7235
672-122797-0073,7021,0,0.0683,0.8175
672-122797-0073,7127,0,0.0702,0.7139
672-122797-0073,7176,0,0.0535,0.8123
672-122797-0073,7729,0,0.0218,0.8809
672-122797-0073,8224,0,0.0589,0.7302
672-122797-0073,8230,0,-0.0341,0.7518
672-122797-0073,8455,0,0.0387,0.7113
672-122797-0073,908,0,0.0931,0.8939
6829-68769-0006,121,0,0.1386,0.658
6829-68769-0006,1221,0,-0.0287,0.8603
6829-68769-0006,1284,0,-0.0777,0.7191
6829-68769-0006,1580,0,-0.0871,0.7319
6829-68769-0006,1995,0,-0.0215,0.6729
6829-68769-0006,2094,0,0.1161,0.7724
6829-68769-0006,237,0,0.0812,0.7625
6829-68769-0006,2961,0,0.0394,0.552
6829-68769-0006,3570,0,0.058,0.6529
6829-68769-0006,3575,0,0.0496,0.7959
6829-68769-0006,3729,0,-0.039,0.7811
6829-68769-0006,4446,0,0.0488,0.7789
6829-68769-0006,4507,0,-0.1209,0.8128
6829-68769-0006,4970,0,0.1649,0.911
6829-68769-0006,4992,0,0.056,0.801
6829-68769-0006,5142,0,0.1546,0.8394
6829-68769-0006,5683,0,-0.0592,0.8112
6829-68769-0006,6829,1,0.3338,0.8668
6829-68769-0006,8463,0,0.1377,0.7894
6829-68769-0006,8555,0,0.2033,0.8308
6829-68769-0039,121,0,0.1938,0.6765
6829-68769-0039,1221,0,-0.005,0.8691
6829-68769-0039,1284,0,-0.0199,0.7195
6829-68769-0039,1580,0,-0.004,0.7297
6829-68769-0039,1995,0,-0.055,0.675
6829-68769-0039,2094,0,0.0418,0.7822
6829-68769-0039,237,0,0.019,0.771
6829-68769-0039,2961,0,0.0208,0.5458
6829-68769-0039,3570,0,0.0245,0.6587
6829-68769-0039,3575,0,0.0648,0.7915
6829-68769-0039,3729,0,-0.0949,0.7899
6829-68769-0039,4446,0,0.0493,0.7817
6829-68769-0039,4507,0,-0.0969,0.8121
6829-68769-0039,4970,0,0.0315,0.8838
6829-68769-0039,4992,0,0.0664,0.806
6829-68769-0039,5142,0,-0.017,0.8167
6829-68769-0039,5683,0,-0.1242,0.7917
6829-68769-0039,6829,1,0.3379,0.8652
6829-68769-0039,8463,0,0.0967,0.7884
6829-68769-0039,8555,0,0.0773,0.7996
6829-68769-0049,121,0,0.0725,0.662
6829-68769-0049,1221,0,-0.0377,0.8211
6829-68769-0049,1284,0,-0.0554,0.6945
6829-68769-0049,1580,0,-0.008,0.7013
6829-68769-0049,1995,0,-0.0168,0.6727
6829-68769-0049,2094,0,0.0244,0.7919
6829-68769-0049,237,0,0.0835,0.7442
6829-68769-0049,2961,0,0.0201,0.5496
6829-68769-0049,3570,0,0.0135,0.6538
6829-68769-0049,3575,0,0.0605,0.797
6829-68769-0049,3729,0,-0.0704,0.7669
6829-68769-0049,4446,0,0.0192,0.7526
6829-68769-0049,4507,0,-0.1674,0.8011
6829-68769-0049,4970,0,0.1034,0.8748
6829-68769-0049,4992,0,0.0509,0.7817
6829-68769-0049,5142,0,0.0152,0.8042
6829-68769-0049,5683,0,-0.0868,0.7712
6829-68769-0049,6829,1,0.3413,0.857
6829-68769-0049,8463,0,0.1453,0.7686
6829-68769-0049,8555,0,0.0753,0.7895
6829-68771-0005,121,0,0.1196,0.7268
6829-68771-0005,1221,0,-0.0842,0.8789
6829-68771-0005,1284,0,-0.0682,0.7452
6829-68771-0005,1580,0,-0.0149,0.7597
6829-68771-0005,1995,0,-0.0485,0.7333
6829-68771-0005,2094,0,0.0015,0.8045
6829-68771-0005,237,0,0.0351,0.8136
6829-68771-0005,2961,0,0.0246,0.6195
6829-68771-0005,3570,0,0.0127,0.7213
6829-68771-0005,3575,0,0.0347,0.8093
6829-68771-0005,3729,0,-0.1023,0.8168
6829-68771-0005,4446,0,0.0091,0.8089
6829-68771-0005,4507,0,-0.1601,0.8404
6829-68771-0005,4970,0,0.1111,0.8944
6829-68771-0005,4992,0,0.0377,0.8338
6829-68771-0005,5142,0,0.0083,0.8387
6829-68771-0005,5683,0,-0.042,0.8203
6829-68771-0005,6829,1,0.3738,0.8698
6829-68771-0005,8463,0,0.0059,0.8226
6829-68771-0005,8555,0,0.0659,0.8409
6829-68771-0011,121,0,0.1768,0.7083
6829-68771-0011,1221,0,0.0704,0.8911
6829-68771-0011,1284,0,0.0107,0.7714
6829-68771-0011,1580,0,0.058,0.7725
6829-68771-0011,1995,0,-0.0313,0.7151
6829-68771-0011,2094,0,0.0762,0.8358
6829-68771-0011,237,0,0.1173,0.8123
6829-68771-0011,2961,0,0.0657,0.5727
6829-68771-0011,3570,0,0.053,0.672
6829-68771-0011,3575,0,0.0925,0.7727
6829-68771-0011,3729,0,-0.0841,0.8322
6829-68771-0011,4446,0,0.0936,0.8414
6829-68771-0011,4507,0,-0.1473,0.8356
6829-68771-0011,4970,0,0.1436,0.8694
6829-68771-0011,4992,0,0.1065,0.8525
6829-68771-0011,5142,0,0.082,0.8531
6829-68771-0011,5683,0,-0.069,0.819
6829-68771-0011,6829,1,0.4205,0.893
6829-68771-0011,8463,0,0.087,0.8297
6829-68771-0011,8555,0,0.0465,0.8119
6829-68771-0014,121,0,0.1831,0.6546
6829-68771-0014,1221,0,-0.0354,0.8293
6829-68771-0014,1284,0,-0.1271,0.6998
6829-68771-0014,1580,0,-0.0163,0.7074
6829-68771-0014,1995,0,0.0155,0.6605
6829-68771-0014,2094,0,-0.0308,0.7826
6829-68771-0014,237,0,0.0298,0.7674
6829-68771-0014,2961,0,-0.0105,0.5543
6829-68771-0014,3570,0,-0.0147,0.6733
6829-68771-0014,3575,0,0.0505,0.829
6829-68771-0014,3729,0,-0.096,0.7667
6829-68771-0014,4446,0,0.0167,0.7487
6829-68771-0014,4507,0,-0.1942,0.8003
6829-68771-0014,4970,0,0.1154,0.9032
6829-68771-0014,4992,0,0.0146,0.7661
6829-68771-0014,5142,0,0.0157,0.7904
6829-68771-0014,5683,0,0.0103,0.8073
6829-68771-0014,6829,1,0.3508,0.8609
6829-68771-0014,8463,0,0.0596,0.7456
6829-68771-0014,8555,0,0.0419,0.7936
6829-68771-0019,121,0,0.1297,0.6858
6829-68771-0019,1221,0,-0.0248,0.8548
6829-68771-0019,1284,0,-0.102,0.7178
6829-68771-0019,1580,0,-0.003,0.7232
6829-68771-0019,1995,0,-0.0615,0.712
6829-68771-0019,2094,0,-0.0161,0.8122
6829-68771-0019,237,0,0.0746,0.7924
6829-68771-0019,2961,0,0.0502,0.5634
6829-68771-0019,3570,0,-0.0175,0.6755
6829-68771-0019,3575,0,0.0197,0.8119
6829-68771-0019,3729,0,-0.1471,0.7945
6829-68771-0019,4446,0,0.0449,0.7809
6829-68771-0019,4507,0,-0.1773,0.8154
6829-68771-0019,4970,0,0.1458,0.8877
6829-68771-0019,4992,0,0.0898,0.8194
6829-68771-0019,5142,0,0.0755,0.8302
6829-68771-0019,5683,0,-0.0368,0.8026
6829-68771-0019,6829,1,0.3851,0.8754
6829-68771-0019,8463,0,0.1201,0.8
6829-68771-0019,8555,0,0.0405,0.8213
6829-68771-0023,121,0,0.1581,0.6143
6829-68771-0023,1221,0,-0.0148,0.8332
6829-68771-0023,1284,0,-0.075,0.6821
6829-68771-0023,1580,0,0.0441,0.6868
6829-68771-0023,1995,0,-0.0475,0.619
6829-68771-0023,2094,0,0.006,0.7323
6829-68771-0023,237,0,0.0424,0.7228
6829-68771-0023,2961,0,-0.0194,0.4846
6829-68771-0023,3570,0,0.0287,0.6073
6829-68771-0023,3575,0,0.0036,0.7614
6829-68771-0023,3729,0,-0.0318,0.7515
6829-68771-0023,4446,0,0.0362,0.7473
6829-68771-0023,4507,0,-0.1823,0.786
6829-68771-0023,4970,0,0.156,0.8949
6829-68771-0023,4992,0,0.1026,0.7655
6829-68771-0023,5142,0,-0.0261,0.8248
6829-68771-0023,5683,0,-0.1298,0.7793
6829-68771-0023,6829,1,0.2834,0.8395
6829-68771-0023,8463,0,0.0927,0.7586
6829-68771-0023,8555,0,0.0422,0.8053
6829-68771-0025,121,0,0.1561,0.7521
6829-68771-0025,1221,0,0.0115,0.8783
6829-68771-0025,1284,0,-0.0834,0.7414
6829-68771-0025,1580,0,0.0022,0.7622
6829-68771-0025,1995,0,-0.0397,0.7337
6829-68771-0025,2094,0,-0.0099,0.8382
6829-68771-0025,237,0,0.1056,0.8145
6829-68771-0025,2961,0,0.0168,0.6384
6829-68771-0025,3570,0,-0.042,0.7361
6829-68771-0025,3575,0,0.0693,0.8419
6829-68771-0025,3729,0,-0.1676,0.8349
6829-68771-0025,4446,0,-0.0026,0.8018
6829-68771-0025,4507,0,-0.1651,0.8502
6829-68771-0025,4970,0,0.1932,0.8886
6829-68771-0025,4992,0,0.0793,0.8368
6829-68771-0025,5142,0,0.0694,0.8195
6829-68771-0025,5683,0,0.0329,0.8239
6829-68771-0025,6829,1,0.3548,0.8877
6829-68771-0025,8463,0,0.1136,0.8282
6829-68771-0025,8555,0,0.1305,0.8135
6829-68771-0035,121,0,0.0286,0.6027
6829-68771-0035,1221,0,-0.0753,0.805
6829-68771-0035,1284,0,-0.084,0.6776
6829-68771-0035,1580,0,-0.0625,0.6824
6829-68771-0035,1995,0,-0.0515,0.5961
6829-68771-0035,2094,0,0.0491,0.728
6829-68771-0035,237,0,0.0974,0.7347
6829-68771-0035,2961,0,0.0105,0.5146
6829-68771-0035,3570,0,-0.0761,0.6389
6829-68771-0035,3575,0,0.0092,0.7878
6829-68771-0035,3729,0,-0.1749,0.7307
6829-68771-0035,4446,0,0.0554,0.7254
6829-68771-0035,4507,0,-0.3023,0.774
6829-68771-0035,4970,0,0.1005,0.8997
6829-68771-0035,4992,0,-0.0117,0.7236
6829-68771-0035,5142,0,0.0855,0.7711
6829-68771-0035,5683,0,-0.0935,0.7709
6829-68771-0035,6829,1,0.2362,0.837
6829-68771-0035,8463,0,0.0887,0.7136
6829-68771-0035,8555,0,0.0906,0.7645
6930-75918-0009,1089,0,-0.0627,0.7697
6930-75918-0009,1188,0,-0.0543,0.7525
6930-75918-0009,1320,0,0.0731,0.8378
6930-75918-0009,2300,0,0.0335,0.8733
6930-75918-0009,260,0,0.1883,0.8002
6930-75918-0009,2830,0,0.0155,0.7134
6930-75918-0009,4077,0,0.064,0.7424
6930-75918-0009,5105,0,0.1265,0.847
6930-75918-0009,5639,0,0.019,0.6477
6930-75918-0009,61,0,0.0335,0.7856
6930-75918-0009,672,0,-0.0627,0.7916
6930-75918-0009,6930,1,0.264,0.7895
6930-75918-0009,7021,0,0.0714,0.8782
6930-75918-0009,7127,0,0.0764,0.7464
6930-75918-0009,7176,0,-0.0016,0.7239
6930-75918-0009,7729,0,-0.0254,0.796
6930-75918-0009,8224,0,0.0995,0.67
6930-75918-0009,8230,0,-0.1158,0.6942
6930-75918-0009,8455,0,0.0454,0.7909
6930-75918-0009,908,0,0.0367,0.8215
6930-75918-0015,1089,0,-0.1159,0.7708
6930-75918-0015,1188,0,-0.1444,0.7536
6930-75918-0015,1320,0,-0.0112,0.824
6930-75918-0015,2300,0,0.0165,0.8206
6930-75918-0015,260,0,0.2468,0.8249
6930-75918-0015,2830,0,0.0124,0.7063
6930-75918-0015,4077,0,0.1121,0.8008
6930-75918-0015,5105,0,0.1499,0.8594
6930-75918-0015,5639,0,0.0287,0.7505
6930-75918-0015,61,0,0.0725,0.816
6930-75918-0015,672,0,0.0109,0.827
6930-75918-0015,6930,1,0.3475,0.7979
6930-75918-0015,7021,0,0.0781,0.8646
6930-75918-0015,7127,0,-0.0454,0.7469
6930-75918-0015,7176,0,0.0482,0.7619
6930-75918-0015,7729,0,-0.0528,0.8531
6930-75918-0015,8224,0,0.1266,0.7464
6930-75918-0015,8230,0,-0.044,0.6937
6930-75918-0015,8455,0,0.0303,0.7759
6930-75918-0015,908,0,0.1233,0.8782
6930-75918-0018,1089,0,-0.0691,0.8254
6930-75918-0018,1188,0,-0.06,0.7717
6930-75918-0018,1320,0,0.1115,0.8578
6930-75918-0018,2300,0,0.0638,0.8442
6930-75918-0018,260,0,0.2338,0.8629
6930-75918-0018,2830,0,0.067,0.7162
6930-75918-0018,4077,0,0.0898,0.8005
6930-75918-0018,5105,0,0.0867,0.8695
6930-75918-0018,5639,0,0.0524,0.6969
6930-75918-0018,61,0,0.0795,0.8625
6930-75918-0018,672,0,0.0976,0.8666
6930-75918-0018,6930,1,0.2657,0.8294
6930-75918-0018,7021,0,0.0515,0.9007
6930-75918-0018,7127,0,0.0302,0.7437
6930-75918-0018,7176,0,0.0776,0.8181
6930-75918-0018,7729,0,0.0331,0.8157
6930-75918-0018,8224,0,0.0985,0.6981
6930-75918-0018,8230,0,-0.0907,0.7561
6930-75918-0018,8455,0,0.027,0.8274
6930-75918-0018,908,0,0.118,0.9084
6930-75918-0019,1089,0,-0.0502,0.7827
6930-75918-0019,1188,0,-0.0903,0.795
6930-75918-0019,1320,0,0.1017,0.8087
6930-75918-0019,2300,0,0.0484,0.7419
6930-75918-0019,260,0,0.2396,0.8828
6930-75918-0019,2830,0,0.0508,0.7752
6930-75918-0019,4077,0,0.0728,0.7758
6930-75918-0019,5105,0,0.1777,0.8481
6930-75918-0019,5639,0,0.0052,0.7605
6930-75918-0019,61,0,0.0795,0.8796
6930-75918-0019,672,0,-0.0248,0.8592
6930-75918-0019,6930,1,0.3084,0.8374
6930-75918-0019,7021,0,0.0705,0.8355
6930-75918-0019,7127,0,0.0509,0.7094
6930-75918-0019,7176,0,0.0274,0.844
6930-75918-0019,7729,0,-0.0158,0.8064
6930-75918-0019,8224,0,0.074,0.7612
6930-75918-0019,8230,0,-0.0788,0.776
6930-75918-0019,8455,0,0.0308,0.7795
6930-75918-0019,908,0,0.0891,0.8803
6930-76324-0008,1089,0,-0.0705,0.758
6930-76324-0008,1188,0,-0.0166,0.8118
6930-76324-0008,1320,0,0.0527,0.7734
6930-76324-0008,2300,0,0.045,0.7149
6930-76324-0008,260,0,0.0921,0.8714
6930-76324-0008,2830,0,-0.0205,0.7862
6930-76324-0008,4077,0,0.0587,0.7669
6930-76324-0008,5105,0,0.1184,0.814
6930-76324-0008,5639,0,-0.0078,0.7573
6930-76324-0008,61,0,0.0664,0.8802
6930-76324-0008,672,0,-0.1836,0.7995
6930-76324-0008,6930,1,0.208,0.7455
6930-76324-0008,7021,0,-0.0192,0.8041
6930-76324-0008,7127,0,0.0566,0.7126
6930-76324-0008,7176,0,-0.0366,0.8348
6930-76324-0008,7729,0,-0.0596,0.8568
6930-76324-0008,8224,0,0.0305,0.678
6930-76324-0008,8230,0,-0.1233,0.7729
6930-76324-0008,8455,0,0.0793,0.7105
6930-76324-0008,908,0,0.0644,0.8664
6930-76324-0011,1089,0,-0.0544,0.7914
6930-76324-0011,1188,0,-0.1458,0.7929
6930-76324-0011,1320,0,0.1101,0.8129
6930-76324-0011,2300,0,0.1359,0.7453
6930-76324-0011,260,0,0.2198,0.8442
6930-76324-0011,2830,0,0.0111,0.7677
6930-76324-0011,4077,0,0.194,0.8386
6930-76324-0011,5105,0,0.1343,0.8731
6930-76324-0011,5639,0,0.0222,0.7769
6930-76324-0011,61,0,0.1515,0.8772
6930-76324-0011,672,0,-0.0271,0.828
6930-76324-0011,6930,1,0.2937,0.7372
6930-76324-0011,7021,0,0.0894,0.848
6930-76324-0011,7127,0,0.0061,0.7892
6930-76324-0011,7176,0,0.0552,0.8442
6930-76324-0011,7729,0,0.0013,0.8823
6930-76324-0011,8224,0,0.1601,0.6938
6930-76324-0011,8230,0,-0.1075,0.7632
6930-76324-0011,8455,0,-0.0069,0.7208
6930-76324-0011,908,0,0.1319,0.8705
6930-76324-0025,1089,0,-0.0906,0.7942
6930-76324-0025,1188,0,-0.0675,0.8301
6930-76324-0025,1320,0,0.0673,0.7857
6930-76324-0025,2300,0,0.1148,0.6202
6930-76324-0025,260,0,0.0695,0.8362
6930-76324-0025,2830,0,0.0104,0.8341
6930-76324-0025,4077,0,0.0757,0.8005
6930-76324-0025,5105,0,0.1355,0.8488
6930-76324-0025,5639,0,0.084,0.8602
6930-76324-0025,61,0,0.0162,0.8323
6930-76324-0025,672,0,-0.0138,0.8294
6930-76324-0025,6930,1,0.1712,0.7206
6930-76324-0025,7021,0,0.1263,0.786
6930-76324-0025,7127,0,0.0549,0.7933
6930-76324-0025,7176,0,0.0017,0.8194
6930-76324-0025,7729,0,0.0712,0.8672
6930-76324-0025,8224,0,0.0561,0.7292
6930-76324-0025,8230,0,-0.0868,0.7884
6930-76324-0025,8455,0,0.0036,0.6669
6930-76324-0025,908,0,0.0912,0.8418
6930-76324-0028,1089,0,-0.0602,0.7635
6930-76324-0028,1188,0,-0.0735,0.77
6930-76324-0028,1320,0,0.1165,0.8044
6930-76324-0028,2300,0,0.131,0.7863
6930-76324-0028,260,0,0.1669,0.8401
6930-76324-0028,2830,0,-0.0088,0.741
6930-76324-0028,4077,0,0.1748,0.8207
6930-76324-0028,5105,0,0.1092,0.8558
6930-76324-0028,5639,0,-0.023,0.7555
6930-76324-0028,61,0,0.1007,0.8639
6930-76324-0028,672,0,-0.0353,0.8123
6930-76324-0028,6930,1,0.3394,0.7618
6930-76324-0028,7021,0,0.0564,0.8439
6930-76324-0028,7127,0,0.0408,0.7595
6930-76324-0028,7176,0,0.0454,0.8098
6930-76324-0028,7729,0,0.0283,0.8766
6930-76324-0028,8224,0,0.0964,0.7096
6930-76324-0028,8230,0,-0.1573,0.7281
6930-76324-0028,8455,0,-0.0015,0.7416
6930-76324-0028,908,0,0.1648,0.865
6930-81414-0011,1089,0,-0.0586,0.8045
6930-81414-0011,1188,0,-0.036,0.8409
6930-81414-0011,1320,0,0.1,0.8257
6930-81414-0011,2300,0,-0.0631,0.6561
6930-81414-0011,260,0,0.0184,0.8836
6930-81414-0011,2830,0,0.0465,0.8449
6930-81414-0011,4077,0,0.0193,0.7876
6930-81414-0011,5105,0,0.1144,0.886
6930-81414-0011,5639,0,0.0321,0.8466
6930-81414-0011,61,0,0.0296,0.8745
6930-81414-0011,672,0,-0.0534,0.8673
6930-81414-0011,6930,1,0.152,0.8137
6930-81414-0011,7021,0,-0.0104,0.8267
6930-81414-0011,7127,0,-0.0062,0.7686
6930-81414-0011,7176,0,-0.0268,0.8504
6930-81414-0011,7729,0,0.0049,0.8535
6930-81414-0011,8224,0,0.0164,0.766
6930-81414-0011,8230,0,-0.0597,0.817
6930-81414-0011,8455,0,0.0094,0.7303
6930-81414-0011,908,0,0.1786,0.8855
6930-81414-0023,1089,0,-0.0781,0.7693
6930-81414-0023,1188,0,-0.0174,0.756
6930-81414-0023,1320,0,0.116,0.8515
6930-81414-0023,2300,0,-0.0102,0.89
6930-81414-0023,260,0,0.1636,0.8278
6930-81414-0023,2830,0,0.0694,0.6944
6930-81414-0023,4077,0,0.065,0.8228
6930-81414-0023,5105,0,0.1511,0.8571
6930-81414-0023,5639,0,0.0065,0.6686
6930-81414-0023,61,0,-0.0062,0.8154
6930-81414-0023,672,0,-0.0517,0.8032
6930-81414-0023,6930,1,0.3175,0.7819
6930-81414-0023,7021,0,0.0883,0.8789
6930-81414-0023,7127,0,0.0261,0.7736
6930-81414-0023,7176,0,-0.0221,0.7829
6930-81414-0023,7729,0,-0.0147,0.828
6930-81414-0023,8224,0,0.0656,0.6723
6930-81414-0023,8230,0,-0.1073,0.6878
6930-81414-0023,8455,0,0.0831,0.8214
6930-81414-0023,908,0,0.1734,0.8373
7021-79730-0006,1089,0,-0.0365,0.7249
7021-79730-0006,1188,0,-0.0838,0.7832
7021-79730-0006,1320,0,0.0712,0.7172
7021-79730-0006,2300,0,0.1266,0.6831
7021-79730-0006,260,0,0.0521,0.7834
7021-79730-0006,2830,0,-0.0624,0.7264
7021-79730-0006,4077,0,0.0527,0.7374
7021-79730-0006,5105,0,0.0176,0.7928
7021-79730-0006,5639,0,0.0067,0.7448
7021-79730-0006,61,0,0.0924,0.8457
7021-79730-0006,672,0,0.0627,0.7411
7021-79730-0006,6930,0,0.1014,0.5994
7021-79730-0006,7021,1,0.1567,0.7972
7021-79730-0006,7127,0,-0.0494,0.6976
7021-79730-0006,7176,0,0.1036,0.7902
7021-79730-0006,7729,0,0.1038,0.8927
7021-79730-0006,8224,0,0.1085,0.6336
7021-79730-0006,8230,0,-0.0464,0.731
7021-79730-0006,8455,0,-0.0055,0.6062
7021-79730-0006,908,0,0.1079,0.8343
7021-79730-0009,1089,0,-0.0426,0.7303
7021-79730-0009,1188,0,-0.0409,0.7565
7021-79730-0009,1320,0,0.103,0.7248
7021-79730-0009,2300,0,0.1159,0.7047
7021-79730-0009,260,0,0.0996,0.7759
7021-79730-0009,2830,0,-0.0083,0.7141
7021-79730-0009,4077,0,0.0618,0.7173
7021-79730-0009,5105,0,0.0572,0.8002
7021-79730-0009,5639,0,0.0244,0.725
7021-79730-0009,61,0,0.1473,0.8501
7021-79730-0009,672,0,0.0695,0.7516
7021-79730-0009,6930,0,0.1247,0.634
7021-79730-0009,7021,1,0.1949,0.8138
7021-79730-0009,7127,0,-0.0652,0.6816
7021-79730-0009,7176,0,0.1243,0.789
7021-79730-0009,7729,0,0.1268,0.863
7021-79730-0009,8224,0,0.1215,0.6412
7021-79730-0009,8230,0,-0.0176,0.7333
7021-79730-0009,8455,0,0.0039,0.6169
7021-79730-0009,908,0,0.1367,0.8433
7021-79740-0001,1089,0,-0.084,0.7493
7021-79740-0001,1188,0,-0.0689,0.7713
7021-79740-0001,1320,0,0.0615,0.7424
7021-79740-0001,2300,0,0.1577,0.74
7021-79740-0001,260,0,0.083,0.7991
7021-79740-0001,2830,0,-0.0199,0.704
7021-79740-0001,4077,0,0.0603,0.7538
7021-79740-0001,5105,0,0.084,0.8105
7021-79740-0001,5639,0,-0.0063,0.7339
7021-79740-0001,61,0,0.0837,0.8604
7021-79740-0001,672,0,0.028,0.7684
7021-79740-0001,6930,0,0.2729,0.6504
7021-79740-0001,7021,1,0.1678,0.8356
7021-79740-0001,7127,0,0.0004,0.6944
7021-79740-0001,7176,0,0.1188,0.7957
7021-79740-0001,7729,0,0.1065,0.8901
7021-79740-0001,8224,0,0.1257,0.6583
7021-79740-0001,8230,0,-0.0672,0.7297
7021-79740-0001,8455,0,-0.0299,0.6518
7021-79740-0001,908,0,0.2848,0.8752
7021-79740-0002,1089,0,-0.0572,0.7799
7021-79740-0002,1188,0,-0.114,0.7759
7021-79740-0002,1320,0,0.04,0.7345
7021-79740-0002,2300,0,0.1365,0.6963
7021-79740-0002,260,0,0.0707,0.8079
7021-79740-0002,2830,0,-0.06,0.7041
7021-79740-0002,4077,0,0.0625,0.7688
7021-79740-0002,5105,0,0.0696,0.8102
7021-79740-0002,5639,0,0.0067,0.8051
7021-79740-0002,61,0,0.0736,0.8701
7021-79740-0002,672,0,0.0728,0.8151
7021-79740-0002,6930,0,0.261,0.6698
7021-79740-0002,7021,1,0.1657,0.8184
7021-79740-0002,7127,0,-0.0281,0.6825
7021-79740-0002,7176,0,0.1242,0.8058
7021-79740-0002,7729,0,0.1021,0.9017
7021-79740-0002,8224,0,0.1467,0.7303
7021-79740-0002,8230,0,-0.0891,0.7617
7021-79740-0002,8455,0,-0.0102,0.6535
7021-79740-0002,908,0,0.2255,0.8977
7021-79740-0003,1089,0,-0.0943,0.7605
7021-79740-0003,1188,0,-0.0746,0.7645
7021-79740-0003,1320,0,0.0145,0.7468
7021-79740-0003,2300,0,0.1755,0.7224
7021-79740-0003,260,0,0.0208,0.7628
7021-79740-0003,2830,0,-0.0585,0.6952
7021-79740-0003,4077,0,0.0187,0.7608
7021-79740-0003,5105,0,0.0074,0.8155
7021-79740-0003,5639,0,-0.0833,0.7717
7021-79740-0003,61,0,0.14,0.8165
7021-79740-0003,672,0,0.0306,0.7726
7021-79740-0003,6930,0,0.1675,0.6278
7021-79740-0003,7021,1,0.1719,0.8247
7021-79740-0003,7127,0,-0.02,0.7232
7021-79740-0003,7176,0,0.0938,0.7527
7021-79740-0003,7729,0,0.1395,0.9206
7021-79740-0003,8224,0,0.1633,0.6768
7021-79740-0003,8230,0,-0.019,0.7109
7021-79740-0003,8455,0,0.024,0.6354
7021-79740-0003,908,0,0.1729,0.8671
7021-79740-0004,1089,0,-0.1157,0.7305
7021-79740-0004,1188,0,-0.129,0.7014
7021-79740-0004,1320,0,-0.0145,0.7121
7021-79740-0004,2300,0,0.1287,0.7411
7021-79740-0004,260,0,0.1542,0.7409
7021-79740-0004,2830,0,-0.1077,0.6075
7021-79740-0004,4077,0,0.0091,0.7591
7021-79740-0004,5105,0,-0.011,0.775
7021-79740-0004,5639,0,-0.0777,0.7367
7021-79740-0004,61,0,0.0482,0.7977
7021-79740-0004,672,0,0.0517,0.7635
7021-79740-0004,6930,0,0.1008,0.6163
7021-79740-0004,7021,1,0.1284,0.8152
7021-79740-0004,7127,0,-0.0202,0.6622
7021-79740-0004,7176,0,0.0967,0.731
7021-79740-0004,7729,0,0.0711,0.8773
7021-79740-0004,8224,0,0.1467,0.6734
7021-79740-0004,8230,0,-0.1191,0.6566
7021-79740-0004,8455,0,0.0233,0.6384
7021-79740-0004,908,0,0.1504,0.8704
7021-79759-0003,1089,0,-0.0743,0.7544
7021-79759-0003,1188,0,-0.1001,0.7622
7021-79759-0003,1320,0,0.0602,0.7832
7021-79759-0003,2300,0,0.1913,0.8253
7021-79759-0003,260,0,0.061,0.8077
7021-79759-0003,2830,0,-0.0813,0.6908
7021-79759-0003,4077,0,0.0813,0.7527
7021-79759-0003,5105,0,0.1023,0.8286
7021-79759-0003,5639,0,-0.066,0.6943
7021-79759-0003,61,0,0.0846,0.8567
7021-79759-0003,672,0,0.0907,0.7897
7021-79759-0003,6930,0,0.2074,0.7358
7021-79759-0003,7021,1,0.1397,0.8652
7021-79759-0003,7127,0,-0.0294,0.6942
7021-79759-0003,7176,0,0.1045,0.7824
7021-79759-0003,7729,0,0.0092,0.8581
7021-79759-0003,8224,0,0.1197,0.7168
7021-79759-0003,8230,0,-0.1029,0.7125
7021-79759-0003,8455,0,0.0391,0.7392
7021-79759-0003,908,0,0.1706,0.872
7021-79759-0005,1089,0,-0.1283,0.7368
7021-79759-0005,1188,0,-0.1336,0.7632
7021-79759-0005,1320,0,0.035,0.7344
7021-79759-0005,2300,0,0.1264,0.7453
7021-79759-0005,260,0,0.0357,0.7897
7021-79759-0005,2830,0,-0.0287,0.7009
7021-79759-0005,4077,0,-0.0102,0.7112
7021-79759-0005,5105,0,0.027,0.7895
7021-79759-0005,5639,0,-0.0649,0.7219
7021-79759-0005,61,0,0.0432,0.839
7021-79759-0005,672,0,0.0501,0.7712
7021-79759-0005,6930,0,0.1768,0.6838
7021-79759-0005,7021,1,0.1324,0.8161
7021-79759-0005,7127,0,0.0038,0.6557
7021-79759-0005,7176,0,0.0572,0.7528
7021-79759-0005,7729,0,0.031,0.8608
7021-79759-0005,8224,0,0.1184,0.7005
7021-79759-0005,8230,0,-0.0591,0.7182
7021-79759-0005,8455,0,0.0172,0.6695
7021-79759-0005,908,0,0.1625,0.8561
7021-85628-0008,1089,0,-0.143,0.7559
7021-85628-0008,1188,0,-0.1407,0.7374
7021-85628-0008,1320,0,-0.0516,0.7568
7021-85628-0008,2300,0,0.1317,0.8049
7021-85628-0008,260,0,-0.0574,0.7626
7021-85628-0008,2830,0,-0.1279,0.647
7021-85628-0008,4077,0,-0.0157,0.7478
7021-85628-0008,5105,0,-0.0222,0.803
7021-85628-0008,5639,0,-0.0459,0.7038
7021-85628-0008,61,0,0.0001,0.8124
7021-85628-0008,672,0,-0.0328,0.774
7021-85628-0008,6930,0,0.1694,0.6622
7021-85628-0008,7021,1,0.1294,0.8491
7021-85628-0008,7127,0,0.0131,0.6892
7021-85628-0008,7176,0,0.0268,0.7297
7021-85628-0008,7729,0,0.0002,0.8749
7021-85628-0008,8224,0,0.1239,0.6874
7021-85628-0008,8230,0,-0.1079,0.6849
7021-85628-0008,8455,0,-0.0451,0.6937
7021-85628-0008,908,0,0.1934,0.8657
7021-85628-0009,1089,0,-0.0433,0.7576
7021-85628-0009,1188,0,-0.1104,0.7596
7021-85628-0009,1320,0,0.023,0.7124
7021-85628-0009,2300,0,0.1192,0.6474
7021-85628-0009,260,0,0.03,0.7975
7021-85628-0009,2830,0,-0.025,0.7242
7021-85628-0009,4077,0,0.0554,0.7079
7021-85628-0009,5105,0,0.1016,0.7978
7021-85628-0009,5639,0,-0.001,0.7762
7021-85628-0009,61,0,0.1234,0.8783
7021-85628-0009,672,0,0.0424,0.7959
7021-85628-0009,6930,0,0.2106,0.691
7021-85628-0009,7021,1,0.1048,0.7976
7021-85628-0009,7127,0,0.0095,0.6447
7021-85628-0009,7176,0,0.1749,0.7993
7021-85628-0009,7729,0,0.0471,0.8584
7021-85628-0009,8224,0,0.1754,0.7162
7021-85628-0009,8230,0,-0.057,0.7734
7021-85628-0009,8455,0,-0.0037,0.6239
7021-85628-0009,908,0,0.2388,0.8804
7127-75946-0002,1089,0,0.0501,0.7119
7127-75946-0002,1188,0,0.0009,0.7688
7127-75946-0002,1320,0,0.0449,0.7349
7127-75946-0002,2300,0,0.169,0.7093
7127-75946-0002,260,0,0.1818,0.815
7127-75946-0002,2830,0,0.0418,0.7232
7127-75946-0002,4077,0,0.1531,0.8041
7127-75946-0002,5105,0,0.0711,0.7863
7127-75946-0002,5639,0,0.2004,0.7345
7127-75946-0002,61,0,0.0675,0.8345
7127-75946-0002,672,0,0.0259,0.7464
7127-75946-0002,6930,0,0.0973,0.6368
7127-75946-0002,7021,0,0.0901,0.7764
7127-75946-0002,7127,1,0.2544,0.7332
7127-75946-0002,7176,0,0.123,0.8059
7127-75946-0002,7729,0,0.0694,0.8686
7127-75946-0002,8224,0,0.1366,0.622
7127-75946-0002,8230,0,0.0179,0.7004
7127-75946-0002,8455,0,0.1067,0.6563
7127-75946-0002,908,0,0.0688,0.8127
7127-75946-0004,1089,0,0.0559,0.6962
7127-75946-0004,1188,0,-0.0231,0.7262
7127-75946-0004,1320,0,0.0133,0.759
7127-75946-0004,2300,0,0.1909,0.7986
7127-75946-0004,260,0,0.2411,0.7906
7127-75946-0004,2830,0,0.0227,0.6579
7127-75946-0004,4077,0,0.1265,0.8162
7127-75946-0004,5105,0,0.0965,0.7859
7127-75946-0004,5639,0,0.1817,0.6539
7127-75946-0004,61,0,0.1005,0.8207
7127-75946-0004,672,0,0.0356,0.7306
7127-75946-0004,6930,0,0.1102,0.6695
7127-75946-0004,7021,0,0.1066,0.7909
7127-75946-0004,7127,1,0.2307,0.7316
7127-75946-0004,7176,0,0.1394,0.7949
7127-75946-0004,7729,0,0.0218,0.8384
7127-75946-0004,8224,0,0.1573,0.6138
7127-75946-0004,8230,0,0.0212,0.6521
7127-75946-0004,8455,0,0.102,0.7264
7127-75946-0004,908,0,0.1006,0.7947
7127-75946-0012,1089,0,0.0809,0.7351
7127-75946-0012,1188,0,0.0314,0.7682
7127-75946-0012,1320,0,0.023,0.7541
7127-75946-0012,2300,0,0.1456,0.71
7127-75946-0012,260,0,0.2184,0.8512
7127-75946-0012,2830,0,0.0817,0.7325
7127-75946-0012,4077,0,0.1624,0.8264
7127-75946-0012,5105,0,0.089,0.8021
7127-75946-0012,5639,0,0.1421,0.7354
7127-75946-0012,61,0,0.0809,0.893
7127-75946-0012,672,0,-0.0777,0.7739
7127-75946-0012,6930,0,0.1207,0.7045
7127-75946-0012,7021,0,0.0664,0.7813
7127-75946-0012,7127,1,0.2847,0.7293
7127-75946-0012,7176,0,0.1119,0.8703
7127-75946-0012,7729,0,-0.0286,0.8628
7127-75946-0012,8224,0,0.142,0.6303
7127-75946-0012,8230,0,0.0265,0.7491
7127-75946-0012,8455,0,0.1505,0.7023
7127-75946-0012,908,0,0.0868,0.8394
7127-75946-0024,1089,0,0.0993,0.6754
7127-75946-0024,1188,0,0.0423,0.7005
7127-75946-0024,1320,0,0.0552,0.7291
7127-75946-0024,2300,0,0.1388,0.7827
7127-75946-0024,260,0,0.2906,0.7726
7127-75946-0024,2830,0,0.1069,0.6215
7127-75946-0024,4077,0,0.1721,0.7883
7127-75946-0024,5105,0,0.1356,0.7565
7127-75946-0024,5639,0,0.237,0.6722
7127-75946-0024,61,0,0.0807,0.7924
7127-75946-0024,672,0,0.0574,0.717
7127-75946-0024,6930,0,0.1162,0.6425
7127-75946-0024,7021,0,0.0697,0.7766
7127-75946-0024,7127,1,0.2563,0.687
7127-75946-0024,7176,0,0.1089,0.7475
7127-75946-0024,7729,0,-0.0142,0.8488
7127-75946-0024,8224,0,0.192,0.6171
7127-75946-0024,8230,0,0.0358,0.6156
7127-75946-0024,8455,0,0.1252,0.6893
7127-75946-0024,908,0,0.1156,0.8097
7127-75947-0001,1089,0,0.0402,0.6644
7127-75947-0001,1188,0,0.0588,0.6985
7127-75947-0001,1320,0,0.0957,0.705
7127-75947-0001,2300,0,0.1314,0.7327
7127-75947-0001,260,0,0.2458,0.7862
7127-75947-0001,2830,0,0.0851,0.6368
7127-75947-0001,4077,0,0.1034,0.7743
7127-75947-0001,5105,0,0.08,0.7102
7127-75947-0001,5639,0,0.1468,0.6453
7127-75947-0001,61,0,0.0366,0.7892
7127-75947-0001,672,0,0.0771,0.71
7127-75947-0001,6930,0,0.1757,0.6479
7127-75947-0001,7021,0,0.0332,0.728
7127-75947-0001,7127,1,0.2207,0.6622
7127-75947-0001,7176,0,0.1305,0.7764
7127-75947-0001,7729,0,0.047,0.7979
7127-75947-0001,8224,0,0.1094,0.5683
7127-75947-0001,8230,0,-0.0483,0.6385
7127-75947-0001,8455,0,0.1269,0.6938
7127-75947-0001,908,0,0.1266,0.777
7127-75947-0007,1089,0,-0.0416,0.712
7127-75947-0007,1188,0,0.0396,0.7489
7127-75947-0007,1320,0,0.084,0.7627
7127-75947-0007,2300,0,0.1633,0.7239
7127-75947-0007,260,0,0.2807,0.8574
7127-75947-0007,2830,0,0.0637,0.7196
7127-75947-0007,4077,0,0.1351,0.797
7127-75947-0007,5105,0,0.0441,0.7801
7127-75947-0007,5639,0,0.1116,0.6921
7127-75947-0007,61,0,0.0195,0.8599
7127-75947-0007,672,0,0.0291,0.7776
7127-75947-0007,6930,0,0.151,0.7531
7127-75947-0007,7021,0,0.0093,0.768
7127-75947-0007,7127,1,0.2146,0.699
7127-75947-0007,7176,0,0.0908,0.8525
7127-75947-0007,7729,0,0.0093,0.8023
7127-75947-0007,8224,0,0.1067,0.6342
7127-75947-0007,8230,0,-0.0984,0.7183
7127-75947-0007,8455,0,0.108,0.7476
7127-75947-0007,908,0,0.0638,0.8256
7127-75947-0023,1089,0,0.12,0.6861
7127-75947-0023,1188,0,0.1138,0.6938
7127-75947-0023,1320,0,-0.0226,0.6806
7127-75947-0023,2300,0,0.2205,0.6667
7127-75947-0023,260,0,0.1515,0.7858
7127-75947-0023,2830,0,0.0833,0.6361
7127-75947-0023,4077,0,0.2179,0.7659
7127-75947-0023,5105,0,0.0805,0.7419
7127-75947-0023,5639,0,0.2032,0.724
7127-75947-0023,61,0,0.0838,0.8157
7127-75947-0023,672,0,0.0534,0.74
7127-75947-0023,6930,0,0.002,0.6258
7127-75947-0023,7021,0,0.0843,0.7564
7127-75947-0023,7127,1,0.262,0.6451
7127-75947-0023,7176,0,0.1394,0.7898
7127-75947-0023,7729,0,-0.0462,0.8227
7127-75947-0023,8224,0,0.1044,0.6303
7127-75947-0023,8230,0,0.0871,0.6622
7127-75947-0023,8455,0,0.1553,0.6152
7127-75947-0023,908,0,0.0364,0.84
7127-75947-0025,1089,0,0.0062,0.6729
7127-75947-0025,1188,0,0.13,0.7139
7127-75947-0025,1320,0,0.0929,0.7311
7127-75947-0025,2300,0,0.1699,0.7303
7127-75947-0025,260,0,0.1856,0.794
7127-75947-0025,2830,0,0.0949,0.671
7127-75947-0025,4077,0,0.1349,0.773
7127-75947-0025,5105,0,0.0958,0.7782
7127-75947-0025,5639,0,0.1474,0.6788
7127-75947-0025,61,0,0.053,0.8167
7127-75947-0025,672,0,0.1216,0.7358
7127-75947-0025,6930,0,0.108,0.66
7127-75947-0025,7021,0,-0.0026,0.7746
7127-75947-0025,7127,1,0.2476,0.6895
7127-75947-0025,7176,0,0.0694,0.7809
7127-75947-0025,7729,0,0.0102,0.8124
7127-75947-0025,8224,0,0.0831,0.6337
7127-75947-0025,8230,0,-0.0303,0.6514
7127-75947-0025,8455,0,0.0668,0.673
7127-75947-0025,908,0,0.2067,0.8031
7127-75947-0033,1089,0,0.0442,0.6448
7127-75947-0033,1188,0,0.0613,0.6351
7127-75947-0033,1320,0,-0.0231,0.6722
7127-75947-0033,2300,0,0.1911,0.7465
7127-75947-0033,260,0,0.1677,0.718
7127-75947-0033,2830,0,0.0687,0.5579
7127-75947-0033,4077,0,0.2143,0.7637
7127-75947-0033,5105,0,0.0498,0.6997
7127-75947-0033,5639,0,0.1867,0.639
7127-75947-0033,61,0,0.0936,0.7464
7127-75947-0033,672,0,0.085,0.6823
7127-75947-0033,6930,0,0.0372,0.571
7127-75947-0033,7021,0,0.0379,0.7399
7127-75947-0033,7127,1,0.2293,0.6463
7127-75947-0033,7176,0,0.1389,0.7035
7127-75947-0033,7729,0,-0.008,0.8085
7127-75947-0033,8224,0,0.1021,0.5589
7127-75947-0033,8230,0,0.0262,0.57
7127-75947-0033,8455,0,0.086,0.6243
7127-75947-0033,908,0,0.0776,0.7841
7127-75947-0040,1089,0,0.0402,0.7051
7127-75947-0040,1188,0,-0.0064,0.7419
7127-75947-0040,1320,0,0.0454,0.7412
7127-75947-0040,2300,0,0.1394,0.7262
7127-75947-0040,260,0,0.2018,0.8275
7127-75947-0040,2830,0,0.0708,0.6996
7127-75947-0040,4077,0,0.1589,0.8
7127-75947-0040,5105,0,0.0965,0.7836
7127-75947-0040,5639,0,0.1478,0.689
7127-75947-0040,61,0,0.0768,0.8542
7127-75947-0040,672,0,0.0432,0.7515
7127-75947-0040,6930,0,0.184,0.6783
7127-75947-0040,7021,0,0.0053,0.7818
7127-75947-0040,7127,1,0.2425,0.7085
7127-75947-0040,7176,0,0.1373,0.8313
7127-75947-0040,7729,0,-0.0247,0.8309
7127-75947-0040,8224,0,0.1369,0.6114
7127-75947-0040,8230,0,-0.0369,0.697
7127-75947-0040,8455,0,0.1016,0.688
7127-75947-0040,908,0,0.1512,0.8251
7176-88083-0000,1089,0,0.0701,0.6388
7176-88083-0000,1188,0,0.0476,0.6665
7176-88083-0000,1320,0,0.1114,0.5729
7176-88083-0000,2300,0,0.1516,0.5205
7176-88083-0000,260,0,0.0758,0.7223
7176-88083-0000,2830,0,-0.0003,0.6474
7176-88083-0000,4077,0,0.174,0.6355
7176-88083-0000,5105,0,0.1369,0.6485
7176-88083-0000,5639,0,0.0225,0.7013
7176-88083-0000,61,0,0.1977,0.8308
7176-88083-0000,672,0,0.0479,0.681
7176-88083-0000,6930,0,0.2196,0.5686
7176-88083-0000,7021,0,0.1709,0.6488
7176-88083-0000,7127,0,0.0547,0.5254
7176-88083-0000,7176,1,0.2712,0.7854
7176-88083-0000,7729,0,0.1265,0.7812
7176-88083-0000,8224,0,0.0678,0.5942
7176-88083-0000,8230,0,0.0356,0.7083
7176-88083-0000,8455,0,0.0548,0.4977
7176-88083-0000,908,0,0.1302,0.7854
7176-88083-0003,1089,0,-0.0146,0.658
7176-88083-0003,1188,0,-0.0417,0.6867
7176-88083-0003,1320,0,0.0415,0.5893
7176-88083-0003,2300,0,0.0689,0.4957
7176-88083-0003,260,0,0.061,0.7246
7176-88083-0003,2830,0,-0.0824,0.6557
7176-88083-0003,4077,0,0.1325,0.5952
7176-88083-0003,5105,0,0.0234,0.6778
7176-88083-0003,5639,0,0.0066,0.7245
7176-88083-0003,61,0,0.1337,0.7964
7176-88083-0003,672,0,0.0116,0.7225
7176-88083-0003,6930,0,0.1908,0.5805
7176-88083-0003,7021,0,0.1736,0.6779
7176-88083-0003,7127,0,-0.0412,0.5138
7176-88083-0003,7176,1,0.2203,0.7433
7176-88083-0003,7729,0,0.0985,0.7363
7176-88083-0003,8224,0,0.0007,0.6579
7176-88083-0003,8230,0,-0.0573,0.7062
7176-88083-0003,8455,0,-0.0743,0.5013
7176-88083-0003,908,0,0.2369,0.8046
7176-88083-0009,1089,0,0.0622,0.6547
7176-88083-0009,1188,0,0.0277,0.7057
7176-88083-0009,1320,0,0.1261,0.5946
7176-88083-0009,2300,0,0.0862,0.5028
7176-88083-0009,260,0,0.0661,0.7403
7176-88083-0009,2830,0,0.0501,0.6876
7176-88083-0009,4077,0,0.2027,0.6504
7176-88083-0009,5105,0,0.2201,0.665
7176-88083-0009,5639,0,0.0549,0.7117
7176-88083-0009,61,0,0.2273,0.8124
7176-88083-0009,672,0,0.0863,0.6956
7176-88083-0009,6930,0,0.1464,0.5456
7176-88083-0009,7021,0,0.1763,0.6529
7176-88083-0009,7127,0,0.0356,0.5729
7176-88083-0009,7176,1,0.3136,0.7829
7176-88083-0009,7729,0,0.1349,0.7628
7176-88083-0009,8224,0,0.0018,0.5744
7176-88083-0009,8230,0,0.0751,0.7203
7176-88083-0009,8455,0,0.0221,0.5028
7176-88083-0009,908,0,0.181,0.7688
7176-88083-0025,1089,0,0.0905,0.6676
7176-88083-0025,1188,0,0.0996,0.6923
7176-88083-0025,1320,0,0.0766,0.6207
7176-88083-0025,2300,0,0.0551,0.5722
7176-88083-0025,260,0,0.1658,0.7419
7176-88083-0025,2830,0,0.0632,0.6695
7176-88083-0025,4077,0,0.1435,0.6576
7176-88083-0025,5105,0,0.1131,0.6919
7176-88083-0025,5639,0,0.0634,0.6971
7176-88083-0025,61,0,0.1663,0.8328
7176-88083-0025,672,0,0.0964,0.7053
7176-88083-0025,6930,0,0.1543,0.5856
7176-88083-0025,7021,0,0.1156,0.6979
7176-88083-0025,7127,0,0.0508,0.5721
7176-88083-0025,7176,1,0.292,0.7894
7176-88083-0025,7729,0,0.1509,0.7935
7176-88083-0025,8224,0,0.0006,0.5963
7176-88083-0025,8230,0,0.0324,0.7151
7176-88083-0025,8455,0,-0.051,0.5307
7176-88083-0025,908,0,0.1939,0.8064
7176-88083-0026,1089,0,0.07,0.6693
7176-88083-0026,1188,0,-0.0162,0.7103
7176-88083-0026,1320,0,0.0679,0.5855
7176-88083-0026,2300,0,0.0568,0.4478
7176-88083-0026,260,0,0.1116,0.7595
7176-88083-0026,2830,0,0.0082,0.715
7176-88083-0026,4077,0,0.1203,0.649
7176-88083-0026,5105,0,0.0869,0.671
7176-88083-0026,5639,0,0.107,0.7713
7176-88083-0026,61,0,0.1284,0.8486
7176-88083-0026,672,0,0.0266,0.7225
7176-88083-0026,6930,0,0.1576,0.6119
7176-88083-0026,7021,0,0.1027,0.6328
7176-88083-0026,7127,0,0.0111,0.5473
7176-88083-0026,7176,1,0.2723,0.8068
7176-88083-0026,7729,0,0.0677,0.7965
7176-88083-0026,8224,0,0.0101,0.6329
7176-88083-0026,8230,0,0.0184,0.7589
7176-88083-0026,8455,0,-0.0393,0.5006
7176-88083-0026,908,0,0.1498,0.8002
7176-92135-0005,1089,0,-0.0186,0.6043
7176-92135-0005,1188,0,-0.0545,0.648
7176-92135-0005,1320,0,0.0932,0.5615
7176-92135-0005,2300,0,0.0708,0.519
7176-92135-0005,260,0,0.079,0.7058
7176-92135-0005,2830,0,-0.0464,0.6275
7176-92135-0005,4077,0,0.159,0.6121
7176-92135-0005,5105,0,0.1112,0.625
7176-92135-0005,5639,0,-0.0479,0.6374
7176-92135-0005,61,0,0.1664,0.7953
7176-92135-0005,672,0,-0.0239,0.6418
7176-92135-0005,6930,0,0.1559,0.5262
7176-92135-0005,7021,0,0.12,0.6389
7176-92135-0005,7127,0,0.0886,0.5135
7176-92135-0005,7176,1,0.2569,0.761
7176-92135-0005,7729,0,0.1129,0.7424
7176-92135-0005,8224,0,-0.0114,0.5231
7176-92135-0005,8230,0,-0.0427,0.6634
7176-92135-0005,8455,0,-0.0073,0.4749
7176-92135-0005,908,0,0.1699,0.762
7176-92135-0006,1089,0,-0.0182,0.6325
7176-92135-0006,1188,0,-0.1108,0.659
7176-92135-0006,1320,0,0.0658,0.5811
7176-92135-0006,2300,0,0.0859,0.5122
7176-92135-0006,260,0,0.0566,0.6912
7176-92135-0006,2830,0,-0.0077,0.6543
7176-92135-0006,4077,0,0.1129,0.6085
7176-92135-0006,5105,0,0.095,0.6605
7176-92135-0006,5639,0,-0.0341,0.6731
7176-92135-0006,61,0,0.1798,0.781
7176-92135-0006,672,0,0.0194,0.6595
7176-92135-0006,6930,0,0.2,0.5286
7176-92135-0006,7021,0,0.1645,0.6637
7176-92135-0006,7127,0,-0.046,0.5509
7176-92135-0006,7176,1,0.2846,0.7421
7176-92135-0006,7729,0,0.0977,0.7624
7176-92135-0006,8224,0,0.0367,0.5379
7176-92135-0006,8230,0,-0.0143,0.684
7176-92135-0006,8455,0,-0.0521,0.4609
7176-92135-0006,908,0,0.178,0.7656
7176-92135-0009,1089,0,0.0081,0.6242
7176-92135-0009,1188,0,0.0384,0.6728
7176-92135-0009,1320,0,0.2135,0.5379
7176-92135-0009,2300,0,0.1152,0.4062
7176-92135-0009,260,0,0.1447,0.6973
7176-92135-0009,2830,0,0.0663,0.6699
7176-92135-0009,4077,0,0.1425,0.5831
7176-92135-0009,5105,0,0.1644,0.6312
7176-92135-0009,5639,0,0.0305,0.7431
7176-92135-0009,61,0,0.1755,0.7759
7176-92135-0009,672,0,0.1139,0.6673
7176-92135-0009,6930,0,0.1548,0.5277
7176-92135-0009,7021,0,0.1581,0.6083
7176-92135-0009,7127,0,0.0354,0.5108
7176-92135-0009,7176,1,0.2838,0.7301
7176-92135-0009,7729,0,0.135,0.7506
7176-92135-0009,8224,0,-0.0023,0.6001
7176-92135-0009,8230,0,-0.0229,0.6984
7176-92135-0009,8455,0,-0.0341,0.4236
7176-92135-0009,908,0,0.2322,0.7673
7176-92135-0022,1089,0,0.0514,0.6125
7176-92135-0022,1188,0,0.0342,0.6548
7176-92135-0022,1320,0,0.1256,0.544
7176-92135-0022,2300,0,0.0153,0.4581
7176-92135-0022,260,0,0.1403,0.6868
7176-92135-0022,2830,0,0.0114,0.6482
7176-92135-0022,4077,0,0.1596,0.585
7176-92135-0022,5105,0,0.1336,0.6338
7176-92135-0022,5639,0,-0.0149,0.6728
7176-92135-0022,61,0,0.1183,0.7766
7176-92135-0022,672,0,0.0177,0.6444
7176-92135-0022,6930,0,0.1654,0.4999
7176-92135-0022,7021,0,0.1469,0.6358
7176-92135-0022,7127,0,0.0762,0.5155
7176-92135-0022,7176,1,0.2419,0.7356
7176-92135-0022,7729,0,0.0783,0.7418
7176-92135-0022,8224,0,-0.0402,0.5266
7176-92135-0022,8230,0,-0.0175,0.6817
7176-92135-0022,8455,0,0.0299,0.4267
7176-92135-0022,908,0,0.2158,0.7503
7176-92135-0042,1089,0,0.0346,0.629
7176-92135-0042,1188,0,-0.0363,0.6792
7176-92135-0042,1320,0,0.0393,0.6021
7176-92135-0042,2300,0,0.0874,0.5713
7176-92135-0042,260,0,0.1426,0.7357
7176-92135-0042,2830,0,-0.0235,0.642
7176-92135-0042,4077,0,0.1764,0.6532
7176-92135-0042,5105,0,0.0882,0.6721
7176-92135-0042,5639,0,0.0093,0.6606
7176-92135-0042,61,0,0.1267,0.8146
7176-92135-0042,672,0,0.0087,0.6677
7176-92135-0042,6930,0,0.1145,0.5496
7176-92135-0042,7021,0,0.1435,0.6897
7176-92135-0042,7127,0,0.042,0.5555
7176-92135-0042,7176,1,0.2953,0.7805
7176-92135-0042,7729,0,0.1213,0.7771
7176-92135-0042,8224,0,0.0309,0.5596
7176-92135-0042,8230,0,-0.0147,0.6723
7176-92135-0042,8455,0,0.0228,0.5147
7176-92135-0042,908,0,0.125,0.7859
7729-102255-0012,1089,0,-0.0368,0.6518
7729-102255-0012,1188,0,-0.0236,0.7089
7729-102255-0012,1320,0,0.104,0.646
7729-102255-0012,2300,0,0.1807,0.6487
7729-102255-0012,260,0,0.0635,0.7474
7729-102255-0012,2830,0,-0.0442,0.6605
7729-102255-0012,4077,0,0.2103,0.7322
7729-102255-0012,5105,0,0.0142,0.7089
7729-102255-0012,5639,0,-0.001,0.7044
7729-102255-0012,61,0,0.0536,0.812
7729-102255-0012,672,0,0.0296,0.6793
7729-102255-0012,6930,0,0.1,0.5626
7729-102255-0012,7021,0,0.0854,0.7183
7729-102255-0012,7127,0,0.077,0.6335
7729-102255-0012,7176,0,0.1463,0.7619
7729-102255-0012,7729,1,0.2305,0.8701
7729-102255-0012,8224,0,0.0754,0.5709
7729-102255-0012,8230,0,-0.1004,0.6603
7729-102255-0012,8455,0,0.0227,0.5667
7729-102255-0012,908,0,0.0667,0.7892
7729-102255-0018,1089,0,0.001,0.6669
7729-102255-0018,1188,0,-0.0173,0.7153
7729-102255-0018,1320,0,0.1245,0.6552
7729-102255-0018,2300,0,0.1565,0.6433
7729-102255-0018,260,0,0.0655,0.7763
7729-102255-0018,2830,0,-0.0793,0.655
7729-102255-0018,4077,0,0.2248,0.7665
7729-102255-0018,5105,0,0.0793,0.7121
7729-102255-0018,5639,0,-0.0147,0.7318
7729-102255-0018,61,0,0.1151,0.8313
7729-102255-0018,672,0,0.0632,0.7125
7729-102255-0018,6930,0,0.1419,0.5868
7729-102255-0018,7021,0,0.1329,0.7136
7729-102255-0018,7127,0,0.0047,0.6342
7729-102255-0018,7176,0,0.1042,0.7901
7729-102255-0018,7729,1,0.2383,0.8664
7729-102255-0018,8224,0,0.1032,0.606
7729-102255-0018,8230,0,-0.0807,0.6712
7729-102255-0018,8455,0,0.0354,0.5989
7729-102255-0018,908,0,0.1086,0.8106
7729-102255-0023,1089,0,0.0334,0.6676
7729-102255-0023,1188,0,0.0479,0.7089
7729-102255-0023,1320,0,0.1022,0.6553
7729-102255-0023,2300,0,0.121,0.6425
7729-102255-0023,260,0,0.0608,0.7611
7729-102255-0023,2830,0,-0.0422,0.6668
7729-102255-0023,4077,0,0.2071,0.7549
7729-102255-0023,5105,0,0.0096,0.7197
7729-102255-0023,5639,0,0.0065,0.7406
7729-102255-0023,61,0,0.0848,0.8255
7729-102255-0023,672,0,0.0973,0.7052
7729-102255-0023,6930,0,0.1072,0.5986
7729-102255-0023,7021,0,0.1039,0.7169
7729-102255-0023,7127,0,-0.0023,0.644
7729-102255-0023,7176,0,0.1211,0.7721
7729-102255-0023,7729,1,0.2433,0.8921
7729-102255-0023,8224,0,0.068,0.5978
7729-102255-0023,8230,0,-0.0414,0.6704
7729-102255-0023,8455,0,0.0056,0.5829
7729-102255-0023,908,0,0.154,0.8152
7729-102255-0024,1089,0,-0.0135,0.6966
7729-102255-0024,1188,0,-0.0039,0.7381
7729-102255-0024,1320,0,0.0806,0.6805
7729-102255-0024,2300,0,0.1379,0.6544
7729-102255-0024,260,0,0.1077,0.8138
7729-102255-0024,2830,0,-0.054,0.6887
7729-102255-0024,4077,0,0.1995,0.7691
7729-102255-0024,5105,0,0.0684,0.7396
7729-102255-0024,5639,0,-0.0355,0.7479
7729-102255-0024,61,0,0.1288,0.8786
7729-102255-0024,672,0,0.0698,0.7439
7729-102255-0024,6930,0,0.1207,0.6488
7729-102255-0024,7021,0,0.1368,0.7386
7729-102255-0024,7127,0,-0.0265,0.6388
7729-102255-0024,7176,0,0.1234,0.8358
7729-102255-0024,7729,1,0.3215,0.872
7729-102255-0024,8224,0,0.0683,0.6318
7729-102255-0024,8230,0,-0.039,0.7241
7729-102255-0024,8455,0,-0.0197,0.6318
7729-102255-0024,908,0,0.1083,0.8448
7729-102255-0030,1089,0,-0.0297,0.7261
7729-102255-0030,1188,0,-0.0614,0.7653
7729-102255-0030,1320,0,0.0222,0.691
7729-102255-0030,2300,0,0.1231,0.6545
7729-102255-0030,260,0,0.0981,0.7997
7729-102255-0030,2830,0,-0.0843,0.7091
7729-102255-0030,4077,0,0.1348,0.7789
7729-102255-0030,5105,0,0.01,0.7676
7729-102255-0030,5639,0,-0.0136,0.7923
7729-102255-0030,61,0,0.0759,0.8686
7729-102255-0030,672,0,0.0589,0.7654
7729-102255-0030,6930,0,0.0539,0.629
7729-102255-0030,7021,0,0.1106,0.7573
7729-102255-0030,7127,0,-0.0348,0.6708
7729-102255-0030,7176,0,0.1339,0.8087
7729-102255-0030,7729,1,0.2313,0.9153
7729-102255-0030,8224,0,0.0897,0.6751
7729-102255-0030,8230,0,-0.0801,0.7335
7729-102255-0030,8455,0,-0.0081,0.6151
7729-102255-0030,908,0,0.1196,0.8486
7729-102255-0031,1089,0,0.0425,0.7266
7729-102255-0031,1188,0,-0.013,0.7467
7729-102255-0031,1320,0,0.1222,0.7186
7729-102255-0031,2300,0,0.1557,0.7342
7729-102255-0031,260,0,0.1573,0.7812
7729-102255-0031,2830,0,-0.069,0.6911
7729-102255-0031,4077,0,0.2046,0.8023
7729-102255-0031,5105,0,0.0538,0.78
7729-102255-0031,5639,0,-0.0092,0.7487
7729-102255-0031,61,0,0.1188,0.8391
7729-102255-0031,672,0,0.1212,0.7395
7729-102255-0031,6930,0,0.1416,0.6378
7729-102255-0031,7021,0,0.1126,0.7863
7729-102255-0031,7127,0,0.0262,0.7147
7729-102255-0031,7176,0,0.1489,0.7748
7729-102255-0031,7729,1,0.2502,0.9282
7729-102255-0031,8224,0,0.124,0.6235
7729-102255-0031,8230,0,-0.0541,0.6976
7729-102255-0031,8455,0,0.0487,0.6484
7729-102255-0031,908,0,0.117,0.8312
7729-102255-0035,1089,0,0.0367,0.6533
7729-102255-0035,1188,0,-0.0505,0.7303
7729-102255-0035,1320,0,0.0256,0.6055
7729-102255-0035,2300,0,0.0884,0.5513
7729-102255-0035,260,0,-0.022,0.7487
7729-102255-0035,2830,0,-0.0624,0.7133
7729-102255-0035,4077,0,0.1226,0.6826
7729-102255-0035,5105,0,-0.0165,0.6811
7729-102255-0035,5639,0,0.0127,0.7338
7729-102255-0035,61,0,0.1177,0.8257
7729-102255-0035,672,0,0.0087,0.675
7729-102255-0035,6930,0,0.0899,0.5588
7729-102255-0035,7021,0,0.0585,0.6709
7729-102255-0035,7127,0,0.0333,0.6086
7729-102255-0035,7176,0,0.1669,0.7765
7729-102255-0035,7729,1,0.2137,0.8562
7729-102255-0035,8224,0,0.0847,0.5673
7729-102255-0035,8230,0,-0.0044,0.7162
7729-102255-0035,8455,0,-0.0396,0.5154
7729-102255-0035,908,0,0.0179,0.7727
7729-102255-0037,1089,0,0.0149,0.7061
7729-102255-0037,1188,0,-0.0401,0.7566
7729-102255-0037,1320,0,0.0673,0.679
7729-102255-0037,2300,0,0.1658,0.6243
7729-102255-0037,260,0,0.0355,0.8002
7729-102255-0037,2830,0,-0.0291,0.7257
7729-102255-0037,4077,0,0.1244,0.7597
7729-102255-0037,5105,0,0.0474,0.756
7729-102255-0037,5639,0,-0.011,0.7692
7729-102255-0037,61,0,0.137,0.8709
7729-102255-0037,672,0,-0.0293,0.7338
7729-102255-0037,6930,0,0.1136,0.6284
7729-102255-0037,7021,0,0.0406,0.7425
7729-102255-0037,7127,0,0.0007,0.6688
7729-102255-0037,7176,0,0.1611,0.8275
7729-102255-0037,7729,1,0.1858,0.9017
7729-102255-0037,8224,0,0.1062,0.6174
7729-102255-0037,8230,0,0.0072,0.7384
7729-102255-0037,8455,0,-0.0367,0.5929
7729-102255-0037,908,0,0.0711,0.8386
7729-102255-0039,1089,0,-0.0174,0.6657
7729-102255-0039,1188,0,0.0398,0.7146
7729-102255-0039,1320,0,0.0888,0.6444
7729-102255-0039,2300,0,0.1322,0.6179
7729-102255-0039,260,0,0.033,0.7732
7729-102255-0039,2830,0,-0.0661,0.6882
7729-102255-0039,4077,0,0.0592,0.7268
7729-102255-0039,5105,0,-0.0335,0.715
7729-102255-0039,5639,0,0.0096,0.7288
7729-102255-0039,61,0,0.0816,0.8498
7729-102255-0039,672,0,0.0544,0.6988
7729-102255-0039,6930,0,0.1345,0.6203
7729-102255-0039,7021,0,0.0688,0.7134
7729-102255-0039,7127,0,-0.0019,0.6203
7729-102255-0039,7176,0,0.0814,0.796
7729-102255-0039,7729,1,0.2258,0.8745
7729-102255-0039,8224,0,0.0828,0.593
7729-102255-0039,8230,0,-0.0642,0.6949
7729-102255-0039,8455,0,-0.0448,0.5704
7729-102255-0039,908,0,0.1282,0.8193
7729-102255-0040,1089,0,-0.0286,0.6986
7729-102255-0040,1188,0,0.0031,0.7431
7729-102255-0040,1320,0,0.0729,0.6795
7729-102255-0040,2300,0,0.1585,0.6654
7729-102255-0040,260,0,0.0759,0.7971
7729-102255-0040,2830,0,-0.0525,0.6974
7729-102255-0040,4077,0,0.0835,0.7704
7729-102255-0040,5105,0,0.032,0.7369
7729-102255-0040,5639,0,-0.0291,0.7369
7729-102255-0040,61,0,0.1355,0.8629
7729-102255-0040,672,0,0.0158,0.7295
7729-102255-0040,6930,0,0.085,0.6205
7729-102255-0040,7021,0,0.0714,0.7372
7729-102255-0040,7127,0,0.0249,0.6605
7729-102255-0040,7176,0,0.1198,0.8114
7729-102255-0040,7729,1,0.2377,0.8895
7729-102255-0040,8224,0,0.0523,0.6027
7729-102255-0040,8230,0,-0.0624,0.7172
7729-102255-0040,8455,0,0.0097,0.6175
7729-102255-0040,908,0,0.0979,0.8243
8224-274381-0007,1089,0,-0.0078,0.7355
8224-274381-0007,1188,0,-0.0752,0.8062
8224-274381-0007,1320,0,0.0613,0.7306
8224-274381-0007,2300,0,0.1331,0.6477
8224-274381-0007,260,0,0.1192,0.8371
8224-274381-0007,2830,0,0.0285,0.7664
8224-274381-0007,4077,0,0.0882,0.7723
8224-274381-0007,5105,0,0.1152,0.8049
8224-274381-0007,5639,0,0.1517,0.8132
8224-274381-0007,61,0,0.0819,0.8601
8224-274381-0007,672,0,0.1729,0.8106
8224-274381-0007,6930,0,0.2193,0.692
8224-274381-0007,7021,0,0.0486,0.768
8224-274381-0007,7127,0,0.087,0.6945
8224-274381-0007,7176,0,0.1365,0.8227
8224-274381-0007,7729,0,0.0348,0.8495
8224-274381-0007,8224,1,0.284,0.7853
8224-274381-0007,8230,0,0.0434,0.755
8224-274381-0007,8455,0,0.0738,0.658
8224-274381-0007,908,0,0.0625,0.8321
8224-274381-0010,1089,0,-0.0154,0.7204
8224-274381-0010,1188,0,-0.1001,0.7439
8224-274381-0010,1320,0,0.0533,0.7089
8224-274381-0010,2300,0,0.1076,0.6399
8224-274381-0010,260,0,0.154,0.7785
8224-274381-0010,2830,0,-0.0412,0.6982
8224-274381-0010,4077,0,0.0882,0.7187
8224-274381-0010,5105,0,0.0875,0.7846
8224-274381-0010,5639,0,0.0626,0.7978
8224-274381-0010,61,0,0.0773,0.8101
8224-274381-0010,672,0,0.0929,0.8111
8224-274381-0010,6930,0,0.2612,0.7016
8224-274381-0010,7021,0,0.0188,0.7561
8224-274381-0010,7127,0,0.0786,0.6382
8224-274381-0010,7176,0,0.0276,0.7619
8224-274381-0010,7729,0,-0.0591,0.7914
8224-274381-0010,8224,1,0.3964,0.8616
8224-274381-0010,8230,0,-0.0048,0.7079
8224-274381-0010,8455,0,0.0774,0.6423
8224-274381-0010,908,0,0.0079,0.8261
8224-274381-0011,1089,0,-0.0224,0.6809
8224-274381-0011,1188,0,-0.0578,0.7455
8224-274381-0011,1320,0,0.0753,0.6709
8224-274381-0011,2300,0,0.2227,0.5814
8224-274381-0011,260,0,0.174,0.7519
8224-274381-0011,2830,0,0.0047,0.6957
8224-274381-0011,4077,0,0.0899,0.6755
8224-274381-0011,5105,0,0.0925,0.7434
8224-274381-0011,5639,0,0.0365,0.7825
8224-274381-0011,61,0,0.0516,0.7693
8224-274381-0011,672,0,0.156,0.7746
8224-274381-0011,6930,0,0.1899,0.6413
8224-274381-0011,7021,0,0.0693,0.7066
8224-274381-0011,7127,0,0.0767,0.6111
8224-274381-0011,7176,0,0.0339,0.7327
8224-274381-0011,7729,0,0.0264,0.7595
8224-274381-0011,8224,1,0.2853,0.8442
8224-274381-0011,8230,0,-0.0082,0.686
8224-274381-0011,8455,0,0.1022,0.5973
8224-274381-0011,908,0,0.0632,0.7775
8224-274381-0013,1089,0,-0.0216,0.6989
8224-274381-0013,1188,0,-0.0492,0.7576
8224-274381-0013,1320,0,0.0202,0.6884
8224-274381-0013,2300,0,0.1675,0.6068
8224-274381-0013,260,0,0.1083,0.7867
8224-274381-0013,2830,0,-0.0191,0.7
8224-274381-0013,4077,0,0.0697,0.7293
8224-274381-0013,5105,0,0.0864,0.7485
8224-274381-0013,5639,0,0.0952,0.7961
8224-274381-0013,61,0,0.0606,0.7929
8224-274381-0013,672,0,0.1184,0.7989
8224-274381-0013,6930,0,0.1725,0.6672
8224-274381-0013,7021,0,0.0334,0.711
8224-274381-0013,7127,0,0.1586,0.6337
8224-274381-0013,7176,0,0.0173,0.7693
8224-274381-0013,7729,0,-0.0253,0.7708
8224-274381-0013,8224,1,0.3526,0.8435
8224-274381-0013,8230,0,0.0161,0.6993
8224-274381-0013,8455,0,0.136,0.6424
8224-274381-0013,908,0,0.0468,0.7883
8224-274384-0002,1089,0,-0.0359,0.6929
8224-274384-0002,1188,0,-0.1288,0.7659
8224-274384-0002,1320,0,0.0727,0.6668
8224-274384-0002,2300,0,0.1229,0.5617
8224-274384-0002,260,0,0.2073,0.7922
8224-274384-0002,2830,0,-0.0595,0.753
8224-274384-0002,4077,0,0.1029,0.7003
8224-274384-0002,5105,0,0.0217,0.7649
8224-274384-0002,5639,0,0.0578,0.819
8224-274384-0002,61,0,0.0525,0.835
8224-274384-0002,672,0,0.134,0.768
8224-274384-0002,6930,0,0.2062,0.6678
8224-274384-0002,7021,0,0.0484,0.7186
8224-274384-0002,7127,0,0.09,0.6321
8224-274384-0002,7176,0,0.03,0.7854
8224-274384-0002,7729,0,0.0356,0.8203
8224-274384-0002,8224,1,0.2991,0.7825
8224-274384-0002,8230,0,-0.0542,0.7391
8224-274384-0002,8455,0,0.1258,0.5782
8224-274384-0002,908,0,0.0067,0.8036
8224-274384-0006,1089,0,-0.0631,0.6906
8224-274384-0006,1188,0,-0.088,0.7216
8224-274384-0006,1320,0,0.0089,0.6758
8224-274384-0006,2300,0,0.1421,0.6281
8224-274384-0006,260,0,0.1177,0.7468
8224-274384-0006,2830,0,-0.0917,0.6619
8224-274384-0006,4077,0,0.0738,0.7203
8224-274384-0006,5105,0,0.0077,0.7449
8224-274384-0006,5639,0,0.0156,0.7825
8224-274384-0006,61,0,0.0081,0.7747
8224-274384-0006,672,0,0.0556,0.78
8224-274384-0006,6930,0,0.1654,0.6402
8224-274384-0006,7021,0,0.042,0.7209
8224-274384-0006,7127,0,0.0639,0.6261
8224-274384-0006,7176,0,-0.0212,0.7332
8224-274384-0006,7729,0,-0.0081,0.7922
8224-274384-0006,8224,1,0.2247,0.8299
8224-274384-0006,8230,0,-0.0489,0.6663
8224-274384-0006,8455,0,0.0841,0.6132
8224-274384-0006,908,0,0.0537,0.7944
8224-274384-0007,1089,0,-0.0637,0.6737
8224-274384-0007,1188,0,-0.098,0.7294
8224-274384-0007,1320,0,0.0289,0.6203
8224-274384-0007,2300,0,0.1145,0.4933
8224-274384-0007,260,0,0.0982,0.7587
8224-274384-0007,2830,0,-0.0248,0.7164
8224-274384-0007,4077,0,0.1,0.6696
8224-274384-0007,5105,0,0.0511,0.7173
8224-274384-0007,5639,0,0.1157,0.8405
8224-274384-0007,61,0,0.0205,0.7798
8224-274384-0007,672,0,0.0369,0.7474
8224-274384-0007,6930,0,0.1025,0.6195
8224-274384-0007,7021,0,0.056,0.6693
8224-274384-0007,7127,0,0.0663,0.5976
8224-274384-0007,7176,0,0.0144,0.7185
8224-274384-0007,7729,0,-0.0431,0.7954
8224-274384-0007,8224,1,0.1845,0.7442
8224-274384-0007,8230,0,-0.0508,0.7061
8224-274384-0007,8455,0,0.1398,0.5246
8224-274384-0007,908,0,-0.0382,0.7805
8224-274384-0008,1089,0,-0.0266,0.6759
8224-274384-0008,1188,0,-0.1452,0.7367
8224-274384-0008,1320,0,-0.0394,0.6705
8224-274384-0008,2300,0,0.118,0.6055
8224-274384-0008,260,0,0.1255,0.7483
8224-274384-0008,2830,0,-0.0777,0.6929
8224-274384-0008,4077,0,0.0862,0.7029
8224-274384-0008,5105,0,0.0338,0.7408
8224-274384-0008,5639,0,0.1183,0.7765
8224-274384-0008,61,0,0.0152,0.7675
8224-274384-0008,672,0,0.0865,0.7629
8224-274384-0008,6930,0,0.2061,0.63
8224-274384-0008,7021,0,0.0275,0.7076
8224-274384-0008,7127,0,0.1239,0.6333
8224-274384-0008,7176,0,0.0095,0.7336
8224-274384-0008,7729,0,-0.0628,0.7741
8224-274384-0008,8224,1,0.3267,0.8128
8224-274384-0008,8230,0,-0.0056,0.6735
8224-274384-0008,8455,0,0.1169,0.5963
8224-274384-0008,908,0,-0.0023,0.7643
8224-274384-0009,1089,0,-0.1033,0.693
8224-274384-0009,1188,0,-0.0835,0.7387
8224-274384-0009,1320,0,0.0103,0.7031
8224-274384-0009,2300,0,0.0759,0.6135
8224-274384-0009,260,0,0.0934,0.7569
8224-274384-0009,2830,0,-0.059,0.6899
8224-274384-0009,4077,0,0.0405,0.7044
8224-274384-0009,5105,0,-0.0049,0.7746
8224-274384-0009,5639,0,-0.0019,0.8012
8224-274384-0009,61,0,0.043,0.7422
8224-274384-0009,672,0,0.0174,0.7982
8224-274384-0009,6930,0,0.1255,0.6964
8224-274384-0009,7021,0,0.0042,0.7272
8224-274384-0009,7127,0,0.056,0.6413
8224-274384-0009,7176,0,0.025,0.7095
8224-274384-0009,7729,0,0.0083,0.7394
8224-274384-0009,8224,1,0.1868,0.8941
8224-274384-0009,8230,0,-0.0696,0.6681
8224-274384-0009,8455,0,0.045,0.6483
8224-274384-0009,908,0,0.071,0.7652
8224-274384-0013,1089,0,-0.1557,0.6703
8224-274384-0013,1188,0,-0.1402,0.7204
8224-274384-0013,1320,0,0.0364,0.6879
8224-274384-0013,2300,0,0.1239,0.6523
8224-274384-0013,260,0,0.134,0.7226
8224-274384-0013,2830,0,-0.0945,0.6489
8224-274384-0013,4077,0,0.0316,0.7223
8224-274384-0013,5105,0,-0.0183,0.746
8224-274384-0013,5639,0,-0.0335,0.7503
8224-274384-0013,61,0,-0.0698,0.7268
8224-274384-0013,672,0,0.0826,0.7543
8224-274384-0013,6930,0,0.1269,0.6153
8224-274384-0013,7021,0,0.042,0.7197
8224-274384-0013,7127,0,0.076,0.655
8224-274384-0013,7176,0,-0.0601,0.7003
8224-274384-0013,7729,0,-0.0098,0.7625
8224-274384-0013,8224,1,0.2452,0.8248
8224-274384-0013,8230,0,-0.1275,0.6289
8224-274384-0013,8455,0,0.1285,0.6298
8224-274384-0013,908,0,0.0515,0.7388
8230-279154-0000,1089,0,0.0292,0.7424
8230-279154-0000,1188,0,-0.1001,0.7934
8230-279154-0000,1320,0,0.0365,0.6837
8230-279154-0000,2300,0,0.0201,0.5509
8230-279154-0000,260,0,0.1645,0.8303
8230-279154-0000,2830,0,-0.0557,0.7965
8230-279154-0000,4077,0,0.0863,0.7138
8230-279154-0000,5105,0,0.0782,0.7649
8230-279154-0000,5639,0,0.0314,0.7716
8230-279154-0000,61,0,0.1966,0.9176
8230-279154-0000,672,0,0.0401,0.78
8230-279154-0000,6930,0,0.2086,0.6842
8230-279154-0000,7021,0,-0.0101,0.7204
8230-279154-0000,7127,0,0.0165,0.6484
8230-279154-0000,7176,0,0.1151,0.8746
8230-279154-0000,7729,0,-0.0281,0.8371
8230-279154-0000,8224,0,0.183,0.6563
8230-279154-0000,8230,1,0.0267,0.8383
8230-279154-0000,8455,0,-0.0665,0.6015
8230-279154-0000,908,0,0.0499,0.8285
8230-279154-0004,1089,0,0.0685,0.7143
8230-279154-0004,1188,0,-0.0383,0.758
8230-279154-0004,1320,0,0.0438,0.6464
8230-279154-0004,2300,0,0.0836,0.5181
8230-279154-0004,260,0,0.2008,0.8071
8230-279154-0004,2830,0,0.0111,0.7577
8230-279154-0004,4077,0,0.1282,0.6816
8230-279154-0004,5105,0,0.0843,0.7299
8230-279154-0004,5639,0,0.0456,0.7523
8230-279154-0004,61,0,0.2395,0.8921
8230-279154-0004,672,0,0.098,0.7618
8230-279154-0004,6930,0,0.2339,0.6493
8230-279154-0004,7021,0,0.0631,0.6991
8230-279154-0004,7127,0,0.0298,0.6001
8230-279154-0004,7176,0,0.2048,0.8475
8230-279154-0004,7729,0,0.0355,0.8069
8230-279154-0004,8224,0,0.1173,0.6322
8230-279154-0004,8230,1,0.0662,0.802
8230-279154-0004,8455,0,-0.0602,0.5587
8230-279154-0004,908,0,0.1634,0.8287
8230-279154-0016,1089,0,0.0555,0.6736
8230-279154-0016,1188,0,-0.0062,0.732
8230-279154-0016,1320,0,0.0715,0.6634
8230-279154-0016,2300,0,0.0498,0.5868
8230-279154-0016,260,0,0.2113,0.7898
8230-279154-0016,2830,0,0.0172,0.73
8230-279154-0016,4077,0,0.0289,0.667
8230-279154-0016,5105,0,0.0937,0.7304
8230-279154-0016,5639,0,-0.0461,0.6832
8230-279154-0016,61,0,0.2369,0.8749
8230-279154-0016,672,0,0.0744,0.7222
8230-279154-0016,6930,0,0.2104,0.6624
8230-279154-0016,7021,0,-0.0177,0.7121
8230-279154-0016,7127,0,0.0478,0.5988
8230-279154-0016,7176,0,0.1739,0.8383
8230-279154-0016,7729,0,0.0141,0.7833
8230-279154-0016,8224,0,0.1058,0.6193
8230-279154-0016,8230,1,0.0778,0.7546
8230-279154-0016,8455,0,-0.0331,0.589
8230-279154-0016,908,0,0.0468,0.8032
8230-279154-0018,1089,0,0.066,0.6697
8230-279154-0018,1188,0,0.0189,0.7311
8230-279154-0018,1320,0,0.1159,0.6572
8230-279154-0018,2300,0,0.0891,0.5879
8230-279154-0018,260,0,0.217,0.7735
8230-279154-0018,2830,0,0.0303,0.7317
8230-279154-0018,4077,0,0.0977,0.6866
8230-279154-0018,5105,0,0.0826,0.7251
8230-279154-0018,5639,0,-0.0333,0.6852
8230-279154-0018,61,0,0.1935,0.8541
8230-279154-0018,672,0,0.0418,0.7035
8230-279154-0018,6930,0,0.2402,0.6179
8230-279154-0018,7021,0,-0.0137,0.7037
8230-279154-0018,7127,0,0.0671,0.6294
8230-279154-0018,7176,0,0.1558,0.8216
8230-279154-0018,7729,0,0.0226,0.7956
8230-279154-0018,8224,0,0.0853,0.5838
8230-279154-0018,8230,1,0.03,0.7397
8230-279154-0018,8455,0,-0.0012,0.5673
8230-279154-0018,908,0,0.0466,0.7769
8230-279154-0020,1089,0,0.0718,0.7372
8230-279154-0020,1188,0,-0.08,0.7941
8230-279154-0020,1320,0,0.0465,0.7017
8230-279154-0020,2300,0,0.0456,0.6068
8230-279154-0020,260,0,0.1617,0.8262
8230-279154-0020,2830,0,-0.0459,0.788
8230-279154-0020,4077,0,0.1177,0.7232
8230-279154-0020,5105,0,0.0685,0.7735
8230-279154-0020,5639,0,0.0166,0.7545
8230-279154-0020,61,0,0.2394,0.9062
8230-279154-0020,672,0,0.0976,0.7651
8230-279154-0020,6930,0,0.2026,0.6824
8230-279154-0020,7021,0,0.0059,0.744
8230-279154-0020,7127,0,0.036,0.6673
8230-279154-0020,7176,0,0.1885,0.8622
8230-279154-0020,7729,0,-0.028,0.8534
8230-279154-0020,8224,0,0.1113,0.6513
8230-279154-0020,8230,1,0.0883,0.8137
8230-279154-0020,8455,0,-0.0181,0.6181
8230-279154-0020,908,0,0.0946,0.8297
8230-279154-0022,1089,0,-0.0039,0.6142
8230-279154-0022,1188,0,0.007,0.67
8230-279154-0022,1320,0,0.0008,0.6004
8230-279154-0022,2300,0,0.1145,0.55
8230-279154-0022,260,0,0.2032,0.7215
8230-279154-0022,2830,0,-0.0221,0.682
8230-279154-0022,4077,0,0.0372,0.5754
8230-279154-0022,5105,0,0.0858,0.6578
8230-279154-0022,5639,0,-0.0363,0.5865
8230-279154-0022,61,0,0.2512,0.8108
8230-279154-0022,672,0,0.0499,0.6423
8230-279154-0022,6930,0,0.1761,0.5943
8230-279154-0022,7021,0,0.0452,0.6626
8230-279154-0022,7127,0,0.0742,0.5332
8230-279154-0022,7176,0,0.1366,0.7748
8230-279154-0022,7729,0,0.0162,0.6917
8230-279154-0022,8224,0,0.1557,0.53
8230-279154-0022,8230,1,0.0727,0.7053
8230-279154-0022,8455,0,-0.0836,0.5194
8230-279154-0022,908,0,0.0936,0.7309
8230-279154-0023,1089,0,0.0015,0.699
8230-279154-0023,1188,0,0.0227,0.7583
8230-279154-0023,1320,0,0.0552,0.6818
8230-279154-0023,2300,0,0.0873,0.6338
8230-279154-0023,260,0,0.2318,0.8022
8230-279154-0023,2830,0,-0.0127,0.7409
8230-279154-0023,4077,0,0.0271,0.7087
8230-279154-0023,5105,0,0.0113,0.752
8230-279154-0023,5639,0,-0.0153,0.703
8230-279154-0023,61,0,0.165,0.8838
8230-279154-0023,672,0,0.0829,0.7274
8230-279154-0023,6930,0,0.2054,0.6431
8230-279154-0023,7021,0,0.0423,0.7467
8230-279154-0023,7127,0,0.039,0.6423
8230-279154-0023,7176,0,0.0999,0.8339
8230-279154-0023,7729,0,0.0363,0.8382
8230-279154-0023,8224,0,0.1084,0.6054
8230-279154-0023,8230,1,0.0076,0.7612
8230-279154-0023,8455,0,-0.0125,0.6006
8230-279154-0023,908,0,0.0895,0.8152
8230-279154-0028,1089,0,0.0307,0.6847
8230-279154-0028,1188,0,-0.0473,0.759
8230-279154-0028,1320,0,0.0247,0.6512
8230-279154-0028,2300,0,0.0607,0.5492
8230-279154-0028,260,0,0.1341,0.79
8230-279154-0028,2830,0,-0.0264,0.7677
8230-279154-0028,4077,0,0.0501,0.6439
8230-279154-0028,5105,0,0.0682,0.7281
8230-279154-0028,5639,0,-0.0355,0.7073
8230-279154-0028,61,0,0.1978,0.8615
8230-279154-0028,672,0,0.0196,0.7196
8230-279154-0028,6930,0,0.2039,0.6405
8230-279154-0028,7021,0,0.0867,0.7076
8230-279154-0028,7127,0,0.0581,0.6057
8230-279154-0028,7176,0,0.1298,0.8254
8230-279154-0028,7729,0,0.0126,0.7884
8230-279154-0028,8224,0,0.1173,0.5982
8230-279154-0028,8230,1,0.0997,0.7799
8230-279154-0028,8455,0,-0.0358,0.5574
8230-279154-0028,908,0,0.0529,0.7927
8230-279154-0029,1089,0,0.1096,0.6808
8230-279154-0029,1188,0,0.0312,0.7409
8230-279154-0029,1320,0,0.0746,0.6555
8230-279154-0029,2300,0,0.0927,0.5677
8230-279154-0029,260,0,0.2182,0.7781
8230-279154-0029,2830,0,0.0677,0.7314
8230-279154-0029,4077,0,-0.0169,0.6377
8230-279154-0029,5105,0,0.1413,0.7232
8230-279154-0029,5639,0,-0.0008,0.6896
8230-279154-0029,61,0,0.164,0.8477
8230-279154-0029,672,0,0.0295,0.7331
8230-279154-0029,6930,0,0.1732,0.6348
8230-279154-0029,7021,0,0.0242,0.7135
8230-279154-0029,7127,0,0.1263,0.5845
8230-279154-0029,7176,0,0.0584,0.8037
8230-279154-0029,7729,0,-0.0717,0.7598
8230-279154-0029,8224,0,0.0805,0.62
8230-279154-0029,8230,1,0.1397,0.755
8230-279154-0029,8455,0,0.0815,0.5738
8230-279154-0029,908,0,0.0511,0.7974
8230-279154-0030,1089,0,0.0885,0.6705
8230-279154-0030,1188,0,0.0158,0.7633
8230-279154-0030,1320,0,0.0689,0.659
8230-279154-0030,2300,0,0.0675,0.604
8230-279154-0030,260,0,0.2403,0.7886
8230-279154-0030,2830,0,0.0314,0.7542
8230-279154-0030,4077,0,0.0059,0.6361
8230-279154-0030,5105,0,0.0659,0.719
8230-279154-0030,5639,0,0.0029,0.6559
8230-279154-0030,61,0,0.2496,0.8578
8230-279154-0030,672,0,0.0981,0.7036
8230-279154-0030,6930,0,0.2228,0.6459
8230-279154-0030,7021,0,0.0067,0.7146
8230-279154-0030,7127,0,0.0054,0.5972
8230-279154-0030,7176,0,0.1258,0.8159
8230-279154-0030,7729,0,0.0052,0.7688
8230-279154-0030,8224,0,0.1345,0.6026
8230-279154-0030,8230,1,0.1233,0.7629
8230-279154-0030,8455,0,0.0483,0.5933
8230-279154-0030,908,0,0.0103,0.7712
8455-210777-0011,1089,0,0.0587,0.6668
8455-210777-0011,1188,0,-0.0305,0.7125
8455-210777-0011,1320,0,0.0672,0.7296
8455-210777-0011,2300,0,0.057,0.7561
8455-210777-0011,260,0,0.1272,0.7958
8455-210777-0011,2830,0,-0.0284,0.6177
8455-210777-0011,4077,0,0.1957,0.7866
8455-210777-0011,5105,0,0.1135,0.7474
8455-210777-0011,5639,0,0.0948,0.6748
8455-210777-0011,61,0,0.0683,0.7831
8455-210777-0011,672,0,0.0315,0.747
8455-210777-0011,6930,0,0.1733,0.6692
8455-210777-0011,7021,0,0.0331,0.7598
8455-210777-0011,7127,0,0.1134,0.6637
8455-210777-0011,7176,0,0.1511,0.7553
8455-210777-0011,7729,0,-0.0509,0.8005
8455-210777-0011,8224,0,0.1034,0.665
8455-210777-0011,8230,0,-0.025,0.6136
8455-210777-0011,8455,1,0.1651,0.7339
8455-210777-0011,908,0,0.1144,0.8022
8455-210777-0014,1089,0,-0.0061,0.6913
8455-210777-0014,1188,0,-0.0736,0.7575
8455-210777-0014,1320,0,0.144,0.7273
8455-210777-0014,2300,0,-0.0114,0.6948
8455-210777-0014,260,0,0.0976,0.8638
8455-210777-0014,2830,0,-0.054,0.7115
8455-210777-0014,4077,0,0.1133,0.7556
8455-210777-0014,5105,0,0.1622,0.7725
8455-210777-0014,5639,0,0.0662,0.7045
8455-210777-0014,61,0,0.0232,0.8617
8455-210777-0014,672,0,0.0233,0.7751
8455-210777-0014,6930,0,0.1839,0.7404
8455-210777-0014,7021,0,0.0482,0.7753
8455-210777-0014,7127,0,0.038,0.6431
8455-210777-0014,7176,0,0.0646,0.8364
8455-210777-0014,7729,0,-0.0051,0.8024
8455-210777-0014,8224,0,0.0761,0.6511
8455-210777-0014,8230,0,-0.0149,0.7054
8455-210777-0014,8455,1,0.1636,0.7185
8455-210777-0014,908,0,0.1823,0.8425
8455-210777-0018,1089,0,-0.0159,0.6931
8455-210777-0018,1188,0,0.0254,0.753
8455-210777-0018,1320,0,0.131,0.766
8455-210777-0018,2300,0,0.0856,0.7181
8455-210777-0018,260,0,0.1264,0.8687
8455-210777-0018,2830,0,0.0435,0.7077
8455-210777-0018,4077,0,0.1615,0.7699
8455-210777-0018,5105,0,0.1206,0.787
8455-210777-0018,5639,0,0.0576,0.697
8455-210777-0018,61,0,0.0543,0.8336
8455-210777-0018,672,0,0.1312,0.7759
8455-210777-0018,6930,0,0.1176,0.7433
8455-210777-0018,7021,0,0.0202,0.7879
8455-210777-0018,7127,0,0.0982,0.68
8455-210777-0018,7176,0,0.0838,0.8067
8455-210777-0018,7729,0,-0.0089,0.7902
8455-210777-0018,8224,0,0.0825,0.6311
8455-210777-0018,8230,0,-0.0822,0.6804
8455-210777-0018,8455,1,0.1394,0.7459
8455-210777-0018,908,0,0.1764,0.8362
8455-210777-0024,1089,0,0.0448,0.7172
8455-210777-0024,1188,0,0.0012,0.7503
8455-210777-0024,1320,0,0.051,0.7744
8455-210777-0024,2300,0,0.0824,0.7758
8455-210777-0024,260,0,0.2214,0.8462
8455-210777-0024,2830,0,0.0111,0.6805
8455-210777-0024,4077,0,0.209,0.8165
8455-210777-0024,5105,0,0.0787,0.7984
8455-210777-0024,5639,0,0.1116,0.7007
8455-210777-0024,61,0,0.1576,0.842
8455-210777-0024,672,0,0.1047,0.7805
8455-210777-0024,6930,0,0.1107,0.7192
8455-210777-0024,7021,0,0.0547,0.8072
8455-210777-0024,7127,0,0.133,0.7102
8455-210777-0024,7176,0,0.1404,0.8153
8455-210777-0024,7729,0,0.0267,0.8374
8455-210777-0024,8224,0,0.1343,0.6428
8455-210777-0024,8230,0,-0.0073,0.6795
8455-210777-0024,8455,1,0.1858,0.7562
8455-210777-0024,908,0,0.1258,0.8478
8455-210777-0033,1089,0,-0.0028,0.6756
8455-210777-0033,1188,0,-0.0044,0.712
8455-210777-0033,1320,0,0.1009,0.7541
8455-210777-0033,2300,0,0.1393,0.7965
8455-210777-0033,260,0,0.1714,0.828
8455-210777-0033,2830,0,-0.0178,0.6413
8455-210777-0033,4077,0,0.1974,0.7878
8455-210777-0033,5105,0,0.0776,0.77
8455-210777-0033,5639,0,-0.0058,0.6503
8455-210777-0033,61,0,0.1053,0.817
8455-210777-0033,672,0,0.0544,0.7502
8455-210777-0033,6930,0,0.1814,0.727
8455-210777-0033,7021,0,-0.0041,0.7869
8455-210777-0033,7127,0,0.0932,0.6728
8455-210777-0033,7176,0,0.1234,0.7815
8455-210777-0033,7729,0,0.0036,0.788
8455-210777-0033,8224,0,0.1309,0.6417
8455-210777-0033,8230,0,-0.0667,0.6354
8455-210777-0033,8455,1,0.149,0.7651
8455-210777-0033,908,0,0.1501,0.8115
8455-210777-0034,1089,0,0.0629,0.6879
8455-210777-0034,1188,0,0.029,0.7407
8455-210777-0034,1320,0,0.0998,0.7298
8455-210777-0034,2300,0,0.1275,0.6777
8455-210777-0034,260,0,0.1338,0.865
8455-210777-0034,2830,0,0.0967,0.683
8455-210777-0034,4077,0,0.2523,0.796
8455-210777-0034,5105,0,0.1504,0.7482
8455-210777-0034,5639,0,0.0727,0.721
8455-210777-0034,61,0,0.1415,0.8272
8455-210777-0034,672,0,0.0478,0.76
8455-210777-0034,6930,0,0.1612,0.7202
8455-210777-0034,7021,0,0.0873,0.7458
8455-210777-0034,7127,0,0.1067,0.6693
8455-210777-0034,7176,0,0.1664,0.8098
8455-210777-0034,7729,0,-0.0494,0.8152
8455-210777-0034,8224,0,0.0926,0.6143
8455-210777-0034,8230,0,-0.0215,0.6719
8455-210777-0034,8455,1,0.178,0.7221
8455-210777-0034,908,0,0.169,0.8368
8455-210777-0040,1089,0,-0.0273,0.6132
8455-210777-0040,1188,0,-0.0025,0.6765
8455-210777-0040,1320,0,0.0732,0.6791
8455-210777-0040,2300,0,0.0321,0.725
8455-210777-0040,260,0,0.0765,0.7549
8455-210777-0040,2830,0,0.0075,0.6038
8455-210777-0040,4077,0,0.1015,0.7259
8455-210777-0040,5105,0,0.1158,0.6991
8455-210777-0040,5639,0,0.0801,0.6342
8455-210777-0040,61,0,0.0319,0.7518
8455-210777-0040,672,0,0.0285,0.6833
8455-210777-0040,6930,0,0.0997,0.6175
8455-210777-0040,7021,0,-0.0282,0.7184
8455-210777-0040,7127,0,0.099,0.62
8455-210777-0040,7176,0,0.0555,0.7137
8455-210777-0040,7729,0,-0.0103,0.7803
8455-210777-0040,8224,0,0.0669,0.6024
8455-210777-0040,8230,0,-0.0988,0.575
8455-210777-0040,8455,1,0.14,0.6621
8455-210777-0040,908,0,0.0957,0.7607
8455-210777-0041,1089,0,-0.0218,0.686
8455-210777-0041,1188,0,-0.0342,0.72
8455-210777-0041,1320,0,0.113,0.7499
8455-210777-0041,2300,0,0.0776,0.7828
8455-210777-0041,260,0,0.1285,0.8059
8455-210777-0041,2830,0,-0.003,0.6391
8455-210777-0041,4077,0,0.1868,0.7922
8455-210777-0041,5105,0,0.0781,0.7782
8455-210777-0041,5639,0,0.0002,0.674
8455-210777-0041,61,0,0.0556,0.7937
8455-210777-0041,672,0,0.066,0.7464
8455-210777-0041,6930,0,0.1854,0.6682
8455-210777-0041,7021,0,0.0192,0.8023
8455-210777-0041,7127,0,0.0515,0.6926
8455-210777-0041,7176,0,0.072,0.7626
8455-210777-0041,7729,0,0.0368,0.8253
8455-210777-0041,8224,0,0.0695,0.6297
8455-210777-0041,8230,0,-0.1078,0.6283
8455-210777-0041,8455,1,0.1621,0.7202
8455-210777-0041,908,0,0.1752,0.8202
8455-210777-0046,1089,0,0.015,0.6494
8455-210777-0046,1188,0,-0.0304,0.7143
8455-210777-0046,1320,0,0.1304,0.7157
8455-210777-0046,2300,0,0.0731,0.7106
8455-210777-0046,260,0,0.1466,0.8276
8455-210777-0046,2830,0,-0.0237,0.6393
8455-210777-0046,4077,0,0.1705,0.7735
8455-210777-0046,5105,0,0.1037,0.7292
8455-210777-0046,5639,0,0.033,0.6725
8455-210777-0046,61,0,0.0791,0.8004
8455-210777-0046,672,0,0.0822,0.7381
8455-210777-0046,6930,0,0.1419,0.6911
8455-210777-0046,7021,0,0.0366,0.7307
8455-210777-0046,7127,0,0.0985,0.6411
8455-210777-0046,7176,0,0.1454,0.78
8455-210777-0046,7729,0,-0.0119,0.7795
8455-210777-0046,8224,0,0.1334,0.6356
8455-210777-0046,8230,0,-0.0411,0.6291
8455-210777-0046,8455,1,0.2017,0.7288
8455-210777-0046,908,0,0.162,0.7955
8455-210777-0056,1089,0,0.0632,0.7375
8455-210777-0056,1188,0,-0.0838,0.7807
8455-210777-0056,1320,0,0.165,0.8031
8455-210777-0056,2300,0,0.046,0.7828
8455-210777-0056,260,0,0.1759,0.8749
8455-210777-0056,2830,0,-0.0424,0.7083
8455-210777-0056,4077,0,0.2045,0.8218
8455-210777-0056,5105,0,0.1273,0.8483
8455-210777-0056,5639,0,0.0102,0.7413
8455-210777-0056,61,0,0.076,0.863
8455-210777-0056,672,0,0.0718,0.8221
8455-210777-0056,6930,0,0.2196,0.7693
8455-210777-0056,7021,0,0.0978,0.8472
8455-210777-0056,7127,0,0.0174,0.7216
8455-210777-0056,7176,0,0.1611,0.8311
8455-210777-0056,7729,0,0.0113,0.8384
8455-210777-0056,8224,0,0.0355,0.7307
8455-210777-0056,8230,0,-0.0711,0.7026
8455-210777-0056,8455,1,0.1594,0.7847
8455-210777-0056,908,0,0.1998,0.8716
8463-287645-0002,121,0,0.0552,0.7641
8463-287645-0002,1221,0,0.0019,0.8625
8463-287645-0002,1284,0,-0.0385,0.7374
8463-287645-0002,1580,0,-0.0837,0.7863
8463-287645-0002,1995,0,-0.0092,0.7405
8463-287645-0002,2094,0,0.0881,0.8306
8463-287645-0002,237,0,-0.0585,0.8018
8463-287645-0002,2961,0,0.0203,0.6661
8463-287645-0002,3570,0,-0.0498,0.7465
8463-287645-0002,3575,0,0.0359,0.8341
8463-287645-0002,3729,0,-0.1206,0.827
8463-287645-0002,4446,0,0.0329,0.7997
8463-287645-0002,4507,0,-0.2021,0.8541
8463-287645-0002,4970,0,0.0909,0.8786
8463-287645-0002,4992,0,0.02,0.8487
8463-287645-0002,5142,0,0.0741,0.8336
8463-287645-0002,5683,0,-0.1382,0.8274
8463-287645-0002,6829,0,0.1304,0.8718
8463-287645-0002,8463,1,0.3359,0.8517
8463-287645-0002,8555,0,0.0575,0.8459
8463-287645-0003,121,0,0.0898,0.7775
8463-287645-0003,1221,0,0.0254,0.8548
8463-287645-0003,1284,0,-0.016,0.7362
8463-287645-0003,1580,0,-0.0969,0.7331
8463-287645-0003,1995,0,0.0083,0.7854
8463-287645-0003,2094,0,0.0218,0.8537
8463-287645-0003,237,0,-0.0518,0.7956
8463-287645-0003,2961,0,0.0299,0.6997
8463-287645-0003,3570,0,-0.0359,0.7257
8463-287645-0003,3575,0,0.096,0.7653
8463-287645-0003,3729,0,-0.0705,0.849
8463-287645-0003,4446,0,-0.0057,0.8123
8463-287645-0003,4507,0,-0.1774,0.8374
8463-287645-0003,4970,0,0.034,0.822
8463-287645-0003,4992,0,0.038,0.8763
8463-287645-0003,5142,0,0.03,0.8491
8463-287645-0003,5683,0,-0.0758,0.7709
8463-287645-0003,6829,0,0.1312,0.8938
8463-287645-0003,8463,1,0.3556,0.8904
8463-287645-0003,8555,0,0.0817,0.8032
8463-294825-0010,121,0,0.1033,0.805
8463-294825-0010,1221,0,0.0477,0.8734
8463-294825-0010,1284,0,-0.0816,0.7857
8463-294825-0010,1580,0,-0.0332,0.7698
8463-294825-0010,1995,0,-0.0979,0.8403
8463-294825-0010,2094,0,0.0855,0.8851
8463-294825-0010,237,0,-0.0236,0.8483
8463-294825-0010,2961,0,0.1507,0.7028
8463-294825-0010,3570,0,-0.0011,0.7208
8463-294825-0010,3575,0,0.0315,0.7052
8463-294825-0010,3729,0,-0.0464,0.8587
8463-294825-0010,4446,0,0.0114,0.8583
8463-294825-0010,4507,0,-0.0538,0.8148
8463-294825-0010,4970,0,-0.0068,0.7529
8463-294825-0010,4992,0,0.0491,0.9162
8463-294825-0010,5142,0,0.0458,0.839
8463-294825-0010,5683,0,-0.0915,0.7515
8463-294825-0010,6829,0,0.0726,0.8645
8463-294825-0010,8463,1,0.3858,0.9298
8463-294825-0010,8555,0,-0.053,0.7735
8463-294825-0016,121,0,0.0911,0.8232
8463-294825-0016,1221,0,-0.0356,0.8532
8463-294825-0016,1284,0,-0.1575,0.7219
8463-294825-0016,1580,0,-0.0077,0.7574
8463-294825-0016,1995,0,-0.1071,0.7506
8463-294825-0016,2094,0,0.0867,0.845
8463-294825-0016,237,0,-0.1312,0.8005
8463-294825-0016,2961,0,0.1399,0.7374
8463-294825-0016,3570,0,-0.0036,0.7809
8463-294825-0016,3575,0,-0.0335,0.7788
8463-294825-0016,3729,0,-0.1441,0.8822
8463-294825-0016,4446,0,0.0165,0.8113
8463-294825-0016,4507,0,-0.1245,0.8697
8463-294825-0016,4970,0,0.0133,0.8132
8463-294825-0016,4992,0,-0.0017,0.8664
8463-294825-0016,5142,0,0.0943,0.8179
8463-294825-0016,5683,0,-0.1644,0.7827
8463-294825-0016,6829,0,0.0189,0.8791
8463-294825-0016,8463,1,0.3131,0.885
8463-294825-0016,8555,0,-0.0008,0.785
8463-294828-0002,121,0,0.0838,0.7766
8463-294828-0002,1221,0,-0.0421,0.8559
8463-294828-0002,1284,0,-0.0791,0.7418
8463-294828-0002,1580,0,-0.0619,0.7255
8463-294828-0002,1995,0,-0.0338,0.7688
8463-294828-0002,2094,0,0.0941,0.8558
8463-294828-0002,237,0,0.0023,0.7849
8463-294828-0002,2961,0,0.1509,0.6703
8463-294828-0002,3570,0,0.017,0.6953
8463-294828-0002,3575,0,0.1299,0.7303
8463-294828-0002,3729,0,-0.1563,0.8571
8463-294828-0002,4446,0,-0.0611,0.8229
8463-294828-0002,4507,0,-0.1873,0.8233
8463-294828-0002,4970,0,0.0167,0.7963
8463-294828-0002,4992,0,-0.0174,0.8798
8463-294828-0002,5142,0,0.0039,0.8448
8463-294828-0002,5683,0,-0.0891,0.7537
8463-294828-0002,6829,0,0.0223,0.8848
8463-294828-0002,8463,1,0.3452,0.9069
8463-294828-0002,8555,0,-0.0354,0.7669
8463-294828-0010,121,0,0.0765,0.8051
8463-294828-0010,1221,0,0.0053,0.8715
8463-294828-0010,1284,0,-0.0452,0.756
8463-294828-0010,1580,0,-0.0545,0.7742
8463-294828-0010,1995,0,-0.131,0.7781
8463-294828-0010,2094,0,0.089,0.8702
8463-294828-0010,237,0,0.0794,0.8335
8463-294828-0010,2961,0,0.1448,0.6912
8463-294828-0010,3570,0,-0.0261,0.7322
8463-294828-0010,3575,0,0.1289,0.7571
8463-294828-0010,3729,0,-0.1046,0.8754
8463-294828-0010,4446,0,-0.0033,0.8446
8463-294828-0010,4507,0,-0.209,0.8453
8463-294828-0010,4970,0,0.062,0.8014
8463-294828-0010,4992,0,0.0875,0.8962
8463-294828-0010,5142,0,0.0538,0.8361
8463-294828-0010,5683,0,-0.1281,0.7891
8463-294828-0010,6829,0,0.0942,0.883
8463-294828-0010,8463,1,0.3911,0.9157
8463-294828-0010,8555,0,-0.0358,0.7838
8463-294828-0012,121,0,0.1621,0.7801
8463-294828-0012,1221,0,0.0338,0.8055
8463-294828-0012,1284,0,-0.0609,0.7065
8463-294828-0012,1580,0,-0.0708,0.6846
8463-294828-0012,1995,0,-0.0577,0.7887
8463-294828-0012,2094,0,-0.037,0.8416
8463-294828-0012,237,0,0.0115,0.7754
8463-294828-0012,2961,0,0.1604,0.7005
8463-294828-0012,3570,0,-0.0389,0.7073
8463-294828-0012,3575,0,0.0813,0.7265
8463-294828-0012,3729,0,-0.1263,0.8225
8463-294828-0012,4446,0,-0.0011,0.7752
8463-294828-0012,4507,0,-0.1866,0.7738
8463-294828-0012,4970,0,0.0588,0.75
8463-294828-0012,4992,0,0.0671,0.8535
8463-294828-0012,5142,0,-0.0347,0.784
8463-294828-0012,5683,0,-0.0502,0.706
8463-294828-0012,6829,0,0.0892,0.8357
8463-294828-0012,8463,1,0.3474,0.8946
8463-294828-0012,8555,0,-0.0452,0.7263
8463-294828-0014,121,0,0.0829,0.8264
8463-294828-0014,1221,0,-0.0307,0.8643
8463-294828-0014,1284,0,-0.1001,0.7856
8463-294828-0014,1580,0,-0.0785,0.785
8463-294828-0014,1995,0,-0.0582,0.8138
8463-294828-0014,2094,0,0.0861,0.8778
8463-294828-0014,237,0,0.003,0.8403
8463-294828-0014,2961,0,0.1703,0.7258
8463-294828-0014,3570,0,-0.0002,0.7531
8463-294828-0014,3575,0,0.0603,0.7281
8463-294828-0014,3729,0,-0.1043,0.8748
8463-294828-0014,4446,0,-0.0504,0.8601
8463-294828-0014,4507,0,-0.1204,0.8279
8463-294828-0014,4970,0,0.0801,0.7618
8463-294828-0014,4992,0,-0.0159,0.9019
8463-294828-0014,5142,0,0.0547,0.8214
8463-294828-0014,5683,0,-0.1578,0.7733
8463-294828-0014,6829,0,0.1308,0.8566
8463-294828-0014,8463,1,0.3226,0.9157
8463-294828-0014,8555,0,0.0073,0.7705
8463-294828-0031,121,0,0.1232,0.7944
8463-294828-0031,1221,0,-0.001,0.8359
8463-294828-0031,1284,0,-0.0899,0.7299
8463-294828-0031,1580,0,-0.0755,0.7303
8463-294828-0031,1995,0,-0.092,0.7577
8463-294828-0031,2094,0,0.016,0.8429
8463-294828-0031,237,0,-0.0478,0.7877
8463-294828-0031,2961,0,0.1046,0.7149
8463-294828-0031,3570,0,-0.0172,0.7369
8463-294828-0031,3575,0,0.0441,0.7426
8463-294828-0031,3729,0,-0.1094,0.8509
8463-294828-0031,4446,0,-0.0772,0.8058
8463-294828-0031,4507,0,-0.1167,0.8251
8463-294828-0031,4970,0,0.0117,0.7855
8463-294828-0031,4992,0,-0.0159,0.8576
8463-294828-0031,5142,0,-0.0003,0.8001
8463-294828-0031,5683,0,-0.0963,0.7405
8463-294828-0031,6829,0,0.0734,0.8647
8463-294828-0031,8463,1,0.3442,0.8907
8463-294828-0031,8555,0,-0.0348,0.743
8463-294828-0036,121,0,0.1018,0.7733
8463-294828-0036,1221,0,-0.0609,0.8544
8463-294828-0036,1284,0,-0.1631,0.7164
8463-294828-0036,1580,0,-0.0448,0.7633
8463-294828-0036,1995,0,-0.1238,0.7388
8463-294828-0036,2094,0,-0.0341,0.8281
8463-294828-0036,237,0,-0.0057,0.8128
8463-294828-0036,2961,0,0.0737,0.6589
8463-294828-0036,3570,0,-0.0973,0.7495
8463-294828-0036,3575,0,0.0488,0.8022
8463-294828-0036,3729,0,-0.1167,0.8463
8463-294828-0036,4446,0,-0.1026,0.805
8463-294828-0036,4507,0,-0.1917,0.8507
8463-294828-0036,4970,0,0.0742,0.8475
8463-294828-0036,4992,0,-0.0059,0.8548
8463-294828-0036,5142,0,-0.0105,0.8289
8463-294828-0036,5683,0,-0.1369,0.8072
8463-294828-0036,6829,0,0.1132,0.8594
8463-294828-0036,8463,1,0.2823,0.8546
8463-294828-0036,8555,0,-0.0007,0.8287
8555-284447-0002,121,0,0.0434,0.7136
8555-284447-0002,1221,0,-0.1404,0.7244
8555-284447-0002,1284,0,-0.1079,0.596
8555-284447-0002,1580,0,-0.1582,0.686
8555-284447-0002,1995,0,-0.2646,0.622
8555-284447-0002,2094,0,-0.0464,0.7075
8555-284447-0002,237,0,-0.0626,0.7386
8555-284447-0002,2961,0,0.0432,0.6497
8555-284447-0002,3570,0,-0.1003,0.7965
8555-284447-0002,3575,0,0.0809,0.8563
8555-284447-0002,3729,0,-0.1785,0.7314
8555-284447-0002,4446,0,-0.1521,0.6395
8555-284447-0002,4507,0,-0.2583,0.7841
8555-284447-0002,4970,0,0.0367,0.8122
8555-284447-0002,4992,0,-0.0816,0.6813
8555-284447-0002,5142,0,0.0372,0.6261
8555-284447-0002,5683,0,-0.0874,0.7511
8555-284447-0002,6829,0,0.1521,0.7461
8555-284447-0002,8463,0,-0.0328,0.6603
8555-284447-0002,8555,1,0.1701,0.7151
8555-284447-0014,121,0,0.0837,0.7366
8555-284447-0014,1221,0,0.0404,0.8321
8555-284447-0014,1284,0,-0.0459,0.6836
8555-284447-0014,1580,0,-0.1381,0.723
8555-284447-0014,1995,0,-0.1267,0.6906
8555-284447-0014,2094,0,0.03,0.7924
8555-284447-0014,237,0,0.0124,0.772
8555-284447-0014,2961,0,0.0828,0.6563
8555-284447-0014,3570,0,-0.0087,0.771
8555-284447-0014,3575,0,0.0694,0.8524
8555-284447-0014,3729,0,-0.0674,0.8139
8555-284447-0014,4446,0,-0.0075,0.7464
8555-284447-0014,4507,0,-0.2023,0.8626
8555-284447-0014,4970,0,0.075,0.8809
8555-284447-0014,4992,0,0.0346,0.7868
8555-284447-0014,5142,0,0.1354,0.7811
8555-284447-0014,5683,0,-0.0152,0.8047
8555-284447-0014,6829,0,0.185,0.8728
8555-284447-0014,8463,0,0.0247,0.7585
8555-284447-0014,8555,1,0.3114,0.8057
8555-284447-0017,121,0,0.094,0.7457
8555-284447-0017,1221,0,-0.069,0.8462
8555-284447-0017,1284,0,-0.0489,0.7136
8555-284447-0017,1580,0,-0.1206,0.762
8555-284447-0017,1995,0,-0.1663,0.7208
8555-284447-0017,2094,0,0.1023,0.8072
8555-284447-0017,237,0,-0.0105,0.8239
8555-284447-0017,2961,0,0.0832,0.646
8555-284447-0017,3570,0,-0.0241,0.7716
8555-284447-0017,3575,0,0.167,0.8523
8555-284447-0017,3729,0,-0.1019,0.8217
8555-284447-0017,4446,0,-0.0941,0.7749
8555-284447-0017,4507,0,-0.1712,0.8652
8555-284447-0017,4970,0,0.0614,0.8921
8555-284447-0017,4992,0,-0.043,0.8113
8555-284447-0017,5142,0,0.031,0.8051
8555-284447-0017,5683,0,-0.043,0.837
8555-284447-0017,6829,0,0.2264,0.8648
8555-284447-0017,8463,0,-0.0437,0.7863
8555-284447-0017,8555,1,0.3179,0.8383
8555-284447-0024,121,0,0.1513,0.8102
8555-284447-0024,1221,0,0.021,0.9159
8555-284447-0024,1284,0,-0.0442,0.7863
8555-284447-0024,1580,0,-0.0715,0.826
8555-284447-0024,1995,0,-0.0953,0.7733
8555-284447-0024,2094,0,0.1414,0.8885
8555-284447-0024,237,0,-0.0438,0.8927
8555-284447-0024,2961,0,0.0682,0.6956
8555-284447-0024,3570,0,-0.0425,0.7951
8555-284447-0024,3575,0,0.0558,0.8427
8555-284447-0024,3729,0,-0.0447,0.8959
8555-284447-0024,4446,0,-0.0666,0.8548
8555-284447-0024,4507,0,-0.0511,0.9115
8555-284447-0024,4970,0,-0.012,0.8643
8555-284447-0024,4992,0,0.0131,0.8773
8555-284447-0024,5142,0,0.0034,0.8276
8555-284447-0024,5683,0,0.059,0.879
8555-284447-0024,6829,0,0.2112,0.9254
8555-284447-0024,8463,0,0.0372,0.8306
8555-284447-0024,8555,1,0.2171,0.8218
8555-284449-0004,121,0,0.1138,0.7005
8555-284449-0004,1221,0,-0.026,0.7844
8555-284449-0004,1284,0,-0.0463,0.6471
8555-284449-0004,1580,0,-0.1083,0.6933
8555-284449-0004,1995,0,-0.1571,0.6193
8555-284449-0004,2094,0,0.0083,0.748
8555-284449-0004,237,0,0.0321,0.7488
8555-284449-0004,2961,0,0.0721,0.6285
8555-284449-0004,3570,0,-0.0337,0.7538
8555-284449-0004,3575,0,0.118,0.8405
8555-284449-0004,3729,0,-0.1944,0.7787
8555-284449-0004,4446,0,-0.0838,0.7025
8555-284449-0004,4507,0,-0.2286,0.8289
8555-284449-0004,4970,0,0.0464,0.8762
8555-284449-0004,4992,0,0.0255,0.7294
8555-284449-0004,5142,0,0.073,0.7317
8555-284449-0004,5683,0,-0.0267,0.781
8555-284449-0004,6829,0,0.2057,0.8378
8555-284449-0004,8463,0,0.0426,0.7197
8555-284449-0004,8555,1,0.2218,0.7538
8555-284449-0019,121,0,0.1438,0.6594
8555-284449-0019,1221,0,0.0492,0.8278
8555-284449-0019,1284,0,-0.0406,0.6597
8555-284449-0019,1580,0,-0.0988,0.6894
8555-284449-0019,1995,0,-0.1368,0.634
8555-284449-0019,2094,0,0.0798,0.7275
8555-284449-0019,237,0,-0.0351,0.7351
8555-284449-0019,2961,0,0.0383,0.5503
8555-284449-0019,3570,0,0.0522,0.6726
8555-284449-0019,3575,0,0.086,0.8008
8555-284449-0019,3729,0,-0.0808,0.776
8555-284449-0019,4446,0,-0.0038,0.7298
8555-284449-0019,4507,0,-0.1469,0.8402
8555-284449-0019,4970,0,-0.033,0.9107
8555-284449-0019,4992,0,0.0298,0.7618
8555-284449-0019,5142,0,0.0559,0.8376
8555-284449-0019,5683,0,-0.0223,0.8069
8555-284449-0019,6829,0,0.1823,0.8395
8555-284449-0019,8463,0,-0.0396,0.7458
8555-284449-0019,8555,1,0.3006,0.855
8555-284449-0020,121,0,0.0386,0.7078
8555-284449-0020,1221,0,-0.068,0.8581
8555-284449-0020,1284,0,-0.057,0.7013
8555-284449-0020,1580,0,-0.1033,0.7383
8555-284449-0020,1995,0,-0.1927,0.6761
8555-284449-0020,2094,0,-0.0029,0.7908
8555-284449-0020,237,0,-0.0361,0.794
8555-284449-0020,2961,0,0.0597,0.5939
8555-284449-0020,3570,0,-0.0429,0.7151
8555-284449-0020,3575,0,0.0657,0.8001
8555-284449-0020,3729,0,-0.153,0.8292
8555-284449-0020,4446,0,0.0076,0.784
8555-284449-0020,4507,0,-0.2447,0.8684
8555-284449-0020,4970,0,0.0867,0.8882
8555-284449-0020,4992,0,0.0269,0.8131
8555-284449-0020,5142,0,0.0367,0.8434
8555-284449-0020,5683,0,-0.1421,0.8284
8555-284449-0020,6829,0,0.2486,0.8829
8555-284449-0020,8463,0,-0.0306,0.7809
8555-284449-0020,8555,1,0.2196,0.8393
8555-292519-0005,121,0,0.0955,0.8021
8555-292519-0005,1221,0,0.0042,0.9224
8555-292519-0005,1284,0,-0.0371,0.7827
8555-292519-0005,1580,0,-0.0403,0.8336
8555-292519-0005,1995,0,-0.1429,0.806
8555-292519-0005,2094,0,0.0664,0.8432
8555-292519-0005,237,0,-0.0726,0.8904
8555-292519-0005,2961,0,-0.0509,0.6878
8555-292519-0005,3570,0,-0.0075,0.7952
8555-292519-0005,3575,0,-0.0337,0.8339
8555-292519-0005,3729,0,-0.1529,0.8763
8555-292519-0005,4446,0,0.0145,0.8545
8555-292519-0005,4507,0,-0.0961,0.9134
8555-292519-0005,4970,0,0.0726,0.9
8555-292519-0005,4992,0,0.0424,0.8941
8555-292519-0005,5142,0,0.0161,0.896
8555-292519-0005,5683,0,-0.0637,0.8832
8555-292519-0005,6829,0,0.2306,0.8892
8555-292519-0005,8463,0,0.0199,0.8781
8555-292519-0005,8555,1,0.277,0.9248
8555-292519-0007,121,0,0.0213,0.7686
8555-292519-0007,1221,0,-0.0242,0.882
8555-292519-0007,1284,0,-0.0202,0.7505
8555-292519-0007,1580,0,-0.1022,0.798
8555-292519-0007,1995,0,-0.1161,0.723
8555-292519-0007,2094,0,0.1162,0.8254
8555-292519-0007,237,0,0.0009,0.8568
8555-292519-0007,2961,0,-0.1169,0.6769
8555-292519-0007,3570,0,-0.0718,0.7983
8555-292519-0007,3575,0,-0.0183,0.8123
8555-292519-0007,3729,0,-0.1993,0.8654
8555-292519-0007,4446,0,-0.0342,0.8185
8555-292519-0007,4507,0,-0.156,0.8924
8555-292519-0007,4970,0,0.0178,0.8635
8555-292519-0007,4992,0,-0.0033,0.8414
8555-292519-0007,5142,0,-0.0059,0.824
8555-292519-0007,5683,0,0.01,0.8479
8555-292519-0007,6829,0,0.2636,0.8952
8555-292519-0007,8463,0,0.0161,0.8102
8555-292519-0007,8555,1,0.2764,0.8266
8555-292519-0013,121,0,0.0374,0.8015
8555-292519-0013,1221,0,0.0149,0.8991
8555-292519-0013,1284,0,-0.0298,0.8035
8555-292519-0013,1580,0,-0.0904,0.7898
8555-292519-0013,1995,0,-0.2068,0.8812
8555-292519-0013,2094,0,0.1111,0.8655
8555-292519-0013,237,0,0.0447,0.8824
8555-292519-0013,2961,0,-0.0399,0.7234
8555-292519-0013,3570,0,-0.0711,0.7424
8555-292519-0013,3575,0,-0.02,0.6964
8555-292519-0013,3729,0,-0.1333,0.8702
8555-292519-0013,4446,0,0.0238,0.8722
8555-292519-0013,4507,0,-0.06,0.852
8555-292519-0013,4970,0,0.0675,0.7798
8555-292519-0013,4992,0,-0.0124,0.9347
8555-292519-0013,5142,0,0.1805,0.9038
8555-292519-0013,5683,0,0.0376,0.7926
8555-292519-0013,6829,0,0.2026,0.8775
8555-292519-0013,8463,0,-0.0164,0.9343
8555-292519-0013,8555,1,0.3332,0.8583
908-157963-0009,1089,0,0.0142,0.6841
908-157963-0009,1188,0,0.0261,0.7173
908-157963-0009,1320,0,0.0561,0.6252
908-157963-0009,2300,0,0.0836,0.5777
908-157963-0009,260,0,0.0491,0.763
908-157963-0009,2830,0,-0.0386,0.6475
908-157963-0009,4077,0,0.177,0.7383
908-157963-0009,5105,0,0.0392,0.692
908-157963-0009,5639,0,-0.0664,0.7576
908-157963-0009,61,0,0.1231,0.8286
908-157963-0009,672,0,0.0374,0.7283
908-157963-0009,6930,0,0.0494,0.558
908-157963-0009,7021,0,0.1093,0.6944
908-157963-0009,7127,0,0.064,0.5994
908-157963-0009,7176,0,0.1137,0.7734
908-157963-0009,7729,0,0.0318,0.8697
908-157963-0009,8224,0,0.0464,0.6135
908-157963-0009,8230,0,-0.0411,0.6923
908-157963-0009,8455,0,0.1457,0.5588
908-157963-0009,908,1,0.2552,0.8306
908-157963-0010,1089,0,-0.0132,0.6312
908-157963-0010,1188,0,0.0362,0.6777
908-157963-0010,1320,0,0.0219,0.5924
908-157963-0010,2300,0,0.0014,0.5904
908-157963-0010,260,0,0.0937,0.7406
908-157963-0010,2830,0,0.0042,0.6298
908-157963-0010,4077,0,0.0427,0.6767
908-157963-0010,5105,0,-0.001,0.6533
908-157963-0010,5639,0,-0.1478,0.6856
908-157963-0010,61,0,-0.0074,0.8133
908-157963-0010,672,0,0.0046,0.6784
908-157963-0010,6930,0,0.1367,0.551
908-157963-0010,7021,0,0.0476,0.6731
908-157963-0010,7127,0,0.0812,0.5506
908-157963-0010,7176,0,0.1054,0.7509
908-157963-0010,7729,0,0.0564,0.8104
908-157963-0010,8224,0,0.0516,0.5738
908-157963-0010,8230,0,-0.0975,0.6618
908-157963-0010,8455,0,0.0503,0.5304
908-157963-0010,908,1,0.2822,0.79
908-157963-0011,1089,0,-0.0709,0.6485
908-157963-0011,1188,0,0.0091,0.7017
908-157963-0011,1320,0,0.0478,0.6338
908-157963-0011,2300,0,0.0627,0.6097
908-157963-0011,260,0,0.0736,0.7468
908-157963-0011,2830,0,-0.0248,0.6682
908-157963-0011,4077,0,0.0398,0.6731
908-157963-0011,5105,0,0.008,0.6969
908-157963-0011,5639,0,-0.1549,0.6836
908-157963-0011,61,0,0.139,0.8221
908-157963-0011,672,0,0.0215,0.6897
908-157963-0011,6930,0,0.1128,0.575
908-157963-0011,7021,0,0.0448,0.7059
908-157963-0011,7127,0,0.0593,0.5902
908-157963-0011,7176,0,0.1736,0.7648
908-157963-0011,7729,0,0.0934,0.816
908-157963-0011,8224,0,0.0199,0.5874
908-157963-0011,8230,0,-0.1159,0.6839
908-157963-0011,8455,0,-0.0022,0.5493
908-157963-0011,908,1,0.2466,0.7968
908-157963-0015,1089,0,-0.0145,0.6237
908-157963-0015,1188,0,0.0479,0.6878
908-157963-0015,1320,0,-0.0199,0.5854
908-157963-0015,2300,0,0.0116,0.5537
908-157963-0015,260,0,0.0194,0.7337
908-157963-0015,2830,0,-0.0399,0.6588
908-157963-0015,4077,0,0.0803,0.6438
908-157963-0015,5105,0,-0.004,0.649
908-157963-0015,5639,0,-0.1032,0.6761
908-157963-0015,61,0,0.0308,0.8034
908-157963-0015,672,0,0.0333,0.6612
908-157963-0015,6930,0,0.0654,0.5489
908-157963-0015,7021,0,0.0536,0.6622
908-157963-0015,7127,0,0.0691,0.5502
908-157963-0015,7176,0,0.1091,0.756
908-157963-0015,7729,0,0.0598,0.79
908-157963-0015,8224,0,-0.0207,0.5561
908-157963-0015,8230,0,-0.0203,0.6782
908-157963-0015,8455,0,0.0338,0.511
908-157963-0015,908,1,0.2116,0.7717
908-157963-0016,1089,0,-0.0774,0.6969
908-157963-0016,1188,0,0.0176,0.7229
908-157963-0016,1320,0,-0.0411,0.6524
908-157963-0016,2300,0,0.0468,0.5919
908-157963-0016,260,0,-0.0223,0.8016
908-157963-0016,2830,0,-0.0353,0.6817
908-157963-0016,4077,0,-0.0071,0.704
908-157963-0016,5105,0,-0.0693,0.7177
908-157963-0016,5639,0,-0.1103,0.7442
908-157963-0016,61,0,-0.0339,0.8634
908-157963-0016,672,0,0.0201,0.7468
908-157963-0016,6930,0,0.0514,0.6498
908-157963-0016,7021,0,0.0167,0.726
908-157963-0016,7127,0,0.0759,0.5813
908-157963-0016,7176,0,0.079,0.8064
908-157963-0016,7729,0,0.0445,0.8409
908-157963-0016,8224,0,0.0055,0.6347
908-157963-0016,8230,0,-0.1496,0.7253
908-157963-0016,8455,0,0.0603,0.5895
908-157963-0016,908,1,0.2409,0.8685
908-157963-0023,1089,0,-0.0445,0.6347
908-157963-0023,1188,0,0.0025,0.6845
908-157963-0023,1320,0,0.0066,0.5955
908-157963-0023,2300,0,-0.0191,0.5821
908-157963-0023,260,0,-0.0032,0.7321
908-157963-0023,2830,0,-0.0208,0.6381
908-157963-0023,4077,0,0.0505,0.6747
908-157963-0023,5105,0,0.0265,0.6565
908-157963-0023,5639,0,-0.1552,0.6948
908-157963-0023,61,0,0.0549,0.7977
908-157963-0023,672,0,-0.0106,0.6718
908-157963-0023,6930,0,0.0415,0.5494
908-157963-0023,7021,0,0.0423,0.6735
908-157963-0023,7127,0,0.0767,0.5647
908-157963-0023,7176,0,0.1165,0.7446
908-157963-0023,7729,0,0.0647,0.82
908-157963-0023,8224,0,0.0226,0.5741
908-157963-0023,8230,0,-0.1092,0.6587
908-157963-0023,8455,0,0.0117,0.525
908-157963-0023,908,1,0.2196,0.789
908-157963-0025,1089,0,-0.0869,0.6571
908-157963-0025,1188,0,0.0006,0.6766
908-157963-0025,1320,0,0.0231,0.5974
908-157963-0025,2300,0,0.0219,0.5926
908-157963-0025,260,0,0.1608,0.7185
908-157963-0025,2830,0,-0.0387,0.6222
908-157963-0025,4077,0,0.0665,0.6655
908-157963-0025,5105,0,-0.0077,0.6569
908-157963-0025,5639,0,-0.1057,0.6971
908-157963-0025,61,0,0.0693,0.79
908-157963-0025,672,0,0.0205,0.6901
908-157963-0025,6930,0,0.1279,0.5389
908-157963-0025,7021,0,0.054,0.687
908-157963-0025,7127,0,0.073,0.557
908-157963-0025,7176,0,0.1256,0.7231
908-157963-0025,7729,0,0.0762,0.8153
908-157963-0025,8224,0,0.0041,0.5736
908-157963-0025,8230,0,-0.1249,0.6635
908-157963-0025,8455,0,0.0195,0.5226
908-157963-0025,908,1,0.2439,0.8028
908-31957-0005,1089,0,-0.0725,0.6691
908-31957-0005,1188,0,-0.0163,0.7399
908-31957-0005,1320,0,-0.0103,0.6304
908-31957-0005,2300,0,0.0723,0.572
908-31957-0005,260,0,-0.0067,0.7752
908-31957-0005,2830,0,0.0059,0.7135
908-31957-0005,4077,0,0.0182,0.6515
908-31957-0005,5105,0,-0.104,0.6945
908-31957-0005,5639,0,-0.083,0.6863
908-31957-0005,61,0,0.119,0.8411
908-31957-0005,672,0,0.0061,0.7059
908-31957-0005,6930,0,0.0035,0.5975
908-31957-0005,7021,0,-0.0463,0.6988
908-31957-0005,7127,0,0.0121,0.5795
908-31957-0005,7176,0,0.0886,0.7934
908-31957-0005,7729,0,0.0327,0.803
908-31957-0005,8224,0,0.0066,0.5733
908-31957-0005,8230,0,-0.0256,0.7288
908-31957-0005,8455,0,-0.0111,0.5525
908-31957-0005,908,1,0.1991,0.8042
908-31957-0022,1089,0,-0.096,0.6623
908-31957-0022,1188,0,-0.0635,0.7045
908-31957-0022,1320,0,0.0255,0.62
908-31957-0022,2300,0,-0.006,0.556
908-31957-0022,260,0,0.0812,0.7644
908-31957-0022,2830,0,-0.0401,0.6634
908-31957-0022,4077,0,-0.0286,0.6718
908-31957-0022,5105,0,0.0097,0.6956
908-31957-0022,5639,0,-0.0747,0.7479
908-31957-0022,61,0,0.0663,0.8156
908-31957-0022,672,0,0.0617,0.7315
908-31957-0022,6930,0,0.1168,0.5938
908-31957-0022,7021,0,0.0224,0.6985
908-31957-0022,7127,0,-0.013,0.5634
908-31957-0022,7176,0,0.1176,0.7657
908-31957-0022,7729,0,0.0341,0.7997
908-31957-0022,8224,0,0.0297,0.6469
908-31957-0022,8230,0,-0.0976,0.6917
908-31957-0022,8455,0,-0.064,0.5432
908-31957-0022,908,1,0.3631,0.8285
908-31957-0024,1089,0,-0.1069,0.6184
908-31957-0024,1188,0,-0.056,0.672
908-31957-0024,1320,0,-0.0087,0.5812
908-31957-0024,2300,0,0.0229,0.5213
908-31957-0024,260,0,0.0635,0.748
908-31957-0024,2830,0,-0.0181,0.6226
908-31957-0024,4077,0,0.0081,0.6232
908-31957-0024,5105,0,-0.0267,0.631
908-31957-0024,5639,0,-0.0436,0.6942
908-31957-0024,61,0,0.0202,0.7767
908-31957-0024,672,0,0.0287,0.7032
908-31957-0024,6930,0,0.0436,0.5884
908-31957-0024,7021,0,-0.0517,0.6424
908-31957-0024,7127,0,0.035,0.4976
908-31957-0024,7176,0,0.0745,0.7368
908-31957-0024,7729,0,0.0027,0.7222
908-31957-0024,8224,0,0.0197,0.619
908-31957-0024,8230,0,-0.1056,0.6558
908-31957-0024,8455,0,0.0182,0.5457
908-31957-0024,908,1,0.217,0.7912
