trial,model_spk,target,ecapa,wavlm
1089-134686-0006,1089,1,0.5211,0.944
1089-134686-0006,1188,0,0.1391,0.8918
1089-134686-0006,1320,0,0.084,0.8353
1089-134686-0006,2300,0,0.0882,0.6844
1089-134686-0006,260,0,0.1727,0.881
1089-134686-0006,2830,0,0.178,0.8047
1089-134686-0006,4077,0,0.0684,0.8562
1089-134686-0006,5105,0,0.22,0.8683
1089-134686-0006,5639,0,0.3376,0.8946
1089-134686-0006,61,0,0.1655,0.8886
1089-134686-0006,672,0,0.1853,0.9391
1089-134686-0006,6930,0,0.0338,0.7576
1089-134686-0006,7021,0,0.1075,0.8443
1089-134686-0006,7127,0,0.239,0.8037
1089-134686-0006,7176,0,0.2422,0.8734
1089-134686-0006,7729,0,0.1249,0.9216
1089-134686-0006,8224,0,0.0637,0.7722
1089-134686-0006,8230,0,0.2126,0.9014
1089-134686-0006,8455,0,0.0458,0.7784
1089-134686-0006,908,0,0.0962,0.9251
1089-134686-0007,1089,1,0.5602,0.9586
1089-134686-0007,1188,0,0.1412,0.8949
1089-134686-0007,1320,0,0.0719,0.8586
1089-134686-0007,2300,0,-0.0042,0.7141
1089-134686-0007,260,0,0.0867,0.8443
1089-134686-0007,2830,0,0.241,0.8123
1089-134686-0007,4077,0,0.1055,0.8409
1089-134686-0007,5105,0,0.1738,0.8894
1089-134686-0007,5639,0,0.3531,0.8666
1089-134686-0007,61,0,0.1614,0.8498
1089-134686-0007,672,0,0.1471,0.9226
1089-134686-0007,6930,0,0.0416,0.7331
1089-134686-0007,7021,0,0.1142,0.8759
1089-134686-0007,7127,0,0.2211,0.8472
1089-134686-0007,7176,0,0.2682,0.823
1089-134686-0007,7729,0,0.1605,0.9247
1089-134686-0007,8224,0,0.1279,0.7453
1089-134686-0007,8230,0,0.249,0.8778
1089-134686-0007,8455,0,-0.0709,0.7631
1089-134686-0007,908,0,0.173,0.9136
1089-134686-0010,1089,1,0.3849,0.8862
1089-134686-0010,1188,0,0.16,0.8364
1089-134686-0010,1320,0,0.1866,0.8415
1089-134686-0010,2300,0,0.1225,0.7837
1089-134686-0010,260,0,0.2158,0.8494
1089-134686-0010,2830,0,0.0767,0.7437
1089-134686-0010,4077,0,0.1097,0.7534
1089-134686-0010,5105,0,0.0997,0.8691
1089-134686-0010,5639,0,0.1151,0.7528
1089-134686-0010,61,0,0.2465,0.8417
1089-134686-0010,672,0,0.2213,0.8964
1089-134686-0010,6930,0,0.0987,0.7504
1089-134686-0010,7021,0,0.1113,0.9149
1089-134686-0010,7127,0,0.2035,0.7321
1089-134686-0010,7176,0,0.1691,0.7851
1089-134686-0010,7729,0,0.0855,0.8407
1089-134686-0010,8224,0,0.0488,0.7052
1089-134686-0010,8230,0,0.0212,0.8135
1089-134686-0010,8455,0,0.0147,0.7787
1089-134686-0010,908,0,0.1833,0.9207
1089-134686-0012,1089,1,0.5983,0.9619
1089-134686-0012,1188,0,0.2175,0.9294
1089-134686-0012,1320,0,0.1828,0.886
1089-134686-0012,2300,0,0.0785,0.7101
1089-134686-0012,260,0,0.1739,0.8915
1089-134686-0012,2830,0,0.2018,0.856
1089-134686-0012,4077,0,0.1975,0.8158
1089-134686-0012,5105,0,0.2784,0.9119
1089-134686-0012,5639,0,0.3874,0.8588
1089-134686-0012,61,0,0.233,0.8859
1089-134686-0012,672,0,0.247,0.9462
1089-134686-0012,6930,0,0.0362,0.7981
1089-134686-0012,7021,0,0.227,0.8873
1089-134686-0012,7127,0,0.2366,0.8344
1089-134686-0012,7176,0,0.2509,0.8728
1089-134686-0012,7729,0,0.1926,0.8909
1089-134686-0012,8224,0,0.0769,0.7704
1089-134686-0012,8230,0,0.3234,0.9336
1089-134686-0012,8455,0,0.0678,0.8147
1089-134686-0012,908,0,0.1337,0.9165
1089-134686-0021,1089,1,0.5368,0.9529
1089-134686-0021,1188,0,0.243,0.9135
1089-134686-0021,1320,0,0.2446,0.8897
1089-134686-0021,2300,0,0.0924,0.7525
1089-134686-0021,260,0,0.2378,0.9043
1089-134686-0021,2830,0,0.2384,0.8447
1089-134686-0021,4077,0,0.1916,0.8491
1089-134686-0021,5105,0,0.3287,0.9142
1089-134686-0021,5639,0,0.2397,0.8411
1089-134686-0021,61,0,0.3174,0.9109
1089-134686-0021,672,0,0.227,0.9349
1089-134686-0021,6930,0,0.1269,0.792
1089-134686-0021,7021,0,0.2632,0.9093
1089-134686-0021,7127,0,0.1773,0.8388
1089-134686-0021,7176,0,0.2544,0.8813
1089-134686-0021,7729,0,0.2521,0.9319
1089-134686-0021,8224,0,0.0368,0.7208
1089-134686-0021,8230,0,0.2477,0.9049
1089-134686-0021,8455,0,0.0351,0.809
1089-134686-0021,908,0,0.1481,0.9491
1089-134686-0026,1089,1,0.5777,0.9312
1089-134686-0026,1188,0,0.1546,0.8644
1089-134686-0026,1320,0,0.0953,0.8656
1089-134686-0026,2300,0,-0.0328,0.8017
1089-134686-0026,260,0,0.1595,0.8062
1089-134686-0026,2830,0,0.1538,0.762
1089-134686-0026,4077,0,0.0649,0.7812
1089-134686-0026,5105,0,0.2284,0.8799
1089-134686-0026,5639,0,0.2514,0.7482
1089-134686-0026,61,0,0.1106,0.8103
1089-134686-0026,672,0,0.0771,0.883
1089-134686-0026,6930,0,0.0485,0.6896
1089-134686-0026,7021,0,0.1869,0.9179
1089-134686-0026,7127,0,0.3095,0.8224
1089-134686-0026,7176,0,0.1614,0.7713
1089-134686-0026,7729,0,0.1311,0.876
1089-134686-0026,8224,0,0.0953,0.6757
1089-134686-0026,8230,0,0.2489,0.8233
1089-134686-0026,8455,0,0.0912,0.7672
1089-134686-0026,908,0,0.2358,0.8902
1089-134686-0031,1089,1,0.5579,0.9084
1089-134686-0031,1188,0,0.154,0.8528
1089-134686-0031,1320,0,0.0708,0.786
1089-134686-0031,2300,0,0.0008,0.5947
1089-134686-0031,260,0,0.0986,0.8418
1089-134686-0031,2830,0,0.1868,0.7719
1089-134686-0031,4077,0,0.1217,0.7556
1089-134686-0031,5105,0,0.2197,0.8228
1089-134686-0031,5639,0,0.3918,0.8591
1089-134686-0031,61,0,0.1777,0.8499
1089-134686-0031,672,0,0.232,0.9298
1089-134686-0031,6930,0,-0.0101,0.7577
1089-134686-0031,7021,0,0.0124,0.7947
1089-134686-0031,7127,0,0.2245,0.7089
1089-134686-0031,7176,0,0.2432,0.841
1089-134686-0031,7729,0,0.1527,0.819
1089-134686-0031,8224,0,0.0382,0.8092
1089-134686-0031,8230,0,0.277,0.888
1089-134686-0031,8455,0,-0.0362,0.7364
1089-134686-0031,908,0,0.1437,0.9054
1089-134691-0002,1089,1,0.5023,0.9673
1089-134691-0002,1188,0,0.1159,0.894
1089-134691-0002,1320,0,0.0679,0.9048
1089-134691-0002,2300,0,-0.0639,0.7877
1089-134691-0002,260,0,0.206,0.8841
1089-134691-0002,2830,0,0.109,0.8084
1089-134691-0002,4077,0,0.1603,0.9161
1089-134691-0002,5105,0,0.2123,0.9188
1089-134691-0002,5639,0,0.2623,0.8534
1089-134691-0002,61,0,0.0599,0.8774
1089-134691-0002,672,0,0.1598,0.9378
1089-134691-0002,6930,0,0.0834,0.7714
1089-134691-0002,7021,0,0.0288,0.9075
1089-134691-0002,7127,0,0.2331,0.8956
1089-134691-0002,7176,0,0.1754,0.8558
1089-134691-0002,7729,0,0.0928,0.9418
1089-134691-0002,8224,0,0.0586,0.713
1089-134691-0002,8230,0,0.1249,0.8663
1089-134691-0002,8455,0,0.0966,0.8368
1089-134691-0002,908,0,0.2091,0.9302
1089-134691-0008,1089,1,0.5525,0.9663
1089-134691-0008,1188,0,0.1124,0.9173
1089-134691-0008,1320,0,0.122,0.8757
1089-134691-0008,2300,0,-0.0486,0.7026
1089-134691-0008,260,0,0.3011,0.9187
1089-134691-0008,2830,0,0.1916,0.8529
1089-134691-0008,4077,0,0.1213,0.8439
1089-134691-0008,5105,0,0.2549,0.9038
1089-134691-0008,5639,0,0.2703,0.8657
1089-134691-0008,61,0,0.1768,0.9221
1089-134691-0008,672,0,0.1942,0.9564
1089-134691-0008,6930,0,0.1207,0.8395
1089-134691-0008,7021,0,0.0632,0.8732
1089-134691-0008,7127,0,0.1755,0.8198
1089-134691-0008,7176,0,0.2462,0.9051
1089-134691-0008,7729,0,0.1735,0.8859
1089-134691-0008,8224,0,0.0789,0.776
1089-134691-0008,8230,0,0.1973,0.9479
1089-134691-0008,8455,0,-0.0038,0.8291
1089-134691-0008,908,0,0.1936,0.9323
1089-134691-0022,1089,1,0.5409,0.9784
1089-134691-0022,1188,0,0.135,0.9215
1089-134691-0022,1320,0,0.0652,0.9074
1089-134691-0022,2300,0,-0.049,0.7359
1089-134691-0022,260,0,0.1252,0.8937
1089-134691-0022,2830,0,0.2008,0.8585
1089-134691-0022,4077,0,0.1843,0.8815
1089-134691-0022,5105,0,0.3025,0.9348
1089-134691-0022,5639,0,0.1945,0.8588
1089-134691-0022,61,0,0.2405,0.8909
1089-134691-0022,672,0,0.0505,0.9406
1089-134691-0022,6930,0,0.0668,0.8023
1089-134691-0022,7021,0,0.1027,0.8985
1089-134691-0022,7127,0,0.2175,0.8985
1089-134691-0022,7176,0,0.3545,0.8841
1089-134691-0022,7729,0,0.182,0.913
1089-134691-0022,8224,0,0.0208,0.736
1089-134691-0022,8230,0,0.3345,0.9232
1089-134691-0022,8455,0,-0.0019,0.8252
1089-134691-0022,908,0,0.1596,0.915
1188-133604-0003,1089,0,0.1434,0.8804
1188-133604-0003,1188,1,0.7306,0.9783
1188-133604-0003,1320,0,0.169,0.8682
1188-133604-0003,2300,0,0.0977,0.6997
1188-133604-0003,260,0,0.0807,0.8836
1188-133604-0003,2830,0,0.2583,0.9255
1188-133604-0003,4077,0,0.005,0.7709
1188-133604-0003,5105,0,0.169,0.9098
1188-133604-0003,5639,0,0.1859,0.803
1188-133604-0003,61,0,0.1581,0.8652
1188-133604-0003,672,0,0.0813,0.8574
1188-133604-0003,6930,0,-0.1091,0.7401
1188-133604-0003,7021,0,0.2017,0.8724
1188-133604-0003,7127,0,0.2151,0.8542
1188-133604-0003,7176,0,0.1468,0.8584
1188-133604-0003,7729,0,0.2269,0.894
1188-133604-0003,8224,0,-0.0079,0.7132
1188-133604-0003,8230,0,0.1093,0.8998
1188-133604-0003,8455,0,-0.0229,0.757
1188-133604-0003,908,0,0.1513,0.8506
1188-133604-0004,1089,0,0.1449,0.8666
1188-133604-0004,1188,1,0.7462,0.9738
1188-133604-0004,1320,0,0.149,0.8369
1188-133604-0004,2300,0,0.1364,0.6449
1188-133604-0004,260,0,0.0934,0.8889
1188-133604-0004,2830,0,0.3499,0.9208
1188-133604-0004,4077,0,0.048,0.7631
1188-133604-0004,5105,0,0.1987,0.8944
1188-133604-0004,5639,0,0.2024,0.8275
1188-133604-0004,61,0,0.1941,0.8844
1188-133604-0004,672,0,0.0449,0.868
1188-133604-0004,6930,0,-0.1455,0.7295
1188-133604-0004,7021,0,0.2554,0.8448
1188-133604-0004,7127,0,0.2088,0.8164
1188-133604-0004,7176,0,0.2407,0.8792
1188-133604-0004,7729,0,0.2773,0.8796
1188-133604-0004,8224,0,-0.0314,0.7464
1188-133604-0004,8230,0,0.1641,0.9115
1188-133604-0004,8455,0,-0.0849,0.7316
1188-133604-0004,908,0,0.1127,0.8528
1188-133604-0007,1089,0,0.1593,0.8481
1188-133604-0007,1188,1,0.7577,0.9621
1188-133604-0007,1320,0,0.1904,0.8153
1188-133604-0007,2300,0,0.1139,0.5908
1188-133604-0007,260,0,0.0366,0.9062
1188-133604-0007,2830,0,0.4236,0.9408
1188-133604-0007,4077,0,0.1184,0.7713
1188-133604-0007,5105,0,0.1922,0.8822
1188-133604-0007,5639,0,0.1887,0.8513
1188-133604-0007,61,0,0.2221,0.9078
1188-133604-0007,672,0,0.0842,0.8623
1188-133604-0007,6930,0,-0.1183,0.7628
1188-133604-0007,7021,0,0.1943,0.8056
1188-133604-0007,7127,0,0.1544,0.8055
1188-133604-0007,7176,0,0.2788,0.9076
1188-133604-0007,7729,0,0.3089,0.8812
1188-133604-0007,8224,0,0.0412,0.7467
1188-133604-0007,8230,0,0.1401,0.919
1188-133604-0007,8455,0,0.0141,0.7136
1188-133604-0007,908,0,0.1672,0.8516
1188-133604-0012,1089,0,0.1225,0.8501
1188-133604-0012,1188,1,0.7095,0.9717
1188-133604-0012,1320,0,0.2102,0.8294
1188-133604-0012,2300,0,0.1499,0.6187
1188-133604-0012,260,0,-0.0215,0.9022
1188-133604-0012,2830,0,0.3114,0.9346
1188-133604-0012,4077,0,0.021,0.763
1188-133604-0012,5105,0,0.13,0.8865
1188-133604-0012,5639,0,0.1002,0.8318
1188-133604-0012,61,0,0.1818,0.8925
1188-133604-0012,672,0,0.1292,0.8621
1188-133604-0012,6930,0,-0.1489,0.7558
1188-133604-0012,7021,0,0.0938,0.8205
1188-133604-0012,7127,0,0.1568,0.8112
1188-133604-0012,7176,0,0.1818,0.8994
1188-133604-0012,7729,0,0.2426,0.8683
1188-133604-0012,8224,0,-0.0267,0.7474
1188-133604-0012,8230,0,0.0833,0.9146
1188-133604-0012,8455,0,0.0346,0.734
1188-133604-0012,908,0,0.0945,0.8432
1188-133604-0014,1089,0,0.0509,0.8702
1188-133604-0014,1188,1,0.6254,0.9764
1188-133604-0014,1320,0,0.1505,0.8594
1188-133604-0014,2300,0,0.0441,0.6338
1188-133604-0014,260,0,-0.0511,0.8825
1188-133604-0014,2830,0,0.3012,0.9474
1188-133604-0014,4077,0,-0.0399,0.7847
1188-133604-0014,5105,0,0.0075,0.9001
1188-133604-0014,5639,0,0.0699,0.8277
1188-133604-0014,61,0,0.0245,0.8372
1188-133604-0014,672,0,0.0576,0.8505
1188-133604-0014,6930,0,-0.1466,0.7447
1188-133604-0014,7021,0,0.0239,0.8359
1188-133604-0014,7127,0,0.1368,0.8743
1188-133604-0014,7176,0,0.1267,0.844
1188-133604-0014,7729,0,0.1767,0.8887
1188-133604-0014,8224,0,0.0108,0.6883
1188-133604-0014,8230,0,-0.0384,0.8841
1188-133604-0014,8455,0,0.0432,0.743
1188-133604-0014,908,0,0.0486,0.8302
1188-133604-0018,1089,0,0.1944,0.8414
1188-133604-0018,1188,1,0.7264,0.968
1188-133604-0018,1320,0,0.2024,0.7996
1188-133604-0018,2300,0,0.1607,0.5681
1188-133604-0018,260,0,0.0707,0.8793
1188-133604-0018,2830,0,0.3722,0.951
1188-133604-0018,4077,0,0.087,0.7495
1188-133604-0018,5105,0,0.1603,0.8594
1188-133604-0018,5639,0,0.176,0.837
1188-133604-0018,61,0,0.2128,0.8667
1188-133604-0018,672,0,0.0769,0.8329
1188-133604-0018,6930,0,-0.0702,0.7414
1188-133604-0018,7021,0,0.1316,0.7789
1188-133604-0018,7127,0,0.2135,0.8118
1188-133604-0018,7176,0,0.2628,0.8816
1188-133604-0018,7729,0,0.2735,0.8667
1188-133604-0018,8224,0,-0.0125,0.7238
1188-133604-0018,8230,0,0.0876,0.9181
1188-133604-0018,8455,0,0.0674,0.7002
1188-133604-0018,908,0,0.0771,0.8068
1188-133604-0025,1089,0,0.1312,0.8671
1188-133604-0025,1188,1,0.7114,0.9734
1188-133604-0025,1320,0,0.198,0.8533
1188-133604-0025,2300,0,0.1687,0.6569
1188-133604-0025,260,0,0.0878,0.9006
1188-133604-0025,2830,0,0.313,0.9298
1188-133604-0025,4077,0,0.0249,0.7745
1188-133604-0025,5105,0,0.1516,0.9049
1188-133604-0025,5639,0,0.093,0.8225
1188-133604-0025,61,0,0.1749,0.8781
1188-133604-0025,672,0,0.0719,0.8641
1188-133604-0025,6930,0,-0.0804,0.7712
1188-133604-0025,7021,0,0.1121,0.8512
1188-133604-0025,7127,0,0.2024,0.8312
1188-133604-0025,7176,0,0.1232,0.8723
1188-133604-0025,7729,0,0.1576,0.8925
1188-133604-0025,8224,0,-0.0084,0.7343
1188-133604-0025,8230,0,0.0332,0.8984
1188-133604-0025,8455,0,0.0363,0.7544
1188-133604-0025,908,0,0.0585,0.858
1188-133604-0032,1089,0,0.2155,0.8793
1188-133604-0032,1188,1,0.7633,0.9837
1188-133604-0032,1320,0,0.235,0.8616
1188-133604-0032,2300,0,0.1437,0.6504
1188-133604-0032,260,0,0.0584,0.8796
1188-133604-0032,2830,0,0.3231,0.941
1188-133604-0032,4077,0,0.0288,0.7713
1188-133604-0032,5105,0,0.1849,0.9094
1188-133604-0032,5639,0,0.2035,0.8193
1188-133604-0032,61,0,0.2773,0.8634
1188-133604-0032,672,0,0.1737,0.8581
1188-133604-0032,6930,0,-0.0821,0.7415
1188-133604-0032,7021,0,0.182,0.8475
1188-133604-0032,7127,0,0.2617,0.8619
1188-133604-0032,7176,0,0.1612,0.868
1188-133604-0032,7729,0,0.2459,0.8803
1188-133604-0032,8224,0,-0.0159,0.7276
1188-133604-0032,8230,0,0.1905,0.9136
1188-133604-0032,8455,0,0.0415,0.7444
1188-133604-0032,908,0,0.081,0.834
1188-133604-0033,1089,0,0.0837,0.8723
1188-133604-0033,1188,1,0.7145,0.9667
1188-133604-0033,1320,0,0.2104,0.8731
1188-133604-0033,2300,0,0.1869,0.6905
1188-133604-0033,260,0,0.0573,0.8687
1188-133604-0033,2830,0,0.325,0.9277
1188-133604-0033,4077,0,0.0703,0.7693
1188-133604-0033,5105,0,0.1727,0.9286
1188-133604-0033,5639,0,0.1292,0.7916
1188-133604-0033,61,0,0.1862,0.8538
1188-133604-0033,672,0,0.1112,0.8411
1188-133604-0033,6930,0,-0.054,0.7355
1188-133604-0033,7021,0,0.168,0.8829
1188-133604-0033,7127,0,0.2066,0.875
1188-133604-0033,7176,0,0.1707,0.8455
1188-133604-0033,7729,0,0.2359,0.8926
1188-133604-0033,8224,0,-0.0077,0.6953
1188-133604-0033,8230,0,0.0346,0.8801
1188-133604-0033,8455,0,0.0464,0.7369
1188-133604-0033,908,0,0.1327,0.8413
1188-133604-0043,1089,0,0.1147,0.8923
1188-133604-0043,1188,1,0.6971,0.9681
1188-133604-0043,1320,0,0.2126,0.8921
1188-133604-0043,2300,0,0.0772,0.7298
1188-133604-0043,260,0,0.0532,0.8883
1188-133604-0043,2830,0,0.2772,0.8885
1188-133604-0043,4077,0,0.0684,0.8017
1188-133604-0043,5105,0,0.1872,0.924
1188-133604-0043,5639,0,0.09,0.8119
1188-133604-0043,61,0,0.1154,0.8427
1188-133604-0043,672,0,0.0708,0.8792
1188-133604-0043,6930,0,-0.1216,0.7573
1188-133604-0043,7021,0,0.1196,0.8907
1188-133604-0043,7127,0,0.1994,0.8648
1188-133604-0043,7176,0,0.1282,0.8401
1188-133604-0043,7729,0,0.1521,0.8965
1188-133604-0043,8224,0,0.042,0.7399
1188-133604-0043,8230,0,-0.012,0.8672
1188-133604-0043,8455,0,0.057,0.7974
1188-133604-0043,908,0,0.1115,0.8655
121-121726-0002,121,1,0.4232,0.963
121-121726-0002,1221,0,0.1136,0.8392
121-121726-0002,1284,0,0.1378,0.7935
121-121726-0002,1580,0,0.0581,0.8099
121-121726-0002,1995,0,0.0508,0.8758
121-121726-0002,2094,0,0.0542,0.881
121-121726-0002,237,0,0.0538,0.8407
121-121726-0002,2961,0,0.1106,0.9016
121-121726-0002,3570,0,0.1372,0.8884
121-121726-0002,3575,0,0.1672,0.7777
121-121726-0002,3729,0,0.0834,0.9342
121-121726-0002,4446,0,0.1456,0.8373
121-121726-0002,4507,0,0.0848,0.8774
121-121726-0002,4970,0,-0.0819,0.6971
121-121726-0002,4992,0,0.0118,0.886
121-121726-0002,5142,0,-0.1561,0.7446
121-121726-0002,5683,0,0.0186,0.7901
121-121726-0002,6829,0,0.0485,0.8351
121-121726-0002,8463,0,0.2375,0.8885
121-121726-0002,8555,0,-0.0765,0.7336
121-121726-0004,121,1,0.5063,0.9239
121-121726-0004,1221,0,-0.0362,0.8478
121-121726-0004,1284,0,0.0056,0.763
121-121726-0004,1580,0,-0.0092,0.7822
121-121726-0004,1995,0,0.0818,0.8318
121-121726-0004,2094,0,0.0635,0.8622
121-121726-0004,237,0,0.0775,0.8224
121-121726-0004,2961,0,0.068,0.7925
121-121726-0004,3570,0,0.1539,0.8224
121-121726-0004,3575,0,0.1992,0.7775
121-121726-0004,3729,0,0.0279,0.9237
121-121726-0004,4446,0,0.0006,0.8244
121-121726-0004,4507,0,0.039,0.8607
121-121726-0004,4970,0,-0.0206,0.7183
121-121726-0004,4992,0,-0.0198,0.8712
121-121726-0004,5142,0,-0.1454,0.7623
121-121726-0004,5683,0,-0.0605,0.8106
121-121726-0004,6829,0,0.0822,0.8018
121-121726-0004,8463,0,0.0583,0.8476
121-121726-0004,8555,0,0.0074,0.7655
121-121726-0007,121,1,0.4624,0.9678
121-121726-0007,1221,0,-0.0377,0.8203
121-121726-0007,1284,0,0.0318,0.758
121-121726-0007,1580,0,0.0401,0.8169
121-121726-0007,1995,0,0.0305,0.813
121-121726-0007,2094,0,0.0985,0.849
121-121726-0007,237,0,0.0954,0.8459
121-121726-0007,2961,0,0.1716,0.9125
121-121726-0007,3570,0,0.2919,0.9599
121-121726-0007,3575,0,0.1996,0.8177
121-121726-0007,3729,0,0.0539,0.9316
121-121726-0007,4446,0,0.0866,0.8072
121-121726-0007,4507,0,0.0796,0.9036
121-121726-0007,4970,0,0.0331,0.7025
121-121726-0007,4992,0,-0.063,0.8287
121-121726-0007,5142,0,-0.0785,0.6858
121-121726-0007,5683,0,-0.0678,0.8092
121-121726-0007,6829,0,0.1455,0.8107
121-121726-0007,8463,0,0.0998,0.8019
121-121726-0007,8555,0,0.0063,0.7274
121-121726-0010,121,1,0.4939,0.9405
121-121726-0010,1221,0,0.0122,0.8768
121-121726-0010,1284,0,0.063,0.8096
121-121726-0010,1580,0,0.1393,0.8841
121-121726-0010,1995,0,0.0204,0.8124
121-121726-0010,2094,0,0.2133,0.9097
121-121726-0010,237,0,0.0811,0.8683
121-121726-0010,2961,0,0.0348,0.827
121-121726-0010,3570,0,0.1622,0.8835
121-121726-0010,3575,0,0.2979,0.8545
121-121726-0010,3729,0,0.1523,0.9484
121-121726-0010,4446,0,0.0663,0.8643
121-121726-0010,4507,0,0.1634,0.9353
121-121726-0010,4970,0,0.0298,0.7648
121-121726-0010,4992,0,0.0349,0.8779
121-121726-0010,5142,0,-0.1608,0.7496
121-121726-0010,5683,0,0.0355,0.8761
121-121726-0010,6829,0,0.2513,0.8821
121-121726-0010,8463,0,0.0646,0.8319
121-121726-0010,8555,0,-0.0317,0.7657
121-121726-0012,121,1,0.4718,0.9318
121-121726-0012,1221,0,-0.002,0.8939
121-121726-0012,1284,0,0.0313,0.8489
121-121726-0012,1580,0,0.1589,0.9082
121-121726-0012,1995,0,-0.1113,0.8016
121-121726-0012,2094,0,0.157,0.8852
121-121726-0012,237,0,0.089,0.8747
121-121726-0012,2961,0,0.0521,0.7958
121-121726-0012,3570,0,0.2165,0.8869
121-121726-0012,3575,0,0.0716,0.8174
121-121726-0012,3729,0,0.0642,0.9448
121-121726-0012,4446,0,0.2501,0.8967
121-121726-0012,4507,0,0.1228,0.9281
121-121726-0012,4970,0,0.0274,0.7597
121-121726-0012,4992,0,0.0024,0.8732
121-121726-0012,5142,0,-0.1116,0.76
121-121726-0012,5683,0,-0.043,0.8766
121-121726-0012,6829,0,0.2324,0.8499
121-121726-0012,8463,0,0.1237,0.8393
121-121726-0012,8555,0,0.0061,0.7731
121-127105-0003,121,1,0.6088,0.9793
121-127105-0003,1221,0,0.0388,0.8529
121-127105-0003,1284,0,0.0231,0.816
121-127105-0003,1580,0,0.0899,0.8782
121-127105-0003,1995,0,-0.0039,0.8881
121-127105-0003,2094,0,0.0563,0.8887
121-127105-0003,237,0,0.0161,0.8749
121-127105-0003,2961,0,0.0934,0.8869
121-127105-0003,3570,0,0.1397,0.9124
121-127105-0003,3575,0,0.1222,0.8097
121-127105-0003,3729,0,0.0644,0.9321
121-127105-0003,4446,0,0.1184,0.8536
121-127105-0003,4507,0,-0.0096,0.9019
121-127105-0003,4970,0,-0.1185,0.6937
121-127105-0003,4992,0,0.0099,0.888
121-127105-0003,5142,0,-0.2594,0.7294
121-127105-0003,5683,0,-0.0311,0.8436
121-127105-0003,6829,0,0.0662,0.8137
121-127105-0003,8463,0,0.1234,0.8519
121-127105-0003,8555,0,-0.0636,0.7695
121-127105-0006,121,1,0.5467,0.9757
121-127105-0006,1221,0,0.0418,0.8744
121-127105-0006,1284,0,0.1192,0.8111
121-127105-0006,1580,0,0.2072,0.8536
121-127105-0006,1995,0,0.0829,0.8683
121-127105-0006,2094,0,0.1403,0.8874
121-127105-0006,237,0,0.0515,0.8761
121-127105-0006,2961,0,0.2266,0.8873
121-127105-0006,3570,0,0.1443,0.8951
121-127105-0006,3575,0,0.1188,0.7515
121-127105-0006,3729,0,0.1148,0.9585
121-127105-0006,4446,0,0.1435,0.8756
121-127105-0006,4507,0,0.0729,0.8982
121-127105-0006,4970,0,-0.0397,0.6783
121-127105-0006,4992,0,0.0274,0.9044
121-127105-0006,5142,0,-0.18,0.7469
121-127105-0006,5683,0,0.0111,0.8247
121-127105-0006,6829,0,0.144,0.8334
121-127105-0006,8463,0,0.0779,0.8747
121-127105-0006,8555,0,-0.1047,0.7429
121-127105-0020,121,1,0.6348,0.9649
121-127105-0020,1221,0,0.031,0.8319
121-127105-0020,1284,0,-0.0098,0.7611
121-127105-0020,1580,0,-0.0281,0.8395
121-127105-0020,1995,0,-0.0115,0.8187
121-127105-0020,2094,0,-0.0171,0.8434
121-127105-0020,237,0,0.0902,0.8692
121-127105-0020,2961,0,0.0831,0.8824
121-127105-0020,3570,0,0.1678,0.9653
121-127105-0020,3575,0,0.0672,0.8402
121-127105-0020,3729,0,0.0984,0.9229
121-127105-0020,4446,0,0.001,0.8078
121-127105-0020,4507,0,0.0585,0.9119
121-127105-0020,4970,0,-0.1076,0.716
121-127105-0020,4992,0,-0.0483,0.8293
121-127105-0020,5142,0,-0.13,0.6852
121-127105-0020,5683,0,0.0184,0.8379
121-127105-0020,6829,0,0.1067,0.7955
121-127105-0020,8463,0,0.0,0.7861
121-127105-0020,8555,0,-0.0236,0.7552
121-127105-0023,121,1,0.5193,0.9738
121-127105-0023,1221,0,0.0082,0.8332
121-127105-0023,1284,0,0.0376,0.7875
121-127105-0023,1580,0,0.1375,0.8426
121-127105-0023,1995,0,0.0537,0.8446
121-127105-0023,2094,0,0.0681,0.8818
121-127105-0023,237,0,-0.0034,0.865
121-127105-0023,2961,0,0.1231,0.9114
121-127105-0023,3570,0,0.2753,0.9416
121-127105-0023,3575,0,0.0556,0.7861
121-127105-0023,3729,0,0.1318,0.9372
121-127105-0023,4446,0,0.0915,0.8362
121-127105-0023,4507,0,0.1898,0.8935
121-127105-0023,4970,0,-0.1354,0.6705
121-127105-0023,4992,0,0.0545,0.8641
121-127105-0023,5142,0,-0.2082,0.6932
121-127105-0023,5683,0,-0.0913,0.8034
121-127105-0023,6829,0,0.1158,0.8192
121-127105-0023,8463,0,0.0921,0.8352
121-127105-0023,8555,0,-0.0026,0.713
121-127105-0036,121,1,0.3441,0.9638
121-127105-0036,1221,0,-0.0394,0.7818
121-127105-0036,1284,0,-0.0119,0.7407
121-127105-0036,1580,0,-0.0685,0.7869
121-127105-0036,1995,0,0.0347,0.8545
121-127105-0036,2094,0,-0.0181,0.8277
121-127105-0036,237,0,-0.1413,0.8391
121-127105-0036,2961,0,0.0992,0.9197
121-127105-0036,3570,0,0.0995,0.9464
121-127105-0036,3575,0,-0.0218,0.7371
121-127105-0036,3729,0,-0.0469,0.8859
121-127105-0036,4446,0,0.0367,0.7806
121-127105-0036,4507,0,-0.0495,0.8409
121-127105-0036,4970,0,-0.0908,0.6042
121-127105-0036,4992,0,-0.0555,0.8234
121-127105-0036,5142,0,-0.1542,0.6502
121-127105-0036,5683,0,-0.1688,0.741
121-127105-0036,6829,0,0.0282,0.7381
121-127105-0036,8463,0,0.1672,0.8043
121-127105-0036,8555,0,0.028,0.6899
1221-135766-0002,121,0,0.0466,0.8293
1221-135766-0002,1221,1,0.7429,0.9779
1221-135766-0002,1284,0,0.283,0.8861
1221-135766-0002,1580,0,0.3483,0.9236
1221-135766-0002,1995,0,0.0814,0.8352
1221-135766-0002,2094,0,0.2768,0.904
1221-135766-0002,237,0,0.2797,0.921
1221-135766-0002,2961,0,0.0511,0.6758
1221-135766-0002,3570,0,0.1705,0.7761
1221-135766-0002,3575,0,0.2516,0.812
1221-135766-0002,3729,0,0.206,0.9039
1221-135766-0002,4446,0,0.3584,0.9411
1221-135766-0002,4507,0,0.1772,0.902
1221-135766-0002,4970,0,0.0534,0.8388
1221-135766-0002,4992,0,0.3669,0.9356
1221-135766-0002,5142,0,0.0996,0.8632
1221-135766-0002,5683,0,0.1686,0.9114
1221-135766-0002,6829,0,0.2367,0.9067
1221-135766-0002,8463,0,0.3004,0.8792
1221-135766-0002,8555,0,-0.0011,0.8666
1221-135766-0009,121,0,0.084,0.8127
1221-135766-0009,1221,1,0.659,0.9857
1221-135766-0009,1284,0,0.2303,0.8972
1221-135766-0009,1580,0,0.3992,0.9045
1221-135766-0009,1995,0,0.0077,0.8323
1221-135766-0009,2094,0,0.1721,0.9161
1221-135766-0009,237,0,0.1902,0.9144
1221-135766-0009,2961,0,0.0764,0.6672
1221-135766-0009,3570,0,0.2604,0.7349
1221-135766-0009,3575,0,0.1308,0.7614
1221-135766-0009,3729,0,0.2184,0.911
1221-135766-0009,4446,0,0.3837,0.9567
1221-135766-0009,4507,0,0.2352,0.9002
1221-135766-0009,4970,0,0.1204,0.8279
1221-135766-0009,4992,0,0.3861,0.9503
1221-135766-0009,5142,0,0.1372,0.8986
1221-135766-0009,5683,0,0.1388,0.8917
1221-135766-0009,6829,0,0.2069,0.9407
1221-135766-0009,8463,0,0.239,0.8979
1221-135766-0009,8555,0,0.0746,0.847
1221-135767-0001,121,0,0.0173,0.8415
1221-135767-0001,1221,1,0.6725,0.9851
1221-135767-0001,1284,0,0.2282,0.9047
1221-135767-0001,1580,0,0.4073,0.9367
1221-135767-0001,1995,0,-0.0398,0.8299
1221-135767-0001,2094,0,0.1566,0.9231
1221-135767-0001,237,0,0.2132,0.9223
1221-135767-0001,2961,0,-0.0389,0.6834
1221-135767-0001,3570,0,0.1832,0.7655
1221-135767-0001,3575,0,0.2021,0.7978
1221-135767-0001,3729,0,0.1597,0.9242
1221-135767-0001,4446,0,0.2661,0.9569
1221-135767-0001,4507,0,0.184,0.9255
1221-135767-0001,4970,0,0.0259,0.8292
1221-135767-0001,4992,0,0.2763,0.9425
1221-135767-0001,5142,0,0.0722,0.8729
1221-135767-0001,5683,0,0.2123,0.9241
1221-135767-0001,6829,0,0.2074,0.9308
1221-135767-0001,8463,0,0.2109,0.8838
1221-135767-0001,8555,0,0.1489,0.8522
1221-135767-0005,121,0,-0.0077,0.8099
1221-135767-0005,1221,1,0.6273,0.9741
1221-135767-0005,1284,0,0.1818,0.9057
1221-135767-0005,1580,0,0.271,0.9234
1221-135767-0005,1995,0,0.0305,0.8175
1221-135767-0005,2094,0,0.0282,0.8961
1221-135767-0005,237,0,0.2184,0.9224
1221-135767-0005,2961,0,-0.0552,0.6641
1221-135767-0005,3570,0,0.2039,0.7584
1221-135767-0005,3575,0,0.0846,0.776
1221-135767-0005,3729,0,0.1793,0.902
1221-135767-0005,4446,0,0.294,0.9505
1221-135767-0005,4507,0,0.1597,0.8967
1221-135767-0005,4970,0,0.0698,0.824
1221-135767-0005,4992,0,0.1663,0.9213
1221-135767-0005,5142,0,0.0825,0.8557
1221-135767-0005,5683,0,0.1617,0.9072
1221-135767-0005,6829,0,0.0794,0.9046
1221-135767-0005,8463,0,0.1758,0.8587
1221-135767-0005,8555,0,0.0787,0.838
1221-135767-0007,121,0,0.0574,0.8267
1221-135767-0007,1221,1,0.7149,0.9753
1221-135767-0007,1284,0,0.2425,0.8917
1221-135767-0007,1580,0,0.3625,0.9142
1221-135767-0007,1995,0,-0.04,0.8108
1221-135767-0007,2094,0,0.137,0.9086
1221-135767-0007,237,0,0.2792,0.9222
1221-135767-0007,2961,0,-0.0268,0.6933
1221-135767-0007,3570,0,0.1978,0.7785
1221-135767-0007,3575,0,0.1929,0.7818
1221-135767-0007,3729,0,0.2015,0.9212
1221-135767-0007,4446,0,0.3205,0.951
1221-135767-0007,4507,0,0.1652,0.9152
1221-135767-0007,4970,0,0.0458,0.8286
1221-135767-0007,4992,0,0.3005,0.9302
1221-135767-0007,5142,0,0.0568,0.8623
1221-135767-0007,5683,0,0.2181,0.9
1221-135767-0007,6829,0,0.2447,0.9366
1221-135767-0007,8463,0,0.23,0.8752
1221-135767-0007,8555,0,0.1103,0.8285
1221-135767-0009,121,0,0.0344,0.7544
1221-135767-0009,1221,1,0.6964,0.9668
1221-135767-0009,1284,0,0.2373,0.8837
1221-135767-0009,1580,0,0.3624,0.8729
1221-135767-0009,1995,0,-0.0193,0.7907
1221-135767-0009,2094,0,0.1637,0.8911
1221-135767-0009,237,0,0.2756,0.8964
1221-135767-0009,2961,0,0.061,0.6274
1221-135767-0009,3570,0,0.1762,0.6935
1221-135767-0009,3575,0,0.155,0.7456
1221-135767-0009,3729,0,0.1849,0.8785
1221-135767-0009,4446,0,0.328,0.9323
1221-135767-0009,4507,0,0.186,0.8879
1221-135767-0009,4970,0,0.1155,0.85
1221-135767-0009,4992,0,0.3268,0.9157
1221-135767-0009,5142,0,0.1661,0.9048
1221-135767-0009,5683,0,0.1518,0.8822
1221-135767-0009,6829,0,0.2753,0.9433
1221-135767-0009,8463,0,0.222,0.8649
1221-135767-0009,8555,0,0.083,0.841
1221-135767-0010,121,0,0.0984,0.8257
1221-135767-0010,1221,1,0.6188,0.9796
1221-135767-0010,1284,0,0.2454,0.8868
1221-135767-0010,1580,0,0.3203,0.9025
1221-135767-0010,1995,0,0.0702,0.8277
1221-135767-0010,2094,0,0.1858,0.9112
1221-135767-0010,237,0,0.2651,0.9234
1221-135767-0010,2961,0,0.0577,0.6767
1221-135767-0010,3570,0,0.2748,0.7612
1221-135767-0010,3575,0,0.253,0.7842
1221-135767-0010,3729,0,0.1993,0.9175
1221-135767-0010,4446,0,0.3019,0.9469
1221-135767-0010,4507,0,0.1874,0.9129
1221-135767-0010,4970,0,0.0094,0.835
1221-135767-0010,4992,0,0.2923,0.9425
1221-135767-0010,5142,0,0.1016,0.8784
1221-135767-0010,5683,0,0.1549,0.8944
1221-135767-0010,6829,0,0.2058,0.935
1221-135767-0010,8463,0,0.2064,0.891
1221-135767-0010,8555,0,0.0938,0.8423
1221-135767-0013,121,0,-0.0293,0.8382
1221-135767-0013,1221,1,0.5946,0.9706
1221-135767-0013,1284,0,0.1657,0.89
1221-135767-0013,1580,0,0.4217,0.9293
1221-135767-0013,1995,0,0.0332,0.8103
1221-135767-0013,2094,0,0.1756,0.9204
1221-135767-0013,237,0,0.215,0.9095
1221-135767-0013,2961,0,0.0167,0.7019
1221-135767-0013,3570,0,0.2214,0.7901
1221-135767-0013,3575,0,0.1688,0.8336
1221-135767-0013,3729,0,0.1546,0.9172
1221-135767-0013,4446,0,0.258,0.9385
1221-135767-0013,4507,0,0.1253,0.9263
1221-135767-0013,4970,0,0.0819,0.8587
1221-135767-0013,4992,0,0.2875,0.9243
1221-135767-0013,5142,0,0.1025,0.8637
1221-135767-0013,5683,0,0.1213,0.9202
1221-135767-0013,6829,0,0.1504,0.9315
1221-135767-0013,8463,0,0.2103,0.8741
1221-135767-0013,8555,0,0.0718,0.8548
1221-135767-0018,121,0,-0.0529,0.8219
1221-135767-0018,1221,1,0.6798,0.9717
1221-135767-0018,1284,0,0.303,0.8949
1221-135767-0018,1580,0,0.3597,0.9047
1221-135767-0018,1995,0,-0.0098,0.8402
1221-135767-0018,2094,0,0.193,0.9247
1221-135767-0018,237,0,0.207,0.9302
1221-135767-0018,2961,0,0.0419,0.6971
1221-135767-0018,3570,0,0.1172,0.7589
1221-135767-0018,3575,0,0.1022,0.768
1221-135767-0018,3729,0,0.1233,0.912
1221-135767-0018,4446,0,0.3147,0.9508
1221-135767-0018,4507,0,0.2001,0.9015
1221-135767-0018,4970,0,0.1244,0.8188
1221-135767-0018,4992,0,0.3065,0.9454
1221-135767-0018,5142,0,0.1365,0.8787
1221-135767-0018,5683,0,0.1583,0.8862
1221-135767-0018,6829,0,0.2415,0.9468
1221-135767-0018,8463,0,0.2639,0.8937
1221-135767-0018,8555,0,0.108,0.8298
1221-135767-0022,121,0,0.0472,0.8114
1221-135767-0022,1221,1,0.7166,0.9867
1221-135767-0022,1284,0,0.2714,0.869
1221-135767-0022,1580,0,0.3333,0.8843
1221-135767-0022,1995,0,0.0667,0.8252
1221-135767-0022,2094,0,0.1582,0.9123
1221-135767-0022,237,0,0.2815,0.9046
1221-135767-0022,2961,0,0.0166,0.6619
1221-135767-0022,3570,0,0.177,0.7434
1221-135767-0022,3575,0,0.1946,0.7863
1221-135767-0022,3729,0,0.1538,0.9161
1221-135767-0022,4446,0,0.2466,0.9299
1221-135767-0022,4507,0,0.199,0.9229
1221-135767-0022,4970,0,0.0503,0.8455
1221-135767-0022,4992,0,0.3938,0.9452
1221-135767-0022,5142,0,0.1974,0.9029
1221-135767-0022,5683,0,0.1759,0.8976
1221-135767-0022,6829,0,0.1673,0.9488
1221-135767-0022,8463,0,0.2548,0.8919
1221-135767-0022,8555,0,0.1202,0.8644
1284-1180-0005,121,0,-0.0601,0.8466
1284-1180-0005,1221,0,0.0364,0.8665
1284-1180-0005,1284,1,0.6254,0.9537
1284-1180-0005,1580,0,0.0577,0.9078
1284-1180-0005,1995,0,0.1168,0.8893
1284-1180-0005,2094,0,0.1711,0.9354
1284-1180-0005,237,0,0.0844,0.8544
1284-1180-0005,2961,0,-0.0052,0.7623
1284-1180-0005,3570,0,0.0276,0.7168
1284-1180-0005,3575,0,0.0938,0.677
1284-1180-0005,3729,0,-0.026,0.8744
1284-1180-0005,4446,0,0.2114,0.9354
1284-1180-0005,4507,0,-0.1153,0.7958
1284-1180-0005,4970,0,-0.0434,0.6479
1284-1180-0005,4992,0,0.0007,0.9054
1284-1180-0005,5142,0,-0.0207,0.7641
1284-1180-0005,5683,0,0.0002,0.812
1284-1180-0005,6829,0,0.1358,0.8542
1284-1180-0005,8463,0,0.0346,0.8642
1284-1180-0005,8555,0,-0.019,0.6862
1284-1180-0017,121,0,-0.1201,0.8599
1284-1180-0017,1221,0,0.0825,0.9094
1284-1180-0017,1284,1,0.6537,0.9571
1284-1180-0017,1580,0,0.1452,0.9356
1284-1180-0017,1995,0,0.1336,0.8987
1284-1180-0017,2094,0,0.1454,0.9486
1284-1180-0017,237,0,0.129,0.915
1284-1180-0017,2961,0,-0.0259,0.748
1284-1180-0017,3570,0,0.015,0.7415
1284-1180-0017,3575,0,0.0607,0.7098
1284-1180-0017,3729,0,-0.0797,0.8971
1284-1180-0017,4446,0,0.3103,0.9669
1284-1180-0017,4507,0,-0.0891,0.8348
1284-1180-0017,4970,0,0.0312,0.6986
1284-1180-0017,4992,0,0.0657,0.9374
1284-1180-0017,5142,0,0.0046,0.8135
1284-1180-0017,5683,0,0.013,0.8542
1284-1180-0017,6829,0,0.1282,0.8745
1284-1180-0017,8463,0,0.0917,0.8968
1284-1180-0017,8555,0,-0.0117,0.7524
1284-1180-0026,121,0,-0.0881,0.9003
1284-1180-0026,1221,0,0.095,0.918
1284-1180-0026,1284,1,0.5059,0.9142
1284-1180-0026,1580,0,0.2204,0.9233
1284-1180-0026,1995,0,-0.0035,0.8665
1284-1180-0026,2094,0,0.1849,0.9431
1284-1180-0026,237,0,0.1429,0.9102
1284-1180-0026,2961,0,0.0093,0.802
1284-1180-0026,3570,0,0.1014,0.8218
1284-1180-0026,3575,0,0.018,0.7466
1284-1180-0026,3729,0,0.0837,0.9435
1284-1180-0026,4446,0,0.3208,0.9587
1284-1180-0026,4507,0,0.0043,0.8904
1284-1180-0026,4970,0,0.0744,0.7238
1284-1180-0026,4992,0,0.1264,0.9372
1284-1180-0026,5142,0,0.0559,0.8092
1284-1180-0026,5683,0,-0.032,0.8583
1284-1180-0026,6829,0,0.2559,0.901
1284-1180-0026,8463,0,0.1696,0.9011
1284-1180-0026,8555,0,0.0514,0.7647
1284-1180-0031,121,0,-0.1564,0.86
1284-1180-0031,1221,0,0.0958,0.9066
1284-1180-0031,1284,1,0.4378,0.8688
1284-1180-0031,1580,0,0.1742,0.8377
1284-1180-0031,1995,0,0.1061,0.8924
1284-1180-0031,2094,0,0.2768,0.9273
1284-1180-0031,237,0,0.1908,0.9099
1284-1180-0031,2961,0,0.0146,0.7795
1284-1180-0031,3570,0,0.0406,0.7921
1284-1180-0031,3575,0,0.0078,0.7076
1284-1180-0031,3729,0,0.0073,0.9111
1284-1180-0031,4446,0,0.1905,0.9219
1284-1180-0031,4507,0,-0.0127,0.8399
1284-1180-0031,4970,0,0.0209,0.7203
1284-1180-0031,4992,0,0.0894,0.9438
1284-1180-0031,5142,0,-0.0006,0.8253
1284-1180-0031,5683,0,-0.0532,0.7892
1284-1180-0031,6829,0,0.1639,0.8852
1284-1180-0031,8463,0,0.2288,0.9186
1284-1180-0031,8555,0,-0.0235,0.762
1284-1181-0004,121,0,-0.0441,0.8715
1284-1181-0004,1221,0,0.0494,0.8607
1284-1181-0004,1284,1,0.6494,0.9627
1284-1181-0004,1580,0,0.1038,0.9368
1284-1181-0004,1995,0,0.1594,0.873
1284-1181-0004,2094,0,0.1667,0.9101
1284-1181-0004,237,0,0.0859,0.8669
1284-1181-0004,2961,0,-0.0057,0.7641
1284-1181-0004,3570,0,0.0579,0.7361
1284-1181-0004,3575,0,0.0732,0.673
1284-1181-0004,3729,0,-0.0484,0.884
1284-1181-0004,4446,0,0.1871,0.9469
1284-1181-0004,4507,0,-0.0856,0.8048
1284-1181-0004,4970,0,-0.0785,0.6287
1284-1181-0004,4992,0,-0.0321,0.8914
1284-1181-0004,5142,0,-0.0124,0.739
1284-1181-0004,5683,0,0.0225,0.8299
1284-1181-0004,6829,0,-0.0372,0.8103
1284-1181-0004,8463,0,0.023,0.8462
1284-1181-0004,8555,0,-0.0334,0.686
1284-1181-0007,121,0,-0.0448,0.8655
1284-1181-0007,1221,0,0.0984,0.9082
1284-1181-0007,1284,1,0.491,0.9333
1284-1181-0007,1580,0,0.039,0.8872
1284-1181-0007,1995,0,-0.0109,0.9036
1284-1181-0007,2094,0,0.1365,0.9363
1284-1181-0007,237,0,0.0486,0.8869
1284-1181-0007,2961,0,-0.0163,0.7645
1284-1181-0007,3570,0,-0.0879,0.7303
1284-1181-0007,3575,0,0.0267,0.6561
1284-1181-0007,3729,0,-0.135,0.9165
1284-1181-0007,4446,0,0.2621,0.9592
1284-1181-0007,4507,0,-0.0896,0.8255
1284-1181-0007,4970,0,0.0272,0.6595
1284-1181-0007,4992,0,0.1009,0.9493
1284-1181-0007,5142,0,0.084,0.8168
1284-1181-0007,5683,0,-0.0411,0.8125
1284-1181-0007,6829,0,0.2027,0.8778
1284-1181-0007,8463,0,0.1946,0.907
1284-1181-0007,8555,0,0.0089,0.7248
1284-1181-0011,121,0,-0.1539,0.8329
1284-1181-0011,1221,0,0.073,0.9022
1284-1181-0011,1284,1,0.6786,0.9631
1284-1181-0011,1580,0,0.1812,0.9306
1284-1181-0011,1995,0,0.1186,0.8961
1284-1181-0011,2094,0,0.2236,0.9508
1284-1181-0011,237,0,0.0992,0.905
1284-1181-0011,2961,0,0.0164,0.7207
1284-1181-0011,3570,0,0.0325,0.7133
1284-1181-0011,3575,0,0.0515,0.7251
1284-1181-0011,3729,0,-0.0694,0.8726
1284-1181-0011,4446,0,0.209,0.956
1284-1181-0011,4507,0,-0.1192,0.8161
1284-1181-0011,4970,0,0.0754,0.7144
1284-1181-0011,4992,0,0.0306,0.9231
1284-1181-0011,5142,0,-0.0063,0.807
1284-1181-0011,5683,0,0.0101,0.8502
1284-1181-0011,6829,0,0.1854,0.875
1284-1181-0011,8463,0,0.0342,0.8805
1284-1181-0011,8555,0,-0.0035,0.7478
1284-1181-0016,121,0,-0.0771,0.8468
1284-1181-0016,1221,0,0.0105,0.8879
1284-1181-0016,1284,1,0.6613,0.9684
1284-1181-0016,1580,0,0.0946,0.901
1284-1181-0016,1995,0,0.158,0.8709
1284-1181-0016,2094,0,0.1322,0.9105
1284-1181-0016,237,0,0.1301,0.8786
1284-1181-0016,2961,0,0.0755,0.7528
1284-1181-0016,3570,0,0.0686,0.7348
1284-1181-0016,3575,0,0.0891,0.6483
1284-1181-0016,3729,0,-0.0041,0.8948
1284-1181-0016,4446,0,0.1225,0.9611
1284-1181-0016,4507,0,-0.0505,0.813
1284-1181-0016,4970,0,0.049,0.6507
1284-1181-0016,4992,0,0.0171,0.9003
1284-1181-0016,5142,0,-0.0137,0.7827
1284-1181-0016,5683,0,0.0026,0.8038
1284-1181-0016,6829,0,0.1224,0.844
1284-1181-0016,8463,0,0.0264,0.8541
1284-1181-0016,8555,0,-0.0121,0.6987
1284-1181-0017,121,0,-0.0002,0.756
1284-1181-0017,1221,0,0.0971,0.8076
1284-1181-0017,1284,1,0.5434,0.9548
1284-1181-0017,1580,0,0.0341,0.8583
1284-1181-0017,1995,0,0.1061,0.8225
1284-1181-0017,2094,0,0.1528,0.8643
1284-1181-0017,237,0,0.0945,0.8094
1284-1181-0017,2961,0,0.0146,0.6871
1284-1181-0017,3570,0,0.0425,0.6592
1284-1181-0017,3575,0,0.1185,0.6343
1284-1181-0017,3729,0,-0.0113,0.783
1284-1181-0017,4446,0,0.0979,0.8942
1284-1181-0017,4507,0,-0.001,0.7334
1284-1181-0017,4970,0,0.0902,0.6376
1284-1181-0017,4992,0,0.0217,0.8095
1284-1181-0017,5142,0,-0.0362,0.7152
1284-1181-0017,5683,0,0.0181,0.7464
1284-1181-0017,6829,0,0.1758,0.7892
1284-1181-0017,8463,0,0.0454,0.7727
1284-1181-0017,8555,0,-0.028,0.6342
1284-134647-0004,121,0,-0.1039,0.7805
1284-134647-0004,1221,0,0.103,0.8629
1284-134647-0004,1284,1,0.6527,0.9794
1284-134647-0004,1580,0,0.0337,0.9077
1284-134647-0004,1995,0,0.0881,0.8622
1284-134647-0004,2094,0,0.1656,0.908
1284-134647-0004,237,0,0.0441,0.8475
1284-134647-0004,2961,0,-0.0241,0.6773
1284-134647-0004,3570,0,0.0437,0.6528
1284-134647-0004,3575,0,0.0238,0.6635
1284-134647-0004,3729,0,-0.1044,0.828
1284-134647-0004,4446,0,0.1885,0.9371
1284-134647-0004,4507,0,-0.0937,0.7594
1284-134647-0004,4970,0,0.0257,0.6658
1284-134647-0004,4992,0,0.0324,0.8793
1284-134647-0004,5142,0,-0.038,0.7727
1284-134647-0004,5683,0,-0.0221,0.8128
1284-134647-0004,6829,0,0.0657,0.8287
1284-134647-0004,8463,0,0.017,0.828
1284-134647-0004,8555,0,0.0135,0.6961
1320-122612-0003,1089,0,0.0757,0.869
1320-122612-0003,1188,0,0.1259,0.8402
1320-122612-0003,1320,1,0.6821,0.9798
1320-122612-0003,2300,0,0.0563,0.8632
1320-122612-0003,260,0,0.1729,0.8415
1320-122612-0003,2830,0,0.0809,0.7684
1320-122612-0003,4077,0,0.1163,0.8325
1320-122612-0003,5105,0,0.3408,0.9584
1320-122612-0003,5639,0,0.0845,0.7054
1320-122612-0003,61,0,0.1444,0.7892
1320-122612-0003,672,0,0.1987,0.8831
1320-122612-0003,6930,0,0.1597,0.8324
1320-122612-0003,7021,0,0.187,0.9434
1320-122612-0003,7127,0,0.1687,0.8933
1320-122612-0003,7176,0,0.108,0.7944
1320-122612-0003,7729,0,0.1424,0.8149
1320-122612-0003,8224,0,0.0145,0.7116
1320-122612-0003,8230,0,0.0343,0.751
1320-122612-0003,8455,0,0.1423,0.9045
1320-122612-0003,908,0,0.2448,0.8729
1320-122612-0005,1089,0,0.0281,0.8312
1320-122612-0005,1188,0,0.0655,0.7668
1320-122612-0005,1320,1,0.606,0.9578
1320-122612-0005,2300,0,0.0593,0.8975
1320-122612-0005,260,0,0.1053,0.8008
1320-122612-0005,2830,0,-0.0032,0.6772
1320-122612-0005,4077,0,-0.0125,0.835
1320-122612-0005,5105,0,0.3421,0.9255
1320-122612-0005,5639,0,0.1065,0.6645
1320-122612-0005,61,0,0.174,0.7408
1320-122612-0005,672,0,0.1871,0.8599
1320-122612-0005,6930,0,0.2045,0.8145
1320-122612-0005,7021,0,0.0358,0.9255
1320-122612-0005,7127,0,0.1202,0.8588
1320-122612-0005,7176,0,0.076,0.738
1320-122612-0005,7729,0,0.1704,0.7731
1320-122612-0005,8224,0,0.0448,0.6993
1320-122612-0005,8230,0,0.0181,0.6725
1320-122612-0005,8455,0,0.0217,0.9157
1320-122612-0005,908,0,0.2345,0.8448
1320-122612-0013,1089,0,0.0813,0.8712
1320-122612-0013,1188,0,0.1741,0.8452
1320-122612-0013,1320,1,0.6577,0.9729
1320-122612-0013,2300,0,0.0898,0.8629
1320-122612-0013,260,0,0.1906,0.8455
1320-122612-0013,2830,0,0.0915,0.7758
1320-122612-0013,4077,0,0.0252,0.8315
1320-122612-0013,5105,0,0.3548,0.9579
1320-122612-0013,5639,0,0.1063,0.7153
1320-122612-0013,61,0,0.1276,0.7936
1320-122612-0013,672,0,0.2391,0.8912
1320-122612-0013,6930,0,0.2141,0.8273
1320-122612-0013,7021,0,0.1464,0.9387
1320-122612-0013,7127,0,0.2246,0.8921
1320-122612-0013,7176,0,0.1094,0.7973
1320-122612-0013,7729,0,0.13,0.8113
1320-122612-0013,8224,0,0.1032,0.7269
1320-122612-0013,8230,0,0.0427,0.7595
1320-122612-0013,8455,0,0.1765,0.901
1320-122612-0013,908,0,0.2963,0.8655
1320-122617-0005,1089,0,0.056,0.8715
1320-122617-0005,1188,0,0.0274,0.8421
1320-122617-0005,1320,1,0.6179,0.9451
1320-122617-0005,2300,0,0.0563,0.874
1320-122617-0005,260,0,0.1873,0.8711
1320-122617-0005,2830,0,0.0131,0.7417
1320-122617-0005,4077,0,0.0337,0.8797
1320-122617-0005,5105,0,0.3512,0.9417
1320-122617-0005,5639,0,-0.0051,0.7431
1320-122617-0005,61,0,0.1185,0.8391
1320-122617-0005,672,0,0.198,0.8938
1320-122617-0005,6930,0,0.2403,0.8227
1320-122617-0005,7021,0,0.1012,0.9358
1320-122617-0005,7127,0,-0.002,0.863
1320-122617-0005,7176,0,0.1376,0.8359
1320-122617-0005,7729,0,0.123,0.8778
1320-122617-0005,8224,0,-0.0183,0.7256
1320-122617-0005,8230,0,-0.0538,0.7658
1320-122617-0005,8455,0,0.032,0.9106
1320-122617-0005,908,0,0.2965,0.9031
1320-122617-0011,1089,0,0.1148,0.9054
1320-122617-0011,1188,0,0.0942,0.8973
1320-122617-0011,1320,1,0.7215,0.9833
1320-122617-0011,2300,0,0.0617,0.8272
1320-122617-0011,260,0,0.084,0.8892
1320-122617-0011,2830,0,0.1095,0.8334
1320-122617-0011,4077,0,0.0748,0.8774
1320-122617-0011,5105,0,0.3763,0.9669
1320-122617-0011,5639,0,-0.0035,0.7709
1320-122617-0011,61,0,0.1836,0.8318
1320-122617-0011,672,0,0.1672,0.9114
1320-122617-0011,6930,0,0.2201,0.8465
1320-122617-0011,7021,0,0.1346,0.923
1320-122617-0011,7127,0,0.0496,0.9275
1320-122617-0011,7176,0,0.1825,0.8426
1320-122617-0011,7729,0,0.1871,0.8564
1320-122617-0011,8224,0,-0.0118,0.7363
1320-122617-0011,8230,0,0.0256,0.8134
1320-122617-0011,8455,0,0.0031,0.9143
1320-122617-0011,908,0,0.2436,0.8788
1320-122617-0018,1089,0,0.037,0.9024
1320-122617-0018,1188,0,0.0566,0.8957
1320-122617-0018,1320,1,0.6301,0.9612
1320-122617-0018,2300,0,0.0477,0.7813
1320-122617-0018,260,0,0.1206,0.9281
1320-122617-0018,2830,0,0.0568,0.851
1320-122617-0018,4077,0,0.155,0.8877
1320-122617-0018,5105,0,0.5249,0.9658
1320-122617-0018,5639,0,-0.0227,0.8111
1320-122617-0018,61,0,0.1994,0.8863
1320-122617-0018,672,0,0.123,0.9273
1320-122617-0018,6930,0,0.2308,0.8639
1320-122617-0018,7021,0,0.2734,0.9243
1320-122617-0018,7127,0,0.0515,0.8938
1320-122617-0018,7176,0,0.2451,0.8998
1320-122617-0018,7729,0,0.1624,0.8752
1320-122617-0018,8224,0,-0.0561,0.7327
1320-122617-0018,8230,0,-0.0052,0.8401
1320-122617-0018,8455,0,0.0575,0.8839
1320-122617-0018,908,0,0.38,0.9277
1320-122617-0027,1089,0,0.0557,0.8433
1320-122617-0027,1188,0,0.1347,0.8287
1320-122617-0027,1320,1,0.7141,0.9713
1320-122617-0027,2300,0,0.048,0.8834
1320-122617-0027,260,0,0.1695,0.8301
1320-122617-0027,2830,0,0.0709,0.7551
1320-122617-0027,4077,0,0.0667,0.8406
1320-122617-0027,5105,0,0.4079,0.9423
1320-122617-0027,5639,0,0.0061,0.6697
1320-122617-0027,61,0,0.1357,0.7536
1320-122617-0027,672,0,0.2009,0.8458
1320-122617-0027,6930,0,0.2382,0.7908
1320-122617-0027,7021,0,0.1792,0.9357
1320-122617-0027,7127,0,0.0381,0.9083
1320-122617-0027,7176,0,0.0828,0.7631
1320-122617-0027,7729,0,0.1751,0.8029
1320-122617-0027,8224,0,-0.0602,0.6551
1320-122617-0027,8230,0,0.0018,0.7101
1320-122617-0027,8455,0,0.0498,0.8941
1320-122617-0027,908,0,0.2485,0.8358
1320-122617-0032,1089,0,0.0523,0.8718
1320-122617-0032,1188,0,0.0817,0.8486
1320-122617-0032,1320,1,0.7227,0.9675
1320-122617-0032,2300,0,0.0489,0.8522
1320-122617-0032,260,0,0.2143,0.8852
1320-122617-0032,2830,0,0.1139,0.7804
1320-122617-0032,4077,0,0.1045,0.8877
1320-122617-0032,5105,0,0.4172,0.9541
1320-122617-0032,5639,0,-0.0442,0.757
1320-122617-0032,61,0,0.1389,0.833
1320-122617-0032,672,0,0.1844,0.891
1320-122617-0032,6930,0,0.2632,0.8406
1320-122617-0032,7021,0,0.1848,0.9317
1320-122617-0032,7127,0,0.0706,0.8975
1320-122617-0032,7176,0,0.1167,0.8361
1320-122617-0032,7729,0,0.1476,0.8672
1320-122617-0032,8224,0,0.0111,0.6994
1320-122617-0032,8230,0,-0.0572,0.7672
1320-122617-0032,8455,0,0.1099,0.9045
1320-122617-0032,908,0,0.2659,0.8979
1320-122617-0037,1089,0,0.036,0.8426
1320-122617-0037,1188,0,0.0512,0.8362
1320-122617-0037,1320,1,0.6694,0.9546
1320-122617-0037,2300,0,0.0039,0.8314
1320-122617-0037,260,0,0.2222,0.8743
1320-122617-0037,2830,0,0.0431,0.7761
1320-122617-0037,4077,0,0.1057,0.8791
1320-122617-0037,5105,0,0.439,0.9328
1320-122617-0037,5639,0,0.0069,0.7261
1320-122617-0037,61,0,0.1199,0.8117
1320-122617-0037,672,0,0.2075,0.8707
1320-122617-0037,6930,0,0.3111,0.8377
1320-122617-0037,7021,0,0.1866,0.8983
1320-122617-0037,7127,0,0.0468,0.8939
1320-122617-0037,7176,0,0.1403,0.8375
1320-122617-0037,7729,0,0.1455,0.8206
1320-122617-0037,8224,0,0.0096,0.6941
1320-122617-0037,8230,0,-0.0289,0.7469
1320-122617-0037,8455,0,0.103,0.9045
1320-122617-0037,908,0,0.3025,0.861
1320-122617-0041,1089,0,-0.016,0.8566
1320-122617-0041,1188,0,0.1475,0.8541
1320-122617-0041,1320,1,0.6275,0.9761
1320-122617-0041,2300,0,-0.0263,0.8519
1320-122617-0041,260,0,0.1275,0.8565
1320-122617-0041,2830,0,0.0618,0.7769
1320-122617-0041,4077,0,-0.005,0.8408
1320-122617-0041,5105,0,0.2545,0.9444
1320-122617-0041,5639,0,-0.0513,0.7234
1320-122617-0041,61,0,0.0727,0.7565
1320-122617-0041,672,0,0.1651,0.8834
1320-122617-0041,6930,0,0.1728,0.8316
1320-122617-0041,7021,0,0.0302,0.9227
1320-122617-0041,7127,0,0.0324,0.8917
1320-122617-0041,7176,0,0.0036,0.7679
1320-122617-0041,7729,0,0.1109,0.8022
1320-122617-0041,8224,0,-0.0711,0.7145
1320-122617-0041,8230,0,-0.0671,0.7356
1320-122617-0041,8455,0,0.01,0.9226
1320-122617-0041,908,0,0.2,0.8433
1580-141083-0006,121,0,-0.1434,0.766
1580-141083-0006,1221,0,0.1744,0.8959
1580-141083-0006,1284,0,0.2763,0.8925
1580-141083-0006,1580,1,0.5678,0.9561
1580-141083-0006,1995,0,0.0844,0.7713
1580-141083-0006,2094,0,0.2083,0.8653
1580-141083-0006,237,0,0.1389,0.9036
1580-141083-0006,2961,0,0.0584,0.6545
1580-141083-0006,3570,0,0.1552,0.7519
1580-141083-0006,3575,0,0.1212,0.8434
1580-141083-0006,3729,0,-0.0678,0.8182
1580-141083-0006,4446,0,0.2368,0.89
1580-141083-0006,4507,0,0.0342,0.8517
1580-141083-0006,4970,0,0.2562,0.8422
1580-141083-0006,4992,0,0.1156,0.8339
1580-141083-0006,5142,0,0.0124,0.7757
1580-141083-0006,5683,0,0.1061,0.93
1580-141083-0006,6829,0,0.1583,0.8554
1580-141083-0006,8463,0,0.2074,0.7732
1580-141083-0006,8555,0,0.1191,0.8156
1580-141083-0007,121,0,-0.1012,0.7927
1580-141083-0007,1221,0,0.0928,0.9105
1580-141083-0007,1284,0,0.1714,0.9009
1580-141083-0007,1580,1,0.5515,0.9538
1580-141083-0007,1995,0,0.0312,0.8231
1580-141083-0007,2094,0,0.1748,0.8798
1580-141083-0007,237,0,0.1106,0.9373
1580-141083-0007,2961,0,0.0799,0.6776
1580-141083-0007,3570,0,0.1756,0.758
1580-141083-0007,3575,0,0.1624,0.8027
1580-141083-0007,3729,0,0.021,0.8433
1580-141083-0007,4446,0,0.2581,0.9176
1580-141083-0007,4507,0,0.0296,0.8477
1580-141083-0007,4970,0,0.2154,0.816
1580-141083-0007,4992,0,0.0995,0.8827
1580-141083-0007,5142,0,-0.0787,0.8231
1580-141083-0007,5683,0,0.0546,0.9237
1580-141083-0007,6829,0,0.1524,0.8484
1580-141083-0007,8463,0,0.1411,0.8314
1580-141083-0007,8555,0,0.1252,0.8522
1580-141083-0010,121,0,-0.1688,0.7669
1580-141083-0010,1221,0,0.0612,0.9087
1580-141083-0010,1284,0,0.2218,0.8797
1580-141083-0010,1580,1,0.5108,0.9103
1580-141083-0010,1995,0,0.0193,0.8163
1580-141083-0010,2094,0,0.0921,0.8861
1580-141083-0010,237,0,0.0807,0.921
1580-141083-0010,2961,0,0.0784,0.6587
1580-141083-0010,3570,0,0.1348,0.7468
1580-141083-0010,3575,0,0.0528,0.8052
1580-141083-0010,3729,0,-0.0941,0.827
1580-141083-0010,4446,0,0.2877,0.8979
1580-141083-0010,4507,0,0.032,0.8384
1580-141083-0010,4970,0,0.3116,0.8322
1580-141083-0010,4992,0,0.0954,0.8783
1580-141083-0010,5142,0,-0.0338,0.817
1580-141083-0010,5683,0,-0.0094,0.8787
1580-141083-0010,6829,0,0.126,0.8721
1580-141083-0010,8463,0,0.202,0.8328
1580-141083-0010,8555,0,0.1204,0.8253
1580-141083-0016,121,0,-0.0844,0.7928
1580-141083-0016,1221,0,0.0759,0.8933
1580-141083-0016,1284,0,0.32,0.9208
1580-141083-0016,1580,1,0.5253,0.9399
1580-141083-0016,1995,0,0.1305,0.8498
1580-141083-0016,2094,0,0.1829,0.8894
1580-141083-0016,237,0,0.2799,0.9407
1580-141083-0016,2961,0,0.1347,0.6977
1580-141083-0016,3570,0,0.2007,0.7448
1580-141083-0016,3575,0,0.1333,0.7602
1580-141083-0016,3729,0,-0.103,0.8384
1580-141083-0016,4446,0,0.2298,0.9188
1580-141083-0016,4507,0,0.0586,0.8148
1580-141083-0016,4970,0,0.2539,0.774
1580-141083-0016,4992,0,0.0386,0.8853
1580-141083-0016,5142,0,-0.0182,0.8093
1580-141083-0016,5683,0,0.1802,0.8837
1580-141083-0016,6829,0,0.0809,0.8379
1580-141083-0016,8463,0,0.1974,0.8413
1580-141083-0016,8555,0,0.1562,0.8076
1580-141083-0027,121,0,-0.122,0.8462
1580-141083-0027,1221,0,0.0931,0.8544
1580-141083-0027,1284,0,0.1919,0.8496
1580-141083-0027,1580,1,0.5854,0.934
1580-141083-0027,1995,0,-0.0358,0.8383
1580-141083-0027,2094,0,0.1871,0.8876
1580-141083-0027,237,0,0.1354,0.918
1580-141083-0027,2961,0,0.1453,0.7592
1580-141083-0027,3570,0,0.1436,0.8458
1580-141083-0027,3575,0,0.1401,0.8688
1580-141083-0027,3729,0,-0.0371,0.8346
1580-141083-0027,4446,0,0.1696,0.8515
1580-141083-0027,4507,0,0.066,0.857
1580-141083-0027,4970,0,0.2687,0.7871
1580-141083-0027,4992,0,0.1444,0.8486
1580-141083-0027,5142,0,-0.0883,0.735
1580-141083-0027,5683,0,-0.0568,0.8867
1580-141083-0027,6829,0,0.0966,0.828
1580-141083-0027,8463,0,0.1851,0.8
1580-141083-0027,8555,0,0.089,0.8051
1580-141083-0044,121,0,-0.1271,0.8263
1580-141083-0044,1221,0,0.0698,0.9225
1580-141083-0044,1284,0,0.1923,0.9005
1580-141083-0044,1580,1,0.4335,0.9479
1580-141083-0044,1995,0,0.0837,0.8432
1580-141083-0044,2094,0,0.2787,0.9032
1580-141083-0044,237,0,0.0729,0.9318
1580-141083-0044,2961,0,0.1685,0.7274
1580-141083-0044,3570,0,0.1771,0.8041
1580-141083-0044,3575,0,0.017,0.7978
1580-141083-0044,3729,0,-0.0121,0.8692
1580-141083-0044,4446,0,0.2061,0.9244
1580-141083-0044,4507,0,0.148,0.8693
1580-141083-0044,4970,0,0.2316,0.7855
1580-141083-0044,4992,0,0.0524,0.8931
1580-141083-0044,5142,0,0.0431,0.7956
1580-141083-0044,5683,0,0.1019,0.8941
1580-141083-0044,6829,0,0.1761,0.8697
1580-141083-0044,8463,0,0.1746,0.8259
1580-141083-0044,8555,0,0.1403,0.8157
1580-141084-0002,121,0,-0.0541,0.8578
1580-141084-0002,1221,0,0.1634,0.899
1580-141084-0002,1284,0,0.1874,0.8753
1580-141084-0002,1580,1,0.5948,0.9625
1580-141084-0002,1995,0,0.0418,0.8138
1580-141084-0002,2094,0,0.2333,0.8983
1580-141084-0002,237,0,0.1974,0.9199
1580-141084-0002,2961,0,0.1771,0.7544
1580-141084-0002,3570,0,0.2373,0.8507
1580-141084-0002,3575,0,0.1397,0.8416
1580-141084-0002,3729,0,0.0709,0.8818
1580-141084-0002,4446,0,0.1424,0.8965
1580-141084-0002,4507,0,0.2347,0.8991
1580-141084-0002,4970,0,0.1939,0.7883
1580-141084-0002,4992,0,0.0852,0.8696
1580-141084-0002,5142,0,0.025,0.766
1580-141084-0002,5683,0,0.0641,0.9191
1580-141084-0002,6829,0,0.164,0.8535
1580-141084-0002,8463,0,0.1737,0.8019
1580-141084-0002,8555,0,0.134,0.8178
1580-141084-0009,121,0,-0.1126,0.797
1580-141084-0009,1221,0,0.0951,0.8696
1580-141084-0009,1284,0,0.2038,0.8522
1580-141084-0009,1580,1,0.6277,0.9519
1580-141084-0009,1995,0,-0.0145,0.7345
1580-141084-0009,2094,0,0.1098,0.8516
1580-141084-0009,237,0,0.0448,0.874
1580-141084-0009,2961,0,0.1227,0.6679
1580-141084-0009,3570,0,0.1207,0.7772
1580-141084-0009,3575,0,0.1635,0.864
1580-141084-0009,3729,0,-0.1218,0.8212
1580-141084-0009,4446,0,0.0789,0.8611
1580-141084-0009,4507,0,0.0203,0.8601
1580-141084-0009,4970,0,0.1836,0.8202
1580-141084-0009,4992,0,0.0651,0.8091
1580-141084-0009,5142,0,-0.0703,0.7205
1580-141084-0009,5683,0,0.0836,0.9046
1580-141084-0009,6829,0,0.0964,0.8265
1580-141084-0009,8463,0,0.1276,0.7526
1580-141084-0009,8555,0,0.0829,0.7756
1580-141084-0010,121,0,-0.149,0.8444
1580-141084-0010,1221,0,0.0135,0.8867
1580-141084-0010,1284,0,0.1561,0.9106
1580-141084-0010,1580,1,0.5263,0.9709
1580-141084-0010,1995,0,0.0559,0.8232
1580-141084-0010,2094,0,0.2268,0.9237
1580-141084-0010,237,0,0.1663,0.8886
1580-141084-0010,2961,0,0.1268,0.7294
1580-141084-0010,3570,0,0.1729,0.76
1580-141084-0010,3575,0,0.1253,0.7662
1580-141084-0010,3729,0,-0.0743,0.8632
1580-141084-0010,4446,0,0.0907,0.9184
1580-141084-0010,4507,0,0.0839,0.8759
1580-141084-0010,4970,0,0.1785,0.7297
1580-141084-0010,4992,0,0.0269,0.8775
1580-141084-0010,5142,0,0.0445,0.7756
1580-141084-0010,5683,0,-0.0094,0.8742
1580-141084-0010,6829,0,0.1305,0.8561
1580-141084-0010,8463,0,0.1733,0.8274
1580-141084-0010,8555,0,0.0832,0.7618
1580-141084-0042,121,0,-0.084,0.8227
1580-141084-0042,1221,0,0.0114,0.8809
1580-141084-0042,1284,0,0.1965,0.8949
1580-141084-0042,1580,1,0.5912,0.9753
1580-141084-0042,1995,0,-0.1049,0.7623
1580-141084-0042,2094,0,0.099,0.8673
1580-141084-0042,237,0,0.0232,0.8786
1580-141084-0042,2961,0,0.1519,0.7066
1580-141084-0042,3570,0,0.1789,0.781
1580-141084-0042,3575,0,0.1197,0.8135
1580-141084-0042,3729,0,-0.0529,0.8581
1580-141084-0042,4446,0,0.2534,0.9049
1580-141084-0042,4507,0,0.0682,0.8727
1580-141084-0042,4970,0,0.2154,0.7826
1580-141084-0042,4992,0,0.1025,0.8347
1580-141084-0042,5142,0,-0.0759,0.7397
1580-141084-0042,5683,0,-0.0645,0.9076
1580-141084-0042,6829,0,0.0935,0.8386
1580-141084-0042,8463,0,0.1376,0.7768
1580-141084-0042,8555,0,0.0707,0.7691
1995-1826-0002,121,0,0.0361,0.8526
1995-1826-0002,1221,0,-0.1059,0.8321
1995-1826-0002,1284,0,0.1934,0.8708
1995-1826-0002,1580,0,0.0102,0.8289
1995-1826-0002,1995,1,0.5433,0.9624
1995-1826-0002,2094,0,0.201,0.9199
1995-1826-0002,237,0,0.1624,0.872
1995-1826-0002,2961,0,0.0381,0.7515
1995-1826-0002,3570,0,0.155,0.7077
1995-1826-0002,3575,0,0.2134,0.6529
1995-1826-0002,3729,0,-0.0277,0.8493
1995-1826-0002,4446,0,0.0052,0.8848
1995-1826-0002,4507,0,-0.0728,0.7723
1995-1826-0002,4970,0,0.0487,0.6251
1995-1826-0002,4992,0,0.0481,0.9226
1995-1826-0002,5142,0,-0.0247,0.7983
1995-1826-0002,5683,0,0.154,0.76
1995-1826-0002,6829,0,0.0545,0.7974
1995-1826-0002,8463,0,0.141,0.8994
1995-1826-0002,8555,0,-0.0372,0.7456
1995-1826-0009,121,0,0.0429,0.8539
1995-1826-0009,1221,0,-0.0087,0.8578
1995-1826-0009,1284,0,0.11,0.8457
1995-1826-0009,1580,0,0.0621,0.798
1995-1826-0009,1995,1,0.4882,0.9601
1995-1826-0009,2094,0,0.2359,0.9116
1995-1826-0009,237,0,0.1314,0.8791
1995-1826-0009,2961,0,0.1097,0.7891
1995-1826-0009,3570,0,0.0906,0.7414
1995-1826-0009,3575,0,0.0683,0.6712
1995-1826-0009,3729,0,0.1085,0.8729
1995-1826-0009,4446,0,-0.0115,0.8769
1995-1826-0009,4507,0,0.0432,0.8073
1995-1826-0009,4970,0,0.0464,0.6746
1995-1826-0009,4992,0,0.0236,0.9325
1995-1826-0009,5142,0,-0.0132,0.8356
1995-1826-0009,5683,0,0.1795,0.7727
1995-1826-0009,6829,0,0.1265,0.8453
1995-1826-0009,8463,0,0.0734,0.9125
1995-1826-0009,8555,0,-0.038,0.775
1995-1826-0018,121,0,-0.0319,0.8313
1995-1826-0018,1221,0,-0.0464,0.859
1995-1826-0018,1284,0,0.1928,0.8497
1995-1826-0018,1580,0,0.1022,0.8005
1995-1826-0018,1995,1,0.5927,0.9696
1995-1826-0018,2094,0,0.3901,0.8983
1995-1826-0018,237,0,0.1199,0.8774
1995-1826-0018,2961,0,0.0142,0.7626
1995-1826-0018,3570,0,0.1152,0.718
1995-1826-0018,3575,0,0.1066,0.6636
1995-1826-0018,3729,0,0.0724,0.8517
1995-1826-0018,4446,0,-0.0253,0.8743
1995-1826-0018,4507,0,-0.0653,0.7883
1995-1826-0018,4970,0,0.0426,0.6744
1995-1826-0018,4992,0,-0.0258,0.9334
1995-1826-0018,5142,0,0.0103,0.8405
1995-1826-0018,5683,0,0.1247,0.7709
1995-1826-0018,6829,0,0.0557,0.8299
1995-1826-0018,8463,0,0.0219,0.9098
1995-1826-0018,8555,0,-0.0015,0.7931
1995-1826-0021,121,0,0.0805,0.8643
1995-1826-0021,1221,0,-0.0199,0.8337
1995-1826-0021,1284,0,0.155,0.8428
1995-1826-0021,1580,0,0.0669,0.8018
1995-1826-0021,1995,1,0.6292,0.981
1995-1826-0021,2094,0,0.2916,0.8899
1995-1826-0021,237,0,0.066,0.8787
1995-1826-0021,2961,0,0.0456,0.7939
1995-1826-0021,3570,0,0.1091,0.7389
1995-1826-0021,3575,0,0.0788,0.6535
1995-1826-0021,3729,0,0.0461,0.8492
1995-1826-0021,4446,0,-0.0226,0.8648
1995-1826-0021,4507,0,-0.0477,0.7717
1995-1826-0021,4970,0,-0.0009,0.6411
1995-1826-0021,4992,0,0.0519,0.9279
1995-1826-0021,5142,0,-0.0211,0.8133
1995-1826-0021,5683,0,0.1176,0.7577
1995-1826-0021,6829,0,0.1209,0.7803
1995-1826-0021,8463,0,0.0995,0.9256
1995-1826-0021,8555,0,0.0156,0.7805
1995-1826-0023,121,0,-0.0356,0.8048
1995-1826-0023,1221,0,-0.0378,0.7182
1995-1826-0023,1284,0,0.1586,0.7573
1995-1826-0023,1580,0,0.0046,0.6953
1995-1826-0023,1995,1,0.564,0.9262
1995-1826-0023,2094,0,0.1533,0.7886
1995-1826-0023,237,0,-0.0285,0.7546
1995-1826-0023,2961,0,0.0686,0.8325
1995-1826-0023,3570,0,0.0025,0.7066
1995-1826-0023,3575,0,0.0308,0.6053
1995-1826-0023,3729,0,-0.0126,0.7564
1995-1826-0023,4446,0,0.0153,0.7385
1995-1826-0023,4507,0,-0.0313,0.6934
1995-1826-0023,4970,0,-0.0171,0.5664
1995-1826-0023,4992,0,0.0486,0.815
1995-1826-0023,5142,0,0.0221,0.7029
1995-1826-0023,5683,0,0.057,0.6631
1995-1826-0023,6829,0,-0.0252,0.7237
1995-1826-0023,8463,0,-0.0381,0.8185
1995-1826-0023,8555,0,-0.0316,0.6674
1995-1836-0005,121,0,-0.0,0.8775
1995-1836-0005,1221,0,-0.0607,0.8493
1995-1836-0005,1284,0,0.2874,0.8514
1995-1836-0005,1580,0,0.0915,0.8151
1995-1836-0005,1995,1,0.6382,0.9748
1995-1836-0005,2094,0,0.3061,0.9139
1995-1836-0005,237,0,0.0696,0.892
1995-1836-0005,2961,0,0.0394,0.8213
1995-1836-0005,3570,0,0.1028,0.7698
1995-1836-0005,3575,0,-0.0057,0.7049
1995-1836-0005,3729,0,0.0226,0.8771
1995-1836-0005,4446,0,0.0434,0.8728
1995-1836-0005,4507,0,-0.0144,0.8064
1995-1836-0005,4970,0,0.0055,0.6766
1995-1836-0005,4992,0,0.0593,0.9298
1995-1836-0005,5142,0,-0.0104,0.8103
1995-1836-0005,5683,0,0.0052,0.7822
1995-1836-0005,6829,0,0.0327,0.8341
1995-1836-0005,8463,0,0.0254,0.913
1995-1836-0005,8555,0,-0.0204,0.7749
1995-1837-0001,121,0,0.017,0.884
1995-1837-0001,1221,0,-0.0433,0.8523
1995-1837-0001,1284,0,0.1661,0.8416
1995-1837-0001,1580,0,0.0341,0.8085
1995-1837-0001,1995,1,0.6588,0.9503
1995-1837-0001,2094,0,0.3377,0.9067
1995-1837-0001,237,0,0.0907,0.8724
1995-1837-0001,2961,0,-0.0083,0.8365
1995-1837-0001,3570,0,0.1328,0.791
1995-1837-0001,3575,0,0.0014,0.6734
1995-1837-0001,3729,0,0.1683,0.8899
1995-1837-0001,4446,0,0.0363,0.8676
1995-1837-0001,4507,0,0.0458,0.8351
1995-1837-0001,4970,0,0.0266,0.6381
1995-1837-0001,4992,0,0.08,0.9193
1995-1837-0001,5142,0,0.0158,0.7926
1995-1837-0001,5683,0,0.1379,0.7675
1995-1837-0001,6829,0,0.0726,0.8451
1995-1837-0001,8463,0,-0.0509,0.8766
1995-1837-0001,8555,0,-0.0206,0.7476
1995-1837-0014,121,0,0.0879,0.8591
1995-1837-0014,1221,0,-0.0253,0.8742
1995-1837-0014,1284,0,0.2457,0.863
1995-1837-0014,1580,0,0.0854,0.8372
1995-1837-0014,1995,1,0.6348,0.9653
1995-1837-0014,2094,0,0.2735,0.9274
1995-1837-0014,237,0,0.155,0.9033
1995-1837-0014,2961,0,0.0376,0.777
1995-1837-0014,3570,0,0.1214,0.7523
1995-1837-0014,3575,0,0.0265,0.7221
1995-1837-0014,3729,0,0.0924,0.8766
1995-1837-0014,4446,0,0.1051,0.8877
1995-1837-0014,4507,0,0.0896,0.827
1995-1837-0014,4970,0,0.0268,0.7162
1995-1837-0014,4992,0,0.0472,0.9426
1995-1837-0014,5142,0,-0.0108,0.8433
1995-1837-0014,5683,0,0.1584,0.8107
1995-1837-0014,6829,0,0.0925,0.8602
1995-1837-0014,8463,0,-0.0207,0.9188
1995-1837-0014,8555,0,-0.0172,0.808
1995-1837-0018,121,0,0.11,0.8843
1995-1837-0018,1221,0,0.0768,0.8695
1995-1837-0018,1284,0,0.1262,0.8596
1995-1837-0018,1580,0,0.0974,0.8373
1995-1837-0018,1995,1,0.5142,0.9634
1995-1837-0018,2094,0,0.2503,0.9193
1995-1837-0018,237,0,0.1895,0.8866
1995-1837-0018,2961,0,0.0532,0.8198
1995-1837-0018,3570,0,0.167,0.7604
1995-1837-0018,3575,0,0.0603,0.6734
1995-1837-0018,3729,0,0.1817,0.8858
1995-1837-0018,4446,0,0.0331,0.8957
1995-1837-0018,4507,0,0.1053,0.8194
1995-1837-0018,4970,0,-0.018,0.6573
1995-1837-0018,4992,0,0.117,0.9484
1995-1837-0018,5142,0,-0.0041,0.8236
1995-1837-0018,5683,0,0.1929,0.7753
1995-1837-0018,6829,0,0.2061,0.8443
1995-1837-0018,8463,0,0.0585,0.9343
1995-1837-0018,8555,0,-0.0027,0.7694
1995-1837-0026,121,0,0.0212,0.845
1995-1837-0026,1221,0,-0.0576,0.8336
1995-1837-0026,1284,0,0.2609,0.8534
1995-1837-0026,1580,0,0.0316,0.8019
1995-1837-0026,1995,1,0.6258,0.9453
1995-1837-0026,2094,0,0.3006,0.9045
1995-1837-0026,237,0,0.0312,0.8492
1995-1837-0026,2961,0,-0.0305,0.8002
1995-1837-0026,3570,0,0.066,0.7298
1995-1837-0026,3575,0,0.0364,0.6728
1995-1837-0026,3729,0,0.0893,0.8458
1995-1837-0026,4446,0,-0.0059,0.8574
1995-1837-0026,4507,0,-0.0088,0.7772
1995-1837-0026,4970,0,-0.0465,0.6527
1995-1837-0026,4992,0,-0.0062,0.9123
1995-1837-0026,5142,0,-0.1279,0.7838
1995-1837-0026,5683,0,0.1165,0.7492
1995-1837-0026,6829,0,0.0571,0.8341
1995-1837-0026,8463,0,-0.0014,0.9007
1995-1837-0026,8555,0,-0.1052,0.7211
2094-142345-0001,121,0,-0.0164,0.8628
2094-142345-0001,1221,0,0.0109,0.8919
2094-142345-0001,1284,0,0.1594,0.8775
2094-142345-0001,1580,0,0.103,0.8768
2094-142345-0001,1995,0,0.2084,0.8639
2094-142345-0001,2094,1,0.6579,0.9717
2094-142345-0001,237,0,0.0148,0.8705
2094-142345-0001,2961,0,0.0936,0.7932
2094-142345-0001,3570,0,0.1338,0.7853
2094-142345-0001,3575,0,0.0781,0.812
2094-142345-0001,3729,0,0.0762,0.9041
2094-142345-0001,4446,0,0.2278,0.8966
2094-142345-0001,4507,0,0.0184,0.8766
2094-142345-0001,4970,0,0.0328,0.7788
2094-142345-0001,4992,0,0.0838,0.91
2094-142345-0001,5142,0,0.0687,0.81
2094-142345-0001,5683,0,0.0288,0.8554
2094-142345-0001,6829,0,0.16,0.9365
2094-142345-0001,8463,0,0.029,0.8828
2094-142345-0001,8555,0,-0.0843,0.762
2094-142345-0013,121,0,0.0177,0.8648
2094-142345-0013,1221,0,0.0253,0.8777
2094-142345-0013,1284,0,0.2014,0.8737
2094-142345-0013,1580,0,0.1224,0.8667
2094-142345-0013,1995,0,0.1993,0.8742
2094-142345-0013,2094,1,0.6698,0.9688
2094-142345-0013,237,0,0.0505,0.875
2094-142345-0013,2961,0,0.0638,0.7926
2094-142345-0013,3570,0,0.0528,0.7847
2094-142345-0013,3575,0,0.1654,0.7978
2094-142345-0013,3729,0,0.046,0.8917
2094-142345-0013,4446,0,0.122,0.8881
2094-142345-0013,4507,0,-0.0003,0.8578
2094-142345-0013,4970,0,0.0567,0.7545
2094-142345-0013,4992,0,0.0296,0.9057
2094-142345-0013,5142,0,0.0356,0.7906
2094-142345-0013,5683,0,0.0455,0.8341
2094-142345-0013,6829,0,0.2131,0.9165
2094-142345-0013,8463,0,0.112,0.884
2094-142345-0013,8555,0,-0.0221,0.7411
2094-142345-0021,121,0,-0.0451,0.8252
2094-142345-0021,1221,0,0.0225,0.8895
2094-142345-0021,1284,0,0.205,0.9
2094-142345-0021,1580,0,0.1408,0.8498
2094-142345-0021,1995,0,0.334,0.8631
2094-142345-0021,2094,1,0.6583,0.972
2094-142345-0021,237,0,0.1353,0.8714
2094-142345-0021,2961,0,0.1276,0.7125
2094-142345-0021,3570,0,0.1073,0.7009
2094-142345-0021,3575,0,0.1301,0.7241
2094-142345-0021,3729,0,0.0185,0.8856
2094-142345-0021,4446,0,0.0514,0.9213
2094-142345-0021,4507,0,-0.0881,0.82
2094-142345-0021,4970,0,0.1186,0.7304
2094-142345-0021,4992,0,0.0296,0.9189
2094-142345-0021,5142,0,0.014,0.8217
2094-142345-0021,5683,0,0.1121,0.8112
2094-142345-0021,6829,0,0.1391,0.9015
2094-142345-0021,8463,0,0.174,0.8968
2094-142345-0021,8555,0,-0.0432,0.7236
2094-142345-0024,121,0,0.0825,0.8684
2094-142345-0024,1221,0,-0.0641,0.8352
2094-142345-0024,1284,0,0.1679,0.8178
2094-142345-0024,1580,0,0.1394,0.8562
2094-142345-0024,1995,0,0.1223,0.852
2094-142345-0024,2094,1,0.5115,0.9053
2094-142345-0024,237,0,0.0771,0.8287
2094-142345-0024,2961,0,0.1445,0.8266
2094-142345-0024,3570,0,0.1682,0.8144
2094-142345-0024,3575,0,0.1783,0.7402
2094-142345-0024,3729,0,0.102,0.873
2094-142345-0024,4446,0,0.1069,0.8425
2094-142345-0024,4507,0,0.098,0.8609
2094-142345-0024,4970,0,-0.0038,0.6728
2094-142345-0024,4992,0,0.0756,0.8747
2094-142345-0024,5142,0,-0.0157,0.7474
2094-142345-0024,5683,0,0.0314,0.7968
2094-142345-0024,6829,0,0.1751,0.8591
2094-142345-0024,8463,0,0.0819,0.8349
2094-142345-0024,8555,0,0.0822,0.732
2094-142345-0028,121,0,0.0662,0.7554
2094-142345-0028,1221,0,0.1482,0.9233
2094-142345-0028,1284,0,0.163,0.854
2094-142345-0028,1580,0,0.0327,0.8336
2094-142345-0028,1995,0,0.1777,0.8103
2094-142345-0028,2094,1,0.6861,0.9355
2094-142345-0028,237,0,0.1485,0.8561
2094-142345-0028,2961,0,0.0538,0.6117
2094-142345-0028,3570,0,0.2015,0.6546
2094-142345-0028,3575,0,0.2268,0.7411
2094-142345-0028,3729,0,0.152,0.8753
2094-142345-0028,4446,0,0.0984,0.9127
2094-142345-0028,4507,0,0.0236,0.8433
2094-142345-0028,4970,0,-0.0472,0.8128
2094-142345-0028,4992,0,0.148,0.928
2094-142345-0028,5142,0,0.053,0.8973
2094-142345-0028,5683,0,0.0599,0.8431
2094-142345-0028,6829,0,0.2605,0.9331
2094-142345-0028,8463,0,0.0284,0.8889
2094-142345-0028,8555,0,0.0309,0.8149
2094-142345-0034,121,0,-0.0489,0.8066
2094-142345-0034,1221,0,0.1091,0.8935
2094-142345-0034,1284,0,0.1994,0.8809
2094-142345-0034,1580,0,0.1269,0.8613
2094-142345-0034,1995,0,0.199,0.8592
2094-142345-0034,2094,1,0.7767,0.9734
2094-142345-0034,237,0,0.1063,0.8623
2094-142345-0034,2961,0,0.0352,0.6917
2094-142345-0034,3570,0,0.0925,0.6933
2094-142345-0034,3575,0,0.1227,0.7829
2094-142345-0034,3729,0,0.0399,0.8682
2094-142345-0034,4446,0,0.0717,0.8941
2094-142345-0034,4507,0,0.018,0.8399
2094-142345-0034,4970,0,0.0341,0.7808
2094-142345-0034,4992,0,0.1139,0.9158
2094-142345-0034,5142,0,0.1301,0.8393
2094-142345-0034,5683,0,0.0999,0.8482
2094-142345-0034,6829,0,0.2208,0.9269
2094-142345-0034,8463,0,0.1221,0.8816
2094-142345-0034,8555,0,0.0709,0.7669
2094-142345-0036,121,0,-0.0343,0.8435
2094-142345-0036,1221,0,0.0718,0.9178
2094-142345-0036,1284,0,0.168,0.872
2094-142345-0036,1580,0,0.1227,0.8432
2094-142345-0036,1995,0,0.1904,0.8783
2094-142345-0036,2094,1,0.7477,0.9626
2094-142345-0036,237,0,0.126,0.8887
2094-142345-0036,2961,0,0.0486,0.7469
2094-142345-0036,3570,0,0.1062,0.7464
2094-142345-0036,3575,0,0.1564,0.7217
2094-142345-0036,3729,0,0.1098,0.914
2094-142345-0036,4446,0,0.0638,0.9246
2094-142345-0036,4507,0,0.02,0.8574
2094-142345-0036,4970,0,0.0286,0.7392
2094-142345-0036,4992,0,0.1213,0.9523
2094-142345-0036,5142,0,0.1153,0.8561
2094-142345-0036,5683,0,0.0518,0.8126
2094-142345-0036,6829,0,0.2648,0.9286
2094-142345-0036,8463,0,0.0616,0.9228
2094-142345-0036,8555,0,0.0202,0.7689
2094-142345-0037,121,0,-0.0298,0.8169
2094-142345-0037,1221,0,0.0629,0.9119
2094-142345-0037,1284,0,0.2442,0.8987
2094-142345-0037,1580,0,0.1002,0.8939
2094-142345-0037,1995,0,0.2616,0.8698
2094-142345-0037,2094,1,0.7285,0.9827
2094-142345-0037,237,0,0.1203,0.8866
2094-142345-0037,2961,0,0.0072,0.682
2094-142345-0037,3570,0,0.0727,0.7053
2094-142345-0037,3575,0,0.125,0.7779
2094-142345-0037,3729,0,-0.0128,0.8832
2094-142345-0037,4446,0,0.0502,0.9222
2094-142345-0037,4507,0,-0.0376,0.8559
2094-142345-0037,4970,0,0.1231,0.7727
2094-142345-0037,4992,0,0.0634,0.9339
2094-142345-0037,5142,0,0.0807,0.8506
2094-142345-0037,5683,0,0.0781,0.8636
2094-142345-0037,6829,0,0.2191,0.9197
2094-142345-0037,8463,0,0.0406,0.8839
2094-142345-0037,8555,0,0.0055,0.7935
2094-142345-0049,121,0,0.0055,0.8624
2094-142345-0049,1221,0,-0.0052,0.8857
2094-142345-0049,1284,0,0.147,0.8563
2094-142345-0049,1580,0,0.1288,0.8717
2094-142345-0049,1995,0,0.1891,0.857
2094-142345-0049,2094,1,0.7274,0.9762
2094-142345-0049,237,0,0.083,0.8915
2094-142345-0049,2961,0,0.0509,0.7591
2094-142345-0049,3570,0,0.0497,0.7909
2094-142345-0049,3575,0,0.1432,0.8202
2094-142345-0049,3729,0,0.0594,0.8959
2094-142345-0049,4446,0,0.0917,0.8844
2094-142345-0049,4507,0,-0.0188,0.8693
2094-142345-0049,4970,0,0.0618,0.7528
2094-142345-0049,4992,0,0.0345,0.8984
2094-142345-0049,5142,0,0.0902,0.7722
2094-142345-0049,5683,0,0.0417,0.8515
2094-142345-0049,6829,0,0.2261,0.9161
2094-142345-0049,8463,0,0.0318,0.8506
2094-142345-0049,8555,0,0.0142,0.7432
2094-142345-0052,121,0,-0.0311,0.8693
2094-142345-0052,1221,0,0.0605,0.8435
2094-142345-0052,1284,0,0.2159,0.8417
2094-142345-0052,1580,0,0.1197,0.8573
2094-142345-0052,1995,0,0.2296,0.8651
2094-142345-0052,2094,1,0.7607,0.9681
2094-142345-0052,237,0,0.0872,0.8565
2094-142345-0052,2961,0,0.0408,0.7982
2094-142345-0052,3570,0,0.0863,0.7828
2094-142345-0052,3575,0,0.0833,0.7961
2094-142345-0052,3729,0,-0.0037,0.873
2094-142345-0052,4446,0,0.1034,0.853
2094-142345-0052,4507,0,-0.0221,0.8412
2094-142345-0052,4970,0,0.0314,0.6987
2094-142345-0052,4992,0,0.0193,0.8763
2094-142345-0052,5142,0,0.0532,0.7313
2094-142345-0052,5683,0,0.034,0.8204
2094-142345-0052,6829,0,0.1856,0.8836
2094-142345-0052,8463,0,-0.0382,0.8361
2094-142345-0052,8555,0,0.013,0.7023
2300-131720-0001,1089,0,0.135,0.7594
2300-131720-0001,1188,0,0.0504,0.6894
2300-131720-0001,1320,0,0.2355,0.8474
2300-131720-0001,2300,1,0.7542,0.9814
2300-131720-0001,260,0,0.042,0.7362
2300-131720-0001,2830,0,0.0033,0.582
2300-131720-0001,4077,0,0.1957,0.802
2300-131720-0001,5105,0,0.0886,0.8173
2300-131720-0001,5639,0,0.1734,0.5585
2300-131720-0001,61,0,0.3147,0.7204
2300-131720-0001,672,0,0.1093,0.7553
2300-131720-0001,6930,0,0.0782,0.7213
2300-131720-0001,7021,0,0.2227,0.8856
2300-131720-0001,7127,0,0.2553,0.7742
2300-131720-0001,7176,0,0.2218,0.6747
2300-131720-0001,7729,0,0.1748,0.7719
2300-131720-0001,8224,0,0.0139,0.6223
2300-131720-0001,8230,0,0.1087,0.5964
2300-131720-0001,8455,0,0.0418,0.8536
2300-131720-0001,908,0,0.0426,0.7771
2300-131720-0002,1089,0,0.0896,0.7277
2300-131720-0002,1188,0,0.0083,0.6584
2300-131720-0002,1320,0,0.2454,0.8258
2300-131720-0002,2300,1,0.6993,0.9808
2300-131720-0002,260,0,0.1091,0.7027
2300-131720-0002,2830,0,-0.0477,0.5383
2300-131720-0002,4077,0,0.145,0.7823
2300-131720-0002,5105,0,-0.0055,0.7898
2300-131720-0002,5639,0,0.1983,0.5253
2300-131720-0002,61,0,0.2383,0.6776
2300-131720-0002,672,0,0.1207,0.7207
2300-131720-0002,6930,0,0.1035,0.6966
2300-131720-0002,7021,0,0.1091,0.865
2300-131720-0002,7127,0,0.158,0.7514
2300-131720-0002,7176,0,0.1757,0.6305
2300-131720-0002,7729,0,0.1768,0.7464
2300-131720-0002,8224,0,0.0212,0.5959
2300-131720-0002,8230,0,0.0433,0.5486
2300-131720-0002,8455,0,-0.011,0.8437
2300-131720-0002,908,0,0.0272,0.7473
2300-131720-0005,1089,0,0.1177,0.6954
2300-131720-0005,1188,0,-0.0039,0.6224
2300-131720-0005,1320,0,0.2674,0.7862
2300-131720-0005,2300,1,0.6837,0.9721
2300-131720-0005,260,0,0.1406,0.6482
2300-131720-0005,2830,0,0.0532,0.5019
2300-131720-0005,4077,0,0.1199,0.745
2300-131720-0005,5105,0,0.0861,0.7529
2300-131720-0005,5639,0,0.1737,0.4973
2300-131720-0005,61,0,0.1729,0.6309
2300-131720-0005,672,0,0.1603,0.6702
2300-131720-0005,6930,0,0.1871,0.6288
2300-131720-0005,7021,0,0.2398,0.8478
2300-131720-0005,7127,0,0.151,0.7247
2300-131720-0005,7176,0,0.1908,0.573
2300-131720-0005,7729,0,0.1944,0.7522
2300-131720-0005,8224,0,0.0814,0.5407
2300-131720-0005,8230,0,0.0649,0.5004
2300-131720-0005,8455,0,0.0611,0.7784
2300-131720-0005,908,0,0.0864,0.7243
2300-131720-0010,1089,0,0.1273,0.7828
2300-131720-0010,1188,0,0.0004,0.7112
2300-131720-0010,1320,0,0.2916,0.8677
2300-131720-0010,2300,1,0.6974,0.9799
2300-131720-0010,260,0,0.1264,0.7576
2300-131720-0010,2830,0,0.0088,0.6176
2300-131720-0010,4077,0,0.0909,0.7952
2300-131720-0010,5105,0,0.0962,0.8425
2300-131720-0010,5639,0,0.1764,0.5819
2300-131720-0010,61,0,0.2274,0.7408
2300-131720-0010,672,0,0.2166,0.7784
2300-131720-0010,6930,0,0.176,0.7585
2300-131720-0010,7021,0,0.2539,0.9103
2300-131720-0010,7127,0,0.3054,0.7823
2300-131720-0010,7176,0,0.1306,0.6794
2300-131720-0010,7729,0,0.1451,0.7904
2300-131720-0010,8224,0,0.1469,0.6337
2300-131720-0010,8230,0,0.0211,0.6216
2300-131720-0010,8455,0,0.0626,0.859
2300-131720-0010,908,0,0.0841,0.8065
2300-131720-0012,1089,0,0.1049,0.6974
2300-131720-0012,1188,0,0.0195,0.6366
2300-131720-0012,1320,0,0.2008,0.8108
2300-131720-0012,2300,1,0.6861,0.9747
2300-131720-0012,260,0,0.0578,0.6832
2300-131720-0012,2830,0,-0.0029,0.5213
2300-131720-0012,4077,0,0.134,0.7629
2300-131720-0012,5105,0,0.0093,0.7673
2300-131720-0012,5639,0,0.2055,0.4978
2300-131720-0012,61,0,0.2407,0.6596
2300-131720-0012,672,0,0.1558,0.6902
2300-131720-0012,6930,0,0.0757,0.6813
2300-131720-0012,7021,0,0.0934,0.8386
2300-131720-0012,7127,0,0.1797,0.7382
2300-131720-0012,7176,0,0.1388,0.6114
2300-131720-0012,7729,0,0.1253,0.7258
2300-131720-0012,8224,0,0.1143,0.5823
2300-131720-0012,8230,0,0.0918,0.5246
2300-131720-0012,8455,0,0.0637,0.8314
2300-131720-0012,908,0,-0.0527,0.7173
2300-131720-0013,1089,0,0.0923,0.7195
2300-131720-0013,1188,0,0.008,0.6526
2300-131720-0013,1320,0,0.2016,0.8336
2300-131720-0013,2300,1,0.7137,0.9788
2300-131720-0013,260,0,0.1024,0.7013
2300-131720-0013,2830,0,0.0062,0.5443
2300-131720-0013,4077,0,0.1231,0.7876
2300-131720-0013,5105,0,0.0202,0.7959
2300-131720-0013,5639,0,0.164,0.519
2300-131720-0013,61,0,0.2661,0.6746
2300-131720-0013,672,0,0.0732,0.7123
2300-131720-0013,6930,0,0.0856,0.7087
2300-131720-0013,7021,0,0.136,0.8591
2300-131720-0013,7127,0,0.1761,0.7657
2300-131720-0013,7176,0,0.1636,0.6263
2300-131720-0013,7729,0,0.1353,0.7386
2300-131720-0013,8224,0,0.1271,0.5927
2300-131720-0013,8230,0,0.067,0.5446
2300-131720-0013,8455,0,-0.0132,0.8493
2300-131720-0013,908,0,0.0119,0.7314
2300-131720-0021,1089,0,0.1421,0.7562
2300-131720-0021,1188,0,-0.0124,0.681
2300-131720-0021,1320,0,0.2196,0.8489
2300-131720-0021,2300,1,0.7024,0.9813
2300-131720-0021,260,0,-0.0113,0.73
2300-131720-0021,2830,0,0.0208,0.579
2300-131720-0021,4077,0,0.0568,0.8097
2300-131720-0021,5105,0,0.0171,0.8053
2300-131720-0021,5639,0,0.1669,0.5415
2300-131720-0021,61,0,0.2193,0.6989
2300-131720-0021,672,0,0.0733,0.7432
2300-131720-0021,6930,0,0.1203,0.7333
2300-131720-0021,7021,0,0.0494,0.8656
2300-131720-0021,7127,0,0.2938,0.7865
2300-131720-0021,7176,0,0.1234,0.6559
2300-131720-0021,7729,0,0.1107,0.7483
2300-131720-0021,8224,0,0.1212,0.6005
2300-131720-0021,8230,0,0.0845,0.5865
2300-131720-0021,8455,0,0.0366,0.8756
2300-131720-0021,908,0,-0.1381,0.745
2300-131720-0034,1089,0,0.0961,0.7435
2300-131720-0034,1188,0,0.0404,0.6477
2300-131720-0034,1320,0,0.266,0.8333
2300-131720-0034,2300,1,0.6891,0.9878
2300-131720-0034,260,0,0.0372,0.687
2300-131720-0034,2830,0,-0.0321,0.519
2300-131720-0034,4077,0,0.1175,0.7683
2300-131720-0034,5105,0,0.0633,0.7903
2300-131720-0034,5639,0,0.135,0.4988
2300-131720-0034,61,0,0.2429,0.6687
2300-131720-0034,672,0,0.05,0.7233
2300-131720-0034,6930,0,0.088,0.6782
2300-131720-0034,7021,0,0.2224,0.8823
2300-131720-0034,7127,0,0.2365,0.7484
2300-131720-0034,7176,0,0.1855,0.6234
2300-131720-0034,7729,0,0.2013,0.7386
2300-131720-0034,8224,0,0.0247,0.5676
2300-131720-0034,8230,0,0.0501,0.5467
2300-131720-0034,8455,0,0.0928,0.8403
2300-131720-0034,908,0,0.1201,0.7628
2300-131720-0037,1089,0,0.113,0.731
2300-131720-0037,1188,0,0.0301,0.6477
2300-131720-0037,1320,0,0.3397,0.831
2300-131720-0037,2300,1,0.6938,0.9813
2300-131720-0037,260,0,-0.0061,0.6947
2300-131720-0037,2830,0,-0.0544,0.5336
2300-131720-0037,4077,0,0.1669,0.7414
2300-131720-0037,5105,0,0.0425,0.7978
2300-131720-0037,5639,0,0.1167,0.504
2300-131720-0037,61,0,0.2536,0.6863
2300-131720-0037,672,0,0.127,0.7244
2300-131720-0037,6930,0,0.1408,0.702
2300-131720-0037,7021,0,0.2209,0.8859
2300-131720-0037,7127,0,0.199,0.7285
2300-131720-0037,7176,0,0.1335,0.6322
2300-131720-0037,7729,0,0.1733,0.7322
2300-131720-0037,8224,0,0.0224,0.5877
2300-131720-0037,8230,0,-0.0226,0.5579
2300-131720-0037,8455,0,0.069,0.8307
2300-131720-0037,908,0,0.0916,0.7659
2300-131720-0040,1089,0,0.0894,0.7518
2300-131720-0040,1188,0,-0.055,0.6514
2300-131720-0040,1320,0,0.2172,0.8275
2300-131720-0040,2300,1,0.6619,0.9862
2300-131720-0040,260,0,-0.0404,0.6807
2300-131720-0040,2830,0,0.0012,0.5276
2300-131720-0040,4077,0,0.1044,0.7686
2300-131720-0040,5105,0,0.023,0.7839
2300-131720-0040,5639,0,0.1491,0.5138
2300-131720-0040,61,0,0.1812,0.6676
2300-131720-0040,672,0,0.0636,0.7184
2300-131720-0040,6930,0,0.0924,0.6758
2300-131720-0040,7021,0,0.1254,0.871
2300-131720-0040,7127,0,0.2407,0.7565
2300-131720-0040,7176,0,0.1364,0.6176
2300-131720-0040,7729,0,0.1631,0.7538
2300-131720-0040,8224,0,-0.0137,0.568
2300-131720-0040,8230,0,-0.0519,0.5582
2300-131720-0040,8455,0,0.0082,0.8318
2300-131720-0040,908,0,0.135,0.7539
237-126133-0006,121,0,0.0202,0.7753
237-126133-0006,1221,0,0.1206,0.9123
237-126133-0006,1284,0,0.1357,0.8506
237-126133-0006,1580,0,0.1696,0.8974
237-126133-0006,1995,0,0.0531,0.8066
237-126133-0006,2094,0,0.1063,0.8509
237-126133-0006,237,1,0.697,0.9604
237-126133-0006,2961,0,0.0328,0.6646
237-126133-0006,3570,0,0.1683,0.7532
237-126133-0006,3575,0,0.1425,0.7824
237-126133-0006,3729,0,0.1337,0.8476
237-126133-0006,4446,0,0.192,0.8899
237-126133-0006,4507,0,0.1318,0.8929
237-126133-0006,4970,0,0.2331,0.8416
237-126133-0006,4992,0,0.0168,0.8709
237-126133-0006,5142,0,0.2579,0.8732
237-126133-0006,5683,0,0.2786,0.9135
237-126133-0006,6829,0,0.1944,0.8801
237-126133-0006,8463,0,0.0465,0.8159
237-126133-0006,8555,0,0.2001,0.8781
237-126133-0019,121,0,0.0021,0.7972
237-126133-0019,1221,0,0.1003,0.9099
237-126133-0019,1284,0,0.1777,0.9016
237-126133-0019,1580,0,0.2827,0.8996
237-126133-0019,1995,0,0.0242,0.8567
237-126133-0019,2094,0,0.1377,0.8859
237-126133-0019,237,1,0.7339,0.9643
237-126133-0019,2961,0,0.0677,0.6708
237-126133-0019,3570,0,0.1379,0.7285
237-126133-0019,3575,0,0.133,0.6919
237-126133-0019,3729,0,0.1199,0.8653
237-126133-0019,4446,0,0.1066,0.9399
237-126133-0019,4507,0,0.0416,0.8348
237-126133-0019,4970,0,0.1643,0.7453
237-126133-0019,4992,0,0.0118,0.9118
237-126133-0019,5142,0,0.2138,0.8664
237-126133-0019,5683,0,0.1944,0.8621
237-126133-0019,6829,0,0.1373,0.8396
237-126133-0019,8463,0,0.076,0.8633
237-126133-0019,8555,0,0.073,0.8274
237-126133-0021,121,0,0.0494,0.8488
237-126133-0021,1221,0,0.1818,0.9415
237-126133-0021,1284,0,0.1696,0.8808
237-126133-0021,1580,0,0.2476,0.9
237-126133-0021,1995,0,0.102,0.8477
237-126133-0021,2094,0,0.156,0.9146
237-126133-0021,237,1,0.7573,0.9574
237-126133-0021,2961,0,0.1384,0.7552
237-126133-0021,3570,0,0.2595,0.8086
237-126133-0021,3575,0,0.1268,0.7471
237-126133-0021,3729,0,0.1644,0.9158
237-126133-0021,4446,0,0.2237,0.9437
237-126133-0021,4507,0,0.1425,0.8959
237-126133-0021,4970,0,0.161,0.7694
237-126133-0021,4992,0,0.0363,0.923
237-126133-0021,5142,0,0.1065,0.8356
237-126133-0021,5683,0,0.2035,0.8621
237-126133-0021,6829,0,0.1782,0.9089
237-126133-0021,8463,0,0.0983,0.8738
237-126133-0021,8555,0,0.0553,0.8005
237-126133-0022,121,0,0.0134,0.8504
237-126133-0022,1221,0,0.1021,0.925
237-126133-0022,1284,0,0.1577,0.8891
237-126133-0022,1580,0,0.2794,0.9102
237-126133-0022,1995,0,0.0015,0.8501
237-126133-0022,2094,0,0.1515,0.9032
237-126133-0022,237,1,0.7284,0.9813
237-126133-0022,2961,0,0.0542,0.7358
237-126133-0022,3570,0,0.1628,0.8022
237-126133-0022,3575,0,0.1423,0.7422
237-126133-0022,3729,0,0.1386,0.9069
237-126133-0022,4446,0,0.1431,0.9398
237-126133-0022,4507,0,-0.0043,0.8883
237-126133-0022,4970,0,0.21,0.7601
237-126133-0022,4992,0,0.0709,0.9098
237-126133-0022,5142,0,0.1658,0.8401
237-126133-0022,5683,0,0.1698,0.8779
237-126133-0022,6829,0,0.1956,0.873
237-126133-0022,8463,0,0.1217,0.8527
237-126133-0022,8555,0,0.0453,0.8168
237-134493-0016,121,0,0.0656,0.875
237-134493-0016,1221,0,0.1072,0.933
237-134493-0016,1284,0,0.1034,0.8601
237-134493-0016,1580,0,0.1744,0.9135
237-134493-0016,1995,0,0.0647,0.8466
237-134493-0016,2094,0,0.221,0.9068
237-134493-0016,237,1,0.7227,0.9796
237-134493-0016,2961,0,0.1298,0.7592
237-134493-0016,3570,0,0.2313,0.8476
237-134493-0016,3575,0,0.2338,0.792
237-134493-0016,3729,0,0.1218,0.9254
237-134493-0016,4446,0,0.1231,0.9274
237-134493-0016,4507,0,0.0369,0.9254
237-134493-0016,4970,0,0.1928,0.7882
237-134493-0016,4992,0,-0.0044,0.9136
237-134493-0016,5142,0,0.0943,0.8314
237-134493-0016,5683,0,0.222,0.8968
237-134493-0016,6829,0,0.2133,0.8873
237-134493-0016,8463,0,0.039,0.8525
237-134493-0016,8555,0,0.1055,0.8404
237-134493-0018,121,0,0.0794,0.8841
237-134493-0018,1221,0,0.1106,0.8792
237-134493-0018,1284,0,0.1139,0.8225
237-134493-0018,1580,0,0.1827,0.8861
237-134493-0018,1995,0,0.0095,0.8353
237-134493-0018,2094,0,0.2242,0.9013
237-134493-0018,237,1,0.6978,0.9534
237-134493-0018,2961,0,0.085,0.7949
237-134493-0018,3570,0,0.1344,0.8714
237-134493-0018,3575,0,0.3216,0.8347
237-134493-0018,3729,0,0.0333,0.8946
237-134493-0018,4446,0,0.0895,0.8712
237-134493-0018,4507,0,-0.0322,0.8876
237-134493-0018,4970,0,0.2273,0.7779
237-134493-0018,4992,0,0.0248,0.8742
237-134493-0018,5142,0,0.1589,0.7556
237-134493-0018,5683,0,0.2454,0.8658
237-134493-0018,6829,0,0.213,0.861
237-134493-0018,8463,0,0.0844,0.8345
237-134493-0018,8555,0,0.1024,0.7822
237-134500-0010,121,0,0.1483,0.8109
237-134500-0010,1221,0,0.2631,0.8771
237-134500-0010,1284,0,0.1283,0.7929
237-134500-0010,1580,0,0.3088,0.8812
237-134500-0010,1995,0,0.1014,0.7781
237-134500-0010,2094,0,0.2621,0.8417
237-134500-0010,237,1,0.6555,0.9523
237-134500-0010,2961,0,0.0859,0.7227
237-134500-0010,3570,0,0.1527,0.8452
237-134500-0010,3575,0,0.2464,0.8363
237-134500-0010,3729,0,0.1341,0.836
237-134500-0010,4446,0,0.1874,0.8278
237-134500-0010,4507,0,0.0677,0.9012
237-134500-0010,4970,0,0.2166,0.8134
237-134500-0010,4992,0,0.1372,0.8232
237-134500-0010,5142,0,0.0295,0.769
237-134500-0010,5683,0,0.274,0.8765
237-134500-0010,6829,0,0.3013,0.8456
237-134500-0010,8463,0,0.1896,0.7618
237-134500-0010,8555,0,0.0301,0.822
237-134500-0013,121,0,0.0913,0.8721
237-134500-0013,1221,0,0.1404,0.8794
237-134500-0013,1284,0,0.0943,0.8206
237-134500-0013,1580,0,0.1302,0.868
237-134500-0013,1995,0,-0.0086,0.8608
237-134500-0013,2094,0,0.1638,0.8846
237-134500-0013,237,1,0.7354,0.9754
237-134500-0013,2961,0,0.0368,0.7905
237-134500-0013,3570,0,0.0484,0.8783
237-134500-0013,3575,0,0.2423,0.8055
237-134500-0013,3729,0,0.0904,0.8908
237-134500-0013,4446,0,0.0749,0.8685
237-134500-0013,4507,0,0.0002,0.8877
237-134500-0013,4970,0,0.1432,0.7765
237-134500-0013,4992,0,0.0119,0.8824
237-134500-0013,5142,0,0.0435,0.7961
237-134500-0013,5683,0,0.2071,0.8587
237-134500-0013,6829,0,0.2626,0.8497
237-134500-0013,8463,0,0.0815,0.8402
237-134500-0013,8555,0,0.0314,0.8232
237-134500-0014,121,0,0.1449,0.9085
237-134500-0014,1221,0,0.1163,0.8516
237-134500-0014,1284,0,0.0923,0.8106
237-134500-0014,1580,0,0.2194,0.8721
237-134500-0014,1995,0,0.0992,0.8612
237-134500-0014,2094,0,0.1754,0.8732
237-134500-0014,237,1,0.6928,0.9565
237-134500-0014,2961,0,0.2118,0.8342
237-134500-0014,3570,0,0.2447,0.8979
237-134500-0014,3575,0,0.1959,0.7616
237-134500-0014,3729,0,0.1418,0.8945
237-134500-0014,4446,0,0.171,0.8636
237-134500-0014,4507,0,0.0634,0.8707
237-134500-0014,4970,0,0.14,0.6895
237-134500-0014,4992,0,0.0392,0.8683
237-134500-0014,5142,0,0.0643,0.7263
237-134500-0014,5683,0,0.2146,0.8118
237-134500-0014,6829,0,0.1981,0.8014
237-134500-0014,8463,0,0.0765,0.8199
237-134500-0014,8555,0,-0.0576,0.7615
237-134500-0018,121,0,0.0265,0.8842
237-134500-0018,1221,0,0.1173,0.9043
237-134500-0018,1284,0,0.134,0.8315
237-134500-0018,1580,0,0.1462,0.8912
237-134500-0018,1995,0,0.088,0.8589
237-134500-0018,2094,0,0.1938,0.899
237-134500-0018,237,1,0.7429,0.9834
237-134500-0018,2961,0,0.0962,0.7815
237-134500-0018,3570,0,0.1544,0.8745
237-134500-0018,3575,0,0.2033,0.8237
237-134500-0018,3729,0,0.0859,0.9129
237-134500-0018,4446,0,0.0934,0.889
237-134500-0018,4507,0,0.0268,0.914
237-134500-0018,4970,0,0.2057,0.7945
237-134500-0018,4992,0,0.0178,0.8996
237-134500-0018,5142,0,0.12,0.8187
237-134500-0018,5683,0,0.2101,0.8884
237-134500-0018,6829,0,0.1882,0.8658
237-134500-0018,8463,0,0.0915,0.852
237-134500-0018,8555,0,0.0205,0.8493
260-123286-0000,1089,0,0.1088,0.8328
260-123286-0000,1188,0,0.0064,0.8893
260-123286-0000,1320,0,0.2276,0.8464
260-123286-0000,2300,0,0.0834,0.6888
260-123286-0000,260,1,0.6813,0.9668
260-123286-0000,2830,0,0.1084,0.8595
260-123286-0000,4077,0,0.124,0.8494
260-123286-0000,5105,0,0.343,0.8876
260-123286-0000,5639,0,0.0259,0.8218
260-123286-0000,61,0,0.1806,0.9212
260-123286-0000,672,0,0.1867,0.8939
260-123286-0000,6930,0,0.2405,0.8304
260-123286-0000,7021,0,0.206,0.8418
260-123286-0000,7127,0,0.0932,0.7884
260-123286-0000,7176,0,0.2442,0.9176
260-123286-0000,7729,0,-0.047,0.8469
260-123286-0000,8224,0,0.1627,0.7322
260-123286-0000,8230,0,0.0287,0.8529
260-123286-0000,8455,0,0.0537,0.8065
260-123286-0000,908,0,0.2021,0.8898
260-123286-0003,1089,0,-0.0779,0.7845
260-123286-0003,1188,0,0.0045,0.8454
260-123286-0003,1320,0,0.2254,0.7662
260-123286-0003,2300,0,0.0316,0.604
260-123286-0003,260,1,0.5941,0.9465
260-123286-0003,2830,0,0.0385,0.8073
260-123286-0003,4077,0,0.112,0.8158
260-123286-0003,5105,0,0.2278,0.7793
260-123286-0003,5639,0,0.1434,0.8135
260-123286-0003,61,0,0.0251,0.8952
260-123286-0003,672,0,0.2594,0.8661
260-123286-0003,6930,0,0.3253,0.8136
260-123286-0003,7021,0,0.0665,0.7279
260-123286-0003,7127,0,-0.0141,0.6966
260-123286-0003,7176,0,0.1628,0.9012
260-123286-0003,7729,0,0.0418,0.8
260-123286-0003,8224,0,0.1235,0.7295
260-123286-0003,8230,0,-0.1578,0.8296
260-123286-0003,8455,0,-0.007,0.7843
260-123286-0003,908,0,0.1773,0.8519
260-123286-0028,1089,0,0.0273,0.8113
260-123286-0028,1188,0,-0.0076,0.884
260-123286-0028,1320,0,0.2694,0.7656
260-123286-0028,2300,0,0.0137,0.5233
260-123286-0028,260,1,0.7327,0.953
260-123286-0028,2830,0,0.1566,0.8735
260-123286-0028,4077,0,0.0579,0.7771
260-123286-0028,5105,0,0.3585,0.8154
260-123286-0028,5639,0,0.0171,0.8758
260-123286-0028,61,0,0.1479,0.9042
260-123286-0028,672,0,0.1732,0.8897
260-123286-0028,6930,0,0.3082,0.8152
260-123286-0028,7021,0,0.1582,0.7421
260-123286-0028,7127,0,-0.0165,0.6993
260-123286-0028,7176,0,0.1772,0.9043
260-123286-0028,7729,0,-0.0548,0.7978
260-123286-0028,8224,0,0.1473,0.7669
260-123286-0028,8230,0,-0.0246,0.8813
260-123286-0028,8455,0,0.0044,0.7294
260-123286-0028,908,0,0.1543,0.8669
260-123286-0030,1089,0,-0.0434,0.7968
260-123286-0030,1188,0,0.0413,0.8738
260-123286-0030,1320,0,0.138,0.7735
260-123286-0030,2300,0,0.0375,0.5969
260-123286-0030,260,1,0.6031,0.9513
260-123286-0030,2830,0,0.1275,0.8403
260-123286-0030,4077,0,0.0451,0.7744
260-123286-0030,5105,0,0.2969,0.8264
260-123286-0030,5639,0,-0.0258,0.8207
260-123286-0030,61,0,0.119,0.9132
260-123286-0030,672,0,0.0674,0.8813
260-123286-0030,6930,0,0.337,0.8155
260-123286-0030,7021,0,0.1105,0.7768
260-123286-0030,7127,0,-0.0782,0.6863
260-123286-0030,7176,0,0.1029,0.9009
260-123286-0030,7729,0,-0.0669,0.8001
260-123286-0030,8224,0,0.0501,0.7681
260-123286-0030,8230,0,-0.0403,0.8585
260-123286-0030,8455,0,-0.1147,0.7541
260-123286-0030,908,0,0.1979,0.8732
260-123286-0031,1089,0,0.0309,0.815
260-123286-0031,1188,0,0.0397,0.8825
260-123286-0031,1320,0,0.1951,0.7606
260-123286-0031,2300,0,0.0349,0.5546
260-123286-0031,260,1,0.6223,0.9474
260-123286-0031,2830,0,0.223,0.858
260-123286-0031,4077,0,0.1224,0.8044
260-123286-0031,5105,0,0.3066,0.8201
260-123286-0031,5639,0,0.053,0.8753
260-123286-0031,61,0,0.0424,0.9142
260-123286-0031,672,0,0.1183,0.8853
260-123286-0031,6930,0,0.3063,0.7875
260-123286-0031,7021,0,0.1042,0.7604
260-123286-0031,7127,0,-0.0265,0.713
260-123286-0031,7176,0,0.1471,0.9048
260-123286-0031,7729,0,-0.0775,0.841
260-123286-0031,8224,0,0.1813,0.7593
260-123286-0031,8230,0,-0.0857,0.8683
260-123286-0031,8455,0,-0.029,0.7179
260-123286-0031,908,0,0.1605,0.8821
260-123288-0001,1089,0,0.0607,0.8229
260-123288-0001,1188,0,0.0612,0.8938
260-123288-0001,1320,0,0.1306,0.8113
260-123288-0001,2300,0,0.1058,0.6114
260-123288-0001,260,1,0.4867,0.9593
260-123288-0001,2830,0,0.1594,0.8723
260-123288-0001,4077,0,0.0825,0.8164
260-123288-0001,5105,0,0.1489,0.8737
260-123288-0001,5639,0,0.0641,0.855
260-123288-0001,61,0,0.0689,0.9275
260-123288-0001,672,0,0.2079,0.8935
260-123288-0001,6930,0,0.1263,0.8256
260-123288-0001,7021,0,0.1034,0.8127
260-123288-0001,7127,0,-0.0294,0.7574
260-123288-0001,7176,0,0.2529,0.9307
260-123288-0001,7729,0,0.1043,0.8453
260-123288-0001,8224,0,0.1154,0.7601
260-123288-0001,8230,0,0.014,0.8705
260-123288-0001,8455,0,-0.0136,0.7609
260-123288-0001,908,0,0.1618,0.8986
260-123288-0025,1089,0,0.0362,0.8153
260-123288-0025,1188,0,0.0749,0.8737
260-123288-0025,1320,0,0.1832,0.7883
260-123288-0025,2300,0,0.0595,0.6104
260-123288-0025,260,1,0.6967,0.9635
260-123288-0025,2830,0,0.2335,0.8391
260-123288-0025,4077,0,0.0072,0.7725
260-123288-0025,5105,0,0.2317,0.8247
260-123288-0025,5639,0,0.0464,0.8249
260-123288-0025,61,0,0.068,0.9216
260-123288-0025,672,0,0.1083,0.8955
260-123288-0025,6930,0,0.251,0.8601
260-123288-0025,7021,0,0.0701,0.7842
260-123288-0025,7127,0,0.0238,0.6825
260-123288-0025,7176,0,0.1292,0.9072
260-123288-0025,7729,0,-0.0415,0.7996
260-123288-0025,8224,0,0.125,0.7683
260-123288-0025,8230,0,-0.079,0.8723
260-123288-0025,8455,0,0.0056,0.7899
260-123288-0025,908,0,0.0866,0.8972
260-123440-0012,1089,0,0.1061,0.7752
260-123440-0012,1188,0,0.0381,0.8843
260-123440-0012,1320,0,0.2545,0.8363
260-123440-0012,2300,0,0.0459,0.6759
260-123440-0012,260,1,0.4584,0.9353
260-123440-0012,2830,0,0.1473,0.8812
260-123440-0012,4077,0,0.0564,0.7824
260-123440-0012,5105,0,0.247,0.874
260-123440-0012,5639,0,0.0659,0.7717
260-123440-0012,61,0,0.296,0.8929
260-123440-0012,672,0,0.0702,0.8413
260-123440-0012,6930,0,0.1519,0.8453
260-123440-0012,7021,0,0.0726,0.8093
260-123440-0012,7127,0,0.0743,0.7681
260-123440-0012,7176,0,0.3659,0.8851
260-123440-0012,7729,0,0.1525,0.8092
260-123440-0012,8224,0,0.0739,0.7447
260-123440-0012,8230,0,0.0426,0.8256
260-123440-0012,8455,0,-0.0884,0.7897
260-123440-0012,908,0,0.1898,0.8336
260-123440-0015,1089,0,0.0257,0.7958
260-123440-0015,1188,0,0.0707,0.8873
260-123440-0015,1320,0,0.2396,0.7809
260-123440-0015,2300,0,0.1286,0.5711
260-123440-0015,260,1,0.5351,0.9236
260-123440-0015,2830,0,0.2002,0.895
260-123440-0015,4077,0,-0.0837,0.7548
260-123440-0015,5105,0,0.2086,0.8621
260-123440-0015,5639,0,0.0218,0.834
260-123440-0015,61,0,0.2113,0.9302
260-123440-0015,672,0,0.1644,0.8632
260-123440-0015,6930,0,0.2402,0.8051
260-123440-0015,7021,0,0.0767,0.7866
260-123440-0015,7127,0,0.0642,0.7267
260-123440-0015,7176,0,0.2069,0.9101
260-123440-0015,7729,0,0.0864,0.8298
260-123440-0015,8224,0,0.0868,0.76
260-123440-0015,8230,0,0.0361,0.8782
260-123440-0015,8455,0,-0.0872,0.7036
260-123440-0015,908,0,0.1578,0.8632
260-123440-0016,1089,0,-0.0714,0.7773
260-123440-0016,1188,0,0.0259,0.8757
260-123440-0016,1320,0,0.2293,0.7909
260-123440-0016,2300,0,0.0969,0.5705
260-123440-0016,260,1,0.4356,0.9025
260-123440-0016,2830,0,0.0891,0.8957
260-123440-0016,4077,0,-0.0079,0.6945
260-123440-0016,5105,0,0.2052,0.8672
260-123440-0016,5639,0,0.0323,0.8036
260-123440-0016,61,0,0.1459,0.8831
260-123440-0016,672,0,0.0037,0.8523
260-123440-0016,6930,0,0.2922,0.8266
260-123440-0016,7021,0,0.1824,0.7956
260-123440-0016,7127,0,-0.0202,0.7053
260-123440-0016,7176,0,0.2665,0.8603
260-123440-0016,7729,0,0.0758,0.7751
260-123440-0016,8224,0,0.0721,0.775
260-123440-0016,8230,0,-0.0686,0.8548
260-123440-0016,8455,0,-0.0977,0.7067
260-123440-0016,908,0,0.2141,0.8447
2830-3979-0006,1089,0,0.1283,0.8354
2830-3979-0006,1188,0,0.169,0.9327
2830-3979-0006,1320,0,0.2457,0.8317
2830-3979-0006,2300,0,0.0321,0.5956
2830-3979-0006,260,0,0.1545,0.8957
2830-3979-0006,2830,1,0.6423,0.9708
2830-3979-0006,4077,0,-0.0075,0.7451
2830-3979-0006,5105,0,0.2774,0.8667
2830-3979-0006,5639,0,0.1753,0.8102
2830-3979-0006,61,0,0.0966,0.8661
2830-3979-0006,672,0,0.1218,0.8332
2830-3979-0006,6930,0,0.0838,0.7972
2830-3979-0006,7021,0,0.1572,0.7887
2830-3979-0006,7127,0,0.1,0.8231
2830-3979-0006,7176,0,0.1494,0.8549
2830-3979-0006,7729,0,0.1545,0.8432
2830-3979-0006,8224,0,0.1227,0.6655
2830-3979-0006,8230,0,0.1069,0.8862
2830-3979-0006,8455,0,-0.0113,0.7103
2830-3979-0006,908,0,0.1033,0.8183
2830-3979-0011,1089,0,0.1313,0.8266
2830-3979-0011,1188,0,0.1975,0.9327
2830-3979-0011,1320,0,0.1981,0.8798
2830-3979-0011,2300,0,0.0434,0.6408
2830-3979-0011,260,0,0.1765,0.8726
2830-3979-0011,2830,1,0.6613,0.9749
2830-3979-0011,4077,0,-0.0365,0.7287
2830-3979-0011,5105,0,0.2483,0.9088
2830-3979-0011,5639,0,0.1349,0.7638
2830-3979-0011,61,0,-0.0024,0.8199
2830-3979-0011,672,0,0.1155,0.8239
2830-3979-0011,6930,0,0.0971,0.7882
2830-3979-0011,7021,0,0.1265,0.8277
2830-3979-0011,7127,0,0.1096,0.8666
2830-3979-0011,7176,0,0.0655,0.8156
2830-3979-0011,7729,0,0.097,0.7954
2830-3979-0011,8224,0,0.1287,0.6739
2830-3979-0011,8230,0,0.0643,0.8551
2830-3979-0011,8455,0,-0.0496,0.7315
2830-3979-0011,908,0,0.0705,0.7847
2830-3980-0029,1089,0,0.0575,0.8072
2830-3980-0029,1188,0,0.2124,0.9123
2830-3980-0029,1320,0,0.1739,0.8146
2830-3980-0029,2300,0,-0.0644,0.5632
2830-3980-0029,260,0,0.1277,0.8693
2830-3980-0029,2830,1,0.6241,0.9561
2830-3980-0029,4077,0,-0.1423,0.7322
2830-3980-0029,5105,0,0.306,0.8781
2830-3980-0029,5639,0,0.0954,0.8285
2830-3980-0029,61,0,0.0838,0.8674
2830-3980-0029,672,0,0.0679,0.8255
2830-3980-0029,6930,0,0.0777,0.7926
2830-3980-0029,7021,0,0.0514,0.7734
2830-3980-0029,7127,0,0.1509,0.8113
2830-3980-0029,7176,0,0.1093,0.8611
2830-3980-0029,7729,0,0.0861,0.8348
2830-3980-0029,8224,0,0.105,0.7178
2830-3980-0029,8230,0,0.1093,0.8873
2830-3980-0029,8455,0,-0.0275,0.6946
2830-3980-0029,908,0,0.1954,0.8005
2830-3980-0039,1089,0,0.0611,0.8038
2830-3980-0039,1188,0,0.1846,0.9178
2830-3980-0039,1320,0,0.1323,0.8283
2830-3980-0039,2300,0,-0.0145,0.5915
2830-3980-0039,260,0,0.2941,0.8606
2830-3980-0039,2830,1,0.6344,0.9621
2830-3980-0039,4077,0,-0.0752,0.7296
2830-3980-0039,5105,0,0.2202,0.8762
2830-3980-0039,5639,0,0.088,0.7949
2830-3980-0039,61,0,0.024,0.8538
2830-3980-0039,672,0,0.0607,0.8075
2830-3980-0039,6930,0,0.1263,0.7656
2830-3980-0039,7021,0,0.1298,0.7858
2830-3980-0039,7127,0,0.1733,0.8293
2830-3980-0039,7176,0,0.0996,0.8491
2830-3980-0039,7729,0,0.1008,0.8418
2830-3980-0039,8224,0,0.1189,0.667
2830-3980-0039,8230,0,0.0275,0.8722
2830-3980-0039,8455,0,0.0107,0.6917
2830-3980-0039,908,0,0.1347,0.7918
2830-3980-0050,1089,0,0.1726,0.849
2830-3980-0050,1188,0,0.2304,0.9488
2830-3980-0050,1320,0,0.1168,0.8614
2830-3980-0050,2300,0,0.0428,0.6344
2830-3980-0050,260,0,0.2874,0.9159
2830-3980-0050,2830,1,0.6373,0.9555
2830-3980-0050,4077,0,0.0341,0.7778
2830-3980-0050,5105,0,0.3136,0.9146
2830-3980-0050,5639,0,0.1931,0.8273
2830-3980-0050,61,0,0.0396,0.8939
2830-3980-0050,672,0,0.045,0.8607
2830-3980-0050,6930,0,0.0978,0.8059
2830-3980-0050,7021,0,0.2421,0.8445
2830-3980-0050,7127,0,0.1427,0.8368
2830-3980-0050,7176,0,0.1825,0.89
2830-3980-0050,7729,0,0.07,0.8734
2830-3980-0050,8224,0,0.0881,0.7108
2830-3980-0050,8230,0,0.0769,0.8937
2830-3980-0050,8455,0,0.0335,0.7467
2830-3980-0050,908,0,0.1834,0.8605
2830-3980-0054,1089,0,0.1895,0.8205
2830-3980-0054,1188,0,0.2654,0.938
2830-3980-0054,1320,0,0.1905,0.8387
2830-3980-0054,2300,0,0.0177,0.5859
2830-3980-0054,260,0,0.2896,0.8843
2830-3980-0054,2830,1,0.6802,0.9718
2830-3980-0054,4077,0,-0.0614,0.7539
2830-3980-0054,5105,0,0.3218,0.8994
2830-3980-0054,5639,0,0.1124,0.8171
2830-3980-0054,61,0,0.0713,0.8698
2830-3980-0054,672,0,0.1106,0.828
2830-3980-0054,6930,0,0.1237,0.7729
2830-3980-0054,7021,0,0.1629,0.8035
2830-3980-0054,7127,0,0.2135,0.845
2830-3980-0054,7176,0,0.1922,0.871
2830-3980-0054,7729,0,0.0323,0.8432
2830-3980-0054,8224,0,0.2102,0.6951
2830-3980-0054,8230,0,0.1001,0.8838
2830-3980-0054,8455,0,0.0051,0.7017
2830-3980-0054,908,0,0.1369,0.8079
2830-3980-0055,1089,0,0.2008,0.8027
2830-3980-0055,1188,0,0.3257,0.9319
2830-3980-0055,1320,0,0.1713,0.819
2830-3980-0055,2300,0,0.024,0.5222
2830-3980-0055,260,0,0.2742,0.8676
2830-3980-0055,2830,1,0.7055,0.9775
2830-3980-0055,4077,0,0.0133,0.7147
2830-3980-0055,5105,0,0.3998,0.8753
2830-3980-0055,5639,0,0.1297,0.8027
2830-3980-0055,61,0,0.1652,0.8344
2830-3980-0055,672,0,0.0638,0.8073
2830-3980-0055,6930,0,0.0512,0.7344
2830-3980-0055,7021,0,0.2281,0.769
2830-3980-0055,7127,0,0.1808,0.8297
2830-3980-0055,7176,0,0.2145,0.8504
2830-3980-0055,7729,0,0.0663,0.8023
2830-3980-0055,8224,0,0.1053,0.6615
2830-3980-0055,8230,0,0.1756,0.8791
2830-3980-0055,8455,0,-0.0221,0.6577
2830-3980-0055,908,0,0.1988,0.7817
2830-3980-0057,1089,0,0.1971,0.814
2830-3980-0057,1188,0,0.3133,0.923
2830-3980-0057,1320,0,0.1565,0.8438
2830-3980-0057,2300,0,0.082,0.6246
2830-3980-0057,260,0,0.2576,0.8873
2830-3980-0057,2830,1,0.6463,0.9517
2830-3980-0057,4077,0,-0.0133,0.7575
2830-3980-0057,5105,0,0.3494,0.9081
2830-3980-0057,5639,0,0.1172,0.8016
2830-3980-0057,61,0,0.1339,0.8895
2830-3980-0057,672,0,0.0155,0.8295
2830-3980-0057,6930,0,0.1026,0.7879
2830-3980-0057,7021,0,0.2242,0.825
2830-3980-0057,7127,0,0.1971,0.8306
2830-3980-0057,7176,0,0.145,0.882
2830-3980-0057,7729,0,0.0114,0.8479
2830-3980-0057,8224,0,0.0824,0.7042
2830-3980-0057,8230,0,0.0886,0.8755
2830-3980-0057,8455,0,0.0381,0.7122
2830-3980-0057,908,0,0.1111,0.823
2830-3980-0062,1089,0,0.1214,0.7939
2830-3980-0062,1188,0,0.3639,0.9312
2830-3980-0062,1320,0,0.1702,0.8046
2830-3980-0062,2300,0,0.0811,0.5235
2830-3980-0062,260,0,0.2924,0.8792
2830-3980-0062,2830,1,0.6024,0.9724
2830-3980-0062,4077,0,0.0063,0.7046
2830-3980-0062,5105,0,0.3197,0.8628
2830-3980-0062,5639,0,0.0761,0.8144
2830-3980-0062,61,0,0.1097,0.8389
2830-3980-0062,672,0,0.0019,0.8172
2830-3980-0062,6930,0,0.0188,0.7609
2830-3980-0062,7021,0,0.1888,0.764
2830-3980-0062,7127,0,0.1476,0.7925
2830-3980-0062,7176,0,0.2125,0.8496
2830-3980-0062,7729,0,0.0836,0.8066
2830-3980-0062,8224,0,0.019,0.688
2830-3980-0062,8230,0,-0.0101,0.8719
2830-3980-0062,8455,0,-0.0504,0.6663
2830-3980-0062,908,0,0.1686,0.7962
2830-3980-0066,1089,0,0.1468,0.7958
2830-3980-0066,1188,0,0.2674,0.9011
2830-3980-0066,1320,0,0.1398,0.7868
2830-3980-0066,2300,0,0.0603,0.5298
2830-3980-0066,260,0,0.2257,0.8746
2830-3980-0066,2830,1,0.6812,0.9401
2830-3980-0066,4077,0,0.0179,0.7755
2830-3980-0066,5105,0,0.3072,0.865
2830-3980-0066,5639,0,0.117,0.8664
2830-3980-0066,61,0,0.1284,0.868
2830-3980-0066,672,0,0.0514,0.8176
2830-3980-0066,6930,0,0.0899,0.7493
2830-3980-0066,7021,0,0.1812,0.7543
2830-3980-0066,7127,0,0.1332,0.8146
2830-3980-0066,7176,0,0.2876,0.8664
2830-3980-0066,7729,0,0.0415,0.874
2830-3980-0066,8224,0,0.099,0.6992
2830-3980-0066,8230,0,0.0479,0.8635
2830-3980-0066,8455,0,-0.0597,0.6547
2830-3980-0066,908,0,0.2796,0.8067
2961-960-0004,121,0,-0.0582,0.883
2961-960-0004,1221,0,-0.1285,0.6818
2961-960-0004,1284,0,0.0505,0.6872
2961-960-0004,1580,0,0.1169,0.7039
2961-960-0004,1995,0,0.0188,0.7936
2961-960-0004,2094,0,0.1165,0.7646
2961-960-0004,237,0,-0.0495,0.7504
2961-960-0004,2961,1,0.7365,0.9803
2961-960-0004,3570,0,0.3467,0.9077
2961-960-0004,3575,0,0.0856,0.6922
2961-960-0004,3729,0,-0.0065,0.7981
2961-960-0004,4446,0,-0.009,0.6952
2961-960-0004,4507,0,0.0286,0.763
2961-960-0004,4970,0,0.1468,0.5774
2961-960-0004,4992,0,-0.0208,0.7257
2961-960-0004,5142,0,0.0588,0.5782
2961-960-0004,5683,0,-0.0138,0.6566
2961-960-0004,6829,0,-0.0334,0.7099
2961-960-0004,8463,0,-0.0448,0.7358
2961-960-0004,8555,0,0.056,0.6007
2961-960-0016,121,0,0.0144,0.8672
2961-960-0016,1221,0,-0.0541,0.7257
2961-960-0016,1284,0,0.1259,0.703
2961-960-0016,1580,0,0.1247,0.7271
2961-960-0016,1995,0,0.0132,0.7643
2961-960-0016,2094,0,0.1047,0.7626
2961-960-0016,237,0,-0.0278,0.7794
2961-960-0016,2961,1,0.6382,0.9542
2961-960-0016,3570,0,0.3458,0.9203
2961-960-0016,3575,0,0.0695,0.7487
2961-960-0016,3729,0,-0.086,0.817
2961-960-0016,4446,0,0.111,0.7212
2961-960-0016,4507,0,0.0736,0.8096
2961-960-0016,4970,0,0.1152,0.68
2961-960-0016,4992,0,-0.0708,0.7308
2961-960-0016,5142,0,0.0048,0.6253
2961-960-0016,5683,0,0.033,0.7075
2961-960-0016,6829,0,-0.0281,0.7614
2961-960-0016,8463,0,0.0214,0.7374
2961-960-0016,8555,0,-0.0308,0.6539
2961-961-0001,121,0,-0.034,0.8835
2961-961-0001,1221,0,-0.1539,0.7036
2961-961-0001,1284,0,0.0287,0.7064
2961-961-0001,1580,0,0.0724,0.7176
2961-961-0001,1995,0,-0.018,0.7998
2961-961-0001,2094,0,0.0794,0.7888
2961-961-0001,237,0,-0.0062,0.7678
2961-961-0001,2961,1,0.6756,0.9733
2961-961-0001,3570,0,0.2925,0.9156
2961-961-0001,3575,0,0.0899,0.7307
2961-961-0001,3729,0,-0.0639,0.8181
2961-961-0001,4446,0,0.0064,0.7139
2961-961-0001,4507,0,0.0258,0.7923
2961-961-0001,4970,0,0.1527,0.6206
2961-961-0001,4992,0,-0.1645,0.7372
2961-961-0001,5142,0,-0.0547,0.6025
2961-961-0001,5683,0,0.0367,0.6884
2961-961-0001,6829,0,0.0672,0.754
2961-961-0001,8463,0,-0.0232,0.729
2961-961-0001,8555,0,-0.012,0.6239
2961-961-0003,121,0,0.0247,0.9254
2961-961-0003,1221,0,-0.0824,0.8255
2961-961-0003,1284,0,0.1025,0.8163
2961-961-0003,1580,0,0.0976,0.8037
2961-961-0003,1995,0,0.0098,0.8554
2961-961-0003,2094,0,0.1229,0.8979
2961-961-0003,237,0,0.0233,0.8528
2961-961-0003,2961,1,0.4339,0.9048
2961-961-0003,3570,0,0.262,0.864
2961-961-0003,3575,0,0.103,0.6945
2961-961-0003,3729,0,0.0335,0.9226
2961-961-0003,4446,0,0.0272,0.8621
2961-961-0003,4507,0,0.0303,0.8312
2961-961-0003,4970,0,0.0885,0.6319
2961-961-0003,4992,0,0.0046,0.8753
2961-961-0003,5142,0,-0.0356,0.7215
2961-961-0003,5683,0,0.0015,0.7511
2961-961-0003,6829,0,0.0517,0.8247
2961-961-0003,8463,0,0.0767,0.8635
2961-961-0003,8555,0,0.0402,0.673
2961-961-0004,121,0,-0.0269,0.8967
2961-961-0004,1221,0,-0.1399,0.7144
2961-961-0004,1284,0,0.0964,0.7384
2961-961-0004,1580,0,0.0757,0.7241
2961-961-0004,1995,0,0.0766,0.8073
2961-961-0004,2094,0,0.0961,0.7937
2961-961-0004,237,0,0.0371,0.7686
2961-961-0004,2961,1,0.6544,0.9797
2961-961-0004,3570,0,0.3368,0.891
2961-961-0004,3575,0,0.0724,0.6544
2961-961-0004,3729,0,-0.0447,0.8371
2961-961-0004,4446,0,0.0084,0.7522
2961-961-0004,4507,0,0.0081,0.7697
2961-961-0004,4970,0,0.1242,0.5576
2961-961-0004,4992,0,-0.0948,0.7582
2961-961-0004,5142,0,-0.003,0.6041
2961-961-0004,5683,0,0.0396,0.665
2961-961-0004,6829,0,0.074,0.7376
2961-961-0004,8463,0,0.0063,0.7545
2961-961-0004,8555,0,-0.031,0.5906
2961-961-0009,121,0,-0.107,0.8974
2961-961-0009,1221,0,-0.0958,0.8045
2961-961-0009,1284,0,0.1339,0.7977
2961-961-0009,1580,0,0.1309,0.8159
2961-961-0009,1995,0,0.0899,0.8099
2961-961-0009,2094,0,0.1292,0.8549
2961-961-0009,237,0,0.1103,0.8344
2961-961-0009,2961,1,0.5124,0.938
2961-961-0009,3570,0,0.221,0.8921
2961-961-0009,3575,0,0.0893,0.7522
2961-961-0009,3729,0,-0.0825,0.8797
2961-961-0009,4446,0,0.0785,0.822
2961-961-0009,4507,0,-0.0647,0.846
2961-961-0009,4970,0,0.1326,0.6941
2961-961-0009,4992,0,-0.0643,0.8151
2961-961-0009,5142,0,0.0681,0.6895
2961-961-0009,5683,0,0.0325,0.7714
2961-961-0009,6829,0,0.0768,0.8251
2961-961-0009,8463,0,0.0318,0.809
2961-961-0009,8555,0,0.0422,0.6808
2961-961-0010,121,0,0.0139,0.9047
2961-961-0010,1221,0,-0.0262,0.8115
2961-961-0010,1284,0,0.0255,0.7745
2961-961-0010,1580,0,0.1406,0.8233
2961-961-0010,1995,0,0.0303,0.8004
2961-961-0010,2094,0,0.0432,0.8516
2961-961-0010,237,0,-0.0267,0.8117
2961-961-0010,2961,1,0.62,0.9107
2961-961-0010,3570,0,0.308,0.8889
2961-961-0010,3575,0,0.0918,0.8287
2961-961-0010,3729,0,-0.0286,0.8822
2961-961-0010,4446,0,0.1039,0.8049
2961-961-0010,4507,0,0.0269,0.8756
2961-961-0010,4970,0,0.1008,0.7548
2961-961-0010,4992,0,-0.0238,0.812
2961-961-0010,5142,0,-0.0116,0.7105
2961-961-0010,5683,0,0.0484,0.8138
2961-961-0010,6829,0,0.0608,0.8352
2961-961-0010,8463,0,0.0058,0.8036
2961-961-0010,8555,0,0.0352,0.7316
2961-961-0011,121,0,0.0514,0.9124
2961-961-0011,1221,0,-0.0241,0.7653
2961-961-0011,1284,0,-0.001,0.746
2961-961-0011,1580,0,0.1408,0.7614
2961-961-0011,1995,0,-0.0053,0.8345
2961-961-0011,2094,0,0.0661,0.8367
2961-961-0011,237,0,-0.0086,0.7955
2961-961-0011,2961,1,0.7486,0.9654
2961-961-0011,3570,0,0.3371,0.8997
2961-961-0011,3575,0,0.0971,0.756
2961-961-0011,3729,0,0.0034,0.8694
2961-961-0011,4446,0,0.0739,0.7726
2961-961-0011,4507,0,0.0364,0.8383
2961-961-0011,4970,0,0.1349,0.6711
2961-961-0011,4992,0,-0.0161,0.8049
2961-961-0011,5142,0,0.0435,0.6833
2961-961-0011,5683,0,0.0477,0.738
2961-961-0011,6829,0,0.0409,0.8079
2961-961-0011,8463,0,0.0358,0.8079
2961-961-0011,8555,0,-0.0034,0.6861
2961-961-0014,121,0,0.0136,0.9103
2961-961-0014,1221,0,-0.1384,0.7519
2961-961-0014,1284,0,-0.0077,0.7347
2961-961-0014,1580,0,0.1322,0.7717
2961-961-0014,1995,0,0.0501,0.8099
2961-961-0014,2094,0,0.0405,0.8022
2961-961-0014,237,0,-0.0603,0.7939
2961-961-0014,2961,1,0.6482,0.9646
2961-961-0014,3570,0,0.3192,0.9094
2961-961-0014,3575,0,0.1006,0.7699
2961-961-0014,3729,0,0.028,0.8531
2961-961-0014,4446,0,-0.0182,0.7572
2961-961-0014,4507,0,0.0177,0.8207
2961-961-0014,4970,0,0.108,0.6756
2961-961-0014,4992,0,-0.0391,0.7764
2961-961-0014,5142,0,0.0211,0.6499
2961-961-0014,5683,0,-0.0304,0.7507
2961-961-0014,6829,0,0.0162,0.7681
2961-961-0014,8463,0,-0.0538,0.7844
2961-961-0014,8555,0,0.0636,0.6811
2961-961-0017,121,0,-0.0119,0.8937
2961-961-0017,1221,0,-0.1377,0.7193
2961-961-0017,1284,0,-0.0125,0.7104
2961-961-0017,1580,0,0.105,0.7283
2961-961-0017,1995,0,-0.0216,0.8055
2961-961-0017,2094,0,0.0674,0.7956
2961-961-0017,237,0,0.0169,0.7606
2961-961-0017,2961,1,0.6971,0.9783
2961-961-0017,3570,0,0.3341,0.9023
2961-961-0017,3575,0,0.0939,0.7337
2961-961-0017,3729,0,-0.0321,0.8314
2961-961-0017,4446,0,0.0419,0.7247
2961-961-0017,4507,0,0.0469,0.7974
2961-961-0017,4970,0,0.1519,0.6224
2961-961-0017,4992,0,-0.0536,0.7546
2961-961-0017,5142,0,0.0347,0.6158
2961-961-0017,5683,0,0.0648,0.6998
2961-961-0017,6829,0,0.0702,0.7607
2961-961-0017,8463,0,-0.0188,0.7512
2961-961-0017,8555,0,0.0691,0.6331
3570-5694-0006,121,0,-0.0442,0.8648
3570-5694-0006,1221,0,-0.1096,0.7407
3570-5694-0006,1284,0,0.1519,0.6452
3570-5694-0006,1580,0,0.0908,0.7278
3570-5694-0006,1995,0,0.0564,0.7191
3570-5694-0006,2094,0,0.1785,0.7314
3570-5694-0006,237,0,0.0148,0.8087
3570-5694-0006,2961,0,0.2535,0.8587
3570-5694-0006,3570,1,0.6245,0.9766
3570-5694-0006,3575,0,-0.0283,0.8013
3570-5694-0006,3729,0,0.0656,0.8327
3570-5694-0006,4446,0,0.0906,0.6935
3570-5694-0006,4507,0,0.1383,0.8589
3570-5694-0006,4970,0,0.057,0.7044
3570-5694-0006,4992,0,0.0178,0.7223
3570-5694-0006,5142,0,0.0785,0.6187
3570-5694-0006,5683,0,-0.0868,0.7525
3570-5694-0006,6829,0,0.0885,0.7378
3570-5694-0006,8463,0,-0.0471,0.691
3570-5694-0006,8555,0,0.0735,0.7157
3570-5694-0007,121,0,-0.0483,0.8728
3570-5694-0007,1221,0,-0.009,0.7338
3570-5694-0007,1284,0,0.1691,0.6604
3570-5694-0007,1580,0,0.1376,0.7254
3570-5694-0007,1995,0,0.0403,0.7612
3570-5694-0007,2094,0,0.1931,0.7385
3570-5694-0007,237,0,0.1072,0.8192
3570-5694-0007,2961,0,0.3042,0.8897
3570-5694-0007,3570,1,0.6522,0.9772
3570-5694-0007,3575,0,0.0229,0.7669
3570-5694-0007,3729,0,0.1392,0.8283
3570-5694-0007,4446,0,0.1172,0.7008
3570-5694-0007,4507,0,0.1733,0.8382
3570-5694-0007,4970,0,0.1288,0.6644
3570-5694-0007,4992,0,0.077,0.7351
3570-5694-0007,5142,0,0.1034,0.6128
3570-5694-0007,5683,0,-0.0669,0.7231
3570-5694-0007,6829,0,0.1377,0.7323
3570-5694-0007,8463,0,-0.0259,0.7013
3570-5694-0007,8555,0,0.0614,0.6982
3570-5694-0009,121,0,-0.0049,0.8879
3570-5694-0009,1221,0,-0.1286,0.7563
3570-5694-0009,1284,0,0.1572,0.681
3570-5694-0009,1580,0,0.1261,0.7715
3570-5694-0009,1995,0,0.0639,0.7667
3570-5694-0009,2094,0,0.1783,0.7696
3570-5694-0009,237,0,-0.0436,0.8348
3570-5694-0009,2961,0,0.2743,0.8883
3570-5694-0009,3570,1,0.6333,0.9764
3570-5694-0009,3575,0,-0.0377,0.8147
3570-5694-0009,3729,0,0.1196,0.8391
3570-5694-0009,4446,0,0.1468,0.7195
3570-5694-0009,4507,0,0.1572,0.846
3570-5694-0009,4970,0,0.0484,0.6887
3570-5694-0009,4992,0,0.0665,0.7527
3570-5694-0009,5142,0,-0.0161,0.6107
3570-5694-0009,5683,0,-0.1383,0.7663
3570-5694-0009,6829,0,0.0415,0.7437
3570-5694-0009,8463,0,-0.1145,0.7168
3570-5694-0009,8555,0,0.0339,0.711
3570-5694-0010,121,0,-0.0396,0.896
3570-5694-0010,1221,0,-0.1367,0.7536
3570-5694-0010,1284,0,0.1304,0.6804
3570-5694-0010,1580,0,0.1563,0.7608
3570-5694-0010,1995,0,0.0582,0.7786
3570-5694-0010,2094,0,0.1429,0.7712
3570-5694-0010,237,0,-0.0167,0.84
3570-5694-0010,2961,0,0.2716,0.897
3570-5694-0010,3570,1,0.6401,0.9831
3570-5694-0010,3575,0,-0.0262,0.8034
3570-5694-0010,3729,0,0.0923,0.8482
3570-5694-0010,4446,0,0.0963,0.7192
3570-5694-0010,4507,0,0.2087,0.8566
3570-5694-0010,4970,0,0.1014,0.6845
3570-5694-0010,4992,0,0.033,0.7564
3570-5694-0010,5142,0,0.006,0.6267
3570-5694-0010,5683,0,-0.1219,0.7649
3570-5694-0010,6829,0,0.1268,0.7462
3570-5694-0010,8463,0,-0.0711,0.7214
3570-5694-0010,8555,0,0.0516,0.7216
3570-5694-0015,121,0,0.076,0.917
3570-5694-0015,1221,0,-0.0687,0.7683
3570-5694-0015,1284,0,0.1331,0.692
3570-5694-0015,1580,0,0.0914,0.7664
3570-5694-0015,1995,0,-0.0415,0.7947
3570-5694-0015,2094,0,0.0374,0.7973
3570-5694-0015,237,0,0.0032,0.8496
3570-5694-0015,2961,0,0.1069,0.9002
3570-5694-0015,3570,1,0.4886,0.9838
3570-5694-0015,3575,0,-0.0771,0.8073
3570-5694-0015,3729,0,0.0555,0.8666
3570-5694-0015,4446,0,0.2268,0.7366
3570-5694-0015,4507,0,0.0516,0.8641
3570-5694-0015,4970,0,-0.0032,0.6745
3570-5694-0015,4992,0,0.0485,0.7767
3570-5694-0015,5142,0,-0.0418,0.6284
3570-5694-0015,5683,0,-0.1775,0.7647
3570-5694-0015,6829,0,0.1205,0.7623
3570-5694-0015,8463,0,-0.0391,0.7405
3570-5694-0015,8555,0,0.0513,0.7109
3570-5694-0018,121,0,-0.0732,0.8762
3570-5694-0018,1221,0,-0.0565,0.7401
3570-5694-0018,1284,0,0.1364,0.6513
3570-5694-0018,1580,0,0.1159,0.7281
3570-5694-0018,1995,0,-0.0547,0.7455
3570-5694-0018,2094,0,0.0935,0.744
3570-5694-0018,237,0,-0.0598,0.8245
3570-5694-0018,2961,0,0.2162,0.878
3570-5694-0018,3570,1,0.5065,0.9809
3570-5694-0018,3575,0,-0.0794,0.7756
3570-5694-0018,3729,0,-0.0194,0.8336
3570-5694-0018,4446,0,0.2319,0.7018
3570-5694-0018,4507,0,0.093,0.8469
3570-5694-0018,4970,0,0.0956,0.6672
3570-5694-0018,4992,0,0.0444,0.7366
3570-5694-0018,5142,0,0.0375,0.6123
3570-5694-0018,5683,0,-0.1922,0.727
3570-5694-0018,6829,0,0.128,0.7337
3570-5694-0018,8463,0,0.0567,0.7003
3570-5694-0018,8555,0,0.0373,0.7004
3570-5695-0001,121,0,-0.1068,0.8417
3570-5695-0001,1221,0,-0.1032,0.6864
3570-5695-0001,1284,0,0.1117,0.6129
3570-5695-0001,1580,0,0.1425,0.6984
3570-5695-0001,1995,0,0.0497,0.7078
3570-5695-0001,2094,0,0.1135,0.7024
3570-5695-0001,237,0,-0.0573,0.7867
3570-5695-0001,2961,0,0.2689,0.8535
3570-5695-0001,3570,1,0.5473,0.9706
3570-5695-0001,3575,0,-0.049,0.7845
3570-5695-0001,3729,0,-0.0402,0.7793
3570-5695-0001,4446,0,0.1427,0.6444
3570-5695-0001,4507,0,0.0445,0.8054
3570-5695-0001,4970,0,0.1016,0.6533
3570-5695-0001,4992,0,0.0668,0.6775
3570-5695-0001,5142,0,0.0574,0.555
3570-5695-0001,5683,0,-0.1852,0.709
3570-5695-0001,6829,0,0.1044,0.6826
3570-5695-0001,8463,0,0.0478,0.647
3570-5695-0001,8555,0,0.0124,0.6693
3570-5695-0014,121,0,-0.1607,0.8655
3570-5695-0014,1221,0,-0.1042,0.7123
3570-5695-0014,1284,0,0.1448,0.646
3570-5695-0014,1580,0,0.1952,0.7312
3570-5695-0014,1995,0,0.0266,0.7492
3570-5695-0014,2094,0,0.1275,0.7403
3570-5695-0014,237,0,-0.0381,0.8112
3570-5695-0014,2961,0,0.1833,0.8713
3570-5695-0014,3570,1,0.5346,0.9749
3570-5695-0014,3575,0,-0.1112,0.8019
3570-5695-0014,3729,0,-0.0416,0.8043
3570-5695-0014,4446,0,0.1176,0.6746
3570-5695-0014,4507,0,0.1265,0.8256
3570-5695-0014,4970,0,0.1137,0.6658
3570-5695-0014,4992,0,0.0671,0.7129
3570-5695-0014,5142,0,0.0492,0.5886
3570-5695-0014,5683,0,-0.171,0.742
3570-5695-0014,6829,0,0.1083,0.7107
3570-5695-0014,8463,0,0.0202,0.6789
3570-5695-0014,8555,0,0.0156,0.7001
3570-5696-0000,121,0,-0.0292,0.8895
3570-5696-0000,1221,0,-0.1315,0.77
3570-5696-0000,1284,0,0.1009,0.7026
3570-5696-0000,1580,0,0.0865,0.7653
3570-5696-0000,1995,0,-0.0307,0.7728
3570-5696-0000,2094,0,0.1631,0.7812
3570-5696-0000,237,0,-0.0121,0.8549
3570-5696-0000,2961,0,0.2142,0.8879
3570-5696-0000,3570,1,0.5403,0.9779
3570-5696-0000,3575,0,-0.077,0.7865
3570-5696-0000,3729,0,-0.0046,0.8575
3570-5696-0000,4446,0,0.1756,0.7457
3570-5696-0000,4507,0,0.1438,0.8606
3570-5696-0000,4970,0,0.1,0.6922
3570-5696-0000,4992,0,-0.0296,0.7643
3570-5696-0000,5142,0,0.0861,0.6435
3570-5696-0000,5683,0,-0.0828,0.7672
3570-5696-0000,6829,0,0.1214,0.7612
3570-5696-0000,8463,0,0.0358,0.7311
3570-5696-0000,8555,0,-0.009,0.7176
3570-5696-0008,121,0,-0.0687,0.8642
3570-5696-0008,1221,0,-0.1219,0.7151
3570-5696-0008,1284,0,0.0992,0.6409
3570-5696-0008,1580,0,0.1066,0.7341
3570-5696-0008,1995,0,0.0186,0.7313
3570-5696-0008,2094,0,0.157,0.7351
3570-5696-0008,237,0,0.0394,0.8085
3570-5696-0008,2961,0,0.233,0.8656
3570-5696-0008,3570,1,0.4646,0.9773
3570-5696-0008,3575,0,-0.0642,0.7912
3570-5696-0008,3729,0,0.1402,0.8114
3570-5696-0008,4446,0,0.0744,0.6777
3570-5696-0008,4507,0,0.1758,0.8411
3570-5696-0008,4970,0,0.1684,0.6568
3570-5696-0008,4992,0,-0.0384,0.7089
3570-5696-0008,5142,0,-0.0198,0.5796
3570-5696-0008,5683,0,-0.1311,0.7386
3570-5696-0008,6829,0,0.1906,0.7182
3570-5696-0008,8463,0,0.001,0.6659
3570-5696-0008,8555,0,0.0207,0.6879
3575-170457-0000,121,0,0.076,0.7533
3575-170457-0000,1221,0,0.15,0.764
3575-170457-0000,1284,0,0.1083,0.6735
3575-170457-0000,1580,0,0.1873,0.7707
3575-170457-0000,1995,0,-0.0473,0.679
3575-170457-0000,2094,0,0.1152,0.7838
3575-170457-0000,237,0,0.2018,0.777
3575-170457-0000,2961,0,0.1227,0.6991
3575-170457-0000,3570,0,0.0628,0.8116
3575-170457-0000,3575,1,0.7088,0.9551
3575-170457-0000,3729,0,-0.0262,0.757
3575-170457-0000,4446,0,-0.0067,0.6793
3575-170457-0000,4507,0,-0.1068,0.8274
3575-170457-0000,4970,0,0.1439,0.8632
3575-170457-0000,4992,0,0.0331,0.7116
3575-170457-0000,5142,0,-0.0542,0.6494
3575-170457-0000,5683,0,0.183,0.8377
3575-170457-0000,6829,0,0.3386,0.824
3575-170457-0000,8463,0,0.2815,0.6885
3575-170457-0000,8555,0,0.0821,0.7431
3575-170457-0005,121,0,0.1149,0.7322
3575-170457-0005,1221,0,0.0864,0.7784
3575-170457-0005,1284,0,0.1701,0.7156
3575-170457-0005,1580,0,0.1304,0.8116
3575-170457-0005,1995,0,0.0039,0.698
3575-170457-0005,2094,0,0.149,0.7752
3575-170457-0005,237,0,0.1217,0.7836
3575-170457-0005,2961,0,0.0774,0.6165
3575-170457-0005,3570,0,0.0708,0.7701
3575-170457-0005,3575,1,0.6876,0.9748
3575-170457-0005,3729,0,-0.0583,0.7469
3575-170457-0005,4446,0,0.0815,0.7039
3575-170457-0005,4507,0,-0.0962,0.8238
3575-170457-0005,4970,0,0.1952,0.8995
3575-170457-0005,4992,0,0.0017,0.7168
3575-170457-0005,5142,0,-0.0229,0.6922
3575-170457-0005,5683,0,0.1436,0.901
3575-170457-0005,6829,0,0.2747,0.7844
3575-170457-0005,8463,0,0.2136,0.6768
3575-170457-0005,8555,0,0.0674,0.8252
3575-170457-0008,121,0,0.0921,0.8085
3575-170457-0008,1221,0,-0.0049,0.8119
3575-170457-0008,1284,0,0.1087,0.7182
3575-170457-0008,1580,0,0.1263,0.8147
3575-170457-0008,1995,0,-0.0406,0.7448
3575-170457-0008,2094,0,0.1179,0.8368
3575-170457-0008,237,0,0.2389,0.8309
3575-170457-0008,2961,0,0.1289,0.7333
3575-170457-0008,3570,0,0.053,0.8503
3575-170457-0008,3575,1,0.7292,0.9744
3575-170457-0008,3729,0,-0.0299,0.814
3575-170457-0008,4446,0,-0.052,0.7294
3575-170457-0008,4507,0,-0.105,0.8821
3575-170457-0008,4970,0,0.1694,0.8771
3575-170457-0008,4992,0,-0.0376,0.7704
3575-170457-0008,5142,0,-0.0879,0.7106
3575-170457-0008,5683,0,0.15,0.8824
3575-170457-0008,6829,0,0.2998,0.8573
3575-170457-0008,8463,0,0.1739,0.7335
3575-170457-0008,8555,0,0.0826,0.8056
3575-170457-0011,121,0,0.1391,0.7541
3575-170457-0011,1221,0,0.0389,0.787
3575-170457-0011,1284,0,0.1681,0.7206
3575-170457-0011,1580,0,0.099,0.8214
3575-170457-0011,1995,0,-0.0102,0.7255
3575-170457-0011,2094,0,0.1309,0.7924
3575-170457-0011,237,0,0.1856,0.7988
3575-170457-0011,2961,0,0.1,0.654
3575-170457-0011,3570,0,0.0408,0.7871
3575-170457-0011,3575,1,0.7187,0.9859
3575-170457-0011,3729,0,-0.0771,0.7584
3575-170457-0011,4446,0,0.0369,0.7069
3575-170457-0011,4507,0,-0.1224,0.8527
3575-170457-0011,4970,0,0.1415,0.8979
3575-170457-0011,4992,0,-0.002,0.727
3575-170457-0011,5142,0,-0.0388,0.7064
3575-170457-0011,5683,0,0.157,0.9098
3575-170457-0011,6829,0,0.2678,0.8059
3575-170457-0011,8463,0,0.0611,0.6793
3575-170457-0011,8555,0,0.0471,0.8368
3575-170457-0014,121,0,0.1468,0.7758
3575-170457-0014,1221,0,-0.0027,0.7983
3575-170457-0014,1284,0,0.0861,0.7055
3575-170457-0014,1580,0,0.0558,0.7856
3575-170457-0014,1995,0,-0.0353,0.7613
3575-170457-0014,2094,0,0.1339,0.8178
3575-170457-0014,237,0,0.1753,0.8215
3575-170457-0014,2961,0,0.0556,0.7051
3575-170457-0014,3570,0,0.0063,0.8218
3575-170457-0014,3575,1,0.7171,0.9575
3575-170457-0014,3729,0,-0.0498,0.7985
3575-170457-0014,4446,0,-0.0198,0.7184
3575-170457-0014,4507,0,-0.1338,0.8704
3575-170457-0014,4970,0,0.2041,0.8953
3575-170457-0014,4992,0,-0.0167,0.7717
3575-170457-0014,5142,0,-0.0252,0.7618
3575-170457-0014,5683,0,0.1069,0.8825
3575-170457-0014,6829,0,0.3185,0.8432
3575-170457-0014,8463,0,0.1332,0.7394
3575-170457-0014,8555,0,0.112,0.8626
3575-170457-0020,121,0,0.0504,0.7795
3575-170457-0020,1221,0,0.0007,0.807
3575-170457-0020,1284,0,0.0767,0.7173
3575-170457-0020,1580,0,0.1642,0.8047
3575-170457-0020,1995,0,-0.0815,0.7396
3575-170457-0020,2094,0,0.1548,0.813
3575-170457-0020,237,0,0.2033,0.8173
3575-170457-0020,2961,0,0.1063,0.7198
3575-170457-0020,3570,0,0.0454,0.8343
3575-170457-0020,3575,1,0.6961,0.9745
3575-170457-0020,3729,0,-0.0608,0.7904
3575-170457-0020,4446,0,-0.0039,0.7214
3575-170457-0020,4507,0,-0.1296,0.874
3575-170457-0020,4970,0,0.1986,0.9078
3575-170457-0020,4992,0,-0.0416,0.7535
3575-170457-0020,5142,0,-0.0009,0.7278
3575-170457-0020,5683,0,0.1232,0.8893
3575-170457-0020,6829,0,0.3002,0.8441
3575-170457-0020,8463,0,0.1854,0.7156
3575-170457-0020,8555,0,0.024,0.8353
3575-170457-0031,121,0,0.1227,0.702
3575-170457-0031,1221,0,0.0941,0.7338
3575-170457-0031,1284,0,0.1599,0.6549
3575-170457-0031,1580,0,0.2635,0.7598
3575-170457-0031,1995,0,-0.0128,0.6373
3575-170457-0031,2094,0,0.1147,0.712
3575-170457-0031,237,0,0.2145,0.7337
3575-170457-0031,2961,0,0.0966,0.6166
3575-170457-0031,3570,0,0.092,0.7624
3575-170457-0031,3575,1,0.6956,0.9768
3575-170457-0031,3729,0,-0.0659,0.7005
3575-170457-0031,4446,0,0.0261,0.6367
3575-170457-0031,4507,0,-0.0667,0.7935
3575-170457-0031,4970,0,0.2461,0.8862
3575-170457-0031,4992,0,0.0209,0.648
3575-170457-0031,5142,0,-0.0773,0.6252
3575-170457-0031,5683,0,0.1668,0.8613
3575-170457-0031,6829,0,0.2952,0.7488
3575-170457-0031,8463,0,0.2921,0.6164
3575-170457-0031,8555,0,0.0464,0.7687
3575-170457-0040,121,0,0.0836,0.6955
3575-170457-0040,1221,0,0.0661,0.751
3575-170457-0040,1284,0,0.0901,0.6831
3575-170457-0040,1580,0,0.1236,0.7781
3575-170457-0040,1995,0,-0.0586,0.6354
3575-170457-0040,2094,0,0.1858,0.7577
3575-170457-0040,237,0,0.2453,0.7464
3575-170457-0040,2961,0,0.0664,0.6121
3575-170457-0040,3570,0,-0.0037,0.7644
3575-170457-0040,3575,1,0.7014,0.9737
3575-170457-0040,3729,0,-0.0168,0.7241
3575-170457-0040,4446,0,0.0295,0.6667
3575-170457-0040,4507,0,-0.1355,0.818
3575-170457-0040,4970,0,0.1476,0.8961
3575-170457-0040,4992,0,-0.0002,0.6704
3575-170457-0040,5142,0,-0.0734,0.6548
3575-170457-0040,5683,0,0.1171,0.8746
3575-170457-0040,6829,0,0.2785,0.7968
3575-170457-0040,8463,0,0.1385,0.6219
3575-170457-0040,8555,0,0.0856,0.7756
3575-170457-0044,121,0,0.0491,0.6966
3575-170457-0044,1221,0,0.0141,0.7578
3575-170457-0044,1284,0,0.0902,0.6607
3575-170457-0044,1580,0,0.1842,0.7581
3575-170457-0044,1995,0,-0.0581,0.6783
3575-170457-0044,2094,0,0.141,0.7485
3575-170457-0044,237,0,0.1825,0.7599
3575-170457-0044,2961,0,0.0962,0.6081
3575-170457-0044,3570,0,0.0585,0.7634
3575-170457-0044,3575,1,0.7554,0.9693
3575-170457-0044,3729,0,-0.0569,0.7184
3575-170457-0044,4446,0,-0.0489,0.6617
3575-170457-0044,4507,0,-0.1547,0.8086
3575-170457-0044,4970,0,0.1761,0.9028
3575-170457-0044,4992,0,0.0169,0.6968
3575-170457-0044,5142,0,-0.0837,0.6848
3575-170457-0044,5683,0,0.1487,0.8621
3575-170457-0044,6829,0,0.2546,0.7862
3575-170457-0044,8463,0,0.1195,0.658
3575-170457-0044,8555,0,0.15,0.8208
3575-170457-0045,121,0,0.0841,0.7255
3575-170457-0045,1221,0,0.0176,0.7399
3575-170457-0045,1284,0,0.0307,0.6588
3575-170457-0045,1580,0,0.1466,0.77
3575-170457-0045,1995,0,-0.0142,0.6888
3575-170457-0045,2094,0,0.1878,0.7639
3575-170457-0045,237,0,0.2591,0.7829
3575-170457-0045,2961,0,0.1068,0.6268
3575-170457-0045,3570,0,0.0691,0.7858
3575-170457-0045,3575,1,0.6843,0.9752
3575-170457-0045,3729,0,0.0019,0.7214
3575-170457-0045,4446,0,-0.0232,0.6515
3575-170457-0045,4507,0,-0.0499,0.8166
3575-170457-0045,4970,0,0.2004,0.8669
3575-170457-0045,4992,0,0.0543,0.6878
3575-170457-0045,5142,0,0.0017,0.6567
3575-170457-0045,5683,0,0.1402,0.8739
3575-170457-0045,6829,0,0.2457,0.7689
3575-170457-0045,8463,0,0.0931,0.6438
3575-170457-0045,8555,0,0.1004,0.8014
3729-6852-0002,121,0,0.1031,0.9307
3729-6852-0002,1221,0,0.1271,0.9289
3729-6852-0002,1284,0,0.0785,0.873
3729-6852-0002,1580,0,0.2821,0.9115
3729-6852-0002,1995,0,0.1034,0.8757
3729-6852-0002,2094,0,0.3036,0.9428
3729-6852-0002,237,0,0.0178,0.922
3729-6852-0002,2961,0,0.0393,0.8093
3729-6852-0002,3570,0,0.2372,0.8745
3729-6852-0002,3575,0,0.0327,0.8339
3729-6852-0002,3729,1,0.4837,0.9634
3729-6852-0002,4446,0,0.1153,0.9218
3729-6852-0002,4507,0,0.2801,0.9227
3729-6852-0002,4970,0,-0.0185,0.776
3729-6852-0002,4992,0,0.1825,0.9342
3729-6852-0002,5142,0,-0.0426,0.8006
3729-6852-0002,5683,0,-0.049,0.8808
3729-6852-0002,6829,0,0.2349,0.9081
3729-6852-0002,8463,0,0.1135,0.8922
3729-6852-0002,8555,0,-0.0395,0.7988
3729-6852-0011,121,0,0.0546,0.8974
3729-6852-0011,1221,0,0.0205,0.8753
3729-6852-0011,1284,0,0.0223,0.8211
3729-6852-0011,1580,0,0.1386,0.8362
3729-6852-0011,1995,0,0.2054,0.8666
3729-6852-0011,2094,0,0.3328,0.9478
3729-6852-0011,237,0,0.0946,0.8593
3729-6852-0011,2961,0,0.1257,0.8313
3729-6852-0011,3570,0,0.1938,0.8373
3729-6852-0011,3575,0,0.0983,0.8084
3729-6852-0011,3729,1,0.478,0.9264
3729-6852-0011,4446,0,-0.11,0.8649
3729-6852-0011,4507,0,0.121,0.8909
3729-6852-0011,4970,0,0.0597,0.7604
3729-6852-0011,4992,0,0.1528,0.9088
3729-6852-0011,5142,0,-0.1026,0.8016
3729-6852-0011,5683,0,-0.0485,0.8166
3729-6852-0011,6829,0,0.2327,0.9053
3729-6852-0011,8463,0,0.0162,0.8926
3729-6852-0011,8555,0,-0.0091,0.7705
3729-6852-0014,121,0,-0.0405,0.9077
3729-6852-0014,1221,0,-0.0257,0.8255
3729-6852-0014,1284,0,0.0519,0.7435
3729-6852-0014,1580,0,0.15,0.7848
3729-6852-0014,1995,0,0.192,0.858
3729-6852-0014,2094,0,0.1541,0.8684
3729-6852-0014,237,0,-0.0323,0.8585
3729-6852-0014,2961,0,0.0955,0.8535
3729-6852-0014,3570,0,0.2369,0.9039
3729-6852-0014,3575,0,-0.0941,0.8069
3729-6852-0014,3729,1,0.4199,0.8897
3729-6852-0014,4446,0,0.0195,0.786
3729-6852-0014,4507,0,0.2372,0.8607
3729-6852-0014,4970,0,0.1174,0.7124
3729-6852-0014,4992,0,0.1076,0.8575
3729-6852-0014,5142,0,-0.0649,0.7066
3729-6852-0014,5683,0,-0.0912,0.7752
3729-6852-0014,6829,0,0.0878,0.8234
3729-6852-0014,8463,0,0.1061,0.8312
3729-6852-0014,8555,0,-0.0463,0.7367
3729-6852-0016,121,0,0.0777,0.9236
3729-6852-0016,1221,0,-0.0035,0.8508
3729-6852-0016,1284,0,-0.0173,0.7534
3729-6852-0016,1580,0,0.1849,0.7869
3729-6852-0016,1995,0,0.0273,0.789
3729-6852-0016,2094,0,0.207,0.8525
3729-6852-0016,237,0,0.1538,0.8232
3729-6852-0016,2961,0,0.1298,0.8733
3729-6852-0016,3570,0,0.1994,0.8915
3729-6852-0016,3575,0,0.147,0.7392
3729-6852-0016,3729,1,0.5103,0.9533
3729-6852-0016,4446,0,-0.1305,0.8361
3729-6852-0016,4507,0,0.1833,0.9048
3729-6852-0016,4970,0,-0.0082,0.7052
3729-6852-0016,4992,0,0.0264,0.8624
3729-6852-0016,5142,0,-0.0743,0.7537
3729-6852-0016,5683,0,-0.0664,0.7803
3729-6852-0016,6829,0,0.1796,0.8448
3729-6852-0016,8463,0,0.0748,0.851
3729-6852-0016,8555,0,-0.0334,0.7344
3729-6852-0022,121,0,0.0836,0.9095
3729-6852-0022,1221,0,0.0374,0.9087
3729-6852-0022,1284,0,0.1196,0.8418
3729-6852-0022,1580,0,0.1539,0.8681
3729-6852-0022,1995,0,0.103,0.8373
3729-6852-0022,2094,0,0.4085,0.9353
3729-6852-0022,237,0,0.1152,0.903
3729-6852-0022,2961,0,-0.0139,0.8068
3729-6852-0022,3570,0,0.1846,0.8557
3729-6852-0022,3575,0,0.031,0.7788
3729-6852-0022,3729,1,0.6437,0.9625
3729-6852-0022,4446,0,0.1264,0.9171
3729-6852-0022,4507,0,0.2278,0.9064
3729-6852-0022,4970,0,-0.0265,0.7513
3729-6852-0022,4992,0,0.1999,0.9221
3729-6852-0022,5142,0,-0.0942,0.7953
3729-6852-0022,5683,0,-0.0369,0.8441
3729-6852-0022,6829,0,0.1761,0.9022
3729-6852-0022,8463,0,0.0367,0.8845
3729-6852-0022,8555,0,-0.0523,0.7616
3729-6852-0026,121,0,-0.0591,0.8656
3729-6852-0026,1221,0,0.0866,0.9217
3729-6852-0026,1284,0,0.0086,0.8306
3729-6852-0026,1580,0,0.1922,0.8723
3729-6852-0026,1995,0,0.0233,0.8171
3729-6852-0026,2094,0,0.3019,0.9404
3729-6852-0026,237,0,0.0343,0.8869
3729-6852-0026,2961,0,-0.0443,0.7274
3729-6852-0026,3570,0,0.2127,0.8148
3729-6852-0026,3575,0,-0.0591,0.84
3729-6852-0026,3729,1,0.597,0.9487
3729-6852-0026,4446,0,0.0981,0.8997
3729-6852-0026,4507,0,0.2682,0.9368
3729-6852-0026,4970,0,-0.0559,0.8214
3729-6852-0026,4992,0,0.2169,0.916
3729-6852-0026,5142,0,-0.0093,0.8436
3729-6852-0026,5683,0,-0.0723,0.8986
3729-6852-0026,6829,0,0.1119,0.9307
3729-6852-0026,8463,0,0.0675,0.8582
3729-6852-0026,8555,0,0.0299,0.8331
3729-6852-0037,121,0,0.0361,0.901
3729-6852-0037,1221,0,0.1214,0.936
3729-6852-0037,1284,0,0.1588,0.8645
3729-6852-0037,1580,0,0.2116,0.8866
3729-6852-0037,1995,0,0.0766,0.8535
3729-6852-0037,2094,0,0.2496,0.9598
3729-6852-0037,237,0,0.1241,0.903
3729-6852-0037,2961,0,-0.0652,0.7824
3729-6852-0037,3570,0,0.1754,0.831
3729-6852-0037,3575,0,0.1509,0.8091
3729-6852-0037,3729,1,0.5871,0.9695
3729-6852-0037,4446,0,0.1283,0.9272
3729-6852-0037,4507,0,0.2207,0.9391
3729-6852-0037,4970,0,0.0198,0.7931
3729-6852-0037,4992,0,0.1652,0.9462
3729-6852-0037,5142,0,-0.0737,0.8533
3729-6852-0037,5683,0,-0.0506,0.8736
3729-6852-0037,6829,0,0.2152,0.9472
3729-6852-0037,8463,0,0.0445,0.9051
3729-6852-0037,8555,0,-0.0116,0.8094
3729-6852-0039,121,0,-0.0209,0.8376
3729-6852-0039,1221,0,0.1394,0.9357
3729-6852-0039,1284,0,0.1226,0.8357
3729-6852-0039,1580,0,0.1359,0.8424
3729-6852-0039,1995,0,0.069,0.8072
3729-6852-0039,2094,0,0.2873,0.9305
3729-6852-0039,237,0,0.0908,0.8885
3729-6852-0039,2961,0,0.0162,0.7243
3729-6852-0039,3570,0,0.1079,0.7807
3729-6852-0039,3575,0,0.0971,0.796
3729-6852-0039,3729,1,0.4997,0.9439
3729-6852-0039,4446,0,0.0068,0.9134
3729-6852-0039,4507,0,0.1457,0.9187
3729-6852-0039,4970,0,0.0925,0.8321
3729-6852-0039,4992,0,0.0866,0.9254
3729-6852-0039,5142,0,0.0272,0.8703
3729-6852-0039,5683,0,0.0264,0.8594
3729-6852-0039,6829,0,0.3152,0.9629
3729-6852-0039,8463,0,-0.0327,0.8911
3729-6852-0039,8555,0,0.0272,0.8103
3729-6852-0040,121,0,-0.0181,0.8894
3729-6852-0040,1221,0,0.1105,0.8779
3729-6852-0040,1284,0,0.0957,0.7678
3729-6852-0040,1580,0,0.107,0.8014
3729-6852-0040,1995,0,-0.0632,0.772
3729-6852-0040,2094,0,0.2035,0.8696
3729-6852-0040,237,0,0.1754,0.847
3729-6852-0040,2961,0,0.1315,0.8215
3729-6852-0040,3570,0,0.2263,0.8914
3729-6852-0040,3575,0,0.0668,0.7831
3729-6852-0040,3729,1,0.5124,0.949
3729-6852-0040,4446,0,0.0827,0.8523
3729-6852-0040,4507,0,0.1957,0.938
3729-6852-0040,4970,0,0.0211,0.7751
3729-6852-0040,4992,0,0.1636,0.8691
3729-6852-0040,5142,0,-0.0106,0.7948
3729-6852-0040,5683,0,-0.0816,0.812
3729-6852-0040,6829,0,0.265,0.8993
3729-6852-0040,8463,0,0.1752,0.8445
3729-6852-0040,8555,0,0.0243,0.7749
3729-6852-0046,121,0,-0.0502,0.8818
3729-6852-0046,1221,0,0.0659,0.9313
3729-6852-0046,1284,0,0.1184,0.8619
3729-6852-0046,1580,0,0.2557,0.8899
3729-6852-0046,1995,0,0.0389,0.8452
3729-6852-0046,2094,0,0.3254,0.9582
3729-6852-0046,237,0,0.0737,0.907
3729-6852-0046,2961,0,0.0296,0.7524
3729-6852-0046,3570,0,0.2096,0.8192
3729-6852-0046,3575,0,0.0381,0.8424
3729-6852-0046,3729,1,0.5439,0.9508
3729-6852-0046,4446,0,0.0586,0.9203
3729-6852-0046,4507,0,0.2463,0.9225
3729-6852-0046,4970,0,0.1265,0.8139
3729-6852-0046,4992,0,0.1547,0.9276
3729-6852-0046,5142,0,0.0483,0.827
3729-6852-0046,5683,0,-0.061,0.8891
3729-6852-0046,6829,0,0.2496,0.9412
3729-6852-0046,8463,0,-0.0147,0.8788
3729-6852-0046,8555,0,-0.0177,0.8046
4077-13751-0002,1089,0,0.112,0.8338
4077-13751-0002,1188,0,-0.0123,0.7981
4077-13751-0002,1320,0,0.1028,0.8417
4077-13751-0002,2300,0,0.1271,0.7402
4077-13751-0002,260,0,0.137,0.8827
4077-13751-0002,2830,0,-0.0285,0.7234
4077-13751-0002,4077,1,0.6195,0.9658
4077-13751-0002,5105,0,0.3187,0.8763
4077-13751-0002,5639,0,0.0675,0.8408
4077-13751-0002,61,0,0.2079,0.8521
4077-13751-0002,672,0,-0.0223,0.8635
4077-13751-0002,6930,0,0.1735,0.7519
4077-13751-0002,7021,0,0.1782,0.8413
4077-13751-0002,7127,0,0.0919,0.8524
4077-13751-0002,7176,0,0.2666,0.8557
4077-13751-0002,7729,0,0.053,0.8964
4077-13751-0002,8224,0,0.0574,0.697
4077-13751-0002,8230,0,-0.0297,0.7405
4077-13751-0002,8455,0,0.0469,0.7984
4077-13751-0002,908,0,0.2753,0.8819
4077-13751-0006,1089,0,0.1428,0.8255
4077-13751-0006,1188,0,0.0274,0.7745
4077-13751-0006,1320,0,0.1881,0.8203
4077-13751-0006,2300,0,0.1184,0.7249
4077-13751-0006,260,0,0.1635,0.8862
4077-13751-0006,2830,0,-0.0065,0.6982
4077-13751-0006,4077,1,0.7118,0.9787
4077-13751-0006,5105,0,0.336,0.8367
4077-13751-0006,5639,0,0.0884,0.8587
4077-13751-0006,61,0,0.1648,0.8392
4077-13751-0006,672,0,0.043,0.8679
4077-13751-0006,6930,0,0.1706,0.7626
4077-13751-0006,7021,0,0.2424,0.8
4077-13751-0006,7127,0,0.1355,0.8253
4077-13751-0006,7176,0,0.2761,0.8369
4077-13751-0006,7729,0,0.1142,0.8899
4077-13751-0006,8224,0,0.0982,0.6949
4077-13751-0006,8230,0,0.0146,0.7282
4077-13751-0006,8455,0,0.1576,0.8112
4077-13751-0006,908,0,0.2564,0.8776
4077-13751-0008,1089,0,0.1369,0.8472
4077-13751-0008,1188,0,0.0589,0.768
4077-13751-0008,1320,0,0.1721,0.8502
4077-13751-0008,2300,0,0.142,0.7556
4077-13751-0008,260,0,0.0859,0.8685
4077-13751-0008,2830,0,-0.0106,0.6898
4077-13751-0008,4077,1,0.711,0.9873
4077-13751-0008,5105,0,0.3588,0.8571
4077-13751-0008,5639,0,0.0133,0.8234
4077-13751-0008,61,0,0.2365,0.8239
4077-13751-0008,672,0,-0.0259,0.8724
4077-13751-0008,6930,0,0.1644,0.7723
4077-13751-0008,7021,0,0.2645,0.8195
4077-13751-0008,7127,0,0.1393,0.8643
4077-13751-0008,7176,0,0.3031,0.8307
4077-13751-0008,7729,0,0.1375,0.8661
4077-13751-0008,8224,0,0.0083,0.6894
4077-13751-0008,8230,0,0.0307,0.7249
4077-13751-0008,8455,0,0.1391,0.8398
4077-13751-0008,908,0,0.2774,0.8671
4077-13751-0010,1089,0,0.164,0.8262
4077-13751-0010,1188,0,-0.0368,0.7657
4077-13751-0010,1320,0,0.1323,0.8284
4077-13751-0010,2300,0,0.1274,0.7589
4077-13751-0010,260,0,0.1098,0.846
4077-13751-0010,2830,0,0.004,0.6774
4077-13751-0010,4077,1,0.6273,0.9817
4077-13751-0010,5105,0,0.3219,0.8371
4077-13751-0010,5639,0,0.1385,0.8396
4077-13751-0010,61,0,0.1946,0.7923
4077-13751-0010,672,0,0.0156,0.8443
4077-13751-0010,6930,0,0.1899,0.7202
4077-13751-0010,7021,0,0.1975,0.8037
4077-13751-0010,7127,0,0.1345,0.8584
4077-13751-0010,7176,0,0.2427,0.7841
4077-13751-0010,7729,0,0.1366,0.8879
4077-13751-0010,8224,0,0.0998,0.6862
4077-13751-0010,8230,0,0.0342,0.6923
4077-13751-0010,8455,0,0.0281,0.8041
4077-13751-0010,908,0,0.2059,0.8434
4077-13751-0013,1089,0,0.0829,0.833
4077-13751-0013,1188,0,-0.0066,0.7548
4077-13751-0013,1320,0,0.1039,0.8506
4077-13751-0013,2300,0,0.0545,0.7906
4077-13751-0013,260,0,0.0775,0.8381
4077-13751-0013,2830,0,-0.043,0.6695
4077-13751-0013,4077,1,0.6339,0.9524
4077-13751-0013,5105,0,0.343,0.8665
4077-13751-0013,5639,0,0.0493,0.7935
4077-13751-0013,61,0,0.1544,0.7803
4077-13751-0013,672,0,-0.0432,0.8536
4077-13751-0013,6930,0,0.1068,0.7433
4077-13751-0013,7021,0,0.2199,0.8615
4077-13751-0013,7127,0,0.1121,0.8551
4077-13751-0013,7176,0,0.2202,0.7874
4077-13751-0013,7729,0,0.1037,0.8669
4077-13751-0013,8224,0,0.0975,0.658
4077-13751-0013,8230,0,-0.0094,0.6799
4077-13751-0013,8455,0,0.1616,0.8182
4077-13751-0013,908,0,0.2199,0.8689
4077-13751-0015,1089,0,0.1404,0.7899
4077-13751-0015,1188,0,0.0342,0.7549
4077-13751-0015,1320,0,0.1005,0.775
4077-13751-0015,2300,0,0.1218,0.655
4077-13751-0015,260,0,0.1399,0.852
4077-13751-0015,2830,0,-0.0168,0.7093
4077-13751-0015,4077,1,0.7246,0.9692
4077-13751-0015,5105,0,0.2861,0.8084
4077-13751-0015,5639,0,0.0719,0.8528
4077-13751-0015,61,0,0.2547,0.8193
4077-13751-0015,672,0,-0.0488,0.8174
4077-13751-0015,6930,0,0.1522,0.7125
4077-13751-0015,7021,0,0.199,0.7467
4077-13751-0015,7127,0,0.0875,0.8316
4077-13751-0015,7176,0,0.2815,0.8341
4077-13751-0015,7729,0,0.0902,0.8766
4077-13751-0015,8224,0,0.0549,0.6554
4077-13751-0015,8230,0,0.0775,0.7186
4077-13751-0015,8455,0,0.104,0.7404
4077-13751-0015,908,0,0.1693,0.821
4077-13751-0020,1089,0,0.1058,0.8192
4077-13751-0020,1188,0,-0.0302,0.7679
4077-13751-0020,1320,0,0.1715,0.8391
4077-13751-0020,2300,0,0.1021,0.7628
4077-13751-0020,260,0,0.1654,0.8503
4077-13751-0020,2830,0,-0.0366,0.6893
4077-13751-0020,4077,1,0.6548,0.9742
4077-13751-0020,5105,0,0.3041,0.8545
4077-13751-0020,5639,0,0.0462,0.8178
4077-13751-0020,61,0,0.131,0.8039
4077-13751-0020,672,0,-0.022,0.8427
4077-13751-0020,6930,0,0.2079,0.7262
4077-13751-0020,7021,0,0.2251,0.8224
4077-13751-0020,7127,0,0.0909,0.8639
4077-13751-0020,7176,0,0.2275,0.8069
4077-13751-0020,7729,0,0.1032,0.8871
4077-13751-0020,8224,0,0.0692,0.6717
4077-13751-0020,8230,0,-0.0428,0.6922
4077-13751-0020,8455,0,0.1346,0.802
4077-13751-0020,908,0,0.1945,0.853
4077-13754-0000,1089,0,0.1896,0.8287
4077-13754-0000,1188,0,-0.0335,0.7458
4077-13754-0000,1320,0,0.1552,0.816
4077-13754-0000,2300,0,0.1248,0.7494
4077-13754-0000,260,0,0.2032,0.8581
4077-13754-0000,2830,0,0.005,0.6723
4077-13754-0000,4077,1,0.6417,0.9711
4077-13754-0000,5105,0,0.2676,0.8215
4077-13754-0000,5639,0,0.1017,0.8378
4077-13754-0000,61,0,0.1476,0.8397
4077-13754-0000,672,0,0.0126,0.8545
4077-13754-0000,6930,0,0.1834,0.7656
4077-13754-0000,7021,0,0.2041,0.7953
4077-13754-0000,7127,0,0.1237,0.8173
4077-13754-0000,7176,0,0.2608,0.8304
4077-13754-0000,7729,0,0.1327,0.9047
4077-13754-0000,8224,0,0.0584,0.6818
4077-13754-0000,8230,0,0.0153,0.7243
4077-13754-0000,8455,0,0.1735,0.8107
4077-13754-0000,908,0,0.1951,0.8862
4077-13754-0003,1089,0,0.1058,0.8236
4077-13754-0003,1188,0,0.0996,0.7875
4077-13754-0003,1320,0,0.1665,0.8054
4077-13754-0003,2300,0,0.1414,0.6864
4077-13754-0003,260,0,0.1494,0.8821
4077-13754-0003,2830,0,0.0377,0.7126
4077-13754-0003,4077,1,0.5322,0.9637
4077-13754-0003,5105,0,0.2787,0.8322
4077-13754-0003,5639,0,0.0588,0.8677
4077-13754-0003,61,0,0.1827,0.8434
4077-13754-0003,672,0,0.0352,0.8613
4077-13754-0003,6930,0,0.1605,0.7486
4077-13754-0003,7021,0,0.1918,0.7872
4077-13754-0003,7127,0,0.0817,0.8161
4077-13754-0003,7176,0,0.2595,0.8555
4077-13754-0003,7729,0,0.0602,0.9028
4077-13754-0003,8224,0,0.0244,0.7041
4077-13754-0003,8230,0,0.0111,0.7451
4077-13754-0003,8455,0,0.138,0.783
4077-13754-0003,908,0,0.2206,0.8778
4077-13754-0010,1089,0,0.0852,0.8254
4077-13754-0010,1188,0,0.0392,0.7946
4077-13754-0010,1320,0,0.1228,0.8235
4077-13754-0010,2300,0,0.1354,0.7362
4077-13754-0010,260,0,0.226,0.8934
4077-13754-0010,2830,0,0.0111,0.7116
4077-13754-0010,4077,1,0.5919,0.9734
4077-13754-0010,5105,0,0.3191,0.8486
4077-13754-0010,5639,0,0.0917,0.8609
4077-13754-0010,61,0,0.184,0.861
4077-13754-0010,672,0,0.0437,0.8667
4077-13754-0010,6930,0,0.2081,0.7681
4077-13754-0010,7021,0,0.24,0.8075
4077-13754-0010,7127,0,0.1166,0.8239
4077-13754-0010,7176,0,0.2988,0.8537
4077-13754-0010,7729,0,0.0552,0.9057
4077-13754-0010,8224,0,0.1426,0.7259
4077-13754-0010,8230,0,-0.0057,0.7477
4077-13754-0010,8455,0,0.1128,0.8161
4077-13754-0010,908,0,0.2515,0.8771
4446-2273-0001,121,0,0.0029,0.8524
4446-2273-0001,1221,0,0.1082,0.9477
4446-2273-0001,1284,0,0.2487,0.9337
4446-2273-0001,1580,0,0.1517,0.9422
4446-2273-0001,1995,0,-0.1783,0.872
4446-2273-0001,2094,0,0.0012,0.9238
4446-2273-0001,237,0,-0.0364,0.9294
4446-2273-0001,2961,0,0.0537,0.7087
4446-2273-0001,3570,0,0.144,0.759
4446-2273-0001,3575,0,-0.0809,0.7478
4446-2273-0001,3729,0,-0.0321,0.9178
4446-2273-0001,4446,1,0.5956,0.9815
4446-2273-0001,4507,0,0.0874,0.8752
4446-2273-0001,4970,0,0.1684,0.7695
4446-2273-0001,4992,0,0.1056,0.9477
4446-2273-0001,5142,0,0.1748,0.859
4446-2273-0001,5683,0,-0.1348,0.8776
4446-2273-0001,6829,0,0.2561,0.886
4446-2273-0001,8463,0,0.3299,0.9029
4446-2273-0001,8555,0,0.0338,0.8257
4446-2273-0008,121,0,-0.0877,0.8519
4446-2273-0008,1221,0,0.0756,0.9426
4446-2273-0008,1284,0,0.1532,0.9157
4446-2273-0008,1580,0,0.1303,0.9213
4446-2273-0008,1995,0,-0.1699,0.8601
4446-2273-0008,2094,0,0.027,0.8987
4446-2273-0008,237,0,-0.1147,0.9089
4446-2273-0008,2961,0,-0.0122,0.7277
4446-2273-0008,3570,0,0.1758,0.77
4446-2273-0008,3575,0,-0.1473,0.7461
4446-2273-0008,3729,0,0.0149,0.9242
4446-2273-0008,4446,1,0.5841,0.9698
4446-2273-0008,4507,0,0.0643,0.8762
4446-2273-0008,4970,0,0.1133,0.7893
4446-2273-0008,4992,0,0.1039,0.9473
4446-2273-0008,5142,0,0.1379,0.8693
4446-2273-0008,5683,0,-0.1467,0.8799
4446-2273-0008,6829,0,0.2151,0.8877
4446-2273-0008,8463,0,0.31,0.9212
4446-2273-0008,8555,0,0.1403,0.8368
4446-2273-0022,121,0,-0.0765,0.8491
4446-2273-0022,1221,0,0.128,0.9441
4446-2273-0022,1284,0,0.2414,0.9092
4446-2273-0022,1580,0,0.1558,0.9377
4446-2273-0022,1995,0,-0.0801,0.8558
4446-2273-0022,2094,0,0.1002,0.9197
4446-2273-0022,237,0,-0.0043,0.9267
4446-2273-0022,2961,0,0.0355,0.6981
4446-2273-0022,3570,0,0.1499,0.7481
4446-2273-0022,3575,0,-0.0899,0.7466
4446-2273-0022,3729,0,0.0542,0.9214
4446-2273-0022,4446,1,0.598,0.9745
4446-2273-0022,4507,0,0.1271,0.8858
4446-2273-0022,4970,0,0.1111,0.7824
4446-2273-0022,4992,0,0.1628,0.9517
4446-2273-0022,5142,0,0.0642,0.8794
4446-2273-0022,5683,0,-0.103,0.8996
4446-2273-0022,6829,0,0.1584,0.8858
4446-2273-0022,8463,0,0.2722,0.91
4446-2273-0022,8555,0,0.0232,0.8517
4446-2273-0032,121,0,-0.0852,0.837
4446-2273-0032,1221,0,0.092,0.9524
4446-2273-0032,1284,0,0.1868,0.909
4446-2273-0032,1580,0,0.1909,0.9069
4446-2273-0032,1995,0,-0.1431,0.8554
4446-2273-0032,2094,0,-0.0082,0.9107
4446-2273-0032,237,0,-0.0244,0.9219
4446-2273-0032,2961,0,-0.0078,0.6981
4446-2273-0032,3570,0,0.1361,0.7423
4446-2273-0032,3575,0,-0.1014,0.7037
4446-2273-0032,3729,0,0.0599,0.9267
4446-2273-0032,4446,1,0.6558,0.98
4446-2273-0032,4507,0,0.0994,0.8657
4446-2273-0032,4970,0,0.1831,0.7541
4446-2273-0032,4992,0,0.1442,0.9574
4446-2273-0032,5142,0,0.0883,0.8719
4446-2273-0032,5683,0,-0.1006,0.8646
4446-2273-0032,6829,0,0.1857,0.898
4446-2273-0032,8463,0,0.3238,0.9124
4446-2273-0032,8555,0,0.1264,0.8135
4446-2275-0007,121,0,-0.0402,0.8179
4446-2275-0007,1221,0,0.1198,0.9546
4446-2275-0007,1284,0,0.2694,0.9056
4446-2275-0007,1580,0,0.1891,0.9217
4446-2275-0007,1995,0,-0.1221,0.8106
4446-2275-0007,2094,0,0.0584,0.8893
4446-2275-0007,237,0,-0.0668,0.9103
4446-2275-0007,2961,0,0.0324,0.6886
4446-2275-0007,3570,0,0.159,0.7541
4446-2275-0007,3575,0,-0.0981,0.7672
4446-2275-0007,3729,0,-0.0211,0.9199
4446-2275-0007,4446,1,0.6376,0.9659
4446-2275-0007,4507,0,0.134,0.9015
4446-2275-0007,4970,0,0.1804,0.8312
4446-2275-0007,4992,0,0.0481,0.9219
4446-2275-0007,5142,0,0.1165,0.8798
4446-2275-0007,5683,0,-0.1022,0.9095
4446-2275-0007,6829,0,0.2009,0.9144
4446-2275-0007,8463,0,0.3283,0.8805
4446-2275-0007,8555,0,0.0029,0.8487
4446-2275-0026,121,0,-0.0692,0.8323
4446-2275-0026,1221,0,0.1632,0.959
4446-2275-0026,1284,0,0.2113,0.8918
4446-2275-0026,1580,0,0.2159,0.9256
4446-2275-0026,1995,0,-0.0844,0.811
4446-2275-0026,2094,0,0.0773,0.9005
4446-2275-0026,237,0,-0.1104,0.9078
4446-2275-0026,2961,0,-0.0051,0.7059
4446-2275-0026,3570,0,0.156,0.7752
4446-2275-0026,3575,0,-0.0889,0.7706
4446-2275-0026,3729,0,0.0706,0.9291
4446-2275-0026,4446,1,0.5725,0.9602
4446-2275-0026,4507,0,0.1645,0.9265
4446-2275-0026,4970,0,0.0811,0.8214
4446-2275-0026,4992,0,0.0793,0.9282
4446-2275-0026,5142,0,0.0903,0.8785
4446-2275-0026,5683,0,-0.1165,0.9013
4446-2275-0026,6829,0,0.1485,0.927
4446-2275-0026,8463,0,0.2612,0.8763
4446-2275-0026,8555,0,0.0336,0.8497
4446-2275-0029,121,0,0.057,0.8596
4446-2275-0029,1221,0,0.1318,0.9403
4446-2275-0029,1284,0,0.3222,0.8963
4446-2275-0029,1580,0,0.1854,0.9234
4446-2275-0029,1995,0,-0.0694,0.8447
4446-2275-0029,2094,0,0.1,0.9176
4446-2275-0029,237,0,0.0454,0.9307
4446-2275-0029,2961,0,-0.0218,0.7076
4446-2275-0029,3570,0,0.1097,0.7706
4446-2275-0029,3575,0,-0.0377,0.7459
4446-2275-0029,3729,0,0.0198,0.9302
4446-2275-0029,4446,1,0.6561,0.9712
4446-2275-0029,4507,0,0.0861,0.8852
4446-2275-0029,4970,0,0.0473,0.7597
4446-2275-0029,4992,0,0.1419,0.9392
4446-2275-0029,5142,0,0.0205,0.8361
4446-2275-0029,5683,0,-0.0526,0.8841
4446-2275-0029,6829,0,0.222,0.8934
4446-2275-0029,8463,0,0.3041,0.8843
4446-2275-0029,8555,0,0.0105,0.8049
4446-2275-0035,121,0,-0.006,0.7519
4446-2275-0035,1221,0,0.1571,0.9173
4446-2275-0035,1284,0,0.2786,0.9387
4446-2275-0035,1580,0,0.1608,0.9111
4446-2275-0035,1995,0,-0.0872,0.7913
4446-2275-0035,2094,0,0.042,0.8977
4446-2275-0035,237,0,-0.0734,0.8662
4446-2275-0035,2961,0,-0.0342,0.6141
4446-2275-0035,3570,0,0.1129,0.6388
4446-2275-0035,3575,0,-0.1242,0.6815
4446-2275-0035,3729,0,-0.0157,0.856
4446-2275-0035,4446,1,0.7239,0.9691
4446-2275-0035,4507,0,0.0272,0.8113
4446-2275-0035,4970,0,0.0795,0.7475
4446-2275-0035,4992,0,0.0639,0.8937
4446-2275-0035,5142,0,0.0695,0.836
4446-2275-0035,5683,0,-0.0935,0.847
4446-2275-0035,6829,0,0.1449,0.8848
4446-2275-0035,8463,0,0.2392,0.8458
4446-2275-0035,8555,0,-0.0697,0.7508
4446-2275-0041,121,0,-0.1455,0.8584
4446-2275-0041,1221,0,0.0322,0.9331
4446-2275-0041,1284,0,0.2392,0.9296
4446-2275-0041,1580,0,0.1751,0.928
4446-2275-0041,1995,0,-0.0719,0.8859
4446-2275-0041,2094,0,0.0839,0.9117
4446-2275-0041,237,0,-0.093,0.9173
4446-2275-0041,2961,0,-0.0154,0.7371
4446-2275-0041,3570,0,0.078,0.7625
4446-2275-0041,3575,0,-0.1,0.691
4446-2275-0041,3729,0,-0.0451,0.919
4446-2275-0041,4446,1,0.5705,0.9814
4446-2275-0041,4507,0,0.1018,0.8733
4446-2275-0041,4970,0,0.0283,0.7176
4446-2275-0041,4992,0,0.082,0.9511
4446-2275-0041,5142,0,0.0593,0.8543
4446-2275-0041,5683,0,-0.0887,0.8555
4446-2275-0041,6829,0,0.074,0.8816
4446-2275-0041,8463,0,0.22,0.9002
4446-2275-0041,8555,0,0.0955,0.8078
4446-2275-0043,121,0,-0.0643,0.8978
4446-2275-0043,1221,0,0.226,0.9299
4446-2275-0043,1284,0,0.2499,0.8817
4446-2275-0043,1580,0,0.1875,0.9246
4446-2275-0043,1995,0,-0.1495,0.8735
4446-2275-0043,2094,0,0.0734,0.9152
4446-2275-0043,237,0,-0.0298,0.9168
4446-2275-0043,2961,0,-0.0292,0.7747
4446-2275-0043,3570,0,0.0698,0.8237
4446-2275-0043,3575,0,-0.151,0.745
4446-2275-0043,3729,0,0.0637,0.94
4446-2275-0043,4446,1,0.6241,0.9553
4446-2275-0043,4507,0,0.1233,0.9133
4446-2275-0043,4970,0,0.0518,0.7261
4446-2275-0043,4992,0,0.2355,0.946
4446-2275-0043,5142,0,0.0964,0.8243
4446-2275-0043,5683,0,-0.1279,0.861
4446-2275-0043,6829,0,0.1492,0.8903
4446-2275-0043,8463,0,0.304,0.8886
4446-2275-0043,8555,0,0.0948,0.8111
4507-16021-0001,121,0,0.0242,0.8351
4507-16021-0001,1221,0,0.0285,0.893
4507-16021-0001,1284,0,0.0696,0.7794
4507-16021-0001,1580,0,0.0953,0.8589
4507-16021-0001,1995,0,-0.0864,0.7398
4507-16021-0001,2094,0,0.1219,0.8323
4507-16021-0001,237,0,0.0013,0.8843
4507-16021-0001,2961,0,-0.0397,0.7578
4507-16021-0001,3570,0,0.1908,0.8928
4507-16021-0001,3575,0,-0.0086,0.8726
4507-16021-0001,3729,0,0.1605,0.8885
4507-16021-0001,4446,0,0.0649,0.8244
4507-16021-0001,4507,1,0.5733,0.9592
4507-16021-0001,4970,0,0.0646,0.8612
4507-16021-0001,4992,0,0.0259,0.8244
4507-16021-0001,5142,0,0.0263,0.7839
4507-16021-0001,5683,0,-0.0174,0.9011
4507-16021-0001,6829,0,0.2005,0.8981
4507-16021-0001,8463,0,0.1871,0.7708
4507-16021-0001,8555,0,0.2024,0.8355
4507-16021-0005,121,0,-0.0233,0.8018
4507-16021-0005,1221,0,0.0761,0.8781
4507-16021-0005,1284,0,0.1488,0.79
4507-16021-0005,1580,0,0.239,0.8655
4507-16021-0005,1995,0,-0.0563,0.7051
4507-16021-0005,2094,0,0.1748,0.8433
4507-16021-0005,237,0,-0.0512,0.8561
4507-16021-0005,2961,0,0.1703,0.73
4507-16021-0005,3570,0,0.2871,0.8392
4507-16021-0005,3575,0,-0.0571,0.8234
4507-16021-0005,3729,0,0.0491,0.8742
4507-16021-0005,4446,0,0.1805,0.8374
4507-16021-0005,4507,1,0.6003,0.9455
4507-16021-0005,4970,0,0.1903,0.8331
4507-16021-0005,4992,0,0.0483,0.8072
4507-16021-0005,5142,0,0.1431,0.7721
4507-16021-0005,5683,0,-0.0174,0.8752
4507-16021-0005,6829,0,0.2126,0.8998
4507-16021-0005,8463,0,0.1247,0.7524
4507-16021-0005,8555,0,0.1674,0.7882
4507-16021-0021,121,0,0.0379,0.7903
4507-16021-0021,1221,0,0.0183,0.9258
4507-16021-0021,1284,0,0.0877,0.8065
4507-16021-0021,1580,0,0.1296,0.842
4507-16021-0021,1995,0,-0.1002,0.7392
4507-16021-0021,2094,0,0.2406,0.879
4507-16021-0021,237,0,-0.041,0.8679
4507-16021-0021,2961,0,0.0297,0.6799
4507-16021-0021,3570,0,0.1479,0.7695
4507-16021-0021,3575,0,-0.061,0.8048
4507-16021-0021,3729,0,0.1362,0.9084
4507-16021-0021,4446,0,0.1333,0.8763
4507-16021-0021,4507,1,0.5847,0.9578
4507-16021-0021,4970,0,0.1494,0.8744
4507-16021-0021,4992,0,0.0224,0.8732
4507-16021-0021,5142,0,0.138,0.8798
4507-16021-0021,5683,0,-0.0146,0.89
4507-16021-0021,6829,0,0.2257,0.9562
4507-16021-0021,8463,0,0.1799,0.8284
4507-16021-0021,8555,0,0.2016,0.8439
4507-16021-0030,121,0,-0.0074,0.8564
4507-16021-0030,1221,0,0.0415,0.9415
4507-16021-0030,1284,0,0.0806,0.8232
4507-16021-0030,1580,0,0.2183,0.8734
4507-16021-0030,1995,0,-0.1044,0.8138
4507-16021-0030,2094,0,0.1832,0.909
4507-16021-0030,237,0,-0.032,0.9181
4507-16021-0030,2961,0,0.0842,0.7416
4507-16021-0030,3570,0,0.2358,0.8259
4507-16021-0030,3575,0,-0.0951,0.8137
4507-16021-0030,3729,0,0.1671,0.936
4507-16021-0030,4446,0,0.127,0.8969
4507-16021-0030,4507,1,0.6103,0.9695
4507-16021-0030,4970,0,0.0868,0.8413
4507-16021-0030,4992,0,0.0245,0.9193
4507-16021-0030,5142,0,0.0714,0.8754
4507-16021-0030,5683,0,-0.06,0.8852
4507-16021-0030,6829,0,0.2425,0.9525
4507-16021-0030,8463,0,0.1498,0.8754
4507-16021-0030,8555,0,0.1264,0.8527
4507-16021-0031,121,0,0.0498,0.9002
4507-16021-0031,1221,0,0.0798,0.9036
4507-16021-0031,1284,0,0.1577,0.8083
4507-16021-0031,1580,0,0.1815,0.8628
4507-16021-0031,1995,0,-0.0453,0.8242
4507-16021-0031,2094,0,0.1656,0.8853
4507-16021-0031,237,0,0.0211,0.9055
4507-16021-0031,2961,0,-0.0235,0.8266
4507-16021-0031,3570,0,0.2607,0.9047
4507-16021-0031,3575,0,-0.0748,0.8124
4507-16021-0031,3729,0,0.1562,0.9343
4507-16021-0031,4446,0,0.2308,0.8725
4507-16021-0031,4507,1,0.608,0.9478
4507-16021-0031,4970,0,0.0861,0.7932
4507-16021-0031,4992,0,0.044,0.8924
4507-16021-0031,5142,0,0.0398,0.8015
4507-16021-0031,5683,0,-0.0042,0.8558
4507-16021-0031,6829,0,0.2879,0.9007
4507-16021-0031,8463,0,0.1673,0.8597
4507-16021-0031,8555,0,0.1398,0.8105
4507-16021-0046,121,0,-0.0434,0.8774
4507-16021-0046,1221,0,0.0089,0.9263
4507-16021-0046,1284,0,0.0884,0.8438
4507-16021-0046,1580,0,0.1497,0.8806
4507-16021-0046,1995,0,-0.0915,0.8593
4507-16021-0046,2094,0,0.1983,0.9152
4507-16021-0046,237,0,-0.0295,0.9273
4507-16021-0046,2961,0,0.0316,0.7915
4507-16021-0046,3570,0,0.1449,0.8538
4507-16021-0046,3575,0,-0.0139,0.7995
4507-16021-0046,3729,0,0.1291,0.937
4507-16021-0046,4446,0,0.0483,0.8998
4507-16021-0046,4507,1,0.5657,0.9447
4507-16021-0046,4970,0,0.1868,0.8075
4507-16021-0046,4992,0,0.0722,0.929
4507-16021-0046,5142,0,0.1504,0.857
4507-16021-0046,5683,0,-0.0332,0.876
4507-16021-0046,6829,0,0.2586,0.9316
4507-16021-0046,8463,0,0.1479,0.888
4507-16021-0046,8555,0,0.1251,0.8394
4507-16021-0052,121,0,0.0408,0.8703
4507-16021-0052,1221,0,-0.0483,0.8884
4507-16021-0052,1284,0,0.0505,0.7965
4507-16021-0052,1580,0,0.1309,0.8704
4507-16021-0052,1995,0,-0.0504,0.7603
4507-16021-0052,2094,0,0.0625,0.8708
4507-16021-0052,237,0,-0.0548,0.8833
4507-16021-0052,2961,0,-0.0691,0.7593
4507-16021-0052,3570,0,0.1479,0.8701
4507-16021-0052,3575,0,-0.0293,0.8527
4507-16021-0052,3729,0,0.1725,0.9314
4507-16021-0052,4446,0,0.108,0.8558
4507-16021-0052,4507,1,0.4735,0.9653
4507-16021-0052,4970,0,0.0447,0.8266
4507-16021-0052,4992,0,0.0141,0.853
4507-16021-0052,5142,0,-0.017,0.7964
4507-16021-0052,5683,0,-0.0808,0.9043
4507-16021-0052,6829,0,0.2278,0.901
4507-16021-0052,8463,0,0.0727,0.797
4507-16021-0052,8555,0,0.1079,0.8193
4507-16021-0053,121,0,0.0529,0.8241
4507-16021-0053,1221,0,0.0271,0.9192
4507-16021-0053,1284,0,0.1088,0.8259
4507-16021-0053,1580,0,0.1457,0.8714
4507-16021-0053,1995,0,-0.1505,0.756
4507-16021-0053,2094,0,0.1955,0.8937
4507-16021-0053,237,0,-0.0075,0.8709
4507-16021-0053,2961,0,0.061,0.7206
4507-16021-0053,3570,0,0.1778,0.8001
4507-16021-0053,3575,0,0.0133,0.842
4507-16021-0053,3729,0,0.1454,0.908
4507-16021-0053,4446,0,0.071,0.8784
4507-16021-0053,4507,1,0.6049,0.9448
4507-16021-0053,4970,0,0.1318,0.8705
4507-16021-0053,4992,0,0.0155,0.8735
4507-16021-0053,5142,0,0.0193,0.8373
4507-16021-0053,5683,0,-0.0133,0.8923
4507-16021-0053,6829,0,0.3053,0.9492
4507-16021-0053,8463,0,0.1451,0.84
4507-16021-0053,8555,0,0.0453,0.8134
4507-16021-0056,121,0,0.0121,0.8635
4507-16021-0056,1221,0,-0.0005,0.9397
4507-16021-0056,1284,0,0.0013,0.8828
4507-16021-0056,1580,0,0.2,0.9084
4507-16021-0056,1995,0,-0.1148,0.8451
4507-16021-0056,2094,0,0.2043,0.9352
4507-16021-0056,237,0,-0.1166,0.9145
4507-16021-0056,2961,0,0.0129,0.742
4507-16021-0056,3570,0,0.1379,0.8071
4507-16021-0056,3575,0,-0.0918,0.7996
4507-16021-0056,3729,0,0.1969,0.938
4507-16021-0056,4446,0,0.1542,0.9226
4507-16021-0056,4507,1,0.6088,0.955
4507-16021-0056,4970,0,0.1013,0.8159
4507-16021-0056,4992,0,0.1243,0.9261
4507-16021-0056,5142,0,0.0226,0.8758
4507-16021-0056,5683,0,-0.0686,0.9117
4507-16021-0056,6829,0,0.2348,0.9348
4507-16021-0056,8463,0,0.2118,0.8682
4507-16021-0056,8555,0,0.1981,0.8498
4507-16021-0057,121,0,0.0761,0.8618
4507-16021-0057,1221,0,0.0294,0.8353
4507-16021-0057,1284,0,0.1297,0.737
4507-16021-0057,1580,0,0.1857,0.839
4507-16021-0057,1995,0,-0.0142,0.714
4507-16021-0057,2094,0,0.2152,0.801
4507-16021-0057,237,0,0.082,0.8529
4507-16021-0057,2961,0,0.0045,0.7482
4507-16021-0057,3570,0,0.1677,0.9031
4507-16021-0057,3575,0,-0.0745,0.814
4507-16021-0057,3729,0,0.1972,0.8801
4507-16021-0057,4446,0,0.2112,0.7879
4507-16021-0057,4507,1,0.6062,0.9399
4507-16021-0057,4970,0,0.1791,0.7347
4507-16021-0057,4992,0,0.1369,0.7729
4507-16021-0057,5142,0,0.0726,0.679
4507-16021-0057,5683,0,0.0685,0.8536
4507-16021-0057,6829,0,0.189,0.7939
4507-16021-0057,8463,0,0.2164,0.6978
4507-16021-0057,8555,0,0.2065,0.7541
4970-29093-0002,121,0,-0.1045,0.6282
4970-29093-0002,1221,0,-0.2209,0.7568
4970-29093-0002,1284,0,0.0829,0.6648
4970-29093-0002,1580,0,0.0439,0.7394
4970-29093-0002,1995,0,-0.0038,0.6197
4970-29093-0002,2094,0,0.1101,0.7012
4970-29093-0002,237,0,-0.0337,0.751
4970-29093-0002,2961,0,0.0874,0.5757
4970-29093-0002,3570,0,0.0566,0.6986
4970-29093-0002,3575,0,0.006,0.9064
4970-29093-0002,3729,0,-0.1144,0.6895
4970-29093-0002,4446,0,0.1023,0.6701
4970-29093-0002,4507,0,-0.054,0.7961
4970-29093-0002,4970,1,0.6819,0.9627
4970-29093-0002,4992,0,-0.0363,0.6763
4970-29093-0002,5142,0,0.0859,0.7492
4970-29093-0002,5683,0,0.0002,0.8551
4970-29093-0002,6829,0,0.1974,0.7934
4970-29093-0002,8463,0,0.022,0.6673
4970-29093-0002,8555,0,0.0442,0.8408
4970-29093-0013,121,0,-0.1499,0.6116
4970-29093-0013,1221,0,-0.1521,0.7896
4970-29093-0013,1284,0,0.0492,0.681
4970-29093-0013,1580,0,0.041,0.7334
4970-29093-0013,1995,0,-0.0994,0.5911
4970-29093-0013,2094,0,-0.005,0.7063
4970-29093-0013,237,0,0.0144,0.722
4970-29093-0013,2961,0,0.0331,0.5446
4970-29093-0013,3570,0,-0.0286,0.6675
4970-29093-0013,3575,0,0.0851,0.8767
4970-29093-0013,3729,0,-0.1352,0.708
4970-29093-0013,4446,0,0.0933,0.6952
4970-29093-0013,4507,0,-0.1655,0.8082
4970-29093-0013,4970,1,0.6273,0.9739
4970-29093-0013,4992,0,0.039,0.6929
4970-29093-0013,5142,0,0.1133,0.7852
4970-29093-0013,5683,0,0.0345,0.8521
4970-29093-0013,6829,0,0.2233,0.8281
4970-29093-0013,8463,0,0.0285,0.6922
4970-29093-0013,8555,0,0.1193,0.8362
4970-29093-0020,121,0,-0.0186,0.6276
4970-29093-0020,1221,0,-0.0704,0.7972
4970-29093-0020,1284,0,0.1208,0.7375
4970-29093-0020,1580,0,0.1392,0.7758
4970-29093-0020,1995,0,-0.0854,0.6331
4970-29093-0020,2094,0,-0.0382,0.7319
4970-29093-0020,237,0,0.0021,0.7601
4970-29093-0020,2961,0,0.1654,0.5661
4970-29093-0020,3570,0,0.0175,0.6662
4970-29093-0020,3575,0,0.1622,0.8727
4970-29093-0020,3729,0,-0.1509,0.7013
4970-29093-0020,4446,0,0.0924,0.7237
4970-29093-0020,4507,0,-0.1389,0.7843
4970-29093-0020,4970,1,0.5181,0.9557
4970-29093-0020,4992,0,0.0707,0.7081
4970-29093-0020,5142,0,0.0679,0.7646
4970-29093-0020,5683,0,0.0348,0.8512
4970-29093-0020,6829,0,0.1114,0.8229
4970-29093-0020,8463,0,0.0587,0.7088
4970-29093-0020,8555,0,-0.0244,0.8067
4970-29095-0006,121,0,0.0185,0.6677
4970-29095-0006,1221,0,-0.0265,0.8269
4970-29095-0006,1284,0,0.1623,0.741
4970-29095-0006,1580,0,0.128,0.7984
4970-29095-0006,1995,0,-0.0417,0.6555
4970-29095-0006,2094,0,0.1299,0.7796
4970-29095-0006,237,0,0.1193,0.8113
4970-29095-0006,2961,0,0.2274,0.615
4970-29095-0006,3570,0,0.1386,0.735
4970-29095-0006,3575,0,0.157,0.8865
4970-29095-0006,3729,0,-0.07,0.7436
4970-29095-0006,4446,0,0.1363,0.7424
4970-29095-0006,4507,0,0.0751,0.8472
4970-29095-0006,4970,1,0.4402,0.9235
4970-29095-0006,4992,0,-0.0193,0.7222
4970-29095-0006,5142,0,0.0734,0.7515
4970-29095-0006,5683,0,0.1015,0.8731
4970-29095-0006,6829,0,0.2566,0.8701
4970-29095-0006,8463,0,0.1023,0.6714
4970-29095-0006,8555,0,0.0268,0.8016
4970-29095-0007,121,0,-0.1223,0.6379
4970-29095-0007,1221,0,-0.157,0.8417
4970-29095-0007,1284,0,0.0977,0.7339
4970-29095-0007,1580,0,0.0315,0.7527
4970-29095-0007,1995,0,-0.1008,0.6835
4970-29095-0007,2094,0,0.0876,0.7724
4970-29095-0007,237,0,0.0646,0.8108
4970-29095-0007,2961,0,0.1427,0.5482
4970-29095-0007,3570,0,0.0991,0.6501
4970-29095-0007,3575,0,0.0084,0.8333
4970-29095-0007,3729,0,-0.0634,0.7552
4970-29095-0007,4446,0,0.17,0.7681
4970-29095-0007,4507,0,0.0304,0.8302
4970-29095-0007,4970,1,0.6411,0.9674
4970-29095-0007,4992,0,0.0236,0.7768
4970-29095-0007,5142,0,0.1777,0.8748
4970-29095-0007,5683,0,-0.0208,0.8641
4970-29095-0007,6829,0,0.2593,0.8778
4970-29095-0007,8463,0,0.124,0.7671
4970-29095-0007,8555,0,0.1748,0.8795
4970-29095-0020,121,0,-0.0847,0.61
4970-29095-0020,1221,0,-0.1187,0.7997
4970-29095-0020,1284,0,0.1239,0.6785
4970-29095-0020,1580,0,-0.0076,0.7031
4970-29095-0020,1995,0,-0.0906,0.6337
4970-29095-0020,2094,0,0.039,0.7215
4970-29095-0020,237,0,0.0855,0.7512
4970-29095-0020,2961,0,0.0071,0.5289
4970-29095-0020,3570,0,0.0129,0.642
4970-29095-0020,3575,0,0.0215,0.8322
4970-29095-0020,3729,0,-0.0832,0.7269
4970-29095-0020,4446,0,0.1424,0.719
4970-29095-0020,4507,0,-0.0376,0.8022
4970-29095-0020,4970,1,0.6548,0.9652
4970-29095-0020,4992,0,0.0013,0.7334
4970-29095-0020,5142,0,0.1579,0.8479
4970-29095-0020,5683,0,0.0351,0.8355
4970-29095-0020,6829,0,0.2254,0.8373
4970-29095-0020,8463,0,0.1386,0.7301
4970-29095-0020,8555,0,0.1233,0.8735
4970-29095-0024,121,0,-0.0432,0.6347
4970-29095-0024,1221,0,-0.0862,0.7777
4970-29095-0024,1284,0,0.0611,0.6464
4970-29095-0024,1580,0,0.065,0.6754
4970-29095-0024,1995,0,-0.1112,0.6339
4970-29095-0024,2094,0,0.0342,0.7188
4970-29095-0024,237,0,0.172,0.7729
4970-29095-0024,2961,0,0.0928,0.587
4970-29095-0024,3570,0,0.0211,0.7066
4970-29095-0024,3575,0,0.0608,0.8426
4970-29095-0024,3729,0,-0.0796,0.7312
4970-29095-0024,4446,0,0.0844,0.6866
4970-29095-0024,4507,0,-0.0262,0.8122
4970-29095-0024,4970,1,0.6266,0.9449
4970-29095-0024,4992,0,-0.0045,0.709
4970-29095-0024,5142,0,0.1655,0.7988
4970-29095-0024,5683,0,0.048,0.8082
4970-29095-0024,6829,0,0.2714,0.8364
4970-29095-0024,8463,0,0.116,0.7041
4970-29095-0024,8555,0,0.1735,0.8329
4970-29095-0026,121,0,-0.042,0.6157
4970-29095-0026,1221,0,-0.1274,0.8114
4970-29095-0026,1284,0,0.1323,0.6939
4970-29095-0026,1580,0,0.0395,0.724
4970-29095-0026,1995,0,-0.0506,0.6413
4970-29095-0026,2094,0,0.0761,0.7228
4970-29095-0026,237,0,0.1038,0.7956
4970-29095-0026,2961,0,0.0974,0.543
4970-29095-0026,3570,0,0.0656,0.6626
4970-29095-0026,3575,0,0.1207,0.8396
4970-29095-0026,3729,0,-0.0966,0.7285
4970-29095-0026,4446,0,0.1433,0.7255
4970-29095-0026,4507,0,0.0647,0.8164
4970-29095-0026,4970,1,0.7363,0.9742
4970-29095-0026,4992,0,-0.0218,0.7306
4970-29095-0026,5142,0,0.1333,0.8494
4970-29095-0026,5683,0,0.0667,0.8567
4970-29095-0026,6829,0,0.3361,0.8465
4970-29095-0026,8463,0,0.1254,0.7227
4970-29095-0026,8555,0,0.1128,0.8784
4970-29095-0027,121,0,-0.0199,0.6383
4970-29095-0027,1221,0,-0.107,0.8306
4970-29095-0027,1284,0,0.0967,0.7144
4970-29095-0027,1580,0,0.1021,0.7355
4970-29095-0027,1995,0,-0.0356,0.6681
4970-29095-0027,2094,0,0.1087,0.7577
4970-29095-0027,237,0,0.1164,0.7887
4970-29095-0027,2961,0,0.0447,0.5513
4970-29095-0027,3570,0,0.0474,0.6619
4970-29095-0027,3575,0,0.0949,0.8488
4970-29095-0027,3729,0,0.019,0.752
4970-29095-0027,4446,0,0.0629,0.7484
4970-29095-0027,4507,0,0.0291,0.8253
4970-29095-0027,4970,1,0.6439,0.972
4970-29095-0027,4992,0,0.0173,0.7643
4970-29095-0027,5142,0,0.1053,0.8585
4970-29095-0027,5683,0,0.0452,0.8539
4970-29095-0027,6829,0,0.2125,0.8719
4970-29095-0027,8463,0,0.0954,0.7623
4970-29095-0027,8555,0,0.1458,0.8731
4970-29095-0036,121,0,-0.0833,0.6686
4970-29095-0036,1221,0,-0.0679,0.8039
4970-29095-0036,1284,0,0.1306,0.6964
4970-29095-0036,1580,0,0.0794,0.7523
4970-29095-0036,1995,0,-0.1153,0.6608
4970-29095-0036,2094,0,0.0592,0.728
4970-29095-0036,237,0,0.1139,0.7955
4970-29095-0036,2961,0,0.1111,0.6102
4970-29095-0036,3570,0,0.0637,0.7416
4970-29095-0036,3575,0,0.0653,0.8662
4970-29095-0036,3729,0,-0.0739,0.7518
4970-29095-0036,4446,0,0.1592,0.7159
4970-29095-0036,4507,0,0.0583,0.8559
4970-29095-0036,4970,1,0.609,0.9552
4970-29095-0036,4992,0,0.0127,0.7299
4970-29095-0036,5142,0,0.1992,0.8158
4970-29095-0036,5683,0,0.0005,0.8581
4970-29095-0036,6829,0,0.3107,0.8403
4970-29095-0036,8463,0,0.2296,0.7144
4970-29095-0036,8555,0,0.1659,0.8688
4992-23283-0004,121,0,-0.0628,0.8768
4992-23283-0004,1221,0,0.1972,0.9174
4992-23283-0004,1284,0,0.1468,0.8628
4992-23283-0004,1580,0,0.284,0.8739
4992-23283-0004,1995,0,-0.0364,0.9076
4992-23283-0004,2094,0,0.1744,0.9458
4992-23283-0004,237,0,0.1259,0.9034
4992-23283-0004,2961,0,0.025,0.759
4992-23283-0004,3570,0,0.0245,0.7561
4992-23283-0004,3575,0,0.0242,0.7212
4992-23283-0004,3729,0,0.1056,0.9146
4992-23283-0004,4446,0,0.1804,0.925
4992-23283-0004,4507,0,0.0727,0.8548
4992-23283-0004,4970,0,0.0262,0.723
4992-23283-0004,4992,1,0.5942,0.9784
4992-23283-0004,5142,0,0.034,0.8592
4992-23283-0004,5683,0,-0.1063,0.8248
4992-23283-0004,6829,0,0.3766,0.8872
4992-23283-0004,8463,0,0.4276,0.9601
4992-23283-0004,8555,0,0.1363,0.8049
4992-23283-0011,121,0,-0.1371,0.849
4992-23283-0011,1221,0,0.1736,0.888
4992-23283-0011,1284,0,0.1193,0.8887
4992-23283-0011,1580,0,0.2184,0.8774
4992-23283-0011,1995,0,-0.0397,0.925
4992-23283-0011,2094,0,0.1217,0.9318
4992-23283-0011,237,0,0.0036,0.8844
4992-23283-0011,2961,0,0.0365,0.7227
4992-23283-0011,3570,0,0.1304,0.6988
4992-23283-0011,3575,0,-0.0556,0.6668
4992-23283-0011,3729,0,0.1113,0.87
4992-23283-0011,4446,0,0.2201,0.9216
4992-23283-0011,4507,0,0.0755,0.8
4992-23283-0011,4970,0,0.0782,0.6655
4992-23283-0011,4992,1,0.6252,0.9676
4992-23283-0011,5142,0,0.1486,0.84
4992-23283-0011,5683,0,-0.1176,0.7912
4992-23283-0011,6829,0,0.3599,0.835
4992-23283-0011,8463,0,0.2941,0.9473
4992-23283-0011,8555,0,0.207,0.7764
4992-23283-0013,121,0,-0.0219,0.9052
4992-23283-0013,1221,0,0.1821,0.9097
4992-23283-0013,1284,0,0.1136,0.8865
4992-23283-0013,1580,0,0.2482,0.8817
4992-23283-0013,1995,0,0.0485,0.9329
4992-23283-0013,2094,0,0.147,0.9546
4992-23283-0013,237,0,0.0601,0.9026
4992-23283-0013,2961,0,-0.0049,0.7864
4992-23283-0013,3570,0,0.0578,0.7681
4992-23283-0013,3575,0,0.0304,0.7198
4992-23283-0013,3729,0,0.1893,0.923
4992-23283-0013,4446,0,0.1519,0.9317
4992-23283-0013,4507,0,0.1511,0.8505
4992-23283-0013,4970,0,0.028,0.6975
4992-23283-0013,4992,1,0.5869,0.9763
4992-23283-0013,5142,0,0.0435,0.837
4992-23283-0013,5683,0,-0.0124,0.8221
4992-23283-0013,6829,0,0.3343,0.8731
4992-23283-0013,8463,0,0.4189,0.956
4992-23283-0013,8555,0,0.1727,0.7798
4992-41797-0007,121,0,-0.1083,0.8138
4992-41797-0007,1221,0,0.2242,0.9435
4992-41797-0007,1284,0,0.1584,0.8515
4992-41797-0007,1580,0,0.354,0.8547
4992-41797-0007,1995,0,-0.0532,0.8859
4992-41797-0007,2094,0,0.1414,0.9117
4992-41797-0007,237,0,0.0572,0.9051
4992-41797-0007,2961,0,0.0287,0.6967
4992-41797-0007,3570,0,0.08,0.7242
4992-41797-0007,3575,0,0.1325,0.7467
4992-41797-0007,3729,0,0.1078,0.8944
4992-41797-0007,4446,0,0.1397,0.9103
4992-41797-0007,4507,0,0.1588,0.8783
4992-41797-0007,4970,0,0.1256,0.8165
4992-41797-0007,4992,1,0.5667,0.9734
4992-41797-0007,5142,0,0.1348,0.9373
4992-41797-0007,5683,0,-0.1349,0.8541
4992-41797-0007,6829,0,0.3683,0.9174
4992-41797-0007,8463,0,0.314,0.9513
4992-41797-0007,8555,0,0.1269,0.8932
4992-41797-0010,121,0,-0.1794,0.8308
4992-41797-0010,1221,0,0.2709,0.9524
4992-41797-0010,1284,0,0.154,0.8298
4992-41797-0010,1580,0,0.361,0.8438
4992-41797-0010,1995,0,-0.0306,0.8687
4992-41797-0010,2094,0,0.2319,0.9021
4992-41797-0010,237,0,0.1211,0.8945
4992-41797-0010,2961,0,0.0277,0.7128
4992-41797-0010,3570,0,0.0817,0.7465
4992-41797-0010,3575,0,0.1151,0.7463
4992-41797-0010,3729,0,0.1585,0.9213
4992-41797-0010,4446,0,0.1914,0.913
4992-41797-0010,4507,0,0.0615,0.9044
4992-41797-0010,4970,0,0.1279,0.8172
4992-41797-0010,4992,1,0.5725,0.9721
4992-41797-0010,5142,0,0.1471,0.9374
4992-41797-0010,5683,0,-0.0716,0.8579
4992-41797-0010,6829,0,0.4064,0.93
4992-41797-0010,8463,0,0.3178,0.9474
4992-41797-0010,8555,0,0.2136,0.8951
4992-41797-0017,121,0,-0.1205,0.8358
4992-41797-0017,1221,0,0.1658,0.9257
4992-41797-0017,1284,0,0.1026,0.8341
4992-41797-0017,1580,0,0.2282,0.8099
4992-41797-0017,1995,0,-0.0103,0.8879
4992-41797-0017,2094,0,0.2231,0.904
4992-41797-0017,237,0,-0.0361,0.8876
4992-41797-0017,2961,0,0.0123,0.7284
4992-41797-0017,3570,0,0.0458,0.7292
4992-41797-0017,3575,0,0.0272,0.6641
4992-41797-0017,3729,0,0.0774,0.9161
4992-41797-0017,4446,0,0.1245,0.9147
4992-41797-0017,4507,0,0.158,0.8597
4992-41797-0017,4970,0,0.0818,0.7293
4992-41797-0017,4992,1,0.4801,0.9756
4992-41797-0017,5142,0,0.1333,0.903
4992-41797-0017,5683,0,-0.0955,0.788
4992-41797-0017,6829,0,0.2974,0.9051
4992-41797-0017,8463,0,0.3137,0.956
4992-41797-0017,8555,0,0.1869,0.8154
4992-41806-0003,121,0,-0.0912,0.8836
4992-41806-0003,1221,0,0.1595,0.9375
4992-41806-0003,1284,0,0.122,0.8386
4992-41806-0003,1580,0,0.3171,0.8908
4992-41806-0003,1995,0,0.0468,0.8955
4992-41806-0003,2094,0,0.2427,0.9286
4992-41806-0003,237,0,0.1325,0.9326
4992-41806-0003,2961,0,0.0452,0.7601
4992-41806-0003,3570,0,0.1788,0.8068
4992-41806-0003,3575,0,0.0797,0.7954
4992-41806-0003,3729,0,0.244,0.9271
4992-41806-0003,4446,0,0.1412,0.9127
4992-41806-0003,4507,0,0.2597,0.9131
4992-41806-0003,4970,0,0.1104,0.7973
4992-41806-0003,4992,1,0.4648,0.9677
4992-41806-0003,5142,0,0.0423,0.874
4992-41806-0003,5683,0,0.0154,0.872
4992-41806-0003,6829,0,0.2982,0.9071
4992-41806-0003,8463,0,0.2762,0.9335
4992-41806-0003,8555,0,0.284,0.8693
4992-41806-0008,121,0,-0.2204,0.8658
4992-41806-0008,1221,0,0.2584,0.943
4992-41806-0008,1284,0,0.1685,0.8697
4992-41806-0008,1580,0,0.2696,0.8787
4992-41806-0008,1995,0,0.1006,0.9029
4992-41806-0008,2094,0,0.2476,0.9307
4992-41806-0008,237,0,0.1963,0.9206
4992-41806-0008,2961,0,0.0441,0.7382
4992-41806-0008,3570,0,0.203,0.7612
4992-41806-0008,3575,0,-0.0412,0.7096
4992-41806-0008,3729,0,0.2491,0.9323
4992-41806-0008,4446,0,0.1859,0.9474
4992-41806-0008,4507,0,0.2463,0.8845
4992-41806-0008,4970,0,0.1279,0.7462
4992-41806-0008,4992,1,0.5419,0.9884
4992-41806-0008,5142,0,0.1449,0.8981
4992-41806-0008,5683,0,-0.0273,0.84
4992-41806-0008,6829,0,0.2695,0.9032
4992-41806-0008,8463,0,0.2994,0.9571
4992-41806-0008,8555,0,0.2432,0.8439
4992-41806-0013,121,0,-0.1484,0.8524
4992-41806-0013,1221,0,0.2188,0.9606
4992-41806-0013,1284,0,0.1918,0.8656
4992-41806-0013,1580,0,0.3234,0.8976
4992-41806-0013,1995,0,0.1011,0.8777
4992-41806-0013,2094,0,0.2877,0.9323
4992-41806-0013,237,0,0.3024,0.9487
4992-41806-0013,2961,0,-0.0077,0.7271
4992-41806-0013,3570,0,0.0781,0.7881
4992-41806-0013,3575,0,0.105,0.7815
4992-41806-0013,3729,0,0.161,0.9243
4992-41806-0013,4446,0,0.0703,0.9384
4992-41806-0013,4507,0,0.1506,0.9064
4992-41806-0013,4970,0,0.1024,0.811
4992-41806-0013,4992,1,0.4207,0.9697
4992-41806-0013,5142,0,0.0881,0.8936
4992-41806-0013,5683,0,0.0829,0.8788
4992-41806-0013,6829,0,0.3127,0.9241
4992-41806-0013,8463,0,0.2455,0.9323
4992-41806-0013,8555,0,0.2114,0.8713
4992-41806-0017,121,0,-0.1452,0.8545
4992-41806-0017,1221,0,0.1682,0.9222
4992-41806-0017,1284,0,0.0779,0.856
4992-41806-0017,1580,0,0.2662,0.8767
4992-41806-0017,1995,0,0.0701,0.9223
4992-41806-0017,2094,0,0.2343,0.9286
4992-41806-0017,237,0,0.1136,0.9329
4992-41806-0017,2961,0,0.0295,0.7251
4992-41806-0017,3570,0,0.1159,0.7509
4992-41806-0017,3575,0,0.0167,0.7259
4992-41806-0017,3729,0,0.2126,0.9008
4992-41806-0017,4446,0,0.1816,0.9223
4992-41806-0017,4507,0,0.2204,0.8616
4992-41806-0017,4970,0,0.1066,0.7434
4992-41806-0017,4992,1,0.4623,0.9782
4992-41806-0017,5142,0,0.0681,0.884
4992-41806-0017,5683,0,-0.0613,0.8435
4992-41806-0017,6829,0,0.2257,0.8743
4992-41806-0017,8463,0,0.3552,0.9486
4992-41806-0017,8555,0,0.2167,0.8573
5105-28233-0001,1089,0,0.1546,0.8592
5105-28233-0001,1188,0,0.1881,0.9229
5105-28233-0001,1320,0,0.3122,0.8871
5105-28233-0001,2300,0,0.015,0.7147
5105-28233-0001,260,0,0.2149,0.8769
5105-28233-0001,2830,0,0.3754,0.8963
5105-28233-0001,4077,0,0.0557,0.7858
5105-28233-0001,5105,1,0.6325,0.9473
5105-28233-0001,5639,0,0.0912,0.8063
5105-28233-0001,61,0,0.2652,0.873
5105-28233-0001,672,0,0.0813,0.8831
5105-28233-0001,6930,0,0.0917,0.7697
5105-28233-0001,7021,0,0.2044,0.8969
5105-28233-0001,7127,0,0.1065,0.8485
5105-28233-0001,7176,0,0.2345,0.8644
5105-28233-0001,7729,0,0.1059,0.8644
5105-28233-0001,8224,0,0.1226,0.7481
5105-28233-0001,8230,0,0.1305,0.8631
5105-28233-0001,8455,0,0.0175,0.7626
5105-28233-0001,908,0,0.133,0.8608
5105-28233-0004,1089,0,0.1726,0.8678
5105-28233-0004,1188,0,0.258,0.9178
5105-28233-0004,1320,0,0.3054,0.8833
5105-28233-0004,2300,0,-0.0067,0.6493
5105-28233-0004,260,0,0.309,0.9023
5105-28233-0004,2830,0,0.3367,0.9146
5105-28233-0004,4077,0,0.0987,0.8329
5105-28233-0004,5105,1,0.7304,0.9384
5105-28233-0004,5639,0,0.1335,0.8822
5105-28233-0004,61,0,0.1355,0.8876
5105-28233-0004,672,0,0.191,0.9101
5105-28233-0004,6930,0,0.1736,0.8019
5105-28233-0004,7021,0,0.2767,0.8505
5105-28233-0004,7127,0,0.1243,0.8619
5105-28233-0004,7176,0,0.2386,0.8871
5105-28233-0004,7729,0,0.138,0.89
5105-28233-0004,8224,0,0.0692,0.7712
5105-28233-0004,8230,0,0.0955,0.8724
5105-28233-0004,8455,0,0.0154,0.7624
5105-28233-0004,908,0,0.1978,0.8865
5105-28240-0006,1089,0,0.0067,0.8591
5105-28240-0006,1188,0,0.1067,0.8854
5105-28240-0006,1320,0,0.1892,0.9224
5105-28240-0006,2300,0,-0.0016,0.7855
5105-28240-0006,260,0,0.228,0.8986
5105-28240-0006,2830,0,0.1776,0.8464
5105-28240-0006,4077,0,0.1163,0.8475
5105-28240-0006,5105,1,0.6511,0.9732
5105-28240-0006,5639,0,0.0306,0.8062
5105-28240-0006,61,0,0.104,0.8899
5105-28240-0006,672,0,-0.0312,0.8954
5105-28240-0006,6930,0,0.0823,0.8279
5105-28240-0006,7021,0,0.226,0.93
5105-28240-0006,7127,0,0.029,0.8675
5105-28240-0006,7176,0,0.2375,0.8767
5105-28240-0006,7729,0,0.0326,0.8872
5105-28240-0006,8224,0,0.0547,0.7636
5105-28240-0006,8230,0,0.0213,0.822
5105-28240-0006,8455,0,-0.0739,0.821
5105-28240-0006,908,0,0.2228,0.908
5105-28240-0007,1089,0,0.0724,0.8112
5105-28240-0007,1188,0,0.1745,0.8199
5105-28240-0007,1320,0,0.1565,0.91
5105-28240-0007,2300,0,-0.0317,0.8396
5105-28240-0007,260,0,0.1668,0.822
5105-28240-0007,2830,0,0.1452,0.7565
5105-28240-0007,4077,0,0.0856,0.8416
5105-28240-0007,5105,1,0.5926,0.951
5105-28240-0007,5639,0,0.0388,0.7391
5105-28240-0007,61,0,0.0777,0.8074
5105-28240-0007,672,0,-0.0841,0.8314
5105-28240-0007,6930,0,0.021,0.7696
5105-28240-0007,7021,0,0.2047,0.9287
5105-28240-0007,7127,0,0.1945,0.8692
5105-28240-0007,7176,0,0.1476,0.7919
5105-28240-0007,7729,0,0.0474,0.876
5105-28240-0007,8224,0,-0.0213,0.7041
5105-28240-0007,8230,0,0.0409,0.7196
5105-28240-0007,8455,0,0.0536,0.8142
5105-28240-0007,908,0,0.1611,0.8563
5105-28240-0009,1089,0,0.0471,0.8566
5105-28240-0009,1188,0,0.069,0.864
5105-28240-0009,1320,0,0.2425,0.9346
5105-28240-0009,2300,0,-0.0645,0.7599
5105-28240-0009,260,0,0.1468,0.8947
5105-28240-0009,2830,0,0.1117,0.838
5105-28240-0009,4077,0,0.2816,0.8506
5105-28240-0009,5105,1,0.6123,0.9674
5105-28240-0009,5639,0,0.1091,0.8106
5105-28240-0009,61,0,0.1334,0.8534
5105-28240-0009,672,0,0.135,0.9085
5105-28240-0009,6930,0,0.1154,0.8411
5105-28240-0009,7021,0,0.1862,0.909
5105-28240-0009,7127,0,0.0945,0.8743
5105-28240-0009,7176,0,0.2053,0.8575
5105-28240-0009,7729,0,-0.0372,0.8467
5105-28240-0009,8224,0,0.0501,0.7586
5105-28240-0009,8230,0,0.075,0.8047
5105-28240-0009,8455,0,0.0323,0.8359
5105-28240-0009,908,0,0.1713,0.8924
5105-28240-0012,1089,0,0.1146,0.8637
5105-28240-0012,1188,0,0.1183,0.8792
5105-28240-0012,1320,0,0.2426,0.9255
5105-28240-0012,2300,0,-0.0382,0.7614
5105-28240-0012,260,0,0.2998,0.8985
5105-28240-0012,2830,0,0.2835,0.832
5105-28240-0012,4077,0,0.1746,0.8456
5105-28240-0012,5105,1,0.6178,0.976
5105-28240-0012,5639,0,0.1266,0.8079
5105-28240-0012,61,0,0.1155,0.8735
5105-28240-0012,672,0,0.0747,0.9086
5105-28240-0012,6930,0,0.0637,0.8483
5105-28240-0012,7021,0,0.1897,0.9261
5105-28240-0012,7127,0,0.0972,0.8591
5105-28240-0012,7176,0,0.215,0.8768
5105-28240-0012,7729,0,0.0661,0.8535
5105-28240-0012,8224,0,0.0161,0.7924
5105-28240-0012,8230,0,0.0933,0.8173
5105-28240-0012,8455,0,-0.0093,0.8343
5105-28240-0012,908,0,0.13,0.9042
5105-28240-0016,1089,0,-0.0255,0.8492
5105-28240-0016,1188,0,0.032,0.8609
5105-28240-0016,1320,0,0.2367,0.902
5105-28240-0016,2300,0,0.0313,0.7975
5105-28240-0016,260,0,0.2258,0.868
5105-28240-0016,2830,0,0.134,0.8082
5105-28240-0016,4077,0,0.2209,0.8986
5105-28240-0016,5105,1,0.5679,0.9402
5105-28240-0016,5639,0,0.0629,0.7776
5105-28240-0016,61,0,0.1377,0.8521
5105-28240-0016,672,0,0.0755,0.8654
5105-28240-0016,6930,0,0.0848,0.7618
5105-28240-0016,7021,0,0.2225,0.8965
5105-28240-0016,7127,0,0.1152,0.9048
5105-28240-0016,7176,0,0.2921,0.8535
5105-28240-0016,7729,0,0.0299,0.8832
5105-28240-0016,8224,0,-0.0009,0.6981
5105-28240-0016,8230,0,0.0197,0.7797
5105-28240-0016,8455,0,-0.0197,0.8182
5105-28240-0016,908,0,0.2033,0.8525
5105-28240-0022,1089,0,0.055,0.8323
5105-28240-0022,1188,0,0.0667,0.8537
5105-28240-0022,1320,0,0.1909,0.9217
5105-28240-0022,2300,0,-0.0369,0.7761
5105-28240-0022,260,0,0.0924,0.8577
5105-28240-0022,2830,0,0.2106,0.8132
5105-28240-0022,4077,0,0.1533,0.8249
5105-28240-0022,5105,1,0.634,0.9676
5105-28240-0022,5639,0,-0.0176,0.7548
5105-28240-0022,61,0,0.0902,0.8191
5105-28240-0022,672,0,-0.0774,0.8624
5105-28240-0022,6930,0,0.0647,0.7761
5105-28240-0022,7021,0,0.2244,0.9295
5105-28240-0022,7127,0,0.1357,0.8806
5105-28240-0022,7176,0,0.1754,0.8188
5105-28240-0022,7729,0,0.0083,0.8351
5105-28240-0022,8224,0,0.0927,0.7138
5105-28240-0022,8230,0,0.0716,0.7575
5105-28240-0022,8455,0,-0.0279,0.7936
5105-28240-0022,908,0,0.2034,0.8709
5105-28240-0024,1089,0,0.0617,0.8365
5105-28240-0024,1188,0,0.0595,0.8742
5105-28240-0024,1320,0,0.2243,0.9102
5105-28240-0024,2300,0,-0.0052,0.7334
5105-28240-0024,260,0,0.2301,0.8933
5105-28240-0024,2830,0,0.1898,0.8485
5105-28240-0024,4077,0,0.1264,0.8554
5105-28240-0024,5105,1,0.6218,0.9631
5105-28240-0024,5639,0,0.0708,0.8135
5105-28240-0024,61,0,0.1058,0.8699
5105-28240-0024,672,0,0.0221,0.8852
5105-28240-0024,6930,0,0.0469,0.8065
5105-28240-0024,7021,0,0.1529,0.8938
5105-28240-0024,7127,0,0.1303,0.8763
5105-28240-0024,7176,0,0.1627,0.8761
5105-28240-0024,7729,0,0.0231,0.8579
5105-28240-0024,8224,0,0.0644,0.7526
5105-28240-0024,8230,0,0.0537,0.8032
5105-28240-0024,8455,0,-0.0735,0.7992
5105-28240-0024,908,0,0.1504,0.8751
5105-28241-0005,1089,0,0.1326,0.8421
5105-28241-0005,1188,0,0.1331,0.8907
5105-28241-0005,1320,0,0.3059,0.8705
5105-28241-0005,2300,0,0.0054,0.6851
5105-28241-0005,260,0,0.2486,0.9074
5105-28241-0005,2830,0,0.2581,0.8729
5105-28241-0005,4077,0,0.1947,0.8582
5105-28241-0005,5105,1,0.6377,0.944
5105-28241-0005,5639,0,0.0987,0.8467
5105-28241-0005,61,0,0.1922,0.8919
5105-28241-0005,672,0,0.135,0.881
5105-28241-0005,6930,0,0.1333,0.787
5105-28241-0005,7021,0,0.2607,0.8748
5105-28241-0005,7127,0,0.0976,0.8599
5105-28241-0005,7176,0,0.3496,0.8897
5105-28241-0005,7729,0,0.1219,0.8948
5105-28241-0005,8224,0,0.0968,0.7349
5105-28241-0005,8230,0,0.1129,0.8343
5105-28241-0005,8455,0,-0.0334,0.7589
5105-28241-0005,908,0,0.2431,0.8841
5142-33396-0012,121,0,-0.0256,0.7528
5142-33396-0012,1221,0,-0.0343,0.8762
5142-33396-0012,1284,0,-0.025,0.7373
5142-33396-0012,1580,0,-0.0181,0.7601
5142-33396-0012,1995,0,-0.0537,0.8374
5142-33396-0012,2094,0,-0.0724,0.8163
5142-33396-0012,237,0,0.0385,0.8348
5142-33396-0012,2961,0,0.0214,0.6249
5142-33396-0012,3570,0,0.0584,0.6575
5142-33396-0012,3575,0,-0.0344,0.7264
5142-33396-0012,3729,0,-0.0055,0.8311
5142-33396-0012,4446,0,0.078,0.8235
5142-33396-0012,4507,0,0.0499,0.8303
5142-33396-0012,4970,0,0.2173,0.8332
5142-33396-0012,4992,0,0.1776,0.9152
5142-33396-0012,5142,1,0.4775,0.9458
5142-33396-0012,5683,0,-0.0515,0.824
5142-33396-0012,6829,0,0.2336,0.8505
5142-33396-0012,8463,0,0.261,0.9175
5142-33396-0012,8555,0,0.2902,0.9313
5142-33396-0015,121,0,-0.1147,0.7839
5142-33396-0015,1221,0,-0.0151,0.93
5142-33396-0015,1284,0,-0.0131,0.8118
5142-33396-0015,1580,0,0.007,0.834
5142-33396-0015,1995,0,-0.0465,0.8319
5142-33396-0015,2094,0,0.0804,0.8747
5142-33396-0015,237,0,0.0462,0.8784
5142-33396-0015,2961,0,0.0485,0.6444
5142-33396-0015,3570,0,-0.0446,0.6915
5142-33396-0015,3575,0,0.0032,0.7548
5142-33396-0015,3729,0,0.0209,0.881
5142-33396-0015,4446,0,0.0924,0.8923
5142-33396-0015,4507,0,0.0643,0.8841
5142-33396-0015,4970,0,0.2619,0.8597
5142-33396-0015,4992,0,0.0865,0.9459
5142-33396-0015,5142,1,0.5644,0.9625
5142-33396-0015,5683,0,-0.0108,0.8722
5142-33396-0015,6829,0,0.2545,0.9085
5142-33396-0015,8463,0,0.1544,0.9343
5142-33396-0015,8555,0,0.1988,0.9227
5142-33396-0019,121,0,-0.0653,0.805
5142-33396-0019,1221,0,-0.0786,0.8951
5142-33396-0019,1284,0,-0.0425,0.8276
5142-33396-0019,1580,0,0.0873,0.8155
5142-33396-0019,1995,0,0.0376,0.9039
5142-33396-0019,2094,0,0.1542,0.8693
5142-33396-0019,237,0,0.0744,0.9069
5142-33396-0019,2961,0,0.0791,0.7005
5142-33396-0019,3570,0,0.0784,0.7074
5142-33396-0019,3575,0,-0.0231,0.7075
5142-33396-0019,3729,0,0.0736,0.8708
5142-33396-0019,4446,0,0.0719,0.886
5142-33396-0019,4507,0,0.1025,0.8437
5142-33396-0019,4970,0,0.15,0.8045
5142-33396-0019,4992,0,0.1102,0.9463
5142-33396-0019,5142,1,0.555,0.9475
5142-33396-0019,5683,0,-0.0457,0.8408
5142-33396-0019,6829,0,0.1612,0.8649
5142-33396-0019,8463,0,0.2115,0.9549
5142-33396-0019,8555,0,0.1795,0.9007
5142-33396-0024,121,0,-0.2064,0.7684
5142-33396-0024,1221,0,-0.0627,0.9168
5142-33396-0024,1284,0,0.0398,0.8602
5142-33396-0024,1580,0,0.1265,0.8443
5142-33396-0024,1995,0,-0.0602,0.849
5142-33396-0024,2094,0,-0.0221,0.8815
5142-33396-0024,237,0,0.0599,0.8742
5142-33396-0024,2961,0,0.0578,0.6556
5142-33396-0024,3570,0,0.021,0.6576
5142-33396-0024,3575,0,-0.0073,0.6942
5142-33396-0024,3729,0,-0.015,0.8702
5142-33396-0024,4446,0,0.1155,0.9216
5142-33396-0024,4507,0,0.1206,0.8449
5142-33396-0024,4970,0,0.2874,0.8203
5142-33396-0024,4992,0,0.0094,0.9432
5142-33396-0024,5142,1,0.5286,0.9635
5142-33396-0024,5683,0,0.006,0.8543
5142-33396-0024,6829,0,0.205,0.8955
5142-33396-0024,8463,0,0.1359,0.942
5142-33396-0024,8555,0,0.2015,0.887
5142-33396-0032,121,0,-0.1126,0.8136
5142-33396-0032,1221,0,-0.0796,0.9368
5142-33396-0032,1284,0,-0.0802,0.8484
5142-33396-0032,1580,0,0.0517,0.8512
5142-33396-0032,1995,0,-0.0352,0.8622
5142-33396-0032,2094,0,0.0483,0.9054
5142-33396-0032,237,0,0.035,0.9013
5142-33396-0032,2961,0,0.0799,0.7
5142-33396-0032,3570,0,0.0789,0.7192
5142-33396-0032,3575,0,-0.0399,0.7402
5142-33396-0032,3729,0,0.0923,0.9097
5142-33396-0032,4446,0,0.0078,0.9236
5142-33396-0032,4507,0,0.11,0.891
5142-33396-0032,4970,0,0.2143,0.8376
5142-33396-0032,4992,0,0.1271,0.9604
5142-33396-0032,5142,1,0.5349,0.9549
5142-33396-0032,5683,0,-0.0953,0.8699
5142-33396-0032,6829,0,0.2488,0.9278
5142-33396-0032,8463,0,0.1738,0.9471
5142-33396-0032,8555,0,0.2586,0.8928
5142-33396-0054,121,0,-0.146,0.7811
5142-33396-0054,1221,0,-0.0327,0.9237
5142-33396-0054,1284,0,-0.0144,0.8233
5142-33396-0054,1580,0,-0.0381,0.8468
5142-33396-0054,1995,0,-0.0915,0.8203
5142-33396-0054,2094,0,-0.0035,0.8596
5142-33396-0054,237,0,0.0202,0.8609
5142-33396-0054,2961,0,0.0509,0.6555
5142-33396-0054,3570,0,-0.0179,0.6972
5142-33396-0054,3575,0,-0.1454,0.7737
5142-33396-0054,3729,0,0.0708,0.8805
5142-33396-0054,4446,0,0.1496,0.8899
5142-33396-0054,4507,0,0.0826,0.8931
5142-33396-0054,4970,0,0.1582,0.8842
5142-33396-0054,4992,0,0.046,0.9255
5142-33396-0054,5142,1,0.5171,0.9647
5142-33396-0054,5683,0,-0.0325,0.8961
5142-33396-0054,6829,0,0.1061,0.9064
5142-33396-0054,8463,0,0.103,0.9167
5142-33396-0054,8555,0,0.1929,0.9369
5142-36377-0001,121,0,-0.1411,0.6939
5142-36377-0001,1221,0,0.1111,0.8625
5142-36377-0001,1284,0,-0.0135,0.8123
5142-36377-0001,1580,0,0.0927,0.765
5142-36377-0001,1995,0,-0.0251,0.8111
5142-36377-0001,2094,0,0.1379,0.8263
5142-36377-0001,237,0,0.2529,0.837
5142-36377-0001,2961,0,0.1514,0.5967
5142-36377-0001,3570,0,0.1039,0.5977
5142-36377-0001,3575,0,0.1205,0.6178
5142-36377-0001,3729,0,0.0604,0.8075
5142-36377-0001,4446,0,0.1067,0.8627
5142-36377-0001,4507,0,0.0469,0.7911
5142-36377-0001,4970,0,0.3014,0.7833
5142-36377-0001,4992,0,0.1022,0.8912
5142-36377-0001,5142,1,0.6769,0.9634
5142-36377-0001,5683,0,0.1669,0.7949
5142-36377-0001,6829,0,0.1261,0.8547
5142-36377-0001,8463,0,0.2295,0.8993
5142-36377-0001,8555,0,0.3142,0.8596
5142-36377-0006,121,0,-0.118,0.6967
5142-36377-0006,1221,0,0.0172,0.89
5142-36377-0006,1284,0,0.1141,0.8052
5142-36377-0006,1580,0,0.1439,0.8158
5142-36377-0006,1995,0,-0.0415,0.7988
5142-36377-0006,2094,0,0.0882,0.8155
5142-36377-0006,237,0,0.2806,0.8863
5142-36377-0006,2961,0,0.1848,0.5827
5142-36377-0006,3570,0,0.1513,0.6364
5142-36377-0006,3575,0,0.0784,0.7167
5142-36377-0006,3729,0,0.0082,0.8056
5142-36377-0006,4446,0,0.2435,0.8611
5142-36377-0006,4507,0,0.0564,0.8308
5142-36377-0006,4970,0,0.3307,0.8748
5142-36377-0006,4992,0,0.0612,0.8824
5142-36377-0006,5142,1,0.6068,0.9702
5142-36377-0006,5683,0,0.0933,0.8728
5142-36377-0006,6829,0,0.1586,0.8569
5142-36377-0006,8463,0,0.141,0.8768
5142-36377-0006,8555,0,0.3017,0.9399
5142-36377-0018,121,0,-0.1065,0.6654
5142-36377-0018,1221,0,-0.0922,0.8492
5142-36377-0018,1284,0,-0.058,0.7286
5142-36377-0018,1580,0,-0.0316,0.7172
5142-36377-0018,1995,0,0.007,0.7747
5142-36377-0018,2094,0,0.0536,0.7608
5142-36377-0018,237,0,0.09,0.8364
5142-36377-0018,2961,0,0.1032,0.5607
5142-36377-0018,3570,0,0.0196,0.5995
5142-36377-0018,3575,0,-0.0076,0.6527
5142-36377-0018,3729,0,-0.0,0.7806
5142-36377-0018,4446,0,0.112,0.8043
5142-36377-0018,4507,0,-0.0214,0.7941
5142-36377-0018,4970,0,0.1788,0.8388
5142-36377-0018,4992,0,-0.0044,0.863
5142-36377-0018,5142,1,0.6378,0.9796
5142-36377-0018,5683,0,0.0809,0.8079
5142-36377-0018,6829,0,-0.0131,0.8307
5142-36377-0018,8463,0,0.1538,0.87
5142-36377-0018,8555,0,0.3149,0.9253
5142-36377-0023,121,0,-0.1409,0.6786
5142-36377-0023,1221,0,-0.0616,0.8748
5142-36377-0023,1284,0,-0.0614,0.8186
5142-36377-0023,1580,0,0.0,0.8105
5142-36377-0023,1995,0,-0.1641,0.7893
5142-36377-0023,2094,0,0.0265,0.8213
5142-36377-0023,237,0,0.072,0.8579
5142-36377-0023,2961,0,-0.006,0.5691
5142-36377-0023,3570,0,-0.0468,0.6132
5142-36377-0023,3575,0,0.0327,0.7072
5142-36377-0023,3729,0,-0.0299,0.7989
5142-36377-0023,4446,0,0.0892,0.8625
5142-36377-0023,4507,0,0.018,0.8179
5142-36377-0023,4970,0,0.28,0.867
5142-36377-0023,4992,0,-0.0491,0.8739
5142-36377-0023,5142,1,0.6408,0.9719
5142-36377-0023,5683,0,0.0535,0.8621
5142-36377-0023,6829,0,0.143,0.8664
5142-36377-0023,8463,0,0.0894,0.8621
5142-36377-0023,8555,0,0.2538,0.922
5639-40744-0002,1089,0,0.1192,0.7214
5639-40744-0002,1188,0,-0.0086,0.7442
5639-40744-0002,1320,0,-0.0044,0.6466
5639-40744-0002,2300,0,-0.0243,0.4546
5639-40744-0002,260,0,0.1085,0.8236
5639-40744-0002,2830,0,-0.0259,0.7123
5639-40744-0002,4077,0,0.2124,0.8374
5639-40744-0002,5105,0,0.1143,0.7307
5639-40744-0002,5639,1,0.6505,0.9544
5639-40744-0002,61,0,-0.0081,0.8258
5639-40744-0002,672,0,0.1049,0.8051
5639-40744-0002,6930,0,0.0887,0.6677
5639-40744-0002,7021,0,0.0584,0.6375
5639-40744-0002,7127,0,0.0871,0.6643
5639-40744-0002,7176,0,0.1362,0.8155
5639-40744-0002,7729,0,0.1113,0.8521
5639-40744-0002,8224,0,0.1243,0.7629
5639-40744-0002,8230,0,-0.0523,0.7443
5639-40744-0002,8455,0,-0.0835,0.6026
5639-40744-0002,908,0,0.098,0.8096
5639-40744-0007,1089,0,0.1353,0.7148
5639-40744-0007,1188,0,0.026,0.7104
5639-40744-0007,1320,0,-0.0191,0.598
5639-40744-0007,2300,0,0.0017,0.3639
5639-40744-0007,260,0,0.0777,0.761
5639-40744-0007,2830,0,-0.009,0.6773
5639-40744-0007,4077,0,0.1238,0.7459
5639-40744-0007,5105,0,0.065,0.6872
5639-40744-0007,5639,1,0.6711,0.9552
5639-40744-0007,61,0,0.0238,0.7519
5639-40744-0007,672,0,0.1197,0.7933
5639-40744-0007,6930,0,0.0848,0.6124
5639-40744-0007,7021,0,0.069,0.595
5639-40744-0007,7127,0,0.029,0.6026
5639-40744-0007,7176,0,0.1633,0.7338
5639-40744-0007,7729,0,0.1392,0.7779
5639-40744-0007,8224,0,0.0685,0.7617
5639-40744-0007,8230,0,-0.0018,0.7255
5639-40744-0007,8455,0,-0.1336,0.5283
5639-40744-0007,908,0,0.0943,0.7822
5639-40744-0012,1089,0,0.1913,0.7337
5639-40744-0012,1188,0,0.034,0.7609
5639-40744-0012,1320,0,-0.0112,0.6297
5639-40744-0012,2300,0,0.0751,0.3898
5639-40744-0012,260,0,0.1042,0.799
5639-40744-0012,2830,0,0.0674,0.7469
5639-40744-0012,4077,0,0.1601,0.7816
5639-40744-0012,5105,0,0.0569,0.7237
5639-40744-0012,5639,1,0.7531,0.9648
5639-40744-0012,61,0,0.0698,0.8151
5639-40744-0012,672,0,0.1139,0.8147
5639-40744-0012,6930,0,0.058,0.6482
5639-40744-0012,7021,0,0.0879,0.6106
5639-40744-0012,7127,0,0.1338,0.6526
5639-40744-0012,7176,0,0.1996,0.8142
5639-40744-0012,7729,0,0.1527,0.8213
5639-40744-0012,8224,0,0.1433,0.7961
5639-40744-0012,8230,0,0.0591,0.7871
5639-40744-0012,8455,0,-0.0908,0.5605
5639-40744-0012,908,0,0.0821,0.7864
5639-40744-0013,1089,0,0.188,0.7535
5639-40744-0013,1188,0,0.0561,0.7501
5639-40744-0013,1320,0,-0.0275,0.6382
5639-40744-0013,2300,0,0.1039,0.4093
5639-40744-0013,260,0,0.1493,0.7885
5639-40744-0013,2830,0,0.097,0.7214
5639-40744-0013,4077,0,0.0863,0.7711
5639-40744-0013,5105,0,0.1142,0.7234
5639-40744-0013,5639,1,0.7345,0.9579
5639-40744-0013,61,0,0.0284,0.7977
5639-40744-0013,672,0,0.1931,0.833
5639-40744-0013,6930,0,0.0446,0.6591
5639-40744-0013,7021,0,0.0916,0.6307
5639-40744-0013,7127,0,0.24,0.6386
5639-40744-0013,7176,0,0.1158,0.7857
5639-40744-0013,7729,0,0.0887,0.7893
5639-40744-0013,8224,0,0.1981,0.8285
5639-40744-0013,8230,0,0.0611,0.7701
5639-40744-0013,8455,0,-0.0394,0.5699
5639-40744-0013,908,0,0.0597,0.8042
5639-40744-0014,1089,0,0.1602,0.7965
5639-40744-0014,1188,0,0.0329,0.807
5639-40744-0014,1320,0,0.0151,0.7022
5639-40744-0014,2300,0,0.0326,0.4926
5639-40744-0014,260,0,0.186,0.8571
5639-40744-0014,2830,0,0.0721,0.7781
5639-40744-0014,4077,0,0.1433,0.849
5639-40744-0014,5105,0,0.0794,0.7769
5639-40744-0014,5639,1,0.73,0.9757
5639-40744-0014,61,0,0.0625,0.8607
5639-40744-0014,672,0,0.1471,0.8633
5639-40744-0014,6930,0,0.1397,0.7234
5639-40744-0014,7021,0,0.0653,0.6816
5639-40744-0014,7127,0,0.0881,0.7112
5639-40744-0014,7176,0,0.136,0.8478
5639-40744-0014,7729,0,0.1292,0.8742
5639-40744-0014,8224,0,0.1245,0.7933
5639-40744-0014,8230,0,0.0209,0.8249
5639-40744-0014,8455,0,-0.0679,0.6585
5639-40744-0014,908,0,0.0863,0.8366
5639-40744-0017,1089,0,0.1339,0.7122
5639-40744-0017,1188,0,0.0202,0.6945
5639-40744-0017,1320,0,-0.0227,0.613
5639-40744-0017,2300,0,0.0739,0.4061
5639-40744-0017,260,0,0.0952,0.7451
5639-40744-0017,2830,0,0.0976,0.6694
5639-40744-0017,4077,0,0.1171,0.7687
5639-40744-0017,5105,0,0.0839,0.7063
5639-40744-0017,5639,1,0.6673,0.9572
5639-40744-0017,61,0,0.0236,0.7552
5639-40744-0017,672,0,0.0986,0.7905
5639-40744-0017,6930,0,0.0428,0.6309
5639-40744-0017,7021,0,0.0581,0.617
5639-40744-0017,7127,0,0.1517,0.625
5639-40744-0017,7176,0,0.139,0.7312
5639-40744-0017,7729,0,0.1571,0.8013
5639-40744-0017,8224,0,0.1087,0.7983
5639-40744-0017,8230,0,0.0207,0.7065
5639-40744-0017,8455,0,-0.0759,0.5382
5639-40744-0017,908,0,0.0833,0.7911
5639-40744-0024,1089,0,0.1316,0.7409
5639-40744-0024,1188,0,0.051,0.7667
5639-40744-0024,1320,0,0.0223,0.6482
5639-40744-0024,2300,0,0.0749,0.4106
5639-40744-0024,260,0,0.0926,0.8236
5639-40744-0024,2830,0,0.0813,0.7437
5639-40744-0024,4077,0,0.1482,0.7861
5639-40744-0024,5105,0,0.136,0.7329
5639-40744-0024,5639,1,0.7137,0.9541
5639-40744-0024,61,0,0.0704,0.8301
5639-40744-0024,672,0,0.0939,0.8333
5639-40744-0024,6930,0,0.0464,0.6588
5639-40744-0024,7021,0,0.0978,0.6309
5639-40744-0024,7127,0,0.1333,0.6448
5639-40744-0024,7176,0,0.2106,0.8194
5639-40744-0024,7729,0,0.1656,0.8123
5639-40744-0024,8224,0,0.0708,0.7841
5639-40744-0024,8230,0,-0.0216,0.7836
5639-40744-0024,8455,0,-0.0815,0.5822
5639-40744-0024,908,0,0.0544,0.8164
5639-40744-0029,1089,0,0.1711,0.7546
5639-40744-0029,1188,0,0.0564,0.7617
5639-40744-0029,1320,0,0.0038,0.6621
5639-40744-0029,2300,0,0.0686,0.4635
5639-40744-0029,260,0,0.0956,0.7859
5639-40744-0029,2830,0,0.0899,0.7139
5639-40744-0029,4077,0,0.1358,0.7917
5639-40744-0029,5105,0,0.0393,0.7507
5639-40744-0029,5639,1,0.7752,0.9628
5639-40744-0029,61,0,0.0963,0.7903
5639-40744-0029,672,0,0.1981,0.8262
5639-40744-0029,6930,0,0.0082,0.6393
5639-40744-0029,7021,0,0.0363,0.6675
5639-40744-0029,7127,0,0.1636,0.6724
5639-40744-0029,7176,0,0.1607,0.7715
5639-40744-0029,7729,0,0.1501,0.8392
5639-40744-0029,8224,0,0.1699,0.8215
5639-40744-0029,8230,0,0.0917,0.753
5639-40744-0029,8455,0,-0.054,0.5869
5639-40744-0029,908,0,0.0067,0.8156
5639-40744-0034,1089,0,0.1338,0.7255
5639-40744-0034,1188,0,0.0034,0.7362
5639-40744-0034,1320,0,-0.0348,0.6343
5639-40744-0034,2300,0,-0.0237,0.4151
5639-40744-0034,260,0,0.1109,0.7931
5639-40744-0034,2830,0,0.0163,0.7029
5639-40744-0034,4077,0,0.1313,0.7696
5639-40744-0034,5105,0,0.0491,0.7196
5639-40744-0034,5639,1,0.7464,0.9599
5639-40744-0034,61,0,0.0059,0.7864
5639-40744-0034,672,0,0.1482,0.8254
5639-40744-0034,6930,0,0.0667,0.666
5639-40744-0034,7021,0,0.0226,0.6249
5639-40744-0034,7127,0,0.1228,0.621
5639-40744-0034,7176,0,0.1453,0.7683
5639-40744-0034,7729,0,0.2036,0.8005
5639-40744-0034,8224,0,0.0643,0.8199
5639-40744-0034,8230,0,-0.0313,0.7438
5639-40744-0034,8455,0,-0.1379,0.5824
5639-40744-0034,908,0,0.0424,0.8037
5639-40744-0040,1089,0,0.1028,0.7026
5639-40744-0040,1188,0,0.0019,0.7233
5639-40744-0040,1320,0,0.0187,0.6111
5639-40744-0040,2300,0,0.0403,0.4154
5639-40744-0040,260,0,0.0588,0.7509
5639-40744-0040,2830,0,-0.0293,0.6902
5639-40744-0040,4077,0,0.1045,0.7695
5639-40744-0040,5105,0,0.0726,0.7049
5639-40744-0040,5639,1,0.7057,0.952
5639-40744-0040,61,0,0.0337,0.7689
5639-40744-0040,672,0,0.0946,0.7705
5639-40744-0040,6930,0,0.0662,0.5895
5639-40744-0040,7021,0,0.0738,0.6153
5639-40744-0040,7127,0,0.1322,0.6411
5639-40744-0040,7176,0,0.1257,0.748
5639-40744-0040,7729,0,0.2155,0.8457
5639-40744-0040,8224,0,0.1397,0.7616
5639-40744-0040,8230,0,0.0109,0.7179
5639-40744-0040,8455,0,-0.1259,0.5226
5639-40744-0040,908,0,-0.0293,0.7836
5683-32865-0010,121,0,0.0101,0.7076
5683-32865-0010,1221,0,0.1938,0.8397
5683-32865-0010,1284,0,0.0666,0.7801
5683-32865-0010,1580,0,0.2062,0.845
5683-32865-0010,1995,0,0.0123,0.6907
5683-32865-0010,2094,0,0.0012,0.7861
5683-32865-0010,237,0,0.2974,0.8621
5683-32865-0010,2961,0,-0.0693,0.626
5683-32865-0010,3570,0,-0.0172,0.7649
5683-32865-0010,3575,0,0.2964,0.8897
5683-32865-0010,3729,0,-0.0889,0.7775
5683-32865-0010,4446,0,0.0463,0.7787
5683-32865-0010,4507,0,0.0314,0.8735
5683-32865-0010,4970,0,0.2561,0.9199
5683-32865-0010,4992,0,-0.037,0.7403
5683-32865-0010,5142,0,0.103,0.7725
5683-32865-0010,5683,1,0.6189,0.9313
5683-32865-0010,6829,0,0.1445,0.8486
5683-32865-0010,8463,0,0.1467,0.6861
5683-32865-0010,8555,0,0.2233,0.8433
5683-32866-0006,121,0,0.0985,0.7014
5683-32866-0006,1221,0,0.0635,0.8338
5683-32866-0006,1284,0,0.0686,0.7511
5683-32866-0006,1580,0,0.1604,0.81
5683-32866-0006,1995,0,0.0221,0.657
5683-32866-0006,2094,0,0.1768,0.7914
5683-32866-0006,237,0,0.3507,0.7958
5683-32866-0006,2961,0,0.0727,0.6172
5683-32866-0006,3570,0,0.0794,0.7197
5683-32866-0006,3575,0,0.3679,0.9041
5683-32866-0006,3729,0,0.125,0.7858
5683-32866-0006,4446,0,-0.0544,0.7508
5683-32866-0006,4507,0,0.1018,0.8805
5683-32866-0006,4970,0,0.1939,0.9204
5683-32866-0006,4992,0,0.0035,0.7372
5683-32866-0006,5142,0,0.0621,0.7792
5683-32866-0006,5683,1,0.5383,0.9351
5683-32866-0006,6829,0,0.2192,0.879
5683-32866-0006,8463,0,0.0727,0.6872
5683-32866-0006,8555,0,0.188,0.8247
5683-32866-0012,121,0,0.0422,0.7398
5683-32866-0012,1221,0,0.1408,0.8868
5683-32866-0012,1284,0,0.1691,0.8107
5683-32866-0012,1580,0,0.2521,0.869
5683-32866-0012,1995,0,0.1362,0.7231
5683-32866-0012,2094,0,0.0879,0.8577
5683-32866-0012,237,0,0.3551,0.8681
5683-32866-0012,2961,0,0.0535,0.631
5683-32866-0012,3570,0,0.0383,0.7452
5683-32866-0012,3575,0,0.3556,0.91
5683-32866-0012,3729,0,-0.0731,0.8236
5683-32866-0012,4446,0,-0.0035,0.8225
5683-32866-0012,4507,0,0.0413,0.9076
5683-32866-0012,4970,0,0.2833,0.9344
5683-32866-0012,4992,0,-0.0611,0.8035
5683-32866-0012,5142,0,0.2131,0.8298
5683-32866-0012,5683,1,0.641,0.9517
5683-32866-0012,6829,0,0.1683,0.9185
5683-32866-0012,8463,0,0.0834,0.7516
5683-32866-0012,8555,0,0.1946,0.8601
5683-32866-0016,121,0,-0.0478,0.8156
5683-32866-0016,1221,0,0.0709,0.8687
5683-32866-0016,1284,0,0.0893,0.8717
5683-32866-0016,1580,0,0.2117,0.9254
5683-32866-0016,1995,0,0.0364,0.8253
5683-32866-0016,2094,0,0.0167,0.8736
5683-32866-0016,237,0,0.2525,0.9152
5683-32866-0016,2961,0,0.0934,0.7216
5683-32866-0016,3570,0,0.105,0.7851
5683-32866-0016,3575,0,0.1875,0.878
5683-32866-0016,3729,0,-0.1481,0.8362
5683-32866-0016,4446,0,0.1017,0.8615
5683-32866-0016,4507,0,0.045,0.8756
5683-32866-0016,4970,0,0.3007,0.8546
5683-32866-0016,4992,0,-0.0447,0.8383
5683-32866-0016,5142,0,0.1894,0.8043
5683-32866-0016,5683,1,0.4974,0.9567
5683-32866-0016,6829,0,0.0528,0.8591
5683-32866-0016,8463,0,0.0613,0.8008
5683-32866-0016,8555,0,0.1311,0.8586
5683-32866-0024,121,0,0.0067,0.718
5683-32866-0024,1221,0,0.0825,0.8109
5683-32866-0024,1284,0,0.0166,0.7293
5683-32866-0024,1580,0,0.1674,0.8176
5683-32866-0024,1995,0,0.0522,0.6873
5683-32866-0024,2094,0,0.0961,0.7685
5683-32866-0024,237,0,0.2829,0.8211
5683-32866-0024,2961,0,0.0437,0.6346
5683-32866-0024,3570,0,-0.0104,0.7759
5683-32866-0024,3575,0,0.4117,0.928
5683-32866-0024,3729,0,-0.109,0.7713
5683-32866-0024,4446,0,-0.1036,0.7382
5683-32866-0024,4507,0,-0.0138,0.8821
5683-32866-0024,4970,0,0.2381,0.9304
5683-32866-0024,4992,0,-0.1055,0.7277
5683-32866-0024,5142,0,0.201,0.7702
5683-32866-0024,5683,1,0.6249,0.9314
5683-32866-0024,6829,0,0.1161,0.8272
5683-32866-0024,8463,0,0.0406,0.6755
5683-32866-0024,8555,0,0.2118,0.878
5683-32879-0004,121,0,0.0107,0.7645
5683-32879-0004,1221,0,0.051,0.8553
5683-32879-0004,1284,0,0.0473,0.8245
5683-32879-0004,1580,0,0.1889,0.8843
5683-32879-0004,1995,0,-0.0086,0.737
5683-32879-0004,2094,0,0.065,0.8294
5683-32879-0004,237,0,0.3138,0.8378
5683-32879-0004,2961,0,-0.0091,0.6348
5683-32879-0004,3570,0,-0.0302,0.7483
5683-32879-0004,3575,0,0.2847,0.9178
5683-32879-0004,3729,0,-0.0165,0.8218
5683-32879-0004,4446,0,-0.0048,0.8144
5683-32879-0004,4507,0,-0.0045,0.8867
5683-32879-0004,4970,0,0.2248,0.9053
5683-32879-0004,4992,0,-0.1658,0.7815
5683-32879-0004,5142,0,0.1428,0.7861
5683-32879-0004,5683,1,0.6095,0.9747
5683-32879-0004,6829,0,0.0824,0.8542
5683-32879-0004,8463,0,0.1199,0.7308
5683-32879-0004,8555,0,0.1089,0.8566
5683-32879-0006,121,0,0.0015,0.8011
5683-32879-0006,1221,0,0.1187,0.8625
5683-32879-0006,1284,0,0.0794,0.778
5683-32879-0006,1580,0,0.2522,0.8622
5683-32879-0006,1995,0,0.048,0.7921
5683-32879-0006,2094,0,0.0454,0.833
5683-32879-0006,237,0,0.3507,0.8923
5683-32879-0006,2961,0,-0.0039,0.6697
5683-32879-0006,3570,0,0.0866,0.8183
5683-32879-0006,3575,0,0.2715,0.9216
5683-32879-0006,3729,0,-0.0451,0.8394
5683-32879-0006,4446,0,0.0554,0.8068
5683-32879-0006,4507,0,0.0515,0.8997
5683-32879-0006,4970,0,0.1931,0.9042
5683-32879-0006,4992,0,-0.0348,0.8202
5683-32879-0006,5142,0,0.1142,0.8115
5683-32879-0006,5683,1,0.5914,0.9535
5683-32879-0006,6829,0,0.1227,0.8391
5683-32879-0006,8463,0,0.1161,0.7718
5683-32879-0006,8555,0,0.1803,0.9144
5683-32879-0007,121,0,-0.0205,0.8236
5683-32879-0007,1221,0,0.0312,0.8526
5683-32879-0007,1284,0,0.0036,0.8083
5683-32879-0007,1580,0,0.1923,0.887
5683-32879-0007,1995,0,0.0182,0.7914
5683-32879-0007,2094,0,0.0717,0.8827
5683-32879-0007,237,0,0.2406,0.8544
5683-32879-0007,2961,0,-0.0241,0.724
5683-32879-0007,3570,0,-0.0126,0.8073
5683-32879-0007,3575,0,0.3367,0.8982
5683-32879-0007,3729,0,0.0311,0.8574
5683-32879-0007,4446,0,-0.0554,0.8185
5683-32879-0007,4507,0,0.0815,0.9211
5683-32879-0007,4970,0,0.177,0.8333
5683-32879-0007,4992,0,-0.089,0.8161
5683-32879-0007,5142,0,0.0326,0.769
5683-32879-0007,5683,1,0.5344,0.934
5683-32879-0007,6829,0,0.1245,0.8851
5683-32879-0007,8463,0,0.0373,0.7451
5683-32879-0007,8555,0,0.0891,0.8271
5683-32879-0012,121,0,0.0755,0.7862
5683-32879-0012,1221,0,0.1583,0.841
5683-32879-0012,1284,0,0.0672,0.7637
5683-32879-0012,1580,0,0.1672,0.8543
5683-32879-0012,1995,0,0.1484,0.7621
5683-32879-0012,2094,0,0.0241,0.8202
5683-32879-0012,237,0,0.2838,0.8322
5683-32879-0012,2961,0,0.0843,0.6942
5683-32879-0012,3570,0,0.1196,0.8139
5683-32879-0012,3575,0,0.295,0.9258
5683-32879-0012,3729,0,-0.0087,0.8198
5683-32879-0012,4446,0,0.0439,0.7819
5683-32879-0012,4507,0,0.0535,0.9007
5683-32879-0012,4970,0,0.202,0.8849
5683-32879-0012,4992,0,-0.0099,0.786
5683-32879-0012,5142,0,0.0517,0.7651
5683-32879-0012,5683,1,0.5278,0.9312
5683-32879-0012,6829,0,0.1626,0.8408
5683-32879-0012,8463,0,0.1254,0.7335
5683-32879-0012,8555,0,0.1558,0.8729
5683-32879-0013,121,0,0.0468,0.7753
5683-32879-0013,1221,0,0.1179,0.8616
5683-32879-0013,1284,0,0.0181,0.782
5683-32879-0013,1580,0,0.246,0.8603
5683-32879-0013,1995,0,0.0378,0.7728
5683-32879-0013,2094,0,0.0297,0.8375
5683-32879-0013,237,0,0.2691,0.8679
5683-32879-0013,2961,0,-0.0548,0.6686
5683-32879-0013,3570,0,-0.0349,0.7914
5683-32879-0013,3575,0,0.3024,0.9263
5683-32879-0013,3729,0,-0.0266,0.8279
5683-32879-0013,4446,0,-0.0165,0.8019
5683-32879-0013,4507,0,0.0336,0.9101
5683-32879-0013,4970,0,0.1252,0.9231
5683-32879-0013,4992,0,-0.056,0.8089
5683-32879-0013,5142,0,0.12,0.8238
5683-32879-0013,5683,1,0.6401,0.9534
5683-32879-0013,6829,0,0.0596,0.8693
5683-32879-0013,8463,0,0.0977,0.7552
5683-32879-0013,8555,0,0.1795,0.9106
61-70968-0017,1089,0,0.1181,0.8479
61-70968-0017,1188,0,0.2809,0.829
61-70968-0017,1320,0,0.132,0.8096
61-70968-0017,2300,0,0.2586,0.7102
61-70968-0017,260,0,0.094,0.8984
61-70968-0017,2830,0,0.0324,0.7613
61-70968-0017,4077,0,0.2055,0.8318
61-70968-0017,5105,0,0.1403,0.878
61-70968-0017,5639,0,0.1272,0.8212
61-70968-0017,61,1,0.7015,0.9602
61-70968-0017,672,0,-0.0027,0.8953
61-70968-0017,6930,0,0.0772,0.8072
61-70968-0017,7021,0,0.2235,0.8645
61-70968-0017,7127,0,0.1076,0.7238
61-70968-0017,7176,0,0.3622,0.9149
61-70968-0017,7729,0,0.2705,0.8687
61-70968-0017,8224,0,0.0105,0.7893
61-70968-0017,8230,0,0.147,0.8481
61-70968-0017,8455,0,-0.0074,0.7713
61-70968-0017,908,0,0.2574,0.9384
61-70968-0020,1089,0,0.0603,0.7977
61-70968-0020,1188,0,0.1607,0.8266
61-70968-0020,1320,0,0.0617,0.742
61-70968-0020,2300,0,0.2029,0.5823
61-70968-0020,260,0,0.0232,0.8986
61-70968-0020,2830,0,0.0024,0.7919
61-70968-0020,4077,0,0.1086,0.746
61-70968-0020,5105,0,0.0507,0.8202
61-70968-0020,5639,0,0.0831,0.8058
61-70968-0020,61,1,0.6401,0.9676
61-70968-0020,672,0,-0.0877,0.8479
61-70968-0020,6930,0,0.07,0.8001
61-70968-0020,7021,0,0.0768,0.7863
61-70968-0020,7127,0,0.0079,0.6438
61-70968-0020,7176,0,0.3297,0.9369
61-70968-0020,7729,0,0.1823,0.8173
61-70968-0020,8224,0,0.0313,0.7491
61-70968-0020,8230,0,0.1411,0.8728
61-70968-0020,8455,0,-0.126,0.706
61-70968-0020,908,0,0.1764,0.9044
61-70968-0023,1089,0,0.0953,0.7914
61-70968-0023,1188,0,0.1587,0.817
61-70968-0023,1320,0,0.1107,0.7452
61-70968-0023,2300,0,0.1962,0.6264
61-70968-0023,260,0,0.0463,0.8752
61-70968-0023,2830,0,0.034,0.7855
61-70968-0023,4077,0,0.1467,0.7661
61-70968-0023,5105,0,0.0955,0.8334
61-70968-0023,5639,0,0.123,0.7979
61-70968-0023,61,1,0.6861,0.966
61-70968-0023,672,0,0.0149,0.8352
61-70968-0023,6930,0,0.1153,0.7532
61-70968-0023,7021,0,0.1281,0.8084
61-70968-0023,7127,0,-0.0124,0.6745
61-70968-0023,7176,0,0.3204,0.9192
61-70968-0023,7729,0,0.2219,0.8632
61-70968-0023,8224,0,-0.0049,0.7196
61-70968-0023,8230,0,0.2088,0.8514
61-70968-0023,8455,0,-0.1294,0.6795
61-70968-0023,908,0,0.1641,0.902
61-70968-0030,1089,0,0.1409,0.8174
61-70968-0030,1188,0,0.1606,0.8445
61-70968-0030,1320,0,0.1373,0.7791
61-70968-0030,2300,0,0.2512,0.6273
61-70968-0030,260,0,0.0307,0.9241
61-70968-0030,2830,0,0.0454,0.8159
61-70968-0030,4077,0,0.0925,0.8006
61-70968-0030,5105,0,0.1057,0.8337
61-70968-0030,5639,0,0.1666,0.8102
61-70968-0030,61,1,0.6346,0.9819
61-70968-0030,672,0,0.02,0.8672
61-70968-0030,6930,0,0.0752,0.8164
61-70968-0030,7021,0,0.1132,0.7918
61-70968-0030,7127,0,0.0619,0.6991
61-70968-0030,7176,0,0.2796,0.9666
61-70968-0030,7729,0,0.1124,0.8378
61-70968-0030,8224,0,0.0582,0.7319
61-70968-0030,8230,0,0.2186,0.8873
61-70968-0030,8455,0,-0.0249,0.7532
61-70968-0030,908,0,0.0819,0.9012
61-70968-0041,1089,0,0.2559,0.8452
61-70968-0041,1188,0,0.2651,0.8277
61-70968-0041,1320,0,0.1344,0.7972
61-70968-0041,2300,0,0.156,0.6367
61-70968-0041,260,0,0.0865,0.8864
61-70968-0041,2830,0,0.1254,0.7761
61-70968-0041,4077,0,0.2225,0.8471
61-70968-0041,5105,0,0.2352,0.8796
61-70968-0041,5639,0,0.2954,0.879
61-70968-0041,61,1,0.644,0.9391
61-70968-0041,672,0,0.1105,0.9016
61-70968-0041,6930,0,0.028,0.7718
61-70968-0041,7021,0,0.2176,0.8351
61-70968-0041,7127,0,0.1347,0.7497
61-70968-0041,7176,0,0.3343,0.9101
61-70968-0041,7729,0,0.2893,0.8846
61-70968-0041,8224,0,0.0776,0.7818
61-70968-0041,8230,0,0.2765,0.8406
61-70968-0041,8455,0,-0.0381,0.7284
61-70968-0041,908,0,0.2604,0.937
61-70968-0043,1089,0,0.116,0.7828
61-70968-0043,1188,0,0.2407,0.8307
61-70968-0043,1320,0,0.1364,0.7566
61-70968-0043,2300,0,0.2194,0.6361
61-70968-0043,260,0,0.0996,0.879
61-70968-0043,2830,0,0.0848,0.8237
61-70968-0043,4077,0,0.0712,0.7617
61-70968-0043,5105,0,0.1488,0.8263
61-70968-0043,5639,0,0.1754,0.7694
61-70968-0043,61,1,0.6942,0.9642
61-70968-0043,672,0,0.0209,0.8173
61-70968-0043,6930,0,0.0626,0.766
61-70968-0043,7021,0,0.1305,0.7857
61-70968-0043,7127,0,0.1186,0.6984
61-70968-0043,7176,0,0.3557,0.9294
61-70968-0043,7729,0,0.235,0.8471
61-70968-0043,8224,0,0.013,0.6762
61-70968-0043,8230,0,0.2336,0.8615
61-70968-0043,8455,0,-0.054,0.6946
61-70968-0043,908,0,0.1088,0.8619
61-70968-0050,1089,0,0.2196,0.8418
61-70968-0050,1188,0,0.2762,0.8945
61-70968-0050,1320,0,0.0998,0.7875
61-70968-0050,2300,0,0.2088,0.5998
61-70968-0050,260,0,0.0139,0.9206
61-70968-0050,2830,0,0.1251,0.8722
61-70968-0050,4077,0,0.157,0.7965
61-70968-0050,5105,0,0.1729,0.8674
61-70968-0050,5639,0,0.2713,0.85
61-70968-0050,61,1,0.7079,0.9766
61-70968-0050,672,0,-0.0147,0.8666
61-70968-0050,6930,0,0.0395,0.7863
61-70968-0050,7021,0,0.1611,0.8065
61-70968-0050,7127,0,0.0814,0.7465
61-70968-0050,7176,0,0.4371,0.9585
61-70968-0050,7729,0,0.2239,0.8639
61-70968-0050,8224,0,0.0481,0.7454
61-70968-0050,8230,0,0.267,0.9266
61-70968-0050,8455,0,-0.031,0.7188
61-70968-0050,908,0,0.0852,0.8841
61-70968-0057,1089,0,0.0528,0.7991
61-70968-0057,1188,0,0.2089,0.8413
61-70968-0057,1320,0,0.0397,0.7632
61-70968-0057,2300,0,0.103,0.6488
61-70968-0057,260,0,-0.0235,0.8494
61-70968-0057,2830,0,0.0195,0.8118
61-70968-0057,4077,0,0.0681,0.76
61-70968-0057,5105,0,0.1648,0.8551
61-70968-0057,5639,0,0.2014,0.7973
61-70968-0057,61,1,0.598,0.9429
61-70968-0057,672,0,0.0224,0.822
61-70968-0057,6930,0,0.0332,0.7309
61-70968-0057,7021,0,0.0948,0.8261
61-70968-0057,7127,0,0.0694,0.7192
61-70968-0057,7176,0,0.3477,0.8987
61-70968-0057,7729,0,0.2415,0.8728
61-70968-0057,8224,0,-0.0067,0.7125
61-70968-0057,8230,0,0.1378,0.8579
61-70968-0057,8455,0,-0.1147,0.6779
61-70968-0057,908,0,0.0922,0.8707
61-70970-0000,1089,0,0.0499,0.8481
61-70970-0000,1188,0,0.1821,0.8373
61-70970-0000,1320,0,0.157,0.8035
61-70970-0000,2300,0,0.2212,0.6946
61-70970-0000,260,0,0.1191,0.8964
61-70970-0000,2830,0,0.0314,0.7851
61-70970-0000,4077,0,0.1901,0.8201
61-70970-0000,5105,0,0.2057,0.8676
61-70970-0000,5639,0,0.0751,0.8218
61-70970-0000,61,1,0.6734,0.9691
61-70970-0000,672,0,-0.0118,0.8766
61-70970-0000,6930,0,0.1039,0.7991
61-70970-0000,7021,0,0.1829,0.8553
61-70970-0000,7127,0,0.0577,0.7268
61-70970-0000,7176,0,0.3763,0.9218
61-70970-0000,7729,0,0.27,0.9031
61-70970-0000,8224,0,0.0838,0.7345
61-70970-0000,8230,0,0.1256,0.8613
61-70970-0000,8455,0,-0.0366,0.7491
61-70970-0000,908,0,0.2392,0.9477
61-70970-0011,1089,0,0.1235,0.7595
61-70970-0011,1188,0,0.1313,0.7963
61-70970-0011,1320,0,0.1025,0.6854
61-70970-0011,2300,0,0.2062,0.5452
61-70970-0011,260,0,0.1519,0.8715
61-70970-0011,2830,0,0.0501,0.7692
61-70970-0011,4077,0,0.1293,0.744
61-70970-0011,5105,0,0.1296,0.7658
61-70970-0011,5639,0,0.0216,0.8193
61-70970-0011,61,1,0.5342,0.9433
61-70970-0011,672,0,0.0399,0.8153
61-70970-0011,6930,0,0.052,0.7169
61-70970-0011,7021,0,0.0753,0.7366
61-70970-0011,7127,0,0.1271,0.6191
61-70970-0011,7176,0,0.2888,0.904
61-70970-0011,7729,0,0.1676,0.8342
61-70970-0011,8224,0,0.0773,0.699
61-70970-0011,8230,0,0.0935,0.837
61-70970-0011,8455,0,-0.0541,0.6302
61-70970-0011,908,0,0.1816,0.884
672-122797-0003,1089,0,0.1504,0.9394
672-122797-0003,1188,0,0.0888,0.8898
672-122797-0003,1320,0,0.2355,0.9113
672-122797-0003,2300,0,0.0158,0.7623
672-122797-0003,260,0,0.1625,0.906
672-122797-0003,2830,0,0.0462,0.8216
672-122797-0003,4077,0,0.1542,0.85
672-122797-0003,5105,0,0.0946,0.9298
672-122797-0003,5639,0,0.1643,0.8363
672-122797-0003,61,0,0.1825,0.8923
672-122797-0003,672,1,0.5786,0.9764
672-122797-0003,6930,0,0.1055,0.8539
672-122797-0003,7021,0,-0.0615,0.9094
672-122797-0003,7127,0,-0.0524,0.8262
672-122797-0003,7176,0,0.1674,0.8642
672-122797-0003,7729,0,0.1606,0.8628
672-122797-0003,8224,0,0.0687,0.7739
672-122797-0003,8230,0,0.11,0.8789
672-122797-0003,8455,0,0.0413,0.8704
672-122797-0003,908,0,0.1747,0.9357
672-122797-0019,1089,0,-0.0116,0.7277
672-122797-0019,1188,0,-0.0412,0.7801
672-122797-0019,1320,0,0.26,0.7216
672-122797-0019,2300,0,0.0254,0.4766
672-122797-0019,260,0,0.1355,0.8268
672-122797-0019,2830,0,-0.0699,0.818
672-122797-0019,4077,0,0.0342,0.7583
672-122797-0019,5105,0,0.151,0.8245
672-122797-0019,5639,0,0.1273,0.8508
672-122797-0019,61,0,0.0895,0.8524
672-122797-0019,672,1,0.52,0.8174
672-122797-0019,6930,0,0.177,0.7357
672-122797-0019,7021,0,-0.0213,0.7056
672-122797-0019,7127,0,-0.0144,0.7164
672-122797-0019,7176,0,0.1712,0.8543
672-122797-0019,7729,0,0.0516,0.7685
672-122797-0019,8224,0,0.1436,0.7548
672-122797-0019,8230,0,-0.0277,0.7932
672-122797-0019,8455,0,-0.0524,0.6183
672-122797-0019,908,0,0.146,0.7877
672-122797-0052,1089,0,0.0513,0.805
672-122797-0052,1188,0,-0.0659,0.8516
672-122797-0052,1320,0,0.218,0.8146
672-122797-0052,2300,0,0.0137,0.5862
672-122797-0052,260,0,0.1327,0.8931
672-122797-0052,2830,0,-0.0048,0.8722
672-122797-0052,4077,0,-0.0166,0.7782
672-122797-0052,5105,0,0.1228,0.8828
672-122797-0052,5639,0,0.0596,0.8683
672-122797-0052,61,0,0.0642,0.8805
672-122797-0052,672,1,0.4065,0.8961
672-122797-0052,6930,0,0.107,0.8499
672-122797-0052,7021,0,-0.0579,0.7831
672-122797-0052,7127,0,0.0135,0.7541
672-122797-0052,7176,0,0.0878,0.8726
672-122797-0052,7729,0,0.1767,0.7991
672-122797-0052,8224,0,0.0672,0.8286
672-122797-0052,8230,0,-0.0646,0.8541
672-122797-0052,8455,0,-0.0955,0.7405
672-122797-0052,908,0,0.1262,0.8459
672-122797-0054,1089,0,0.014,0.7973
672-122797-0054,1188,0,0.0362,0.8389
672-122797-0054,1320,0,0.1073,0.7651
672-122797-0054,2300,0,0.071,0.5654
672-122797-0054,260,0,0.1438,0.8808
672-122797-0054,2830,0,0.0393,0.85
672-122797-0054,4077,0,0.1136,0.8225
672-122797-0054,5105,0,0.1571,0.8393
672-122797-0054,5639,0,0.2399,0.9028
672-122797-0054,61,0,0.098,0.8651
672-122797-0054,672,1,0.4806,0.8704
672-122797-0054,6930,0,0.1535,0.762
672-122797-0054,7021,0,0.0517,0.7529
672-122797-0054,7127,0,-0.0043,0.766
672-122797-0054,7176,0,0.093,0.8492
672-122797-0054,7729,0,0.0842,0.8668
672-122797-0054,8224,0,0.0792,0.7538
672-122797-0054,8230,0,0.0184,0.8237
672-122797-0054,8455,0,-0.117,0.6849
672-122797-0054,908,0,0.119,0.8478
672-122797-0055,1089,0,0.0923,0.8865
672-122797-0055,1188,0,0.1414,0.8446
672-122797-0055,1320,0,0.2426,0.8394
672-122797-0055,2300,0,0.0038,0.6609
672-122797-0055,260,0,0.2422,0.9147
672-122797-0055,2830,0,0.0933,0.781
672-122797-0055,4077,0,0.1544,0.857
672-122797-0055,5105,0,0.1712,0.8612
672-122797-0055,5639,0,0.3191,0.8705
672-122797-0055,61,0,0.0917,0.8848
672-122797-0055,672,1,0.6679,0.956
672-122797-0055,6930,0,0.0964,0.8074
672-122797-0055,7021,0,-0.0369,0.8193
672-122797-0055,7127,0,0.0614,0.7642
672-122797-0055,7176,0,0.1279,0.8655
672-122797-0055,7729,0,0.1257,0.8354
672-122797-0055,8224,0,0.1322,0.7776
672-122797-0055,8230,0,0.0636,0.8523
672-122797-0055,8455,0,-0.0171,0.8133
672-122797-0055,908,0,0.1553,0.9245
672-122797-0058,1089,0,-0.0688,0.8157
672-122797-0058,1188,0,-0.0288,0.8099
672-122797-0058,1320,0,0.2203,0.801
672-122797-0058,2300,0,0.0396,0.6196
672-122797-0058,260,0,0.1194,0.827
672-122797-0058,2830,0,0.0296,0.7868
672-122797-0058,4077,0,0.0766,0.7944
672-122797-0058,5105,0,0.1138,0.8794
672-122797-0058,5639,0,0.0341,0.896
672-122797-0058,61,0,0.0869,0.8189
672-122797-0058,672,1,0.4854,0.8895
672-122797-0058,6930,0,0.2123,0.75
672-122797-0058,7021,0,0.0471,0.8137
672-122797-0058,7127,0,-0.0856,0.7695
672-122797-0058,7176,0,0.1354,0.7974
672-122797-0058,7729,0,0.0354,0.8334
672-122797-0058,8224,0,0.1114,0.8259
672-122797-0058,8230,0,-0.0747,0.7752
672-122797-0058,8455,0,-0.0333,0.6869
672-122797-0058,908,0,0.1984,0.8704
672-122797-0061,1089,0,0.0146,0.6239
672-122797-0061,1188,0,-0.0398,0.6795
672-122797-0061,1320,0,0.0965,0.6122
672-122797-0061,2300,0,0.0551,0.3617
672-122797-0061,260,0,0.1983,0.6899
672-122797-0061,2830,0,0.0352,0.7359
672-122797-0061,4077,0,-0.0022,0.5883
672-122797-0061,5105,0,0.0727,0.7079
672-122797-0061,5639,0,-0.0109,0.7734
672-122797-0061,61,0,0.0552,0.7086
672-122797-0061,672,1,0.2787,0.727
672-122797-0061,6930,0,0.1038,0.6201
672-122797-0061,7021,0,-0.0205,0.5981
672-122797-0061,7127,0,0.0605,0.5893
672-122797-0061,7176,0,0.0915,0.706
672-122797-0061,7729,0,0.1098,0.6416
672-122797-0061,8224,0,0.0297,0.7254
672-122797-0061,8230,0,-0.0486,0.688
672-122797-0061,8455,0,-0.0342,0.4796
672-122797-0061,908,0,0.006,0.6924
672-122797-0070,1089,0,0.0866,0.9061
672-122797-0070,1188,0,0.1392,0.8627
672-122797-0070,1320,0,0.2827,0.9165
672-122797-0070,2300,0,0.0348,0.7776
672-122797-0070,260,0,0.275,0.9352
672-122797-0070,2830,0,0.1337,0.7822
672-122797-0070,4077,0,0.0461,0.8803
672-122797-0070,5105,0,0.2083,0.9083
672-122797-0070,5639,0,0.2126,0.8248
672-122797-0070,61,0,0.007,0.867
672-122797-0070,672,1,0.6903,0.9729
672-122797-0070,6930,0,0.204,0.881
672-122797-0070,7021,0,0.0009,0.8851
672-122797-0070,7127,0,0.0124,0.8132
672-122797-0070,7176,0,0.0106,0.8563
672-122797-0070,7729,0,0.0499,0.83
672-122797-0070,8224,0,0.0471,0.7803
672-122797-0070,8230,0,-0.0113,0.8333
672-122797-0070,8455,0,0.0135,0.9247
672-122797-0070,908,0,0.0878,0.9214
672-122797-0072,1089,0,0.1633,0.9205
672-122797-0072,1188,0,0.1096,0.9
672-122797-0072,1320,0,0.2816,0.8977
672-122797-0072,2300,0,0.079,0.7212
672-122797-0072,260,0,0.2373,0.9444
672-122797-0072,2830,0,0.1106,0.8415
672-122797-0072,4077,0,0.1895,0.8538
672-122797-0072,5105,0,0.1972,0.9155
672-122797-0072,5639,0,0.2376,0.8595
672-122797-0072,61,0,0.1546,0.8996
672-122797-0072,672,1,0.7352,0.98
672-122797-0072,6930,0,0.1092,0.8677
672-122797-0072,7021,0,0.0549,0.8801
672-122797-0072,7127,0,0.0861,0.8055
672-122797-0072,7176,0,0.0839,0.8767
672-122797-0072,7729,0,0.1317,0.8524
672-122797-0072,8224,0,0.1575,0.7976
672-122797-0072,8230,0,0.0889,0.8832
672-122797-0072,8455,0,0.1226,0.8692
672-122797-0072,908,0,0.1586,0.9331
672-122797-0073,1089,0,0.1564,0.8972
672-122797-0073,1188,0,0.0838,0.8348
672-122797-0073,1320,0,0.2606,0.8883
672-122797-0073,2300,0,0.0589,0.7446
672-122797-0073,260,0,0.2275,0.9266
672-122797-0073,2830,0,0.1038,0.7609
672-122797-0073,4077,0,0.1523,0.8691
672-122797-0073,5105,0,0.1616,0.8911
672-122797-0073,5639,0,0.2912,0.8357
672-122797-0073,61,0,0.1082,0.8814
672-122797-0073,672,1,0.7091,0.9731
672-122797-0073,6930,0,0.1348,0.8772
672-122797-0073,7021,0,0.0018,0.8692
672-122797-0073,7127,0,0.0599,0.7743
672-122797-0073,7176,0,0.0651,0.8668
672-122797-0073,7729,0,0.0843,0.8263
672-122797-0073,8224,0,0.1341,0.8033
672-122797-0073,8230,0,0.052,0.8263
672-122797-0073,8455,0,0.0582,0.8843
672-122797-0073,908,0,0.1036,0.9485
6829-68769-0006,121,0,0.1012,0.746
6829-68769-0006,1221,0,-0.0339,0.8929
6829-68769-0006,1284,0,0.0896,0.797
6829-68769-0006,1580,0,0.1922,0.8342
6829-68769-0006,1995,0,-0.0403,0.7371
6829-68769-0006,2094,0,0.1452,0.8821
6829-68769-0006,237,0,0.095,0.8238
6829-68769-0006,2961,0,0.0608,0.662
6829-68769-0006,3570,0,0.1345,0.7281
6829-68769-0006,3575,0,0.1423,0.8333
6829-68769-0006,3729,0,0.0887,0.8516
6829-68769-0006,4446,0,0.1716,0.8458
6829-68769-0006,4507,0,0.1148,0.8937
6829-68769-0006,4970,0,0.2808,0.8829
6829-68769-0006,4992,0,0.124,0.8516
6829-68769-0006,5142,0,0.1351,0.8409
6829-68769-0006,5683,0,-0.0506,0.8598
6829-68769-0006,6829,1,0.6529,0.9603
6829-68769-0006,8463,0,0.1738,0.8154
6829-68769-0006,8555,0,0.2002,0.8088
6829-68769-0039,121,0,0.1131,0.759
6829-68769-0039,1221,0,0.0056,0.9081
6829-68769-0039,1284,0,0.0987,0.8302
6829-68769-0039,1580,0,0.0838,0.8317
6829-68769-0039,1995,0,-0.0844,0.743
6829-68769-0039,2094,0,0.0942,0.8851
6829-68769-0039,237,0,0.0744,0.8415
6829-68769-0039,2961,0,0.022,0.6753
6829-68769-0039,3570,0,0.0173,0.7325
6829-68769-0039,3575,0,0.271,0.8106
6829-68769-0039,3729,0,-0.009,0.8657
6829-68769-0039,4446,0,0.1059,0.8687
6829-68769-0039,4507,0,0.0561,0.8731
6829-68769-0039,4970,0,0.2479,0.8571
6829-68769-0039,4992,0,0.0573,0.8595
6829-68769-0039,5142,0,0.0594,0.8224
6829-68769-0039,5683,0,-0.0019,0.8501
6829-68769-0039,6829,1,0.6743,0.9654
6829-68769-0039,8463,0,0.1853,0.8242
6829-68769-0039,8555,0,0.1879,0.7648
6829-68769-0049,121,0,0.047,0.7441
6829-68769-0049,1221,0,-0.0904,0.8844
6829-68769-0049,1284,0,0.089,0.792
6829-68769-0049,1580,0,0.1101,0.7955
6829-68769-0049,1995,0,-0.0988,0.7424
6829-68769-0049,2094,0,0.0675,0.8879
6829-68769-0049,237,0,0.0297,0.8166
6829-68769-0049,2961,0,0.0035,0.6619
6829-68769-0049,3570,0,0.0347,0.7194
6829-68769-0049,3575,0,0.1621,0.812
6829-68769-0049,3729,0,-0.0514,0.8473
6829-68769-0049,4446,0,0.095,0.8401
6829-68769-0049,4507,0,0.0114,0.8766
6829-68769-0049,4970,0,0.3026,0.8573
6829-68769-0049,4992,0,0.0208,0.8518
6829-68769-0049,5142,0,0.0757,0.8338
6829-68769-0049,5683,0,-0.0401,0.825
6829-68769-0049,6829,1,0.663,0.9669
6829-68769-0049,8463,0,0.1142,0.8266
6829-68769-0049,8555,0,0.1806,0.7778
6829-68771-0005,121,0,0.1265,0.7865
6829-68771-0005,1221,0,0.0268,0.9289
6829-68771-0005,1284,0,0.121,0.8381
6829-68771-0005,1580,0,0.1774,0.8583
6829-68771-0005,1995,0,-0.0596,0.7752
6829-68771-0005,2094,0,0.0662,0.9039
6829-68771-0005,237,0,0.1238,0.8765
6829-68771-0005,2961,0,0.0467,0.6965
6829-68771-0005,3570,0,0.0352,0.753
6829-68771-0005,3575,0,0.2062,0.821
6829-68771-0005,3729,0,-0.0063,0.8788
6829-68771-0005,4446,0,0.0718,0.8866
6829-68771-0005,4507,0,0.034,0.9055
6829-68771-0005,4970,0,0.3511,0.859
6829-68771-0005,4992,0,0.124,0.8825
6829-68771-0005,5142,0,0.057,0.8451
6829-68771-0005,5683,0,0.0003,0.8685
6829-68771-0005,6829,1,0.6982,0.9769
6829-68771-0005,8463,0,0.1223,0.8463
6829-68771-0005,8555,0,0.1389,0.7975
6829-68771-0011,121,0,0.0846,0.7891
6829-68771-0011,1221,0,0.055,0.9233
6829-68771-0011,1284,0,0.1467,0.841
6829-68771-0011,1580,0,0.2274,0.8354
6829-68771-0011,1995,0,-0.0396,0.8035
6829-68771-0011,2094,0,0.1429,0.918
6829-68771-0011,237,0,0.0925,0.8671
6829-68771-0011,2961,0,0.0887,0.7152
6829-68771-0011,3570,0,0.0708,0.7402
6829-68771-0011,3575,0,0.1046,0.7843
6829-68771-0011,3729,0,-0.0157,0.8892
6829-68771-0011,4446,0,0.1211,0.8952
6829-68771-0011,4507,0,0.06,0.8902
6829-68771-0011,4970,0,0.2644,0.8432
6829-68771-0011,4992,0,0.1922,0.9048
6829-68771-0011,5142,0,0.1348,0.8727
6829-68771-0011,5683,0,-0.0465,0.8452
6829-68771-0011,6829,1,0.6976,0.9734
6829-68771-0011,8463,0,0.2044,0.8767
6829-68771-0011,8555,0,0.1386,0.8029
6829-68771-0014,121,0,0.1493,0.7506
6829-68771-0014,1221,0,0.0499,0.9076
6829-68771-0014,1284,0,0.096,0.8099
6829-68771-0014,1580,0,0.1581,0.822
6829-68771-0014,1995,0,-0.0729,0.7498
6829-68771-0014,2094,0,0.0412,0.8941
6829-68771-0014,237,0,0.0939,0.8569
6829-68771-0014,2961,0,0.0298,0.6577
6829-68771-0014,3570,0,0.0485,0.7319
6829-68771-0014,3575,0,0.2041,0.8474
6829-68771-0014,3729,0,-0.0379,0.8532
6829-68771-0014,4446,0,0.1213,0.8533
6829-68771-0014,4507,0,0.0629,0.8777
6829-68771-0014,4970,0,0.3043,0.8821
6829-68771-0014,4992,0,0.1342,0.8538
6829-68771-0014,5142,0,0.069,0.8316
6829-68771-0014,5683,0,0.0259,0.8716
6829-68771-0014,6829,1,0.7028,0.9592
6829-68771-0014,8463,0,0.1567,0.8151
6829-68771-0014,8555,0,0.1037,0.7968
6829-68771-0019,121,0,0.0304,0.7906
6829-68771-0019,1221,0,-0.0482,0.8896
6829-68771-0019,1284,0,0.0705,0.8285
6829-68771-0019,1580,0,0.2149,0.8549
6829-68771-0019,1995,0,-0.0885,0.7923
6829-68771-0019,2094,0,0.0859,0.9205
6829-68771-0019,237,0,0.0884,0.8585
6829-68771-0019,2961,0,0.0823,0.7054
6829-68771-0019,3570,0,0.021,0.7602
6829-68771-0019,3575,0,0.2138,0.877
6829-68771-0019,3729,0,-0.0939,0.8514
6829-68771-0019,4446,0,0.066,0.8531
6829-68771-0019,4507,0,-0.0202,0.8824
6829-68771-0019,4970,0,0.3046,0.8699
6829-68771-0019,4992,0,0.0772,0.8585
6829-68771-0019,5142,0,0.0343,0.8098
6829-68771-0019,5683,0,-0.0079,0.8695
6829-68771-0019,6829,1,0.6887,0.9462
6829-68771-0019,8463,0,0.1517,0.824
6829-68771-0019,8555,0,0.1192,0.7957
6829-68771-0023,121,0,0.0989,0.7669
6829-68771-0023,1221,0,0.0482,0.8953
6829-68771-0023,1284,0,0.1265,0.8107
6829-68771-0023,1580,0,0.249,0.8359
6829-68771-0023,1995,0,-0.0849,0.7278
6829-68771-0023,2094,0,0.1717,0.8779
6829-68771-0023,237,0,0.1849,0.8381
6829-68771-0023,2961,0,0.0783,0.686
6829-68771-0023,3570,0,0.076,0.7606
6829-68771-0023,3575,0,0.244,0.8653
6829-68771-0023,3729,0,0.0155,0.8579
6829-68771-0023,4446,0,0.095,0.8508
6829-68771-0023,4507,0,-0.0505,0.8933
6829-68771-0023,4970,0,0.2563,0.9017
6829-68771-0023,4992,0,0.149,0.8355
6829-68771-0023,5142,0,0.0922,0.8184
6829-68771-0023,5683,0,0.0108,0.8752
6829-68771-0023,6829,1,0.6262,0.9488
6829-68771-0023,8463,0,0.21,0.812
6829-68771-0023,8555,0,0.1496,0.7989
6829-68771-0025,121,0,0.0709,0.8488
6829-68771-0025,1221,0,0.0,0.913
6829-68771-0025,1284,0,0.1079,0.842
6829-68771-0025,1580,0,0.2698,0.8542
6829-68771-0025,1995,0,-0.0095,0.8248
6829-68771-0025,2094,0,0.1715,0.9383
6829-68771-0025,237,0,0.1986,0.8819
6829-68771-0025,2961,0,0.0828,0.7741
6829-68771-0025,3570,0,0.0773,0.8097
6829-68771-0025,3575,0,0.2462,0.8348
6829-68771-0025,3729,0,0.0141,0.9107
6829-68771-0025,4446,0,0.0628,0.8875
6829-68771-0025,4507,0,0.0704,0.9036
6829-68771-0025,4970,0,0.276,0.8283
6829-68771-0025,4992,0,0.1707,0.9048
6829-68771-0025,5142,0,0.0401,0.8267
6829-68771-0025,5683,0,-0.0088,0.8496
6829-68771-0025,6829,1,0.7241,0.9624
6829-68771-0025,8463,0,0.1484,0.8812
6829-68771-0025,8555,0,0.1102,0.786
6829-68771-0035,121,0,0.1053,0.7329
6829-68771-0035,1221,0,-0.0094,0.8849
6829-68771-0035,1284,0,0.1812,0.7921
6829-68771-0035,1580,0,0.1201,0.7685
6829-68771-0035,1995,0,-0.0554,0.7251
6829-68771-0035,2094,0,0.1116,0.8637
6829-68771-0035,237,0,0.1039,0.8321
6829-68771-0035,2961,0,0.036,0.6625
6829-68771-0035,3570,0,0.0556,0.7194
6829-68771-0035,3575,0,0.1611,0.7998
6829-68771-0035,3729,0,-0.1123,0.8434
6829-68771-0035,4446,0,0.1674,0.8395
6829-68771-0035,4507,0,-0.0976,0.8515
6829-68771-0035,4970,0,0.3024,0.8741
6829-68771-0035,4992,0,0.0696,0.827
6829-68771-0035,5142,0,0.038,0.8276
6829-68771-0035,5683,0,-0.04,0.8219
6829-68771-0035,6829,1,0.6055,0.9343
6829-68771-0035,8463,0,0.1752,0.8129
6829-68771-0035,8555,0,0.0588,0.7686
6930-75918-0009,1089,0,-0.0038,0.7876
6930-75918-0009,1188,0,-0.1352,0.7725
6930-75918-0009,1320,0,0.1523,0.8606
6930-75918-0009,2300,0,-0.0133,0.8008
6930-75918-0009,260,0,0.2715,0.8873
6930-75918-0009,2830,0,0.0115,0.7552
6930-75918-0009,4077,0,-0.0115,0.7555
6930-75918-0009,5105,0,0.2323,0.8402
6930-75918-0009,5639,0,0.0641,0.6668
6930-75918-0009,61,0,0.0702,0.8197
6930-75918-0009,672,0,0.0352,0.8495
6930-75918-0009,6930,1,0.7858,0.963
6930-75918-0009,7021,0,0.0822,0.8343
6930-75918-0009,7127,0,-0.0485,0.7188
6930-75918-0009,7176,0,0.1021,0.794
6930-75918-0009,7729,0,-0.0376,0.7051
6930-75918-0009,8224,0,0.0826,0.7428
6930-75918-0009,8230,0,-0.0988,0.7476
6930-75918-0009,8455,0,-0.0192,0.9005
6930-75918-0009,908,0,0.0982,0.8314
6930-75918-0015,1089,0,-0.0095,0.8112
6930-75918-0015,1188,0,-0.1296,0.7958
6930-75918-0015,1320,0,0.1525,0.8477
6930-75918-0015,2300,0,0.0133,0.7316
6930-75918-0015,260,0,0.3221,0.924
6930-75918-0015,2830,0,-0.0214,0.7697
6930-75918-0015,4077,0,0.1559,0.8086
6930-75918-0015,5105,0,0.2387,0.8643
6930-75918-0015,5639,0,0.0781,0.7874
6930-75918-0015,61,0,0.1266,0.8867
6930-75918-0015,672,0,0.0622,0.8964
6930-75918-0015,6930,1,0.7863,0.9502
6930-75918-0015,7021,0,0.0737,0.8341
6930-75918-0015,7127,0,-0.0088,0.719
6930-75918-0015,7176,0,0.1898,0.8678
6930-75918-0015,7729,0,-0.018,0.7896
6930-75918-0015,8224,0,0.0995,0.8019
6930-75918-0015,8230,0,-0.0479,0.7912
6930-75918-0015,8455,0,0.0317,0.8635
6930-75918-0015,908,0,0.1298,0.9094
6930-75918-0018,1089,0,-0.0628,0.7965
6930-75918-0018,1188,0,-0.1599,0.7862
6930-75918-0018,1320,0,0.1425,0.8403
6930-75918-0018,2300,0,-0.0126,0.7155
6930-75918-0018,260,0,0.2811,0.9267
6930-75918-0018,2830,0,-0.0102,0.7707
6930-75918-0018,4077,0,0.0712,0.7788
6930-75918-0018,5105,0,0.2353,0.8455
6930-75918-0018,5639,0,0.0347,0.7263
6930-75918-0018,61,0,0.109,0.8804
6930-75918-0018,672,0,0.0288,0.8848
6930-75918-0018,6930,1,0.768,0.9593
6930-75918-0018,7021,0,0.0189,0.8189
6930-75918-0018,7127,0,-0.0547,0.6965
6930-75918-0018,7176,0,0.1569,0.8735
6930-75918-0018,7729,0,-0.0615,0.7369
6930-75918-0018,8224,0,0.0996,0.7576
6930-75918-0018,8230,0,-0.152,0.7891
6930-75918-0018,8455,0,-0.0263,0.8708
6930-75918-0018,908,0,0.1735,0.8895
6930-75918-0019,1089,0,-0.0555,0.7503
6930-75918-0019,1188,0,-0.1392,0.7704
6930-75918-0019,1320,0,0.1343,0.8067
6930-75918-0019,2300,0,-0.024,0.6518
6930-75918-0019,260,0,0.2739,0.9015
6930-75918-0019,2830,0,0.0418,0.7782
6930-75918-0019,4077,0,-0.0088,0.7125
6930-75918-0019,5105,0,0.2409,0.8168
6930-75918-0019,5639,0,0.0617,0.7255
6930-75918-0019,61,0,0.1037,0.8279
6930-75918-0019,672,0,0.0417,0.8506
6930-75918-0019,6930,1,0.7389,0.9561
6930-75918-0019,7021,0,-0.0094,0.7741
6930-75918-0019,7127,0,-0.0678,0.659
6930-75918-0019,7176,0,0.0962,0.8195
6930-75918-0019,7729,0,-0.0944,0.6824
6930-75918-0019,8224,0,0.0903,0.7672
6930-75918-0019,8230,0,-0.0791,0.7605
6930-75918-0019,8455,0,-0.1275,0.8278
6930-75918-0019,908,0,0.2134,0.8408
6930-76324-0008,1089,0,0.0231,0.7636
6930-76324-0008,1188,0,-0.0703,0.7836
6930-76324-0008,1320,0,0.1682,0.8285
6930-76324-0008,2300,0,-0.0648,0.7018
6930-76324-0008,260,0,0.2523,0.9234
6930-76324-0008,2830,0,0.0362,0.7946
6930-76324-0008,4077,0,0.0777,0.8083
6930-76324-0008,5105,0,0.2414,0.8416
6930-76324-0008,5639,0,0.0328,0.7551
6930-76324-0008,61,0,0.0961,0.8754
6930-76324-0008,672,0,0.0032,0.8604
6930-76324-0008,6930,1,0.6444,0.9358
6930-76324-0008,7021,0,0.044,0.7902
6930-76324-0008,7127,0,-0.078,0.7231
6930-76324-0008,7176,0,0.1391,0.8667
6930-76324-0008,7729,0,-0.0881,0.767
6930-76324-0008,8224,0,-0.0278,0.7385
6930-76324-0008,8230,0,-0.0642,0.7652
6930-76324-0008,8455,0,0.0005,0.8397
6930-76324-0008,908,0,0.2342,0.8626
6930-76324-0011,1089,0,-0.0208,0.8459
6930-76324-0011,1188,0,-0.1386,0.8658
6930-76324-0011,1320,0,0.144,0.8696
6930-76324-0011,2300,0,0.0102,0.682
6930-76324-0011,260,0,0.2588,0.975
6930-76324-0011,2830,0,0.0488,0.8614
6930-76324-0011,4077,0,0.1228,0.857
6930-76324-0011,5105,0,0.2058,0.8809
6930-76324-0011,5639,0,0.0657,0.8352
6930-76324-0011,61,0,0.1359,0.8906
6930-76324-0011,672,0,-0.0019,0.9124
6930-76324-0011,6930,1,0.6617,0.9243
6930-76324-0011,7021,0,-0.0233,0.8222
6930-76324-0011,7127,0,-0.0906,0.7939
6930-76324-0011,7176,0,0.1324,0.8963
6930-76324-0011,7729,0,-0.0164,0.8051
6930-76324-0011,8224,0,0.0543,0.7617
6930-76324-0011,8230,0,-0.1382,0.8441
6930-76324-0011,8455,0,-0.0962,0.8606
6930-76324-0011,908,0,0.1285,0.8849
6930-76324-0025,1089,0,-0.0301,0.6448
6930-76324-0025,1188,0,-0.1247,0.6723
6930-76324-0025,1320,0,0.1879,0.7291
6930-76324-0025,2300,0,0.118,0.5375
6930-76324-0025,260,0,0.1924,0.827
6930-76324-0025,2830,0,-0.0281,0.6941
6930-76324-0025,4077,0,0.0715,0.6665
6930-76324-0025,5105,0,0.1901,0.7309
6930-76324-0025,5639,0,0.1084,0.7211
6930-76324-0025,61,0,0.0864,0.6883
6930-76324-0025,672,0,0.1476,0.7901
6930-76324-0025,6930,1,0.6582,0.874
6930-76324-0025,7021,0,0.1029,0.6657
6930-76324-0025,7127,0,-0.0638,0.5957
6930-76324-0025,7176,0,0.0984,0.6967
6930-76324-0025,7729,0,-0.0266,0.5783
6930-76324-0025,8224,0,-0.007,0.7284
6930-76324-0025,8230,0,-0.1354,0.624
6930-76324-0025,8455,0,0.0449,0.7486
6930-76324-0025,908,0,0.1392,0.7409
6930-76324-0028,1089,0,0.0408,0.7984
6930-76324-0028,1188,0,-0.052,0.7809
6930-76324-0028,1320,0,0.2587,0.8567
6930-76324-0028,2300,0,0.028,0.7441
6930-76324-0028,260,0,0.2775,0.925
6930-76324-0028,2830,0,0.0362,0.7548
6930-76324-0028,4077,0,0.1884,0.8454
6930-76324-0028,5105,0,0.2872,0.8617
6930-76324-0028,5639,0,0.0662,0.7791
6930-76324-0028,61,0,0.1404,0.8658
6930-76324-0028,672,0,0.032,0.8921
6930-76324-0028,6930,1,0.6887,0.9352
6930-76324-0028,7021,0,0.1114,0.8207
6930-76324-0028,7127,0,-0.0323,0.7451
6930-76324-0028,7176,0,0.1828,0.8573
6930-76324-0028,7729,0,0.0435,0.7802
6930-76324-0028,8224,0,0.0165,0.7784
6930-76324-0028,8230,0,-0.123,0.7598
6930-76324-0028,8455,0,-0.0211,0.8811
6930-76324-0028,908,0,0.2765,0.8876
6930-81414-0011,1089,0,0.0335,0.8113
6930-81414-0011,1188,0,-0.0518,0.8434
6930-81414-0011,1320,0,0.2097,0.8374
6930-81414-0011,2300,0,-0.0536,0.6524
6930-81414-0011,260,0,0.1847,0.9372
6930-81414-0011,2830,0,0.0818,0.8487
6930-81414-0011,4077,0,0.0724,0.8001
6930-81414-0011,5105,0,0.2881,0.8721
6930-81414-0011,5639,0,0.069,0.827
6930-81414-0011,61,0,0.1072,0.8901
6930-81414-0011,672,0,0.0743,0.8885
6930-81414-0011,6930,1,0.6268,0.937
6930-81414-0011,7021,0,-0.0292,0.8011
6930-81414-0011,7127,0,-0.0625,0.7404
6930-81414-0011,7176,0,0.1113,0.8676
6930-81414-0011,7729,0,-0.0044,0.8035
6930-81414-0011,8224,0,0.0264,0.7868
6930-81414-0011,8230,0,-0.0543,0.8349
6930-81414-0011,8455,0,-0.0169,0.8247
6930-81414-0011,908,0,0.2648,0.8756
6930-81414-0023,1089,0,0.0138,0.7997
6930-81414-0023,1188,0,-0.0338,0.8088
6930-81414-0023,1320,0,0.156,0.8839
6930-81414-0023,2300,0,-0.0253,0.829
6930-81414-0023,260,0,0.1674,0.8961
6930-81414-0023,2830,0,0.0713,0.7821
6930-81414-0023,4077,0,0.0085,0.7907
6930-81414-0023,5105,0,0.1423,0.8902
6930-81414-0023,5639,0,0.0853,0.693
6930-81414-0023,61,0,0.0527,0.867
6930-81414-0023,672,0,0.0947,0.8624
6930-81414-0023,6930,1,0.6772,0.9223
6930-81414-0023,7021,0,0.0027,0.8778
6930-81414-0023,7127,0,-0.0045,0.7608
6930-81414-0023,7176,0,-0.0089,0.8393
6930-81414-0023,7729,0,-0.0289,0.784
6930-81414-0023,8224,0,-0.0427,0.7436
6930-81414-0023,8230,0,-0.0723,0.7676
6930-81414-0023,8455,0,0.0423,0.8856
6930-81414-0023,908,0,0.2101,0.8635
7021-79730-0006,1089,0,0.0684,0.8781
7021-79730-0006,1188,0,0.2038,0.8846
7021-79730-0006,1320,0,0.2476,0.9207
7021-79730-0006,2300,0,0.0404,0.8402
7021-79730-0006,260,0,0.0608,0.8574
7021-79730-0006,2830,0,0.1151,0.7945
7021-79730-0006,4077,0,0.1573,0.8242
7021-79730-0006,5105,0,0.4058,0.9555
7021-79730-0006,5639,0,0.093,0.7543
7021-79730-0006,61,0,0.0799,0.8557
7021-79730-0006,672,0,0.061,0.8797
7021-79730-0006,6930,0,0.08,0.7581
7021-79730-0006,7021,1,0.707,0.9693
7021-79730-0006,7127,0,0.041,0.8579
7021-79730-0006,7176,0,0.2952,0.8305
7021-79730-0006,7729,0,0.2308,0.9065
7021-79730-0006,8224,0,0.058,0.7059
7021-79730-0006,8230,0,0.0837,0.7959
7021-79730-0006,8455,0,0.1352,0.8164
7021-79730-0006,908,0,0.4217,0.9224
7021-79730-0009,1089,0,0.0702,0.8841
7021-79730-0009,1188,0,0.1909,0.8743
7021-79730-0009,1320,0,0.2723,0.9239
7021-79730-0009,2300,0,0.035,0.8203
7021-79730-0009,260,0,0.0979,0.8551
7021-79730-0009,2830,0,0.1116,0.8058
7021-79730-0009,4077,0,0.1349,0.797
7021-79730-0009,5105,0,0.4115,0.9605
7021-79730-0009,5639,0,0.1031,0.7501
7021-79730-0009,61,0,0.1447,0.8578
7021-79730-0009,672,0,0.054,0.8855
7021-79730-0009,6930,0,0.0866,0.7835
7021-79730-0009,7021,1,0.6907,0.9739
7021-79730-0009,7127,0,0.0171,0.8435
7021-79730-0009,7176,0,0.259,0.8385
7021-79730-0009,7729,0,0.2419,0.8792
7021-79730-0009,8224,0,0.0481,0.7083
7021-79730-0009,8230,0,0.1384,0.8113
7021-79730-0009,8455,0,0.1517,0.8087
7021-79730-0009,908,0,0.3581,0.9301
7021-79740-0001,1089,0,0.1319,0.8471
7021-79740-0001,1188,0,0.1203,0.7952
7021-79740-0001,1320,0,0.1677,0.8846
7021-79740-0001,2300,0,0.259,0.8799
7021-79740-0001,260,0,0.1202,0.8073
7021-79740-0001,2830,0,0.0796,0.7071
7021-79740-0001,4077,0,0.1346,0.7801
7021-79740-0001,5105,0,0.2283,0.9174
7021-79740-0001,5639,0,0.1449,0.6627
7021-79740-0001,61,0,0.06,0.8221
7021-79740-0001,672,0,0.0233,0.837
7021-79740-0001,6930,0,0.1979,0.7512
7021-79740-0001,7021,1,0.6345,0.9752
7021-79740-0001,7127,0,0.0645,0.7917
7021-79740-0001,7176,0,0.1586,0.7724
7021-79740-0001,7729,0,0.1804,0.8522
7021-79740-0001,8224,0,0.066,0.6468
7021-79740-0001,8230,0,0.1217,0.7325
7021-79740-0001,8455,0,0.032,0.7965
7021-79740-0001,908,0,0.3123,0.9109
7021-79740-0002,1089,0,0.1198,0.8909
7021-79740-0002,1188,0,0.162,0.85
7021-79740-0002,1320,0,0.1635,0.8868
7021-79740-0002,2300,0,0.2016,0.8407
7021-79740-0002,260,0,0.1334,0.8598
7021-79740-0002,2830,0,0.0929,0.7577
7021-79740-0002,4077,0,0.1438,0.8258
7021-79740-0002,5105,0,0.3322,0.9291
7021-79740-0002,5639,0,0.0688,0.7742
7021-79740-0002,61,0,0.1207,0.8844
7021-79740-0002,672,0,0.0566,0.9088
7021-79740-0002,6930,0,0.1708,0.7922
7021-79740-0002,7021,1,0.7326,0.9541
7021-79740-0002,7127,0,0.1154,0.7996
7021-79740-0002,7176,0,0.2339,0.8439
7021-79740-0002,7729,0,0.2058,0.8959
7021-79740-0002,8224,0,0.106,0.7696
7021-79740-0002,8230,0,0.1136,0.8126
7021-79740-0002,8455,0,0.1187,0.8209
7021-79740-0002,908,0,0.3564,0.9468
7021-79740-0003,1089,0,0.0986,0.8844
7021-79740-0003,1188,0,0.1463,0.8623
7021-79740-0003,1320,0,0.2547,0.9053
7021-79740-0003,2300,0,0.2531,0.8525
7021-79740-0003,260,0,0.0988,0.8609
7021-79740-0003,2830,0,0.1088,0.7743
7021-79740-0003,4077,0,0.0879,0.8341
7021-79740-0003,5105,0,0.2969,0.9172
7021-79740-0003,5639,0,0.0219,0.7326
7021-79740-0003,61,0,0.1625,0.8458
7021-79740-0003,672,0,0.0863,0.8724
7021-79740-0003,6930,0,0.1557,0.7536
7021-79740-0003,7021,1,0.6662,0.9568
7021-79740-0003,7127,0,0.0488,0.8433
7021-79740-0003,7176,0,0.2289,0.8181
7021-79740-0003,7729,0,0.25,0.9113
7021-79740-0003,8224,0,0.119,0.6483
7021-79740-0003,8230,0,0.1348,0.779
7021-79740-0003,8455,0,0.1312,0.8176
7021-79740-0003,908,0,0.3581,0.9364
7021-79740-0004,1089,0,0.0454,0.8486
7021-79740-0004,1188,0,0.1414,0.8211
7021-79740-0004,1320,0,0.2836,0.8927
7021-79740-0004,2300,0,0.1929,0.8449
7021-79740-0004,260,0,0.1175,0.8508
7021-79740-0004,2830,0,-0.0044,0.7262
7021-79740-0004,4077,0,0.1821,0.8401
7021-79740-0004,5105,0,0.3687,0.9197
7021-79740-0004,5639,0,0.0721,0.7376
7021-79740-0004,61,0,0.2233,0.8507
7021-79740-0004,672,0,0.0768,0.8685
7021-79740-0004,6930,0,0.0961,0.7464
7021-79740-0004,7021,1,0.6158,0.9488
7021-79740-0004,7127,0,-0.0584,0.8161
7021-79740-0004,7176,0,0.2375,0.8263
7021-79740-0004,7729,0,0.2398,0.8836
7021-79740-0004,8224,0,0.0978,0.6901
7021-79740-0004,8230,0,0.0397,0.7479
7021-79740-0004,8455,0,0.0576,0.8061
7021-79740-0004,908,0,0.3506,0.9334
7021-79759-0003,1089,0,0.0961,0.8378
7021-79759-0003,1188,0,0.0824,0.8102
7021-79759-0003,1320,0,0.1814,0.8945
7021-79759-0003,2300,0,0.1812,0.9215
7021-79759-0003,260,0,0.1281,0.8116
7021-79759-0003,2830,0,0.0479,0.705
7021-79759-0003,4077,0,0.1271,0.7776
7021-79759-0003,5105,0,0.2979,0.9064
7021-79759-0003,5639,0,0.0413,0.6329
7021-79759-0003,61,0,0.0352,0.8164
7021-79759-0003,672,0,0.0889,0.8282
7021-79759-0003,6930,0,0.1666,0.7633
7021-79759-0003,7021,1,0.6052,0.969
7021-79759-0003,7127,0,0.0863,0.7936
7021-79759-0003,7176,0,0.207,0.7698
7021-79759-0003,7729,0,0.1186,0.833
7021-79759-0003,8224,0,0.0628,0.6661
7021-79759-0003,8230,0,0.1159,0.732
7021-79759-0003,8455,0,0.0994,0.8427
7021-79759-0003,908,0,0.3893,0.8787
7021-79759-0005,1089,0,-0.0499,0.8511
7021-79759-0005,1188,0,0.0107,0.8266
7021-79759-0005,1320,0,0.1672,0.9
7021-79759-0005,2300,0,0.1462,0.8909
7021-79759-0005,260,0,0.0865,0.8239
7021-79759-0005,2830,0,0.0364,0.7283
7021-79759-0005,4077,0,0.1369,0.7805
7021-79759-0005,5105,0,0.3262,0.926
7021-79759-0005,5639,0,0.0355,0.686
7021-79759-0005,61,0,0.1275,0.8264
7021-79759-0005,672,0,0.0037,0.8484
7021-79759-0005,6930,0,0.1872,0.7761
7021-79759-0005,7021,1,0.6755,0.9753
7021-79759-0005,7127,0,0.0744,0.7984
7021-79759-0005,7176,0,0.265,0.7751
7021-79759-0005,7729,0,0.0966,0.8575
7021-79759-0005,8224,0,0.1267,0.6992
7021-79759-0005,8230,0,0.0444,0.749
7021-79759-0005,8455,0,0.24,0.8288
7021-79759-0005,908,0,0.3272,0.901
7021-85628-0008,1089,0,0.0641,0.8601
7021-85628-0008,1188,0,0.114,0.8072
7021-85628-0008,1320,0,0.2069,0.9059
7021-85628-0008,2300,0,0.2077,0.8822
7021-85628-0008,260,0,0.0593,0.8289
7021-85628-0008,2830,0,0.0355,0.714
7021-85628-0008,4077,0,0.1983,0.8125
7021-85628-0008,5105,0,0.2904,0.9275
7021-85628-0008,5639,0,0.0712,0.7019
7021-85628-0008,61,0,0.1046,0.8327
7021-85628-0008,672,0,0.0398,0.8679
7021-85628-0008,6930,0,0.1642,0.7903
7021-85628-0008,7021,1,0.6839,0.9725
7021-85628-0008,7127,0,0.0514,0.8087
7021-85628-0008,7176,0,0.2012,0.7877
7021-85628-0008,7729,0,0.1743,0.867
7021-85628-0008,8224,0,0.1493,0.6983
7021-85628-0008,8230,0,0.0628,0.737
7021-85628-0008,8455,0,0.1302,0.8372
7021-85628-0008,908,0,0.3409,0.9341
7021-85628-0009,1089,0,0.1107,0.8789
7021-85628-0009,1188,0,0.0938,0.8321
7021-85628-0009,1320,0,0.1458,0.8765
7021-85628-0009,2300,0,0.1864,0.8424
7021-85628-0009,260,0,0.0839,0.8613
7021-85628-0009,2830,0,0.03,0.7305
7021-85628-0009,4077,0,0.2041,0.7975
7021-85628-0009,5105,0,0.3811,0.9114
7021-85628-0009,5639,0,0.1344,0.734
7021-85628-0009,61,0,0.195,0.8827
7021-85628-0009,672,0,0.0248,0.8954
7021-85628-0009,6930,0,0.1622,0.7846
7021-85628-0009,7021,1,0.6556,0.9582
7021-85628-0009,7127,0,0.0916,0.7641
7021-85628-0009,7176,0,0.3151,0.8374
7021-85628-0009,7729,0,0.1557,0.8544
7021-85628-0009,8224,0,0.0807,0.7318
7021-85628-0009,8230,0,0.1,0.8033
7021-85628-0009,8455,0,0.0844,0.8215
7021-85628-0009,908,0,0.4605,0.943
7127-75946-0002,1089,0,0.1311,0.874
7127-75946-0002,1188,0,0.1811,0.8979
7127-75946-0002,1320,0,0.0889,0.9197
7127-75946-0002,2300,0,0.2253,0.7895
7127-75946-0002,260,0,0.1776,0.8544
7127-75946-0002,2830,0,0.1642,0.8551
7127-75946-0002,4077,0,0.134,0.8917
7127-75946-0002,5105,0,0.1956,0.9457
7127-75946-0002,5639,0,0.1954,0.7908
7127-75946-0002,61,0,0.114,0.8132
7127-75946-0002,672,0,-0.0562,0.8461
7127-75946-0002,6930,0,0.0473,0.7452
7127-75946-0002,7021,0,0.2238,0.8917
7127-75946-0002,7127,1,0.7182,0.9659
7127-75946-0002,7176,0,0.2169,0.8153
7127-75946-0002,7729,0,0.1521,0.8923
7127-75946-0002,8224,0,0.1376,0.6871
7127-75946-0002,8230,0,0.0569,0.7974
7127-75946-0002,8455,0,0.0899,0.8061
7127-75946-0002,908,0,0.1202,0.8172
7127-75946-0004,1089,0,0.1577,0.8422
7127-75946-0004,1188,0,0.0588,0.8321
7127-75946-0004,1320,0,0.0895,0.9051
7127-75946-0004,2300,0,0.1061,0.8484
7127-75946-0004,260,0,0.174,0.8057
7127-75946-0004,2830,0,0.1495,0.7695
7127-75946-0004,4077,0,0.1613,0.8936
7127-75946-0004,5105,0,0.213,0.9174
7127-75946-0004,5639,0,0.2137,0.7416
7127-75946-0004,61,0,0.1369,0.7943
7127-75946-0004,672,0,-0.0299,0.815
7127-75946-0004,6930,0,0.0628,0.7303
7127-75946-0004,7021,0,0.1337,0.883
7127-75946-0004,7127,1,0.6001,0.9419
7127-75946-0004,7176,0,0.2491,0.7951
7127-75946-0004,7729,0,0.1076,0.8862
7127-75946-0004,8224,0,0.1542,0.6698
7127-75946-0004,8230,0,0.094,0.744
7127-75946-0004,8455,0,0.1046,0.8244
7127-75946-0004,908,0,0.1272,0.8014
7127-75946-0012,1089,0,0.1834,0.8982
7127-75946-0012,1188,0,0.1393,0.892
7127-75946-0012,1320,0,0.1387,0.9284
7127-75946-0012,2300,0,0.0925,0.765
7127-75946-0012,260,0,0.1728,0.8582
7127-75946-0012,2830,0,0.1596,0.8639
7127-75946-0012,4077,0,0.1557,0.8975
7127-75946-0012,5105,0,0.229,0.9326
7127-75946-0012,5639,0,0.1688,0.79
7127-75946-0012,61,0,0.0398,0.8237
7127-75946-0012,672,0,-0.1002,0.8592
7127-75946-0012,6930,0,0.0362,0.7731
7127-75946-0012,7021,0,0.1675,0.8665
7127-75946-0012,7127,1,0.7501,0.9731
7127-75946-0012,7176,0,0.1251,0.8495
7127-75946-0012,7729,0,0.0992,0.8765
7127-75946-0012,8224,0,0.1446,0.6693
7127-75946-0012,8230,0,0.0788,0.8351
7127-75946-0012,8455,0,0.1461,0.8298
7127-75946-0012,908,0,0.0922,0.8187
7127-75946-0024,1089,0,0.1784,0.8532
7127-75946-0024,1188,0,0.0413,0.8133
7127-75946-0024,1320,0,0.1402,0.9194
7127-75946-0024,2300,0,0.0384,0.8553
7127-75946-0024,260,0,0.1792,0.7651
7127-75946-0024,2830,0,0.1064,0.7561
7127-75946-0024,4077,0,0.1528,0.8682
7127-75946-0024,5105,0,0.232,0.9054
7127-75946-0024,5639,0,0.2045,0.7186
7127-75946-0024,61,0,-0.0238,0.7171
7127-75946-0024,672,0,-0.0276,0.8003
7127-75946-0024,6930,0,0.0401,0.7021
7127-75946-0024,7021,0,0.1055,0.8805
7127-75946-0024,7127,1,0.6931,0.9633
7127-75946-0024,7176,0,0.0844,0.7
7127-75946-0024,7729,0,0.0762,0.8642
7127-75946-0024,8224,0,0.233,0.6245
7127-75946-0024,8230,0,0.0231,0.6989
7127-75946-0024,8455,0,0.1459,0.8138
7127-75946-0024,908,0,0.0983,0.7768
7127-75947-0001,1089,0,0.1375,0.8821
7127-75947-0001,1188,0,0.0956,0.8839
7127-75947-0001,1320,0,0.1766,0.9356
7127-75947-0001,2300,0,0.092,0.8307
7127-75947-0001,260,0,0.2128,0.8777
7127-75947-0001,2830,0,0.1172,0.82
7127-75947-0001,4077,0,0.0868,0.8999
7127-75947-0001,5105,0,0.2322,0.9447
7127-75947-0001,5639,0,0.1472,0.776
7127-75947-0001,61,0,0.0153,0.8532
7127-75947-0001,672,0,-0.0173,0.8666
7127-75947-0001,6930,0,0.1369,0.8086
7127-75947-0001,7021,0,0.176,0.9033
7127-75947-0001,7127,1,0.6438,0.9296
7127-75947-0001,7176,0,0.225,0.8611
7127-75947-0001,7729,0,0.1319,0.9005
7127-75947-0001,8224,0,0.1273,0.7161
7127-75947-0001,8230,0,0.0127,0.8127
7127-75947-0001,8455,0,0.162,0.8671
7127-75947-0001,908,0,0.2121,0.8622
7127-75947-0007,1089,0,0.121,0.867
7127-75947-0007,1188,0,0.1089,0.8655
7127-75947-0007,1320,0,0.1955,0.931
7127-75947-0007,2300,0,0.1015,0.83
7127-75947-0007,260,0,0.2124,0.8416
7127-75947-0007,2830,0,0.112,0.7988
7127-75947-0007,4077,0,0.2494,0.8823
7127-75947-0007,5105,0,0.267,0.9382
7127-75947-0007,5639,0,0.2028,0.763
7127-75947-0007,61,0,-0.0239,0.8189
7127-75947-0007,672,0,0.0635,0.8551
7127-75947-0007,6930,0,0.1288,0.7828
7127-75947-0007,7021,0,0.1332,0.8919
7127-75947-0007,7127,1,0.6054,0.9308
7127-75947-0007,7176,0,0.2041,0.8284
7127-75947-0007,7729,0,0.0993,0.8756
7127-75947-0007,8224,0,0.2119,0.7194
7127-75947-0007,8230,0,-0.0066,0.7971
7127-75947-0007,8455,0,0.2159,0.8652
7127-75947-0007,908,0,0.11,0.8255
7127-75947-0023,1089,0,0.1197,0.8338
7127-75947-0023,1188,0,0.1291,0.7999
7127-75947-0023,1320,0,0.1424,0.9118
7127-75947-0023,2300,0,0.1101,0.8284
7127-75947-0023,260,0,0.158,0.7862
7127-75947-0023,2830,0,0.0731,0.7332
7127-75947-0023,4077,0,0.1309,0.8956
7127-75947-0023,5105,0,0.1405,0.9133
7127-75947-0023,5639,0,0.2499,0.7574
7127-75947-0023,61,0,0.0072,0.7426
7127-75947-0023,672,0,0.0119,0.8158
7127-75947-0023,6930,0,0.1046,0.7177
7127-75947-0023,7021,0,0.0385,0.8732
7127-75947-0023,7127,1,0.5757,0.9423
7127-75947-0023,7176,0,0.1552,0.7372
7127-75947-0023,7729,0,0.0218,0.8781
7127-75947-0023,8224,0,0.0945,0.6698
7127-75947-0023,8230,0,-0.0354,0.6967
7127-75947-0023,8455,0,0.1208,0.8165
7127-75947-0023,908,0,0.0742,0.8071
7127-75947-0025,1089,0,0.0337,0.8296
7127-75947-0025,1188,0,0.132,0.8408
7127-75947-0025,1320,0,0.1647,0.9018
7127-75947-0025,2300,0,0.1601,0.7672
7127-75947-0025,260,0,0.1612,0.8226
7127-75947-0025,2830,0,0.081,0.8002
7127-75947-0025,4077,0,0.1361,0.8849
7127-75947-0025,5105,0,0.1766,0.9274
7127-75947-0025,5639,0,0.2691,0.7915
7127-75947-0025,61,0,0.0169,0.7854
7127-75947-0025,672,0,0.0522,0.8292
7127-75947-0025,6930,0,0.1629,0.7381
7127-75947-0025,7021,0,0.0605,0.8547
7127-75947-0025,7127,1,0.538,0.9417
7127-75947-0025,7176,0,0.1102,0.796
7127-75947-0025,7729,0,0.0564,0.8674
7127-75947-0025,8224,0,0.094,0.6995
7127-75947-0025,8230,0,-0.0246,0.7535
7127-75947-0025,8455,0,0.092,0.7989
7127-75947-0025,908,0,0.1805,0.7994
7127-75947-0033,1089,0,0.0954,0.857
7127-75947-0033,1188,0,0.1137,0.8403
7127-75947-0033,1320,0,0.1584,0.9078
7127-75947-0033,2300,0,0.0598,0.7929
7127-75947-0033,260,0,0.1677,0.806
7127-75947-0033,2830,0,0.1152,0.7906
7127-75947-0033,4077,0,0.1832,0.8978
7127-75947-0033,5105,0,0.1665,0.9114
7127-75947-0033,5639,0,0.3064,0.7957
7127-75947-0033,61,0,0.0415,0.7663
7127-75947-0033,672,0,0.0891,0.8334
7127-75947-0033,6930,0,0.1468,0.7116
7127-75947-0033,7021,0,0.0381,0.8613
7127-75947-0033,7127,1,0.5755,0.956
7127-75947-0033,7176,0,0.1236,0.7681
7127-75947-0033,7729,0,0.0762,0.9033
7127-75947-0033,8224,0,0.0902,0.6664
7127-75947-0033,8230,0,0.016,0.743
7127-75947-0033,8455,0,0.0928,0.7962
7127-75947-0033,908,0,0.1528,0.8188
7127-75947-0040,1089,0,0.1775,0.9087
7127-75947-0040,1188,0,0.1425,0.9004
7127-75947-0040,1320,0,0.1339,0.9349
7127-75947-0040,2300,0,0.1272,0.7992
7127-75947-0040,260,0,0.2055,0.8827
7127-75947-0040,2830,0,0.1958,0.8626
7127-75947-0040,4077,0,0.1367,0.9051
7127-75947-0040,5105,0,0.2982,0.9519
7127-75947-0040,5639,0,0.1429,0.7955
7127-75947-0040,61,0,0.0101,0.8622
7127-75947-0040,672,0,-0.0198,0.8797
7127-75947-0040,6930,0,0.0423,0.8005
7127-75947-0040,7021,0,0.2038,0.8976
7127-75947-0040,7127,1,0.7366,0.9573
7127-75947-0040,7176,0,0.1792,0.8652
7127-75947-0040,7729,0,0.1166,0.8912
7127-75947-0040,8224,0,0.1518,0.6963
7127-75947-0040,8230,0,0.0572,0.8472
7127-75947-0040,8455,0,0.1839,0.8498
7127-75947-0040,908,0,0.1418,0.8474
7176-88083-0000,1089,0,0.1616,0.8014
7176-88083-0000,1188,0,0.2228,0.8607
7176-88083-0000,1320,0,0.0688,0.7639
7176-88083-0000,2300,0,0.075,0.5354
7176-88083-0000,260,0,0.0513,0.8892
7176-88083-0000,2830,0,0.2066,0.8452
7176-88083-0000,4077,0,0.1691,0.7808
7176-88083-0000,5105,0,0.2537,0.8351
7176-88083-0000,5639,0,0.2353,0.8297
7176-88083-0000,61,0,0.3008,0.9349
7176-88083-0000,672,0,-0.0716,0.8418
7176-88083-0000,6930,0,0.1225,0.7627
7176-88083-0000,7021,0,0.2142,0.7556
7176-88083-0000,7127,0,0.0548,0.7325
7176-88083-0000,7176,1,0.7003,0.9705
7176-88083-0000,7729,0,0.2912,0.8214
7176-88083-0000,8224,0,0.0289,0.7229
7176-88083-0000,8230,0,0.1452,0.8939
7176-88083-0000,8455,0,-0.0168,0.6942
7176-88083-0000,908,0,0.2902,0.8584
7176-88083-0003,1089,0,0.0877,0.81
7176-88083-0003,1188,0,0.1463,0.8771
7176-88083-0003,1320,0,0.0341,0.7767
7176-88083-0003,2300,0,-0.0153,0.5371
7176-88083-0003,260,0,0.031,0.8856
7176-88083-0003,2830,0,0.1519,0.8685
7176-88083-0003,4077,0,0.1242,0.7424
7176-88083-0003,5105,0,0.2184,0.8579
7176-88083-0003,5639,0,0.2151,0.8194
7176-88083-0003,61,0,0.2769,0.9366
7176-88083-0003,672,0,-0.1246,0.848
7176-88083-0003,6930,0,0.0957,0.788
7176-88083-0003,7021,0,0.1632,0.7804
7176-88083-0003,7127,0,0.0321,0.7249
7176-88083-0003,7176,1,0.7035,0.958
7176-88083-0003,7729,0,0.2502,0.8135
7176-88083-0003,8224,0,0.0524,0.7443
7176-88083-0003,8230,0,0.1203,0.9081
7176-88083-0003,8455,0,-0.19,0.6926
7176-88083-0003,908,0,0.3583,0.8676
7176-88083-0009,1089,0,0.0161,0.823
7176-88083-0009,1188,0,0.0451,0.8775
7176-88083-0009,1320,0,0.175,0.8213
7176-88083-0009,2300,0,0.0428,0.6153
7176-88083-0009,260,0,0.1339,0.8953
7176-88083-0009,2830,0,0.0935,0.8493
7176-88083-0009,4077,0,0.1502,0.8204
7176-88083-0009,5105,0,0.2816,0.8925
7176-88083-0009,5639,0,0.1898,0.8359
7176-88083-0009,61,0,0.3115,0.927
7176-88083-0009,672,0,-0.0484,0.8628
7176-88083-0009,6930,0,0.1764,0.781
7176-88083-0009,7021,0,0.2725,0.8193
7176-88083-0009,7127,0,0.0597,0.7939
7176-88083-0009,7176,1,0.6531,0.9513
7176-88083-0009,7729,0,0.303,0.8529
7176-88083-0009,8224,0,0.0548,0.7589
7176-88083-0009,8230,0,0.0584,0.8712
7176-88083-0009,8455,0,-0.0614,0.7402
7176-88083-0009,908,0,0.3483,0.8748
7176-88083-0025,1089,0,0.1846,0.8178
7176-88083-0025,1188,0,0.2057,0.8689
7176-88083-0025,1320,0,0.1049,0.7843
7176-88083-0025,2300,0,0.017,0.5671
7176-88083-0025,260,0,0.11,0.8815
7176-88083-0025,2830,0,0.198,0.8486
7176-88083-0025,4077,0,0.2013,0.7812
7176-88083-0025,5105,0,0.2874,0.8526
7176-88083-0025,5639,0,0.1727,0.8484
7176-88083-0025,61,0,0.2817,0.935
7176-88083-0025,672,0,-0.0887,0.8559
7176-88083-0025,6930,0,0.1386,0.7748
7176-88083-0025,7021,0,0.2113,0.7784
7176-88083-0025,7127,0,0.0792,0.7424
7176-88083-0025,7176,1,0.7236,0.958
7176-88083-0025,7729,0,0.3314,0.8555
7176-88083-0025,8224,0,0.0191,0.76
7176-88083-0025,8230,0,0.1171,0.8928
7176-88083-0025,8455,0,-0.0664,0.7034
7176-88083-0025,908,0,0.3051,0.8831
7176-88083-0026,1089,0,0.1233,0.7686
7176-88083-0026,1188,0,0.1144,0.845
7176-88083-0026,1320,0,0.0838,0.7062
7176-88083-0026,2300,0,0.015,0.4486
7176-88083-0026,260,0,0.0993,0.8421
7176-88083-0026,2830,0,0.1927,0.8573
7176-88083-0026,4077,0,0.137,0.7054
7176-88083-0026,5105,0,0.2726,0.7981
7176-88083-0026,5639,0,0.1771,0.839
7176-88083-0026,61,0,0.2053,0.8983
7176-88083-0026,672,0,-0.045,0.8144
7176-88083-0026,6930,0,0.183,0.7231
7176-88083-0026,7021,0,0.2057,0.7042
7176-88083-0026,7127,0,0.0421,0.6797
7176-88083-0026,7176,1,0.6758,0.9261
7176-88083-0026,7729,0,0.2123,0.7998
7176-88083-0026,8224,0,0.0076,0.736
7176-88083-0026,8230,0,0.1282,0.8869
7176-88083-0026,8455,0,-0.1039,0.6071
7176-88083-0026,908,0,0.3465,0.8224
7176-92135-0005,1089,0,0.1001,0.7858
7176-92135-0005,1188,0,0.0439,0.8277
7176-92135-0005,1320,0,0.1313,0.7334
7176-92135-0005,2300,0,0.0452,0.547
7176-92135-0005,260,0,0.185,0.8839
7176-92135-0005,2830,0,0.1056,0.8119
7176-92135-0005,4077,0,0.127,0.7671
7176-92135-0005,5105,0,0.2968,0.7978
7176-92135-0005,5639,0,0.1197,0.7805
7176-92135-0005,61,0,0.3032,0.9397
7176-92135-0005,672,0,-0.0873,0.8188
7176-92135-0005,6930,0,0.1766,0.7442
7176-92135-0005,7021,0,0.1983,0.7479
7176-92135-0005,7127,0,0.1088,0.6874
7176-92135-0005,7176,1,0.6822,0.9695
7176-92135-0005,7729,0,0.2894,0.8169
7176-92135-0005,8224,0,0.0369,0.6659
7176-92135-0005,8230,0,0.1329,0.8738
7176-92135-0005,8455,0,-0.1422,0.6713
7176-92135-0005,908,0,0.3333,0.865
7176-92135-0006,1089,0,0.0727,0.7639
7176-92135-0006,1188,0,0.0488,0.8395
7176-92135-0006,1320,0,0.1323,0.7395
7176-92135-0006,2300,0,0.049,0.5202
7176-92135-0006,260,0,0.0891,0.8755
7176-92135-0006,2830,0,0.1611,0.8558
7176-92135-0006,4077,0,0.1754,0.7454
7176-92135-0006,5105,0,0.3173,0.8227
7176-92135-0006,5639,0,0.1235,0.8059
7176-92135-0006,61,0,0.2561,0.927
7176-92135-0006,672,0,-0.0489,0.814
7176-92135-0006,6930,0,0.1863,0.7529
7176-92135-0006,7021,0,0.2361,0.7436
7176-92135-0006,7127,0,0.0399,0.7054
7176-92135-0006,7176,1,0.6831,0.9476
7176-92135-0006,7729,0,0.2367,0.8083
7176-92135-0006,8224,0,0.1176,0.6951
7176-92135-0006,8230,0,0.0976,0.87
7176-92135-0006,8455,0,-0.0888,0.6519
7176-92135-0006,908,0,0.3424,0.838
7176-92135-0009,1089,0,0.1107,0.8161
7176-92135-0009,1188,0,0.1359,0.8658
7176-92135-0009,1320,0,0.1088,0.7602
7176-92135-0009,2300,0,0.083,0.539
7176-92135-0009,260,0,0.1194,0.9023
7176-92135-0009,2830,0,0.1514,0.8302
7176-92135-0009,4077,0,0.1564,0.7755
7176-92135-0009,5105,0,0.2938,0.8393
7176-92135-0009,5639,0,0.1783,0.8896
7176-92135-0009,61,0,0.2838,0.9266
7176-92135-0009,672,0,-0.0296,0.8756
7176-92135-0009,6930,0,0.0973,0.7998
7176-92135-0009,7021,0,0.2404,0.7689
7176-92135-0009,7127,0,0.0675,0.693
7176-92135-0009,7176,1,0.678,0.9224
7176-92135-0009,7729,0,0.2517,0.8565
7176-92135-0009,8224,0,0.02,0.8023
7176-92135-0009,8230,0,0.1497,0.8839
7176-92135-0009,8455,0,-0.1276,0.7061
7176-92135-0009,908,0,0.4101,0.9056
7176-92135-0022,1089,0,0.12,0.7603
7176-92135-0022,1188,0,0.032,0.8067
7176-92135-0022,1320,0,0.0592,0.6817
7176-92135-0022,2300,0,0.0214,0.4695
7176-92135-0022,260,0,0.115,0.8518
7176-92135-0022,2830,0,0.1202,0.8013
7176-92135-0022,4077,0,0.1902,0.7234
7176-92135-0022,5105,0,0.2831,0.7752
7176-92135-0022,5639,0,0.1454,0.8158
7176-92135-0022,61,0,0.2758,0.9322
7176-92135-0022,672,0,-0.1013,0.8052
7176-92135-0022,6930,0,0.1724,0.706
7176-92135-0022,7021,0,0.1505,0.7108
7176-92135-0022,7127,0,0.0249,0.6395
7176-92135-0022,7176,1,0.6915,0.9438
7176-92135-0022,7729,0,0.2165,0.8052
7176-92135-0022,8224,0,0.0345,0.6968
7176-92135-0022,8230,0,0.1523,0.878
7176-92135-0022,8455,0,-0.1332,0.6024
7176-92135-0022,908,0,0.3532,0.8458
7176-92135-0042,1089,0,0.0336,0.7627
7176-92135-0042,1188,0,-0.0033,0.8287
7176-92135-0042,1320,0,0.1223,0.7417
7176-92135-0042,2300,0,0.0395,0.5559
7176-92135-0042,260,0,0.1873,0.8863
7176-92135-0042,2830,0,0.0536,0.7985
7176-92135-0042,4077,0,0.1619,0.7826
7176-92135-0042,5105,0,0.2815,0.8062
7176-92135-0042,5639,0,0.0977,0.7877
7176-92135-0042,61,0,0.2768,0.9235
7176-92135-0042,672,0,-0.0378,0.8137
7176-92135-0042,6930,0,0.2066,0.7672
7176-92135-0042,7021,0,0.1439,0.7367
7176-92135-0042,7127,0,0.0274,0.6967
7176-92135-0042,7176,1,0.7183,0.9715
7176-92135-0042,7729,0,0.1962,0.8036
7176-92135-0042,8224,0,0.0788,0.7188
7176-92135-0042,8230,0,0.0527,0.8544
7176-92135-0042,8455,0,-0.1493,0.7103
7176-92135-0042,908,0,0.3498,0.8346
7729-102255-0012,1089,0,0.0387,0.7797
7729-102255-0012,1188,0,0.1334,0.7992
7729-102255-0012,1320,0,0.2463,0.7641
7729-102255-0012,2300,0,0.113,0.6805
7729-102255-0012,260,0,0.0532,0.77
7729-102255-0012,2830,0,0.0608,0.7475
7729-102255-0012,4077,0,0.0882,0.8214
7729-102255-0012,5105,0,0.1574,0.8388
7729-102255-0012,5639,0,0.1363,0.8214
7729-102255-0012,61,0,0.1112,0.8255
7729-102255-0012,672,0,0.0975,0.7656
7729-102255-0012,6930,0,0.101,0.6345
7729-102255-0012,7021,0,0.1389,0.7937
7729-102255-0012,7127,0,0.1144,0.8073
7729-102255-0012,7176,0,0.2461,0.7886
7729-102255-0012,7729,1,0.6433,0.9653
7729-102255-0012,8224,0,0.0125,0.6655
7729-102255-0012,8230,0,-0.0774,0.7536
7729-102255-0012,8455,0,-0.0874,0.65
7729-102255-0012,908,0,0.1858,0.8243
7729-102255-0018,1089,0,0.0197,0.819
7729-102255-0018,1188,0,0.1507,0.8571
7729-102255-0018,1320,0,0.2777,0.7791
7729-102255-0018,2300,0,0.1282,0.6663
7729-102255-0018,260,0,0.0664,0.8465
7729-102255-0018,2830,0,0.0375,0.8016
7729-102255-0018,4077,0,0.1191,0.8503
7729-102255-0018,5105,0,0.2057,0.8415
7729-102255-0018,5639,0,0.1869,0.8614
7729-102255-0018,61,0,0.155,0.89
7729-102255-0018,672,0,0.1238,0.8176
7729-102255-0018,6930,0,0.0941,0.6874
7729-102255-0018,7021,0,0.1843,0.7983
7729-102255-0018,7127,0,0.0606,0.799
7729-102255-0018,7176,0,0.237,0.8629
7729-102255-0018,7729,1,0.7084,0.98
7729-102255-0018,8224,0,0.0696,0.6849
7729-102255-0018,8230,0,-0.0585,0.8234
7729-102255-0018,8455,0,-0.0683,0.6974
7729-102255-0018,908,0,0.1699,0.8693
7729-102255-0023,1089,0,0.0946,0.8092
7729-102255-0023,1188,0,0.1499,0.8312
7729-102255-0023,1320,0,0.2104,0.7649
7729-102255-0023,2300,0,0.1128,0.6646
7729-102255-0023,260,0,0.0631,0.8227
7729-102255-0023,2830,0,0.0159,0.7751
7729-102255-0023,4077,0,0.1186,0.8551
7729-102255-0023,5105,0,0.1247,0.8204
7729-102255-0023,5639,0,0.2271,0.8563
7729-102255-0023,61,0,0.1123,0.8577
7729-102255-0023,672,0,0.2022,0.8044
7729-102255-0023,6930,0,0.0998,0.6662
7729-102255-0023,7021,0,0.1756,0.7811
7729-102255-0023,7127,0,0.0378,0.7966
7729-102255-0023,7176,0,0.2506,0.8331
7729-102255-0023,7729,1,0.6784,0.9858
7729-102255-0023,8224,0,0.0527,0.665
7729-102255-0023,8230,0,-0.0241,0.7917
7729-102255-0023,8455,0,-0.0694,0.6791
7729-102255-0023,908,0,0.2039,0.8589
7729-102255-0024,1089,0,0.0748,0.8379
7729-102255-0024,1188,0,0.1544,0.8386
7729-102255-0024,1320,0,0.2611,0.7968
7729-102255-0024,2300,0,0.1057,0.7005
7729-102255-0024,260,0,0.0747,0.8441
7729-102255-0024,2830,0,0.0572,0.7709
7729-102255-0024,4077,0,0.1339,0.8856
7729-102255-0024,5105,0,0.2137,0.8473
7729-102255-0024,5639,0,0.1917,0.8549
7729-102255-0024,61,0,0.1475,0.8837
7729-102255-0024,672,0,0.1542,0.8313
7729-102255-0024,6930,0,0.1092,0.6994
7729-102255-0024,7021,0,0.2531,0.8139
7729-102255-0024,7127,0,0.081,0.8159
7729-102255-0024,7176,0,0.2551,0.8625
7729-102255-0024,7729,1,0.7215,0.9885
7729-102255-0024,8224,0,0.0488,0.6724
7729-102255-0024,8230,0,-0.0249,0.8124
7729-102255-0024,8455,0,-0.0284,0.7282
7729-102255-0024,908,0,0.1923,0.8826
7729-102255-0030,1089,0,0.0508,0.8237
7729-102255-0030,1188,0,0.1592,0.8408
7729-102255-0030,1320,0,0.2197,0.7917
7729-102255-0030,2300,0,0.1348,0.6939
7729-102255-0030,260,0,0.0855,0.8203
7729-102255-0030,2830,0,0.0649,0.7818
7729-102255-0030,4077,0,0.0284,0.8635
7729-102255-0030,5105,0,0.1781,0.8559
7729-102255-0030,5639,0,0.2168,0.8497
7729-102255-0030,61,0,0.1474,0.8704
7729-102255-0030,672,0,0.0873,0.8122
7729-102255-0030,6930,0,0.0453,0.6735
7729-102255-0030,7021,0,0.2124,0.8112
7729-102255-0030,7127,0,0.0746,0.8262
7729-102255-0030,7176,0,0.2162,0.84
7729-102255-0030,7729,1,0.7125,0.9851
7729-102255-0030,8224,0,0.0095,0.6854
7729-102255-0030,8230,0,-0.0734,0.8009
7729-102255-0030,8455,0,-0.1286,0.6977
7729-102255-0030,908,0,0.1542,0.8561
7729-102255-0031,1089,0,0.0981,0.8121
7729-102255-0031,1188,0,0.1518,0.8077
7729-102255-0031,1320,0,0.3037,0.8016
7729-102255-0031,2300,0,0.1035,0.7495
7729-102255-0031,260,0,0.078,0.807
7729-102255-0031,2830,0,0.0402,0.7443
7729-102255-0031,4077,0,0.1652,0.8655
7729-102255-0031,5105,0,0.2392,0.859
7729-102255-0031,5639,0,0.208,0.8193
7729-102255-0031,61,0,0.1428,0.8549
7729-102255-0031,672,0,0.1459,0.8081
7729-102255-0031,6930,0,0.1131,0.6961
7729-102255-0031,7021,0,0.1786,0.831
7729-102255-0031,7127,0,0.0846,0.8162
7729-102255-0031,7176,0,0.2733,0.8122
7729-102255-0031,7729,1,0.6974,0.9773
7729-102255-0031,8224,0,0.0157,0.6845
7729-102255-0031,8230,0,-0.0492,0.7642
7729-102255-0031,8455,0,-0.0664,0.7251
7729-102255-0031,908,0,0.174,0.8592
7729-102255-0035,1089,0,0.0756,0.8244
7729-102255-0035,1188,0,0.1222,0.8412
7729-102255-0035,1320,0,0.1039,0.8003
7729-102255-0035,2300,0,0.0085,0.7201
7729-102255-0035,260,0,-0.0222,0.8301
7729-102255-0035,2830,0,0.0576,0.7794
7729-102255-0035,4077,0,-0.0025,0.8402
7729-102255-0035,5105,0,0.1322,0.8632
7729-102255-0035,5639,0,0.1415,0.834
7729-102255-0035,61,0,0.0705,0.8776
7729-102255-0035,672,0,0.051,0.8207
7729-102255-0035,6930,0,0.0041,0.6893
7729-102255-0035,7021,0,0.1441,0.8378
7729-102255-0035,7127,0,0.0225,0.8065
7729-102255-0035,7176,0,0.2148,0.8305
7729-102255-0035,7729,1,0.6544,0.9804
7729-102255-0035,8224,0,0.0,0.6939
7729-102255-0035,8230,0,0.0194,0.7974
7729-102255-0035,8455,0,-0.1081,0.7045
7729-102255-0035,908,0,0.1789,0.8814
7729-102255-0037,1089,0,0.1199,0.8137
7729-102255-0037,1188,0,0.098,0.8316
7729-102255-0037,1320,0,0.1894,0.8124
7729-102255-0037,2300,0,0.0711,0.7543
7729-102255-0037,260,0,0.0683,0.8165
7729-102255-0037,2830,0,0.0718,0.7605
7729-102255-0037,4077,0,0.0438,0.8587
7729-102255-0037,5105,0,0.1977,0.8693
7729-102255-0037,5639,0,0.1969,0.8089
7729-102255-0037,61,0,0.1264,0.8513
7729-102255-0037,672,0,0.0927,0.7966
7729-102255-0037,6930,0,0.068,0.6736
7729-102255-0037,7021,0,0.1246,0.8526
7729-102255-0037,7127,0,0.0456,0.8334
7729-102255-0037,7176,0,0.2861,0.8194
7729-102255-0037,7729,1,0.712,0.9784
7729-102255-0037,8224,0,0.0287,0.6597
7729-102255-0037,8230,0,0.0508,0.7605
7729-102255-0037,8455,0,-0.066,0.7135
7729-102255-0037,908,0,0.2296,0.8667
7729-102255-0039,1089,0,0.0686,0.8195
7729-102255-0039,1188,0,0.1758,0.8429
7729-102255-0039,1320,0,0.1875,0.7803
7729-102255-0039,2300,0,0.1118,0.6878
7729-102255-0039,260,0,0.0085,0.8395
7729-102255-0039,2830,0,0.0993,0.7879
7729-102255-0039,4077,0,0.0098,0.8573
7729-102255-0039,5105,0,0.1457,0.8427
7729-102255-0039,5639,0,0.1601,0.8387
7729-102255-0039,61,0,0.1669,0.8857
7729-102255-0039,672,0,0.1139,0.8084
7729-102255-0039,6930,0,0.0849,0.6814
7729-102255-0039,7021,0,0.1377,0.8119
7729-102255-0039,7127,0,0.028,0.8047
7729-102255-0039,7176,0,0.2562,0.8514
7729-102255-0039,7729,1,0.6831,0.9866
7729-102255-0039,8224,0,0.0143,0.6574
7729-102255-0039,8230,0,0.0067,0.8059
7729-102255-0039,8455,0,-0.0917,0.6921
7729-102255-0039,908,0,0.2236,0.8733
7729-102255-0040,1089,0,0.0281,0.8346
7729-102255-0040,1188,0,0.1509,0.8445
7729-102255-0040,1320,0,0.1807,0.7978
7729-102255-0040,2300,0,0.0951,0.7159
7729-102255-0040,260,0,0.0639,0.8338
7729-102255-0040,2830,0,0.1132,0.7903
7729-102255-0040,4077,0,0.0209,0.8645
7729-102255-0040,5105,0,0.187,0.8528
7729-102255-0040,5639,0,0.1414,0.8329
7729-102255-0040,61,0,0.1524,0.8749
7729-102255-0040,672,0,0.0539,0.8157
7729-102255-0040,6930,0,0.0579,0.6855
7729-102255-0040,7021,0,0.2168,0.8271
7729-102255-0040,7127,0,0.0948,0.826
7729-102255-0040,7176,0,0.2744,0.8372
7729-102255-0040,7729,1,0.6674,0.99
7729-102255-0040,8224,0,0.0551,0.6525
7729-102255-0040,8230,0,-0.002,0.8026
7729-102255-0040,8455,0,-0.038,0.7065
7729-102255-0040,908,0,0.2086,0.8732
8224-274381-0007,1089,0,0.0318,0.7623
8224-274381-0007,1188,0,0.0042,0.7826
8224-274381-0007,1320,0,0.1561,0.7447
8224-274381-0007,2300,0,0.143,0.5721
8224-274381-0007,260,0,0.1183,0.8147
8224-274381-0007,2830,0,0.0803,0.7343
8224-274381-0007,4077,0,0.1636,0.7486
8224-274381-0007,5105,0,0.2852,0.7999
8224-274381-0007,5639,0,0.135,0.8357
8224-274381-0007,61,0,0.1011,0.8174
8224-274381-0007,672,0,0.1103,0.8624
8224-274381-0007,6930,0,0.1889,0.7957
8224-274381-0007,7021,0,0.1385,0.7141
8224-274381-0007,7127,0,0.1194,0.6646
8224-274381-0007,7176,0,0.1028,0.8142
8224-274381-0007,7729,0,-0.0122,0.7342
8224-274381-0007,8224,1,0.7692,0.9782
8224-274381-0007,8230,0,0.0677,0.7747
8224-274381-0007,8455,0,0.0957,0.7288
8224-274381-0007,908,0,0.0705,0.8052
8224-274381-0010,1089,0,-0.0043,0.7139
8224-274381-0010,1188,0,-0.0262,0.7044
8224-274381-0010,1320,0,0.106,0.7104
8224-274381-0010,2300,0,0.0337,0.583
8224-274381-0010,260,0,0.0938,0.7463
8224-274381-0010,2830,0,0.0391,0.6536
8224-274381-0010,4077,0,0.0723,0.6683
8224-274381-0010,5105,0,0.2043,0.7529
8224-274381-0010,5639,0,0.0989,0.7704
8224-274381-0010,61,0,0.0461,0.7422
8224-274381-0010,672,0,0.0654,0.8201
8224-274381-0010,6930,0,0.2102,0.7789
8224-274381-0010,7021,0,0.0018,0.7014
8224-274381-0010,7127,0,0.0853,0.5917
8224-274381-0010,7176,0,0.0416,0.7255
8224-274381-0010,7729,0,-0.0565,0.6589
8224-274381-0010,8224,1,0.7703,0.9768
8224-274381-0010,8230,0,-0.0389,0.6927
8224-274381-0010,8455,0,0.0237,0.7004
8224-274381-0010,908,0,0.0362,0.7797
8224-274381-0011,1089,0,0.0236,0.7153
8224-274381-0011,1188,0,0.0182,0.7332
8224-274381-0011,1320,0,0.0892,0.6989
8224-274381-0011,2300,0,0.156,0.5545
8224-274381-0011,260,0,0.0929,0.7614
8224-274381-0011,2830,0,0.0976,0.667
8224-274381-0011,4077,0,0.1772,0.6992
8224-274381-0011,5105,0,0.2598,0.7563
8224-274381-0011,5639,0,0.1077,0.8141
8224-274381-0011,61,0,0.1204,0.7515
8224-274381-0011,672,0,0.0956,0.8275
8224-274381-0011,6930,0,0.1175,0.7384
8224-274381-0011,7021,0,0.0794,0.6908
8224-274381-0011,7127,0,0.0877,0.6065
8224-274381-0011,7176,0,0.0856,0.7349
8224-274381-0011,7729,0,-0.0249,0.6934
8224-274381-0011,8224,1,0.6882,0.9792
8224-274381-0011,8230,0,0.0332,0.701
8224-274381-0011,8455,0,0.017,0.6816
8224-274381-0011,908,0,0.0177,0.7797
8224-274381-0013,1089,0,-0.0147,0.7507
8224-274381-0013,1188,0,-0.0197,0.7659
8224-274381-0013,1320,0,0.1107,0.7433
8224-274381-0013,2300,0,0.1543,0.5927
8224-274381-0013,260,0,0.0975,0.8102
8224-274381-0013,2830,0,0.0092,0.7114
8224-274381-0013,4077,0,0.0628,0.7299
8224-274381-0013,5105,0,0.1812,0.7896
8224-274381-0013,5639,0,0.0706,0.8164
8224-274381-0013,61,0,0.0806,0.8014
8224-274381-0013,672,0,0.039,0.8605
8224-274381-0013,6930,0,0.1712,0.8003
8224-274381-0013,7021,0,0.0207,0.7226
8224-274381-0013,7127,0,0.1503,0.6398
8224-274381-0013,7176,0,0.0236,0.7923
8224-274381-0013,7729,0,-0.0165,0.712
8224-274381-0013,8224,1,0.6545,0.9806
8224-274381-0013,8230,0,-0.0489,0.7446
8224-274381-0013,8455,0,0.0402,0.7333
8224-274381-0013,908,0,0.0774,0.8125
8224-274384-0002,1089,0,0.0331,0.7219
8224-274384-0002,1188,0,-0.0669,0.7496
8224-274384-0002,1320,0,0.037,0.7096
8224-274384-0002,2300,0,0.069,0.5497
8224-274384-0002,260,0,0.1955,0.7798
8224-274384-0002,2830,0,-0.0156,0.721
8224-274384-0002,4077,0,0.1,0.7095
8224-274384-0002,5105,0,0.1401,0.783
8224-274384-0002,5639,0,0.1393,0.843
8224-274384-0002,61,0,0.0904,0.7721
8224-274384-0002,672,0,0.1254,0.8243
8224-274384-0002,6930,0,0.1426,0.7703
8224-274384-0002,7021,0,0.0486,0.7029
8224-274384-0002,7127,0,0.0903,0.6384
8224-274384-0002,7176,0,0.1014,0.7571
8224-274384-0002,7729,0,-0.0717,0.7197
8224-274384-0002,8224,1,0.7214,0.9797
8224-274384-0002,8230,0,0.062,0.7294
8224-274384-0002,8455,0,0.0669,0.6717
8224-274384-0002,908,0,-0.0295,0.7743
8224-274384-0006,1089,0,-0.0969,0.7432
8224-274384-0006,1188,0,-0.0823,0.7396
8224-274384-0006,1320,0,-0.0205,0.7222
8224-274384-0006,2300,0,0.1625,0.5897
8224-274384-0006,260,0,0.1135,0.7592
8224-274384-0006,2830,0,-0.0245,0.6791
8224-274384-0006,4077,0,0.0839,0.7216
8224-274384-0006,5105,0,0.1427,0.7803
8224-274384-0006,5639,0,0.0966,0.837
8224-274384-0006,61,0,0.026,0.733
8224-274384-0006,672,0,-0.0072,0.8356
8224-274384-0006,6930,0,0.1621,0.7405
8224-274384-0006,7021,0,0.0151,0.7197
8224-274384-0006,7127,0,0.0988,0.6501
8224-274384-0006,7176,0,-0.0003,0.7132
8224-274384-0006,7729,0,-0.1134,0.719
8224-274384-0006,8224,1,0.655,0.976
8224-274384-0006,8230,0,-0.028,0.6978
8224-274384-0006,8455,0,0.0189,0.6813
8224-274384-0006,908,0,0.0062,0.7823
8224-274384-0007,1089,0,-0.0471,0.7103
8224-274384-0007,1188,0,-0.1091,0.7228
8224-274384-0007,1320,0,-0.0332,0.6822
8224-274384-0007,2300,0,0.1326,0.5143
8224-274384-0007,260,0,0.0705,0.7406
8224-274384-0007,2830,0,-0.0795,0.6782
8224-274384-0007,4077,0,0.0985,0.6634
8224-274384-0007,5105,0,0.1782,0.743
8224-274384-0007,5639,0,0.1457,0.8174
8224-274384-0007,61,0,0.1275,0.7201
8224-274384-0007,672,0,0.0165,0.8122
8224-274384-0007,6930,0,0.1864,0.7374
8224-274384-0007,7021,0,0.0498,0.668
8224-274384-0007,7127,0,0.0323,0.5996
8224-274384-0007,7176,0,0.0899,0.7153
8224-274384-0007,7729,0,-0.0668,0.6658
8224-274384-0007,8224,1,0.5644,0.9813
8224-274384-0007,8230,0,0.0188,0.7044
8224-274384-0007,8455,0,0.0131,0.6492
8224-274384-0007,908,0,-0.0021,0.7507
8224-274384-0008,1089,0,-0.0325,0.7458
8224-274384-0008,1188,0,-0.0961,0.7508
8224-274384-0008,1320,0,-0.0021,0.7499
8224-274384-0008,2300,0,0.1433,0.6399
8224-274384-0008,260,0,0.1154,0.7912
8224-274384-0008,2830,0,-0.0407,0.6937
8224-274384-0008,4077,0,0.0326,0.7523
8224-274384-0008,5105,0,0.1095,0.8008
8224-274384-0008,5639,0,0.1121,0.8289
8224-274384-0008,61,0,0.0367,0.7731
8224-274384-0008,672,0,0.0396,0.8461
8224-274384-0008,6930,0,0.17,0.7861
8224-274384-0008,7021,0,0.0366,0.7437
8224-274384-0008,7127,0,0.0974,0.6662
8224-274384-0008,7176,0,0.0221,0.7475
8224-274384-0008,7729,0,-0.0828,0.7449
8224-274384-0008,8224,1,0.7001,0.9796
8224-274384-0008,8230,0,0.005,0.7065
8224-274384-0008,8455,0,0.0636,0.7298
8224-274384-0008,908,0,0.0385,0.8041
8224-274384-0009,1089,0,0.0067,0.7202
8224-274384-0009,1188,0,-0.0015,0.7241
8224-274384-0009,1320,0,0.1117,0.7409
8224-274384-0009,2300,0,0.1096,0.6372
8224-274384-0009,260,0,0.1575,0.7414
8224-274384-0009,2830,0,0.0693,0.6618
8224-274384-0009,4077,0,0.0649,0.7014
8224-274384-0009,5105,0,0.1548,0.7845
8224-274384-0009,5639,0,0.1589,0.7687
8224-274384-0009,61,0,0.0565,0.7145
8224-274384-0009,672,0,0.0651,0.8147
8224-274384-0009,6930,0,0.1906,0.7616
8224-274384-0009,7021,0,0.0378,0.7277
8224-274384-0009,7127,0,0.1504,0.6483
8224-274384-0009,7176,0,0.0984,0.6961
8224-274384-0009,7729,0,-0.0228,0.677
8224-274384-0009,8224,1,0.6425,0.9843
8224-274384-0009,8230,0,-0.0188,0.6742
8224-274384-0009,8455,0,0.0452,0.7229
8224-274384-0009,908,0,0.0487,0.7449
8224-274384-0013,1089,0,-0.1201,0.7202
8224-274384-0013,1188,0,-0.0425,0.7634
8224-274384-0013,1320,0,0.0568,0.7359
8224-274384-0013,2300,0,0.1267,0.5952
8224-274384-0013,260,0,0.0968,0.7863
8224-274384-0013,2830,0,0.0494,0.7235
8224-274384-0013,4077,0,0.0119,0.7251
8224-274384-0013,5105,0,0.0961,0.7927
8224-274384-0013,5639,0,0.0214,0.8312
8224-274384-0013,61,0,0.0078,0.7562
8224-274384-0013,672,0,0.0119,0.8232
8224-274384-0013,6930,0,0.1391,0.7745
8224-274384-0013,7021,0,0.0185,0.7111
8224-274384-0013,7127,0,0.0886,0.6658
8224-274384-0013,7176,0,-0.049,0.736
8224-274384-0013,7729,0,-0.0637,0.7287
8224-274384-0013,8224,1,0.6335,0.9742
8224-274384-0013,8230,0,-0.0828,0.7076
8224-274384-0013,8455,0,0.0516,0.7056
8224-274384-0013,908,0,0.0179,0.7593
8230-279154-0000,1089,0,0.4589,0.8902
8230-279154-0000,1188,0,0.1161,0.9216
8230-279154-0000,1320,0,0.0587,0.7883
8230-279154-0000,2300,0,0.0035,0.56
8230-279154-0000,260,0,0.08,0.8927
8230-279154-0000,2830,0,0.2527,0.9044
8230-279154-0000,4077,0,0.1471,0.7749
8230-279154-0000,5105,0,0.2474,0.8375
8230-279154-0000,5639,0,0.2143,0.8334
8230-279154-0000,61,0,0.3982,0.9325
8230-279154-0000,672,0,0.092,0.8703
8230-279154-0000,6930,0,0.0718,0.7675
8230-279154-0000,7021,0,0.1563,0.7637
8230-279154-0000,7127,0,0.1853,0.7791
8230-279154-0000,7176,0,0.2667,0.9334
8230-279154-0000,7729,0,0.1349,0.8413
8230-279154-0000,8224,0,0.1798,0.6984
8230-279154-0000,8230,1,0.6592,0.9853
8230-279154-0000,8455,0,0.0092,0.7316
8230-279154-0000,908,0,0.0533,0.8299
8230-279154-0004,1089,0,0.4298,0.8898
8230-279154-0004,1188,0,0.1867,0.8961
8230-279154-0004,1320,0,0.0346,0.7754
8230-279154-0004,2300,0,-0.0139,0.5554
8230-279154-0004,260,0,0.1793,0.8977
8230-279154-0004,2830,0,0.2778,0.8618
8230-279154-0004,4077,0,0.2002,0.7854
8230-279154-0004,5105,0,0.2904,0.8245
8230-279154-0004,5639,0,0.1867,0.8341
8230-279154-0004,61,0,0.4064,0.9464
8230-279154-0004,672,0,0.0766,0.8863
8230-279154-0004,6930,0,0.0668,0.7909
8230-279154-0004,7021,0,0.2089,0.7589
8230-279154-0004,7127,0,0.2459,0.741
8230-279154-0004,7176,0,0.3629,0.9517
8230-279154-0004,7729,0,0.2101,0.8274
8230-279154-0004,8224,0,0.1268,0.725
8230-279154-0004,8230,1,0.6958,0.9822
8230-279154-0004,8455,0,-0.0033,0.7447
8230-279154-0004,908,0,0.1427,0.8564
8230-279154-0016,1089,0,0.411,0.8615
8230-279154-0016,1188,0,0.1899,0.9155
8230-279154-0016,1320,0,0.0027,0.7818
8230-279154-0016,2300,0,-0.038,0.5639
8230-279154-0016,260,0,0.1716,0.8975
8230-279154-0016,2830,0,0.272,0.8918
8230-279154-0016,4077,0,0.1474,0.7544
8230-279154-0016,5105,0,0.3632,0.8398
8230-279154-0016,5639,0,0.1361,0.8048
8230-279154-0016,61,0,0.415,0.9488
8230-279154-0016,672,0,0.035,0.8553
8230-279154-0016,6930,0,0.0404,0.7833
8230-279154-0016,7021,0,0.1925,0.7698
8230-279154-0016,7127,0,0.1963,0.7468
8230-279154-0016,7176,0,0.3462,0.9554
8230-279154-0016,7729,0,0.1271,0.8294
8230-279154-0016,8224,0,0.1151,0.7226
8230-279154-0016,8230,1,0.7265,0.9765
8230-279154-0016,8455,0,-0.023,0.7286
8230-279154-0016,908,0,0.1138,0.8378
8230-279154-0018,1089,0,0.3927,0.8713
8230-279154-0018,1188,0,0.2091,0.9152
8230-279154-0018,1320,0,0.05,0.8073
8230-279154-0018,2300,0,-0.0071,0.5992
8230-279154-0018,260,0,0.1754,0.8824
8230-279154-0018,2830,0,0.2822,0.9125
8230-279154-0018,4077,0,0.2038,0.8054
8230-279154-0018,5105,0,0.3204,0.8745
8230-279154-0018,5639,0,0.1855,0.8489
8230-279154-0018,61,0,0.3552,0.9376
8230-279154-0018,672,0,0.1022,0.8581
8230-279154-0018,6930,0,0.04,0.7644
8230-279154-0018,7021,0,0.14,0.7947
8230-279154-0018,7127,0,0.1907,0.8179
8230-279154-0018,7176,0,0.4081,0.9361
8230-279154-0018,7729,0,0.197,0.8934
8230-279154-0018,8224,0,0.1513,0.7132
8230-279154-0018,8230,1,0.5981,0.9498
8230-279154-0018,8455,0,0.0446,0.7133
8230-279154-0018,908,0,0.1202,0.8432
8230-279154-0020,1089,0,0.4272,0.8989
8230-279154-0020,1188,0,0.1833,0.9371
8230-279154-0020,1320,0,0.054,0.8161
8230-279154-0020,2300,0,-0.0414,0.6146
8230-279154-0020,260,0,0.1686,0.8876
8230-279154-0020,2830,0,0.2659,0.9074
8230-279154-0020,4077,0,0.1627,0.7663
8230-279154-0020,5105,0,0.3646,0.8656
8230-279154-0020,5639,0,0.1176,0.7965
8230-279154-0020,61,0,0.3257,0.924
8230-279154-0020,672,0,0.0718,0.8583
8230-279154-0020,6930,0,0.057,0.7785
8230-279154-0020,7021,0,0.2077,0.8055
8230-279154-0020,7127,0,0.2091,0.802
8230-279154-0020,7176,0,0.3158,0.9265
8230-279154-0020,7729,0,0.1437,0.845
8230-279154-0020,8224,0,0.1092,0.7042
8230-279154-0020,8230,1,0.6674,0.9824
8230-279154-0020,8455,0,0.0377,0.7512
8230-279154-0020,908,0,0.1362,0.8292
8230-279154-0022,1089,0,0.3298,0.8239
8230-279154-0022,1188,0,0.0857,0.8822
8230-279154-0022,1320,0,-0.032,0.7246
8230-279154-0022,2300,0,0.0022,0.5144
8230-279154-0022,260,0,0.1325,0.8566
8230-279154-0022,2830,0,0.2314,0.8941
8230-279154-0022,4077,0,0.0503,0.6894
8230-279154-0022,5105,0,0.284,0.792
8230-279154-0022,5639,0,0.1531,0.77
8230-279154-0022,61,0,0.3351,0.9206
8230-279154-0022,672,0,0.0337,0.8069
8230-279154-0022,6930,0,0.0729,0.7435
8230-279154-0022,7021,0,0.1434,0.7244
8230-279154-0022,7127,0,0.1031,0.7021
8230-279154-0022,7176,0,0.3564,0.9137
8230-279154-0022,7729,0,0.1109,0.7918
8230-279154-0022,8224,0,0.1622,0.6616
8230-279154-0022,8230,1,0.6119,0.9622
8230-279154-0022,8455,0,-0.1081,0.6591
8230-279154-0022,908,0,0.126,0.7866
8230-279154-0023,1089,0,0.3151,0.8603
8230-279154-0023,1188,0,0.1604,0.8962
8230-279154-0023,1320,0,0.0008,0.7597
8230-279154-0023,2300,0,0.022,0.568
8230-279154-0023,260,0,0.2082,0.8776
8230-279154-0023,2830,0,0.2298,0.8763
8230-279154-0023,4077,0,0.0816,0.7836
8230-279154-0023,5105,0,0.1702,0.8382
8230-279154-0023,5639,0,0.0749,0.8467
8230-279154-0023,61,0,0.3267,0.9381
8230-279154-0023,672,0,0.0341,0.8437
8230-279154-0023,6930,0,0.0857,0.7463
8230-279154-0023,7021,0,0.0968,0.7724
8230-279154-0023,7127,0,0.1647,0.76
8230-279154-0023,7176,0,0.3333,0.9202
8230-279154-0023,7729,0,0.1404,0.886
8230-279154-0023,8224,0,0.1476,0.7009
8230-279154-0023,8230,1,0.5444,0.9534
8230-279154-0023,8455,0,-0.0308,0.6916
8230-279154-0023,908,0,0.1151,0.8399
8230-279154-0028,1089,0,0.3539,0.8833
8230-279154-0028,1188,0,0.1608,0.9467
8230-279154-0028,1320,0,-0.0032,0.7941
8230-279154-0028,2300,0,-0.0435,0.5725
8230-279154-0028,260,0,0.1291,0.8735
8230-279154-0028,2830,0,0.2356,0.9277
8230-279154-0028,4077,0,0.0361,0.7363
8230-279154-0028,5105,0,0.2817,0.8438
8230-279154-0028,5639,0,0.1533,0.8186
8230-279154-0028,61,0,0.3252,0.9019
8230-279154-0028,672,0,0.054,0.8539
8230-279154-0028,6930,0,-0.0103,0.7464
8230-279154-0028,7021,0,0.2284,0.7811
8230-279154-0028,7127,0,0.2213,0.7868
8230-279154-0028,7176,0,0.309,0.9047
8230-279154-0028,7729,0,0.2301,0.8531
8230-279154-0028,8224,0,0.1136,0.6935
8230-279154-0028,8230,1,0.6126,0.9788
8230-279154-0028,8455,0,0.0019,0.7124
8230-279154-0028,908,0,0.0229,0.8205
8230-279154-0029,1089,0,0.3576,0.8605
8230-279154-0029,1188,0,0.3295,0.9295
8230-279154-0029,1320,0,0.064,0.7829
8230-279154-0029,2300,0,0.0793,0.538
8230-279154-0029,260,0,0.1653,0.8759
8230-279154-0029,2830,0,0.3174,0.9124
8230-279154-0029,4077,0,0.0366,0.7159
8230-279154-0029,5105,0,0.3194,0.832
8230-279154-0029,5639,0,0.1544,0.7897
8230-279154-0029,61,0,0.3461,0.9121
8230-279154-0029,672,0,0.095,0.8446
8230-279154-0029,6930,0,0.0004,0.7514
8230-279154-0029,7021,0,0.1965,0.7592
8230-279154-0029,7127,0,0.1805,0.7529
8230-279154-0029,7176,0,0.2881,0.9293
8230-279154-0029,7729,0,0.1386,0.8007
8230-279154-0029,8224,0,0.1104,0.6949
8230-279154-0029,8230,1,0.6654,0.9815
8230-279154-0029,8455,0,0.0552,0.7089
8230-279154-0029,908,0,0.0266,0.8079
8230-279154-0030,1089,0,0.3387,0.8081
8230-279154-0030,1188,0,0.269,0.9116
8230-279154-0030,1320,0,0.0173,0.737
8230-279154-0030,2300,0,0.0501,0.516
8230-279154-0030,260,0,0.1351,0.8572
8230-279154-0030,2830,0,0.3011,0.9195
8230-279154-0030,4077,0,0.0502,0.6676
8230-279154-0030,5105,0,0.2848,0.8034
8230-279154-0030,5639,0,0.1858,0.7664
8230-279154-0030,61,0,0.3794,0.9096
8230-279154-0030,672,0,0.0613,0.7894
8230-279154-0030,6930,0,-0.011,0.7292
8230-279154-0030,7021,0,0.2022,0.735
8230-279154-0030,7127,0,0.1568,0.7136
8230-279154-0030,7176,0,0.3322,0.9065
8230-279154-0030,7729,0,0.1633,0.8018
8230-279154-0030,8224,0,0.1341,0.6641
8230-279154-0030,8230,1,0.6969,0.9538
8230-279154-0030,8455,0,0.0298,0.6477
8230-279154-0030,908,0,0.0332,0.786
8455-210777-0011,1089,0,0.0621,0.8038
8455-210777-0011,1188,0,-0.0145,0.7908
8455-210777-0011,1320,0,0.2912,0.9015
8455-210777-0011,2300,0,0.0557,0.8511
8455-210777-0011,260,0,0.0451,0.8782
8455-210777-0011,2830,0,-0.0394,0.7051
8455-210777-0011,4077,0,0.2937,0.8599
8455-210777-0011,5105,0,0.2563,0.8622
8455-210777-0011,5639,0,-0.0193,0.6842
8455-210777-0011,61,0,0.0087,0.8106
8455-210777-0011,672,0,0.0747,0.8628
8455-210777-0011,6930,0,0.1526,0.8693
8455-210777-0011,7021,0,0.1015,0.8499
8455-210777-0011,7127,0,0.2561,0.7996
8455-210777-0011,7176,0,0.1001,0.821
8455-210777-0011,7729,0,-0.0186,0.7694
8455-210777-0011,8224,0,0.1632,0.7222
8455-210777-0011,8230,0,-0.0389,0.7225
8455-210777-0011,8455,1,0.6141,0.952
8455-210777-0011,908,0,0.0288,0.8299
8455-210777-0014,1089,0,-0.0109,0.8149
8455-210777-0014,1188,0,-0.0513,0.7766
8455-210777-0014,1320,0,0.2962,0.8765
8455-210777-0014,2300,0,-0.0043,0.8275
8455-210777-0014,260,0,0.0362,0.8801
8455-210777-0014,2830,0,-0.1245,0.6678
8455-210777-0014,4077,0,0.174,0.8574
8455-210777-0014,5105,0,0.2331,0.8475
8455-210777-0014,5639,0,0.0302,0.6969
8455-210777-0014,61,0,-0.0122,0.8054
8455-210777-0014,672,0,0.1233,0.8864
8455-210777-0014,6930,0,0.1183,0.8435
8455-210777-0014,7021,0,0.0797,0.8593
8455-210777-0014,7127,0,0.1706,0.7614
8455-210777-0014,7176,0,0.0654,0.8136
8455-210777-0014,7729,0,-0.042,0.7777
8455-210777-0014,8224,0,0.1316,0.6931
8455-210777-0014,8230,0,-0.0531,0.7203
8455-210777-0014,8455,1,0.5449,0.9425
8455-210777-0014,908,0,0.0882,0.8633
8455-210777-0018,1089,0,0.0126,0.8195
8455-210777-0018,1188,0,-0.0224,0.8049
8455-210777-0018,1320,0,0.2844,0.9135
8455-210777-0018,2300,0,0.0137,0.8478
8455-210777-0018,260,0,0.0269,0.8963
8455-210777-0018,2830,0,-0.0623,0.7329
8455-210777-0018,4077,0,0.2128,0.8116
8455-210777-0018,5105,0,0.2392,0.8789
8455-210777-0018,5639,0,0.013,0.6595
8455-210777-0018,61,0,-0.0717,0.8279
8455-210777-0018,672,0,0.098,0.8751
8455-210777-0018,6930,0,0.0882,0.916
8455-210777-0018,7021,0,0.122,0.8733
8455-210777-0018,7127,0,0.1527,0.7775
8455-210777-0018,7176,0,0.007,0.8268
8455-210777-0018,7729,0,-0.0411,0.7371
8455-210777-0018,8224,0,0.152,0.7248
8455-210777-0018,8230,0,-0.072,0.7587
8455-210777-0018,8455,1,0.6098,0.9626
8455-210777-0018,908,0,0.0505,0.8425
8455-210777-0024,1089,0,0.1294,0.8677
8455-210777-0024,1188,0,-0.0229,0.8188
8455-210777-0024,1320,0,0.3131,0.94
8455-210777-0024,2300,0,-0.0363,0.8477
8455-210777-0024,260,0,0.186,0.9103
8455-210777-0024,2830,0,0.0321,0.7495
8455-210777-0024,4077,0,0.334,0.859
8455-210777-0024,5105,0,0.31,0.9022
8455-210777-0024,5639,0,0.0573,0.7139
8455-210777-0024,61,0,0.054,0.8316
8455-210777-0024,672,0,0.1287,0.9106
8455-210777-0024,6930,0,0.1155,0.916
8455-210777-0024,7021,0,0.1853,0.9026
8455-210777-0024,7127,0,0.2271,0.8222
8455-210777-0024,7176,0,0.1376,0.8374
8455-210777-0024,7729,0,-0.0175,0.7795
8455-210777-0024,8224,0,0.1518,0.7088
8455-210777-0024,8230,0,0.0692,0.7788
8455-210777-0024,8455,1,0.5746,0.9671
8455-210777-0024,908,0,0.0593,0.8863
8455-210777-0033,1089,0,0.1146,0.7972
8455-210777-0033,1188,0,0.0038,0.7706
8455-210777-0033,1320,0,0.3796,0.8827
8455-210777-0033,2300,0,0.028,0.8437
8455-210777-0033,260,0,0.1192,0.8778
8455-210777-0033,2830,0,-0.025,0.6786
8455-210777-0033,4077,0,0.2936,0.8628
8455-210777-0033,5105,0,0.2698,0.8437
8455-210777-0033,5639,0,0.0089,0.6882
8455-210777-0033,61,0,0.0283,0.8114
8455-210777-0033,672,0,0.1028,0.8623
8455-210777-0033,6930,0,0.2371,0.8862
8455-210777-0033,7021,0,0.1058,0.8347
8455-210777-0033,7127,0,0.1917,0.7739
8455-210777-0033,7176,0,0.0942,0.8168
8455-210777-0033,7729,0,-0.0281,0.7611
8455-210777-0033,8224,0,0.1902,0.7244
8455-210777-0033,8230,0,-0.0504,0.7194
8455-210777-0033,8455,1,0.6235,0.9622
8455-210777-0033,908,0,0.0911,0.8334
8455-210777-0034,1089,0,0.0875,0.7472
8455-210777-0034,1188,0,-0.0185,0.7427
8455-210777-0034,1320,0,0.2804,0.832
8455-210777-0034,2300,0,0.0051,0.7702
8455-210777-0034,260,0,0.1227,0.8805
8455-210777-0034,2830,0,-0.0192,0.6606
8455-210777-0034,4077,0,0.3314,0.8317
8455-210777-0034,5105,0,0.2812,0.7897
8455-210777-0034,5639,0,-0.0368,0.682
8455-210777-0034,61,0,0.0445,0.7918
8455-210777-0034,672,0,0.073,0.8288
8455-210777-0034,6930,0,0.2114,0.8869
8455-210777-0034,7021,0,0.1541,0.7717
8455-210777-0034,7127,0,0.2331,0.7187
8455-210777-0034,7176,0,0.1087,0.8172
8455-210777-0034,7729,0,-0.074,0.7198
8455-210777-0034,8224,0,0.1025,0.7179
8455-210777-0034,8230,0,-0.0003,0.6915
8455-210777-0034,8455,1,0.6155,0.9288
8455-210777-0034,908,0,0.0914,0.8098
8455-210777-0040,1089,0,0.0458,0.8349
8455-210777-0040,1188,0,-0.0156,0.813
8455-210777-0040,1320,0,0.277,0.8839
8455-210777-0040,2300,0,0.0195,0.8009
8455-210777-0040,260,0,0.0864,0.8988
8455-210777-0040,2830,0,-0.0425,0.7263
8455-210777-0040,4077,0,0.1676,0.8657
8455-210777-0040,5105,0,0.2243,0.8452
8455-210777-0040,5639,0,0.1257,0.7444
8455-210777-0040,61,0,-0.018,0.8253
8455-210777-0040,672,0,0.0902,0.9008
8455-210777-0040,6930,0,0.1587,0.8929
8455-210777-0040,7021,0,0.0529,0.8204
8455-210777-0040,7127,0,0.2434,0.7809
8455-210777-0040,7176,0,0.0377,0.8381
8455-210777-0040,7729,0,-0.0486,0.7725
8455-210777-0040,8224,0,0.1573,0.7628
8455-210777-0040,8230,0,-0.0419,0.7738
8455-210777-0040,8455,1,0.5202,0.9619
8455-210777-0040,908,0,0.0259,0.8394
8455-210777-0041,1089,0,0.0174,0.8436
8455-210777-0041,1188,0,-0.0571,0.7771
8455-210777-0041,1320,0,0.2811,0.9204
8455-210777-0041,2300,0,0.0837,0.8941
8455-210777-0041,260,0,0.0751,0.8584
8455-210777-0041,2830,0,-0.0684,0.6877
8455-210777-0041,4077,0,0.3658,0.8744
8455-210777-0041,5105,0,0.0763,0.8835
8455-210777-0041,5639,0,0.0211,0.6755
8455-210777-0041,61,0,0.023,0.8
8455-210777-0041,672,0,0.0547,0.8779
8455-210777-0041,6930,0,0.1726,0.8769
8455-210777-0041,7021,0,0.0805,0.8898
8455-210777-0041,7127,0,0.2517,0.8247
8455-210777-0041,7176,0,0.0655,0.7967
8455-210777-0041,7729,0,-0.0079,0.7788
8455-210777-0041,8224,0,0.131,0.7041
8455-210777-0041,8230,0,-0.0991,0.726
8455-210777-0041,8455,1,0.5855,0.9732
8455-210777-0041,908,0,0.0082,0.8411
8455-210777-0046,1089,0,0.06,0.8166
8455-210777-0046,1188,0,-0.0624,0.8036
8455-210777-0046,1320,0,0.3251,0.8844
8455-210777-0046,2300,0,-0.0355,0.7769
8455-210777-0046,260,0,0.0551,0.91
8455-210777-0046,2830,0,-0.0911,0.7198
8455-210777-0046,4077,0,0.2562,0.8738
8455-210777-0046,5105,0,0.1971,0.8523
8455-210777-0046,5639,0,0.0249,0.7434
8455-210777-0046,61,0,0.0217,0.8219
8455-210777-0046,672,0,0.0854,0.8936
8455-210777-0046,6930,0,0.1055,0.8939
8455-210777-0046,7021,0,0.0566,0.8188
8455-210777-0046,7127,0,0.2129,0.783
8455-210777-0046,7176,0,0.0747,0.8512
8455-210777-0046,7729,0,0.0196,0.7623
8455-210777-0046,8224,0,0.1456,0.7536
8455-210777-0046,8230,0,-0.0063,0.756
8455-210777-0046,8455,1,0.6186,0.9496
8455-210777-0046,908,0,0.0288,0.8459
8455-210777-0056,1089,0,0.1374,0.8194
8455-210777-0056,1188,0,-0.0543,0.7863
8455-210777-0056,1320,0,0.3382,0.9174
8455-210777-0056,2300,0,-0.02,0.8315
8455-210777-0056,260,0,0.0678,0.8895
8455-210777-0056,2830,0,-0.0116,0.7112
8455-210777-0056,4077,0,0.3113,0.861
8455-210777-0056,5105,0,0.3407,0.8924
8455-210777-0056,5639,0,-0.0008,0.6994
8455-210777-0056,61,0,0.0597,0.8176
8455-210777-0056,672,0,0.0292,0.8845
8455-210777-0056,6930,0,0.1223,0.9138
8455-210777-0056,7021,0,0.2553,0.8693
8455-210777-0056,7127,0,0.1711,0.8045
8455-210777-0056,7176,0,0.1146,0.8292
8455-210777-0056,7729,0,-0.0124,0.7505
8455-210777-0056,8224,0,0.1156,0.74
8455-210777-0056,8230,0,0.0135,0.7366
8455-210777-0056,8455,1,0.5847,0.965
8455-210777-0056,908,0,0.0943,0.8486
8463-287645-0002,121,0,-0.1081,0.848
8463-287645-0002,1221,0,0.0903,0.9006
8463-287645-0002,1284,0,0.0562,0.8245
8463-287645-0002,1580,0,0.1685,0.827
8463-287645-0002,1995,0,-0.0464,0.8919
8463-287645-0002,2094,0,0.084,0.9047
8463-287645-0002,237,0,-0.0181,0.8696
8463-287645-0002,2961,0,0.0579,0.7467
8463-287645-0002,3570,0,-0.0116,0.7364
8463-287645-0002,3575,0,0.1105,0.7432
8463-287645-0002,3729,0,-0.0607,0.8921
8463-287645-0002,4446,0,0.109,0.8867
8463-287645-0002,4507,0,-0.0455,0.8492
8463-287645-0002,4970,0,0.0825,0.786
8463-287645-0002,4992,0,0.2529,0.9586
8463-287645-0002,5142,0,0.1148,0.9
8463-287645-0002,5683,0,-0.0746,0.8226
8463-287645-0002,6829,0,0.1701,0.8827
8463-287645-0002,8463,1,0.7128,0.9834
8463-287645-0002,8555,0,0.1065,0.8534
8463-287645-0003,121,0,-0.0772,0.8268
8463-287645-0003,1221,0,0.0908,0.8707
8463-287645-0003,1284,0,0.0597,0.7971
8463-287645-0003,1580,0,0.1156,0.7704
8463-287645-0003,1995,0,-0.0501,0.8743
8463-287645-0003,2094,0,0.0203,0.8903
8463-287645-0003,237,0,0.0165,0.8313
8463-287645-0003,2961,0,0.0109,0.7413
8463-287645-0003,3570,0,-0.0385,0.6987
8463-287645-0003,3575,0,0.1246,0.6776
8463-287645-0003,3729,0,-0.0419,0.8769
8463-287645-0003,4446,0,0.0172,0.8621
8463-287645-0003,4507,0,-0.0032,0.8211
8463-287645-0003,4970,0,0.0476,0.7302
8463-287645-0003,4992,0,0.2067,0.942
8463-287645-0003,5142,0,0.142,0.8794
8463-287645-0003,5683,0,-0.0362,0.7576
8463-287645-0003,6829,0,0.2221,0.8822
8463-287645-0003,8463,1,0.6678,0.9728
8463-287645-0003,8555,0,0.0775,0.7848
8463-294825-0010,121,0,-0.0101,0.8448
8463-294825-0010,1221,0,0.1311,0.8717
8463-294825-0010,1284,0,0.0376,0.8377
8463-294825-0010,1580,0,0.1779,0.8128
8463-294825-0010,1995,0,0.0129,0.8973
8463-294825-0010,2094,0,0.0992,0.8924
8463-294825-0010,237,0,-0.0162,0.8607
8463-294825-0010,2961,0,0.1175,0.7414
8463-294825-0010,3570,0,-0.0279,0.7053
8463-294825-0010,3575,0,0.1077,0.658
8463-294825-0010,3729,0,-0.0664,0.8627
8463-294825-0010,4446,0,0.1725,0.8949
8463-294825-0010,4507,0,-0.0553,0.7836
8463-294825-0010,4970,0,0.0554,0.6887
8463-294825-0010,4992,0,0.189,0.9431
8463-294825-0010,5142,0,-0.0392,0.8344
8463-294825-0010,5683,0,-0.0786,0.7541
8463-294825-0010,6829,0,0.1238,0.8223
8463-294825-0010,8463,1,0.7397,0.9741
8463-294825-0010,8555,0,-0.0337,0.7618
8463-294825-0016,121,0,0.01,0.8767
8463-294825-0016,1221,0,0.0971,0.8916
8463-294825-0016,1284,0,-0.0093,0.8134
8463-294825-0016,1580,0,0.2158,0.8315
8463-294825-0016,1995,0,-0.0592,0.8763
8463-294825-0016,2094,0,0.1069,0.8905
8463-294825-0016,237,0,0.0024,0.8645
8463-294825-0016,2961,0,0.1246,0.7753
8463-294825-0016,3570,0,0.002,0.7728
8463-294825-0016,3575,0,0.1026,0.7535
8463-294825-0016,3729,0,-0.0979,0.9026
8463-294825-0016,4446,0,0.1713,0.8848
8463-294825-0016,4507,0,-0.0049,0.8506
8463-294825-0016,4970,0,0.1314,0.7735
8463-294825-0016,4992,0,0.1571,0.9425
8463-294825-0016,5142,0,0.0697,0.8613
8463-294825-0016,5683,0,-0.0895,0.8163
8463-294825-0016,6829,0,0.0895,0.8569
8463-294825-0016,8463,1,0.6778,0.97
8463-294825-0016,8555,0,-0.0039,0.8317
8463-294828-0002,121,0,-0.1104,0.8325
8463-294828-0002,1221,0,0.0942,0.8751
8463-294828-0002,1284,0,0.0885,0.8142
8463-294828-0002,1580,0,0.1007,0.7739
8463-294828-0002,1995,0,-0.1006,0.8863
8463-294828-0002,2094,0,0.0692,0.8964
8463-294828-0002,237,0,-0.0004,0.8434
8463-294828-0002,2961,0,0.0417,0.7221
8463-294828-0002,3570,0,-0.0442,0.6875
8463-294828-0002,3575,0,0.0834,0.6471
8463-294828-0002,3729,0,-0.1271,0.8785
8463-294828-0002,4446,0,0.2025,0.8839
8463-294828-0002,4507,0,0.0026,0.8041
8463-294828-0002,4970,0,0.1504,0.7024
8463-294828-0002,4992,0,0.1418,0.9517
8463-294828-0002,5142,0,0.1548,0.8771
8463-294828-0002,5683,0,-0.0525,0.7486
8463-294828-0002,6829,0,0.1068,0.8567
8463-294828-0002,8463,1,0.7556,0.982
8463-294828-0002,8555,0,0.1055,0.7761
8463-294828-0010,121,0,-0.1326,0.8503
8463-294828-0010,1221,0,0.0572,0.896
8463-294828-0010,1284,0,0.1113,0.8127
8463-294828-0010,1580,0,0.1309,0.8175
8463-294828-0010,1995,0,-0.0599,0.8841
8463-294828-0010,2094,0,0.1301,0.8964
8463-294828-0010,237,0,0.0503,0.8815
8463-294828-0010,2961,0,0.0798,0.7358
8463-294828-0010,3570,0,-0.0224,0.7258
8463-294828-0010,3575,0,0.1017,0.7082
8463-294828-0010,3729,0,-0.0645,0.8899
8463-294828-0010,4446,0,0.1516,0.8923
8463-294828-0010,4507,0,0.0199,0.8314
8463-294828-0010,4970,0,0.1571,0.7469
8463-294828-0010,4992,0,0.2366,0.9579
8463-294828-0010,5142,0,0.1062,0.8737
8463-294828-0010,5683,0,-0.0927,0.7986
8463-294828-0010,6829,0,0.1062,0.8637
8463-294828-0010,8463,1,0.7405,0.9832
8463-294828-0010,8555,0,0.0843,0.8174
8463-294828-0012,121,0,-0.0245,0.8056
8463-294828-0012,1221,0,0.0406,0.8041
8463-294828-0012,1284,0,0.0495,0.7615
8463-294828-0012,1580,0,0.0749,0.7062
8463-294828-0012,1995,0,-0.0168,0.8734
8463-294828-0012,2094,0,0.031,0.8425
8463-294828-0012,237,0,0.0867,0.802
8463-294828-0012,2961,0,0.1247,0.7225
8463-294828-0012,3570,0,-0.0231,0.6624
8463-294828-0012,3575,0,0.1313,0.6065
8463-294828-0012,3729,0,-0.1112,0.8227
8463-294828-0012,4446,0,0.1005,0.8162
8463-294828-0012,4507,0,-0.0152,0.7285
8463-294828-0012,4970,0,0.0981,0.6451
8463-294828-0012,4992,0,0.1344,0.9001
8463-294828-0012,5142,0,0.0164,0.8089
8463-294828-0012,5683,0,0.041,0.6824
8463-294828-0012,6829,0,0.1183,0.7841
8463-294828-0012,8463,1,0.7027,0.9567
8463-294828-0012,8555,0,0.011,0.7122
8463-294828-0014,121,0,-0.0788,0.8623
8463-294828-0014,1221,0,0.0429,0.8836
8463-294828-0014,1284,0,0.0511,0.843
8463-294828-0014,1580,0,0.2151,0.818
8463-294828-0014,1995,0,-0.1913,0.9034
8463-294828-0014,2094,0,-0.0092,0.9076
8463-294828-0014,237,0,-0.0142,0.8682
8463-294828-0014,2961,0,0.0939,0.7691
8463-294828-0014,3570,0,-0.0286,0.732
8463-294828-0014,3575,0,0.0846,0.677
8463-294828-0014,3729,0,-0.0906,0.8964
8463-294828-0014,4446,0,0.1991,0.903
8463-294828-0014,4507,0,0.0559,0.8204
8463-294828-0014,4970,0,0.2687,0.7138
8463-294828-0014,4992,0,0.1427,0.9593
8463-294828-0014,5142,0,0.122,0.8671
8463-294828-0014,5683,0,-0.0713,0.7799
8463-294828-0014,6829,0,0.1906,0.8573
8463-294828-0014,8463,1,0.7515,0.986
8463-294828-0014,8555,0,0.1124,0.7901
8463-294828-0031,121,0,-0.0521,0.8549
8463-294828-0031,1221,0,0.0707,0.8707
8463-294828-0031,1284,0,0.0596,0.8139
8463-294828-0031,1580,0,0.1464,0.7905
8463-294828-0031,1995,0,-0.1034,0.8957
8463-294828-0031,2094,0,-0.0003,0.8907
8463-294828-0031,237,0,-0.0443,0.8559
8463-294828-0031,2961,0,0.0829,0.7668
8463-294828-0031,3570,0,-0.089,0.7249
8463-294828-0031,3575,0,0.0935,0.666
8463-294828-0031,3729,0,-0.1771,0.8837
8463-294828-0031,4446,0,0.1433,0.8798
8463-294828-0031,4507,0,-0.012,0.81
8463-294828-0031,4970,0,0.1603,0.7047
8463-294828-0031,4992,0,0.1609,0.9486
8463-294828-0031,5142,0,0.0614,0.8598
8463-294828-0031,5683,0,-0.0802,0.7573
8463-294828-0031,6829,0,0.1214,0.8455
8463-294828-0031,8463,1,0.766,0.9868
8463-294828-0031,8555,0,0.0864,0.7808
8463-294828-0036,121,0,-0.0393,0.8602
8463-294828-0036,1221,0,0.0913,0.892
8463-294828-0036,1284,0,-0.0069,0.7797
8463-294828-0036,1580,0,0.1106,0.8065
8463-294828-0036,1995,0,-0.1557,0.8811
8463-294828-0036,2094,0,-0.0323,0.882
8463-294828-0036,237,0,-0.0954,0.8806
8463-294828-0036,2961,0,0.0691,0.7402
8463-294828-0036,3570,0,-0.0829,0.7514
8463-294828-0036,3575,0,0.0346,0.7311
8463-294828-0036,3729,0,-0.0908,0.8969
8463-294828-0036,4446,0,0.1614,0.8739
8463-294828-0036,4507,0,0.0347,0.8449
8463-294828-0036,4970,0,0.0945,0.7622
8463-294828-0036,4992,0,0.199,0.9545
8463-294828-0036,5142,0,0.0273,0.8785
8463-294828-0036,5683,0,-0.1257,0.8118
8463-294828-0036,6829,0,0.1822,0.8552
8463-294828-0036,8463,1,0.7668,0.974
8463-294828-0036,8555,0,0.0712,0.8489
8555-284447-0002,121,0,-0.0646,0.7246
8555-284447-0002,1221,0,-0.1283,0.825
8555-284447-0002,1284,0,-0.0384,0.7215
8555-284447-0002,1580,0,-0.0883,0.7694
8555-284447-0002,1995,0,-0.2137,0.7803
8555-284447-0002,2094,0,-0.0212,0.7837
8555-284447-0002,237,0,-0.0338,0.8662
8555-284447-0002,2961,0,-0.0366,0.6396
8555-284447-0002,3570,0,0.0648,0.7586
8555-284447-0002,3575,0,0.1718,0.8678
8555-284447-0002,3729,0,-0.1292,0.7774
8555-284447-0002,4446,0,-0.0236,0.7506
8555-284447-0002,4507,0,-0.0293,0.8343
8555-284447-0002,4970,0,0.1907,0.9289
8555-284447-0002,4992,0,-0.0348,0.8067
8555-284447-0002,5142,0,0.1116,0.8607
8555-284447-0002,5683,0,-0.0447,0.8735
8555-284447-0002,6829,0,0.0509,0.8167
8555-284447-0002,8463,0,0.0649,0.803
8555-284447-0002,8555,1,0.527,0.9331
8555-284447-0014,121,0,-0.1323,0.7539
8555-284447-0014,1221,0,0.0215,0.874
8555-284447-0014,1284,0,0.094,0.753
8555-284447-0014,1580,0,0.0371,0.8427
8555-284447-0014,1995,0,-0.1236,0.7623
8555-284447-0014,2094,0,0.0322,0.7862
8555-284447-0014,237,0,0.1074,0.8767
8555-284447-0014,2961,0,-0.0067,0.6512
8555-284447-0014,3570,0,0.1255,0.7914
8555-284447-0014,3575,0,0.1408,0.8696
8555-284447-0014,3729,0,0.0349,0.8143
8555-284447-0014,4446,0,0.0893,0.7944
8555-284447-0014,4507,0,0.0626,0.8927
8555-284447-0014,4970,0,0.2717,0.9155
8555-284447-0014,4992,0,0.1186,0.8306
8555-284447-0014,5142,0,0.2092,0.8603
8555-284447-0014,5683,0,0.0895,0.9171
8555-284447-0014,6829,0,0.2114,0.833
8555-284447-0014,8463,0,0.1181,0.7914
8555-284447-0014,8555,1,0.6915,0.9545
8555-284447-0017,121,0,-0.0947,0.732
8555-284447-0017,1221,0,-0.0763,0.8742
8555-284447-0017,1284,0,-0.0003,0.7491
8555-284447-0017,1580,0,-0.0134,0.8183
8555-284447-0017,1995,0,-0.1596,0.7783
8555-284447-0017,2094,0,0.0795,0.7846
8555-284447-0017,237,0,0.0928,0.8752
8555-284447-0017,2961,0,-0.0632,0.6256
8555-284447-0017,3570,0,0.04,0.7442
8555-284447-0017,3575,0,0.09,0.8298
8555-284447-0017,3729,0,-0.0129,0.8113
8555-284447-0017,4446,0,0.0088,0.802
8555-284447-0017,4507,0,0.0495,0.8761
8555-284447-0017,4970,0,0.2218,0.9216
8555-284447-0017,4992,0,0.0243,0.8468
8555-284447-0017,5142,0,0.2318,0.906
8555-284447-0017,5683,0,0.0504,0.9051
8555-284447-0017,6829,0,0.2962,0.8406
8555-284447-0017,8463,0,0.0573,0.8248
8555-284447-0017,8555,1,0.7433,0.9725
8555-284447-0024,121,0,0.0134,0.7567
8555-284447-0024,1221,0,-0.0748,0.9085
8555-284447-0024,1284,0,-0.0354,0.7301
8555-284447-0024,1580,0,0.0149,0.7789
8555-284447-0024,1995,0,-0.1153,0.791
8555-284447-0024,2094,0,0.0446,0.8156
8555-284447-0024,237,0,0.0957,0.8879
8555-284447-0024,2961,0,-0.0515,0.631
8555-284447-0024,3570,0,-0.0005,0.7223
8555-284447-0024,3575,0,0.109,0.7668
8555-284447-0024,3729,0,0.056,0.8586
8555-284447-0024,4446,0,-0.0902,0.8297
8555-284447-0024,4507,0,0.238,0.8839
8555-284447-0024,4970,0,0.1634,0.8742
8555-284447-0024,4992,0,-0.0046,0.9022
8555-284447-0024,5142,0,0.1135,0.9414
8555-284447-0024,5683,0,0.1414,0.862
8555-284447-0024,6829,0,0.2999,0.8822
8555-284447-0024,8463,0,0.131,0.8797
8555-284447-0024,8555,1,0.5664,0.9416
8555-284449-0004,121,0,-0.0457,0.6848
8555-284449-0004,1221,0,-0.0924,0.8344
8555-284449-0004,1284,0,-0.0061,0.6981
8555-284449-0004,1580,0,-0.0207,0.7472
8555-284449-0004,1995,0,-0.1703,0.7424
8555-284449-0004,2094,0,0.0542,0.7378
8555-284449-0004,237,0,-0.0128,0.8495
8555-284449-0004,2961,0,0.0074,0.6069
8555-284449-0004,3570,0,0.0582,0.7188
8555-284449-0004,3575,0,0.0637,0.8135
8555-284449-0004,3729,0,-0.1426,0.7642
8555-284449-0004,4446,0,-0.0603,0.7513
8555-284449-0004,4507,0,0.0692,0.8268
8555-284449-0004,4970,0,0.1516,0.9309
8555-284449-0004,4992,0,0.031,0.8047
8555-284449-0004,5142,0,0.1055,0.8977
8555-284449-0004,5683,0,-0.0337,0.8612
8555-284449-0004,6829,0,0.1246,0.8116
8555-284449-0004,8463,0,0.1717,0.8027
8555-284449-0004,8555,1,0.5074,0.96
8555-284449-0019,121,0,-0.0658,0.6797
8555-284449-0019,1221,0,-0.0315,0.8566
8555-284449-0019,1284,0,0.0236,0.7299
8555-284449-0019,1580,0,0.0101,0.8027
8555-284449-0019,1995,0,-0.2083,0.7288
8555-284449-0019,2094,0,0.0181,0.7639
8555-284449-0019,237,0,-0.0058,0.8483
8555-284449-0019,2961,0,-0.0927,0.5576
8555-284449-0019,3570,0,0.1081,0.6937
8555-284449-0019,3575,0,0.0461,0.8286
8555-284449-0019,3729,0,-0.0985,0.7709
8555-284449-0019,4446,0,0.0191,0.7824
8555-284449-0019,4507,0,0.0284,0.8479
8555-284449-0019,4970,0,0.2091,0.9254
8555-284449-0019,4992,0,0.0907,0.8134
8555-284449-0019,5142,0,0.1864,0.8895
8555-284449-0019,5683,0,0.003,0.8941
8555-284449-0019,6829,0,0.2219,0.8206
8555-284449-0019,8463,0,0.1238,0.784
8555-284449-0019,8555,1,0.6617,0.9648
8555-284449-0020,121,0,-0.064,0.6656
8555-284449-0020,1221,0,-0.0381,0.8595
8555-284449-0020,1284,0,-0.044,0.712
8555-284449-0020,1580,0,-0.0127,0.7502
8555-284449-0020,1995,0,-0.1378,0.7512
8555-284449-0020,2094,0,0.0666,0.7569
8555-284449-0020,237,0,0.0599,0.837
8555-284449-0020,2961,0,-0.0512,0.5486
8555-284449-0020,3570,0,0.0107,0.6559
8555-284449-0020,3575,0,0.0811,0.771
8555-284449-0020,3729,0,-0.0028,0.7763
8555-284449-0020,4446,0,-0.071,0.7771
8555-284449-0020,4507,0,0.0759,0.8287
8555-284449-0020,4970,0,0.2003,0.9104
8555-284449-0020,4992,0,0.0469,0.8413
8555-284449-0020,5142,0,0.1839,0.9408
8555-284449-0020,5683,0,-0.022,0.8609
8555-284449-0020,6829,0,0.2248,0.8313
8555-284449-0020,8463,0,0.0707,0.8247
8555-284449-0020,8555,1,0.6479,0.9708
8555-292519-0005,121,0,0.0078,0.7395
8555-292519-0005,1221,0,0.07,0.883
8555-292519-0005,1284,0,0.0735,0.7468
8555-292519-0005,1580,0,0.1128,0.8159
8555-292519-0005,1995,0,-0.0833,0.7979
8555-292519-0005,2094,0,0.0862,0.7871
8555-292519-0005,237,0,0.0909,0.9072
8555-292519-0005,2961,0,-0.0931,0.6306
8555-292519-0005,3570,0,0.1041,0.7486
8555-292519-0005,3575,0,0.0645,0.8181
8555-292519-0005,3729,0,-0.1129,0.8048
8555-292519-0005,4446,0,0.1032,0.8049
8555-292519-0005,4507,0,-0.0355,0.8608
8555-292519-0005,4970,0,0.2667,0.8978
8555-292519-0005,4992,0,0.0426,0.8606
8555-292519-0005,5142,0,0.1255,0.9084
8555-292519-0005,5683,0,0.1935,0.8949
8555-292519-0005,6829,0,0.2142,0.8343
8555-292519-0005,8463,0,0.1111,0.839
8555-292519-0005,8555,1,0.5927,0.9728
8555-292519-0007,121,0,-0.0217,0.7567
8555-292519-0007,1221,0,0.0249,0.8955
8555-292519-0007,1284,0,0.0641,0.7852
8555-292519-0007,1580,0,0.1254,0.8448
8555-292519-0007,1995,0,-0.0458,0.8122
8555-292519-0007,2094,0,0.0668,0.8119
8555-292519-0007,237,0,0.1231,0.9312
8555-292519-0007,2961,0,-0.0478,0.6381
8555-292519-0007,3570,0,0.1563,0.7553
8555-292519-0007,3575,0,0.143,0.7971
8555-292519-0007,3729,0,-0.0866,0.8303
8555-292519-0007,4446,0,0.0779,0.836
8555-292519-0007,4507,0,0.0242,0.8653
8555-292519-0007,4970,0,0.1302,0.8719
8555-292519-0007,4992,0,0.0909,0.8796
8555-292519-0007,5142,0,0.0871,0.9045
8555-292519-0007,5683,0,0.2187,0.9026
8555-292519-0007,6829,0,0.1691,0.8332
8555-292519-0007,8463,0,0.0633,0.8475
8555-292519-0007,8555,1,0.6359,0.9523
8555-292519-0013,121,0,0.0098,0.7825
8555-292519-0013,1221,0,0.0924,0.9104
8555-292519-0013,1284,0,0.0436,0.7774
8555-292519-0013,1580,0,0.1187,0.833
8555-292519-0013,1995,0,-0.0096,0.8516
8555-292519-0013,2094,0,0.1385,0.8286
8555-292519-0013,237,0,0.1611,0.9217
8555-292519-0013,2961,0,0.0318,0.6587
8555-292519-0013,3570,0,0.1556,0.7429
8555-292519-0013,3575,0,0.1004,0.7565
8555-292519-0013,3729,0,0.0056,0.8552
8555-292519-0013,4446,0,0.0695,0.8583
8555-292519-0013,4507,0,0.0708,0.8667
8555-292519-0013,4970,0,0.0931,0.8394
8555-292519-0013,4992,0,0.0692,0.9244
8555-292519-0013,5142,0,0.1453,0.9313
8555-292519-0013,5683,0,0.1596,0.8778
8555-292519-0013,6829,0,0.179,0.8468
8555-292519-0013,8463,0,0.1533,0.9032
8555-292519-0013,8555,1,0.52,0.9587
908-157963-0009,1089,0,-0.0684,0.8306
908-157963-0009,1188,0,0.0516,0.8442
908-157963-0009,1320,0,0.085,0.76
908-157963-0009,2300,0,0.037,0.6161
908-157963-0009,260,0,0.0255,0.8834
908-157963-0009,2830,0,-0.0022,0.7625
908-157963-0009,4077,0,0.0871,0.8409
908-157963-0009,5105,0,0.1583,0.8252
908-157963-0009,5639,0,-0.0777,0.8718
908-157963-0009,61,0,0.11,0.9103
908-157963-0009,672,0,0.0749,0.8778
908-157963-0009,6930,0,0.0966,0.7233
908-157963-0009,7021,0,0.1246,0.8002
908-157963-0009,7127,0,-0.022,0.718
908-157963-0009,7176,0,0.2887,0.9034
908-157963-0009,7729,0,0.0808,0.9184
908-157963-0009,8224,0,0.0934,0.7422
908-157963-0009,8230,0,-0.1177,0.8318
908-157963-0009,8455,0,0.0206,0.7127
908-157963-0009,908,1,0.481,0.9284
908-157963-0010,1089,0,-0.019,0.7964
908-157963-0010,1188,0,0.1237,0.8207
908-157963-0010,1320,0,0.0078,0.7553
908-157963-0010,2300,0,-0.095,0.6206
908-157963-0010,260,0,0.001,0.9129
908-157963-0010,2830,0,0.0445,0.7518
908-157963-0010,4077,0,0.0101,0.804
908-157963-0010,5105,0,0.07,0.8163
908-157963-0010,5639,0,-0.0777,0.8187
908-157963-0010,61,0,0.1134,0.944
908-157963-0010,672,0,-0.0326,0.8703
908-157963-0010,6930,0,0.0916,0.7871
908-157963-0010,7021,0,0.053,0.7967
908-157963-0010,7127,0,-0.0614,0.6592
908-157963-0010,7176,0,0.3516,0.9329
908-157963-0010,7729,0,0.1296,0.8553
908-157963-0010,8224,0,0.0422,0.7547
908-157963-0010,8230,0,-0.1187,0.8281
908-157963-0010,8455,0,-0.1303,0.7386
908-157963-0010,908,1,0.624,0.9383
908-157963-0011,1089,0,-0.0382,0.8491
908-157963-0011,1188,0,0.0951,0.8479
908-157963-0011,1320,0,0.0978,0.8169
908-157963-0011,2300,0,-0.0301,0.7124
908-157963-0011,260,0,-0.0442,0.9074
908-157963-0011,2830,0,0.0126,0.7783
908-157963-0011,4077,0,0.0614,0.8174
908-157963-0011,5105,0,0.1449,0.8685
908-157963-0011,5639,0,-0.0601,0.8089
908-157963-0011,61,0,0.2596,0.9596
908-157963-0011,672,0,-0.0156,0.8916
908-157963-0011,6930,0,0.1515,0.8074
908-157963-0011,7021,0,0.0943,0.8622
908-157963-0011,7127,0,-0.0386,0.7208
908-157963-0011,7176,0,0.3738,0.9198
908-157963-0011,7729,0,0.1751,0.8963
908-157963-0011,8224,0,0.1088,0.7633
908-157963-0011,8230,0,-0.1211,0.853
908-157963-0011,8455,0,-0.0618,0.7775
908-157963-0011,908,1,0.6319,0.9572
908-157963-0015,1089,0,-0.0569,0.7652
908-157963-0015,1188,0,0.0242,0.7723
908-157963-0015,1320,0,-0.0063,0.7173
908-157963-0015,2300,0,-0.1168,0.5849
908-157963-0015,260,0,-0.0138,0.8822
908-157963-0015,2830,0,-0.0152,0.7317
908-157963-0015,4077,0,0.0872,0.7695
908-157963-0015,5105,0,0.1764,0.785
908-157963-0015,5639,0,-0.0194,0.8069
908-157963-0015,61,0,0.1506,0.934
908-157963-0015,672,0,-0.0544,0.8419
908-157963-0015,6930,0,0.1416,0.7794
908-157963-0015,7021,0,0.0806,0.7643
908-157963-0015,7127,0,-0.0578,0.622
908-157963-0015,7176,0,0.3639,0.914
908-157963-0015,7729,0,0.1296,0.831
908-157963-0015,8224,0,0.0485,0.7343
908-157963-0015,8230,0,-0.0916,0.8064
908-157963-0015,8455,0,-0.1504,0.6912
908-157963-0015,908,1,0.6656,0.9251
908-157963-0016,1089,0,-0.0952,0.8347
908-157963-0016,1188,0,0.0192,0.8049
908-157963-0016,1320,0,0.0138,0.7839
908-157963-0016,2300,0,-0.0769,0.6853
908-157963-0016,260,0,-0.0932,0.8839
908-157963-0016,2830,0,-0.0167,0.7193
908-157963-0016,4077,0,0.0381,0.7905
908-157963-0016,5105,0,0.1864,0.8286
908-157963-0016,5639,0,-0.0502,0.7995
908-157963-0016,61,0,0.1506,0.9206
908-157963-0016,672,0,-0.0891,0.8854
908-157963-0016,6930,0,0.1176,0.7946
908-157963-0016,7021,0,0.0442,0.8409
908-157963-0016,7127,0,-0.0112,0.6658
908-157963-0016,7176,0,0.261,0.8808
908-157963-0016,7729,0,0.1277,0.8697
908-157963-0016,8224,0,0.0496,0.7495
908-157963-0016,8230,0,-0.0754,0.8183
908-157963-0016,8455,0,-0.1076,0.7637
908-157963-0016,908,1,0.6622,0.9692
908-157963-0023,1089,0,-0.0646,0.7829
908-157963-0023,1188,0,0.0472,0.7958
908-157963-0023,1320,0,0.0312,0.7059
908-157963-0023,2300,0,-0.08,0.5632
908-157963-0023,260,0,-0.044,0.88
908-157963-0023,2830,0,0.0243,0.7459
908-157963-0023,4077,0,0.1122,0.78
908-157963-0023,5105,0,0.1325,0.7664
908-157963-0023,5639,0,-0.0369,0.8432
908-157963-0023,61,0,0.1937,0.9325
908-157963-0023,672,0,-0.0507,0.8438
908-157963-0023,6930,0,0.0846,0.7579
908-157963-0023,7021,0,0.0504,0.7339
908-157963-0023,7127,0,-0.0071,0.6306
908-157963-0023,7176,0,0.3155,0.9023
908-157963-0023,7729,0,0.1475,0.8656
908-157963-0023,8224,0,0.0933,0.7493
908-157963-0023,8230,0,-0.0915,0.8297
908-157963-0023,8455,0,-0.1876,0.6813
908-157963-0023,908,1,0.6186,0.9162
908-157963-0025,1089,0,-0.0922,0.8101
908-157963-0025,1188,0,0.0386,0.8045
908-157963-0025,1320,0,0.0197,0.7459
908-157963-0025,2300,0,-0.0883,0.6307
908-157963-0025,260,0,0.0477,0.8847
908-157963-0025,2830,0,0.0066,0.7277
908-157963-0025,4077,0,0.0469,0.7868
908-157963-0025,5105,0,0.1217,0.7963
908-157963-0025,5639,0,-0.036,0.8265
908-157963-0025,61,0,0.1718,0.9105
908-157963-0025,672,0,-0.0205,0.8695
908-157963-0025,6930,0,0.1654,0.7641
908-157963-0025,7021,0,0.0708,0.798
908-157963-0025,7127,0,-0.0738,0.651
908-157963-0025,7176,0,0.4096,0.8825
908-157963-0025,7729,0,0.1601,0.8732
908-157963-0025,8224,0,0.0544,0.7241
908-157963-0025,8230,0,-0.1349,0.8131
908-157963-0025,8455,0,-0.1411,0.7229
908-157963-0025,908,1,0.6347,0.9521
908-31957-0005,1089,0,-0.0608,0.8474
908-31957-0005,1188,0,0.0349,0.8778
908-31957-0005,1320,0,0.0523,0.817
908-31957-0005,2300,0,-0.1142,0.6868
908-31957-0005,260,0,-0.0241,0.9
908-31957-0005,2830,0,0.0775,0.8271
908-31957-0005,4077,0,0.0069,0.7916
908-31957-0005,5105,0,0.1805,0.8526
908-31957-0005,5639,0,-0.0291,0.7866
908-31957-0005,61,0,0.1683,0.9001
908-31957-0005,672,0,-0.098,0.8675
908-31957-0005,6930,0,0.08,0.7473
908-31957-0005,7021,0,0.0603,0.8516
908-31957-0005,7127,0,0.026,0.7585
908-31957-0005,7176,0,0.2504,0.8729
908-31957-0005,7729,0,0.0429,0.9084
908-31957-0005,8224,0,0.0602,0.6533
908-31957-0005,8230,0,-0.0484,0.8427
908-31957-0005,8455,0,-0.0291,0.7372
908-31957-0005,908,1,0.6799,0.9311
908-31957-0022,1089,0,-0.0591,0.8142
908-31957-0022,1188,0,-0.0296,0.7881
908-31957-0022,1320,0,0.0689,0.7736
908-31957-0022,2300,0,-0.0771,0.6683
908-31957-0022,260,0,-0.0095,0.8727
908-31957-0022,2830,0,-0.0264,0.7134
908-31957-0022,4077,0,0.0144,0.8034
908-31957-0022,5105,0,0.1746,0.8272
908-31957-0022,5639,0,-0.0315,0.8375
908-31957-0022,61,0,0.1268,0.8876
908-31957-0022,672,0,0.0005,0.8797
908-31957-0022,6930,0,0.141,0.7496
908-31957-0022,7021,0,0.1694,0.8305
908-31957-0022,7127,0,-0.0329,0.6817
908-31957-0022,7176,0,0.2784,0.8515
908-31957-0022,7729,0,0.0792,0.8709
908-31957-0022,8224,0,0.0709,0.7407
908-31957-0022,8230,0,-0.1088,0.7808
908-31957-0022,8455,0,-0.1004,0.7215
908-31957-0022,908,1,0.7515,0.9563
908-31957-0024,1089,0,-0.1394,0.7849
908-31957-0024,1188,0,0.0419,0.7878
908-31957-0024,1320,0,0.0948,0.731
908-31957-0024,2300,0,-0.1037,0.5842
908-31957-0024,260,0,0.0805,0.8793
908-31957-0024,2830,0,-0.0069,0.7091
908-31957-0024,4077,0,0.0011,0.7389
908-31957-0024,5105,0,0.2446,0.7729
908-31957-0024,5639,0,-0.0804,0.8168
908-31957-0024,61,0,0.0755,0.8692
908-31957-0024,672,0,-0.0472,0.8764
908-31957-0024,6930,0,0.1078,0.7688
908-31957-0024,7021,0,0.1369,0.7658
908-31957-0024,7127,0,-0.0355,0.601
908-31957-0024,7176,0,0.2428,0.8412
908-31957-0024,7729,0,0.0783,0.7888
908-31957-0024,8224,0,0.0995,0.7685
908-31957-0024,8230,0,-0.1555,0.7855
908-31957-0024,8455,0,-0.0824,0.7185
908-31957-0024,908,1,0.746,0.9321
