trial,model_spk,target,ecapa,wavlm
1089-134686-0006,1089,1,0.107,0.6787
1089-134686-0006,1188,0,0.0467,0.6857
1089-134686-0006,1320,0,0.0767,0.6109
1089-134686-0006,2300,0,0.15,0.5617
1089-134686-0006,260,0,0.0989,0.7266
1089-134686-0006,2830,0,-0.041,0.6405
1089-134686-0006,4077,0,0.2252,0.6622
1089-134686-0006,5105,0,0.1387,0.684
1089-134686-0006,5639,0,0.0368,0.7258
1089-134686-0006,61,0,0.1038,0.8004
1089-134686-0006,672,0,-0.0214,0.723
1089-134686-0006,6930,0,0.0836,0.5674
1089-134686-0006,7021,0,0.143,0.6955
1089-134686-0006,7127,0,0.0876,0.5626
1089-134686-0006,7176,0,0.1445,0.7433
1089-134686-0006,7729,0,0.1059,0.8014
1089-134686-0006,8224,0,0.0746,0.6275
1089-134686-0006,8230,0,0.0053,0.6936
1089-134686-0006,8455,0,0.0925,0.5236
1089-134686-0006,908,0,0.0818,0.8179
1089-134686-0007,1089,1,0.0996,0.7355
1089-134686-0007,1188,0,0.0298,0.7048
1089-134686-0007,1320,0,0.0871,0.7342
1089-134686-0007,2300,0,0.1133,0.768
1089-134686-0007,260,0,0.0935,0.7587
1089-134686-0007,2830,0,-0.0351,0.5928
1089-134686-0007,4077,0,0.2109,0.7666
1089-134686-0007,5105,0,0.0666,0.7638
1089-134686-0007,5639,0,0.0752,0.7202
1089-134686-0007,61,0,0.0953,0.7673
1089-134686-0007,672,0,0.058,0.7886
1089-134686-0007,6930,0,0.1143,0.6426
1089-134686-0007,7021,0,0.1033,0.8078
1089-134686-0007,7127,0,0.0625,0.6535
1089-134686-0007,7176,0,0.1809,0.7143
1089-134686-0007,7729,0,0.1285,0.8297
1089-134686-0007,8224,0,0.0676,0.7049
1089-134686-0007,8230,0,-0.0185,0.6357
1089-134686-0007,8455,0,0.0362,0.6908
1089-134686-0007,908,0,0.1818,0.8663
1089-134686-0010,1089,1,0.0617,0.6647
1089-134686-0010,1188,0,0.0608,0.6632
1089-134686-0010,1320,0,0.0933,0.6268
1089-134686-0010,2300,0,0.1984,0.6482
1089-134686-0010,260,0,0.0315,0.6854
1089-134686-0010,2830,0,0.0005,0.6068
1089-134686-0010,4077,0,0.1485,0.6315
1089-134686-0010,5105,0,0.0152,0.6939
1089-134686-0010,5639,0,0.0077,0.6621
1089-134686-0010,61,0,0.067,0.7582
1089-134686-0010,672,0,-0.0027,0.6904
1089-134686-0010,6930,0,0.0468,0.5407
1089-134686-0010,7021,0,0.0893,0.7376
1089-134686-0010,7127,0,0.1029,0.5684
1089-134686-0010,7176,0,0.0859,0.6692
1089-134686-0010,7729,0,0.0488,0.7993
1089-134686-0010,8224,0,0.0251,0.5896
1089-134686-0010,8230,0,-0.0308,0.6402
1089-134686-0010,8455,0,0.0389,0.5261
1089-134686-0010,908,0,0.0272,0.8006
1089-134686-0012,1089,1,0.0492,0.7149
1089-134686-0012,1188,0,0.0227,0.7231
1089-134686-0012,1320,0,0.1236,0.6865
1089-134686-0012,2300,0,0.095,0.6728
1089-134686-0012,260,0,0.1859,0.7611
1089-134686-0012,2830,0,0.0137,0.6738
1089-134686-0012,4077,0,0.1943,0.7125
1089-134686-0012,5105,0,0.1574,0.748
1089-134686-0012,5639,0,0.011,0.7089
1089-134686-0012,61,0,0.1045,0.8194
1089-134686-0012,672,0,0.0683,0.7481
1089-134686-0012,6930,0,0.1244,0.6009
1089-134686-0012,7021,0,0.1232,0.7711
1089-134686-0012,7127,0,0.066,0.6417
1089-134686-0012,7176,0,0.1013,0.7507
1089-134686-0012,7729,0,0.1055,0.8373
1089-134686-0012,8224,0,0.0538,0.619
1089-134686-0012,8230,0,-0.0401,0.6997
1089-134686-0012,8455,0,0.064,0.592
1089-134686-0012,908,0,0.0802,0.8372
1089-134686-0021,1089,1,0.0222,0.6906
1089-134686-0021,1188,0,-0.003,0.7058
1089-134686-0021,1320,0,0.1005,0.6556
1089-134686-0021,2300,0,0.1015,0.6238
1089-134686-0021,260,0,0.1158,0.7337
1089-134686-0021,2830,0,-0.0474,0.6757
1089-134686-0021,4077,0,0.1071,0.6567
1089-134686-0021,5105,0,0.0729,0.7384
1089-134686-0021,5639,0,0.0314,0.7017
1089-134686-0021,61,0,0.1472,0.8057
1089-134686-0021,672,0,0.0431,0.7184
1089-134686-0021,6930,0,0.1292,0.5887
1089-134686-0021,7021,0,0.0864,0.7581
1089-134686-0021,7127,0,0.0503,0.6101
1089-134686-0021,7176,0,0.1327,0.7296
1089-134686-0021,7729,0,0.1607,0.8198
1089-134686-0021,8224,0,0.04,0.6058
1089-134686-0021,8230,0,-0.0278,0.6951
1089-134686-0021,8455,0,-0.0,0.5406
1089-134686-0021,908,0,0.1142,0.8228
1089-134686-0026,1089,1,0.037,0.7075
1089-134686-0026,1188,0,0.0353,0.7091
1089-134686-0026,1320,0,0.0142,0.6725
1089-134686-0026,2300,0,0.0797,0.6966
1089-134686-0026,260,0,0.0899,0.7483
1089-134686-0026,2830,0,-0.0243,0.6333
1089-134686-0026,4077,0,0.1432,0.6964
1089-134686-0026,5105,0,0.0481,0.7301
1089-134686-0026,5639,0,0.0134,0.6853
1089-134686-0026,61,0,0.0473,0.8078
1089-134686-0026,672,0,0.0029,0.737
1089-134686-0026,6930,0,0.0134,0.5955
1089-134686-0026,7021,0,0.0864,0.7766
1089-134686-0026,7127,0,0.0745,0.606
1089-134686-0026,7176,0,0.1442,0.7335
1089-134686-0026,7729,0,0.1025,0.8342
1089-134686-0026,8224,0,0.0537,0.6213
1089-134686-0026,8230,0,-0.0294,0.6745
1089-134686-0026,8455,0,0.0526,0.5954
1089-134686-0026,908,0,0.0998,0.8488
1089-134686-0031,1089,1,0.066,0.6655
1089-134686-0031,1188,0,0.0446,0.6781
1089-134686-0031,1320,0,0.0435,0.5916
1089-134686-0031,2300,0,0.1066,0.5397
1089-134686-0031,260,0,0.0419,0.7096
1089-134686-0031,2830,0,-0.0461,0.6377
1089-134686-0031,4077,0,0.1723,0.6049
1089-134686-0031,5105,0,0.1336,0.6749
1089-134686-0031,5639,0,0.0546,0.6971
1089-134686-0031,61,0,0.1044,0.7897
1089-134686-0031,672,0,0.005,0.7092
1089-134686-0031,6930,0,-0.0273,0.5596
1089-134686-0031,7021,0,0.1343,0.6945
1089-134686-0031,7127,0,0.1032,0.5234
1089-134686-0031,7176,0,0.1141,0.7225
1089-134686-0031,7729,0,0.1575,0.7566
1089-134686-0031,8224,0,0.0179,0.6326
1089-134686-0031,8230,0,0.0452,0.6914
1089-134686-0031,8455,0,0.0473,0.4968
1089-134686-0031,908,0,0.0434,0.8062
1089-134691-0002,1089,1,0.0504,0.7153
1089-134691-0002,1188,0,-0.0081,0.7149
1089-134691-0002,1320,0,0.0429,0.6513
1089-134691-0002,2300,0,0.1177,0.6274
1089-134691-0002,260,0,0.0806,0.7695
1089-134691-0002,2830,0,-0.0438,0.6561
1089-134691-0002,4077,0,0.2106,0.724
1089-134691-0002,5105,0,0.0622,0.7175
1089-134691-0002,5639,0,0.0366,0.7338
1089-134691-0002,61,0,0.058,0.8387
1089-134691-0002,672,0,0.0011,0.7481
1089-134691-0002,6930,0,0.1302,0.5959
1089-134691-0002,7021,0,0.0696,0.7357
1089-134691-0002,7127,0,0.0368,0.6076
1089-134691-0002,7176,0,0.1102,0.7768
1089-134691-0002,7729,0,0.051,0.8482
1089-134691-0002,8224,0,0.0042,0.6214
1089-134691-0002,8230,0,-0.0843,0.717
1089-134691-0002,8455,0,0.0844,0.5766
1089-134691-0002,908,0,0.1236,0.8487
1089-134691-0008,1089,1,0.0303,0.7022
1089-134691-0008,1188,0,0.0071,0.7088
1089-134691-0008,1320,0,0.0988,0.6537
1089-134691-0008,2300,0,0.1185,0.641
1089-134691-0008,260,0,0.139,0.7404
1089-134691-0008,2830,0,-0.0245,0.656
1089-134691-0008,4077,0,0.1744,0.6879
1089-134691-0008,5105,0,0.0929,0.7257
1089-134691-0008,5639,0,-0.0123,0.7158
1089-134691-0008,61,0,0.0633,0.8106
1089-134691-0008,672,0,0.037,0.7322
1089-134691-0008,6930,0,0.1231,0.5789
1089-134691-0008,7021,0,0.0709,0.7497
1089-134691-0008,7127,0,0.061,0.6082
1089-134691-0008,7176,0,0.0804,0.7396
1089-134691-0008,7729,0,0.0884,0.838
1089-134691-0008,8224,0,0.0647,0.6222
1089-134691-0008,8230,0,-0.0695,0.6951
1089-134691-0008,8455,0,0.0773,0.5564
1089-134691-0008,908,0,0.0328,0.833
1089-134691-0022,1089,1,0.1147,0.7541
1089-134691-0022,1188,0,-0.0152,0.7505
1089-134691-0022,1320,0,0.0899,0.7332
1089-134691-0022,2300,0,0.1041,0.7307
1089-134691-0022,260,0,0.1484,0.7955
1089-134691-0022,2830,0,-0.0822,0.6915
1089-134691-0022,4077,0,0.2715,0.7585
1089-134691-0022,5105,0,0.0743,0.7863
1089-134691-0022,5639,0,0.0271,0.7173
1089-134691-0022,61,0,0.1174,0.8461
1089-134691-0022,672,0,0.0363,0.7798
1089-134691-0022,6930,0,0.1988,0.6522
1089-134691-0022,7021,0,0.1272,0.8118
1089-134691-0022,7127,0,0.0468,0.6795
1089-134691-0022,7176,0,0.1649,0.7953
1089-134691-0022,7729,0,0.1428,0.8625
1089-134691-0022,8224,0,0.0729,0.6382
1089-134691-0022,8230,0,-0.0076,0.7257
1089-134691-0022,8455,0,0.0769,0.6534
1089-134691-0022,908,0,0.0953,0.8665
1188-133604-0003,1089,0,-0.0056,0.6076
1188-133604-0003,1188,1,0.0641,0.7054
1188-133604-0003,1320,0,0.0926,0.5941
1188-133604-0003,2300,0,0.1023,0.5813
1188-133604-0003,260,0,0.1138,0.7265
1188-133604-0003,2830,0,0.0493,0.6767
1188-133604-0003,4077,0,0.034,0.5982
1188-133604-0003,5105,0,-0.0441,0.6369
1188-133604-0003,5639,0,0.0238,0.6444
1188-133604-0003,61,0,-0.0118,0.7579
1188-133604-0003,672,0,0.1634,0.6493
1188-133604-0003,6930,0,0.1155,0.5705
1188-133604-0003,7021,0,0.0157,0.6541
1188-133604-0003,7127,0,0.0792,0.54
1188-133604-0003,7176,0,0.0385,0.6959
1188-133604-0003,7729,0,0.0422,0.7646
1188-133604-0003,8224,0,0.0813,0.5626
1188-133604-0003,8230,0,-0.0677,0.6536
1188-133604-0003,8455,0,0.0086,0.5386
1188-133604-0003,908,0,0.0836,0.7376
1188-133604-0004,1089,0,0.0548,0.5956
1188-133604-0004,1188,1,0.0085,0.6973
1188-133604-0004,1320,0,0.0779,0.5861
1188-133604-0004,2300,0,0.0541,0.5308
1188-133604-0004,260,0,0.1175,0.7308
1188-133604-0004,2830,0,0.0367,0.683
1188-133604-0004,4077,0,0.0996,0.5886
1188-133604-0004,5105,0,0.0701,0.6385
1188-133604-0004,5639,0,0.1087,0.6458
1188-133604-0004,61,0,0.011,0.769
1188-133604-0004,672,0,0.1821,0.6656
1188-133604-0004,6930,0,0.1337,0.5874
1188-133604-0004,7021,0,0.113,0.633
1188-133604-0004,7127,0,0.071,0.5221
1188-133604-0004,7176,0,0.0998,0.7235
1188-133604-0004,7729,0,0.0743,0.7152
1188-133604-0004,8224,0,0.0645,0.5989
1188-133604-0004,8230,0,-0.0071,0.6636
1188-133604-0004,8455,0,0.0632,0.5334
1188-133604-0004,908,0,0.0711,0.7272
1188-133604-0007,1089,0,-0.0175,0.5444
1188-133604-0007,1188,1,0.0431,0.6382
1188-133604-0007,1320,0,0.0565,0.5105
1188-133604-0007,2300,0,0.0632,0.4164
1188-133604-0007,260,0,0.0633,0.6765
1188-133604-0007,2830,0,0.0365,0.6696
1188-133604-0007,4077,0,0.0694,0.4969
1188-133604-0007,5105,0,0.0023,0.5733
1188-133604-0007,5639,0,0.0201,0.6027
1188-133604-0007,61,0,0.0457,0.7353
1188-133604-0007,672,0,0.1361,0.5989
1188-133604-0007,6930,0,0.0855,0.5438
1188-133604-0007,7021,0,0.0748,0.5624
1188-133604-0007,7127,0,0.0545,0.4538
1188-133604-0007,7176,0,0.0972,0.6976
1188-133604-0007,7729,0,0.0936,0.6492
1188-133604-0007,8224,0,0.0989,0.5065
1188-133604-0007,8230,0,-0.0276,0.6547
1188-133604-0007,8455,0,-0.006,0.4321
1188-133604-0007,908,0,0.0481,0.6808
1188-133604-0012,1089,0,-0.0287,0.5945
1188-133604-0012,1188,1,0.0197,0.7094
1188-133604-0012,1320,0,0.0484,0.5945
1188-133604-0012,2300,0,0.1169,0.5609
1188-133604-0012,260,0,0.012,0.7352
1188-133604-0012,2830,0,0.0155,0.6955
1188-133604-0012,4077,0,0.0659,0.6012
1188-133604-0012,5105,0,-0.0154,0.6542
1188-133604-0012,5639,0,0.0226,0.6369
1188-133604-0012,61,0,-0.0063,0.7778
1188-133604-0012,672,0,0.1261,0.6391
1188-133604-0012,6930,0,0.0484,0.5689
1188-133604-0012,7021,0,0.0916,0.6598
1188-133604-0012,7127,0,0.0537,0.55
1188-133604-0012,7176,0,0.0891,0.735
1188-133604-0012,7729,0,0.0971,0.7548
1188-133604-0012,8224,0,0.0622,0.5579
1188-133604-0012,8230,0,-0.0426,0.6633
1188-133604-0012,8455,0,0.0119,0.5221
1188-133604-0012,908,0,0.0645,0.7333
1188-133604-0014,1089,0,0.016,0.6225
1188-133604-0014,1188,1,0.0631,0.7471
1188-133604-0014,1320,0,-0.0061,0.6084
1188-133604-0014,2300,0,0.0524,0.5413
1188-133604-0014,260,0,0.0099,0.7711
1188-133604-0014,2830,0,0.0185,0.7234
1188-133604-0014,4077,0,0.1014,0.6358
1188-133604-0014,5105,0,-0.036,0.6638
1188-133604-0014,5639,0,0.068,0.7045
1188-133604-0014,61,0,0.0003,0.7833
1188-133604-0014,672,0,0.0854,0.6755
1188-133604-0014,6930,0,0.0021,0.5859
1188-133604-0014,7021,0,0.0454,0.6564
1188-133604-0014,7127,0,0.1032,0.5697
1188-133604-0014,7176,0,0.0844,0.7352
1188-133604-0014,7729,0,0.0531,0.7821
1188-133604-0014,8224,0,-0.0069,0.5884
1188-133604-0014,8230,0,-0.0387,0.6839
1188-133604-0014,8455,0,0.0211,0.5452
1188-133604-0014,908,0,0.0666,0.7499
1188-133604-0018,1089,0,0.0338,0.5989
1188-133604-0018,1188,1,0.071,0.697
1188-133604-0018,1320,0,0.089,0.5817
1188-133604-0018,2300,0,0.1287,0.5301
1188-133604-0018,260,0,0.1225,0.7224
1188-133604-0018,2830,0,0.0759,0.6959
1188-133604-0018,4077,0,0.0839,0.5909
1188-133604-0018,5105,0,0.0187,0.6415
1188-133604-0018,5639,0,0.051,0.6324
1188-133604-0018,61,0,0.0281,0.7743
1188-133604-0018,672,0,0.1176,0.6361
1188-133604-0018,6930,0,0.094,0.5503
1188-133604-0018,7021,0,0.1067,0.6456
1188-133604-0018,7127,0,0.0903,0.5437
1188-133604-0018,7176,0,0.0948,0.7358
1188-133604-0018,7729,0,0.08,0.7391
1188-133604-0018,8224,0,0.0887,0.5239
1188-133604-0018,8230,0,-0.0035,0.6746
1188-133604-0018,8455,0,0.0349,0.4979
1188-133604-0018,908,0,0.0381,0.7265
1188-133604-0025,1089,0,0.0172,0.6311
1188-133604-0025,1188,1,-0.0188,0.7091
1188-133604-0025,1320,0,0.0823,0.6121
1188-133604-0025,2300,0,0.1568,0.6034
1188-133604-0025,260,0,0.0441,0.72
1188-133604-0025,2830,0,-0.0355,0.6769
1188-133604-0025,4077,0,0.0618,0.6054
1188-133604-0025,5105,0,0.0014,0.666
1188-133604-0025,5639,0,0.0923,0.6534
1188-133604-0025,61,0,0.0497,0.7672
1188-133604-0025,672,0,0.1403,0.6658
1188-133604-0025,6930,0,0.0821,0.5684
1188-133604-0025,7021,0,0.083,0.6879
1188-133604-0025,7127,0,0.0786,0.5584
1188-133604-0025,7176,0,0.0774,0.6975
1188-133604-0025,7729,0,0.1247,0.7814
1188-133604-0025,8224,0,0.0945,0.58
1188-133604-0025,8230,0,-0.0098,0.6631
1188-133604-0025,8455,0,-0.0132,0.5362
1188-133604-0025,908,0,0.0389,0.7593
1188-133604-0032,1089,0,-0.0349,0.6347
1188-133604-0032,1188,1,0.0111,0.7348
1188-133604-0032,1320,0,0.0316,0.6208
1188-133604-0032,2300,0,0.111,0.6017
1188-133604-0032,260,0,0.0922,0.7611
1188-133604-0032,2830,0,-0.0248,0.706
1188-133604-0032,4077,0,0.0863,0.6357
1188-133604-0032,5105,0,-0.0327,0.6665
1188-133604-0032,5639,0,0.0508,0.6609
1188-133604-0032,61,0,-0.0188,0.7972
1188-133604-0032,672,0,0.1413,0.6728
1188-133604-0032,6930,0,0.1086,0.6023
1188-133604-0032,7021,0,0.0449,0.6813
1188-133604-0032,7127,0,0.0287,0.5706
1188-133604-0032,7176,0,0.0634,0.7467
1188-133604-0032,7729,0,0.0831,0.7886
1188-133604-0032,8224,0,0.074,0.5757
1188-133604-0032,8230,0,-0.076,0.69
1188-133604-0032,8455,0,0.0311,0.5683
1188-133604-0032,908,0,0.013,0.7619
1188-133604-0033,1089,0,-0.0527,0.6498
1188-133604-0033,1188,1,0.0174,0.7458
1188-133604-0033,1320,0,0.0661,0.6502
1188-133604-0033,2300,0,0.0847,0.5809
1188-133604-0033,260,0,0.0261,0.7607
1188-133604-0033,2830,0,0.0556,0.7433
1188-133604-0033,4077,0,0.0427,0.6266
1188-133604-0033,5105,0,-0.0212,0.7165
1188-133604-0033,5639,0,0.0379,0.7033
1188-133604-0033,61,0,0.0351,0.7921
1188-133604-0033,672,0,0.1423,0.7049
1188-133604-0033,6930,0,0.0491,0.6365
1188-133604-0033,7021,0,0.078,0.7018
1188-133604-0033,7127,0,0.0399,0.5989
1188-133604-0033,7176,0,0.0817,0.7282
1188-133604-0033,7729,0,0.1571,0.7921
1188-133604-0033,8224,0,0.1008,0.6406
1188-133604-0033,8230,0,-0.0357,0.6982
1188-133604-0033,8455,0,-0.0556,0.5616
1188-133604-0033,908,0,0.0794,0.7791
1188-133604-0043,1089,0,-0.0143,0.6736
1188-133604-0043,1188,1,0.064,0.7546
1188-133604-0043,1320,0,0.0789,0.6575
1188-133604-0043,2300,0,0.0758,0.6177
1188-133604-0043,260,0,0.0799,0.7623
1188-133604-0043,2830,0,0.0533,0.7392
1188-133604-0043,4077,0,-0.0133,0.6365
1188-133604-0043,5105,0,-0.029,0.7197
1188-133604-0043,5639,0,0.0186,0.6971
1188-133604-0043,61,0,0.0245,0.8044
1188-133604-0043,672,0,0.0898,0.7032
1188-133604-0043,6930,0,0.0464,0.623
1188-133604-0043,7021,0,0.0913,0.7262
1188-133604-0043,7127,0,0.0291,0.6058
1188-133604-0043,7176,0,0.1195,0.7338
1188-133604-0043,7729,0,0.1559,0.8134
1188-133604-0043,8224,0,0.0922,0.6099
1188-133604-0043,8230,0,-0.0029,0.716
1188-133604-0043,8455,0,-0.0667,0.5708
1188-133604-0043,908,0,0.0099,0.7853
121-121726-0002,121,1,0.1333,0.8129
121-121726-0002,1221,0,-0.0078,0.7783
121-121726-0002,1284,0,-0.0551,0.631
121-121726-0002,1580,0,-0.1498,0.6935
121-121726-0002,1995,0,-0.0128,0.7057
121-121726-0002,2094,0,-0.0443,0.7444
121-121726-0002,237,0,0.0317,0.7767
121-121726-0002,2961,0,0.0154,0.7489
121-121726-0002,3570,0,-0.0334,0.8614
121-121726-0002,3575,0,-0.0411,0.8319
121-121726-0002,3729,0,-0.0832,0.8122
121-121726-0002,4446,0,0.0917,0.6985
121-121726-0002,4507,0,-0.1917,0.8353
121-121726-0002,4970,0,0.0049,0.7962
121-121726-0002,4992,0,-0.0143,0.76
121-121726-0002,5142,0,-0.0314,0.6935
121-121726-0002,5683,0,-0.0124,0.7397
121-121726-0002,6829,0,0.0018,0.7848
121-121726-0002,8463,0,0.1376,0.7643
121-121726-0002,8555,0,-0.0187,0.745
121-121726-0004,121,1,0.2081,0.8426
121-121726-0004,1221,0,0.1445,0.8039
121-121726-0004,1284,0,0.0016,0.7443
121-121726-0004,1580,0,-0.0216,0.7498
121-121726-0004,1995,0,-0.002,0.807
121-121726-0004,2094,0,0.0626,0.8218
121-121726-0004,237,0,0.1232,0.838
121-121726-0004,2961,0,0.1684,0.7647
121-121726-0004,3570,0,0.0625,0.8201
121-121726-0004,3575,0,-0.0321,0.6838
121-121726-0004,3729,0,0.0297,0.8373
121-121726-0004,4446,0,0.1116,0.799
121-121726-0004,4507,0,0.0268,0.8049
121-121726-0004,4970,0,0.0808,0.6613
121-121726-0004,4992,0,0.0565,0.8364
121-121726-0004,5142,0,0.0214,0.7165
121-121726-0004,5683,0,0.0078,0.6902
121-121726-0004,6829,0,0.1265,0.7735
121-121726-0004,8463,0,0.1024,0.8305
121-121726-0004,8555,0,-0.0103,0.6949
121-121726-0007,121,1,0.2552,0.831
121-121726-0007,1221,0,0.0619,0.8116
121-121726-0007,1284,0,-0.1177,0.7211
121-121726-0007,1580,0,-0.0874,0.7269
121-121726-0007,1995,0,-0.0273,0.7669
121-121726-0007,2094,0,0.0669,0.7957
121-121726-0007,237,0,0.0542,0.8146
121-121726-0007,2961,0,-0.0038,0.7601
121-121726-0007,3570,0,0.0599,0.8361
121-121726-0007,3575,0,-0.055,0.7378
121-121726-0007,3729,0,-0.0252,0.8471
121-121726-0007,4446,0,-0.0096,0.7805
121-121726-0007,4507,0,-0.1959,0.8192
121-121726-0007,4970,0,0.0981,0.7382
121-121726-0007,4992,0,-0.0502,0.8203
121-121726-0007,5142,0,-0.0019,0.7311
121-121726-0007,5683,0,-0.0605,0.7184
121-121726-0007,6829,0,0.1311,0.7915
121-121726-0007,8463,0,0.0133,0.8357
121-121726-0007,8555,0,-0.0021,0.723
121-121726-0010,121,1,0.2269,0.8357
121-121726-0010,1221,0,0.1071,0.8285
121-121726-0010,1284,0,-0.063,0.7196
121-121726-0010,1580,0,-0.0408,0.7405
121-121726-0010,1995,0,-0.0709,0.7824
121-121726-0010,2094,0,0.0082,0.8268
121-121726-0010,237,0,0.0958,0.825
121-121726-0010,2961,0,-0.0013,0.7625
121-121726-0010,3570,0,0.0357,0.8292
121-121726-0010,3575,0,-0.0126,0.7533
121-121726-0010,3729,0,-0.0195,0.8565
121-121726-0010,4446,0,0.0427,0.793
121-121726-0010,4507,0,-0.1434,0.8398
121-121726-0010,4970,0,0.0973,0.7567
121-121726-0010,4992,0,0.0319,0.8467
121-121726-0010,5142,0,-0.0141,0.766
121-121726-0010,5683,0,-0.0308,0.7388
121-121726-0010,6829,0,0.1594,0.8225
121-121726-0010,8463,0,0.0491,0.8581
121-121726-0010,8555,0,-0.0312,0.757
121-121726-0012,121,1,0.1767,0.9096
121-121726-0012,1221,0,0.118,0.8983
121-121726-0012,1284,0,0.0175,0.8244
121-121726-0012,1580,0,-0.0901,0.8536
121-121726-0012,1995,0,-0.0623,0.8893
121-121726-0012,2094,0,0.0843,0.9002
121-121726-0012,237,0,0.0186,0.8957
121-121726-0012,2961,0,-0.049,0.789
121-121726-0012,3570,0,0.0158,0.8169
121-121726-0012,3575,0,-0.0969,0.7409
121-121726-0012,3729,0,-0.0406,0.9255
121-121726-0012,4446,0,0.1109,0.8963
121-121726-0012,4507,0,-0.1835,0.8703
121-121726-0012,4970,0,0.0288,0.7338
121-121726-0012,4992,0,0.0202,0.9499
121-121726-0012,5142,0,-0.0822,0.8359
121-121726-0012,5683,0,-0.1229,0.8281
121-121726-0012,6829,0,0.0878,0.8393
121-121726-0012,8463,0,0.0565,0.9486
121-121726-0012,8555,0,-0.048,0.8223
121-127105-0003,121,1,0.2481,0.8661
121-127105-0003,1221,0,0.0812,0.8473
121-127105-0003,1284,0,-0.1013,0.7758
121-127105-0003,1580,0,-0.138,0.7989
121-127105-0003,1995,0,-0.0915,0.87
121-127105-0003,2094,0,0.0652,0.8824
121-127105-0003,237,0,-0.0311,0.8781
121-127105-0003,2961,0,0.0217,0.763
121-127105-0003,3570,0,-0.042,0.8174
121-127105-0003,3575,0,-0.0357,0.7672
121-127105-0003,3729,0,-0.067,0.8709
121-127105-0003,4446,0,-0.059,0.8307
121-127105-0003,4507,0,-0.2222,0.8375
121-127105-0003,4970,0,0.0193,0.7396
121-127105-0003,4992,0,0.0012,0.8989
121-127105-0003,5142,0,0.0267,0.7981
121-127105-0003,5683,0,-0.0525,0.7944
121-127105-0003,6829,0,0.151,0.8154
121-127105-0003,8463,0,0.0413,0.8883
121-127105-0003,8555,0,0.0175,0.805
121-127105-0006,121,1,0.3105,0.8607
121-127105-0006,1221,0,0.0121,0.8097
121-127105-0006,1284,0,-0.069,0.7383
121-127105-0006,1580,0,-0.1825,0.7318
121-127105-0006,1995,0,0.0524,0.8153
121-127105-0006,2094,0,0.1531,0.848
121-127105-0006,237,0,-0.0016,0.8307
121-127105-0006,2961,0,0.0684,0.7814
121-127105-0006,3570,0,0.1364,0.8162
121-127105-0006,3575,0,-0.0149,0.6897
121-127105-0006,3729,0,0.0748,0.8706
121-127105-0006,4446,0,-0.0419,0.8077
121-127105-0006,4507,0,-0.1669,0.8041
121-127105-0006,4970,0,-0.0829,0.6638
121-127105-0006,4992,0,-0.046,0.8608
121-127105-0006,5142,0,-0.0743,0.7277
121-127105-0006,5683,0,-0.1599,0.7081
121-127105-0006,6829,0,0.0824,0.7957
121-127105-0006,8463,0,-0.0579,0.8623
121-127105-0006,8555,0,-0.06,0.6908
121-127105-0020,121,1,0.2931,0.8329
121-127105-0020,1221,0,0.0797,0.827
121-127105-0020,1284,0,-0.1103,0.7302
121-127105-0020,1580,0,-0.1714,0.7501
121-127105-0020,1995,0,-0.1086,0.7829
121-127105-0020,2094,0,-0.0099,0.8353
121-127105-0020,237,0,0.0179,0.8369
121-127105-0020,2961,0,-0.0219,0.7424
121-127105-0020,3570,0,-0.0355,0.8213
121-127105-0020,3575,0,-0.0888,0.7623
121-127105-0020,3729,0,-0.0083,0.8587
121-127105-0020,4446,0,-0.0364,0.7993
121-127105-0020,4507,0,-0.1978,0.8303
121-127105-0020,4970,0,-0.0233,0.7508
121-127105-0020,4992,0,0.0085,0.8454
121-127105-0020,5142,0,0.0019,0.7462
121-127105-0020,5683,0,-0.0903,0.7511
121-127105-0020,6829,0,0.1364,0.8198
121-127105-0020,8463,0,0.0545,0.8461
121-127105-0020,8555,0,-0.0324,0.7389
121-127105-0023,121,1,0.221,0.8204
121-127105-0023,1221,0,0.0733,0.8486
121-127105-0023,1284,0,-0.1133,0.7457
121-127105-0023,1580,0,-0.123,0.7518
121-127105-0023,1995,0,-0.0473,0.7979
121-127105-0023,2094,0,0.0468,0.8438
121-127105-0023,237,0,0.0176,0.8346
121-127105-0023,2961,0,0.0222,0.7212
121-127105-0023,3570,0,0.0347,0.7795
121-127105-0023,3575,0,-0.0971,0.71
121-127105-0023,3729,0,-0.0166,0.8683
121-127105-0023,4446,0,-0.0425,0.8301
121-127105-0023,4507,0,-0.1406,0.8393
121-127105-0023,4970,0,0.0503,0.7475
121-127105-0023,4992,0,0.0131,0.8813
121-127105-0023,5142,0,0.0393,0.8178
121-127105-0023,5683,0,-0.1016,0.7488
121-127105-0023,6829,0,0.1071,0.8343
121-127105-0023,8463,0,0.0743,0.8859
121-127105-0023,8555,0,-0.0185,0.7809
121-127105-0036,121,1,0.2219,0.8107
121-127105-0036,1221,0,-0.0158,0.78
121-127105-0036,1284,0,-0.0347,0.6582
121-127105-0036,1580,0,-0.1959,0.7188
121-127105-0036,1995,0,-0.1123,0.7199
121-127105-0036,2094,0,0.0101,0.7649
121-127105-0036,237,0,-0.0437,0.7907
121-127105-0036,2961,0,0.0223,0.7548
121-127105-0036,3570,0,-0.0614,0.8698
121-127105-0036,3575,0,-0.0626,0.7924
121-127105-0036,3729,0,-0.0418,0.8184
121-127105-0036,4446,0,0.0129,0.7222
121-127105-0036,4507,0,-0.171,0.8511
121-127105-0036,4970,0,0.0371,0.7644
121-127105-0036,4992,0,-0.0257,0.7681
121-127105-0036,5142,0,0.0568,0.6995
121-127105-0036,5683,0,-0.1085,0.7393
121-127105-0036,6829,0,0.1238,0.7874
121-127105-0036,8463,0,0.1583,0.7587
121-127105-0036,8555,0,-0.0269,0.7467
1221-135766-0002,121,0,0.0254,0.7958
1221-135766-0002,1221,1,0.1571,0.8841
1221-135766-0002,1284,0,0.0435,0.8223
1221-135766-0002,1580,0,-0.0987,0.8108
1221-135766-0002,1995,0,-0.0902,0.8279
1221-135766-0002,2094,0,0.1662,0.8969
1221-135766-0002,237,0,-0.0265,0.8667
1221-135766-0002,2961,0,0.0534,0.6775
1221-135766-0002,3570,0,0.0012,0.7245
1221-135766-0002,3575,0,-0.0333,0.6898
1221-135766-0002,3729,0,-0.1433,0.8675
1221-135766-0002,4446,0,-0.0343,0.8861
1221-135766-0002,4507,0,-0.0107,0.8345
1221-135766-0002,4970,0,0.1192,0.7415
1221-135766-0002,4992,0,0.0778,0.9139
1221-135766-0002,5142,0,0.1252,0.848
1221-135766-0002,5683,0,-0.0299,0.782
1221-135766-0002,6829,0,0.1789,0.8597
1221-135766-0002,8463,0,0.0759,0.8931
1221-135766-0002,8555,0,-0.0225,0.788
1221-135766-0009,121,0,0.0792,0.7956
1221-135766-0009,1221,1,0.1575,0.8795
1221-135766-0009,1284,0,-0.0077,0.784
1221-135766-0009,1580,0,-0.0779,0.7802
1221-135766-0009,1995,0,-0.08,0.7878
1221-135766-0009,2094,0,0.1196,0.8779
1221-135766-0009,237,0,-0.0394,0.8447
1221-135766-0009,2961,0,-0.0516,0.6819
1221-135766-0009,3570,0,-0.0296,0.7388
1221-135766-0009,3575,0,-0.032,0.7011
1221-135766-0009,3729,0,-0.1036,0.8741
1221-135766-0009,4446,0,-0.0264,0.8652
1221-135766-0009,4507,0,-0.1308,0.841
1221-135766-0009,4970,0,0.0839,0.7456
1221-135766-0009,4992,0,0.0855,0.8951
1221-135766-0009,5142,0,-0.0328,0.8208
1221-135766-0009,5683,0,-0.0957,0.7676
1221-135766-0009,6829,0,0.2086,0.8721
1221-135766-0009,8463,0,0.0523,0.8768
1221-135766-0009,8555,0,0.089,0.7599
1221-135767-0001,121,0,0.1196,0.7739
1221-135767-0001,1221,1,0.1041,0.8759
1221-135767-0001,1284,0,-0.0497,0.7706
1221-135767-0001,1580,0,-0.074,0.7739
1221-135767-0001,1995,0,-0.1049,0.7525
1221-135767-0001,2094,0,0.1168,0.8547
1221-135767-0001,237,0,-0.0293,0.8266
1221-135767-0001,2961,0,-0.0313,0.6457
1221-135767-0001,3570,0,-0.0401,0.7338
1221-135767-0001,3575,0,-0.0108,0.7508
1221-135767-0001,3729,0,-0.0813,0.858
1221-135767-0001,4446,0,-0.1293,0.8392
1221-135767-0001,4507,0,-0.1122,0.8361
1221-135767-0001,4970,0,0.0402,0.7933
1221-135767-0001,4992,0,0.0502,0.8647
1221-135767-0001,5142,0,-0.0475,0.8042
1221-135767-0001,5683,0,-0.057,0.7866
1221-135767-0001,6829,0,0.1555,0.8618
1221-135767-0001,8463,0,-0.0001,0.8483
1221-135767-0001,8555,0,0.0702,0.767
1221-135767-0005,121,0,0.0322,0.8045
1221-135767-0005,1221,1,0.1274,0.8956
1221-135767-0005,1284,0,-0.0383,0.7958
1221-135767-0005,1580,0,-0.08,0.7984
1221-135767-0005,1995,0,-0.1295,0.7888
1221-135767-0005,2094,0,0.1102,0.8731
1221-135767-0005,237,0,0.0333,0.8705
1221-135767-0005,2961,0,-0.0148,0.6906
1221-135767-0005,3570,0,-0.1244,0.7626
1221-135767-0005,3575,0,0.0242,0.7437
1221-135767-0005,3729,0,-0.1196,0.8886
1221-135767-0005,4446,0,-0.0976,0.8698
1221-135767-0005,4507,0,-0.1516,0.8577
1221-135767-0005,4970,0,0.0725,0.7918
1221-135767-0005,4992,0,0.0028,0.8974
1221-135767-0005,5142,0,0.0064,0.8238
1221-135767-0005,5683,0,-0.0219,0.8061
1221-135767-0005,6829,0,0.1658,0.8844
1221-135767-0005,8463,0,0.0416,0.8804
1221-135767-0005,8555,0,0.0002,0.7751
1221-135767-0007,121,0,0.0842,0.7575
1221-135767-0007,1221,1,0.1921,0.9041
1221-135767-0007,1284,0,-0.0499,0.7792
1221-135767-0007,1580,0,-0.1003,0.7642
1221-135767-0007,1995,0,-0.1245,0.7761
1221-135767-0007,2094,0,0.053,0.8539
1221-135767-0007,237,0,-0.0252,0.8383
1221-135767-0007,2961,0,-0.0551,0.6298
1221-135767-0007,3570,0,-0.0906,0.6972
1221-135767-0007,3575,0,-0.0478,0.6841
1221-135767-0007,3729,0,-0.1655,0.8726
1221-135767-0007,4446,0,-0.0651,0.8659
1221-135767-0007,4507,0,-0.0858,0.8484
1221-135767-0007,4970,0,0.0044,0.7814
1221-135767-0007,4992,0,0.0557,0.9067
1221-135767-0007,5142,0,-0.0224,0.8765
1221-135767-0007,5683,0,-0.0265,0.7778
1221-135767-0007,6829,0,0.1768,0.8863
1221-135767-0007,8463,0,0.0574,0.893
1221-135767-0007,8555,0,0.019,0.8025
1221-135767-0009,121,0,0.0974,0.8093
1221-135767-0009,1221,1,0.1751,0.9229
1221-135767-0009,1284,0,-0.0245,0.8274
1221-135767-0009,1580,0,-0.0743,0.8161
1221-135767-0009,1995,0,-0.1088,0.8
1221-135767-0009,2094,0,0.1406,0.8937
1221-135767-0009,237,0,-0.0024,0.8665
1221-135767-0009,2961,0,-0.0261,0.6769
1221-135767-0009,3570,0,-0.0575,0.7279
1221-135767-0009,3575,0,-0.0313,0.7042
1221-135767-0009,3729,0,-0.1167,0.9063
1221-135767-0009,4446,0,-0.0605,0.9041
1221-135767-0009,4507,0,-0.0982,0.8617
1221-135767-0009,4970,0,0.0926,0.77
1221-135767-0009,4992,0,0.0464,0.9293
1221-135767-0009,5142,0,-0.0223,0.8628
1221-135767-0009,5683,0,-0.0841,0.8129
1221-135767-0009,6829,0,0.1908,0.8994
1221-135767-0009,8463,0,0.0572,0.9133
1221-135767-0009,8555,0,0.004,0.785
1221-135767-0010,121,0,0.11,0.7938
1221-135767-0010,1221,1,0.1908,0.9029
1221-135767-0010,1284,0,0.0456,0.8134
1221-135767-0010,1580,0,-0.0389,0.7896
1221-135767-0010,1995,0,-0.0685,0.8245
1221-135767-0010,2094,0,0.1591,0.8784
1221-135767-0010,237,0,0.0854,0.8822
1221-135767-0010,2961,0,-0.0137,0.6602
1221-135767-0010,3570,0,-0.0537,0.7189
1221-135767-0010,3575,0,0.0327,0.692
1221-135767-0010,3729,0,-0.118,0.8798
1221-135767-0010,4446,0,-0.0005,0.8877
1221-135767-0010,4507,0,-0.1338,0.8274
1221-135767-0010,4970,0,0.0558,0.7587
1221-135767-0010,4992,0,0.0561,0.9261
1221-135767-0010,5142,0,-0.0563,0.8541
1221-135767-0010,5683,0,-0.0128,0.7782
1221-135767-0010,6829,0,0.1729,0.8684
1221-135767-0010,8463,0,0.0582,0.9167
1221-135767-0010,8555,0,0.0221,0.7835
1221-135767-0013,121,0,0.0845,0.7897
1221-135767-0013,1221,1,0.1179,0.8795
1221-135767-0013,1284,0,-0.0848,0.7578
1221-135767-0013,1580,0,-0.0734,0.7773
1221-135767-0013,1995,0,-0.1229,0.7554
1221-135767-0013,2094,0,0.0987,0.8529
1221-135767-0013,237,0,-0.0198,0.842
1221-135767-0013,2961,0,0.0076,0.6689
1221-135767-0013,3570,0,-0.0629,0.7689
1221-135767-0013,3575,0,0.0151,0.765
1221-135767-0013,3729,0,-0.1961,0.8741
1221-135767-0013,4446,0,-0.1006,0.8361
1221-135767-0013,4507,0,-0.1784,0.8528
1221-135767-0013,4970,0,0.072,0.7988
1221-135767-0013,4992,0,0.0407,0.8699
1221-135767-0013,5142,0,-0.0469,0.8064
1221-135767-0013,5683,0,-0.084,0.8042
1221-135767-0013,6829,0,0.192,0.8658
1221-135767-0013,8463,0,0.0336,0.8507
1221-135767-0013,8555,0,0.0215,0.7838
1221-135767-0018,121,0,0.0904,0.8195
1221-135767-0018,1221,1,0.1532,0.9061
1221-135767-0018,1284,0,0.0374,0.8128
1221-135767-0018,1580,0,-0.0845,0.8135
1221-135767-0018,1995,0,-0.0967,0.8013
1221-135767-0018,2094,0,0.1094,0.8781
1221-135767-0018,237,0,-0.0138,0.8682
1221-135767-0018,2961,0,0.0396,0.6846
1221-135767-0018,3570,0,-0.0723,0.7561
1221-135767-0018,3575,0,-0.0025,0.7138
1221-135767-0018,3729,0,-0.151,0.8934
1221-135767-0018,4446,0,-0.0227,0.8856
1221-135767-0018,4507,0,-0.082,0.8523
1221-135767-0018,4970,0,0.0458,0.7569
1221-135767-0018,4992,0,0.0304,0.9119
1221-135767-0018,5142,0,0.0236,0.8248
1221-135767-0018,5683,0,-0.0261,0.7945
1221-135767-0018,6829,0,0.1392,0.8698
1221-135767-0018,8463,0,0.085,0.8978
1221-135767-0018,8555,0,-0.0159,0.7697
1221-135767-0022,121,0,0.0195,0.8019
1221-135767-0022,1221,1,0.0952,0.8709
1221-135767-0022,1284,0,-0.0438,0.7866
1221-135767-0022,1580,0,-0.1176,0.7646
1221-135767-0022,1995,0,-0.0822,0.824
1221-135767-0022,2094,0,0.1238,0.8833
1221-135767-0022,237,0,0.0232,0.8444
1221-135767-0022,2961,0,0.0125,0.6874
1221-135767-0022,3570,0,-0.0919,0.7213
1221-135767-0022,3575,0,0.0389,0.6801
1221-135767-0022,3729,0,-0.1194,0.8682
1221-135767-0022,4446,0,-0.1295,0.859
1221-135767-0022,4507,0,-0.1267,0.8165
1221-135767-0022,4970,0,0.0177,0.7214
1221-135767-0022,4992,0,0.0133,0.9107
1221-135767-0022,5142,0,-0.0279,0.821
1221-135767-0022,5683,0,-0.0317,0.7469
1221-135767-0022,6829,0,0.1538,0.8575
1221-135767-0022,8463,0,0.0273,0.9032
1221-135767-0022,8555,0,0.0569,0.7479
1284-1180-0005,121,0,0.1042,0.7883
1284-1180-0005,1221,0,-0.0328,0.8726
1284-1180-0005,1284,1,-0.0319,0.7453
1284-1180-0005,1580,0,-0.1728,0.7266
1284-1180-0005,1995,0,-0.0757,0.7637
1284-1180-0005,2094,0,-0.0295,0.8557
1284-1180-0005,237,0,-0.0277,0.8112
1284-1180-0005,2961,0,-0.0463,0.6839
1284-1180-0005,3570,0,-0.0384,0.7293
1284-1180-0005,3575,0,-0.0809,0.7091
1284-1180-0005,3729,0,-0.0939,0.8833
1284-1180-0005,4446,0,-0.0601,0.8417
1284-1180-0005,4507,0,-0.226,0.8487
1284-1180-0005,4970,0,-0.0289,0.7785
1284-1180-0005,4992,0,0.0542,0.8823
1284-1180-0005,5142,0,0.0192,0.8389
1284-1180-0005,5683,0,-0.1671,0.7469
1284-1180-0005,6829,0,0.112,0.895
1284-1180-0005,8463,0,0.0986,0.8895
1284-1180-0005,8555,0,0.0084,0.7587
1284-1180-0017,121,0,0.1196,0.8372
1284-1180-0017,1221,0,0.0445,0.9095
1284-1180-0017,1284,1,-0.0185,0.8109
1284-1180-0017,1580,0,-0.1498,0.8065
1284-1180-0017,1995,0,-0.082,0.8401
1284-1180-0017,2094,0,0.0013,0.9065
1284-1180-0017,237,0,-0.0414,0.8852
1284-1180-0017,2961,0,0.0021,0.7274
1284-1180-0017,3570,0,-0.0492,0.774
1284-1180-0017,3575,0,-0.0038,0.746
1284-1180-0017,3729,0,-0.1002,0.9059
1284-1180-0017,4446,0,-0.0569,0.8933
1284-1180-0017,4507,0,-0.2434,0.8712
1284-1180-0017,4970,0,-0.0271,0.7833
1284-1180-0017,4992,0,0.0723,0.9279
1284-1180-0017,5142,0,-0.0127,0.8546
1284-1180-0017,5683,0,-0.1101,0.7992
1284-1180-0017,6829,0,0.0898,0.9024
1284-1180-0017,8463,0,0.1161,0.9159
1284-1180-0017,8555,0,-0.0249,0.8029
1284-1180-0026,121,0,0.0533,0.8178
1284-1180-0026,1221,0,0.0335,0.8991
1284-1180-0026,1284,1,-0.0005,0.7854
1284-1180-0026,1580,0,-0.1384,0.7993
1284-1180-0026,1995,0,-0.1278,0.7891
1284-1180-0026,2094,0,0.0424,0.8852
1284-1180-0026,237,0,0.0422,0.8651
1284-1180-0026,2961,0,-0.0102,0.6959
1284-1180-0026,3570,0,-0.1203,0.7751
1284-1180-0026,3575,0,0.02,0.7756
1284-1180-0026,3729,0,-0.1058,0.89
1284-1180-0026,4446,0,-0.0314,0.8676
1284-1180-0026,4507,0,-0.2902,0.861
1284-1180-0026,4970,0,-0.0013,0.8028
1284-1180-0026,4992,0,0.0171,0.8957
1284-1180-0026,5142,0,0.0347,0.8195
1284-1180-0026,5683,0,-0.0961,0.8102
1284-1180-0026,6829,0,0.1775,0.8901
1284-1180-0026,8463,0,0.0056,0.8819
1284-1180-0026,8555,0,-0.0219,0.7847
1284-1180-0031,121,0,0.007,0.7576
1284-1180-0031,1221,0,0.0639,0.819
1284-1180-0031,1284,1,-0.0302,0.7045
1284-1180-0031,1580,0,-0.1056,0.6944
1284-1180-0031,1995,0,-0.021,0.7126
1284-1180-0031,2094,0,0.0586,0.7953
1284-1180-0031,237,0,0.0675,0.7699
1284-1180-0031,2961,0,0.0371,0.6854
1284-1180-0031,3570,0,-0.0095,0.7426
1284-1180-0031,3575,0,-0.1135,0.7125
1284-1180-0031,3729,0,-0.107,0.8279
1284-1180-0031,4446,0,0.0345,0.7839
1284-1180-0031,4507,0,-0.1917,0.8107
1284-1180-0031,4970,0,0.0854,0.7779
1284-1180-0031,4992,0,0.085,0.8133
1284-1180-0031,5142,0,0.1183,0.7827
1284-1180-0031,5683,0,-0.0526,0.7209
1284-1180-0031,6829,0,0.1313,0.8266
1284-1180-0031,8463,0,0.0625,0.8246
1284-1180-0031,8555,0,-0.0187,0.7376
1284-1181-0004,121,0,0.1873,0.8186
1284-1181-0004,1221,0,0.0892,0.8733
1284-1181-0004,1284,1,0.0417,0.8241
1284-1181-0004,1580,0,-0.1422,0.7909
1284-1181-0004,1995,0,-0.0801,0.855
1284-1181-0004,2094,0,0.0669,0.8894
1284-1181-0004,237,0,0.052,0.8685
1284-1181-0004,2961,0,0.0286,0.7118
1284-1181-0004,3570,0,-0.012,0.7395
1284-1181-0004,3575,0,0.0619,0.6873
1284-1181-0004,3729,0,-0.0963,0.8717
1284-1181-0004,4446,0,-0.0476,0.8862
1284-1181-0004,4507,0,-0.2332,0.8149
1284-1181-0004,4970,0,-0.0685,0.7303
1284-1181-0004,4992,0,0.0833,0.9171
1284-1181-0004,5142,0,0.0353,0.8354
1284-1181-0004,5683,0,-0.0663,0.755
1284-1181-0004,6829,0,0.1402,0.8509
1284-1181-0004,8463,0,0.0765,0.9226
1284-1181-0004,8555,0,-0.0296,0.7674
1284-1181-0007,121,0,0.1039,0.8102
1284-1181-0007,1221,0,0.0003,0.9013
1284-1181-0007,1284,1,0.0252,0.785
1284-1181-0007,1580,0,-0.1539,0.7627
1284-1181-0007,1995,0,-0.0483,0.8491
1284-1181-0007,2094,0,0.0589,0.8832
1284-1181-0007,237,0,-0.0261,0.8541
1284-1181-0007,2961,0,0.0666,0.6941
1284-1181-0007,3570,0,-0.0144,0.7139
1284-1181-0007,3575,0,-0.0401,0.6797
1284-1181-0007,3729,0,-0.1003,0.8879
1284-1181-0007,4446,0,0.0536,0.8772
1284-1181-0007,4507,0,-0.1886,0.8364
1284-1181-0007,4970,0,-0.0078,0.7538
1284-1181-0007,4992,0,0.0093,0.9408
1284-1181-0007,5142,0,0.0265,0.8863
1284-1181-0007,5683,0,-0.1172,0.7667
1284-1181-0007,6829,0,0.1491,0.8793
1284-1181-0007,8463,0,0.0459,0.939
1284-1181-0007,8555,0,-0.0596,0.8113
1284-1181-0011,121,0,0.1317,0.7927
1284-1181-0011,1221,0,0.0614,0.8803
1284-1181-0011,1284,1,0.0218,0.8103
1284-1181-0011,1580,0,-0.1191,0.7785
1284-1181-0011,1995,0,-0.1052,0.8278
1284-1181-0011,2094,0,0.0642,0.8944
1284-1181-0011,237,0,0.012,0.8554
1284-1181-0011,2961,0,0.0161,0.6791
1284-1181-0011,3570,0,-0.0384,0.7094
1284-1181-0011,3575,0,-0.0306,0.6903
1284-1181-0011,3729,0,-0.1209,0.8646
1284-1181-0011,4446,0,-0.0179,0.8787
1284-1181-0011,4507,0,-0.2201,0.8154
1284-1181-0011,4970,0,-0.0484,0.7459
1284-1181-0011,4992,0,0.0299,0.9154
1284-1181-0011,5142,0,0.0724,0.842
1284-1181-0011,5683,0,-0.0651,0.7564
1284-1181-0011,6829,0,0.1504,0.8724
1284-1181-0011,8463,0,0.0701,0.9118
1284-1181-0011,8555,0,-0.0101,0.7642
1284-1181-0016,121,0,0.144,0.8117
1284-1181-0016,1221,0,0.0081,0.8515
1284-1181-0016,1284,1,0.0244,0.7888
1284-1181-0016,1580,0,-0.1652,0.753
1284-1181-0016,1995,0,-0.0772,0.7914
1284-1181-0016,2094,0,0.0826,0.8684
1284-1181-0016,237,0,0.0147,0.8349
1284-1181-0016,2961,0,0.0793,0.7457
1284-1181-0016,3570,0,0.0095,0.7663
1284-1181-0016,3575,0,0.0076,0.6957
1284-1181-0016,3729,0,-0.1189,0.8693
1284-1181-0016,4446,0,-0.0514,0.8472
1284-1181-0016,4507,0,-0.2507,0.831
1284-1181-0016,4970,0,0.0232,0.7408
1284-1181-0016,4992,0,0.0356,0.8656
1284-1181-0016,5142,0,-0.01,0.7959
1284-1181-0016,5683,0,-0.0938,0.7301
1284-1181-0016,6829,0,0.067,0.8641
1284-1181-0016,8463,0,0.1122,0.8757
1284-1181-0016,8555,0,-0.0572,0.7193
1284-1181-0017,121,0,0.1026,0.8079
1284-1181-0017,1221,0,-0.0173,0.8521
1284-1181-0017,1284,1,-0.0455,0.8385
1284-1181-0017,1580,0,-0.1408,0.7794
1284-1181-0017,1995,0,-0.1204,0.8291
1284-1181-0017,2094,0,0.0584,0.8858
1284-1181-0017,237,0,-0.0018,0.843
1284-1181-0017,2961,0,0.0775,0.7337
1284-1181-0017,3570,0,-0.0505,0.7383
1284-1181-0017,3575,0,0.0012,0.6768
1284-1181-0017,3729,0,-0.145,0.8516
1284-1181-0017,4446,0,-0.027,0.8692
1284-1181-0017,4507,0,-0.1908,0.8012
1284-1181-0017,4970,0,0.0508,0.7144
1284-1181-0017,4992,0,0.0102,0.874
1284-1181-0017,5142,0,0.0563,0.7928
1284-1181-0017,5683,0,-0.0903,0.7284
1284-1181-0017,6829,0,0.1346,0.848
1284-1181-0017,8463,0,0.1001,0.8821
1284-1181-0017,8555,0,-0.0371,0.7084
1284-134647-0004,121,0,0.0906,0.8146
1284-134647-0004,1221,0,0.0337,0.8637
1284-134647-0004,1284,1,0.0067,0.7621
1284-134647-0004,1580,0,-0.1204,0.7531
1284-134647-0004,1995,0,-0.0966,0.8013
1284-134647-0004,2094,0,-0.0062,0.8807
1284-134647-0004,237,0,-0.0276,0.8319
1284-134647-0004,2961,0,0.0316,0.7187
1284-134647-0004,3570,0,-0.0348,0.7785
1284-134647-0004,3575,0,-0.0754,0.782
1284-134647-0004,3729,0,-0.1358,0.8752
1284-134647-0004,4446,0,-0.0544,0.8269
1284-134647-0004,4507,0,-0.2574,0.8464
1284-134647-0004,4970,0,-0.0422,0.801
1284-134647-0004,4992,0,-0.0192,0.8798
1284-134647-0004,5142,0,0.0362,0.8168
1284-134647-0004,5683,0,-0.1057,0.7823
1284-134647-0004,6829,0,0.0592,0.881
1284-134647-0004,8463,0,-0.0073,0.876
1284-134647-0004,8555,0,-0.0116,0.7808
1320-122612-0003,1089,0,-0.0293,0.657
1320-122612-0003,1188,0,-0.0369,0.7029
1320-122612-0003,1320,1,0.2532,0.67
1320-122612-0003,2300,0,0.1295,0.7078
1320-122612-0003,260,0,0.1154,0.7562
1320-122612-0003,2830,0,-0.0453,0.6415
1320-122612-0003,4077,0,0.1841,0.711
1320-122612-0003,5105,0,0.1317,0.7028
1320-122612-0003,5639,0,-0.0002,0.6417
1320-122612-0003,61,0,0.0757,0.7935
1320-122612-0003,672,0,0.1366,0.6923
1320-122612-0003,6930,0,0.1682,0.5972
1320-122612-0003,7021,0,0.1239,0.7398
1320-122612-0003,7127,0,0.0571,0.6179
1320-122612-0003,7176,0,0.0523,0.7453
1320-122612-0003,7729,0,-0.0006,0.8213
1320-122612-0003,8224,0,0.0899,0.5664
1320-122612-0003,8230,0,-0.0572,0.6431
1320-122612-0003,8455,0,0.1095,0.6228
1320-122612-0003,908,0,0.037,0.7952
1320-122612-0005,1089,0,0.0241,0.6735
1320-122612-0005,1188,0,-0.0144,0.7218
1320-122612-0005,1320,1,0.254,0.6518
1320-122612-0005,2300,0,0.08,0.6531
1320-122612-0005,260,0,0.1624,0.7735
1320-122612-0005,2830,0,-0.0085,0.6689
1320-122612-0005,4077,0,0.1275,0.7396
1320-122612-0005,5105,0,0.1304,0.6962
1320-122612-0005,5639,0,-0.0242,0.6994
1320-122612-0005,61,0,0.0411,0.8186
1320-122612-0005,672,0,0.0824,0.7025
1320-122612-0005,6930,0,0.1647,0.5846
1320-122612-0005,7021,0,0.0563,0.7139
1320-122612-0005,7127,0,0.0615,0.6285
1320-122612-0005,7176,0,0.0584,0.7776
1320-122612-0005,7729,0,0.0124,0.852
1320-122612-0005,8224,0,0.1073,0.5731
1320-122612-0005,8230,0,-0.0554,0.6786
1320-122612-0005,8455,0,0.0677,0.5953
1320-122612-0005,908,0,0.1162,0.801
1320-122612-0013,1089,0,-0.0196,0.637
1320-122612-0013,1188,0,-0.0012,0.6782
1320-122612-0013,1320,1,0.1787,0.6395
1320-122612-0013,2300,0,0.1105,0.6299
1320-122612-0013,260,0,0.1725,0.744
1320-122612-0013,2830,0,-0.0011,0.6448
1320-122612-0013,4077,0,0.1019,0.6674
1320-122612-0013,5105,0,0.1137,0.689
1320-122612-0013,5639,0,0.0099,0.6565
1320-122612-0013,61,0,0.0536,0.7823
1320-122612-0013,672,0,0.0521,0.6933
1320-122612-0013,6930,0,0.1938,0.5934
1320-122612-0013,7021,0,0.0555,0.7134
1320-122612-0013,7127,0,0.0631,0.5808
1320-122612-0013,7176,0,0.046,0.7327
1320-122612-0013,7729,0,-0.0047,0.761
1320-122612-0013,8224,0,0.1095,0.5833
1320-122612-0013,8230,0,-0.0784,0.639
1320-122612-0013,8455,0,0.0644,0.5722
1320-122612-0013,908,0,0.0829,0.7898
1320-122617-0005,1089,0,0.043,0.596
1320-122617-0005,1188,0,-0.0093,0.6517
1320-122617-0005,1320,1,0.2278,0.5826
1320-122617-0005,2300,0,0.186,0.6222
1320-122617-0005,260,0,0.1206,0.6824
1320-122617-0005,2830,0,-0.0083,0.5926
1320-122617-0005,4077,0,0.1629,0.6325
1320-122617-0005,5105,0,0.1443,0.6366
1320-122617-0005,5639,0,-0.0159,0.6282
1320-122617-0005,61,0,0.0964,0.7435
1320-122617-0005,672,0,0.0573,0.6273
1320-122617-0005,6930,0,0.146,0.5074
1320-122617-0005,7021,0,0.1572,0.6776
1320-122617-0005,7127,0,0.0871,0.5466
1320-122617-0005,7176,0,0.042,0.6797
1320-122617-0005,7729,0,0.0133,0.7905
1320-122617-0005,8224,0,0.1174,0.5445
1320-122617-0005,8230,0,-0.0723,0.5957
1320-122617-0005,8455,0,0.0877,0.5117
1320-122617-0005,908,0,0.0645,0.7529
1320-122617-0011,1089,0,0.0104,0.641
1320-122617-0011,1188,0,-0.0274,0.6812
1320-122617-0011,1320,1,0.2138,0.6364
1320-122617-0011,2300,0,0.1595,0.6523
1320-122617-0011,260,0,0.1413,0.7315
1320-122617-0011,2830,0,-0.058,0.6384
1320-122617-0011,4077,0,0.1462,0.6863
1320-122617-0011,5105,0,0.0788,0.7036
1320-122617-0011,5639,0,-0.0769,0.6711
1320-122617-0011,61,0,0.1071,0.8015
1320-122617-0011,672,0,0.0762,0.6742
1320-122617-0011,6930,0,0.1368,0.5692
1320-122617-0011,7021,0,0.0939,0.7301
1320-122617-0011,7127,0,0.0537,0.5977
1320-122617-0011,7176,0,0.0773,0.7387
1320-122617-0011,7729,0,0.0371,0.8301
1320-122617-0011,8224,0,0.1167,0.5754
1320-122617-0011,8230,0,-0.0835,0.6444
1320-122617-0011,8455,0,0.0598,0.5505
1320-122617-0011,908,0,0.0453,0.8001
1320-122617-0018,1089,0,-0.0243,0.6573
1320-122617-0018,1188,0,-0.0969,0.6912
1320-122617-0018,1320,1,0.1521,0.6384
1320-122617-0018,2300,0,0.0916,0.6348
1320-122617-0018,260,0,0.0529,0.7372
1320-122617-0018,2830,0,-0.0741,0.6481
1320-122617-0018,4077,0,0.1496,0.6765
1320-122617-0018,5105,0,0.0577,0.7091
1320-122617-0018,5639,0,-0.0446,0.6822
1320-122617-0018,61,0,0.0427,0.8038
1320-122617-0018,672,0,0.0015,0.6938
1320-122617-0018,6930,0,0.0757,0.5687
1320-122617-0018,7021,0,0.0961,0.736
1320-122617-0018,7127,0,0.045,0.5926
1320-122617-0018,7176,0,0.0896,0.7458
1320-122617-0018,7729,0,0.0204,0.8147
1320-122617-0018,8224,0,0.027,0.5856
1320-122617-0018,8230,0,-0.0637,0.6632
1320-122617-0018,8455,0,0.0687,0.5471
1320-122617-0018,908,0,0.0666,0.8088
1320-122617-0027,1089,0,-0.0009,0.6666
1320-122617-0027,1188,0,-0.0459,0.7036
1320-122617-0027,1320,1,0.2053,0.7062
1320-122617-0027,2300,0,0.1346,0.7784
1320-122617-0027,260,0,0.2079,0.7458
1320-122617-0027,2830,0,-0.0461,0.6163
1320-122617-0027,4077,0,0.1687,0.7038
1320-122617-0027,5105,0,0.0512,0.7414
1320-122617-0027,5639,0,-0.0392,0.607
1320-122617-0027,61,0,0.0661,0.7861
1320-122617-0027,672,0,0.0918,0.7022
1320-122617-0027,6930,0,0.1459,0.6108
1320-122617-0027,7021,0,0.0842,0.7955
1320-122617-0027,7127,0,0.0579,0.6273
1320-122617-0027,7176,0,0.0538,0.7305
1320-122617-0027,7729,0,0.0438,0.8
1320-122617-0027,8224,0,0.0794,0.6058
1320-122617-0027,8230,0,-0.0657,0.6258
1320-122617-0027,8455,0,0.095,0.6602
1320-122617-0027,908,0,0.0868,0.8012
1320-122617-0032,1089,0,-0.0113,0.6434
1320-122617-0032,1188,0,-0.05,0.6989
1320-122617-0032,1320,1,0.2303,0.6399
1320-122617-0032,2300,0,0.1543,0.6702
1320-122617-0032,260,0,0.1664,0.7422
1320-122617-0032,2830,0,-0.0157,0.6439
1320-122617-0032,4077,0,0.1421,0.6903
1320-122617-0032,5105,0,0.0987,0.692
1320-122617-0032,5639,0,-0.0667,0.6544
1320-122617-0032,61,0,0.0562,0.8036
1320-122617-0032,672,0,0.0414,0.6666
1320-122617-0032,6930,0,0.1667,0.5647
1320-122617-0032,7021,0,0.09,0.7263
1320-122617-0032,7127,0,0.046,0.6023
1320-122617-0032,7176,0,0.0434,0.7471
1320-122617-0032,7729,0,0.0018,0.8342
1320-122617-0032,8224,0,0.0966,0.5564
1320-122617-0032,8230,0,-0.1036,0.6496
1320-122617-0032,8455,0,0.0633,0.57
1320-122617-0032,908,0,0.0555,0.7923
1320-122617-0037,1089,0,0.0124,0.6091
1320-122617-0037,1188,0,-0.0541,0.6523
1320-122617-0037,1320,1,0.2505,0.6174
1320-122617-0037,2300,0,0.1117,0.6616
1320-122617-0037,260,0,0.1841,0.7054
1320-122617-0037,2830,0,-0.0147,0.5979
1320-122617-0037,4077,0,0.1463,0.6731
1320-122617-0037,5105,0,0.1546,0.6681
1320-122617-0037,5639,0,-0.028,0.619
1320-122617-0037,61,0,0.0858,0.7656
1320-122617-0037,672,0,0.1203,0.6402
1320-122617-0037,6930,0,0.1248,0.5378
1320-122617-0037,7021,0,0.1196,0.7081
1320-122617-0037,7127,0,0.0412,0.5784
1320-122617-0037,7176,0,0.0752,0.7163
1320-122617-0037,7729,0,0.0342,0.7904
1320-122617-0037,8224,0,0.0921,0.5349
1320-122617-0037,8230,0,-0.0742,0.602
1320-122617-0037,8455,0,0.0827,0.5485
1320-122617-0037,908,0,0.1139,0.7661
1320-122617-0041,1089,0,-0.0951,0.6784
1320-122617-0041,1188,0,-0.1104,0.7315
1320-122617-0041,1320,1,0.2167,0.7038
1320-122617-0041,2300,0,0.0726,0.7406
1320-122617-0041,260,0,0.17,0.7571
1320-122617-0041,2830,0,-0.0825,0.6528
1320-122617-0041,4077,0,0.1009,0.754
1320-122617-0041,5105,0,0.0396,0.7589
1320-122617-0041,5639,0,-0.1405,0.6931
1320-122617-0041,61,0,0.0563,0.778
1320-122617-0041,672,0,0.0907,0.7062
1320-122617-0041,6930,0,0.1259,0.5858
1320-122617-0041,7021,0,0.0346,0.7883
1320-122617-0041,7127,0,0.0056,0.6809
1320-122617-0041,7176,0,0.0097,0.7277
1320-122617-0041,7729,0,-0.0242,0.8612
1320-122617-0041,8224,0,0.063,0.6275
1320-122617-0041,8230,0,-0.1102,0.6259
1320-122617-0041,8455,0,0.0491,0.6245
1320-122617-0041,908,0,0.0977,0.8029
1580-141083-0006,121,0,0.0544,0.8462
1580-141083-0006,1221,0,0.0807,0.8948
1580-141083-0006,1284,0,-0.064,0.8636
1580-141083-0006,1580,1,-0.0617,0.8527
1580-141083-0006,1995,0,-0.1746,0.8483
1580-141083-0006,2094,0,0.1415,0.9047
1580-141083-0006,237,0,0.0758,0.907
1580-141083-0006,2961,0,0.0098,0.7521
1580-141083-0006,3570,0,-0.0703,0.7892
1580-141083-0006,3575,0,0.0011,0.7324
1580-141083-0006,3729,0,-0.1552,0.8868
1580-141083-0006,4446,0,-0.0693,0.9032
1580-141083-0006,4507,0,-0.1221,0.8429
1580-141083-0006,4970,0,0.0533,0.748
1580-141083-0006,4992,0,0.0567,0.9088
1580-141083-0006,5142,0,0.0412,0.8095
1580-141083-0006,5683,0,-0.0755,0.8135
1580-141083-0006,6829,0,0.2207,0.8618
1580-141083-0006,8463,0,0.0301,0.9015
1580-141083-0006,8555,0,0.0928,0.7659
1580-141083-0007,121,0,0.0463,0.8478
1580-141083-0007,1221,0,0.0068,0.8133
1580-141083-0007,1284,0,-0.0756,0.7617
1580-141083-0007,1580,1,-0.0372,0.7785
1580-141083-0007,1995,0,-0.1867,0.8149
1580-141083-0007,2094,0,0.1087,0.8236
1580-141083-0007,237,0,0.039,0.863
1580-141083-0007,2961,0,0.0161,0.7585
1580-141083-0007,3570,0,-0.0257,0.8169
1580-141083-0007,3575,0,0.007,0.6628
1580-141083-0007,3729,0,-0.2279,0.8453
1580-141083-0007,4446,0,-0.0173,0.819
1580-141083-0007,4507,0,-0.2095,0.7848
1580-141083-0007,4970,0,0.0908,0.6246
1580-141083-0007,4992,0,-0.0093,0.8574
1580-141083-0007,5142,0,0.0652,0.704
1580-141083-0007,5683,0,-0.1346,0.7276
1580-141083-0007,6829,0,0.1843,0.7566
1580-141083-0007,8463,0,0.0481,0.84
1580-141083-0007,8555,0,0.0222,0.6942
1580-141083-0010,121,0,-0.0326,0.8342
1580-141083-0010,1221,0,0.0722,0.9026
1580-141083-0010,1284,0,0.0148,0.8793
1580-141083-0010,1580,1,-0.0063,0.8816
1580-141083-0010,1995,0,-0.2057,0.8581
1580-141083-0010,2094,0,0.1321,0.912
1580-141083-0010,237,0,0.1321,0.9383
1580-141083-0010,2961,0,0.0231,0.7207
1580-141083-0010,3570,0,-0.0562,0.7676
1580-141083-0010,3575,0,-0.0285,0.7506
1580-141083-0010,3729,0,-0.1187,0.8788
1580-141083-0010,4446,0,-0.0454,0.9116
1580-141083-0010,4507,0,-0.0928,0.8251
1580-141083-0010,4970,0,0.1303,0.7515
1580-141083-0010,4992,0,0.0797,0.9155
1580-141083-0010,5142,0,0.1322,0.8177
1580-141083-0010,5683,0,-0.0801,0.8558
1580-141083-0010,6829,0,0.1907,0.8505
1580-141083-0010,8463,0,0.03,0.8971
1580-141083-0010,8555,0,0.126,0.7913
1580-141083-0016,121,0,0.0003,0.8107
1580-141083-0016,1221,0,0.0205,0.8968
1580-141083-0016,1284,0,-0.001,0.8187
1580-141083-0016,1580,1,-0.0104,0.8279
1580-141083-0016,1995,0,-0.1117,0.8017
1580-141083-0016,2094,0,0.1011,0.8696
1580-141083-0016,237,0,0.2307,0.9227
1580-141083-0016,2961,0,-0.005,0.72
1580-141083-0016,3570,0,-0.059,0.8155
1580-141083-0016,3575,0,0.0085,0.7799
1580-141083-0016,3729,0,-0.0826,0.8737
1580-141083-0016,4446,0,-0.0421,0.8666
1580-141083-0016,4507,0,-0.0786,0.8556
1580-141083-0016,4970,0,0.2051,0.7988
1580-141083-0016,4992,0,0.0189,0.8741
1580-141083-0016,5142,0,0.1367,0.7989
1580-141083-0016,5683,0,0.0356,0.8281
1580-141083-0016,6829,0,0.2758,0.8735
1580-141083-0016,8463,0,0.0036,0.8498
1580-141083-0016,8555,0,0.2523,0.7821
1580-141083-0027,121,0,0.0314,0.8226
1580-141083-0027,1221,0,0.0887,0.8632
1580-141083-0027,1284,0,-0.0667,0.8235
1580-141083-0027,1580,1,-0.0772,0.8426
1580-141083-0027,1995,0,-0.1896,0.8305
1580-141083-0027,2094,0,0.0911,0.8899
1580-141083-0027,237,0,0.1333,0.8771
1580-141083-0027,2961,0,0.0315,0.7604
1580-141083-0027,3570,0,-0.0913,0.8086
1580-141083-0027,3575,0,-0.0321,0.7984
1580-141083-0027,3729,0,-0.151,0.8502
1580-141083-0027,4446,0,0.0445,0.8531
1580-141083-0027,4507,0,-0.1341,0.8468
1580-141083-0027,4970,0,0.1211,0.7892
1580-141083-0027,4992,0,0.0463,0.8707
1580-141083-0027,5142,0,0.0577,0.8063
1580-141083-0027,5683,0,-0.1065,0.8349
1580-141083-0027,6829,0,0.2097,0.8616
1580-141083-0027,8463,0,0.1051,0.8583
1580-141083-0027,8555,0,0.0394,0.8091
1580-141083-0044,121,0,0.067,0.8558
1580-141083-0044,1221,0,0.0058,0.9088
1580-141083-0044,1284,0,-0.0163,0.8519
1580-141083-0044,1580,1,-0.0998,0.843
1580-141083-0044,1995,0,-0.1472,0.8647
1580-141083-0044,2094,0,0.1366,0.9156
1580-141083-0044,237,0,0.1426,0.9019
1580-141083-0044,2961,0,0.0097,0.7653
1580-141083-0044,3570,0,-0.0284,0.7979
1580-141083-0044,3575,0,-0.0232,0.7245
1580-141083-0044,3729,0,-0.1,0.9042
1580-141083-0044,4446,0,-0.0017,0.9051
1580-141083-0044,4507,0,-0.0188,0.8767
1580-141083-0044,4970,0,0.1616,0.7481
1580-141083-0044,4992,0,0.0172,0.9241
1580-141083-0044,5142,0,0.1245,0.8347
1580-141083-0044,5683,0,-0.0293,0.8015
1580-141083-0044,6829,0,0.2992,0.8858
1580-141083-0044,8463,0,0.0129,0.9042
1580-141083-0044,8555,0,0.0869,0.7852
1580-141084-0002,121,0,0.074,0.8547
1580-141084-0002,1221,0,0.1391,0.8947
1580-141084-0002,1284,0,0.0163,0.8277
1580-141084-0002,1580,1,0.0343,0.8448
1580-141084-0002,1995,0,-0.021,0.854
1580-141084-0002,2094,0,0.1879,0.9021
1580-141084-0002,237,0,0.0953,0.9152
1580-141084-0002,2961,0,0.0768,0.7456
1580-141084-0002,3570,0,0.029,0.8131
1580-141084-0002,3575,0,0.0253,0.7671
1580-141084-0002,3729,0,-0.0488,0.8877
1580-141084-0002,4446,0,0.033,0.8861
1580-141084-0002,4507,0,-0.0879,0.8532
1580-141084-0002,4970,0,0.0675,0.7638
1580-141084-0002,4992,0,0.1109,0.9152
1580-141084-0002,5142,0,-0.0536,0.8147
1580-141084-0002,5683,0,-0.0681,0.8175
1580-141084-0002,6829,0,0.1909,0.8527
1580-141084-0002,8463,0,0.1259,0.8964
1580-141084-0002,8555,0,0.0413,0.8022
1580-141084-0009,121,0,0.1383,0.889
1580-141084-0009,1221,0,0.0773,0.8541
1580-141084-0009,1284,0,-0.0638,0.8488
1580-141084-0009,1580,1,-0.0035,0.8737
1580-141084-0009,1995,0,-0.1178,0.8537
1580-141084-0009,2094,0,0.0909,0.9115
1580-141084-0009,237,0,0.083,0.8956
1580-141084-0009,2961,0,0.0421,0.8215
1580-141084-0009,3570,0,0.0025,0.8545
1580-141084-0009,3575,0,0.0118,0.8123
1580-141084-0009,3729,0,-0.0748,0.8813
1580-141084-0009,4446,0,-0.0575,0.8657
1580-141084-0009,4507,0,-0.0712,0.8451
1580-141084-0009,4970,0,0.0681,0.7459
1580-141084-0009,4992,0,0.1251,0.8742
1580-141084-0009,5142,0,-0.0868,0.7463
1580-141084-0009,5683,0,-0.1054,0.8357
1580-141084-0009,6829,0,0.2004,0.8388
1580-141084-0009,8463,0,0.073,0.8629
1580-141084-0009,8555,0,0.0199,0.7527
1580-141084-0010,121,0,0.0848,0.8807
1580-141084-0010,1221,0,0.0798,0.7317
1580-141084-0010,1284,0,-0.0026,0.765
1580-141084-0010,1580,1,0.0181,0.7492
1580-141084-0010,1995,0,-0.0772,0.8164
1580-141084-0010,2094,0,0.0573,0.7975
1580-141084-0010,237,0,0.2342,0.805
1580-141084-0010,2961,0,0.0569,0.9053
1580-141084-0010,3570,0,0.0093,0.8634
1580-141084-0010,3575,0,0.0628,0.6423
1580-141084-0010,3729,0,-0.0867,0.8162
1580-141084-0010,4446,0,0.0198,0.7627
1580-141084-0010,4507,0,-0.0678,0.7661
1580-141084-0010,4970,0,0.1455,0.5437
1580-141084-0010,4992,0,0.1042,0.767
1580-141084-0010,5142,0,-0.0247,0.5934
1580-141084-0010,5683,0,-0.0503,0.6663
1580-141084-0010,6829,0,0.1998,0.729
1580-141084-0010,8463,0,0.1801,0.7589
1580-141084-0010,8555,0,-0.0308,0.5781
1580-141084-0042,121,0,0.0971,0.8602
1580-141084-0042,1221,0,0.0523,0.8724
1580-141084-0042,1284,0,-0.0981,0.8319
1580-141084-0042,1580,1,-0.012,0.8692
1580-141084-0042,1995,0,-0.1598,0.7922
1580-141084-0042,2094,0,0.1112,0.8685
1580-141084-0042,237,0,0.1164,0.9073
1580-141084-0042,2961,0,0.0589,0.7544
1580-141084-0042,3570,0,-0.0053,0.83
1580-141084-0042,3575,0,0.0412,0.7691
1580-141084-0042,3729,0,-0.1222,0.8946
1580-141084-0042,4446,0,-0.0844,0.883
1580-141084-0042,4507,0,-0.0832,0.8627
1580-141084-0042,4970,0,0.0818,0.7611
1580-141084-0042,4992,0,0.0053,0.8666
1580-141084-0042,5142,0,0.0181,0.7753
1580-141084-0042,5683,0,-0.0577,0.8551
1580-141084-0042,6829,0,0.2064,0.8245
1580-141084-0042,8463,0,-0.0291,0.8515
1580-141084-0042,8555,0,0.1071,0.7775
1995-1826-0002,121,0,0.1156,0.7052
1995-1826-0002,1221,0,-0.0618,0.8121
1995-1826-0002,1284,0,-0.0618,0.696
1995-1826-0002,1580,0,-0.1208,0.6984
1995-1826-0002,1995,1,0.0068,0.6895
1995-1826-0002,2094,0,0.1111,0.8418
1995-1826-0002,237,0,0.0227,0.7183
1995-1826-0002,2961,0,0.0523,0.6137
1995-1826-0002,3570,0,0.0388,0.65
1995-1826-0002,3575,0,-0.0616,0.7576
1995-1826-0002,3729,0,-0.1109,0.8083
1995-1826-0002,4446,0,-0.0482,0.7677
1995-1826-0002,4507,0,-0.1219,0.8276
1995-1826-0002,4970,0,-0.0113,0.8083
1995-1826-0002,4992,0,0.027,0.801
1995-1826-0002,5142,0,0.0995,0.7974
1995-1826-0002,5683,0,-0.0746,0.7486
1995-1826-0002,6829,0,0.0666,0.9007
1995-1826-0002,8463,0,0.0227,0.7838
1995-1826-0002,8555,0,0.0453,0.7314
1995-1826-0009,121,0,0.1356,0.7908
1995-1826-0009,1221,0,-0.022,0.8495
1995-1826-0009,1284,0,-0.0429,0.749
1995-1826-0009,1580,0,-0.1486,0.7173
1995-1826-0009,1995,1,-0.0438,0.7845
1995-1826-0009,2094,0,0.0695,0.8521
1995-1826-0009,237,0,-0.0158,0.7888
1995-1826-0009,2961,0,0.0184,0.7299
1995-1826-0009,3570,0,-0.0443,0.724
1995-1826-0009,3575,0,-0.0543,0.6618
1995-1826-0009,3729,0,-0.0863,0.8609
1995-1826-0009,4446,0,-0.0672,0.8312
1995-1826-0009,4507,0,-0.0614,0.8406
1995-1826-0009,4970,0,-0.0211,0.7358
1995-1826-0009,4992,0,-0.0139,0.8712
1995-1826-0009,5142,0,0.109,0.8373
1995-1826-0009,5683,0,0.0121,0.7181
1995-1826-0009,6829,0,0.0773,0.8854
1995-1826-0009,8463,0,-0.0348,0.8776
1995-1826-0009,8555,0,0.1113,0.7409
1995-1826-0018,121,0,0.1075,0.7442
1995-1826-0018,1221,0,-0.0798,0.8449
1995-1826-0018,1284,0,-0.0428,0.7436
1995-1826-0018,1580,0,-0.1523,0.7096
1995-1826-0018,1995,1,-0.0171,0.7601
1995-1826-0018,2094,0,0.1212,0.8381
1995-1826-0018,237,0,0.0081,0.7713
1995-1826-0018,2961,0,0.022,0.6948
1995-1826-0018,3570,0,0.0414,0.6932
1995-1826-0018,3575,0,-0.0308,0.6739
1995-1826-0018,3729,0,-0.0893,0.8443
1995-1826-0018,4446,0,-0.0682,0.814
1995-1826-0018,4507,0,-0.0698,0.8357
1995-1826-0018,4970,0,-0.0407,0.7763
1995-1826-0018,4992,0,-0.0317,0.8544
1995-1826-0018,5142,0,0.0515,0.8524
1995-1826-0018,5683,0,-0.0477,0.7368
1995-1826-0018,6829,0,0.118,0.8961
1995-1826-0018,8463,0,0.0062,0.8571
1995-1826-0018,8555,0,0.0623,0.7607
1995-1826-0021,121,0,0.1256,0.7116
1995-1826-0021,1221,0,-0.1112,0.7962
1995-1826-0021,1284,0,-0.0904,0.6819
1995-1826-0021,1580,0,-0.1433,0.639
1995-1826-0021,1995,1,-0.0491,0.6918
1995-1826-0021,2094,0,0.0944,0.8035
1995-1826-0021,237,0,-0.0175,0.7052
1995-1826-0021,2961,0,0.0776,0.6457
1995-1826-0021,3570,0,0.012,0.6499
1995-1826-0021,3575,0,-0.0803,0.6631
1995-1826-0021,3729,0,-0.092,0.8108
1995-1826-0021,4446,0,-0.0892,0.7603
1995-1826-0021,4507,0,-0.0618,0.7989
1995-1826-0021,4970,0,-0.038,0.7549
1995-1826-0021,4992,0,-0.01,0.8008
1995-1826-0021,5142,0,0.1397,0.8007
1995-1826-0021,5683,0,-0.0614,0.6829
1995-1826-0021,6829,0,0.0794,0.8661
1995-1826-0021,8463,0,0.0585,0.8235
1995-1826-0021,8555,0,0.0676,0.6965
1995-1826-0023,121,0,0.0431,0.8112
1995-1826-0023,1221,0,-0.0509,0.7748
1995-1826-0023,1284,0,-0.0767,0.6702
1995-1826-0023,1580,0,-0.1438,0.6829
1995-1826-0023,1995,1,0.0428,0.801
1995-1826-0023,2094,0,0.0632,0.8107
1995-1826-0023,237,0,-0.0705,0.7559
1995-1826-0023,2961,0,0.1351,0.8131
1995-1826-0023,3570,0,-0.0993,0.8099
1995-1826-0023,3575,0,-0.1222,0.7696
1995-1826-0023,3729,0,-0.0946,0.8133
1995-1826-0023,4446,0,-0.111,0.7156
1995-1826-0023,4507,0,-0.157,0.8253
1995-1826-0023,4970,0,-0.084,0.7493
1995-1826-0023,4992,0,-0.0054,0.8052
1995-1826-0023,5142,0,0.0878,0.7471
1995-1826-0023,5683,0,-0.0999,0.7191
1995-1826-0023,6829,0,-0.0125,0.8296
1995-1826-0023,8463,0,0.0041,0.8168
1995-1826-0023,8555,0,0.0482,0.7443
1995-1836-0005,121,0,0.1165,0.8145
1995-1836-0005,1221,0,0.0173,0.8573
1995-1836-0005,1284,0,-0.0896,0.7721
1995-1836-0005,1580,0,-0.1359,0.7498
1995-1836-0005,1995,1,-0.0217,0.8125
1995-1836-0005,2094,0,0.1149,0.8815
1995-1836-0005,237,0,-0.0182,0.8295
1995-1836-0005,2961,0,0.0339,0.7163
1995-1836-0005,3570,0,0.0422,0.7516
1995-1836-0005,3575,0,-0.1697,0.7299
1995-1836-0005,3729,0,-0.0601,0.8716
1995-1836-0005,4446,0,-0.0473,0.8393
1995-1836-0005,4507,0,-0.0711,0.832
1995-1836-0005,4970,0,-0.0638,0.7599
1995-1836-0005,4992,0,0.0173,0.8889
1995-1836-0005,5142,0,0.0994,0.8131
1995-1836-0005,5683,0,-0.1456,0.7503
1995-1836-0005,6829,0,0.061,0.8712
1995-1836-0005,8463,0,0.0011,0.8929
1995-1836-0005,8555,0,0.0498,0.7503
1995-1837-0001,121,0,-0.0166,0.7078
1995-1837-0001,1221,0,0.0345,0.798
1995-1837-0001,1284,0,-0.0409,0.6985
1995-1837-0001,1580,0,-0.072,0.6613
1995-1837-0001,1995,1,-0.0238,0.6961
1995-1837-0001,2094,0,0.0845,0.8038
1995-1837-0001,237,0,-0.0372,0.7222
1995-1837-0001,2961,0,0.0099,0.6551
1995-1837-0001,3570,0,-0.0187,0.6823
1995-1837-0001,3575,0,-0.1299,0.6967
1995-1837-0001,3729,0,-0.1211,0.8012
1995-1837-0001,4446,0,-0.0498,0.7616
1995-1837-0001,4507,0,-0.092,0.8157
1995-1837-0001,4970,0,-0.039,0.7866
1995-1837-0001,4992,0,0.0499,0.7904
1995-1837-0001,5142,0,0.1062,0.8054
1995-1837-0001,5683,0,-0.1242,0.7043
1995-1837-0001,6829,0,0.1106,0.8667
1995-1837-0001,8463,0,0.0101,0.7974
1995-1837-0001,8555,0,0.053,0.7284
1995-1837-0014,121,0,0.145,0.8164
1995-1837-0014,1221,0,0.0192,0.8626
1995-1837-0014,1284,0,-0.075,0.7553
1995-1837-0014,1580,0,-0.1165,0.7412
1995-1837-0014,1995,1,-0.0102,0.8083
1995-1837-0014,2094,0,0.0428,0.8792
1995-1837-0014,237,0,-0.0174,0.809
1995-1837-0014,2961,0,0.0143,0.7422
1995-1837-0014,3570,0,0.0289,0.7645
1995-1837-0014,3575,0,-0.1461,0.7468
1995-1837-0014,3729,0,-0.0758,0.8808
1995-1837-0014,4446,0,0.015,0.8293
1995-1837-0014,4507,0,-0.0686,0.8683
1995-1837-0014,4970,0,-0.1175,0.7849
1995-1837-0014,4992,0,0.0466,0.8844
1995-1837-0014,5142,0,0.0541,0.843
1995-1837-0014,5683,0,-0.0783,0.7634
1995-1837-0014,6829,0,0.1271,0.8988
1995-1837-0014,8463,0,0.0313,0.8821
1995-1837-0014,8555,0,0.0434,0.7846
1995-1837-0018,121,0,0.1826,0.8222
1995-1837-0018,1221,0,0.0079,0.8337
1995-1837-0018,1284,0,-0.0382,0.6951
1995-1837-0018,1580,0,-0.122,0.7097
1995-1837-0018,1995,1,0.0233,0.76
1995-1837-0018,2094,0,0.0417,0.8255
1995-1837-0018,237,0,-0.0415,0.7879
1995-1837-0018,2961,0,-0.0228,0.7465
1995-1837-0018,3570,0,0.0114,0.7897
1995-1837-0018,3575,0,-0.1463,0.7466
1995-1837-0018,3729,0,-0.0581,0.8705
1995-1837-0018,4446,0,-0.0361,0.7824
1995-1837-0018,4507,0,-0.0506,0.853
1995-1837-0018,4970,0,-0.1276,0.7705
1995-1837-0018,4992,0,0.0349,0.8529
1995-1837-0018,5142,0,0.0256,0.7896
1995-1837-0018,5683,0,-0.0944,0.748
1995-1837-0018,6829,0,0.0982,0.8673
1995-1837-0018,8463,0,0.048,0.8632
1995-1837-0018,8555,0,0.0215,0.7488
1995-1837-0026,121,0,0.108,0.7547
1995-1837-0026,1221,0,-0.0595,0.8701
1995-1837-0026,1284,0,-0.098,0.7305
1995-1837-0026,1580,0,-0.1867,0.7084
1995-1837-0026,1995,1,-0.0152,0.7677
1995-1837-0026,2094,0,0.1009,0.8488
1995-1837-0026,237,0,-0.0279,0.7949
1995-1837-0026,2961,0,0.0283,0.6575
1995-1837-0026,3570,0,-0.0406,0.7132
1995-1837-0026,3575,0,-0.0852,0.7466
1995-1837-0026,3729,0,-0.0872,0.8586
1995-1837-0026,4446,0,-0.0755,0.8126
1995-1837-0026,4507,0,-0.1108,0.8507
1995-1837-0026,4970,0,-0.0473,0.8251
1995-1837-0026,4992,0,-0.0323,0.8724
1995-1837-0026,5142,0,0.1123,0.8653
1995-1837-0026,5683,0,-0.0391,0.7683
1995-1837-0026,6829,0,0.076,0.9078
1995-1837-0026,8463,0,-0.003,0.8643
1995-1837-0026,8555,0,0.0419,0.8037
2094-142345-0001,121,0,0.1244,0.7835
2094-142345-0001,1221,0,-0.0212,0.8699
2094-142345-0001,1284,0,-0.0396,0.7913
2094-142345-0001,1580,0,-0.0451,0.7692
2094-142345-0001,1995,0,0.0608,0.7862
2094-142345-0001,2094,1,0.1799,0.8941
2094-142345-0001,237,0,-0.0139,0.8312
2094-142345-0001,2961,0,0.0717,0.6925
2094-142345-0001,3570,0,0.0545,0.7303
2094-142345-0001,3575,0,-0.1241,0.7696
2094-142345-0001,3729,0,-0.0195,0.8573
2094-142345-0001,4446,0,0.0923,0.8441
2094-142345-0001,4507,0,-0.1295,0.8287
2094-142345-0001,4970,0,0.1337,0.811
2094-142345-0001,4992,0,0.0042,0.875
2094-142345-0001,5142,0,0.0614,0.8231
2094-142345-0001,5683,0,-0.0339,0.7867
2094-142345-0001,6829,0,0.1366,0.8971
2094-142345-0001,8463,0,0.0567,0.8813
2094-142345-0001,8555,0,0.0135,0.7612
2094-142345-0013,121,0,0.1406,0.721
2094-142345-0013,1221,0,0.0147,0.833
2094-142345-0013,1284,0,-0.1015,0.7306
2094-142345-0013,1580,0,-0.1097,0.7137
2094-142345-0013,1995,0,-0.0287,0.6964
2094-142345-0013,2094,1,0.1729,0.8421
2094-142345-0013,237,0,-0.0032,0.7599
2094-142345-0013,2961,0,0.0361,0.6165
2094-142345-0013,3570,0,0.0217,0.668
2094-142345-0013,3575,0,-0.1207,0.7264
2094-142345-0013,3729,0,0.0134,0.8193
2094-142345-0013,4446,0,0.052,0.8003
2094-142345-0013,4507,0,-0.1151,0.8064
2094-142345-0013,4970,0,0.0817,0.7952
2094-142345-0013,4992,0,0.0021,0.8232
2094-142345-0013,5142,0,0.068,0.7994
2094-142345-0013,5683,0,-0.0484,0.7412
2094-142345-0013,6829,0,0.1021,0.8756
2094-142345-0013,8463,0,0.0527,0.828
2094-142345-0013,8555,0,0.0477,0.7233
2094-142345-0021,121,0,0.015,0.7778
2094-142345-0021,1221,0,0.0678,0.8711
2094-142345-0021,1284,0,-0.0141,0.813
2094-142345-0021,1580,0,-0.0444,0.785
2094-142345-0021,1995,0,0.039,0.7977
2094-142345-0021,2094,1,0.1358,0.9072
2094-142345-0021,237,0,0.0813,0.817
2094-142345-0021,2961,0,0.0537,0.6912
2094-142345-0021,3570,0,0.0798,0.6862
2094-142345-0021,3575,0,-0.2057,0.7067
2094-142345-0021,3729,0,0.0163,0.8543
2094-142345-0021,4446,0,0.085,0.8716
2094-142345-0021,4507,0,-0.0572,0.8252
2094-142345-0021,4970,0,0.1103,0.7659
2094-142345-0021,4992,0,0.0529,0.89
2094-142345-0021,5142,0,0.151,0.841
2094-142345-0021,5683,0,-0.025,0.7641
2094-142345-0021,6829,0,0.0461,0.8963
2094-142345-0021,8463,0,0.1254,0.896
2094-142345-0021,8555,0,0.0638,0.7501
2094-142345-0024,121,0,0.1278,0.6994
2094-142345-0024,1221,0,0.1148,0.8502
2094-142345-0024,1284,0,-0.0064,0.815
2094-142345-0024,1580,0,-0.0394,0.7724
2094-142345-0024,1995,0,-0.0639,0.7766
2094-142345-0024,2094,1,0.1229,0.8327
2094-142345-0024,237,0,0.1667,0.7842
2094-142345-0024,2961,0,-0.0021,0.5962
2094-142345-0024,3570,0,0.0349,0.6225
2094-142345-0024,3575,0,-0.0454,0.646
2094-142345-0024,3729,0,0.0335,0.7873
2094-142345-0024,4446,0,0.1081,0.8433
2094-142345-0024,4507,0,0.0178,0.7878
2094-142345-0024,4970,0,0.0846,0.7481
2094-142345-0024,4992,0,0.1193,0.8557
2094-142345-0024,5142,0,0.1652,0.8507
2094-142345-0024,5683,0,0.1475,0.7493
2094-142345-0024,6829,0,0.1066,0.8347
2094-142345-0024,8463,0,0.1471,0.8505
2094-142345-0024,8555,0,0.0606,0.7769
2094-142345-0028,121,0,0.0932,0.7035
2094-142345-0028,1221,0,0.0221,0.849
2094-142345-0028,1284,0,-0.04,0.7255
2094-142345-0028,1580,0,-0.1092,0.7166
2094-142345-0028,1995,0,0.0398,0.6875
2094-142345-0028,2094,1,0.2041,0.8243
2094-142345-0028,237,0,-0.0289,0.7566
2094-142345-0028,2961,0,-0.033,0.5975
2094-142345-0028,3570,0,0.0336,0.662
2094-142345-0028,3575,0,-0.1276,0.7536
2094-142345-0028,3729,0,-0.0266,0.8173
2094-142345-0028,4446,0,0.0192,0.796
2094-142345-0028,4507,0,-0.1064,0.8073
2094-142345-0028,4970,0,0.0437,0.8367
2094-142345-0028,4992,0,0.0176,0.8259
2094-142345-0028,5142,0,0.0203,0.816
2094-142345-0028,5683,0,-0.0589,0.7708
2094-142345-0028,6829,0,0.1057,0.8877
2094-142345-0028,8463,0,0.0601,0.8273
2094-142345-0028,8555,0,0.0196,0.7524
2094-142345-0034,121,0,0.1254,0.8384
2094-142345-0034,1221,0,0.0231,0.8837
2094-142345-0034,1284,0,-0.0904,0.8169
2094-142345-0034,1580,0,-0.0822,0.8104
2094-142345-0034,1995,0,-0.0237,0.8453
2094-142345-0034,2094,1,0.2543,0.9208
2094-142345-0034,237,0,-0.0112,0.8499
2094-142345-0034,2961,0,0.0259,0.738
2094-142345-0034,3570,0,0.0023,0.7514
2094-142345-0034,3575,0,-0.1061,0.7404
2094-142345-0034,3729,0,-0.0627,0.884
2094-142345-0034,4446,0,0.0153,0.8751
2094-142345-0034,4507,0,-0.0934,0.8518
2094-142345-0034,4970,0,0.0425,0.7583
2094-142345-0034,4992,0,0.0652,0.9194
2094-142345-0034,5142,0,0.0875,0.8342
2094-142345-0034,5683,0,-0.0968,0.7818
2094-142345-0034,6829,0,0.1991,0.8887
2094-142345-0034,8463,0,0.0647,0.9196
2094-142345-0034,8555,0,0.08,0.7724
2094-142345-0036,121,0,0.1142,0.7763
2094-142345-0036,1221,0,-0.0453,0.872
2094-142345-0036,1284,0,-0.0622,0.7353
2094-142345-0036,1580,0,-0.0979,0.7412
2094-142345-0036,1995,0,-0.0344,0.7661
2094-142345-0036,2094,1,0.1803,0.8826
2094-142345-0036,237,0,-0.0203,0.7922
2094-142345-0036,2961,0,-0.0083,0.6738
2094-142345-0036,3570,0,0.0096,0.7153
2094-142345-0036,3575,0,-0.1352,0.7763
2094-142345-0036,3729,0,-0.0872,0.862
2094-142345-0036,4446,0,-0.0247,0.8123
2094-142345-0036,4507,0,-0.1376,0.8518
2094-142345-0036,4970,0,0.1179,0.8137
2094-142345-0036,4992,0,0.0545,0.8792
2094-142345-0036,5142,0,0.002,0.839
2094-142345-0036,5683,0,-0.179,0.782
2094-142345-0036,6829,0,0.1736,0.9173
2094-142345-0036,8463,0,0.0396,0.8768
2094-142345-0036,8555,0,0.0197,0.7808
2094-142345-0037,121,0,0.1539,0.6769
2094-142345-0037,1221,0,-0.0299,0.8481
2094-142345-0037,1284,0,-0.0705,0.7655
2094-142345-0037,1580,0,-0.0742,0.7276
2094-142345-0037,1995,0,-0.0122,0.7073
2094-142345-0037,2094,1,0.1934,0.8511
2094-142345-0037,237,0,0.0456,0.7687
2094-142345-0037,2961,0,0.046,0.5581
2094-142345-0037,3570,0,0.0487,0.6141
2094-142345-0037,3575,0,-0.0424,0.7102
2094-142345-0037,3729,0,-0.0815,0.8052
2094-142345-0037,4446,0,-0.0222,0.8227
2094-142345-0037,4507,0,-0.1114,0.806
2094-142345-0037,4970,0,0.1691,0.8135
2094-142345-0037,4992,0,-0.0083,0.8326
2094-142345-0037,5142,0,0.0214,0.8478
2094-142345-0037,5683,0,-0.0563,0.7555
2094-142345-0037,6829,0,0.2028,0.8869
2094-142345-0037,8463,0,-0.0107,0.8213
2094-142345-0037,8555,0,0.0995,0.7604
2094-142345-0049,121,0,0.0504,0.7366
2094-142345-0049,1221,0,0.0682,0.863
2094-142345-0049,1284,0,-0.0237,0.7983
2094-142345-0049,1580,0,-0.0434,0.756
2094-142345-0049,1995,0,-0.0095,0.7862
2094-142345-0049,2094,1,0.3119,0.8908
2094-142345-0049,237,0,0.0424,0.7919
2094-142345-0049,2961,0,0.0366,0.6191
2094-142345-0049,3570,0,0.077,0.6282
2094-142345-0049,3575,0,-0.0958,0.6713
2094-142345-0049,3729,0,-0.0649,0.8312
2094-142345-0049,4446,0,0.015,0.8574
2094-142345-0049,4507,0,-0.0687,0.7939
2094-142345-0049,4970,0,0.1016,0.7508
2094-142345-0049,4992,0,0.067,0.8912
2094-142345-0049,5142,0,0.1423,0.8561
2094-142345-0049,5683,0,-0.0394,0.7472
2094-142345-0049,6829,0,0.1581,0.877
2094-142345-0049,8463,0,0.0001,0.8893
2094-142345-0049,8555,0,0.1065,0.7548
2094-142345-0052,121,0,0.0831,0.8264
2094-142345-0052,1221,0,0.0475,0.8658
2094-142345-0052,1284,0,-0.1065,0.8314
2094-142345-0052,1580,0,-0.0325,0.8369
2094-142345-0052,1995,0,-0.0618,0.8385
2094-142345-0052,2094,1,0.2401,0.9343
2094-142345-0052,237,0,0.1119,0.8612
2094-142345-0052,2961,0,0.0668,0.7291
2094-142345-0052,3570,0,0.0404,0.7512
2094-142345-0052,3575,0,-0.1211,0.7666
2094-142345-0052,3729,0,-0.0683,0.8612
2094-142345-0052,4446,0,0.036,0.8681
2094-142345-0052,4507,0,-0.0235,0.8449
2094-142345-0052,4970,0,0.0866,0.7584
2094-142345-0052,4992,0,-0.0094,0.8912
2094-142345-0052,5142,0,0.1635,0.8042
2094-142345-0052,5683,0,0.0229,0.8015
2094-142345-0052,6829,0,0.1979,0.8768
2094-142345-0052,8463,0,-0.0596,0.8714
2094-142345-0052,8555,0,0.128,0.7637
2300-131720-0001,1089,0,-0.0203,0.6973
2300-131720-0001,1188,0,-0.0611,0.7019
2300-131720-0001,1320,0,0.1036,0.7241
2300-131720-0001,2300,1,0.1818,0.8196
2300-131720-0001,260,0,0.0559,0.749
2300-131720-0001,2830,0,-0.0361,0.623
2300-131720-0001,4077,0,0.1577,0.7565
2300-131720-0001,5105,0,0.0486,0.7663
2300-131720-0001,5639,0,-0.014,0.6453
2300-131720-0001,61,0,0.1541,0.7957
2300-131720-0001,672,0,0.0384,0.7154
2300-131720-0001,6930,0,0.1716,0.6297
2300-131720-0001,7021,0,0.0583,0.8184
2300-131720-0001,7127,0,0.0839,0.6784
2300-131720-0001,7176,0,0.1165,0.7319
2300-131720-0001,7729,0,0.0113,0.851
2300-131720-0001,8224,0,0.1591,0.6087
2300-131720-0001,8230,0,-0.087,0.6324
2300-131720-0001,8455,0,0.0461,0.6714
2300-131720-0001,908,0,0.1105,0.8143
2300-131720-0002,1089,0,-0.0534,0.6796
2300-131720-0002,1188,0,-0.0503,0.6838
2300-131720-0002,1320,0,0.1136,0.7069
2300-131720-0002,2300,1,0.178,0.7958
2300-131720-0002,260,0,0.0948,0.7441
2300-131720-0002,2830,0,-0.0805,0.6058
2300-131720-0002,4077,0,0.1426,0.7475
2300-131720-0002,5105,0,0.0332,0.7473
2300-131720-0002,5639,0,-0.0314,0.6572
2300-131720-0002,61,0,0.161,0.7906
2300-131720-0002,672,0,0.0561,0.7149
2300-131720-0002,6930,0,0.1531,0.6339
2300-131720-0002,7021,0,0.0626,0.7911
2300-131720-0002,7127,0,0.0668,0.6532
2300-131720-0002,7176,0,0.1325,0.7258
2300-131720-0002,7729,0,0.0239,0.8424
2300-131720-0002,8224,0,0.1317,0.6321
2300-131720-0002,8230,0,-0.1025,0.6205
2300-131720-0002,8455,0,0.0368,0.6638
2300-131720-0002,908,0,0.097,0.8159
2300-131720-0005,1089,0,-0.0325,0.6366
2300-131720-0005,1188,0,-0.0683,0.6726
2300-131720-0005,1320,0,0.0923,0.6728
2300-131720-0005,2300,1,0.167,0.7687
2300-131720-0005,260,0,0.0848,0.6974
2300-131720-0005,2830,0,-0.0336,0.6158
2300-131720-0005,4077,0,0.1644,0.7046
2300-131720-0005,5105,0,0.091,0.7194
2300-131720-0005,5639,0,-0.0039,0.6259
2300-131720-0005,61,0,0.1405,0.7435
2300-131720-0005,672,0,0.0278,0.6434
2300-131720-0005,6930,0,0.0995,0.5808
2300-131720-0005,7021,0,0.0813,0.7601
2300-131720-0005,7127,0,0.0713,0.6546
2300-131720-0005,7176,0,0.147,0.6748
2300-131720-0005,7729,0,0.056,0.8459
2300-131720-0005,8224,0,0.1947,0.5703
2300-131720-0005,8230,0,-0.0219,0.5912
2300-131720-0005,8455,0,0.0582,0.603
2300-131720-0005,908,0,0.0535,0.7554
2300-131720-0010,1089,0,-0.0906,0.6655
2300-131720-0010,1188,0,-0.0635,0.6763
2300-131720-0010,1320,0,0.1023,0.6803
2300-131720-0010,2300,1,0.1925,0.7628
2300-131720-0010,260,0,0.1299,0.7253
2300-131720-0010,2830,0,0.0215,0.6017
2300-131720-0010,4077,0,0.099,0.7286
2300-131720-0010,5105,0,0.11,0.7303
2300-131720-0010,5639,0,0.01,0.6469
2300-131720-0010,61,0,0.138,0.7839
2300-131720-0010,672,0,0.0911,0.6867
2300-131720-0010,6930,0,0.1244,0.5873
2300-131720-0010,7021,0,0.1137,0.78
2300-131720-0010,7127,0,0.0322,0.6411
2300-131720-0010,7176,0,0.1636,0.7162
2300-131720-0010,7729,0,0.0635,0.8486
2300-131720-0010,8224,0,0.2052,0.5826
2300-131720-0010,8230,0,-0.0764,0.6148
2300-131720-0010,8455,0,0.07,0.6154
2300-131720-0010,908,0,0.0874,0.8062
2300-131720-0012,1089,0,0.0379,0.6804
2300-131720-0012,1188,0,-0.0307,0.678
2300-131720-0012,1320,0,0.1412,0.7076
2300-131720-0012,2300,1,0.2039,0.8191
2300-131720-0012,260,0,0.113,0.7164
2300-131720-0012,2830,0,-0.0178,0.5741
2300-131720-0012,4077,0,0.2002,0.7721
2300-131720-0012,5105,0,0.1034,0.7337
2300-131720-0012,5639,0,0.0419,0.6433
2300-131720-0012,61,0,0.1429,0.7536
2300-131720-0012,672,0,0.0695,0.6936
2300-131720-0012,6930,0,0.205,0.5854
2300-131720-0012,7021,0,0.0751,0.7832
2300-131720-0012,7127,0,0.1314,0.6775
2300-131720-0012,7176,0,0.1008,0.6877
2300-131720-0012,7729,0,0.0173,0.8619
2300-131720-0012,8224,0,0.1733,0.5994
2300-131720-0012,8230,0,-0.0257,0.5894
2300-131720-0012,8455,0,0.1108,0.6679
2300-131720-0012,908,0,0.0307,0.7889
2300-131720-0013,1089,0,-0.0207,0.6922
2300-131720-0013,1188,0,-0.0962,0.6951
2300-131720-0013,1320,0,0.1101,0.7201
2300-131720-0013,2300,1,0.1918,0.8134
2300-131720-0013,260,0,0.0474,0.7366
2300-131720-0013,2830,0,-0.0357,0.6227
2300-131720-0013,4077,0,0.1722,0.7494
2300-131720-0013,5105,0,0.1072,0.7582
2300-131720-0013,5639,0,0.0518,0.6529
2300-131720-0013,61,0,0.1629,0.7857
2300-131720-0013,672,0,0.0461,0.7066
2300-131720-0013,6930,0,0.2056,0.6289
2300-131720-0013,7021,0,0.0653,0.8045
2300-131720-0013,7127,0,0.0391,0.6766
2300-131720-0013,7176,0,0.1618,0.7193
2300-131720-0013,7729,0,0.0483,0.8533
2300-131720-0013,8224,0,0.1559,0.6154
2300-131720-0013,8230,0,-0.0291,0.6288
2300-131720-0013,8455,0,0.0238,0.6632
2300-131720-0013,908,0,0.0686,0.8055
2300-131720-0021,1089,0,0.0207,0.7025
2300-131720-0021,1188,0,-0.0605,0.6913
2300-131720-0021,1320,0,0.142,0.7403
2300-131720-0021,2300,1,0.2061,0.8413
2300-131720-0021,260,0,0.0838,0.7386
2300-131720-0021,2830,0,-0.0526,0.6075
2300-131720-0021,4077,0,0.1625,0.7854
2300-131720-0021,5105,0,0.0673,0.7713
2300-131720-0021,5639,0,-0.0044,0.6576
2300-131720-0021,61,0,0.1811,0.7766
2300-131720-0021,672,0,0.0325,0.7152
2300-131720-0021,6930,0,0.1824,0.6385
2300-131720-0021,7021,0,0.0738,0.8151
2300-131720-0021,7127,0,0.0817,0.7054
2300-131720-0021,7176,0,0.0934,0.7078
2300-131720-0021,7729,0,0.017,0.8737
2300-131720-0021,8224,0,0.1495,0.6107
2300-131720-0021,8230,0,-0.0591,0.6129
2300-131720-0021,8455,0,0.0664,0.6958
2300-131720-0021,908,0,0.0238,0.8091
2300-131720-0034,1089,0,0.0,0.6515
2300-131720-0034,1188,0,-0.0546,0.633
2300-131720-0034,1320,0,0.0776,0.6879
2300-131720-0034,2300,1,0.1085,0.8117
2300-131720-0034,260,0,0.1116,0.6969
2300-131720-0034,2830,0,-0.0753,0.5462
2300-131720-0034,4077,0,0.1716,0.7274
2300-131720-0034,5105,0,0.0876,0.7208
2300-131720-0034,5639,0,0.0228,0.5951
2300-131720-0034,61,0,0.1229,0.7494
2300-131720-0034,672,0,0.0614,0.6741
2300-131720-0034,6930,0,0.1954,0.5897
2300-131720-0034,7021,0,0.0455,0.7865
2300-131720-0034,7127,0,0.0215,0.6323
2300-131720-0034,7176,0,0.1872,0.6832
2300-131720-0034,7729,0,0.0301,0.814
2300-131720-0034,8224,0,0.1405,0.5693
2300-131720-0034,8230,0,-0.0805,0.5663
2300-131720-0034,8455,0,0.0618,0.6429
2300-131720-0034,908,0,0.1044,0.7942
2300-131720-0037,1089,0,-0.058,0.702
2300-131720-0037,1188,0,-0.0675,0.7185
2300-131720-0037,1320,0,0.0827,0.6986
2300-131720-0037,2300,1,0.1689,0.7075
2300-131720-0037,260,0,0.0786,0.754
2300-131720-0037,2830,0,-0.0136,0.6743
2300-131720-0037,4077,0,0.0964,0.7009
2300-131720-0037,5105,0,0.0675,0.7707
2300-131720-0037,5639,0,-0.0495,0.701
2300-131720-0037,61,0,0.118,0.8255
2300-131720-0037,672,0,0.053,0.7211
2300-131720-0037,6930,0,0.1136,0.6444
2300-131720-0037,7021,0,0.1009,0.8023
2300-131720-0037,7127,0,0.0368,0.6449
2300-131720-0037,7176,0,0.1386,0.7561
2300-131720-0037,7729,0,0.0665,0.8647
2300-131720-0037,8224,0,0.1835,0.6307
2300-131720-0037,8230,0,-0.0782,0.6853
2300-131720-0037,8455,0,0.0446,0.6048
2300-131720-0037,908,0,0.091,0.8494
2300-131720-0040,1089,0,-0.0226,0.692
2300-131720-0040,1188,0,-0.0195,0.6703
2300-131720-0040,1320,0,0.104,0.7132
2300-131720-0040,2300,1,0.1733,0.832
2300-131720-0040,260,0,0.0583,0.7114
2300-131720-0040,2830,0,-0.0437,0.5823
2300-131720-0040,4077,0,0.1652,0.7663
2300-131720-0040,5105,0,0.0648,0.7445
2300-131720-0040,5639,0,-0.0042,0.6309
2300-131720-0040,61,0,0.1567,0.7575
2300-131720-0040,672,0,0.0852,0.6889
2300-131720-0040,6930,0,0.1067,0.6047
2300-131720-0040,7021,0,0.1257,0.8073
2300-131720-0040,7127,0,0.1127,0.6847
2300-131720-0040,7176,0,0.1696,0.6981
2300-131720-0040,7729,0,0.0466,0.8576
2300-131720-0040,8224,0,0.1397,0.5715
2300-131720-0040,8230,0,-0.0647,0.5996
2300-131720-0040,8455,0,0.0468,0.6647
2300-131720-0040,908,0,0.2067,0.7989
237-126133-0006,121,0,0.0582,0.8713
237-126133-0006,1221,0,0.0483,0.7203
237-126133-0006,1284,0,-0.005,0.7003
237-126133-0006,1580,0,-0.0952,0.732
237-126133-0006,1995,0,-0.1131,0.8066
237-126133-0006,2094,0,-0.0216,0.7858
237-126133-0006,237,1,0.1167,0.8024
237-126133-0006,2961,0,-0.0476,0.8625
237-126133-0006,3570,0,-0.0789,0.8943
237-126133-0006,3575,0,-0.0537,0.7594
237-126133-0006,3729,0,-0.1144,0.7845
237-126133-0006,4446,0,0.0336,0.706
237-126133-0006,4507,0,-0.1804,0.7907
237-126133-0006,4970,0,0.058,0.6413
237-126133-0006,4992,0,0.065,0.7474
237-126133-0006,5142,0,0.0691,0.6094
237-126133-0006,5683,0,-0.0675,0.6894
237-126133-0006,6829,0,0.1445,0.7172
237-126133-0006,8463,0,0.0853,0.7602
237-126133-0006,8555,0,0.0911,0.6561
237-126133-0019,121,0,0.0934,0.8165
237-126133-0019,1221,0,0.0839,0.866
237-126133-0019,1284,0,-0.0621,0.8182
237-126133-0019,1580,0,-0.0283,0.8145
237-126133-0019,1995,0,-0.0948,0.7953
237-126133-0019,2094,0,0.0852,0.8635
237-126133-0019,237,1,0.0882,0.8579
237-126133-0019,2961,0,0.0223,0.7289
237-126133-0019,3570,0,0.0074,0.7902
237-126133-0019,3575,0,-0.0797,0.7498
237-126133-0019,3729,0,-0.0594,0.8584
237-126133-0019,4446,0,0.0306,0.8594
237-126133-0019,4507,0,-0.1539,0.8338
237-126133-0019,4970,0,0.0676,0.7795
237-126133-0019,4992,0,0.087,0.8672
237-126133-0019,5142,0,0.1359,0.7936
237-126133-0019,5683,0,-0.0902,0.7846
237-126133-0019,6829,0,0.1276,0.8419
237-126133-0019,8463,0,0.0615,0.875
237-126133-0019,8555,0,0.0335,0.7599
237-126133-0021,121,0,0.15,0.8179
237-126133-0021,1221,0,0.0855,0.9082
237-126133-0021,1284,0,-0.0373,0.7832
237-126133-0021,1580,0,-0.0631,0.8162
237-126133-0021,1995,0,-0.0197,0.7674
237-126133-0021,2094,0,0.0724,0.8783
237-126133-0021,237,1,0.0691,0.8631
237-126133-0021,2961,0,0.0419,0.7047
237-126133-0021,3570,0,0.0052,0.772
237-126133-0021,3575,0,-0.0252,0.7598
237-126133-0021,3729,0,-0.0495,0.8964
237-126133-0021,4446,0,0.0436,0.8805
237-126133-0021,4507,0,-0.1948,0.8741
237-126133-0021,4970,0,0.0152,0.7985
237-126133-0021,4992,0,0.0661,0.8967
237-126133-0021,5142,0,0.0153,0.828
237-126133-0021,5683,0,-0.1266,0.8221
237-126133-0021,6829,0,0.0999,0.8922
237-126133-0021,8463,0,0.0202,0.8845
237-126133-0021,8555,0,-0.0807,0.7908
237-126133-0022,121,0,0.1386,0.8634
237-126133-0022,1221,0,0.0867,0.8078
237-126133-0022,1284,0,-0.0511,0.7429
237-126133-0022,1580,0,-0.0527,0.7717
237-126133-0022,1995,0,-0.0726,0.7994
237-126133-0022,2094,0,0.0349,0.8417
237-126133-0022,237,1,0.0734,0.8631
237-126133-0022,2961,0,-0.0206,0.8108
237-126133-0022,3570,0,-0.0023,0.8733
237-126133-0022,3575,0,-0.0811,0.7511
237-126133-0022,3729,0,-0.061,0.8577
237-126133-0022,4446,0,-0.0226,0.8003
237-126133-0022,4507,0,-0.1945,0.8211
237-126133-0022,4970,0,0.0562,0.6954
237-126133-0022,4992,0,0.0546,0.8334
237-126133-0022,5142,0,0.0086,0.6985
237-126133-0022,5683,0,-0.1513,0.7347
237-126133-0022,6829,0,0.1131,0.796
237-126133-0022,8463,0,0.0032,0.8336
237-126133-0022,8555,0,-0.0216,0.7
237-134493-0016,121,0,0.0402,0.843
237-134493-0016,1221,0,0.0912,0.8631
237-134493-0016,1284,0,-0.0408,0.7451
237-134493-0016,1580,0,-0.0412,0.7831
237-134493-0016,1995,0,-0.0657,0.7823
237-134493-0016,2094,0,0.0448,0.8517
237-134493-0016,237,1,0.0909,0.8596
237-134493-0016,2961,0,-0.0211,0.7409
237-134493-0016,3570,0,-0.0548,0.8333
237-134493-0016,3575,0,-0.0031,0.7841
237-134493-0016,3729,0,-0.1353,0.878
237-134493-0016,4446,0,-0.005,0.8269
237-134493-0016,4507,0,-0.2036,0.8666
237-134493-0016,4970,0,0.0836,0.7738
237-134493-0016,4992,0,0.074,0.864
237-134493-0016,5142,0,-0.0032,0.7735
237-134493-0016,5683,0,-0.0788,0.7876
237-134493-0016,6829,0,0.1696,0.8458
237-134493-0016,8463,0,0.0744,0.8488
237-134493-0016,8555,0,0.0117,0.7745
237-134493-0018,121,0,0.1062,0.8288
237-134493-0018,1221,0,0.0415,0.7982
237-134493-0018,1284,0,-0.0679,0.6934
237-134493-0018,1580,0,-0.0645,0.7392
237-134493-0018,1995,0,-0.0097,0.7815
237-134493-0018,2094,0,0.066,0.8216
237-134493-0018,237,1,0.0664,0.8291
237-134493-0018,2961,0,-0.0492,0.7757
237-134493-0018,3570,0,-0.0511,0.8451
237-134493-0018,3575,0,0.0725,0.8065
237-134493-0018,3729,0,-0.1511,0.8176
237-134493-0018,4446,0,-0.042,0.7472
237-134493-0018,4507,0,-0.1935,0.8145
237-134493-0018,4970,0,0.1092,0.7533
237-134493-0018,4992,0,0.0262,0.8083
237-134493-0018,5142,0,0.017,0.703
237-134493-0018,5683,0,-0.054,0.7522
237-134493-0018,6829,0,0.1584,0.8021
237-134493-0018,8463,0,0.057,0.8115
237-134493-0018,8555,0,0.0385,0.7333
237-134500-0010,121,0,0.0706,0.9127
237-134500-0010,1221,0,0.0773,0.8465
237-134500-0010,1284,0,-0.037,0.7898
237-134500-0010,1580,0,-0.0517,0.866
237-134500-0010,1995,0,-0.0445,0.8394
237-134500-0010,2094,0,0.0176,0.8772
237-134500-0010,237,1,0.0923,0.9069
237-134500-0010,2961,0,-0.1057,0.8476
237-134500-0010,3570,0,-0.1451,0.9077
237-134500-0010,3575,0,-0.0814,0.8168
237-134500-0010,3729,0,-0.1409,0.8789
237-134500-0010,4446,0,0.1056,0.8297
237-134500-0010,4507,0,-0.1458,0.8762
237-134500-0010,4970,0,0.0543,0.7267
237-134500-0010,4992,0,0.066,0.8544
237-134500-0010,5142,0,-0.0029,0.7104
237-134500-0010,5683,0,-0.02,0.8281
237-134500-0010,6829,0,0.2414,0.8094
237-134500-0010,8463,0,0.068,0.8333
237-134500-0010,8555,0,0.034,0.7611
237-134500-0013,121,0,0.0601,0.7971
237-134500-0013,1221,0,0.071,0.8357
237-134500-0013,1284,0,-0.087,0.7086
237-134500-0013,1580,0,-0.099,0.7543
237-134500-0013,1995,0,-0.0686,0.7558
237-134500-0013,2094,0,-0.0021,0.8187
237-134500-0013,237,1,0.056,0.8348
237-134500-0013,2961,0,-0.005,0.6944
237-134500-0013,3570,0,-0.1304,0.8115
237-134500-0013,3575,0,-0.0139,0.8337
237-134500-0013,3729,0,-0.1658,0.8324
237-134500-0013,4446,0,-0.0111,0.7715
237-134500-0013,4507,0,-0.2147,0.8384
237-134500-0013,4970,0,0.1098,0.8295
237-134500-0013,4992,0,0.0677,0.8256
237-134500-0013,5142,0,0.0,0.7661
237-134500-0013,5683,0,-0.0665,0.8
237-134500-0013,6829,0,0.1402,0.8243
237-134500-0013,8463,0,0.1586,0.8235
237-134500-0013,8555,0,-0.0401,0.8006
237-134500-0014,121,0,0.1593,0.8495
237-134500-0014,1221,0,0.0925,0.769
237-134500-0014,1284,0,-0.0729,0.6832
237-134500-0014,1580,0,-0.1228,0.7332
237-134500-0014,1995,0,-0.0479,0.7876
237-134500-0014,2094,0,0.0658,0.783
237-134500-0014,237,1,0.1404,0.8344
237-134500-0014,2961,0,0.0729,0.8137
237-134500-0014,3570,0,-0.0256,0.8938
237-134500-0014,3575,0,0.0156,0.7555
237-134500-0014,3729,0,-0.1075,0.8125
237-134500-0014,4446,0,0.0194,0.7339
237-134500-0014,4507,0,-0.1833,0.7986
237-134500-0014,4970,0,0.0226,0.6798
237-134500-0014,4992,0,0.056,0.7915
237-134500-0014,5142,0,0.0139,0.6524
237-134500-0014,5683,0,-0.0773,0.7046
237-134500-0014,6829,0,0.1512,0.7408
237-134500-0014,8463,0,0.1287,0.7858
237-134500-0014,8555,0,-0.0526,0.7043
237-134500-0018,121,0,0.0699,0.8087
237-134500-0018,1221,0,0.0665,0.8098
237-134500-0018,1284,0,-0.0844,0.706
237-134500-0018,1580,0,-0.0786,0.7549
237-134500-0018,1995,0,-0.0589,0.7543
237-134500-0018,2094,0,-0.0182,0.8106
237-134500-0018,237,1,0.1091,0.844
237-134500-0018,2961,0,-0.056,0.7231
237-134500-0018,3570,0,-0.1161,0.8315
237-134500-0018,3575,0,-0.0093,0.7993
237-134500-0018,3729,0,-0.2192,0.8225
237-134500-0018,4446,0,-0.0169,0.7665
237-134500-0018,4507,0,-0.2594,0.8149
237-134500-0018,4970,0,0.0963,0.7654
237-134500-0018,4992,0,0.0753,0.8093
237-134500-0018,5142,0,-0.0287,0.7103
237-134500-0018,5683,0,-0.0723,0.7682
237-134500-0018,6829,0,0.1369,0.7926
237-134500-0018,8463,0,0.1179,0.8049
237-134500-0018,8555,0,-0.0046,0.7426
260-123286-0000,1089,0,-0.0313,0.6407
260-123286-0000,1188,0,-0.0083,0.6892
260-123286-0000,1320,0,0.0882,0.6384
260-123286-0000,2300,0,0.13,0.6314
260-123286-0000,260,1,0.1767,0.7487
260-123286-0000,2830,0,0.0473,0.6501
260-123286-0000,4077,0,0.1475,0.6629
260-123286-0000,5105,0,0.1106,0.7021
260-123286-0000,5639,0,-0.0276,0.6472
260-123286-0000,61,0,0.0439,0.8112
260-123286-0000,672,0,0.0019,0.692
260-123286-0000,6930,0,0.1188,0.5875
260-123286-0000,7021,0,0.0616,0.7184
260-123286-0000,7127,0,0.0761,0.5812
260-123286-0000,7176,0,0.0128,0.7596
260-123286-0000,7729,0,-0.0509,0.7743
260-123286-0000,8224,0,0.129,0.6047
260-123286-0000,8230,0,-0.0721,0.6673
260-123286-0000,8455,0,0.0763,0.5646
260-123286-0000,908,0,0.0554,0.7918
260-123286-0003,1089,0,-0.037,0.6551
260-123286-0003,1188,0,-0.0481,0.7022
260-123286-0003,1320,0,0.1055,0.622
260-123286-0003,2300,0,0.1126,0.6014
260-123286-0003,260,1,0.2408,0.7665
260-123286-0003,2830,0,-0.0118,0.6366
260-123286-0003,4077,0,0.1969,0.6671
260-123286-0003,5105,0,0.0539,0.6734
260-123286-0003,5639,0,0.0677,0.6941
260-123286-0003,61,0,0.0352,0.8081
260-123286-0003,672,0,0.0902,0.7339
260-123286-0003,6930,0,0.2475,0.596
260-123286-0003,7021,0,0.0165,0.6903
260-123286-0003,7127,0,0.0136,0.5417
260-123286-0003,7176,0,0.0824,0.753
260-123286-0003,7729,0,-0.0589,0.7621
260-123286-0003,8224,0,0.1474,0.6659
260-123286-0003,8230,0,-0.139,0.6743
260-123286-0003,8455,0,0.079,0.5827
260-123286-0003,908,0,0.0466,0.8073
260-123286-0028,1089,0,-0.0645,0.5587
260-123286-0028,1188,0,-0.0858,0.6313
260-123286-0028,1320,0,0.0972,0.5354
260-123286-0028,2300,0,0.1018,0.4921
260-123286-0028,260,1,0.2338,0.6836
260-123286-0028,2830,0,-0.0146,0.6202
260-123286-0028,4077,0,0.1816,0.5588
260-123286-0028,5105,0,0.0941,0.5883
260-123286-0028,5639,0,-0.0318,0.6138
260-123286-0028,61,0,0.0551,0.7338
260-123286-0028,672,0,0.0346,0.6235
260-123286-0028,6930,0,0.1512,0.531
260-123286-0028,7021,0,0.0751,0.5949
260-123286-0028,7127,0,0.0073,0.4775
260-123286-0028,7176,0,0.056,0.6881
260-123286-0028,7729,0,0.013,0.6878
260-123286-0028,8224,0,0.1283,0.5412
260-123286-0028,8230,0,-0.1183,0.6174
260-123286-0028,8455,0,0.112,0.4713
260-123286-0028,908,0,0.0439,0.7149
260-123286-0030,1089,0,-0.0386,0.5847
260-123286-0030,1188,0,-0.0437,0.6517
260-123286-0030,1320,0,0.0949,0.5604
260-123286-0030,2300,0,0.0552,0.5266
260-123286-0030,260,1,0.1425,0.7019
260-123286-0030,2830,0,0.0194,0.6353
260-123286-0030,4077,0,0.1564,0.5774
260-123286-0030,5105,0,0.0818,0.6203
260-123286-0030,5639,0,-0.0264,0.614
260-123286-0030,61,0,0.0067,0.7626
260-123286-0030,672,0,-0.0299,0.6444
260-123286-0030,6930,0,0.1092,0.5354
260-123286-0030,7021,0,0.0777,0.6307
260-123286-0030,7127,0,-0.0322,0.5041
260-123286-0030,7176,0,0.0351,0.712
260-123286-0030,7729,0,0.0422,0.7005
260-123286-0030,8224,0,0.0505,0.5531
260-123286-0030,8230,0,-0.0487,0.6466
260-123286-0030,8455,0,0.0715,0.4909
260-123286-0030,908,0,0.0392,0.7246
260-123286-0031,1089,0,0.0047,0.5833
260-123286-0031,1188,0,0.0185,0.6348
260-123286-0031,1320,0,0.1208,0.5747
260-123286-0031,2300,0,0.0903,0.6008
260-123286-0031,260,1,0.1806,0.6819
260-123286-0031,2830,0,0.056,0.5766
260-123286-0031,4077,0,0.1625,0.6368
260-123286-0031,5105,0,0.0622,0.621
260-123286-0031,5639,0,0.0934,0.5977
260-123286-0031,61,0,-0.0221,0.7405
260-123286-0031,672,0,0.0148,0.626
260-123286-0031,6930,0,0.115,0.4878
260-123286-0031,7021,0,0.0101,0.6541
260-123286-0031,7127,0,0.0858,0.5383
260-123286-0031,7176,0,0.0296,0.6989
260-123286-0031,7729,0,0.0209,0.7409
260-123286-0031,8224,0,0.0547,0.5235
260-123286-0031,8230,0,-0.0636,0.594
260-123286-0031,8455,0,0.0898,0.5089
260-123286-0031,908,0,-0.01,0.7287
260-123288-0001,1089,0,0.0098,0.562
260-123288-0001,1188,0,-0.0418,0.6311
260-123288-0001,1320,0,0.0787,0.5306
260-123288-0001,2300,0,0.0578,0.4532
260-123288-0001,260,1,0.1957,0.6596
260-123288-0001,2830,0,0.0656,0.6343
260-123288-0001,4077,0,0.1644,0.5561
260-123288-0001,5105,0,0.0702,0.6199
260-123288-0001,5639,0,0.0048,0.6152
260-123288-0001,61,0,-0.0055,0.7316
260-123288-0001,672,0,0.0623,0.5973
260-123288-0001,6930,0,0.0916,0.4692
260-123288-0001,7021,0,0.0785,0.6202
260-123288-0001,7127,0,0.0023,0.5145
260-123288-0001,7176,0,0.0964,0.7017
260-123288-0001,7729,0,0.0413,0.6871
260-123288-0001,8224,0,0.0882,0.4927
260-123288-0001,8230,0,-0.0867,0.6307
260-123288-0001,8455,0,0.0266,0.4067
260-123288-0001,908,0,0.0442,0.7023
260-123288-0025,1089,0,-0.0131,0.6109
260-123288-0025,1188,0,0.0206,0.6718
260-123288-0025,1320,0,0.1333,0.595
260-123288-0025,2300,0,0.1424,0.5968
260-123288-0025,260,1,0.146,0.7209
260-123288-0025,2830,0,0.052,0.6324
260-123288-0025,4077,0,0.1573,0.6298
260-123288-0025,5105,0,0.0677,0.6449
260-123288-0025,5639,0,0.0365,0.6381
260-123288-0025,61,0,0.0412,0.775
260-123288-0025,672,0,0.0525,0.6649
260-123288-0025,6930,0,0.1168,0.5544
260-123288-0025,7021,0,0.0678,0.6672
260-123288-0025,7127,0,0.0769,0.5371
260-123288-0025,7176,0,0.0144,0.7211
260-123288-0025,7729,0,-0.0151,0.7534
260-123288-0025,8224,0,0.1042,0.5739
260-123288-0025,8230,0,-0.0721,0.6436
260-123288-0025,8455,0,0.1129,0.5375
260-123288-0025,908,0,0.0225,0.7573
260-123440-0012,1089,0,-0.0606,0.6175
260-123440-0012,1188,0,-0.0714,0.6802
260-123440-0012,1320,0,0.0395,0.6387
260-123440-0012,2300,0,0.0349,0.5524
260-123440-0012,260,1,0.0349,0.7212
260-123440-0012,2830,0,-0.0304,0.6979
260-123440-0012,4077,0,0.0247,0.634
260-123440-0012,5105,0,0.0805,0.7128
260-123440-0012,5639,0,-0.0713,0.6847
260-123440-0012,61,0,0.0235,0.7616
260-123440-0012,672,0,-0.0767,0.6887
260-123440-0012,6930,0,0.0511,0.5967
260-123440-0012,7021,0,-0.0045,0.6786
260-123440-0012,7127,0,0.0171,0.6046
260-123440-0012,7176,0,0.0048,0.7196
260-123440-0012,7729,0,-0.016,0.7339
260-123440-0012,8224,0,0.0572,0.6057
260-123440-0012,8230,0,-0.0671,0.6615
260-123440-0012,8455,0,0.0061,0.5341
260-123440-0012,908,0,0.025,0.7331
260-123440-0015,1089,0,-0.0143,0.5426
260-123440-0015,1188,0,-0.0156,0.6225
260-123440-0015,1320,0,0.1754,0.5384
260-123440-0015,2300,0,0.1347,0.5006
260-123440-0015,260,1,0.1469,0.6486
260-123440-0015,2830,0,0.0495,0.6255
260-123440-0015,4077,0,0.1091,0.565
260-123440-0015,5105,0,0.0803,0.6083
260-123440-0015,5639,0,-0.0413,0.5899
260-123440-0015,61,0,0.0065,0.7235
260-123440-0015,672,0,0.0454,0.5855
260-123440-0015,6930,0,0.1228,0.471
260-123440-0015,7021,0,0.0598,0.6052
260-123440-0015,7127,0,0.1221,0.5199
260-123440-0015,7176,0,0.0398,0.6775
260-123440-0015,7729,0,-0.0375,0.6874
260-123440-0015,8224,0,0.1063,0.4995
260-123440-0015,8230,0,-0.0331,0.6049
260-123440-0015,8455,0,0.1113,0.4344
260-123440-0015,908,0,0.0336,0.6677
260-123440-0016,1089,0,-0.0631,0.5887
260-123440-0016,1188,0,-0.0493,0.669
260-123440-0016,1320,0,0.097,0.587
260-123440-0016,2300,0,0.1457,0.5089
260-123440-0016,260,1,0.1418,0.691
260-123440-0016,2830,0,0.0559,0.6853
260-123440-0016,4077,0,-0.0104,0.5934
260-123440-0016,5105,0,0.0961,0.6628
260-123440-0016,5639,0,0.0168,0.6308
260-123440-0016,61,0,0.0342,0.7491
260-123440-0016,672,0,0.0316,0.628
260-123440-0016,6930,0,0.1586,0.5166
260-123440-0016,7021,0,0.1226,0.6463
260-123440-0016,7127,0,0.0952,0.571
260-123440-0016,7176,0,0.0393,0.712
260-123440-0016,7729,0,-0.0155,0.7168
260-123440-0016,8224,0,0.107,0.5183
260-123440-0016,8230,0,-0.0206,0.6546
260-123440-0016,8455,0,0.0085,0.4661
260-123440-0016,908,0,0.0625,0.7014
2830-3979-0006,1089,0,0.0026,0.6551
2830-3979-0006,1188,0,-0.0086,0.7352
2830-3979-0006,1320,0,0.0727,0.681
2830-3979-0006,2300,0,0.1537,0.6067
2830-3979-0006,260,0,0.1152,0.7833
2830-3979-0006,2830,1,0.0931,0.7481
2830-3979-0006,4077,0,0.111,0.6514
2830-3979-0006,5105,0,0.0882,0.7369
2830-3979-0006,5639,0,0.0795,0.6793
2830-3979-0006,61,0,0.0908,0.8055
2830-3979-0006,672,0,0.0137,0.7123
2830-3979-0006,6930,0,0.1925,0.6754
2830-3979-0006,7021,0,0.0618,0.7268
2830-3979-0006,7127,0,0.1101,0.6216
2830-3979-0006,7176,0,0.0686,0.7679
2830-3979-0006,7729,0,0.0508,0.7637
2830-3979-0006,8224,0,0.1057,0.6134
2830-3979-0006,8230,0,-0.0362,0.6926
2830-3979-0006,8455,0,-0.0146,0.5896
2830-3979-0006,908,0,-0.0173,0.7932
2830-3979-0011,1089,0,-0.0254,0.7142
2830-3979-0011,1188,0,-0.0539,0.7727
2830-3979-0011,1320,0,0.083,0.7314
2830-3979-0011,2300,0,0.0882,0.6565
2830-3979-0011,260,0,0.144,0.7943
2830-3979-0011,2830,1,0.1017,0.7613
2830-3979-0011,4077,0,0.0782,0.712
2830-3979-0011,5105,0,0.1587,0.7987
2830-3979-0011,5639,0,0.0487,0.7413
2830-3979-0011,61,0,0.0516,0.8186
2830-3979-0011,672,0,0.0568,0.7701
2830-3979-0011,6930,0,0.1144,0.6703
2830-3979-0011,7021,0,0.0839,0.7801
2830-3979-0011,7127,0,0.0395,0.6873
2830-3979-0011,7176,0,0.0303,0.7603
2830-3979-0011,7729,0,0.0455,0.8299
2830-3979-0011,8224,0,0.1296,0.6718
2830-3979-0011,8230,0,-0.0414,0.7177
2830-3979-0011,8455,0,0.0338,0.6266
2830-3979-0011,908,0,-0.0143,0.8222
2830-3980-0029,1089,0,-0.0297,0.5593
2830-3980-0029,1188,0,0.0006,0.6502
2830-3980-0029,1320,0,0.1118,0.5596
2830-3980-0029,2300,0,0.1176,0.511
2830-3980-0029,260,0,0.1435,0.7257
2830-3980-0029,2830,1,0.1517,0.6363
2830-3980-0029,4077,0,0.0255,0.5429
2830-3980-0029,5105,0,0.1351,0.5846
2830-3980-0029,5639,0,0.0038,0.5718
2830-3980-0029,61,0,0.0247,0.7337
2830-3980-0029,672,0,0.0053,0.6343
2830-3980-0029,6930,0,0.067,0.5917
2830-3980-0029,7021,0,0.0932,0.5932
2830-3980-0029,7127,0,0.1821,0.4677
2830-3980-0029,7176,0,-0.0031,0.6995
2830-3980-0029,7729,0,0.0034,0.6362
2830-3980-0029,8224,0,0.0461,0.5333
2830-3980-0029,8230,0,-0.0782,0.6288
2830-3980-0029,8455,0,0.0483,0.5418
2830-3980-0029,908,0,0.0366,0.7003
2830-3980-0039,1089,0,-0.0719,0.585
2830-3980-0039,1188,0,0.0011,0.6827
2830-3980-0039,1320,0,0.0957,0.5807
2830-3980-0039,2300,0,0.1145,0.5039
2830-3980-0039,260,0,0.1588,0.72
2830-3980-0039,2830,1,0.1383,0.7019
2830-3980-0039,4077,0,0.0396,0.5552
2830-3980-0039,5105,0,0.1013,0.6234
2830-3980-0039,5639,0,0.046,0.6138
2830-3980-0039,61,0,0.0285,0.7601
2830-3980-0039,672,0,-0.0239,0.642
2830-3980-0039,6930,0,0.1203,0.5903
2830-3980-0039,7021,0,0.0665,0.608
2830-3980-0039,7127,0,0.0831,0.5174
2830-3980-0039,7176,0,-0.002,0.7199
2830-3980-0039,7729,0,0.0442,0.6816
2830-3980-0039,8224,0,0.1079,0.5447
2830-3980-0039,8230,0,-0.0557,0.6734
2830-3980-0039,8455,0,0.0158,0.5134
2830-3980-0039,908,0,-0.0012,0.7013
2830-3980-0050,1089,0,-0.0159,0.611
2830-3980-0050,1188,0,-0.0042,0.7018
2830-3980-0050,1320,0,0.0749,0.5783
2830-3980-0050,2300,0,0.0913,0.4713
2830-3980-0050,260,0,0.0769,0.7179
2830-3980-0050,2830,1,0.076,0.718
2830-3980-0050,4077,0,0.0335,0.5616
2830-3980-0050,5105,0,0.084,0.6479
2830-3980-0050,5639,0,0.0279,0.6727
2830-3980-0050,61,0,0.0111,0.7664
2830-3980-0050,672,0,-0.042,0.6685
2830-3980-0050,6930,0,0.1047,0.5729
2830-3980-0050,7021,0,0.045,0.6219
2830-3980-0050,7127,0,0.104,0.5315
2830-3980-0050,7176,0,-0.0679,0.7187
2830-3980-0050,7729,0,-0.0623,0.7069
2830-3980-0050,8224,0,0.1203,0.5878
2830-3980-0050,8230,0,-0.0015,0.7003
2830-3980-0050,8455,0,0.0209,0.4868
2830-3980-0050,908,0,-0.0349,0.7183
2830-3980-0054,1089,0,-0.0646,0.6271
2830-3980-0054,1188,0,-0.0293,0.7008
2830-3980-0054,1320,0,0.083,0.6293
2830-3980-0054,2300,0,0.1381,0.6056
2830-3980-0054,260,0,0.1,0.723
2830-3980-0054,2830,1,0.0339,0.6824
2830-3980-0054,4077,0,0.0242,0.6151
2830-3980-0054,5105,0,0.0899,0.6936
2830-3980-0054,5639,0,-0.0268,0.6421
2830-3980-0054,61,0,0.0056,0.7773
2830-3980-0054,672,0,-0.0088,0.6728
2830-3980-0054,6930,0,0.0688,0.5675
2830-3980-0054,7021,0,0.0354,0.7003
2830-3980-0054,7127,0,0.11,0.5776
2830-3980-0054,7176,0,-0.0401,0.7128
2830-3980-0054,7729,0,0.0139,0.7595
2830-3980-0054,8224,0,0.1209,0.5828
2830-3980-0054,8230,0,-0.0783,0.665
2830-3980-0054,8455,0,-0.0108,0.5365
2830-3980-0054,908,0,0.0272,0.7515
2830-3980-0055,1089,0,-0.0507,0.6366
2830-3980-0055,1188,0,-0.0699,0.7158
2830-3980-0055,1320,0,-0.002,0.641
2830-3980-0055,2300,0,0.0668,0.5879
2830-3980-0055,260,0,0.1166,0.7515
2830-3980-0055,2830,1,0.0691,0.702
2830-3980-0055,4077,0,0.0045,0.6325
2830-3980-0055,5105,0,0.0481,0.7044
2830-3980-0055,5639,0,-0.0218,0.6814
2830-3980-0055,61,0,-0.0287,0.7878
2830-3980-0055,672,0,-0.0429,0.7085
2830-3980-0055,6930,0,0.0546,0.6145
2830-3980-0055,7021,0,0.0411,0.6951
2830-3980-0055,7127,0,0.1052,0.5789
2830-3980-0055,7176,0,-0.0892,0.7315
2830-3980-0055,7729,0,-0.093,0.7563
2830-3980-0055,8224,0,0.062,0.6292
2830-3980-0055,8230,0,-0.0376,0.676
2830-3980-0055,8455,0,0.0152,0.5634
2830-3980-0055,908,0,0.0149,0.7693
2830-3980-0057,1089,0,-0.0678,0.5659
2830-3980-0057,1188,0,-0.059,0.6377
2830-3980-0057,1320,0,0.0498,0.5702
2830-3980-0057,2300,0,0.019,0.5136
2830-3980-0057,260,0,0.1184,0.6894
2830-3980-0057,2830,1,0.0782,0.6478
2830-3980-0057,4077,0,-0.0131,0.5941
2830-3980-0057,5105,0,0.0736,0.6316
2830-3980-0057,5639,0,0.0125,0.6078
2830-3980-0057,61,0,-0.0719,0.735
2830-3980-0057,672,0,-0.032,0.614
2830-3980-0057,6930,0,0.1246,0.5248
2830-3980-0057,7021,0,0.0543,0.6301
2830-3980-0057,7127,0,0.084,0.5434
2830-3980-0057,7176,0,-0.0469,0.7025
2830-3980-0057,7729,0,0.0285,0.704
2830-3980-0057,8224,0,0.0538,0.4916
2830-3980-0057,8230,0,-0.0945,0.614
2830-3980-0057,8455,0,-0.0622,0.4679
2830-3980-0057,908,0,0.0773,0.7119
2830-3980-0062,1089,0,-0.0841,0.5841
2830-3980-0062,1188,0,-0.0221,0.6597
2830-3980-0062,1320,0,0.0884,0.5805
2830-3980-0062,2300,0,0.0812,0.5216
2830-3980-0062,260,0,0.0584,0.6982
2830-3980-0062,2830,1,0.0501,0.6637
2830-3980-0062,4077,0,0.0153,0.5735
2830-3980-0062,5105,0,0.0386,0.6415
2830-3980-0062,5639,0,0.0011,0.6433
2830-3980-0062,61,0,-0.023,0.7373
2830-3980-0062,672,0,0.005,0.6512
2830-3980-0062,6930,0,0.0986,0.568
2830-3980-0062,7021,0,0.0819,0.6357
2830-3980-0062,7127,0,0.1028,0.5261
2830-3980-0062,7176,0,-0.1168,0.6814
2830-3980-0062,7729,0,-0.0257,0.7088
2830-3980-0062,8224,0,0.0947,0.5751
2830-3980-0062,8230,0,-0.1224,0.6338
2830-3980-0062,8455,0,0.0408,0.5018
2830-3980-0062,908,0,0.0231,0.724
2830-3980-0066,1089,0,-0.0424,0.6358
2830-3980-0066,1188,0,-0.0151,0.7069
2830-3980-0066,1320,0,0.0679,0.6514
2830-3980-0066,2300,0,0.1047,0.6113
2830-3980-0066,260,0,0.1168,0.7291
2830-3980-0066,2830,1,0.0895,0.6947
2830-3980-0066,4077,0,0.0449,0.6513
2830-3980-0066,5105,0,0.0748,0.7183
2830-3980-0066,5639,0,-0.0339,0.6775
2830-3980-0066,61,0,-0.0002,0.7712
2830-3980-0066,672,0,-0.0156,0.6854
2830-3980-0066,6930,0,0.0585,0.5801
2830-3980-0066,7021,0,0.0813,0.7115
2830-3980-0066,7127,0,0.1257,0.6204
2830-3980-0066,7176,0,-0.0704,0.7092
2830-3980-0066,7729,0,-0.0499,0.7875
2830-3980-0066,8224,0,0.087,0.5966
2830-3980-0066,8230,0,-0.0703,0.6563
2830-3980-0066,8455,0,0.0131,0.5468
2830-3980-0066,908,0,0.0171,0.7617
2961-960-0004,121,0,0.0679,0.8561
2961-960-0004,1221,0,-0.1039,0.7184
2961-960-0004,1284,0,-0.1369,0.6706
2961-960-0004,1580,0,-0.1725,0.6963
2961-960-0004,1995,0,-0.1089,0.7706
2961-960-0004,2094,0,0.1044,0.7893
2961-960-0004,237,0,-0.0062,0.7879
2961-960-0004,2961,1,0.1564,0.8741
2961-960-0004,3570,0,-0.0304,0.8951
2961-960-0004,3575,0,-0.0102,0.7383
2961-960-0004,3729,0,-0.0656,0.8031
2961-960-0004,4446,0,-0.1519,0.7056
2961-960-0004,4507,0,-0.1362,0.7855
2961-960-0004,4970,0,0.0733,0.6414
2961-960-0004,4992,0,-0.0535,0.7483
2961-960-0004,5142,0,0.1533,0.6157
2961-960-0004,5683,0,-0.0768,0.6695
2961-960-0004,6829,0,0.057,0.7407
2961-960-0004,8463,0,0.0496,0.7547
2961-960-0004,8555,0,-0.0431,0.6397
2961-960-0016,121,0,0.1233,0.8753
2961-960-0016,1221,0,-0.0633,0.8688
2961-960-0016,1284,0,-0.103,0.7862
2961-960-0016,1580,0,-0.1451,0.8007
2961-960-0016,1995,0,-0.1537,0.819
2961-960-0016,2094,0,0.0678,0.8801
2961-960-0016,237,0,-0.024,0.8992
2961-960-0016,2961,1,0.0838,0.8132
2961-960-0016,3570,0,-0.0875,0.8637
2961-960-0016,3575,0,-0.0666,0.7669
2961-960-0016,3729,0,-0.0753,0.9007
2961-960-0016,4446,0,-0.1001,0.8543
2961-960-0016,4507,0,-0.0887,0.8723
2961-960-0016,4970,0,0.0489,0.7586
2961-960-0016,4992,0,-0.0635,0.8744
2961-960-0016,5142,0,0.0656,0.7785
2961-960-0016,5683,0,-0.0915,0.7852
2961-960-0016,6829,0,0.0709,0.8608
2961-960-0016,8463,0,0.0225,0.8737
2961-960-0016,8555,0,-0.0415,0.7576
2961-961-0001,121,0,0.0566,0.8568
2961-961-0001,1221,0,-0.1647,0.8479
2961-961-0001,1284,0,-0.1606,0.7644
2961-961-0001,1580,0,-0.1869,0.7639
2961-961-0001,1995,0,-0.1234,0.7843
2961-961-0001,2094,0,0.0233,0.8501
2961-961-0001,237,0,-0.019,0.8479
2961-961-0001,2961,1,0.1033,0.8301
2961-961-0001,3570,0,-0.1346,0.8725
2961-961-0001,3575,0,-0.1097,0.764
2961-961-0001,3729,0,-0.0364,0.8893
2961-961-0001,4446,0,-0.1622,0.8253
2961-961-0001,4507,0,-0.1664,0.8783
2961-961-0001,4970,0,0.1049,0.7678
2961-961-0001,4992,0,-0.0569,0.8349
2961-961-0001,5142,0,0.1056,0.77
2961-961-0001,5683,0,-0.0688,0.7639
2961-961-0001,6829,0,0.1361,0.8634
2961-961-0001,8463,0,-0.0114,0.8362
2961-961-0001,8555,0,0.021,0.7476
2961-961-0003,121,0,-0.0158,0.8552
2961-961-0003,1221,0,0.0153,0.7854
2961-961-0003,1284,0,-0.0135,0.7404
2961-961-0003,1580,0,-0.0521,0.74
2961-961-0003,1995,0,-0.0947,0.7612
2961-961-0003,2094,0,0.1793,0.8374
2961-961-0003,237,0,0.1063,0.7776
2961-961-0003,2961,1,0.2255,0.8892
2961-961-0003,3570,0,0.0996,0.85
2961-961-0003,3575,0,0.0815,0.7272
2961-961-0003,3729,0,0.0118,0.8739
2961-961-0003,4446,0,-0.0392,0.7906
2961-961-0003,4507,0,-0.0363,0.8326
2961-961-0003,4970,0,0.0969,0.692
2961-961-0003,4992,0,0.0025,0.7985
2961-961-0003,5142,0,0.2305,0.7034
2961-961-0003,5683,0,0.0232,0.7345
2961-961-0003,6829,0,0.0925,0.8335
2961-961-0003,8463,0,0.0567,0.8002
2961-961-0003,8555,0,0.0514,0.6716
2961-961-0004,121,0,0.0222,0.8318
2961-961-0004,1221,0,-0.0516,0.8746
2961-961-0004,1284,0,-0.1172,0.7784
2961-961-0004,1580,0,-0.1455,0.7683
2961-961-0004,1995,0,-0.1014,0.7699
2961-961-0004,2094,0,0.037,0.8772
2961-961-0004,237,0,0.1183,0.8436
2961-961-0004,2961,1,0.1533,0.7517
2961-961-0004,3570,0,-0.0771,0.7938
2961-961-0004,3575,0,-0.0152,0.7413
2961-961-0004,3729,0,-0.0525,0.9019
2961-961-0004,4446,0,-0.0636,0.8585
2961-961-0004,4507,0,-0.1978,0.8753
2961-961-0004,4970,0,0.0617,0.7749
2961-961-0004,4992,0,-0.0248,0.8636
2961-961-0004,5142,0,0.1582,0.8039
2961-961-0004,5683,0,-0.0457,0.7763
2961-961-0004,6829,0,0.0799,0.8888
2961-961-0004,8463,0,0.0134,0.8579
2961-961-0004,8555,0,-0.0294,0.7466
2961-961-0009,121,0,0.0764,0.7749
2961-961-0009,1221,0,-0.0186,0.8353
2961-961-0009,1284,0,-0.083,0.7309
2961-961-0009,1580,0,-0.0984,0.7401
2961-961-0009,1995,0,-0.149,0.6982
2961-961-0009,2094,0,0.0545,0.8157
2961-961-0009,237,0,0.1117,0.8143
2961-961-0009,2961,1,0.1658,0.7048
2961-961-0009,3570,0,-0.0897,0.7802
2961-961-0009,3575,0,-0.0148,0.7384
2961-961-0009,3729,0,-0.0964,0.8496
2961-961-0009,4446,0,-0.0573,0.807
2961-961-0009,4507,0,-0.1252,0.8355
2961-961-0009,4970,0,0.1055,0.779
2961-961-0009,4992,0,0.011,0.8094
2961-961-0009,5142,0,0.1294,0.7525
2961-961-0009,5683,0,-0.0297,0.7522
2961-961-0009,6829,0,0.2172,0.855
2961-961-0009,8463,0,0.019,0.81
2961-961-0009,8555,0,0.0809,0.7108
2961-961-0010,121,0,0.1117,0.8445
2961-961-0010,1221,0,-0.0762,0.8365
2961-961-0010,1284,0,-0.1302,0.7337
2961-961-0010,1580,0,-0.1676,0.7908
2961-961-0010,1995,0,-0.1635,0.7465
2961-961-0010,2094,0,0.0172,0.8593
2961-961-0010,237,0,0.004,0.8445
2961-961-0010,2961,1,0.1491,0.7445
2961-961-0010,3570,0,-0.109,0.8195
2961-961-0010,3575,0,-0.0186,0.8283
2961-961-0010,3729,0,-0.0884,0.8706
2961-961-0010,4446,0,-0.0739,0.8039
2961-961-0010,4507,0,-0.1602,0.8502
2961-961-0010,4970,0,0.064,0.7828
2961-961-0010,4992,0,-0.0328,0.8309
2961-961-0010,5142,0,0.0652,0.7223
2961-961-0010,5683,0,-0.0602,0.8073
2961-961-0010,6829,0,0.1225,0.8455
2961-961-0010,8463,0,0.0949,0.8226
2961-961-0010,8555,0,-0.0266,0.7301
2961-961-0011,121,0,0.0957,0.8415
2961-961-0011,1221,0,-0.0697,0.8479
2961-961-0011,1284,0,-0.1447,0.7694
2961-961-0011,1580,0,-0.1678,0.7642
2961-961-0011,1995,0,-0.1521,0.781
2961-961-0011,2094,0,0.0061,0.873
2961-961-0011,237,0,0.0227,0.8398
2961-961-0011,2961,1,0.1642,0.7806
2961-961-0011,3570,0,-0.1164,0.8086
2961-961-0011,3575,0,-0.085,0.7438
2961-961-0011,3729,0,-0.0858,0.8817
2961-961-0011,4446,0,-0.0755,0.8362
2961-961-0011,4507,0,-0.1784,0.8445
2961-961-0011,4970,0,0.0472,0.7438
2961-961-0011,4992,0,-0.0295,0.8535
2961-961-0011,5142,0,0.1291,0.7578
2961-961-0011,5683,0,-0.0499,0.7462
2961-961-0011,6829,0,0.1161,0.8668
2961-961-0011,8463,0,0.0507,0.8639
2961-961-0011,8555,0,0.0094,0.7064
2961-961-0014,121,0,0.1002,0.8624
2961-961-0014,1221,0,-0.0931,0.8122
2961-961-0014,1284,0,-0.125,0.7415
2961-961-0014,1580,0,-0.1496,0.7845
2961-961-0014,1995,0,-0.1421,0.7907
2961-961-0014,2094,0,0.0121,0.8535
2961-961-0014,237,0,-0.004,0.8547
2961-961-0014,2961,1,0.1603,0.8066
2961-961-0014,3570,0,-0.082,0.8635
2961-961-0014,3575,0,-0.0642,0.8206
2961-961-0014,3729,0,-0.0309,0.85
2961-961-0014,4446,0,-0.1475,0.7849
2961-961-0014,4507,0,-0.1586,0.8359
2961-961-0014,4970,0,0.122,0.7545
2961-961-0014,4992,0,-0.0043,0.8242
2961-961-0014,5142,0,0.1196,0.7048
2961-961-0014,5683,0,-0.0884,0.7751
2961-961-0014,6829,0,0.1428,0.8193
2961-961-0014,8463,0,-0.0102,0.8305
2961-961-0014,8555,0,0.0236,0.7238
2961-961-0017,121,0,0.0453,0.8779
2961-961-0017,1221,0,-0.0529,0.8282
2961-961-0017,1284,0,-0.1431,0.7495
2961-961-0017,1580,0,-0.104,0.7706
2961-961-0017,1995,0,-0.1554,0.8046
2961-961-0017,2094,0,0.0103,0.8592
2961-961-0017,237,0,0.031,0.8631
2961-961-0017,2961,1,0.1331,0.8269
2961-961-0017,3570,0,-0.0508,0.868
2961-961-0017,3575,0,-0.0808,0.754
2961-961-0017,3729,0,-0.0154,0.8855
2961-961-0017,4446,0,-0.0795,0.8151
2961-961-0017,4507,0,-0.1765,0.8406
2961-961-0017,4970,0,0.1256,0.7084
2961-961-0017,4992,0,-0.0267,0.851
2961-961-0017,5142,0,0.1019,0.7174
2961-961-0017,5683,0,-0.0701,0.7506
2961-961-0017,6829,0,0.1016,0.8287
2961-961-0017,8463,0,0.0464,0.8467
2961-961-0017,8555,0,0.0589,0.7043
3570-5694-0006,121,0,0.1167,0.7775
3570-5694-0006,1221,0,-0.0474,0.6767
3570-5694-0006,1284,0,-0.0472,0.5753
3570-5694-0006,1580,0,-0.1069,0.6362
3570-5694-0006,1995,0,-0.0505,0.6465
3570-5694-0006,2094,0,0.087,0.7008
3570-5694-0006,237,0,-0.0113,0.7189
3570-5694-0006,2961,0,0.0177,0.7945
3570-5694-0006,3570,1,0.0971,0.8816
3570-5694-0006,3575,0,-0.0741,0.7683
3570-5694-0006,3729,0,-0.0127,0.7519
3570-5694-0006,4446,0,-0.1089,0.6235
3570-5694-0006,4507,0,-0.1447,0.7653
3570-5694-0006,4970,0,0.0314,0.6885
3570-5694-0006,4992,0,0.0291,0.6693
3570-5694-0006,5142,0,0.0472,0.576
3570-5694-0006,5683,0,-0.1478,0.6616
3570-5694-0006,6829,0,0.2601,0.7141
3570-5694-0006,8463,0,-0.0324,0.6769
3570-5694-0006,8555,0,0.0932,0.6345
3570-5694-0007,121,0,0.0835,0.7469
3570-5694-0007,1221,0,-0.0557,0.6909
3570-5694-0007,1284,0,-0.0582,0.5705
3570-5694-0007,1580,0,-0.1442,0.6188
3570-5694-0007,1995,0,0.0039,0.6334
3570-5694-0007,2094,0,0.1447,0.6863
3570-5694-0007,237,0,-0.0203,0.7164
3570-5694-0007,2961,0,-0.0075,0.7394
3570-5694-0007,3570,1,0.087,0.8598
3570-5694-0007,3575,0,-0.152,0.7644
3570-5694-0007,3729,0,-0.0098,0.7472
3570-5694-0007,4446,0,-0.1,0.6261
3570-5694-0007,4507,0,-0.1311,0.7785
3570-5694-0007,4970,0,0.0433,0.7266
3570-5694-0007,4992,0,0.008,0.6718
3570-5694-0007,5142,0,0.0759,0.6144
3570-5694-0007,5683,0,-0.1459,0.6618
3570-5694-0007,6829,0,0.2065,0.7255
3570-5694-0007,8463,0,-0.082,0.6748
3570-5694-0007,8555,0,0.0411,0.6674
3570-5694-0009,121,0,0.0651,0.7484
3570-5694-0009,1221,0,0.039,0.7076
3570-5694-0009,1284,0,-0.0228,0.5785
3570-5694-0009,1580,0,-0.1101,0.6371
3570-5694-0009,1995,0,-0.0519,0.6269
3570-5694-0009,2094,0,0.1122,0.6988
3570-5694-0009,237,0,0.0125,0.723
3570-5694-0009,2961,0,0.0085,0.7316
3570-5694-0009,3570,1,0.0625,0.8471
3570-5694-0009,3575,0,-0.114,0.78
3570-5694-0009,3729,0,-0.035,0.7562
3570-5694-0009,4446,0,-0.0803,0.6406
3570-5694-0009,4507,0,-0.1671,0.7779
3570-5694-0009,4970,0,-0.0136,0.7426
3570-5694-0009,4992,0,0.0333,0.6841
3570-5694-0009,5142,0,0.0802,0.6224
3570-5694-0009,5683,0,-0.0989,0.6858
3570-5694-0009,6829,0,0.1977,0.7347
3570-5694-0009,8463,0,-0.0223,0.6873
3570-5694-0009,8555,0,0.0719,0.6761
3570-5694-0010,121,0,0.1244,0.7831
3570-5694-0010,1221,0,-0.0104,0.721
3570-5694-0010,1284,0,-0.0257,0.6151
3570-5694-0010,1580,0,-0.0945,0.6546
3570-5694-0010,1995,0,-0.0136,0.6822
3570-5694-0010,2094,0,0.1269,0.7433
3570-5694-0010,237,0,-0.011,0.7506
3570-5694-0010,2961,0,0.0255,0.7814
3570-5694-0010,3570,1,0.0914,0.8727
3570-5694-0010,3575,0,-0.1329,0.7771
3570-5694-0010,3729,0,-0.0282,0.7807
3570-5694-0010,4446,0,-0.0762,0.6661
3570-5694-0010,4507,0,-0.1311,0.7896
3570-5694-0010,4970,0,0.0193,0.7178
3570-5694-0010,4992,0,0.0088,0.7132
3570-5694-0010,5142,0,0.0307,0.6259
3570-5694-0010,5683,0,-0.1207,0.6821
3570-5694-0010,6829,0,0.2727,0.7582
3570-5694-0010,8463,0,-0.0547,0.7146
3570-5694-0010,8555,0,0.0423,0.665
3570-5694-0015,121,0,0.0843,0.762
3570-5694-0015,1221,0,-0.0339,0.6818
3570-5694-0015,1284,0,-0.0733,0.5684
3570-5694-0015,1580,0,-0.0954,0.6403
3570-5694-0015,1995,0,-0.0546,0.6301
3570-5694-0015,2094,0,0.1407,0.7053
3570-5694-0015,237,0,0.0061,0.6947
3570-5694-0015,2961,0,0.0697,0.7749
3570-5694-0015,3570,1,0.0371,0.8585
3570-5694-0015,3575,0,-0.1188,0.8028
3570-5694-0015,3729,0,-0.093,0.7406
3570-5694-0015,4446,0,-0.1153,0.6166
3570-5694-0015,4507,0,-0.1562,0.7848
3570-5694-0015,4970,0,0.0204,0.7283
3570-5694-0015,4992,0,0.0212,0.6602
3570-5694-0015,5142,0,0.0698,0.5941
3570-5694-0015,5683,0,-0.1198,0.6855
3570-5694-0015,6829,0,0.207,0.735
3570-5694-0015,8463,0,0.0006,0.6598
3570-5694-0015,8555,0,0.0389,0.6614
3570-5694-0018,121,0,0.1004,0.7568
3570-5694-0018,1221,0,-0.0336,0.6695
3570-5694-0018,1284,0,-0.0745,0.5691
3570-5694-0018,1580,0,-0.1611,0.615
3570-5694-0018,1995,0,-0.011,0.6155
3570-5694-0018,2094,0,0.1226,0.6872
3570-5694-0018,237,0,0.0103,0.7018
3570-5694-0018,2961,0,-0.0199,0.7827
3570-5694-0018,3570,1,0.0672,0.8724
3570-5694-0018,3575,0,-0.1702,0.7509
3570-5694-0018,3729,0,-0.0955,0.747
3570-5694-0018,4446,0,-0.0389,0.6184
3570-5694-0018,4507,0,-0.1832,0.7614
3570-5694-0018,4970,0,-0.026,0.6873
3570-5694-0018,4992,0,0.0219,0.6491
3570-5694-0018,5142,0,0.0492,0.5697
3570-5694-0018,5683,0,-0.1497,0.6493
3570-5694-0018,6829,0,0.1975,0.7153
3570-5694-0018,8463,0,-0.0471,0.6498
3570-5694-0018,8555,0,0.0549,0.6205
3570-5695-0001,121,0,0.0451,0.7672
3570-5695-0001,1221,0,0.0102,0.6904
3570-5695-0001,1284,0,-0.0512,0.5856
3570-5695-0001,1580,0,-0.0893,0.6277
3570-5695-0001,1995,0,-0.034,0.6423
3570-5695-0001,2094,0,0.1229,0.6982
3570-5695-0001,237,0,-0.015,0.7283
3570-5695-0001,2961,0,0.0109,0.7816
3570-5695-0001,3570,1,0.0724,0.8808
3570-5695-0001,3575,0,-0.1723,0.7452
3570-5695-0001,3729,0,-0.0274,0.7625
3570-5695-0001,4446,0,-0.0459,0.6403
3570-5695-0001,4507,0,-0.0761,0.776
3570-5695-0001,4970,0,0.0253,0.6955
3570-5695-0001,4992,0,0.0414,0.6762
3570-5695-0001,5142,0,0.096,0.5987
3570-5695-0001,5683,0,-0.1881,0.6522
3570-5695-0001,6829,0,0.2087,0.726
3570-5695-0001,8463,0,0.0274,0.6784
3570-5695-0001,8555,0,0.01,0.6428
3570-5695-0014,121,0,0.0747,0.786
3570-5695-0014,1221,0,-0.0363,0.6904
3570-5695-0014,1284,0,-0.0573,0.5818
3570-5695-0014,1580,0,-0.0206,0.6431
3570-5695-0014,1995,0,-0.0861,0.6635
3570-5695-0014,2094,0,0.0834,0.6987
3570-5695-0014,237,0,-0.0251,0.7393
3570-5695-0014,2961,0,-0.0472,0.7848
3570-5695-0014,3570,1,0.0326,0.9111
3570-5695-0014,3575,0,-0.2185,0.7829
3570-5695-0014,3729,0,-0.0352,0.7635
3570-5695-0014,4446,0,-0.0387,0.6299
3570-5695-0014,4507,0,-0.0441,0.7918
3570-5695-0014,4970,0,0.0045,0.7
3570-5695-0014,4992,0,0.0464,0.6763
3570-5695-0014,5142,0,0.0691,0.5921
3570-5695-0014,5683,0,-0.196,0.6794
3570-5695-0014,6829,0,0.2738,0.7129
3570-5695-0014,8463,0,-0.0138,0.6669
3570-5695-0014,8555,0,0.0715,0.6731
3570-5696-0000,121,0,0.1069,0.7961
3570-5696-0000,1221,0,-0.0118,0.7787
3570-5696-0000,1284,0,-0.0538,0.6647
3570-5696-0000,1580,0,-0.1121,0.7046
3570-5696-0000,1995,0,-0.0681,0.6748
3570-5696-0000,2094,0,0.2154,0.7751
3570-5696-0000,237,0,0.0551,0.7683
3570-5696-0000,2961,0,-0.0194,0.7828
3570-5696-0000,3570,1,0.0161,0.8762
3570-5696-0000,3575,0,-0.109,0.8023
3570-5696-0000,3729,0,-0.0204,0.8249
3570-5696-0000,4446,0,-0.0573,0.7251
3570-5696-0000,4507,0,-0.0883,0.8528
3570-5696-0000,4970,0,0.0802,0.7805
3570-5696-0000,4992,0,-0.0426,0.7399
3570-5696-0000,5142,0,0.1444,0.6916
3570-5696-0000,5683,0,-0.0303,0.7481
3570-5696-0000,6829,0,0.2395,0.8205
3570-5696-0000,8463,0,-0.0293,0.7316
3570-5696-0000,8555,0,0.0813,0.7177
3570-5696-0008,121,0,0.1265,0.7815
3570-5696-0008,1221,0,-0.0404,0.6824
3570-5696-0008,1284,0,-0.0882,0.5792
3570-5696-0008,1580,0,-0.0878,0.6538
3570-5696-0008,1995,0,-0.0125,0.6455
3570-5696-0008,2094,0,0.1851,0.6828
3570-5696-0008,237,0,0.0131,0.7393
3570-5696-0008,2961,0,-0.0213,0.7963
3570-5696-0008,3570,1,0.0824,0.917
3570-5696-0008,3575,0,-0.1463,0.7802
3570-5696-0008,3729,0,0.0315,0.753
3570-5696-0008,4446,0,-0.0736,0.625
3570-5696-0008,4507,0,-0.0692,0.7833
3570-5696-0008,4970,0,0.0031,0.6938
3570-5696-0008,4992,0,-0.0382,0.6587
3570-5696-0008,5142,0,0.0495,0.5676
3570-5696-0008,5683,0,-0.1257,0.6757
3570-5696-0008,6829,0,0.2458,0.6978
3570-5696-0008,8463,0,-0.085,0.6456
3570-5696-0008,8555,0,0.0459,0.658
3575-170457-0000,121,0,0.0714,0.6065
3575-170457-0000,1221,0,-0.0323,0.6774
3575-170457-0000,1284,0,-0.1154,0.5237
3575-170457-0000,1580,0,-0.1545,0.6076
3575-170457-0000,1995,0,-0.0981,0.5143
3575-170457-0000,2094,0,0.0363,0.6395
3575-170457-0000,237,0,0.0299,0.6346
3575-170457-0000,2961,0,-0.011,0.5263
3575-170457-0000,3570,0,-0.0593,0.6893
3575-170457-0000,3575,1,0.019,0.8454
3575-170457-0000,3729,0,-0.1661,0.6609
3575-170457-0000,4446,0,-0.0597,0.5683
3575-170457-0000,4507,0,-0.2983,0.7455
3575-170457-0000,4970,0,0.0752,0.8435
3575-170457-0000,4992,0,0.0046,0.6091
3575-170457-0000,5142,0,-0.0041,0.6224
3575-170457-0000,5683,0,-0.0645,0.7279
3575-170457-0000,6829,0,0.1023,0.7302
3575-170457-0000,8463,0,0.0867,0.5951
3575-170457-0000,8555,0,-0.0276,0.7026
3575-170457-0005,121,0,0.1285,0.6219
3575-170457-0005,1221,0,0.0347,0.7085
3575-170457-0005,1284,0,-0.1326,0.5883
3575-170457-0005,1580,0,-0.1106,0.6172
3575-170457-0005,1995,0,-0.089,0.5441
3575-170457-0005,2094,0,0.1247,0.6784
3575-170457-0005,237,0,0.0277,0.6464
3575-170457-0005,2961,0,-0.0181,0.5551
3575-170457-0005,3570,0,-0.0371,0.6719
3575-170457-0005,3575,1,0.1046,0.793
3575-170457-0005,3729,0,-0.1416,0.6981
3575-170457-0005,4446,0,-0.08,0.6329
3575-170457-0005,4507,0,-0.2314,0.7492
3575-170457-0005,4970,0,-0.0195,0.842
3575-170457-0005,4992,0,0.0764,0.6507
3575-170457-0005,5142,0,0.0174,0.6755
3575-170457-0005,5683,0,-0.064,0.7057
3575-170457-0005,6829,0,0.1133,0.767
3575-170457-0005,8463,0,0.1067,0.6593
3575-170457-0005,8555,0,-0.0271,0.6924
3575-170457-0008,121,0,0.0923,0.6327
3575-170457-0008,1221,0,-0.0986,0.6906
3575-170457-0008,1284,0,-0.1366,0.5525
3575-170457-0008,1580,0,-0.136,0.5979
3575-170457-0008,1995,0,-0.0757,0.5388
3575-170457-0008,2094,0,0.0475,0.6696
3575-170457-0008,237,0,-0.0309,0.6442
3575-170457-0008,2961,0,0.0414,0.5742
3575-170457-0008,3570,0,-0.0146,0.7053
3575-170457-0008,3575,1,0.054,0.8156
3575-170457-0008,3729,0,-0.2109,0.691
3575-170457-0008,4446,0,-0.1074,0.5999
3575-170457-0008,4507,0,-0.2272,0.7538
3575-170457-0008,4970,0,-0.0513,0.8275
3575-170457-0008,4992,0,0.0281,0.6302
3575-170457-0008,5142,0,-0.0059,0.6383
3575-170457-0008,5683,0,-0.111,0.6955
3575-170457-0008,6829,0,0.1547,0.7594
3575-170457-0008,8463,0,0.0417,0.6279
3575-170457-0008,8555,0,0.0018,0.6793
3575-170457-0011,121,0,0.1333,0.7207
3575-170457-0011,1221,0,-0.0225,0.7699
3575-170457-0011,1284,0,-0.1216,0.6772
3575-170457-0011,1580,0,-0.1374,0.7075
3575-170457-0011,1995,0,-0.1072,0.6703
3575-170457-0011,2094,0,0.0694,0.7799
3575-170457-0011,237,0,-0.0326,0.75
3575-170457-0011,2961,0,0.0224,0.6604
3575-170457-0011,3570,0,-0.1064,0.7638
3575-170457-0011,3575,1,0.0785,0.8356
3575-170457-0011,3729,0,-0.2527,0.7611
3575-170457-0011,4446,0,-0.1135,0.7111
3575-170457-0011,4507,0,-0.268,0.8018
3575-170457-0011,4970,0,-0.0563,0.8289
3575-170457-0011,4992,0,0.0268,0.7303
3575-170457-0011,5142,0,-0.028,0.6944
3575-170457-0011,5683,0,-0.0528,0.7547
3575-170457-0011,6829,0,0.1235,0.8163
3575-170457-0011,8463,0,0.0213,0.718
3575-170457-0011,8555,0,-0.0213,0.7195
3575-170457-0014,121,0,0.1008,0.5196
3575-170457-0014,1221,0,-0.0246,0.6669
3575-170457-0014,1284,0,-0.1215,0.4954
3575-170457-0014,1580,0,-0.1267,0.5085
3575-170457-0014,1995,0,-0.0649,0.4539
3575-170457-0014,2094,0,-0.0023,0.5871
3575-170457-0014,237,0,0.0575,0.553
3575-170457-0014,2961,0,0.0179,0.4657
3575-170457-0014,3570,0,-0.0889,0.5748
3575-170457-0014,3575,1,0.0925,0.7174
3575-170457-0014,3729,0,-0.2203,0.6328
3575-170457-0014,4446,0,-0.0759,0.5568
3575-170457-0014,4507,0,-0.2774,0.722
3575-170457-0014,4970,0,0.0077,0.839
3575-170457-0014,4992,0,0.0492,0.5882
3575-170457-0014,5142,0,-0.0231,0.6962
3575-170457-0014,5683,0,0.0066,0.6422
3575-170457-0014,6829,0,0.1506,0.751
3575-170457-0014,8463,0,0.0565,0.5969
3575-170457-0014,8555,0,-0.0341,0.6917
3575-170457-0020,121,0,0.1134,0.6019
3575-170457-0020,1221,0,-0.0,0.7245
3575-170457-0020,1284,0,-0.1132,0.5874
3575-170457-0020,1580,0,-0.0888,0.6204
3575-170457-0020,1995,0,-0.1104,0.5285
3575-170457-0020,2094,0,0.0365,0.6767
3575-170457-0020,237,0,0.0706,0.642
3575-170457-0020,2961,0,0.0122,0.5403
3575-170457-0020,3570,0,-0.0852,0.6558
3575-170457-0020,3575,1,0.0712,0.8123
3575-170457-0020,3729,0,-0.2312,0.6859
3575-170457-0020,4446,0,-0.0601,0.6263
3575-170457-0020,4507,0,-0.2436,0.7592
3575-170457-0020,4970,0,0.0705,0.8702
3575-170457-0020,4992,0,0.0631,0.6417
3575-170457-0020,5142,0,0.0177,0.6842
3575-170457-0020,5683,0,-0.0484,0.7208
3575-170457-0020,6829,0,0.1561,0.7895
3575-170457-0020,8463,0,0.0579,0.646
3575-170457-0020,8555,0,-0.0781,0.7013
3575-170457-0031,121,0,0.1026,0.6206
3575-170457-0031,1221,0,-0.089,0.667
3575-170457-0031,1284,0,-0.1513,0.5352
3575-170457-0031,1580,0,-0.1303,0.5957
3575-170457-0031,1995,0,-0.1285,0.5401
3575-170457-0031,2094,0,0.0154,0.6744
3575-170457-0031,237,0,0.0135,0.6422
3575-170457-0031,2961,0,-0.0492,0.5647
3575-170457-0031,3570,0,-0.1185,0.6918
3575-170457-0031,3575,1,0.0075,0.844
3575-170457-0031,3729,0,-0.1953,0.657
3575-170457-0031,4446,0,-0.0812,0.5716
3575-170457-0031,4507,0,-0.2069,0.7275
3575-170457-0031,4970,0,0.036,0.821
3575-170457-0031,4992,0,-0.0062,0.6098
3575-170457-0031,5142,0,0.0146,0.606
3575-170457-0031,5683,0,-0.1043,0.6949
3575-170457-0031,6829,0,0.1303,0.7405
3575-170457-0031,8463,0,0.0636,0.6132
3575-170457-0031,8555,0,-0.064,0.6631
3575-170457-0040,121,0,0.0764,0.5793
3575-170457-0040,1221,0,-0.0307,0.697
3575-170457-0040,1284,0,-0.1647,0.564
3575-170457-0040,1580,0,-0.1486,0.5937
3575-170457-0040,1995,0,-0.1066,0.533
3575-170457-0040,2094,0,0.0856,0.6698
3575-170457-0040,237,0,-0.0024,0.6362
3575-170457-0040,2961,0,-0.0003,0.4918
3575-170457-0040,3570,0,-0.0196,0.6326
3575-170457-0040,3575,1,-0.0265,0.7939
3575-170457-0040,3729,0,-0.1539,0.6667
3575-170457-0040,4446,0,-0.0196,0.6109
3575-170457-0040,4507,0,-0.2062,0.7295
3575-170457-0040,4970,0,-0.037,0.8421
3575-170457-0040,4992,0,-0.0124,0.635
3575-170457-0040,5142,0,0.0181,0.6764
3575-170457-0040,5683,0,-0.1247,0.7024
3575-170457-0040,6829,0,0.1008,0.7595
3575-170457-0040,8463,0,0.0635,0.6246
3575-170457-0040,8555,0,-0.0019,0.7031
3575-170457-0044,121,0,0.0967,0.6222
3575-170457-0044,1221,0,-0.0278,0.6802
3575-170457-0044,1284,0,-0.105,0.5544
3575-170457-0044,1580,0,-0.1181,0.6063
3575-170457-0044,1995,0,-0.1351,0.5525
3575-170457-0044,2094,0,0.0413,0.6624
3575-170457-0044,237,0,-0.0881,0.6558
3575-170457-0044,2961,0,-0.0106,0.5699
3575-170457-0044,3570,0,-0.0281,0.7146
3575-170457-0044,3575,1,0.0365,0.8252
3575-170457-0044,3729,0,-0.2,0.6658
3575-170457-0044,4446,0,-0.078,0.5862
3575-170457-0044,4507,0,-0.1889,0.723
3575-170457-0044,4970,0,-0.0018,0.8195
3575-170457-0044,4992,0,0.0627,0.6237
3575-170457-0044,5142,0,-0.0223,0.6168
3575-170457-0044,5683,0,-0.0875,0.7015
3575-170457-0044,6829,0,0.1048,0.7337
3575-170457-0044,8463,0,0.0411,0.6175
3575-170457-0044,8555,0,0.003,0.677
3575-170457-0045,121,0,0.0532,0.6314
3575-170457-0045,1221,0,-0.0416,0.6719
3575-170457-0045,1284,0,-0.1271,0.5407
3575-170457-0045,1580,0,-0.1114,0.6226
3575-170457-0045,1995,0,-0.1179,0.5359
3575-170457-0045,2094,0,0.0113,0.6592
3575-170457-0045,237,0,-0.0251,0.6434
3575-170457-0045,2961,0,0.0072,0.567
3575-170457-0045,3570,0,-0.016,0.7287
3575-170457-0045,3575,1,0.0613,0.8706
3575-170457-0045,3729,0,-0.2154,0.6653
3575-170457-0045,4446,0,-0.0805,0.5693
3575-170457-0045,4507,0,-0.2372,0.7502
3575-170457-0045,4970,0,-0.0254,0.832
3575-170457-0045,4992,0,0.0648,0.602
3575-170457-0045,5142,0,-0.0184,0.5999
3575-170457-0045,5683,0,-0.1021,0.7365
3575-170457-0045,6829,0,0.1028,0.7271
3575-170457-0045,8463,0,0.0333,0.5793
3575-170457-0045,8555,0,0.0111,0.6962
3729-6852-0002,121,0,0.1456,0.8935
3729-6852-0002,1221,0,0.1014,0.869
3729-6852-0002,1284,0,-0.0675,0.8031
3729-6852-0002,1580,0,-0.0797,0.8412
3729-6852-0002,1995,0,-0.0686,0.8414
3729-6852-0002,2094,0,0.1201,0.8825
3729-6852-0002,237,0,0.1125,0.89
3729-6852-0002,2961,0,0.0691,0.7917
3729-6852-0002,3570,0,0.0041,0.8423
3729-6852-0002,3575,0,-0.0324,0.7482
3729-6852-0002,3729,1,0.1033,0.8993
3729-6852-0002,4446,0,-0.0043,0.8613
3729-6852-0002,4507,0,-0.0872,0.8415
3729-6852-0002,4970,0,0.0824,0.6999
3729-6852-0002,4992,0,0.1046,0.9012
3729-6852-0002,5142,0,0.0189,0.7472
3729-6852-0002,5683,0,-0.0497,0.7968
3729-6852-0002,6829,0,0.1619,0.8243
3729-6852-0002,8463,0,0.1076,0.8915
3729-6852-0002,8555,0,0.0056,0.7374
3729-6852-0011,121,0,0.1344,0.8643
3729-6852-0011,1221,0,-0.035,0.7843
3729-6852-0011,1284,0,-0.173,0.76
3729-6852-0011,1580,0,-0.1696,0.7622
3729-6852-0011,1995,0,-0.0282,0.8035
3729-6852-0011,2094,0,0.1047,0.8321
3729-6852-0011,237,0,-0.0541,0.788
3729-6852-0011,2961,0,0.0723,0.8176
3729-6852-0011,3570,0,0.0087,0.8156
3729-6852-0011,3575,0,-0.1016,0.6921
3729-6852-0011,3729,1,0.0867,0.8424
3729-6852-0011,4446,0,-0.1515,0.7974
3729-6852-0011,4507,0,-0.1221,0.7999
3729-6852-0011,4970,0,0.0423,0.655
3729-6852-0011,4992,0,-0.0099,0.8215
3729-6852-0011,5142,0,0.0014,0.7114
3729-6852-0011,5683,0,-0.1129,0.7218
3729-6852-0011,6829,0,0.0366,0.7646
3729-6852-0011,8463,0,0.0104,0.8355
3729-6852-0011,8555,0,0.0038,0.6926
3729-6852-0014,121,0,0.1515,0.8451
3729-6852-0014,1221,0,-0.0048,0.7849
3729-6852-0014,1284,0,-0.0664,0.7691
3729-6852-0014,1580,0,-0.1155,0.7782
3729-6852-0014,1995,0,0.0161,0.8891
3729-6852-0014,2094,0,0.0906,0.8437
3729-6852-0014,237,0,0.0216,0.8392
3729-6852-0014,2961,0,0.0715,0.7981
3729-6852-0014,3570,0,0.083,0.8029
3729-6852-0014,3575,0,-0.1902,0.7693
3729-6852-0014,3729,1,0.1557,0.7953
3729-6852-0014,4446,0,-0.0494,0.7627
3729-6852-0014,4507,0,-0.0576,0.7682
3729-6852-0014,4970,0,0.0273,0.7076
3729-6852-0014,4992,0,0.0532,0.8364
3729-6852-0014,5142,0,0.1051,0.7339
3729-6852-0014,5683,0,-0.0542,0.7719
3729-6852-0014,6829,0,0.0377,0.7529
3729-6852-0014,8463,0,0.0292,0.847
3729-6852-0014,8555,0,-0.0061,0.7628
3729-6852-0016,121,0,0.1812,0.8684
3729-6852-0016,1221,0,0.0482,0.7765
3729-6852-0016,1284,0,-0.1397,0.7242
3729-6852-0016,1580,0,-0.0647,0.757
3729-6852-0016,1995,0,-0.0671,0.7911
3729-6852-0016,2094,0,0.0265,0.8321
3729-6852-0016,237,0,-0.0016,0.8063
3729-6852-0016,2961,0,0.065,0.8417
3729-6852-0016,3570,0,-0.0041,0.875
3729-6852-0016,3575,0,0.0357,0.7788
3729-6852-0016,3729,1,0.0126,0.8373
3729-6852-0016,4446,0,-0.1559,0.7602
3729-6852-0016,4507,0,-0.1552,0.8217
3729-6852-0016,4970,0,0.0366,0.7067
3729-6852-0016,4992,0,0.0717,0.7991
3729-6852-0016,5142,0,-0.0963,0.6948
3729-6852-0016,5683,0,-0.0617,0.7464
3729-6852-0016,6829,0,0.1447,0.7786
3729-6852-0016,8463,0,0.0632,0.8069
3729-6852-0016,8555,0,-0.032,0.7173
3729-6852-0022,121,0,0.1426,0.8517
3729-6852-0022,1221,0,0.0184,0.8294
3729-6852-0022,1284,0,-0.1082,0.7545
3729-6852-0022,1580,0,-0.1198,0.7811
3729-6852-0022,1995,0,-0.0253,0.7851
3729-6852-0022,2094,0,0.095,0.8632
3729-6852-0022,237,0,-0.0175,0.8291
3729-6852-0022,2961,0,0.072,0.7721
3729-6852-0022,3570,0,0.0502,0.8258
3729-6852-0022,3575,0,-0.1207,0.7632
3729-6852-0022,3729,1,0.0911,0.8673
3729-6852-0022,4446,0,-0.0398,0.812
3729-6852-0022,4507,0,-0.1118,0.8298
3729-6852-0022,4970,0,-0.033,0.7298
3729-6852-0022,4992,0,-0.0041,0.8501
3729-6852-0022,5142,0,-0.0068,0.7357
3729-6852-0022,5683,0,-0.0926,0.7676
3729-6852-0022,6829,0,0.0586,0.8249
3729-6852-0022,8463,0,0.0014,0.85
3729-6852-0022,8555,0,0.0434,0.7217
3729-6852-0026,121,0,0.119,0.8372
3729-6852-0026,1221,0,0.0147,0.8112
3729-6852-0026,1284,0,-0.169,0.7102
3729-6852-0026,1580,0,-0.0445,0.7745
3729-6852-0026,1995,0,-0.0866,0.7486
3729-6852-0026,2094,0,0.1405,0.8421
3729-6852-0026,237,0,0.0169,0.8178
3729-6852-0026,2961,0,0.0577,0.7677
3729-6852-0026,3570,0,0.0068,0.8438
3729-6852-0026,3575,0,-0.028,0.7961
3729-6852-0026,3729,1,0.0695,0.8497
3729-6852-0026,4446,0,-0.1386,0.7789
3729-6852-0026,4507,0,-0.0891,0.8434
3729-6852-0026,4970,0,0.061,0.7412
3729-6852-0026,4992,0,-0.0085,0.817
3729-6852-0026,5142,0,0.0139,0.703
3729-6852-0026,5683,0,-0.027,0.7702
3729-6852-0026,6829,0,0.0823,0.8187
3729-6852-0026,8463,0,0.0018,0.7999
3729-6852-0026,8555,0,-0.0019,0.7255
3729-6852-0037,121,0,0.0734,0.7789
3729-6852-0037,1221,0,0.1001,0.8821
3729-6852-0037,1284,0,-0.0727,0.8037
3729-6852-0037,1580,0,-0.0878,0.8074
3729-6852-0037,1995,0,-0.0316,0.7906
3729-6852-0037,2094,0,0.079,0.8901
3729-6852-0037,237,0,0.0439,0.8537
3729-6852-0037,2961,0,-0.0065,0.6412
3729-6852-0037,3570,0,0.0641,0.7115
3729-6852-0037,3575,0,-0.1114,0.7367
3729-6852-0037,3729,1,0.0365,0.8568
3729-6852-0037,4446,0,-0.0232,0.8692
3729-6852-0037,4507,0,-0.1251,0.8248
3729-6852-0037,4970,0,0.0459,0.7777
3729-6852-0037,4992,0,0.009,0.8954
3729-6852-0037,5142,0,-0.0242,0.8254
3729-6852-0037,5683,0,-0.0108,0.7977
3729-6852-0037,6829,0,0.0341,0.8679
3729-6852-0037,8463,0,-0.0342,0.8774
3729-6852-0037,8555,0,0.043,0.7762
3729-6852-0039,121,0,0.0938,0.8192
3729-6852-0039,1221,0,-0.0286,0.8911
3729-6852-0039,1284,0,-0.0823,0.7896
3729-6852-0039,1580,0,-0.1366,0.7987
3729-6852-0039,1995,0,-0.053,0.7783
3729-6852-0039,2094,0,0.1612,0.8827
3729-6852-0039,237,0,-0.0312,0.8369
3729-6852-0039,2961,0,0.0011,0.6979
3729-6852-0039,3570,0,0.0014,0.7545
3729-6852-0039,3575,0,-0.0523,0.7229
3729-6852-0039,3729,1,0.0316,0.8929
3729-6852-0039,4446,0,-0.1359,0.8731
3729-6852-0039,4507,0,-0.1141,0.8598
3729-6852-0039,4970,0,-0.0043,0.7609
3729-6852-0039,4992,0,-0.03,0.8981
3729-6852-0039,5142,0,-0.0101,0.8264
3729-6852-0039,5683,0,-0.0778,0.7897
3729-6852-0039,6829,0,0.1058,0.8762
3729-6852-0039,8463,0,-0.0456,0.8882
3729-6852-0039,8555,0,0.0338,0.7717
3729-6852-0040,121,0,0.1034,0.8231
3729-6852-0040,1221,0,0.0024,0.8205
3729-6852-0040,1284,0,-0.0771,0.6988
3729-6852-0040,1580,0,-0.0563,0.7439
3729-6852-0040,1995,0,-0.0534,0.733
3729-6852-0040,2094,0,0.0997,0.8132
3729-6852-0040,237,0,0.0028,0.8021
3729-6852-0040,2961,0,0.0589,0.7432
3729-6852-0040,3570,0,0.0521,0.8243
3729-6852-0040,3575,0,-0.0301,0.7609
3729-6852-0040,3729,1,0.0217,0.8512
3729-6852-0040,4446,0,-0.115,0.773
3729-6852-0040,4507,0,-0.0938,0.839
3729-6852-0040,4970,0,0.0349,0.7508
3729-6852-0040,4992,0,0.0092,0.8244
3729-6852-0040,5142,0,-0.0108,0.7361
3729-6852-0040,5683,0,-0.0899,0.7497
3729-6852-0040,6829,0,0.1253,0.8128
3729-6852-0040,8463,0,0.0312,0.83
3729-6852-0040,8555,0,-0.0033,0.7352
3729-6852-0046,121,0,0.1165,0.8685
3729-6852-0046,1221,0,-0.0055,0.9031
3729-6852-0046,1284,0,-0.0805,0.8502
3729-6852-0046,1580,0,-0.1052,0.8743
3729-6852-0046,1995,0,-0.0574,0.8945
3729-6852-0046,2094,0,0.1571,0.9183
3729-6852-0046,237,0,0.058,0.9347
3729-6852-0046,2961,0,0.0199,0.7495
3729-6852-0046,3570,0,-0.0147,0.8071
3729-6852-0046,3575,0,-0.1002,0.7781
3729-6852-0046,3729,1,0.0834,0.8935
3729-6852-0046,4446,0,-0.0736,0.901
3729-6852-0046,4507,0,-0.0873,0.85
3729-6852-0046,4970,0,0.066,0.764
3729-6852-0046,4992,0,-0.0087,0.9366
3729-6852-0046,5142,0,0.015,0.8321
3729-6852-0046,5683,0,-0.0875,0.8511
3729-6852-0046,6829,0,0.1427,0.8459
3729-6852-0046,8463,0,-0.0139,0.9187
3729-6852-0046,8555,0,0.0248,0.8351
4077-13751-0002,1089,0,0.0276,0.7205
4077-13751-0002,1188,0,-0.118,0.7459
4077-13751-0002,1320,0,0.1109,0.6853
4077-13751-0002,2300,0,0.1054,0.6093
4077-13751-0002,260,0,0.0878,0.7785
4077-13751-0002,2830,0,-0.0354,0.7146
4077-13751-0002,4077,1,0.2254,0.7582
4077-13751-0002,5105,0,0.0227,0.7721
4077-13751-0002,5639,0,-0.0364,0.7748
4077-13751-0002,61,0,0.0109,0.8326
4077-13751-0002,672,0,-0.0041,0.749
4077-13751-0002,6930,0,0.0979,0.599
4077-13751-0002,7021,0,0.0908,0.7612
4077-13751-0002,7127,0,0.0896,0.6843
4077-13751-0002,7176,0,0.0358,0.7867
4077-13751-0002,7729,0,0.0511,0.8818
4077-13751-0002,8224,0,0.0742,0.6258
4077-13751-0002,8230,0,-0.0948,0.7139
4077-13751-0002,8455,0,0.056,0.5622
4077-13751-0002,908,0,0.1042,0.8491
4077-13751-0006,1089,0,0.0448,0.6882
4077-13751-0006,1188,0,-0.0257,0.7004
4077-13751-0006,1320,0,0.0763,0.6605
4077-13751-0006,2300,0,0.1219,0.6374
4077-13751-0006,260,0,0.0781,0.7541
4077-13751-0006,2830,0,-0.0487,0.6433
4077-13751-0006,4077,1,0.2429,0.7633
4077-13751-0006,5105,0,0.0508,0.7276
4077-13751-0006,5639,0,-0.0041,0.7385
4077-13751-0006,61,0,0.0403,0.8151
4077-13751-0006,672,0,-0.005,0.7279
4077-13751-0006,6930,0,0.0392,0.5698
4077-13751-0006,7021,0,0.1056,0.73
4077-13751-0006,7127,0,0.121,0.6493
4077-13751-0006,7176,0,0.0567,0.7683
4077-13751-0006,7729,0,0.0532,0.8592
4077-13751-0006,8224,0,0.0617,0.6085
4077-13751-0006,8230,0,-0.0668,0.6725
4077-13751-0006,8455,0,0.0949,0.575
4077-13751-0006,908,0,0.0631,0.8235
4077-13751-0008,1089,0,0.0416,0.719
4077-13751-0008,1188,0,0.0027,0.7355
4077-13751-0008,1320,0,0.1062,0.6846
4077-13751-0008,2300,0,0.1002,0.6143
4077-13751-0008,260,0,0.1081,0.7875
4077-13751-0008,2830,0,-0.0143,0.7006
4077-13751-0008,4077,1,0.231,0.7774
4077-13751-0008,5105,0,0.0875,0.7705
4077-13751-0008,5639,0,-0.0002,0.7707
4077-13751-0008,61,0,0.0338,0.8413
4077-13751-0008,672,0,-0.0292,0.7479
4077-13751-0008,6930,0,0.0961,0.602
4077-13751-0008,7021,0,0.1317,0.7638
4077-13751-0008,7127,0,0.1018,0.6876
4077-13751-0008,7176,0,0.0665,0.8047
4077-13751-0008,7729,0,0.1209,0.8672
4077-13751-0008,8224,0,0.0367,0.6025
4077-13751-0008,8230,0,-0.069,0.7149
4077-13751-0008,8455,0,0.0685,0.5753
4077-13751-0008,908,0,0.0719,0.8469
4077-13751-0010,1089,0,0.039,0.7596
4077-13751-0010,1188,0,-0.1041,0.7544
4077-13751-0010,1320,0,0.0726,0.7224
4077-13751-0010,2300,0,0.0975,0.6749
4077-13751-0010,260,0,0.1207,0.7937
4077-13751-0010,2830,0,-0.0859,0.6844
4077-13751-0010,4077,1,0.259,0.8029
4077-13751-0010,5105,0,0.0619,0.7967
4077-13751-0010,5639,0,-0.0235,0.8083
4077-13751-0010,61,0,0.0169,0.8406
4077-13751-0010,672,0,-0.0012,0.8066
4077-13751-0010,6930,0,0.0345,0.6429
4077-13751-0010,7021,0,0.1057,0.794
4077-13751-0010,7127,0,0.0586,0.6957
4077-13751-0010,7176,0,0.0716,0.7859
4077-13751-0010,7729,0,0.0575,0.8987
4077-13751-0010,8224,0,0.0758,0.7151
4077-13751-0010,8230,0,-0.0847,0.7123
4077-13751-0010,8455,0,0.0848,0.6373
4077-13751-0010,908,0,0.0342,0.8831
4077-13751-0013,1089,0,0.0016,0.6981
4077-13751-0013,1188,0,-0.097,0.6867
4077-13751-0013,1320,0,0.0615,0.6804
4077-13751-0013,2300,0,0.0757,0.6794
4077-13751-0013,260,0,0.0649,0.7148
4077-13751-0013,2830,0,-0.0471,0.6029
4077-13751-0013,4077,1,0.1312,0.7827
4077-13751-0013,5105,0,0.0618,0.7453
4077-13751-0013,5639,0,-0.0229,0.7485
4077-13751-0013,61,0,-0.0202,0.7488
4077-13751-0013,672,0,-0.0416,0.7283
4077-13751-0013,6930,0,0.0392,0.547
4077-13751-0013,7021,0,0.1068,0.7607
4077-13751-0013,7127,0,0.1184,0.6845
4077-13751-0013,7176,0,0.0457,0.6995
4077-13751-0013,7729,0,0.0871,0.8743
4077-13751-0013,8224,0,0.0444,0.6426
4077-13751-0013,8230,0,-0.0668,0.6084
4077-13751-0013,8455,0,0.0651,0.5813
4077-13751-0013,908,0,0.0512,0.8222
4077-13751-0015,1089,0,0.0525,0.6863
4077-13751-0015,1188,0,-0.0423,0.7045
4077-13751-0015,1320,0,0.0847,0.6519
4077-13751-0015,2300,0,0.0628,0.5905
4077-13751-0015,260,0,0.1029,0.7618
4077-13751-0015,2830,0,-0.0301,0.6667
4077-13751-0015,4077,1,0.2448,0.7745
4077-13751-0015,5105,0,0.0674,0.7406
4077-13751-0015,5639,0,-0.006,0.7633
4077-13751-0015,61,0,0.0419,0.8216
4077-13751-0015,672,0,-0.0354,0.7229
4077-13751-0015,6930,0,0.1044,0.5753
4077-13751-0015,7021,0,0.1069,0.7286
4077-13751-0015,7127,0,0.096,0.6628
4077-13751-0015,7176,0,0.0819,0.7881
4077-13751-0015,7729,0,0.0771,0.8664
4077-13751-0015,8224,0,0.054,0.5974
4077-13751-0015,8230,0,-0.0452,0.6803
4077-13751-0015,8455,0,0.0854,0.5472
4077-13751-0015,908,0,0.0936,0.8267
4077-13751-0020,1089,0,0.05,0.7204
4077-13751-0020,1188,0,-0.1023,0.7532
4077-13751-0020,1320,0,0.1146,0.6834
4077-13751-0020,2300,0,0.1157,0.6211
4077-13751-0020,260,0,0.1327,0.8056
4077-13751-0020,2830,0,-0.0578,0.7066
4077-13751-0020,4077,1,0.2665,0.7876
4077-13751-0020,5105,0,0.0663,0.7587
4077-13751-0020,5639,0,0.0009,0.7848
4077-13751-0020,61,0,0.0525,0.852
4077-13751-0020,672,0,-0.0161,0.7641
4077-13751-0020,6930,0,0.09,0.6105
4077-13751-0020,7021,0,0.1405,0.7478
4077-13751-0020,7127,0,0.0788,0.6764
4077-13751-0020,7176,0,0.0582,0.8129
4077-13751-0020,7729,0,0.0586,0.8761
4077-13751-0020,8224,0,0.0811,0.6445
4077-13751-0020,8230,0,-0.0734,0.72
4077-13751-0020,8455,0,0.1002,0.5944
4077-13751-0020,908,0,0.0597,0.8488
4077-13754-0000,1089,0,0.0389,0.7162
4077-13754-0000,1188,0,-0.0772,0.7094
4077-13754-0000,1320,0,0.0596,0.6471
4077-13754-0000,2300,0,0.0825,0.5295
4077-13754-0000,260,0,0.0423,0.7837
4077-13754-0000,2830,0,-0.0358,0.6956
4077-13754-0000,4077,1,0.2675,0.7566
4077-13754-0000,5105,0,0.0244,0.7386
4077-13754-0000,5639,0,0.0513,0.8086
4077-13754-0000,61,0,0.135,0.8605
4077-13754-0000,672,0,-0.0291,0.7622
4077-13754-0000,6930,0,0.0053,0.6256
4077-13754-0000,7021,0,0.0722,0.7024
4077-13754-0000,7127,0,0.0739,0.6395
4077-13754-0000,7176,0,0.1746,0.8334
4077-13754-0000,7729,0,0.1125,0.8443
4077-13754-0000,8224,0,0.0548,0.6448
4077-13754-0000,8230,0,-0.0064,0.7522
4077-13754-0000,8455,0,0.0469,0.5502
4077-13754-0000,908,0,0.0666,0.8451
4077-13754-0003,1089,0,0.0497,0.7032
4077-13754-0003,1188,0,-0.0053,0.7261
4077-13754-0003,1320,0,0.1292,0.6226
4077-13754-0003,2300,0,0.1051,0.483
4077-13754-0003,260,0,-0.0123,0.7909
4077-13754-0003,2830,0,-0.0209,0.7246
4077-13754-0003,4077,1,0.2524,0.7401
4077-13754-0003,5105,0,0.1294,0.7204
4077-13754-0003,5639,0,0.0379,0.8141
4077-13754-0003,61,0,0.0686,0.8608
4077-13754-0003,672,0,0.0247,0.743
4077-13754-0003,6930,0,0.0657,0.6168
4077-13754-0003,7021,0,0.1504,0.6785
4077-13754-0003,7127,0,0.0512,0.6228
4077-13754-0003,7176,0,0.0897,0.8227
4077-13754-0003,7729,0,0.0952,0.8638
4077-13754-0003,8224,0,0.0376,0.607
4077-13754-0003,8230,0,-0.0263,0.7537
4077-13754-0003,8455,0,0.0558,0.5202
4077-13754-0003,908,0,0.1236,0.8377
4077-13754-0010,1089,0,-0.0042,0.7638
4077-13754-0010,1188,0,-0.0826,0.8014
4077-13754-0010,1320,0,0.077,0.7166
4077-13754-0010,2300,0,0.1137,0.5783
4077-13754-0010,260,0,0.0844,0.8318
4077-13754-0010,2830,0,-0.0604,0.7815
4077-13754-0010,4077,1,0.1785,0.779
4077-13754-0010,5105,0,0.0723,0.7971
4077-13754-0010,5639,0,-0.0183,0.8346
4077-13754-0010,61,0,-0.0011,0.8752
4077-13754-0010,672,0,-0.0181,0.8081
4077-13754-0010,6930,0,0.0432,0.6563
4077-13754-0010,7021,0,0.0739,0.7552
4077-13754-0010,7127,0,0.0782,0.7054
4077-13754-0010,7176,0,0.0782,0.8518
4077-13754-0010,7729,0,0.0514,0.8697
4077-13754-0010,8224,0,0.0743,0.6956
4077-13754-0010,8230,0,-0.0819,0.7918
4077-13754-0010,8455,0,0.0772,0.6072
4077-13754-0010,908,0,0.0167,0.8599
4446-2273-0001,121,0,0.1158,0.8454
4446-2273-0001,1221,0,0.0564,0.8858
4446-2273-0001,1284,0,-0.0386,0.8306
4446-2273-0001,1580,0,-0.0793,0.801
4446-2273-0001,1995,0,-0.1518,0.8152
4446-2273-0001,2094,0,0.1446,0.8926
4446-2273-0001,237,0,0.0479,0.8551
4446-2273-0001,2961,0,0.1131,0.7391
4446-2273-0001,3570,0,-0.0057,0.7503
4446-2273-0001,3575,0,0.0048,0.674
4446-2273-0001,3729,0,-0.0782,0.9072
4446-2273-0001,4446,1,0.0148,0.9057
4446-2273-0001,4507,0,-0.1725,0.8332
4446-2273-0001,4970,0,-0.0061,0.7199
4446-2273-0001,4992,0,0.0965,0.9191
4446-2273-0001,5142,0,0.0851,0.831
4446-2273-0001,5683,0,-0.2115,0.7671
4446-2273-0001,6829,0,0.1008,0.8631
4446-2273-0001,8463,0,0.1176,0.9302
4446-2273-0001,8555,0,-0.0134,0.7386
4446-2273-0008,121,0,0.0994,0.8696
4446-2273-0008,1221,0,0.07,0.9098
4446-2273-0008,1284,0,-0.0695,0.8493
4446-2273-0008,1580,0,-0.0942,0.8396
4446-2273-0008,1995,0,-0.1581,0.8473
4446-2273-0008,2094,0,0.0776,0.9116
4446-2273-0008,237,0,0.0536,0.8785
4446-2273-0008,2961,0,0.0484,0.7594
4446-2273-0008,3570,0,-0.0007,0.7946
4446-2273-0008,3575,0,-0.0383,0.7413
4446-2273-0008,3729,0,-0.074,0.9216
4446-2273-0008,4446,1,0.0132,0.9102
4446-2273-0008,4507,0,-0.191,0.8659
4446-2273-0008,4970,0,0.0437,0.7628
4446-2273-0008,4992,0,0.0714,0.9344
4446-2273-0008,5142,0,0.0921,0.8446
4446-2273-0008,5683,0,-0.1553,0.8175
4446-2273-0008,6829,0,0.1235,0.8791
4446-2273-0008,8463,0,0.1768,0.9353
4446-2273-0008,8555,0,-0.0104,0.7918
4446-2273-0022,121,0,0.0817,0.8415
4446-2273-0022,1221,0,0.1403,0.9083
4446-2273-0022,1284,0,0.0166,0.7813
4446-2273-0022,1580,0,-0.0609,0.7754
4446-2273-0022,1995,0,-0.1756,0.8321
4446-2273-0022,2094,0,0.0805,0.8654
4446-2273-0022,237,0,0.062,0.8682
4446-2273-0022,2961,0,0.0007,0.7257
4446-2273-0022,3570,0,-0.0708,0.7738
4446-2273-0022,3575,0,-0.0605,0.6993
4446-2273-0022,3729,0,-0.0316,0.9155
4446-2273-0022,4446,1,0.1219,0.8834
4446-2273-0022,4507,0,-0.128,0.8635
4446-2273-0022,4970,0,0.0755,0.7609
4446-2273-0022,4992,0,0.1557,0.9394
4446-2273-0022,5142,0,0.0463,0.8752
4446-2273-0022,5683,0,-0.1203,0.7785
4446-2273-0022,6829,0,0.2016,0.8718
4446-2273-0022,8463,0,0.1527,0.9394
4446-2273-0022,8555,0,-0.0302,0.8193
4446-2273-0032,121,0,0.1767,0.82
4446-2273-0032,1221,0,0.1383,0.8947
4446-2273-0032,1284,0,-0.0272,0.7878
4446-2273-0032,1580,0,-0.0432,0.78
4446-2273-0032,1995,0,-0.0649,0.7751
4446-2273-0032,2094,0,0.0429,0.8697
4446-2273-0032,237,0,0.061,0.8379
4446-2273-0032,2961,0,0.0394,0.7109
4446-2273-0032,3570,0,0.0111,0.7784
4446-2273-0032,3575,0,-0.0113,0.746
4446-2273-0032,3729,0,-0.0288,0.897
4446-2273-0032,4446,1,0.0696,0.8663
4446-2273-0032,4507,0,-0.2147,0.863
4446-2273-0032,4970,0,0.0485,0.7932
4446-2273-0032,4992,0,0.0671,0.8904
4446-2273-0032,5142,0,-0.0199,0.8318
4446-2273-0032,5683,0,-0.1006,0.7844
4446-2273-0032,6829,0,0.1256,0.8822
4446-2273-0032,8463,0,0.122,0.8907
4446-2273-0032,8555,0,-0.051,0.7773
4446-2275-0007,121,0,0.1132,0.8057
4446-2275-0007,1221,0,0.0585,0.8999
4446-2275-0007,1284,0,-0.0345,0.7775
4446-2275-0007,1580,0,-0.089,0.7761
4446-2275-0007,1995,0,-0.1322,0.7662
4446-2275-0007,2094,0,0.0825,0.8583
4446-2275-0007,237,0,0.0472,0.8328
4446-2275-0007,2961,0,0.0253,0.6842
4446-2275-0007,3570,0,-0.0624,0.7398
4446-2275-0007,3575,0,-0.0199,0.7211
4446-2275-0007,3729,0,-0.0782,0.8988
4446-2275-0007,4446,1,0.0593,0.8731
4446-2275-0007,4507,0,-0.2339,0.8671
4446-2275-0007,4970,0,0.0523,0.8009
4446-2275-0007,4992,0,0.0864,0.9009
4446-2275-0007,5142,0,0.0665,0.8642
4446-2275-0007,5683,0,-0.1218,0.7933
4446-2275-0007,6829,0,0.1699,0.8847
4446-2275-0007,8463,0,0.1202,0.9082
4446-2275-0007,8555,0,0.0148,0.801
4446-2275-0026,121,0,0.0516,0.8038
4446-2275-0026,1221,0,0.1109,0.9291
4446-2275-0026,1284,0,-0.0149,0.8149
4446-2275-0026,1580,0,-0.0477,0.8183
4446-2275-0026,1995,0,-0.0824,0.803
4446-2275-0026,2094,0,0.0879,0.8878
4446-2275-0026,237,0,0.0093,0.8617
4446-2275-0026,2961,0,0.0207,0.6559
4446-2275-0026,3570,0,0.0349,0.7292
4446-2275-0026,3575,0,-0.0173,0.7433
4446-2275-0026,3729,0,0.003,0.899
4446-2275-0026,4446,1,0.0379,0.9008
4446-2275-0026,4507,0,-0.1901,0.8777
4446-2275-0026,4970,0,0.0296,0.8104
4446-2275-0026,4992,0,0.083,0.9254
4446-2275-0026,5142,0,0.0279,0.8906
4446-2275-0026,5683,0,-0.1496,0.8274
4446-2275-0026,6829,0,0.0919,0.8944
4446-2275-0026,8463,0,0.1287,0.9066
4446-2275-0026,8555,0,-0.0069,0.843
4446-2275-0029,121,0,0.1512,0.8948
4446-2275-0029,1221,0,0.1227,0.8775
4446-2275-0029,1284,0,-0.0687,0.773
4446-2275-0029,1580,0,-0.0773,0.7846
4446-2275-0029,1995,0,-0.0855,0.8485
4446-2275-0029,2094,0,-0.019,0.8827
4446-2275-0029,237,0,-0.0303,0.8628
4446-2275-0029,2961,0,-0.0224,0.8077
4446-2275-0029,3570,0,0.0431,0.8248
4446-2275-0029,3575,0,-0.0842,0.7259
4446-2275-0029,3729,0,-0.0458,0.9186
4446-2275-0029,4446,1,0.0545,0.8623
4446-2275-0029,4507,0,-0.2347,0.8629
4446-2275-0029,4970,0,-0.0032,0.726
4446-2275-0029,4992,0,0.1144,0.9196
4446-2275-0029,5142,0,0.0323,0.8106
4446-2275-0029,5683,0,-0.0947,0.7721
4446-2275-0029,6829,0,0.0972,0.8548
4446-2275-0029,8463,0,0.1106,0.9299
4446-2275-0029,8555,0,0.0443,0.7717
4446-2275-0035,121,0,0.1267,0.8165
4446-2275-0035,1221,0,0.1036,0.9243
4446-2275-0035,1284,0,-0.0541,0.8463
4446-2275-0035,1580,0,-0.0665,0.8174
4446-2275-0035,1995,0,-0.1051,0.8219
4446-2275-0035,2094,0,0.05,0.8992
4446-2275-0035,237,0,0.049,0.8858
4446-2275-0035,2961,0,0.0358,0.6972
4446-2275-0035,3570,0,-0.0219,0.7316
4446-2275-0035,3575,0,-0.079,0.7149
4446-2275-0035,3729,0,-0.1032,0.9166
4446-2275-0035,4446,1,0.0657,0.9252
4446-2275-0035,4507,0,-0.2375,0.8596
4446-2275-0035,4970,0,0.0249,0.8
4446-2275-0035,4992,0,0.0959,0.9371
4446-2275-0035,5142,0,0.0399,0.9028
4446-2275-0035,5683,0,-0.1152,0.8251
4446-2275-0035,6829,0,0.1332,0.9029
4446-2275-0035,8463,0,0.1049,0.9418
4446-2275-0035,8555,0,0.0072,0.8235
4446-2275-0041,121,0,0.0937,0.8522
4446-2275-0041,1221,0,0.0931,0.8897
4446-2275-0041,1284,0,-0.0419,0.792
4446-2275-0041,1580,0,-0.0904,0.7859
4446-2275-0041,1995,0,-0.098,0.8276
4446-2275-0041,2094,0,0.0582,0.8655
4446-2275-0041,237,0,0.0334,0.8531
4446-2275-0041,2961,0,-0.0471,0.7444
4446-2275-0041,3570,0,-0.0359,0.7951
4446-2275-0041,3575,0,0.0109,0.6966
4446-2275-0041,3729,0,-0.0988,0.9014
4446-2275-0041,4446,1,0.0232,0.875
4446-2275-0041,4507,0,-0.2231,0.8635
4446-2275-0041,4970,0,0.0696,0.7304
4446-2275-0041,4992,0,0.0752,0.9127
4446-2275-0041,5142,0,0.0481,0.8386
4446-2275-0041,5683,0,-0.0436,0.762
4446-2275-0041,6829,0,0.1621,0.8507
4446-2275-0041,8463,0,0.0331,0.9118
4446-2275-0041,8555,0,0.0835,0.791
4446-2275-0043,121,0,0.1321,0.7755
4446-2275-0043,1221,0,0.1029,0.9079
4446-2275-0043,1284,0,-0.0097,0.7909
4446-2275-0043,1580,0,-0.0441,0.7883
4446-2275-0043,1995,0,-0.0946,0.784
4446-2275-0043,2094,0,0.0254,0.8556
4446-2275-0043,237,0,0.0505,0.8252
4446-2275-0043,2961,0,0.0381,0.6385
4446-2275-0043,3570,0,-0.0549,0.7064
4446-2275-0043,3575,0,0.0326,0.7106
4446-2275-0043,3729,0,-0.0696,0.8679
4446-2275-0043,4446,1,0.0143,0.8737
4446-2275-0043,4507,0,-0.1988,0.8515
4446-2275-0043,4970,0,0.138,0.7873
4446-2275-0043,4992,0,0.0914,0.9004
4446-2275-0043,5142,0,0.0356,0.8695
4446-2275-0043,5683,0,-0.0438,0.797
4446-2275-0043,6829,0,0.1817,0.8637
4446-2275-0043,8463,0,0.0963,0.8863
4446-2275-0043,8555,0,0.0844,0.829
4507-16021-0001,121,0,0.028,0.7342
4507-16021-0001,1221,0,-0.0105,0.803
4507-16021-0001,1284,0,-0.0408,0.6776
4507-16021-0001,1580,0,-0.0862,0.7457
4507-16021-0001,1995,0,-0.118,0.6517
4507-16021-0001,2094,0,0.0622,0.7436
4507-16021-0001,237,0,0.0067,0.7935
4507-16021-0001,2961,0,-0.0495,0.6691
4507-16021-0001,3570,0,-0.0334,0.8232
4507-16021-0001,3575,0,-0.0692,0.8524
4507-16021-0001,3729,0,-0.1499,0.7804
4507-16021-0001,4446,0,-0.0103,0.7174
4507-16021-0001,4507,1,-0.1353,0.8295
4507-16021-0001,4970,0,0.0996,0.8539
4507-16021-0001,4992,0,0.0058,0.7308
4507-16021-0001,5142,0,0.0958,0.702
4507-16021-0001,5683,0,-0.0362,0.8069
4507-16021-0001,6829,0,0.1458,0.795
4507-16021-0001,8463,0,0.0508,0.6996
4507-16021-0001,8555,0,0.0947,0.7716
4507-16021-0005,121,0,-0.0124,0.6404
4507-16021-0005,1221,0,-0.029,0.8354
4507-16021-0005,1284,0,-0.0803,0.7291
4507-16021-0005,1580,0,-0.0719,0.7437
4507-16021-0005,1995,0,-0.027,0.6155
4507-16021-0005,2094,0,0.2001,0.7658
4507-16021-0005,237,0,0.0082,0.7616
4507-16021-0005,2961,0,0.0581,0.5603
4507-16021-0005,3570,0,-0.0044,0.6722
4507-16021-0005,3575,0,-0.0836,0.7365
4507-16021-0005,3729,0,-0.1162,0.7741
4507-16021-0005,4446,0,-0.0519,0.7887
4507-16021-0005,4507,1,-0.0237,0.8129
4507-16021-0005,4970,0,0.0931,0.8483
4507-16021-0005,4992,0,0.0083,0.757
4507-16021-0005,5142,0,0.1554,0.7877
4507-16021-0005,5683,0,0.0048,0.7868
4507-16021-0005,6829,0,0.2689,0.8488
4507-16021-0005,8463,0,0.0622,0.7277
4507-16021-0005,8555,0,0.1278,0.7642
4507-16021-0021,121,0,0.105,0.7118
4507-16021-0021,1221,0,0.0874,0.8133
4507-16021-0021,1284,0,-0.0369,0.6901
4507-16021-0021,1580,0,-0.076,0.711
4507-16021-0021,1995,0,-0.077,0.6643
4507-16021-0021,2094,0,0.1402,0.776
4507-16021-0021,237,0,-0.0281,0.7635
4507-16021-0021,2961,0,0.0346,0.6676
4507-16021-0021,3570,0,-0.017,0.755
4507-16021-0021,3575,0,-0.035,0.7756
4507-16021-0021,3729,0,-0.0996,0.796
4507-16021-0021,4446,0,-0.049,0.7515
4507-16021-0021,4507,1,-0.0754,0.8345
4507-16021-0021,4970,0,0.0338,0.839
4507-16021-0021,4992,0,0.0689,0.7691
4507-16021-0021,5142,0,0.0577,0.7713
4507-16021-0021,5683,0,-0.0266,0.7649
4507-16021-0021,6829,0,0.2426,0.8501
4507-16021-0021,8463,0,0.0227,0.7527
4507-16021-0021,8555,0,0.0607,0.766
4507-16021-0030,121,0,0.0857,0.6912
4507-16021-0030,1221,0,0.0596,0.8226
4507-16021-0030,1284,0,-0.1218,0.6715
4507-16021-0030,1580,0,-0.0786,0.6939
4507-16021-0030,1995,0,-0.1267,0.6447
4507-16021-0030,2094,0,0.0931,0.7465
4507-16021-0030,237,0,0.0059,0.741
4507-16021-0030,2961,0,0.0361,0.605
4507-16021-0030,3570,0,-0.1036,0.717
4507-16021-0030,3575,0,-0.083,0.7735
4507-16021-0030,3729,0,-0.0525,0.7856
4507-16021-0030,4446,0,-0.0834,0.7422
4507-16021-0030,4507,1,-0.0213,0.8331
4507-16021-0030,4970,0,0.0811,0.8603
4507-16021-0030,4992,0,0.027,0.766
4507-16021-0030,5142,0,0.089,0.7947
4507-16021-0030,5683,0,-0.0288,0.7607
4507-16021-0030,6829,0,0.2551,0.8358
4507-16021-0030,8463,0,0.0411,0.7546
4507-16021-0030,8555,0,0.0928,0.7926
4507-16021-0031,121,0,0.055,0.7566
4507-16021-0031,1221,0,0.0282,0.8534
4507-16021-0031,1284,0,-0.0167,0.7354
4507-16021-0031,1580,0,-0.1,0.7433
4507-16021-0031,1995,0,-0.1068,0.7162
4507-16021-0031,2094,0,0.1114,0.8054
4507-16021-0031,237,0,-0.0246,0.7913
4507-16021-0031,2961,0,0.0302,0.6718
4507-16021-0031,3570,0,-0.0646,0.7641
4507-16021-0031,3575,0,-0.0489,0.7491
4507-16021-0031,3729,0,-0.1231,0.8336
4507-16021-0031,4446,0,-0.0906,0.8
4507-16021-0031,4507,1,-0.0992,0.8568
4507-16021-0031,4970,0,0.0102,0.8163
4507-16021-0031,4992,0,0.0435,0.8192
4507-16021-0031,5142,0,0.0697,0.8095
4507-16021-0031,5683,0,-0.0697,0.7704
4507-16021-0031,6829,0,0.2122,0.8527
4507-16021-0031,8463,0,0.0287,0.8074
4507-16021-0031,8555,0,0.0676,0.7879
4507-16021-0046,121,0,0.0696,0.6833
4507-16021-0046,1221,0,-0.0223,0.834
4507-16021-0046,1284,0,-0.0858,0.6727
4507-16021-0046,1580,0,-0.1413,0.6852
4507-16021-0046,1995,0,-0.0709,0.7011
4507-16021-0046,2094,0,0.0107,0.7469
4507-16021-0046,237,0,-0.005,0.7843
4507-16021-0046,2961,0,-0.0499,0.5916
4507-16021-0046,3570,0,-0.0666,0.7048
4507-16021-0046,3575,0,-0.0892,0.7596
4507-16021-0046,3729,0,-0.1285,0.7791
4507-16021-0046,4446,0,-0.0457,0.7465
4507-16021-0046,4507,1,-0.0855,0.8226
4507-16021-0046,4970,0,0.0809,0.8767
4507-16021-0046,4992,0,-0.0197,0.8067
4507-16021-0046,5142,0,0.0541,0.8573
4507-16021-0046,5683,0,-0.0567,0.7649
4507-16021-0046,6829,0,0.2153,0.8332
4507-16021-0046,8463,0,0.0122,0.8104
4507-16021-0046,8555,0,0.0163,0.8608
4507-16021-0052,121,0,0.0568,0.853
4507-16021-0052,1221,0,-0.0497,0.7674
4507-16021-0052,1284,0,-0.1228,0.6938
4507-16021-0052,1580,0,-0.13,0.7534
4507-16021-0052,1995,0,-0.0346,0.7999
4507-16021-0052,2094,0,0.0077,0.791
4507-16021-0052,237,0,-0.1187,0.8345
4507-16021-0052,2961,0,-0.0918,0.8354
4507-16021-0052,3570,0,-0.0954,0.9152
4507-16021-0052,3575,0,-0.1687,0.8273
4507-16021-0052,3729,0,-0.0943,0.8134
4507-16021-0052,4446,0,-0.1044,0.7277
4507-16021-0052,4507,1,-0.0963,0.8181
4507-16021-0052,4970,0,-0.0254,0.7494
4507-16021-0052,4992,0,-0.0611,0.7792
4507-16021-0052,5142,0,0.0064,0.6854
4507-16021-0052,5683,0,-0.0834,0.772
4507-16021-0052,6829,0,0.0708,0.753
4507-16021-0052,8463,0,-0.0006,0.7701
4507-16021-0052,8555,0,0.0841,0.7706
4507-16021-0053,121,0,0.1762,0.7676
4507-16021-0053,1221,0,0.0211,0.7968
4507-16021-0053,1284,0,-0.1006,0.6663
4507-16021-0053,1580,0,-0.1197,0.7225
4507-16021-0053,1995,0,-0.1096,0.6922
4507-16021-0053,2094,0,0.1131,0.7543
4507-16021-0053,237,0,-0.0026,0.7861
4507-16021-0053,2961,0,0.0433,0.7137
4507-16021-0053,3570,0,-0.033,0.8285
4507-16021-0053,3575,0,0.0013,0.8057
4507-16021-0053,3729,0,-0.0614,0.7961
4507-16021-0053,4446,0,-0.1193,0.7283
4507-16021-0053,4507,1,-0.027,0.8138
4507-16021-0053,4970,0,0.0595,0.8008
4507-16021-0053,4992,0,0.0197,0.7644
4507-16021-0053,5142,0,0.0741,0.704
4507-16021-0053,5683,0,0.0083,0.7607
4507-16021-0053,6829,0,0.1805,0.7908
4507-16021-0053,8463,0,0.0732,0.756
4507-16021-0053,8555,0,0.0326,0.75
4507-16021-0056,121,0,-0.0071,0.7596
4507-16021-0056,1221,0,0.0057,0.8887
4507-16021-0056,1284,0,-0.0511,0.7716
4507-16021-0056,1580,0,-0.071,0.7803
4507-16021-0056,1995,0,-0.1114,0.7539
4507-16021-0056,2094,0,0.1495,0.8497
4507-16021-0056,237,0,-0.0791,0.8318
4507-16021-0056,2961,0,-0.0706,0.6665
4507-16021-0056,3570,0,-0.1377,0.7487
4507-16021-0056,3575,0,-0.081,0.7856
4507-16021-0056,3729,0,-0.0887,0.8538
4507-16021-0056,4446,0,-0.1026,0.8347
4507-16021-0056,4507,1,-0.0358,0.8638
4507-16021-0056,4970,0,0.0606,0.8564
4507-16021-0056,4992,0,0.0333,0.8625
4507-16021-0056,5142,0,0.0595,0.8419
4507-16021-0056,5683,0,0.01,0.8235
4507-16021-0056,6829,0,0.26,0.8975
4507-16021-0056,8463,0,-0.0058,0.8431
4507-16021-0056,8555,0,0.1478,0.8156
4507-16021-0057,121,0,0.0745,0.7737
4507-16021-0057,1221,0,-0.071,0.8771
4507-16021-0057,1284,0,0.0086,0.7693
4507-16021-0057,1580,0,-0.105,0.7696
4507-16021-0057,1995,0,-0.0249,0.7498
4507-16021-0057,2094,0,0.1102,0.8387
4507-16021-0057,237,0,-0.0168,0.8381
4507-16021-0057,2961,0,-0.0389,0.6869
4507-16021-0057,3570,0,-0.0642,0.7911
4507-16021-0057,3575,0,0.0585,0.7614
4507-16021-0057,3729,0,-0.1105,0.8501
4507-16021-0057,4446,0,-0.1028,0.8233
4507-16021-0057,4507,1,0.0024,0.8739
4507-16021-0057,4970,0,0.1434,0.8176
4507-16021-0057,4992,0,-0.0151,0.8401
4507-16021-0057,5142,0,0.0264,0.8139
4507-16021-0057,5683,0,0.0748,0.792
4507-16021-0057,6829,0,0.3288,0.8728
4507-16021-0057,8463,0,0.0232,0.8138
4507-16021-0057,8555,0,0.1275,0.7903
4970-29093-0002,121,0,0.044,0.8358
4970-29093-0002,1221,0,-0.0444,0.8053
4970-29093-0002,1284,0,-0.0762,0.7607
4970-29093-0002,1580,0,-0.1193,0.821
4970-29093-0002,1995,0,-0.0756,0.736
4970-29093-0002,2094,0,-0.0043,0.8377
4970-29093-0002,237,0,0.0163,0.8406
4970-29093-0002,2961,0,0.055,0.8053
4970-29093-0002,3570,0,-0.0667,0.8634
4970-29093-0002,3575,0,-0.1484,0.8791
4970-29093-0002,3729,0,-0.1219,0.8329
4970-29093-0002,4446,0,-0.0284,0.776
4970-29093-0002,4507,0,-0.1795,0.8505
4970-29093-0002,4970,1,0.1544,0.8132
4970-29093-0002,4992,0,-0.0066,0.7698
4970-29093-0002,5142,0,0.0633,0.6856
4970-29093-0002,5683,0,-0.0596,0.8452
4970-29093-0002,6829,0,0.1486,0.8317
4970-29093-0002,8463,0,0.0293,0.7668
4970-29093-0002,8555,0,-0.0846,0.7259
4970-29093-0013,121,0,0.0536,0.7832
4970-29093-0013,1221,0,-0.1573,0.8204
4970-29093-0013,1284,0,-0.0765,0.7386
4970-29093-0013,1580,0,-0.1792,0.7777
4970-29093-0013,1995,0,-0.0598,0.6635
4970-29093-0013,2094,0,0.0196,0.8009
4970-29093-0013,237,0,0.0288,0.7969
4970-29093-0013,2961,0,-0.0257,0.7083
4970-29093-0013,3570,0,-0.1008,0.8066
4970-29093-0013,3575,0,-0.1231,0.8082
4970-29093-0013,3729,0,-0.0997,0.8501
4970-29093-0013,4446,0,-0.0717,0.7882
4970-29093-0013,4507,0,-0.1843,0.8606
4970-29093-0013,4970,1,0.2105,0.8242
4970-29093-0013,4992,0,0.0167,0.7673
4970-29093-0013,5142,0,0.0569,0.7312
4970-29093-0013,5683,0,-0.1162,0.8249
4970-29093-0013,6829,0,0.1397,0.8349
4970-29093-0013,8463,0,0.0814,0.762
4970-29093-0013,8555,0,0.0053,0.7345
4970-29093-0020,121,0,0.1317,0.8062
4970-29093-0020,1221,0,-0.0102,0.8502
4970-29093-0020,1284,0,0.0379,0.8064
4970-29093-0020,1580,0,-0.0505,0.8146
4970-29093-0020,1995,0,-0.0138,0.7195
4970-29093-0020,2094,0,0.0403,0.8245
4970-29093-0020,237,0,0.1212,0.8549
4970-29093-0020,2961,0,0.0643,0.7504
4970-29093-0020,3570,0,-0.0314,0.8121
4970-29093-0020,3575,0,-0.0228,0.7776
4970-29093-0020,3729,0,-0.0996,0.8561
4970-29093-0020,4446,0,-0.0048,0.8307
4970-29093-0020,4507,0,-0.0544,0.84
4970-29093-0020,4970,1,0.2081,0.7884
4970-29093-0020,4992,0,0.0787,0.7979
4970-29093-0020,5142,0,0.1035,0.7277
4970-29093-0020,5683,0,0.0001,0.8247
4970-29093-0020,6829,0,0.212,0.8428
4970-29093-0020,8463,0,0.0489,0.8005
4970-29093-0020,8555,0,0.0255,0.7023
4970-29095-0006,121,0,0.162,0.7771
4970-29095-0006,1221,0,-0.0688,0.8618
4970-29095-0006,1284,0,-0.0226,0.7345
4970-29095-0006,1580,0,-0.155,0.7883
4970-29095-0006,1995,0,-0.0625,0.7199
4970-29095-0006,2094,0,0.0287,0.8259
4970-29095-0006,237,0,0.0314,0.8527
4970-29095-0006,2961,0,-0.0157,0.6994
4970-29095-0006,3570,0,-0.1006,0.8159
4970-29095-0006,3575,0,-0.0515,0.8356
4970-29095-0006,3729,0,-0.0966,0.8369
4970-29095-0006,4446,0,0.0111,0.796
4970-29095-0006,4507,0,-0.0921,0.8728
4970-29095-0006,4970,1,0.1312,0.8462
4970-29095-0006,4992,0,0.0275,0.8123
4970-29095-0006,5142,0,0.068,0.7585
4970-29095-0006,5683,0,-0.0294,0.8163
4970-29095-0006,6829,0,0.199,0.8757
4970-29095-0006,8463,0,0.0488,0.7846
4970-29095-0006,8555,0,0.0003,0.78
4970-29095-0007,121,0,0.0884,0.7378
4970-29095-0007,1221,0,-0.0623,0.7905
4970-29095-0007,1284,0,-0.0734,0.6613
4970-29095-0007,1580,0,-0.1486,0.7281
4970-29095-0007,1995,0,-0.0184,0.6525
4970-29095-0007,2094,0,0.0438,0.7667
4970-29095-0007,237,0,-0.0097,0.778
4970-29095-0007,2961,0,0.0854,0.6665
4970-29095-0007,3570,0,-0.0365,0.7917
4970-29095-0007,3575,0,-0.0714,0.8783
4970-29095-0007,3729,0,-0.1519,0.7832
4970-29095-0007,4446,0,-0.0919,0.711
4970-29095-0007,4507,0,-0.1956,0.8407
4970-29095-0007,4970,1,0.1937,0.8821
4970-29095-0007,4992,0,0.0485,0.7323
4970-29095-0007,5142,0,0.0101,0.7174
4970-29095-0007,5683,0,-0.0707,0.8151
4970-29095-0007,6829,0,0.1406,0.8223
4970-29095-0007,8463,0,0.0612,0.721
4970-29095-0007,8555,0,-0.0067,0.7733
4970-29095-0020,121,0,0.1168,0.7565
4970-29095-0020,1221,0,-0.0474,0.7983
4970-29095-0020,1284,0,-0.0567,0.6952
4970-29095-0020,1580,0,-0.1562,0.7725
4970-29095-0020,1995,0,-0.0536,0.6757
4970-29095-0020,2094,0,0.039,0.794
4970-29095-0020,237,0,0.0046,0.8044
4970-29095-0020,2961,0,0.0583,0.6798
4970-29095-0020,3570,0,-0.0973,0.803
4970-29095-0020,3575,0,-0.0115,0.8546
4970-29095-0020,3729,0,-0.1187,0.7832
4970-29095-0020,4446,0,-0.0809,0.7402
4970-29095-0020,4507,0,-0.2127,0.8331
4970-29095-0020,4970,1,0.1508,0.8301
4970-29095-0020,4992,0,0.0757,0.7506
4970-29095-0020,5142,0,-0.0053,0.7001
4970-29095-0020,5683,0,-0.0615,0.8074
4970-29095-0020,6829,0,0.1311,0.8143
4970-29095-0020,8463,0,0.0325,0.7311
4970-29095-0020,8555,0,-0.0281,0.7519
4970-29095-0024,121,0,0.0531,0.7626
4970-29095-0024,1221,0,-0.0461,0.7974
4970-29095-0024,1284,0,-0.0701,0.6674
4970-29095-0024,1580,0,-0.1301,0.745
4970-29095-0024,1995,0,-0.0864,0.6961
4970-29095-0024,2094,0,0.0086,0.7661
4970-29095-0024,237,0,-0.0078,0.8146
4970-29095-0024,2961,0,0.0921,0.6931
4970-29095-0024,3570,0,-0.0646,0.8185
4970-29095-0024,3575,0,-0.0321,0.8525
4970-29095-0024,3729,0,-0.1441,0.7819
4970-29095-0024,4446,0,-0.0412,0.7141
4970-29095-0024,4507,0,-0.2099,0.8188
4970-29095-0024,4970,1,0.2644,0.8331
4970-29095-0024,4992,0,0.0165,0.758
4970-29095-0024,5142,0,0.1191,0.6972
4970-29095-0024,5683,0,-0.0351,0.7993
4970-29095-0024,6829,0,0.1519,0.7952
4970-29095-0024,8463,0,0.1079,0.7433
4970-29095-0024,8555,0,0.0425,0.7635
4970-29095-0026,121,0,0.0562,0.7167
4970-29095-0026,1221,0,-0.0227,0.8133
4970-29095-0026,1284,0,-0.052,0.7105
4970-29095-0026,1580,0,-0.1756,0.7537
4970-29095-0026,1995,0,-0.0367,0.6534
4970-29095-0026,2094,0,0.0576,0.7807
4970-29095-0026,237,0,0.0596,0.7963
4970-29095-0026,2961,0,0.0556,0.6471
4970-29095-0026,3570,0,-0.0887,0.7618
4970-29095-0026,3575,0,-0.0383,0.8618
4970-29095-0026,3729,0,-0.1355,0.7776
4970-29095-0026,4446,0,-0.0821,0.7459
4970-29095-0026,4507,0,-0.268,0.8376
4970-29095-0026,4970,1,0.1638,0.8932
4970-29095-0026,4992,0,0.0509,0.739
4970-29095-0026,5142,0,0.0033,0.7359
4970-29095-0026,5683,0,-0.0446,0.8197
4970-29095-0026,6829,0,0.1775,0.8488
4970-29095-0026,8463,0,0.0336,0.7324
4970-29095-0026,8555,0,-0.0084,0.7612
4970-29095-0027,121,0,0.0559,0.7934
4970-29095-0027,1221,0,-0.0639,0.8525
4970-29095-0027,1284,0,-0.0774,0.7647
4970-29095-0027,1580,0,-0.143,0.7938
4970-29095-0027,1995,0,-0.0785,0.762
4970-29095-0027,2094,0,0.1529,0.8583
4970-29095-0027,237,0,0.0167,0.8399
4970-29095-0027,2961,0,0.057,0.7163
4970-29095-0027,3570,0,-0.1141,0.7923
4970-29095-0027,3575,0,-0.0278,0.8625
4970-29095-0027,3729,0,-0.0929,0.835
4970-29095-0027,4446,0,-0.131,0.8002
4970-29095-0027,4507,0,-0.2005,0.8652
4970-29095-0027,4970,1,0.1998,0.8787
4970-29095-0027,4992,0,0.0583,0.8267
4970-29095-0027,5142,0,0.0981,0.7975
4970-29095-0027,5683,0,-0.0576,0.8399
4970-29095-0027,6829,0,0.1875,0.879
4970-29095-0027,8463,0,0.0265,0.832
4970-29095-0027,8555,0,-0.0067,0.8043
4970-29095-0036,121,0,0.1093,0.7715
4970-29095-0036,1221,0,-0.1254,0.7802
4970-29095-0036,1284,0,-0.0511,0.6539
4970-29095-0036,1580,0,-0.1356,0.6996
4970-29095-0036,1995,0,-0.109,0.6761
4970-29095-0036,2094,0,0.0617,0.7688
4970-29095-0036,237,0,-0.0014,0.7873
4970-29095-0036,2961,0,0.0527,0.7101
4970-29095-0036,3570,0,-0.0808,0.8198
4970-29095-0036,3575,0,-0.0765,0.801
4970-29095-0036,3729,0,-0.1133,0.8069
4970-29095-0036,4446,0,-0.1292,0.7199
4970-29095-0036,4507,0,-0.2197,0.8165
4970-29095-0036,4970,1,0.1147,0.7972
4970-29095-0036,4992,0,-0.0152,0.7599
4970-29095-0036,5142,0,0.055,0.7007
4970-29095-0036,5683,0,-0.1358,0.7443
4970-29095-0036,6829,0,0.172,0.8038
4970-29095-0036,8463,0,0.0211,0.7641
4970-29095-0036,8555,0,0.0107,0.7219
4992-23283-0004,121,0,0.1396,0.744
4992-23283-0004,1221,0,0.0003,0.8752
4992-23283-0004,1284,0,-0.0626,0.7626
4992-23283-0004,1580,0,-0.054,0.7339
4992-23283-0004,1995,0,-0.1577,0.7487
4992-23283-0004,2094,0,-0.0055,0.8362
4992-23283-0004,237,0,-0.05,0.7956
4992-23283-0004,2961,0,0.0617,0.63
4992-23283-0004,3570,0,-0.0562,0.6802
4992-23283-0004,3575,0,-0.0409,0.6964
4992-23283-0004,3729,0,-0.1645,0.8494
4992-23283-0004,4446,0,-0.0531,0.8366
4992-23283-0004,4507,0,-0.1519,0.8219
4992-23283-0004,4970,0,0.0945,0.7973
4992-23283-0004,4992,1,0.2074,0.8734
4992-23283-0004,5142,0,-0.0074,0.8545
4992-23283-0004,5683,0,-0.1532,0.7602
4992-23283-0004,6829,0,0.2692,0.8712
4992-23283-0004,8463,0,0.072,0.8799
4992-23283-0004,8555,0,0.0367,0.7788
4992-23283-0011,121,0,0.1429,0.8052
4992-23283-0011,1221,0,0.004,0.8721
4992-23283-0011,1284,0,-0.0276,0.8083
4992-23283-0011,1580,0,-0.1042,0.806
4992-23283-0011,1995,0,-0.1146,0.8201
4992-23283-0011,2094,0,0.0526,0.882
4992-23283-0011,237,0,-0.0556,0.824
4992-23283-0011,2961,0,0.0221,0.6754
4992-23283-0011,3570,0,0.0029,0.7117
4992-23283-0011,3575,0,-0.0832,0.7435
4992-23283-0011,3729,0,-0.0836,0.8509
4992-23283-0011,4446,0,-0.05,0.849
4992-23283-0011,4507,0,-0.1045,0.8228
4992-23283-0011,4970,0,0.0887,0.7745
4992-23283-0011,4992,1,0.1754,0.902
4992-23283-0011,5142,0,0.0658,0.8273
4992-23283-0011,5683,0,-0.1491,0.7948
4992-23283-0011,6829,0,0.2037,0.852
4992-23283-0011,8463,0,0.0991,0.9093
4992-23283-0011,8555,0,0.007,0.7815
4992-23283-0013,121,0,0.0961,0.8135
4992-23283-0013,1221,0,-0.0046,0.8496
4992-23283-0013,1284,0,-0.0405,0.7904
4992-23283-0013,1580,0,-0.0915,0.7553
4992-23283-0013,1995,0,-0.059,0.8182
4992-23283-0013,2094,0,0.0923,0.8656
4992-23283-0013,237,0,-0.0653,0.7961
4992-23283-0013,2961,0,0.0184,0.7327
4992-23283-0013,3570,0,-0.0112,0.714
4992-23283-0013,3575,0,-0.0342,0.6588
4992-23283-0013,3729,0,-0.0721,0.8673
4992-23283-0013,4446,0,-0.1188,0.8504
4992-23283-0013,4507,0,-0.0789,0.814
4992-23283-0013,4970,0,0.0541,0.7198
4992-23283-0013,4992,1,0.1748,0.8968
4992-23283-0013,5142,0,0.0451,0.8342
4992-23283-0013,5683,0,-0.0858,0.7363
4992-23283-0013,6829,0,0.1862,0.8455
4992-23283-0013,8463,0,0.0911,0.9242
4992-23283-0013,8555,0,0.0676,0.7489
4992-41797-0007,121,0,0.0797,0.8285
4992-41797-0007,1221,0,0.0324,0.9024
4992-41797-0007,1284,0,-0.0048,0.828
4992-41797-0007,1580,0,-0.0385,0.845
4992-41797-0007,1995,0,-0.1392,0.8676
4992-41797-0007,2094,0,0.1366,0.8651
4992-41797-0007,237,0,-0.004,0.8933
4992-41797-0007,2961,0,-0.021,0.7232
4992-41797-0007,3570,0,-0.1186,0.787
4992-41797-0007,3575,0,-0.0118,0.7719
4992-41797-0007,3729,0,-0.1032,0.8647
4992-41797-0007,4446,0,-0.1328,0.8707
4992-41797-0007,4507,0,-0.1084,0.8547
4992-41797-0007,4970,0,-0.0422,0.8064
4992-41797-0007,4992,1,0.0609,0.9168
4992-41797-0007,5142,0,0.0006,0.8645
4992-41797-0007,5683,0,-0.1563,0.8316
4992-41797-0007,6829,0,0.2238,0.8446
4992-41797-0007,8463,0,0.0169,0.914
4992-41797-0007,8555,0,-0.0011,0.869
4992-41797-0010,121,0,0.0699,0.7901
4992-41797-0010,1221,0,0.0439,0.8848
4992-41797-0010,1284,0,0.0047,0.7552
4992-41797-0010,1580,0,-0.0652,0.7587
4992-41797-0010,1995,0,-0.0822,0.7868
4992-41797-0010,2094,0,0.1486,0.8605
4992-41797-0010,237,0,-0.0156,0.8242
4992-41797-0010,2961,0,0.0427,0.6734
4992-41797-0010,3570,0,-0.0372,0.7279
4992-41797-0010,3575,0,0.1411,0.7446
4992-41797-0010,3729,0,-0.1018,0.8693
4992-41797-0010,4446,0,-0.1274,0.8375
4992-41797-0010,4507,0,-0.1829,0.8524
4992-41797-0010,4970,0,0.115,0.8104
4992-41797-0010,4992,1,0.1836,0.9005
4992-41797-0010,5142,0,-0.0432,0.8622
4992-41797-0010,5683,0,-0.1242,0.7863
4992-41797-0010,6829,0,0.2447,0.8843
4992-41797-0010,8463,0,0.0693,0.9044
4992-41797-0010,8555,0,0.0791,0.8139
4992-41797-0017,121,0,0.1343,0.8013
4992-41797-0017,1221,0,0.0579,0.9079
4992-41797-0017,1284,0,0.0269,0.7897
4992-41797-0017,1580,0,-0.0537,0.7953
4992-41797-0017,1995,0,-0.0061,0.8038
4992-41797-0017,2094,0,0.2217,0.894
4992-41797-0017,237,0,-0.0482,0.83
4992-41797-0017,2961,0,0.0272,0.6679
4992-41797-0017,3570,0,0.0019,0.7077
4992-41797-0017,3575,0,0.0799,0.7133
4992-41797-0017,3729,0,-0.0399,0.889
4992-41797-0017,4446,0,-0.0896,0.8788
4992-41797-0017,4507,0,-0.0415,0.8662
4992-41797-0017,4970,0,0.0209,0.7742
4992-41797-0017,4992,1,0.1575,0.9302
4992-41797-0017,5142,0,0.0037,0.8769
4992-41797-0017,5683,0,-0.101,0.794
4992-41797-0017,6829,0,0.2431,0.9004
4992-41797-0017,8463,0,0.0431,0.9133
4992-41797-0017,8555,0,0.0545,0.8104
4992-41806-0003,121,0,0.0978,0.8026
4992-41806-0003,1221,0,-0.0302,0.8716
4992-41806-0003,1284,0,-0.0685,0.7697
4992-41806-0003,1580,0,-0.0815,0.7705
4992-41806-0003,1995,0,-0.0649,0.8172
4992-41806-0003,2094,0,0.1831,0.874
4992-41806-0003,237,0,-0.0223,0.8186
4992-41806-0003,2961,0,0.0711,0.7029
4992-41806-0003,3570,0,-0.0379,0.7279
4992-41806-0003,3575,0,0.0137,0.7275
4992-41806-0003,3729,0,-0.1526,0.8603
4992-41806-0003,4446,0,-0.1487,0.8441
4992-41806-0003,4507,0,-0.109,0.8411
4992-41806-0003,4970,0,0.1127,0.7738
4992-41806-0003,4992,1,0.075,0.9006
4992-41806-0003,5142,0,0.0622,0.847
4992-41806-0003,5683,0,-0.0497,0.7717
4992-41806-0003,6829,0,0.1859,0.8675
4992-41806-0003,8463,0,0.0196,0.9042
4992-41806-0003,8555,0,0.0752,0.7982
4992-41806-0008,121,0,0.1219,0.8062
4992-41806-0008,1221,0,-0.0314,0.8914
4992-41806-0008,1284,0,-0.0494,0.7602
4992-41806-0008,1580,0,-0.0745,0.7786
4992-41806-0008,1995,0,-0.0601,0.7716
4992-41806-0008,2094,0,0.1153,0.8748
4992-41806-0008,237,0,-0.0255,0.8124
4992-41806-0008,2961,0,0.036,0.6871
4992-41806-0008,3570,0,-0.0353,0.7472
4992-41806-0008,3575,0,-0.026,0.7581
4992-41806-0008,3729,0,-0.084,0.8858
4992-41806-0008,4446,0,-0.1123,0.8472
4992-41806-0008,4507,0,-0.1092,0.8821
4992-41806-0008,4970,0,0.1363,0.8036
4992-41806-0008,4992,1,0.1772,0.892
4992-41806-0008,5142,0,-0.0479,0.8505
4992-41806-0008,5683,0,-0.1676,0.7995
4992-41806-0008,6829,0,0.2337,0.897
4992-41806-0008,8463,0,0.0202,0.8787
4992-41806-0008,8555,0,0.0197,0.8058
4992-41806-0013,121,0,0.1004,0.7659
4992-41806-0013,1221,0,-0.0783,0.8653
4992-41806-0013,1284,0,-0.0532,0.72
4992-41806-0013,1580,0,-0.136,0.7411
4992-41806-0013,1995,0,-0.0322,0.7355
4992-41806-0013,2094,0,0.1243,0.8319
4992-41806-0013,237,0,-0.0431,0.8005
4992-41806-0013,2961,0,0.0128,0.6701
4992-41806-0013,3570,0,-0.052,0.7594
4992-41806-0013,3575,0,-0.0419,0.7961
4992-41806-0013,3729,0,-0.1713,0.8463
4992-41806-0013,4446,0,-0.0736,0.7971
4992-41806-0013,4507,0,-0.1239,0.8498
4992-41806-0013,4970,0,0.1152,0.8373
4992-41806-0013,4992,1,0.1261,0.8465
4992-41806-0013,5142,0,0.004,0.8075
4992-41806-0013,5683,0,-0.1382,0.7828
4992-41806-0013,6829,0,0.2163,0.8818
4992-41806-0013,8463,0,0.0802,0.8347
4992-41806-0013,8555,0,0.0039,0.7924
4992-41806-0017,121,0,0.0976,0.805
4992-41806-0017,1221,0,-0.019,0.8667
4992-41806-0017,1284,0,-0.0524,0.7851
4992-41806-0017,1580,0,-0.124,0.7652
4992-41806-0017,1995,0,-0.0796,0.819
4992-41806-0017,2094,0,0.1825,0.8883
4992-41806-0017,237,0,-0.0643,0.8104
4992-41806-0017,2961,0,0.0319,0.7113
4992-41806-0017,3570,0,-0.0743,0.7246
4992-41806-0017,3575,0,-0.0032,0.7249
4992-41806-0017,3729,0,-0.0975,0.862
4992-41806-0017,4446,0,-0.1264,0.8418
4992-41806-0017,4507,0,-0.114,0.8385
4992-41806-0017,4970,0,0.0358,0.768
4992-41806-0017,4992,1,0.118,0.8968
4992-41806-0017,5142,0,0.0748,0.8368
4992-41806-0017,5683,0,-0.1207,0.7588
4992-41806-0017,6829,0,0.2121,0.8817
4992-41806-0017,8463,0,0.0229,0.9028
4992-41806-0017,8555,0,0.1229,0.7676
5105-28233-0001,1089,0,-0.0161,0.7305
5105-28233-0001,1188,0,-0.0318,0.7683
5105-28233-0001,1320,0,0.0712,0.7127
5105-28233-0001,2300,0,0.0787,0.6558
5105-28233-0001,260,0,0.0067,0.7672
5105-28233-0001,2830,0,0.015,0.7402
5105-28233-0001,4077,0,0.0567,0.6897
5105-28233-0001,5105,1,0.1497,0.7883
5105-28233-0001,5639,0,0.0238,0.748
5105-28233-0001,61,0,0.0259,0.8178
5105-28233-0001,672,0,-0.0614,0.775
5105-28233-0001,6930,0,0.0406,0.6463
5105-28233-0001,7021,0,0.0799,0.7808
5105-28233-0001,7127,0,0.1082,0.6647
5105-28233-0001,7176,0,-0.0134,0.7567
5105-28233-0001,7729,0,-0.0401,0.8182
5105-28233-0001,8224,0,0.0675,0.7083
5105-28233-0001,8230,0,-0.0025,0.7356
5105-28233-0001,8455,0,0.1001,0.6079
5105-28233-0001,908,0,-0.0052,0.8174
5105-28233-0004,1089,0,0.0024,0.7212
5105-28233-0004,1188,0,0.0127,0.7692
5105-28233-0004,1320,0,0.1532,0.6926
5105-28233-0004,2300,0,0.0837,0.5745
5105-28233-0004,260,0,0.0802,0.8032
5105-28233-0004,2830,0,0.0571,0.776
5105-28233-0004,4077,0,0.0749,0.7075
5105-28233-0004,5105,1,0.1832,0.7511
5105-28233-0004,5639,0,0.0217,0.7722
5105-28233-0004,61,0,0.0156,0.8317
5105-28233-0004,672,0,0.0404,0.7738
5105-28233-0004,6930,0,0.0566,0.674
5105-28233-0004,7021,0,0.0689,0.7161
5105-28233-0004,7127,0,0.1078,0.6596
5105-28233-0004,7176,0,-0.0197,0.7979
5105-28233-0004,7729,0,0.0012,0.8204
5105-28233-0004,8224,0,0.0175,0.6605
5105-28233-0004,8230,0,-0.0363,0.7579
5105-28233-0004,8455,0,0.0805,0.5949
5105-28233-0004,908,0,-0.0177,0.8259
5105-28240-0006,1089,0,-0.0344,0.6809
5105-28240-0006,1188,0,-0.0768,0.7116
5105-28240-0006,1320,0,0.0921,0.6478
5105-28240-0006,2300,0,0.0603,0.6171
5105-28240-0006,260,0,0.0254,0.7764
5105-28240-0006,2830,0,-0.0496,0.6697
5105-28240-0006,4077,0,0.1167,0.6896
5105-28240-0006,5105,1,0.1436,0.7123
5105-28240-0006,5639,0,0.0432,0.718
5105-28240-0006,61,0,0.0193,0.8347
5105-28240-0006,672,0,-0.0392,0.7432
5105-28240-0006,6930,0,0.0593,0.6438
5105-28240-0006,7021,0,0.0514,0.7201
5105-28240-0006,7127,0,0.0321,0.578
5105-28240-0006,7176,0,0.008,0.7802
5105-28240-0006,7729,0,0.0423,0.8111
5105-28240-0006,8224,0,0.0505,0.6609
5105-28240-0006,8230,0,-0.0804,0.7037
5105-28240-0006,8455,0,0.0887,0.5911
5105-28240-0006,908,0,0.0249,0.8381
5105-28240-0007,1089,0,-0.0255,0.6955
5105-28240-0007,1188,0,-0.0459,0.7404
5105-28240-0007,1320,0,0.0956,0.636
5105-28240-0007,2300,0,0.0567,0.5499
5105-28240-0007,260,0,0.1164,0.7907
5105-28240-0007,2830,0,-0.0044,0.7277
5105-28240-0007,4077,0,0.0791,0.6697
5105-28240-0007,5105,1,0.1486,0.7179
5105-28240-0007,5639,0,0.0308,0.7448
5105-28240-0007,61,0,0.0242,0.8643
5105-28240-0007,672,0,0.0015,0.7448
5105-28240-0007,6930,0,0.0439,0.6398
5105-28240-0007,7021,0,0.1046,0.7002
5105-28240-0007,7127,0,0.0925,0.5816
5105-28240-0007,7176,0,0.0474,0.8018
5105-28240-0007,7729,0,0.0094,0.8191
5105-28240-0007,8224,0,0.1134,0.6409
5105-28240-0007,8230,0,-0.0482,0.7627
5105-28240-0007,8455,0,0.1044,0.5548
5105-28240-0007,908,0,0.0525,0.8255
5105-28240-0009,1089,0,-0.0249,0.6652
5105-28240-0009,1188,0,-0.0465,0.7133
5105-28240-0009,1320,0,0.1136,0.6498
5105-28240-0009,2300,0,0.0906,0.5951
5105-28240-0009,260,0,0.0511,0.7539
5105-28240-0009,2830,0,-0.0061,0.6936
5105-28240-0009,4077,0,0.1659,0.7025
5105-28240-0009,5105,1,0.1579,0.7273
5105-28240-0009,5639,0,0.0239,0.7172
5105-28240-0009,61,0,0.0172,0.8121
5105-28240-0009,672,0,-0.0482,0.7159
5105-28240-0009,6930,0,0.1094,0.5925
5105-28240-0009,7021,0,0.1028,0.7161
5105-28240-0009,7127,0,0.118,0.6265
5105-28240-0009,7176,0,-0.0229,0.7691
5105-28240-0009,7729,0,-0.0278,0.8209
5105-28240-0009,8224,0,0.0777,0.6139
5105-28240-0009,8230,0,-0.0939,0.687
5105-28240-0009,8455,0,0.133,0.5513
5105-28240-0009,908,0,0.0001,0.8007
5105-28240-0012,1089,0,0.054,0.7231
5105-28240-0012,1188,0,-0.0449,0.7479
5105-28240-0012,1320,0,0.0555,0.6849
5105-28240-0012,2300,0,0.0771,0.6037
5105-28240-0012,260,0,-0.0067,0.7897
5105-28240-0012,2830,0,0.016,0.7063
5105-28240-0012,4077,0,0.1599,0.7385
5105-28240-0012,5105,1,0.1618,0.7709
5105-28240-0012,5639,0,0.1586,0.7901
5105-28240-0012,61,0,0.0665,0.842
5105-28240-0012,672,0,-0.0241,0.779
5105-28240-0012,6930,0,0.0664,0.6364
5105-28240-0012,7021,0,0.0751,0.7561
5105-28240-0012,7127,0,0.12,0.647
5105-28240-0012,7176,0,0.0487,0.7985
5105-28240-0012,7729,0,-0.0566,0.8577
5105-28240-0012,8224,0,0.0998,0.699
5105-28240-0012,8230,0,-0.0016,0.7297
5105-28240-0012,8455,0,0.0808,0.589
5105-28240-0012,908,0,0.0118,0.8564
5105-28240-0016,1089,0,-0.0245,0.6476
5105-28240-0016,1188,0,-0.0348,0.7134
5105-28240-0016,1320,0,0.1282,0.6269
5105-28240-0016,2300,0,0.1312,0.5391
5105-28240-0016,260,0,0.1291,0.744
5105-28240-0016,2830,0,0.0194,0.7118
5105-28240-0016,4077,0,0.1697,0.6903
5105-28240-0016,5105,1,0.1562,0.7049
5105-28240-0016,5639,0,0.0816,0.7166
5105-28240-0016,61,0,0.0993,0.798
5105-28240-0016,672,0,-0.0045,0.6908
5105-28240-0016,6930,0,0.0869,0.5634
5105-28240-0016,7021,0,-0.0049,0.6782
5105-28240-0016,7127,0,0.0806,0.6294
5105-28240-0016,7176,0,0.0553,0.767
5105-28240-0016,7729,0,-0.0534,0.8126
5105-28240-0016,8224,0,0.0997,0.5709
5105-28240-0016,8230,0,-0.0344,0.6884
5105-28240-0016,8455,0,0.1138,0.5164
5105-28240-0016,908,0,0.0086,0.7681
5105-28240-0022,1089,0,-0.0205,0.6534
5105-28240-0022,1188,0,-0.0926,0.7358
5105-28240-0022,1320,0,0.0819,0.637
5105-28240-0022,2300,0,0.0653,0.5493
5105-28240-0022,260,0,0.0285,0.7714
5105-28240-0022,2830,0,-0.0299,0.749
5105-28240-0022,4077,0,0.1156,0.6269
5105-28240-0022,5105,1,0.1443,0.7167
5105-28240-0022,5639,0,0.0188,0.7009
5105-28240-0022,61,0,0.0277,0.8365
5105-28240-0022,672,0,-0.0649,0.7172
5105-28240-0022,6930,0,0.1185,0.6571
5105-28240-0022,7021,0,0.0309,0.6906
5105-28240-0022,7127,0,0.0327,0.5779
5105-28240-0022,7176,0,0.0054,0.785
5105-28240-0022,7729,0,0.012,0.7636
5105-28240-0022,8224,0,0.0619,0.6464
5105-28240-0022,8230,0,-0.0747,0.7387
5105-28240-0022,8455,0,0.055,0.5615
5105-28240-0022,908,0,-0.0194,0.7765
5105-28240-0024,1089,0,0.039,0.7175
5105-28240-0024,1188,0,-0.1078,0.7715
5105-28240-0024,1320,0,0.0772,0.6795
5105-28240-0024,2300,0,0.0986,0.6163
5105-28240-0024,260,0,0.0332,0.8138
5105-28240-0024,2830,0,-0.0274,0.7329
5105-28240-0024,4077,0,0.1401,0.7223
5105-28240-0024,5105,1,0.1342,0.7426
5105-28240-0024,5639,0,0.0582,0.7589
5105-28240-0024,61,0,0.0372,0.8498
5105-28240-0024,672,0,-0.0392,0.7712
5105-28240-0024,6930,0,0.0665,0.645
5105-28240-0024,7021,0,0.0389,0.7354
5105-28240-0024,7127,0,0.0768,0.6329
5105-28240-0024,7176,0,-0.007,0.7971
5105-28240-0024,7729,0,-0.057,0.8543
5105-28240-0024,8224,0,0.0625,0.6539
5105-28240-0024,8230,0,-0.0355,0.7421
5105-28240-0024,8455,0,0.1115,0.6069
5105-28240-0024,908,0,-0.0094,0.8421
5105-28241-0005,1089,0,0.0227,0.655
5105-28241-0005,1188,0,-0.0274,0.7069
5105-28241-0005,1320,0,0.0792,0.5877
5105-28241-0005,2300,0,0.1005,0.4579
5105-28241-0005,260,0,-0.0146,0.7172
5105-28241-0005,2830,0,-0.0384,0.7308
5105-28241-0005,4077,0,0.1592,0.6228
5105-28241-0005,5105,1,0.1053,0.6893
5105-28241-0005,5639,0,0.0222,0.7511
5105-28241-0005,61,0,0.0831,0.7926
5105-28241-0005,672,0,-0.108,0.6875
5105-28241-0005,6930,0,0.0578,0.5611
5105-28241-0005,7021,0,0.1204,0.6529
5105-28241-0005,7127,0,0.1371,0.5852
5105-28241-0005,7176,0,0.0451,0.7379
5105-28241-0005,7729,0,0.001,0.8004
5105-28241-0005,8224,0,0.0395,0.5905
5105-28241-0005,8230,0,-0.0278,0.7241
5105-28241-0005,8455,0,0.0864,0.4529
5105-28241-0005,908,0,-0.0017,0.7645
5142-33396-0012,121,0,0.0266,0.885
5142-33396-0012,1221,0,-0.156,0.7441
5142-33396-0012,1284,0,-0.0636,0.7282
5142-33396-0012,1580,0,-0.1522,0.7525
5142-33396-0012,1995,0,-0.0169,0.8447
5142-33396-0012,2094,0,-0.0646,0.7537
5142-33396-0012,237,0,-0.086,0.817
5142-33396-0012,2961,0,-0.0723,0.9049
5142-33396-0012,3570,0,-0.0383,0.8874
5142-33396-0012,3575,0,-0.1092,0.714
5142-33396-0012,3729,0,-0.1252,0.8179
5142-33396-0012,4446,0,-0.0623,0.7373
5142-33396-0012,4507,0,-0.164,0.8239
5142-33396-0012,4970,0,0.0867,0.6578
5142-33396-0012,4992,0,0.0596,0.7811
5142-33396-0012,5142,1,0.1444,0.6885
5142-33396-0012,5683,0,-0.2181,0.7454
5142-33396-0012,6829,0,0.0602,0.7306
5142-33396-0012,8463,0,0.1464,0.7826
5142-33396-0012,8555,0,0.0342,0.732
5142-33396-0015,121,0,0.0839,0.8484
5142-33396-0015,1221,0,-0.1933,0.8089
5142-33396-0015,1284,0,-0.1223,0.8288
5142-33396-0015,1580,0,-0.1365,0.8129
5142-33396-0015,1995,0,-0.022,0.8759
5142-33396-0015,2094,0,0.0392,0.8891
5142-33396-0015,237,0,-0.0984,0.8129
5142-33396-0015,2961,0,0.0221,0.7733
5142-33396-0015,3570,0,-0.0571,0.7267
5142-33396-0015,3575,0,-0.0533,0.6922
5142-33396-0015,3729,0,-0.1202,0.8214
5142-33396-0015,4446,0,-0.1707,0.8333
5142-33396-0015,4507,0,-0.2243,0.7769
5142-33396-0015,4970,0,0.0874,0.6626
5142-33396-0015,4992,0,-0.004,0.8782
5142-33396-0015,5142,1,0.0535,0.7573
5142-33396-0015,5683,0,-0.2554,0.7415
5142-33396-0015,6829,0,0.0926,0.7942
5142-33396-0015,8463,0,0.0599,0.9037
5142-33396-0015,8555,0,0.0296,0.705
5142-33396-0019,121,0,0.0296,0.8567
5142-33396-0019,1221,0,-0.1149,0.8662
5142-33396-0019,1284,0,-0.0919,0.8366
5142-33396-0019,1580,0,-0.1785,0.8193
5142-33396-0019,1995,0,-0.0957,0.8721
5142-33396-0019,2094,0,0.1016,0.8985
5142-33396-0019,237,0,-0.0745,0.8738
5142-33396-0019,2961,0,0.0382,0.7592
5142-33396-0019,3570,0,-0.0479,0.762
5142-33396-0019,3575,0,-0.1137,0.7065
5142-33396-0019,3729,0,-0.1141,0.878
5142-33396-0019,4446,0,-0.0477,0.8773
5142-33396-0019,4507,0,-0.1464,0.8232
5142-33396-0019,4970,0,0.0743,0.7204
5142-33396-0019,4992,0,-0.0276,0.9196
5142-33396-0019,5142,1,0.1608,0.8165
5142-33396-0019,5683,0,-0.2209,0.7797
5142-33396-0019,6829,0,0.016,0.8362
5142-33396-0019,8463,0,0.1214,0.934
5142-33396-0019,8555,0,-0.0149,0.7628
5142-33396-0024,121,0,0.0567,0.8511
5142-33396-0024,1221,0,-0.0579,0.8819
5142-33396-0024,1284,0,-0.0414,0.7863
5142-33396-0024,1580,0,-0.1534,0.8343
5142-33396-0024,1995,0,-0.0951,0.8321
5142-33396-0024,2094,0,0.054,0.9144
5142-33396-0024,237,0,-0.0557,0.8616
5142-33396-0024,2961,0,0.0374,0.7462
5142-33396-0024,3570,0,-0.0682,0.7815
5142-33396-0024,3575,0,-0.0474,0.8134
5142-33396-0024,3729,0,-0.1065,0.8856
5142-33396-0024,4446,0,-0.0485,0.8465
5142-33396-0024,4507,0,-0.1688,0.872
5142-33396-0024,4970,0,0.1627,0.7983
5142-33396-0024,4992,0,0.0757,0.9118
5142-33396-0024,5142,1,0.0671,0.8265
5142-33396-0024,5683,0,-0.1954,0.8408
5142-33396-0024,6829,0,0.1878,0.8972
5142-33396-0024,8463,0,0.0322,0.9093
5142-33396-0024,8555,0,0.0452,0.8064
5142-33396-0032,121,0,0.1147,0.8441
5142-33396-0032,1221,0,-0.1053,0.8446
5142-33396-0032,1284,0,-0.0847,0.8044
5142-33396-0032,1580,0,-0.1039,0.8025
5142-33396-0032,1995,0,-0.0638,0.8322
5142-33396-0032,2094,0,0.0708,0.8825
5142-33396-0032,237,0,-0.0788,0.8392
5142-33396-0032,2961,0,0.06,0.7874
5142-33396-0032,3570,0,-0.0006,0.786
5142-33396-0032,3575,0,-0.0896,0.7477
5142-33396-0032,3729,0,-0.0896,0.8615
5142-33396-0032,4446,0,-0.1165,0.8437
5142-33396-0032,4507,0,-0.1492,0.8363
5142-33396-0032,4970,0,0.1257,0.7594
5142-33396-0032,4992,0,0.007,0.8795
5142-33396-0032,5142,1,0.132,0.8059
5142-33396-0032,5683,0,-0.2167,0.7801
5142-33396-0032,6829,0,0.1261,0.8513
5142-33396-0032,8463,0,0.0207,0.9041
5142-33396-0032,8555,0,-0.0279,0.7648
5142-33396-0054,121,0,0.0688,0.8415
5142-33396-0054,1221,0,-0.1265,0.7955
5142-33396-0054,1284,0,-0.1082,0.7595
5142-33396-0054,1580,0,-0.1923,0.7554
5142-33396-0054,1995,0,-0.0636,0.8114
5142-33396-0054,2094,0,0.0747,0.8517
5142-33396-0054,237,0,-0.1001,0.7816
5142-33396-0054,2961,0,0.0281,0.8243
5142-33396-0054,3570,0,-0.076,0.7972
5142-33396-0054,3575,0,-0.1217,0.7474
5142-33396-0054,3729,0,-0.1164,0.8416
5142-33396-0054,4446,0,-0.0563,0.7852
5142-33396-0054,4507,0,-0.129,0.8278
5142-33396-0054,4970,0,0.0476,0.7335
5142-33396-0054,4992,0,-0.0004,0.8319
5142-33396-0054,5142,1,0.2323,0.7582
5142-33396-0054,5683,0,-0.2399,0.7457
5142-33396-0054,6829,0,0.0717,0.8415
5142-33396-0054,8463,0,0.1355,0.862
5142-33396-0054,8555,0,-0.0022,0.7189
5142-36377-0001,121,0,0.0331,0.8952
5142-36377-0001,1221,0,-0.1548,0.7845
5142-36377-0001,1284,0,-0.1695,0.7546
5142-36377-0001,1580,0,-0.1824,0.7632
5142-36377-0001,1995,0,-0.0551,0.8678
5142-36377-0001,2094,0,0.0246,0.8568
5142-36377-0001,237,0,-0.031,0.8002
5142-36377-0001,2961,0,0.0361,0.8825
5142-36377-0001,3570,0,-0.0162,0.8245
5142-36377-0001,3575,0,-0.0033,0.7222
5142-36377-0001,3729,0,-0.1053,0.8513
5142-36377-0001,4446,0,-0.2258,0.7884
5142-36377-0001,4507,0,-0.2387,0.7964
5142-36377-0001,4970,0,0.1404,0.6548
5142-36377-0001,4992,0,-0.0275,0.8582
5142-36377-0001,5142,1,0.1974,0.7201
5142-36377-0001,5683,0,-0.1339,0.7244
5142-36377-0001,6829,0,0.0788,0.7934
5142-36377-0001,8463,0,0.0303,0.8902
5142-36377-0001,8555,0,0.0774,0.7
5142-36377-0006,121,0,0.0489,0.8966
5142-36377-0006,1221,0,-0.1023,0.8547
5142-36377-0006,1284,0,-0.0218,0.8115
5142-36377-0006,1580,0,-0.1213,0.8698
5142-36377-0006,1995,0,-0.0327,0.8696
5142-36377-0006,2094,0,0.0235,0.8795
5142-36377-0006,237,0,-0.0369,0.9001
5142-36377-0006,2961,0,0.049,0.7997
5142-36377-0006,3570,0,-0.0056,0.8436
5142-36377-0006,3575,0,-0.0866,0.808
5142-36377-0006,3729,0,-0.149,0.8715
5142-36377-0006,4446,0,-0.0441,0.8568
5142-36377-0006,4507,0,-0.2051,0.8461
5142-36377-0006,4970,0,0.076,0.7555
5142-36377-0006,4992,0,0.0108,0.8927
5142-36377-0006,5142,1,0.1104,0.7688
5142-36377-0006,5683,0,-0.1998,0.8322
5142-36377-0006,6829,0,0.0791,0.8057
5142-36377-0006,8463,0,0.0587,0.8965
5142-36377-0006,8555,0,0.0235,0.8041
5142-36377-0018,121,0,0.0234,0.8827
5142-36377-0018,1221,0,-0.1856,0.855
5142-36377-0018,1284,0,-0.1481,0.8278
5142-36377-0018,1580,0,-0.1315,0.8209
5142-36377-0018,1995,0,-0.049,0.8918
5142-36377-0018,2094,0,-0.0023,0.8867
5142-36377-0018,237,0,-0.1139,0.8556
5142-36377-0018,2961,0,0.0172,0.8358
5142-36377-0018,3570,0,-0.0481,0.7995
5142-36377-0018,3575,0,-0.1157,0.726
5142-36377-0018,3729,0,-0.0874,0.8834
5142-36377-0018,4446,0,-0.0921,0.8708
5142-36377-0018,4507,0,-0.1977,0.8375
5142-36377-0018,4970,0,0.0912,0.7298
5142-36377-0018,4992,0,0.0236,0.9068
5142-36377-0018,5142,1,0.2162,0.8192
5142-36377-0018,5683,0,-0.2657,0.7916
5142-36377-0018,6829,0,-0.0254,0.8375
5142-36377-0018,8463,0,0.1302,0.9339
5142-36377-0018,8555,0,0.0301,0.7901
5142-36377-0023,121,0,0.0199,0.8453
5142-36377-0023,1221,0,-0.1148,0.8945
5142-36377-0023,1284,0,-0.0662,0.8375
5142-36377-0023,1580,0,-0.1313,0.8318
5142-36377-0023,1995,0,-0.0962,0.8415
5142-36377-0023,2094,0,0.0325,0.9185
5142-36377-0023,237,0,-0.0806,0.8601
5142-36377-0023,2961,0,0.0119,0.7391
5142-36377-0023,3570,0,-0.0712,0.7503
5142-36377-0023,3575,0,-0.1182,0.7634
5142-36377-0023,3729,0,-0.1006,0.8943
5142-36377-0023,4446,0,-0.0508,0.8877
5142-36377-0023,4507,0,-0.176,0.8711
5142-36377-0023,4970,0,0.0962,0.8028
5142-36377-0023,4992,0,0.0225,0.9231
5142-36377-0023,5142,1,0.1516,0.8651
5142-36377-0023,5683,0,-0.2848,0.8236
5142-36377-0023,6829,0,0.0639,0.9003
5142-36377-0023,8463,0,0.0509,0.9361
5142-36377-0023,8555,0,-0.0416,0.804
5639-40744-0002,1089,0,0.029,0.6559
5639-40744-0002,1188,0,-0.0479,0.7147
5639-40744-0002,1320,0,0.0491,0.5946
5639-40744-0002,2300,0,0.0618,0.475
5639-40744-0002,260,0,0.0823,0.7853
5639-40744-0002,2830,0,-0.0832,0.6793
5639-40744-0002,4077,0,0.2295,0.7274
5639-40744-0002,5105,0,0.0393,0.6646
5639-40744-0002,5639,1,0.1092,0.7951
5639-40744-0002,61,0,0.0823,0.8113
5639-40744-0002,672,0,-0.0776,0.7344
5639-40744-0002,6930,0,0.1575,0.5929
5639-40744-0002,7021,0,0.0281,0.6276
5639-40744-0002,7127,0,0.0168,0.5759
5639-40744-0002,7176,0,0.0719,0.7957
5639-40744-0002,7729,0,0.0033,0.8033
5639-40744-0002,8224,0,0.109,0.6568
5639-40744-0002,8230,0,-0.1025,0.6995
5639-40744-0002,8455,0,0.062,0.5416
5639-40744-0002,908,0,0.0477,0.7996
5639-40744-0007,1089,0,-0.0992,0.6621
5639-40744-0007,1188,0,-0.0832,0.6798
5639-40744-0007,1320,0,-0.0097,0.5808
5639-40744-0007,2300,0,0.0767,0.4966
5639-40744-0007,260,0,0.0297,0.7369
5639-40744-0007,2830,0,-0.0748,0.637
5639-40744-0007,4077,0,0.1123,0.6911
5639-40744-0007,5105,0,-0.0456,0.6708
5639-40744-0007,5639,1,0.0069,0.7966
5639-40744-0007,61,0,-0.0032,0.7923
5639-40744-0007,672,0,-0.0372,0.7288
5639-40744-0007,6930,0,0.055,0.5625
5639-40744-0007,7021,0,0.0271,0.6612
5639-40744-0007,7127,0,0.0239,0.5515
5639-40744-0007,7176,0,0.0206,0.7431
5639-40744-0007,7729,0,0.0694,0.8125
5639-40744-0007,8224,0,0.1044,0.659
5639-40744-0007,8230,0,-0.1548,0.6797
5639-40744-0007,8455,0,-0.0022,0.4972
5639-40744-0007,908,0,0.0152,0.8223
5639-40744-0012,1089,0,0.0175,0.6407
5639-40744-0012,1188,0,-0.0113,0.6945
5639-40744-0012,1320,0,0.0225,0.5682
5639-40744-0012,2300,0,0.0975,0.4322
5639-40744-0012,260,0,0.1434,0.7589
5639-40744-0012,2830,0,0.0123,0.6725
5639-40744-0012,4077,0,0.1079,0.6658
5639-40744-0012,5105,0,0.0062,0.6456
5639-40744-0012,5639,1,0.0532,0.771
5639-40744-0012,61,0,0.1046,0.8002
5639-40744-0012,672,0,-0.0119,0.7332
5639-40744-0012,6930,0,0.1211,0.5771
5639-40744-0012,7021,0,0.0137,0.604
5639-40744-0012,7127,0,0.1167,0.5304
5639-40744-0012,7176,0,0.0637,0.7782
5639-40744-0012,7729,0,-0.0451,0.7395
5639-40744-0012,8224,0,0.1567,0.6746
5639-40744-0012,8230,0,-0.098,0.7036
5639-40744-0012,8455,0,0.0686,0.5038
5639-40744-0012,908,0,0.0326,0.7777
5639-40744-0013,1089,0,-0.0234,0.6545
5639-40744-0013,1188,0,-0.0666,0.6922
5639-40744-0013,1320,0,0.0125,0.5601
5639-40744-0013,2300,0,0.0299,0.4096
5639-40744-0013,260,0,0.1158,0.7208
5639-40744-0013,2830,0,-0.0888,0.6746
5639-40744-0013,4077,0,0.1243,0.659
5639-40744-0013,5105,0,0.0399,0.6579
5639-40744-0013,5639,1,0.0438,0.8058
5639-40744-0013,61,0,0.0147,0.7837
5639-40744-0013,672,0,0.0099,0.7274
5639-40744-0013,6930,0,0.1171,0.5425
5639-40744-0013,7021,0,0.0234,0.6082
5639-40744-0013,7127,0,0.0442,0.5474
5639-40744-0013,7176,0,0.0099,0.7473
5639-40744-0013,7729,0,-0.0232,0.7719
5639-40744-0013,8224,0,0.1523,0.684
5639-40744-0013,8230,0,-0.1856,0.7059
5639-40744-0013,8455,0,0.102,0.4591
5639-40744-0013,908,0,0.0675,0.7736
5639-40744-0014,1089,0,-0.0547,0.7077
5639-40744-0014,1188,0,-0.0681,0.7813
5639-40744-0014,1320,0,0.0159,0.6618
5639-40744-0014,2300,0,0.056,0.5181
5639-40744-0014,260,0,0.0983,0.8469
5639-40744-0014,2830,0,-0.0816,0.7519
5639-40744-0014,4077,0,0.106,0.7367
5639-40744-0014,5105,0,-0.0307,0.7306
5639-40744-0014,5639,1,0.0924,0.8069
5639-40744-0014,61,0,0.0239,0.8759
5639-40744-0014,672,0,-0.0396,0.7966
5639-40744-0014,6930,0,0.1764,0.6894
5639-40744-0014,7021,0,-0.0608,0.6831
5639-40744-0014,7127,0,0.0474,0.6067
5639-40744-0014,7176,0,0.0164,0.8555
5639-40744-0014,7729,0,-0.0343,0.8128
5639-40744-0014,8224,0,0.1007,0.72
5639-40744-0014,8230,0,-0.1726,0.7746
5639-40744-0014,8455,0,0.0265,0.6211
5639-40744-0014,908,0,0.0626,0.8415
5639-40744-0017,1089,0,-0.0137,0.6195
5639-40744-0017,1188,0,-0.0346,0.6541
5639-40744-0017,1320,0,0.021,0.5233
5639-40744-0017,2300,0,0.0578,0.3777
5639-40744-0017,260,0,0.1565,0.6952
5639-40744-0017,2830,0,0.0229,0.6593
5639-40744-0017,4077,0,0.0584,0.6095
5639-40744-0017,5105,0,0.0176,0.6166
5639-40744-0017,5639,1,0.0548,0.7822
5639-40744-0017,61,0,-0.0391,0.7547
5639-40744-0017,672,0,-0.005,0.698
5639-40744-0017,6930,0,0.0755,0.5525
5639-40744-0017,7021,0,0.0164,0.5681
5639-40744-0017,7127,0,0.0971,0.4982
5639-40744-0017,7176,0,0.0397,0.7078
5639-40744-0017,7729,0,0.0321,0.7386
5639-40744-0017,8224,0,0.1305,0.6696
5639-40744-0017,8230,0,-0.1583,0.6789
5639-40744-0017,8455,0,-0.0216,0.4319
5639-40744-0017,908,0,0.0372,0.7522
5639-40744-0024,1089,0,-0.0517,0.6333
5639-40744-0024,1188,0,-0.0518,0.6734
5639-40744-0024,1320,0,0.0012,0.5576
5639-40744-0024,2300,0,0.1235,0.4519
5639-40744-0024,260,0,0.0522,0.7335
5639-40744-0024,2830,0,-0.1034,0.6436
5639-40744-0024,4077,0,0.1496,0.6481
5639-40744-0024,5105,0,0.0226,0.6367
5639-40744-0024,5639,1,0.0897,0.7648
5639-40744-0024,61,0,0.0613,0.7876
5639-40744-0024,672,0,-0.025,0.7215
5639-40744-0024,6930,0,0.0876,0.5701
5639-40744-0024,7021,0,0.0609,0.6114
5639-40744-0024,7127,0,0.0653,0.5095
5639-40744-0024,7176,0,0.0791,0.7446
5639-40744-0024,7729,0,-0.0066,0.7591
5639-40744-0024,8224,0,0.1237,0.6719
5639-40744-0024,8230,0,-0.1431,0.6802
5639-40744-0024,8455,0,0.0031,0.4943
5639-40744-0024,908,0,0.0455,0.7894
5639-40744-0029,1089,0,-0.0338,0.6469
5639-40744-0029,1188,0,-0.116,0.6867
5639-40744-0029,1320,0,0.007,0.5859
5639-40744-0029,2300,0,0.093,0.4875
5639-40744-0029,260,0,0.0299,0.7432
5639-40744-0029,2830,0,-0.1237,0.6545
5639-40744-0029,4077,0,0.1849,0.6976
5639-40744-0029,5105,0,-0.0216,0.6686
5639-40744-0029,5639,1,0.1392,0.7873
5639-40744-0029,61,0,0.0602,0.79
5639-40744-0029,672,0,0.0241,0.728
5639-40744-0029,6930,0,0.0695,0.5643
5639-40744-0029,7021,0,-0.0177,0.6388
5639-40744-0029,7127,0,0.0896,0.5637
5639-40744-0029,7176,0,0.0778,0.7491
5639-40744-0029,7729,0,-0.0044,0.793
5639-40744-0029,8224,0,0.1458,0.6824
5639-40744-0029,8230,0,-0.0868,0.672
5639-40744-0029,8455,0,0.0282,0.5034
5639-40744-0029,908,0,0.0492,0.7949
5639-40744-0034,1089,0,-0.0429,0.6545
5639-40744-0034,1188,0,-0.0519,0.6907
5639-40744-0034,1320,0,0.0564,0.6092
5639-40744-0034,2300,0,0.0535,0.5098
5639-40744-0034,260,0,0.0596,0.7668
5639-40744-0034,2830,0,-0.0539,0.6663
5639-40744-0034,4077,0,0.1582,0.7002
5639-40744-0034,5105,0,0.0272,0.6893
5639-40744-0034,5639,1,0.0776,0.7767
5639-40744-0034,61,0,-0.021,0.8159
5639-40744-0034,672,0,-0.0608,0.7419
5639-40744-0034,6930,0,0.104,0.6241
5639-40744-0034,7021,0,0.0186,0.6592
5639-40744-0034,7127,0,0.0382,0.5625
5639-40744-0034,7176,0,0.065,0.7777
5639-40744-0034,7729,0,0.0049,0.7925
5639-40744-0034,8224,0,0.0896,0.6868
5639-40744-0034,8230,0,-0.1721,0.6899
5639-40744-0034,8455,0,0.0256,0.5446
5639-40744-0034,908,0,0.1053,0.8172
5639-40744-0040,1089,0,-0.0485,0.6111
5639-40744-0040,1188,0,-0.0359,0.654
5639-40744-0040,1320,0,0.0562,0.5318
5639-40744-0040,2300,0,0.1026,0.4168
5639-40744-0040,260,0,0.077,0.705
5639-40744-0040,2830,0,-0.0982,0.6353
5639-40744-0040,4077,0,0.1361,0.6436
5639-40744-0040,5105,0,0.0274,0.617
5639-40744-0040,5639,1,0.041,0.7747
5639-40744-0040,61,0,0.0366,0.7645
5639-40744-0040,672,0,-0.0316,0.6928
5639-40744-0040,6930,0,0.0379,0.5458
5639-40744-0040,7021,0,0.0538,0.5794
5639-40744-0040,7127,0,0.0923,0.5082
5639-40744-0040,7176,0,0.002,0.7274
5639-40744-0040,7729,0,0.0093,0.7668
5639-40744-0040,8224,0,0.1589,0.6608
5639-40744-0040,8230,0,-0.1378,0.6618
5639-40744-0040,8455,0,0.0393,0.4576
5639-40744-0040,908,0,-0.0119,0.7625
5683-32865-0010,121,0,0.0848,0.843
5683-32865-0010,1221,0,0.0087,0.8679
5683-32865-0010,1284,0,-0.0381,0.7763
5683-32865-0010,1580,0,-0.1232,0.8168
5683-32865-0010,1995,0,-0.0191,0.8103
5683-32865-0010,2094,0,0.0395,0.8797
5683-32865-0010,237,0,0.0604,0.8582
5683-32865-0010,2961,0,-0.0391,0.7666
5683-32865-0010,3570,0,-0.1195,0.835
5683-32865-0010,3575,0,0.163,0.8071
5683-32865-0010,3729,0,-0.113,0.8591
5683-32865-0010,4446,0,-0.161,0.8266
5683-32865-0010,4507,0,-0.1802,0.8615
5683-32865-0010,4970,0,0.0972,0.7749
5683-32865-0010,4992,0,-0.0122,0.8637
5683-32865-0010,5142,0,-0.0413,0.76
5683-32865-0010,5683,1,0.1524,0.8054
5683-32865-0010,6829,0,0.242,0.8577
5683-32865-0010,8463,0,-0.0734,0.8423
5683-32865-0010,8555,0,0.127,0.7709
5683-32866-0006,121,0,0.1545,0.78
5683-32866-0006,1221,0,0.0003,0.8235
5683-32866-0006,1284,0,-0.0905,0.6873
5683-32866-0006,1580,0,-0.0381,0.7728
5683-32866-0006,1995,0,-0.0842,0.6913
5683-32866-0006,2094,0,0.0052,0.796
5683-32866-0006,237,0,0.09,0.777
5683-32866-0006,2961,0,-0.017,0.7124
5683-32866-0006,3570,0,-0.0753,0.8217
5683-32866-0006,3575,0,0.2408,0.9007
5683-32866-0006,3729,0,-0.0754,0.8159
5683-32866-0006,4446,0,-0.1358,0.7346
5683-32866-0006,4507,0,-0.2251,0.8719
5683-32866-0006,4970,0,0.0523,0.8757
5683-32866-0006,4992,0,0.0757,0.7695
5683-32866-0006,5142,0,-0.1676,0.7382
5683-32866-0006,5683,1,-0.0235,0.8461
5683-32866-0006,6829,0,0.1636,0.8395
5683-32866-0006,8463,0,0.0903,0.7557
5683-32866-0006,8555,0,0.0873,0.8092
5683-32866-0012,121,0,0.0483,0.798
5683-32866-0012,1221,0,0.0559,0.8934
5683-32866-0012,1284,0,-0.0211,0.8084
5683-32866-0012,1580,0,-0.0203,0.8298
5683-32866-0012,1995,0,-0.0518,0.8152
5683-32866-0012,2094,0,-0.0266,0.898
5683-32866-0012,237,0,0.1914,0.8873
5683-32866-0012,2961,0,-0.0718,0.6888
5683-32866-0012,3570,0,-0.1198,0.7739
5683-32866-0012,3575,0,0.1539,0.8214
5683-32866-0012,3729,0,-0.1804,0.8666
5683-32866-0012,4446,0,-0.0522,0.8625
5683-32866-0012,4507,0,-0.2557,0.8781
5683-32866-0012,4970,0,0.1233,0.8486
5683-32866-0012,4992,0,-0.0048,0.8837
5683-32866-0012,5142,0,-0.0471,0.8519
5683-32866-0012,5683,1,0.1434,0.8599
5683-32866-0012,6829,0,0.1975,0.8943
5683-32866-0012,8463,0,0.0269,0.8616
5683-32866-0012,8555,0,0.1871,0.852
5683-32866-0016,121,0,0.036,0.852
5683-32866-0016,1221,0,0.057,0.8589
5683-32866-0016,1284,0,-0.0129,0.7905
5683-32866-0016,1580,0,-0.0595,0.8339
5683-32866-0016,1995,0,0.0259,0.8946
5683-32866-0016,2094,0,-0.0042,0.8617
5683-32866-0016,237,0,0.1322,0.9179
5683-32866-0016,2961,0,-0.0085,0.7641
5683-32866-0016,3570,0,-0.0144,0.8217
5683-32866-0016,3575,0,0.0371,0.8151
5683-32866-0016,3729,0,-0.1544,0.8398
5683-32866-0016,4446,0,-0.0054,0.825
5683-32866-0016,4507,0,-0.2238,0.824
5683-32866-0016,4970,0,0.0771,0.7783
5683-32866-0016,4992,0,0.0276,0.8879
5683-32866-0016,5142,0,0.078,0.7885
5683-32866-0016,5683,1,0.059,0.8417
5683-32866-0016,6829,0,0.1796,0.8088
5683-32866-0016,8463,0,0.0621,0.8794
5683-32866-0016,8555,0,0.171,0.8442
5683-32866-0024,121,0,0.1072,0.7961
5683-32866-0024,1221,0,0.0999,0.8482
5683-32866-0024,1284,0,-0.089,0.744
5683-32866-0024,1580,0,-0.053,0.7848
5683-32866-0024,1995,0,-0.0517,0.7405
5683-32866-0024,2094,0,0.0611,0.8572
5683-32866-0024,237,0,0.1683,0.8161
5683-32866-0024,2961,0,-0.0001,0.7301
5683-32866-0024,3570,0,-0.0944,0.8199
5683-32866-0024,3575,0,0.211,0.8918
5683-32866-0024,3729,0,-0.1117,0.8479
5683-32866-0024,4446,0,-0.0818,0.7868
5683-32866-0024,4507,0,-0.1458,0.8856
5683-32866-0024,4970,0,0.135,0.8757
5683-32866-0024,4992,0,0.0341,0.811
5683-32866-0024,5142,0,0.052,0.7739
5683-32866-0024,5683,1,0.1359,0.8435
5683-32866-0024,6829,0,0.185,0.894
5683-32866-0024,8463,0,0.1137,0.7917
5683-32866-0024,8555,0,0.1479,0.8014
5683-32879-0004,121,0,0.0548,0.8563
5683-32879-0004,1221,0,0.0222,0.9108
5683-32879-0004,1284,0,-0.0766,0.8389
5683-32879-0004,1580,0,-0.1214,0.8876
5683-32879-0004,1995,0,-0.1052,0.8516
5683-32879-0004,2094,0,0.1006,0.9073
5683-32879-0004,237,0,0.1046,0.925
5683-32879-0004,2961,0,-0.0877,0.7438
5683-32879-0004,3570,0,-0.1739,0.8311
5683-32879-0004,3575,0,0.1603,0.849
5683-32879-0004,3729,0,-0.1138,0.8946
5683-32879-0004,4446,0,-0.1134,0.887
5683-32879-0004,4507,0,-0.2273,0.9032
5683-32879-0004,4970,0,0.1189,0.8366
5683-32879-0004,4992,0,-0.0443,0.9042
5683-32879-0004,5142,0,0.0107,0.8387
5683-32879-0004,5683,1,0.1015,0.9002
5683-32879-0004,6829,0,0.2472,0.8842
5683-32879-0004,8463,0,0.0166,0.8756
5683-32879-0004,8555,0,0.1595,0.87
5683-32879-0006,121,0,0.0907,0.8779
5683-32879-0006,1221,0,-0.0461,0.8569
5683-32879-0006,1284,0,-0.1166,0.7867
5683-32879-0006,1580,0,-0.1343,0.8302
5683-32879-0006,1995,0,-0.0797,0.8159
5683-32879-0006,2094,0,-0.0229,0.8938
5683-32879-0006,237,0,0.0721,0.8718
5683-32879-0006,2961,0,-0.0826,0.8015
5683-32879-0006,3570,0,-0.211,0.8796
5683-32879-0006,3575,0,0.1163,0.8645
5683-32879-0006,3729,0,-0.1892,0.8921
5683-32879-0006,4446,0,-0.1223,0.8277
5683-32879-0006,4507,0,-0.2635,0.8931
5683-32879-0006,4970,0,0.0795,0.8088
5683-32879-0006,4992,0,-0.0198,0.8564
5683-32879-0006,5142,0,-0.0501,0.7691
5683-32879-0006,5683,1,0.0291,0.8537
5683-32879-0006,6829,0,0.2114,0.8709
5683-32879-0006,8463,0,-0.0062,0.8408
5683-32879-0006,8555,0,0.1457,0.7957
5683-32879-0007,121,0,0.1105,0.8583
5683-32879-0007,1221,0,-0.0503,0.8918
5683-32879-0007,1284,0,-0.1591,0.7919
5683-32879-0007,1580,0,-0.1517,0.8314
5683-32879-0007,1995,0,-0.1536,0.854
5683-32879-0007,2094,0,0.0568,0.9092
5683-32879-0007,237,0,0.0439,0.8938
5683-32879-0007,2961,0,-0.0071,0.7568
5683-32879-0007,3570,0,-0.2085,0.8308
5683-32879-0007,3575,0,0.1134,0.8406
5683-32879-0007,3729,0,-0.1069,0.8931
5683-32879-0007,4446,0,-0.1553,0.8523
5683-32879-0007,4507,0,-0.158,0.8842
5683-32879-0007,4970,0,0.0341,0.8184
5683-32879-0007,4992,0,0.0201,0.9064
5683-32879-0007,5142,0,-0.0497,0.8164
5683-32879-0007,5683,1,0.054,0.8486
5683-32879-0007,6829,0,0.2295,0.8878
5683-32879-0007,8463,0,0.0109,0.8794
5683-32879-0007,8555,0,0.082,0.8322
5683-32879-0012,121,0,0.0578,0.8857
5683-32879-0012,1221,0,0.0949,0.813
5683-32879-0012,1284,0,0.0113,0.7654
5683-32879-0012,1580,0,-0.0596,0.8205
5683-32879-0012,1995,0,-0.0289,0.8663
5683-32879-0012,2094,0,0.0612,0.8587
5683-32879-0012,237,0,0.1853,0.8933
5683-32879-0012,2961,0,-0.0781,0.8185
5683-32879-0012,3570,0,-0.1229,0.8913
5683-32879-0012,3575,0,0.2299,0.844
5683-32879-0012,3729,0,-0.0863,0.8455
5683-32879-0012,4446,0,-0.0022,0.7923
5683-32879-0012,4507,0,-0.1986,0.8567
5683-32879-0012,4970,0,0.1354,0.7514
5683-32879-0012,4992,0,0.0763,0.838
5683-32879-0012,5142,0,0.0183,0.7283
5683-32879-0012,5683,1,0.1792,0.8221
5683-32879-0012,6829,0,0.1934,0.7904
5683-32879-0012,8463,0,0.0878,0.819
5683-32879-0012,8555,0,0.106,0.7994
5683-32879-0013,121,0,0.1265,0.8747
5683-32879-0013,1221,0,0.0119,0.8703
5683-32879-0013,1284,0,-0.0848,0.8217
5683-32879-0013,1580,0,-0.119,0.8473
5683-32879-0013,1995,0,-0.1258,0.8577
5683-32879-0013,2094,0,0.0495,0.9168
5683-32879-0013,237,0,0.0773,0.8854
5683-32879-0013,2961,0,-0.0364,0.8016
5683-32879-0013,3570,0,-0.1788,0.8503
5683-32879-0013,3575,0,0.1922,0.8511
5683-32879-0013,3729,0,-0.1348,0.8836
5683-32879-0013,4446,0,-0.128,0.8496
5683-32879-0013,4507,0,-0.2005,0.8854
5683-32879-0013,4970,0,0.1145,0.804
5683-32879-0013,4992,0,0.0215,0.8798
5683-32879-0013,5142,0,-0.0348,0.7851
5683-32879-0013,5683,1,0.0478,0.8473
5683-32879-0013,6829,0,0.2438,0.8838
5683-32879-0013,8463,0,0.0109,0.863
5683-32879-0013,8555,0,0.1832,0.7967
61-70968-0017,1089,0,-0.0353,0.6723
61-70968-0017,1188,0,-0.0577,0.6969
61-70968-0017,1320,0,0.0953,0.6486
61-70968-0017,2300,0,0.1641,0.6699
61-70968-0017,260,0,0.083,0.7297
61-70968-0017,2830,0,-0.0697,0.6509
61-70968-0017,4077,0,0.0264,0.6698
61-70968-0017,5105,0,0.0094,0.7057
61-70968-0017,5639,0,-0.0043,0.6759
61-70968-0017,61,1,0.198,0.8026
61-70968-0017,672,0,0.0227,0.7093
61-70968-0017,6930,0,0.1136,0.5895
61-70968-0017,7021,0,0.0328,0.735
61-70968-0017,7127,0,-0.0084,0.5928
61-70968-0017,7176,0,0.0889,0.7247
61-70968-0017,7729,0,0.061,0.8071
61-70968-0017,8224,0,0.0348,0.6149
61-70968-0017,8230,0,-0.0731,0.6749
61-70968-0017,8455,0,-0.0192,0.5759
61-70968-0017,908,0,0.1288,0.7955
61-70968-0020,1089,0,0.0179,0.6548
61-70968-0020,1188,0,0.0324,0.6928
61-70968-0020,1320,0,0.0699,0.6219
61-70968-0020,2300,0,0.1122,0.5828
61-70968-0020,260,0,-0.0058,0.7247
61-70968-0020,2830,0,-0.0334,0.6652
61-70968-0020,4077,0,0.0124,0.6194
61-70968-0020,5105,0,-0.0121,0.6786
61-70968-0020,5639,0,-0.0429,0.6695
61-70968-0020,61,1,0.1208,0.7971
61-70968-0020,672,0,-0.0546,0.7031
61-70968-0020,6930,0,0.0489,0.5791
61-70968-0020,7021,0,0.014,0.6918
61-70968-0020,7127,0,0.0824,0.5539
61-70968-0020,7176,0,0.0545,0.7302
61-70968-0020,7729,0,0.0667,0.7678
61-70968-0020,8224,0,0.0188,0.5927
61-70968-0020,8230,0,-0.0279,0.6887
61-70968-0020,8455,0,-0.0005,0.5413
61-70968-0020,908,0,0.0897,0.7868
61-70968-0023,1089,0,-0.019,0.6796
61-70968-0023,1188,0,-0.0483,0.702
61-70968-0023,1320,0,0.0978,0.6192
61-70968-0023,2300,0,0.1234,0.5608
61-70968-0023,260,0,-0.0476,0.7181
61-70968-0023,2830,0,-0.0688,0.6931
61-70968-0023,4077,0,0.0214,0.6594
61-70968-0023,5105,0,0.0038,0.6967
61-70968-0023,5639,0,-0.0502,0.723
61-70968-0023,61,1,0.1336,0.804
61-70968-0023,672,0,-0.015,0.6989
61-70968-0023,6930,0,0.0682,0.5608
61-70968-0023,7021,0,0.0299,0.6889
61-70968-0023,7127,0,0.0071,0.6058
61-70968-0023,7176,0,0.0334,0.7265
61-70968-0023,7729,0,0.0715,0.8334
61-70968-0023,8224,0,0.0073,0.5785
61-70968-0023,8230,0,-0.0631,0.7097
61-70968-0023,8455,0,-0.0706,0.5062
61-70968-0023,908,0,0.0899,0.7833
61-70968-0030,1089,0,0.0177,0.7233
61-70968-0030,1188,0,0.0432,0.7461
61-70968-0030,1320,0,0.0796,0.6841
61-70968-0030,2300,0,0.164,0.6587
61-70968-0030,260,0,0.0529,0.7565
61-70968-0030,2830,0,-0.0809,0.7212
61-70968-0030,4077,0,0.0683,0.6858
61-70968-0030,5105,0,0.0017,0.7505
61-70968-0030,5639,0,-0.0014,0.7147
61-70968-0030,61,1,0.1806,0.8303
61-70968-0030,672,0,0.0042,0.743
61-70968-0030,6930,0,0.0504,0.6181
61-70968-0030,7021,0,0.0458,0.7586
61-70968-0030,7127,0,0.1161,0.6465
61-70968-0030,7176,0,0.0547,0.7498
61-70968-0030,7729,0,0.0479,0.8448
61-70968-0030,8224,0,0.084,0.6188
61-70968-0030,8230,0,-0.0087,0.742
61-70968-0030,8455,0,0.0095,0.5891
61-70968-0030,908,0,0.0837,0.8084
61-70968-0041,1089,0,-0.0037,0.6801
61-70968-0041,1188,0,-0.0116,0.6913
61-70968-0041,1320,0,0.1159,0.6248
61-70968-0041,2300,0,0.1522,0.5845
61-70968-0041,260,0,0.0917,0.7239
61-70968-0041,2830,0,-0.0691,0.6661
61-70968-0041,4077,0,0.1412,0.6837
61-70968-0041,5105,0,0.0754,0.7018
61-70968-0041,5639,0,0.0101,0.7421
61-70968-0041,61,1,0.1506,0.7959
61-70968-0041,672,0,0.0881,0.7263
61-70968-0041,6930,0,0.1031,0.5867
61-70968-0041,7021,0,0.1059,0.6949
61-70968-0041,7127,0,0.0846,0.5983
61-70968-0041,7176,0,0.1086,0.725
61-70968-0041,7729,0,0.1056,0.8256
61-70968-0041,8224,0,0.1158,0.6388
61-70968-0041,8230,0,-0.0847,0.6851
61-70968-0041,8455,0,0.027,0.535
61-70968-0041,908,0,0.1774,0.7994
61-70968-0043,1089,0,-0.05,0.6687
61-70968-0043,1188,0,0.0153,0.717
61-70968-0043,1320,0,0.0527,0.6404
61-70968-0043,2300,0,0.1376,0.6151
61-70968-0043,260,0,0.0634,0.7404
61-70968-0043,2830,0,-0.0615,0.7014
61-70968-0043,4077,0,0.0051,0.6508
61-70968-0043,5105,0,-0.0064,0.7056
61-70968-0043,5639,0,-0.02,0.6545
61-70968-0043,61,1,0.1693,0.8343
61-70968-0043,672,0,-0.013,0.6895
61-70968-0043,6930,0,0.0079,0.5887
61-70968-0043,7021,0,-0.0042,0.7115
61-70968-0043,7127,0,0.1143,0.5985
61-70968-0043,7176,0,0.0222,0.7698
61-70968-0043,7729,0,0.0381,0.8032
61-70968-0043,8224,0,0.0063,0.5625
61-70968-0043,8230,0,-0.0497,0.7221
61-70968-0043,8455,0,-0.0593,0.5513
61-70968-0043,908,0,0.0966,0.7736
61-70968-0050,1089,0,-0.041,0.6441
61-70968-0050,1188,0,0.0731,0.6852
61-70968-0050,1320,0,0.0353,0.5536
61-70968-0050,2300,0,0.1833,0.4516
61-70968-0050,260,0,0.0395,0.6941
61-70968-0050,2830,0,-0.0502,0.6952
61-70968-0050,4077,0,0.0705,0.5959
61-70968-0050,5105,0,0.0256,0.6495
61-70968-0050,5639,0,-0.0471,0.722
61-70968-0050,61,1,0.2645,0.7931
61-70968-0050,672,0,-0.0059,0.663
61-70968-0050,6930,0,0.0083,0.5202
61-70968-0050,7021,0,0.0697,0.6321
61-70968-0050,7127,0,0.0449,0.5449
61-70968-0050,7176,0,0.1089,0.7281
61-70968-0050,7729,0,0.1142,0.7849
61-70968-0050,8224,0,0.0182,0.5561
61-70968-0050,8230,0,-0.0744,0.724
61-70968-0050,8455,0,-0.041,0.4307
61-70968-0050,908,0,0.0526,0.7483
61-70968-0057,1089,0,0.0374,0.6787
61-70968-0057,1188,0,-0.0107,0.6927
61-70968-0057,1320,0,0.0374,0.6389
61-70968-0057,2300,0,0.1053,0.646
61-70968-0057,260,0,0.0445,0.7118
61-70968-0057,2830,0,-0.0799,0.6486
61-70968-0057,4077,0,0.0754,0.6632
61-70968-0057,5105,0,0.0841,0.7032
61-70968-0057,5639,0,-0.0146,0.657
61-70968-0057,61,1,0.1234,0.8081
61-70968-0057,672,0,-0.038,0.6981
61-70968-0057,6930,0,0.0546,0.5496
61-70968-0057,7021,0,0.0826,0.733
61-70968-0057,7127,0,0.0939,0.5997
61-70968-0057,7176,0,0.0359,0.7373
61-70968-0057,7729,0,0.0764,0.8023
61-70968-0057,8224,0,0.0251,0.569
61-70968-0057,8230,0,-0.013,0.6887
61-70968-0057,8455,0,0.0325,0.5471
61-70968-0057,908,0,-0.0099,0.7845
61-70970-0000,1089,0,0.0234,0.714
61-70970-0000,1188,0,-0.0148,0.7606
61-70970-0000,1320,0,0.0963,0.6652
61-70970-0000,2300,0,0.103,0.628
61-70970-0000,260,0,0.1362,0.7922
61-70970-0000,2830,0,-0.0824,0.7264
61-70970-0000,4077,0,0.0386,0.6977
61-70970-0000,5105,0,-0.0195,0.7263
61-70970-0000,5639,0,0.0056,0.7345
61-70970-0000,61,1,0.1539,0.8612
61-70970-0000,672,0,0.0225,0.7399
61-70970-0000,6930,0,0.0581,0.6332
61-70970-0000,7021,0,0.0164,0.7328
61-70970-0000,7127,0,0.0687,0.6197
61-70970-0000,7176,0,0.0877,0.7941
61-70970-0000,7729,0,0.1167,0.8552
61-70970-0000,8224,0,0.0788,0.6221
61-70970-0000,8230,0,-0.0519,0.7548
61-70970-0000,8455,0,-0.0235,0.594
61-70970-0000,908,0,0.0653,0.8275
61-70970-0011,1089,0,0.0172,0.6993
61-70970-0011,1188,0,0.0483,0.7246
61-70970-0011,1320,0,0.028,0.676
61-70970-0011,2300,0,0.0821,0.6563
61-70970-0011,260,0,-0.0369,0.7438
61-70970-0011,2830,0,-0.0744,0.6843
61-70970-0011,4077,0,0.0563,0.7006
61-70970-0011,5105,0,-0.0021,0.7283
61-70970-0011,5639,0,0.0055,0.7235
61-70970-0011,61,1,0.0196,0.7936
61-70970-0011,672,0,-0.0623,0.7417
61-70970-0011,6930,0,0.0309,0.6027
61-70970-0011,7021,0,-0.0047,0.7322
61-70970-0011,7127,0,0.0419,0.6369
61-70970-0011,7176,0,0.028,0.7293
61-70970-0011,7729,0,0.0747,0.8164
61-70970-0011,8224,0,0.0091,0.6554
61-70970-0011,8230,0,-0.0464,0.6942
61-70970-0011,8455,0,0.0096,0.5957
61-70970-0011,908,0,0.0212,0.7978
672-122797-0003,1089,0,-0.0672,0.7795
672-122797-0003,1188,0,-0.0139,0.7913
672-122797-0003,1320,0,0.1149,0.7535
672-122797-0003,2300,0,0.0949,0.6857
672-122797-0003,260,0,0.1722,0.8649
672-122797-0003,2830,0,-0.1038,0.7407
672-122797-0003,4077,0,0.1161,0.797
672-122797-0003,5105,0,-0.0199,0.813
672-122797-0003,5639,0,0.0084,0.8004
672-122797-0003,61,0,0.0923,0.9062
672-122797-0003,672,1,0.1654,0.8417
672-122797-0003,6930,0,0.0958,0.7242
672-122797-0003,7021,0,0.0356,0.7993
672-122797-0003,7127,0,-0.0069,0.6876
672-122797-0003,7176,0,0.0766,0.8451
672-122797-0003,7729,0,0.0722,0.8735
672-122797-0003,8224,0,0.1323,0.7243
672-122797-0003,8230,0,-0.0938,0.7823
672-122797-0003,8455,0,0.073,0.6966
672-122797-0003,908,0,0.0985,0.899
672-122797-0019,1089,0,-0.0347,0.6507
672-122797-0019,1188,0,0.017,0.7676
672-122797-0019,1320,0,0.1273,0.6435
672-122797-0019,2300,0,0.1504,0.5263
672-122797-0019,260,0,0.0818,0.7238
672-122797-0019,2830,0,-0.0271,0.7808
672-122797-0019,4077,0,0.0403,0.6712
672-122797-0019,5105,0,0.0749,0.7214
672-122797-0019,5639,0,-0.0567,0.7381
672-122797-0019,61,0,0.0645,0.761
672-122797-0019,672,1,0.0664,0.6674
672-122797-0019,6930,0,0.0821,0.5356
672-122797-0019,7021,0,-0.0176,0.6634
672-122797-0019,7127,0,0.0847,0.6911
672-122797-0019,7176,0,-0.0889,0.7312
672-122797-0019,7729,0,0.0414,0.8152
672-122797-0019,8224,0,0.0492,0.5829
672-122797-0019,8230,0,-0.114,0.7082
672-122797-0019,8455,0,0.0401,0.5082
672-122797-0019,908,0,-0.0327,0.7002
672-122797-0052,1089,0,-0.0076,0.6924
672-122797-0052,1188,0,-0.0296,0.7607
672-122797-0052,1320,0,0.1045,0.7165
672-122797-0052,2300,0,0.1843,0.6096
672-122797-0052,260,0,0.0243,0.7426
672-122797-0052,2830,0,-0.0715,0.7701
672-122797-0052,4077,0,0.1062,0.6983
672-122797-0052,5105,0,0.0326,0.7889
672-122797-0052,5639,0,-0.035,0.7735
672-122797-0052,61,0,0.0502,0.7497
672-122797-0052,672,1,0.0117,0.7463
672-122797-0052,6930,0,0.0916,0.6411
672-122797-0052,7021,0,0.0111,0.7348
672-122797-0052,7127,0,0.089,0.714
672-122797-0052,7176,0,-0.0415,0.704
672-122797-0052,7729,0,0.0479,0.817
672-122797-0052,8224,0,0.0146,0.7022
672-122797-0052,8230,0,0.002,0.6891
672-122797-0052,8455,0,0.0687,0.5877
672-122797-0052,908,0,-0.0552,0.7621
672-122797-0054,1089,0,-0.0296,0.6705
672-122797-0054,1188,0,0.009,0.6892
672-122797-0054,1320,0,0.1161,0.655
672-122797-0054,2300,0,0.1661,0.5631
672-122797-0054,260,0,0.1513,0.7141
672-122797-0054,2830,0,0.0067,0.6724
672-122797-0054,4077,0,0.1253,0.7142
672-122797-0054,5105,0,0.1095,0.728
672-122797-0054,5639,0,0.0112,0.754
672-122797-0054,61,0,0.0697,0.7537
672-122797-0054,672,1,0.1074,0.7546
672-122797-0054,6930,0,0.1087,0.5966
672-122797-0054,7021,0,0.0691,0.6817
672-122797-0054,7127,0,0.0972,0.6511
672-122797-0054,7176,0,0.1093,0.736
672-122797-0054,7729,0,0.0419,0.7495
672-122797-0054,8224,0,0.0712,0.722
672-122797-0054,8230,0,-0.0959,0.661
672-122797-0054,8455,0,0.0344,0.5608
672-122797-0054,908,0,0.0792,0.7518
672-122797-0055,1089,0,-0.0293,0.6801
672-122797-0055,1188,0,-0.0242,0.7187
672-122797-0055,1320,0,0.0881,0.6213
672-122797-0055,2300,0,0.1811,0.569
672-122797-0055,260,0,0.0349,0.7451
672-122797-0055,2830,0,-0.0839,0.6602
672-122797-0055,4077,0,0.1499,0.6838
672-122797-0055,5105,0,0.037,0.6935
672-122797-0055,5639,0,0.0273,0.7855
672-122797-0055,61,0,-0.0089,0.7734
672-122797-0055,672,1,0.0731,0.7464
672-122797-0055,6930,0,-0.0266,0.5759
672-122797-0055,7021,0,0.0767,0.6924
672-122797-0055,7127,0,0.0857,0.5812
672-122797-0055,7176,0,0.0276,0.7152
672-122797-0055,7729,0,0.1136,0.8153
672-122797-0055,8224,0,0.0306,0.6978
672-122797-0055,8230,0,-0.0708,0.6767
672-122797-0055,8455,0,0.0777,0.5454
672-122797-0055,908,0,-0.0247,0.8129
672-122797-0058,1089,0,-0.0364,0.6581
672-122797-0058,1188,0,-0.0864,0.6289
672-122797-0058,1320,0,0.0804,0.6013
672-122797-0058,2300,0,0.076,0.5666
672-122797-0058,260,0,0.0462,0.6609
672-122797-0058,2830,0,0.0342,0.5838
672-122797-0058,4077,0,0.0693,0.6733
672-122797-0058,5105,0,0.1256,0.686
672-122797-0058,5639,0,-0.0392,0.7638
672-122797-0058,61,0,0.0682,0.7137
672-122797-0058,672,1,0.0175,0.7008
672-122797-0058,6930,0,0.0871,0.5495
672-122797-0058,7021,0,0.0576,0.6838
672-122797-0058,7127,0,0.0824,0.5902
672-122797-0058,7176,0,-0.0078,0.6368
672-122797-0058,7729,0,-0.0044,0.8125
672-122797-0058,8224,0,0.0777,0.659
672-122797-0058,8230,0,0.0249,0.6103
672-122797-0058,8455,0,0.0759,0.5028
672-122797-0058,908,0,0.0212,0.7889
672-122797-0061,1089,0,0.0315,0.6217
672-122797-0061,1188,0,0.0365,0.6543
672-122797-0061,1320,0,0.1251,0.6108
672-122797-0061,2300,0,0.186,0.4945
672-122797-0061,260,0,0.0146,0.6748
672-122797-0061,2830,0,0.0237,0.6857
672-122797-0061,4077,0,0.068,0.6577
672-122797-0061,5105,0,0.1176,0.694
672-122797-0061,5639,0,-0.0375,0.7312
672-122797-0061,61,0,0.0833,0.7285
672-122797-0061,672,1,-0.0194,0.6732
672-122797-0061,6930,0,0.0887,0.555
672-122797-0061,7021,0,0.0808,0.6396
672-122797-0061,7127,0,0.1321,0.6312
672-122797-0061,7176,0,-0.0425,0.7014
672-122797-0061,7729,0,0.0438,0.7548
672-122797-0061,8224,0,0.1042,0.6021
672-122797-0061,8230,0,-0.0157,0.6464
672-122797-0061,8455,0,0.0438,0.4752
672-122797-0061,908,0,-0.0344,0.722
672-122797-0070,1089,0,-0.0708,0.7094
672-122797-0070,1188,0,-0.0735,0.7504
672-122797-0070,1320,0,0.1089,0.7223
672-122797-0070,2300,0,0.145,0.7174
672-122797-0070,260,0,0.0551,0.7689
672-122797-0070,2830,0,-0.078,0.686
672-122797-0070,4077,0,0.1461,0.7846
672-122797-0070,5105,0,0.0688,0.7865
672-122797-0070,5639,0,-0.0134,0.753
672-122797-0070,61,0,-0.0121,0.8014
672-122797-0070,672,1,0.0252,0.7472
672-122797-0070,6930,0,0.0976,0.6029
672-122797-0070,7021,0,0.0652,0.7852
672-122797-0070,7127,0,0.0294,0.7162
672-122797-0070,7176,0,0.0168,0.7488
672-122797-0070,7729,0,0.0541,0.8874
672-122797-0070,8224,0,0.0464,0.6609
672-122797-0070,8230,0,-0.1272,0.6671
672-122797-0070,8455,0,0.0797,0.6314
672-122797-0070,908,0,-0.0151,0.8182
672-122797-0072,1089,0,-0.1332,0.7639
672-122797-0072,1188,0,-0.0974,0.7842
672-122797-0072,1320,0,0.1179,0.7883
672-122797-0072,2300,0,0.0969,0.7535
672-122797-0072,260,0,0.1059,0.8237
672-122797-0072,2830,0,-0.1039,0.7174
672-122797-0072,4077,0,0.0297,0.7362
672-122797-0072,5105,0,0.0208,0.8127
672-122797-0072,5639,0,-0.0259,0.7389
672-122797-0072,61,0,0.0044,0.8067
672-122797-0072,672,1,0.1201,0.8453
672-122797-0072,6930,0,0.0484,0.7468
672-122797-0072,7021,0,0.0221,0.8165
672-122797-0072,7127,0,0.015,0.6823
672-122797-0072,7176,0,-0.0054,0.7556
672-122797-0072,7729,0,0.0509,0.7916
672-122797-0072,8224,0,0.0401,0.7802
672-122797-0072,8230,0,-0.1333,0.7161
672-122797-0072,8455,0,0.0617,0.7517
672-122797-0072,908,0,0.0541,0.8517
672-122797-0073,1089,0,-0.0718,0.7744
672-122797-0073,1188,0,-0.0007,0.746
672-122797-0073,1320,0,0.0953,0.7863
672-122797-0073,2300,0,0.1413,0.802
672-122797-0073,260,0,0.0814,0.8029
672-122797-0073,2830,0,-0.0072,0.6729
672-122797-0073,4077,0,0.1045,0.7929
672-122797-0073,5105,0,0.0987,0.8312
672-122797-0073,5639,0,0.019,0.756
672-122797-0073,61,0,0.0132,0.8104
672-122797-0073,672,1,0.0909,0.8248
672-122797-0073,6930,0,0.0378,0.7307
672-122797-0073,7021,0,0.0703,0.8509
672-122797-0073,7127,0,0.0209,0.7174
672-122797-0073,7176,0,0.0617,0.7445
672-122797-0073,7729,0,0.0691,0.8599
672-122797-0073,8224,0,0.0484,0.7286
672-122797-0073,8230,0,-0.0761,0.6906
672-122797-0073,8455,0,0.044,0.7339
672-122797-0073,908,0,0.0125,0.8789
6829-68769-0006,121,0,0.1048,0.6881
6829-68769-0006,1221,0,-0.0421,0.833
6829-68769-0006,1284,0,-0.0888,0.6951
6829-68769-0006,1580,0,-0.1621,0.7471
6829-68769-0006,1995,0,-0.105,0.6715
6829-68769-0006,2094,0,0.1088,0.7692
6829-68769-0006,237,0,0.0214,0.7743
6829-68769-0006,2961,0,-0.0054,0.5782
6829-68769-0006,3570,0,-0.0093,0.7147
6829-68769-0006,3575,0,-0.0708,0.8352
6829-68769-0006,3729,0,-0.0458,0.7766
6829-68769-0006,4446,0,0.0164,0.7515
6829-68769-0006,4507,0,-0.1301,0.8206
6829-68769-0006,4970,0,0.1665,0.8912
6829-68769-0006,4992,0,0.0497,0.7834
6829-68769-0006,5142,0,0.0843,0.7852
6829-68769-0006,5683,0,-0.117,0.8168
6829-68769-0006,6829,1,0.2437,0.8344
6829-68769-0006,8463,0,0.1299,0.7623
6829-68769-0006,8555,0,0.1133,0.822
6829-68769-0039,121,0,0.1477,0.7377
6829-68769-0039,1221,0,0.0088,0.8878
6829-68769-0039,1284,0,-0.0076,0.7475
6829-68769-0039,1580,0,-0.0298,0.8033
6829-68769-0039,1995,0,-0.0206,0.7376
6829-68769-0039,2094,0,0.099,0.8096
6829-68769-0039,237,0,-0.0207,0.8309
6829-68769-0039,2961,0,0.0161,0.5907
6829-68769-0039,3570,0,0.0466,0.7293
6829-68769-0039,3575,0,0.0076,0.8488
6829-68769-0039,3729,0,-0.0939,0.815
6829-68769-0039,4446,0,0.047,0.8008
6829-68769-0039,4507,0,-0.122,0.8552
6829-68769-0039,4970,0,0.0876,0.8965
6829-68769-0039,4992,0,0.1116,0.8377
6829-68769-0039,5142,0,-0.0271,0.8294
6829-68769-0039,5683,0,-0.1282,0.8595
6829-68769-0039,6829,1,0.255,0.8425
6829-68769-0039,8463,0,0.1102,0.8091
6829-68769-0039,8555,0,0.0143,0.8774
6829-68769-0049,121,0,0.0695,0.7251
6829-68769-0049,1221,0,-0.0461,0.8034
6829-68769-0049,1284,0,-0.0997,0.6805
6829-68769-0049,1580,0,-0.1129,0.7147
6829-68769-0049,1995,0,-0.0785,0.7038
6829-68769-0049,2094,0,0.03,0.7968
6829-68769-0049,237,0,-0.001,0.7738
6829-68769-0049,2961,0,-0.0046,0.6245
6829-68769-0049,3570,0,-0.0208,0.741
6829-68769-0049,3575,0,-0.0439,0.8242
6829-68769-0049,3729,0,-0.0919,0.7803
6829-68769-0049,4446,0,-0.0268,0.738
6829-68769-0049,4507,0,-0.135,0.8124
6829-68769-0049,4970,0,0.0575,0.8438
6829-68769-0049,4992,0,0.0425,0.7832
6829-68769-0049,5142,0,-0.0061,0.7571
6829-68769-0049,5683,0,-0.132,0.7645
6829-68769-0049,6829,1,0.2385,0.8301
6829-68769-0049,8463,0,0.136,0.7746
6829-68769-0049,8555,0,-0.0471,0.7771
6829-68771-0005,121,0,0.1105,0.7534
6829-68771-0005,1221,0,-0.1288,0.8634
6829-68771-0005,1284,0,-0.1221,0.7456
6829-68771-0005,1580,0,-0.1509,0.7682
6829-68771-0005,1995,0,-0.1224,0.7479
6829-68771-0005,2094,0,0.0322,0.8257
6829-68771-0005,237,0,-0.0699,0.8239
6829-68771-0005,2961,0,-0.0164,0.6437
6829-68771-0005,3570,0,-0.0252,0.7499
6829-68771-0005,3575,0,-0.1055,0.8032
6829-68771-0005,3729,0,-0.138,0.8244
6829-68771-0005,4446,0,-0.047,0.8103
6829-68771-0005,4507,0,-0.1325,0.8453
6829-68771-0005,4970,0,0.1229,0.8534
6829-68771-0005,4992,0,0.0479,0.8374
6829-68771-0005,5142,0,0.0254,0.8141
6829-68771-0005,5683,0,-0.0992,0.8052
6829-68771-0005,6829,1,0.2517,0.8563
6829-68771-0005,8463,0,0.0347,0.8228
6829-68771-0005,8555,0,0.039,0.8191
6829-68771-0011,121,0,0.1765,0.7509
6829-68771-0011,1221,0,0.0294,0.8846
6829-68771-0011,1284,0,-0.0346,0.7634
6829-68771-0011,1580,0,-0.0802,0.7894
6829-68771-0011,1995,0,-0.0996,0.7261
6829-68771-0011,2094,0,0.0866,0.8549
6829-68771-0011,237,0,0.0394,0.8275
6829-68771-0011,2961,0,0.0391,0.6249
6829-68771-0011,3570,0,0.0446,0.7173
6829-68771-0011,3575,0,-0.0067,0.7726
6829-68771-0011,3729,0,-0.0992,0.8506
6829-68771-0011,4446,0,0.0436,0.8448
6829-68771-0011,4507,0,-0.1733,0.852
6829-68771-0011,4970,0,0.0836,0.8362
6829-68771-0011,4992,0,0.1201,0.8617
6829-68771-0011,5142,0,-0.0154,0.8307
6829-68771-0011,5683,0,-0.1684,0.8141
6829-68771-0011,6829,1,0.2879,0.8862
6829-68771-0011,8463,0,0.0572,0.8389
6829-68771-0011,8555,0,0.0102,0.7967
6829-68771-0014,121,0,0.1534,0.7075
6829-68771-0014,1221,0,-0.0747,0.7917
6829-68771-0014,1284,0,-0.1583,0.6621
6829-68771-0014,1580,0,-0.1101,0.726
6829-68771-0014,1995,0,-0.0708,0.6414
6829-68771-0014,2094,0,0.0033,0.7606
6829-68771-0014,237,0,-0.0331,0.7775
6829-68771-0014,2961,0,-0.0516,0.6133
6829-68771-0014,3570,0,-0.0225,0.7666
6829-68771-0014,3575,0,-0.0366,0.8563
6829-68771-0014,3729,0,-0.0736,0.7702
6829-68771-0014,4446,0,-0.0479,0.7154
6829-68771-0014,4507,0,-0.1071,0.8153
6829-68771-0014,4970,0,0.1959,0.8634
6829-68771-0014,4992,0,0.016,0.733
6829-68771-0014,5142,0,-0.0173,0.7127
6829-68771-0014,5683,0,-0.0486,0.8041
6829-68771-0014,6829,1,0.2638,0.8096
6829-68771-0014,8463,0,0.1399,0.7098
6829-68771-0014,8555,0,0.1079,0.7662
6829-68771-0019,121,0,0.1223,0.7717
6829-68771-0019,1221,0,-0.0411,0.8487
6829-68771-0019,1284,0,-0.0867,0.7333
6829-68771-0019,1580,0,-0.0679,0.7677
6829-68771-0019,1995,0,-0.1286,0.7562
6829-68771-0019,2094,0,0.0454,0.8438
6829-68771-0019,237,0,0.0063,0.8366
6829-68771-0019,2961,0,0.0142,0.6668
6829-68771-0019,3570,0,-0.0264,0.7807
6829-68771-0019,3575,0,-0.0321,0.8284
6829-68771-0019,3729,0,-0.091,0.8275
6829-68771-0019,4446,0,-0.0154,0.7937
6829-68771-0019,4507,0,-0.1107,0.8437
6829-68771-0019,4970,0,0.1348,0.8389
6829-68771-0019,4992,0,0.1235,0.8351
6829-68771-0019,5142,0,0.033,0.7874
6829-68771-0019,5683,0,-0.1184,0.8053
6829-68771-0019,6829,1,0.3018,0.8561
6829-68771-0019,8463,0,0.1159,0.8126
6829-68771-0019,8555,0,0.0198,0.8025
6829-68771-0023,121,0,0.1435,0.668
6829-68771-0023,1221,0,-0.0463,0.823
6829-68771-0023,1284,0,-0.0508,0.6877
6829-68771-0023,1580,0,-0.0289,0.7255
6829-68771-0023,1995,0,-0.0737,0.6399
6829-68771-0023,2094,0,0.0915,0.7501
6829-68771-0023,237,0,0.0407,0.7622
6829-68771-0023,2961,0,0.0141,0.5463
6829-68771-0023,3570,0,0.0224,0.6947
6829-68771-0023,3575,0,-0.0171,0.8061
6829-68771-0023,3729,0,-0.0345,0.774
6829-68771-0023,4446,0,-0.013,0.75
6829-68771-0023,4507,0,-0.1365,0.8043
6829-68771-0023,4970,0,0.197,0.8775
6829-68771-0023,4992,0,0.1297,0.7672
6829-68771-0023,5142,0,-0.0169,0.775
6829-68771-0023,5683,0,-0.1208,0.8016
6829-68771-0023,6829,1,0.2471,0.826
6829-68771-0023,8463,0,0.0772,0.7471
6829-68771-0023,8555,0,0.0194,0.7959
6829-68771-0025,121,0,0.1194,0.8003
6829-68771-0025,1221,0,0.012,0.8815
6829-68771-0025,1284,0,-0.045,0.7693
6829-68771-0025,1580,0,-0.0415,0.8273
6829-68771-0025,1995,0,-0.0728,0.7581
6829-68771-0025,2094,0,0.0538,0.8528
6829-68771-0025,237,0,0.09,0.8565
6829-68771-0025,2961,0,-0.008,0.6737
6829-68771-0025,3570,0,-0.0501,0.7814
6829-68771-0025,3575,0,0.0131,0.8313
6829-68771-0025,3729,0,-0.1528,0.855
6829-68771-0025,4446,0,-0.0376,0.8341
6829-68771-0025,4507,0,-0.1039,0.8625
6829-68771-0025,4970,0,0.1557,0.8492
6829-68771-0025,4992,0,0.1271,0.8565
6829-68771-0025,5142,0,0.0752,0.8033
6829-68771-0025,5683,0,0.0046,0.8528
6829-68771-0025,6829,1,0.3116,0.8544
6829-68771-0025,8463,0,0.1609,0.8411
6829-68771-0025,8555,0,0.1167,0.8238
6829-68771-0035,121,0,0.0372,0.6989
6829-68771-0035,1221,0,-0.1088,0.836
6829-68771-0035,1284,0,-0.1011,0.7034
6829-68771-0035,1580,0,-0.1684,0.7457
6829-68771-0035,1995,0,-0.0828,0.673
6829-68771-0035,2094,0,0.0817,0.7759
6829-68771-0035,237,0,0.0372,0.8236
6829-68771-0035,2961,0,-0.0128,0.5958
6829-68771-0035,3570,0,-0.0565,0.7345
6829-68771-0035,3575,0,-0.1155,0.8186
6829-68771-0035,3729,0,-0.196,0.7873
6829-68771-0035,4446,0,0.0232,0.7661
6829-68771-0035,4507,0,-0.2452,0.8112
6829-68771-0035,4970,0,0.0638,0.8734
6829-68771-0035,4992,0,-0.0345,0.7823
6829-68771-0035,5142,0,0.051,0.7654
6829-68771-0035,5683,0,-0.1335,0.808
6829-68771-0035,6829,1,0.1333,0.8349
6829-68771-0035,8463,0,0.0521,0.7695
6829-68771-0035,8555,0,0.0222,0.7878
6930-75918-0009,1089,0,-0.0569,0.7885
6930-75918-0009,1188,0,-0.039,0.775
6930-75918-0009,1320,0,0.056,0.8629
6930-75918-0009,2300,0,0.0354,0.8369
6930-75918-0009,260,0,0.0316,0.8803
6930-75918-0009,2830,0,-0.0196,0.7258
6930-75918-0009,4077,0,0.0197,0.8075
6930-75918-0009,5105,0,0.0885,0.8652
6930-75918-0009,5639,0,-0.0411,0.7042
6930-75918-0009,61,0,0.0193,0.8251
6930-75918-0009,672,0,-0.1238,0.8436
6930-75918-0009,6930,1,0.0627,0.8593
6930-75918-0009,7021,0,0.0144,0.8781
6930-75918-0009,7127,0,0.0648,0.753
6930-75918-0009,7176,0,-0.053,0.8035
6930-75918-0009,7729,0,-0.0214,0.7773
6930-75918-0009,8224,0,0.1066,0.72
6930-75918-0009,8230,0,-0.0932,0.7184
6930-75918-0009,8455,0,0.0366,0.8497
6930-75918-0009,908,0,-0.0618,0.8702
6930-75918-0015,1089,0,-0.1178,0.7431
6930-75918-0015,1188,0,-0.0719,0.674
6930-75918-0015,1320,0,0.0732,0.8263
6930-75918-0015,2300,0,0.0336,0.8866
6930-75918-0015,260,0,0.1338,0.7762
6930-75918-0015,2830,0,0.0123,0.5714
6930-75918-0015,4077,0,0.1408,0.8441
6930-75918-0015,5105,0,0.1106,0.8188
6930-75918-0015,5639,0,0.0125,0.6715
6930-75918-0015,61,0,0.0899,0.7234
6930-75918-0015,672,0,-0.0293,0.7822
6930-75918-0015,6930,1,0.1756,0.7476
6930-75918-0015,7021,0,0.0628,0.8568
6930-75918-0015,7127,0,0.0254,0.7516
6930-75918-0015,7176,0,0.0209,0.681
6930-75918-0015,7729,0,0.0218,0.7988
6930-75918-0015,8224,0,0.1867,0.673
6930-75918-0015,8230,0,-0.0436,0.5722
6930-75918-0015,8455,0,0.0245,0.8166
6930-75918-0015,908,0,0.0138,0.8383
6930-75918-0018,1089,0,-0.1009,0.8402
6930-75918-0018,1188,0,-0.0294,0.7498
6930-75918-0018,1320,0,0.1384,0.884
6930-75918-0018,2300,0,0.0627,0.8534
6930-75918-0018,260,0,0.097,0.8485
6930-75918-0018,2830,0,0.0259,0.6761
6930-75918-0018,4077,0,0.0956,0.8199
6930-75918-0018,5105,0,0.057,0.8867
6930-75918-0018,5639,0,-0.0049,0.6994
6930-75918-0018,61,0,0.0834,0.8272
6930-75918-0018,672,0,-0.0183,0.8801
6930-75918-0018,6930,1,0.1343,0.854
6930-75918-0018,7021,0,0.058,0.9138
6930-75918-0018,7127,0,0.0121,0.7591
6930-75918-0018,7176,0,0.0133,0.7964
6930-75918-0018,7729,0,0.0366,0.785
6930-75918-0018,8224,0,0.1265,0.7201
6930-75918-0018,8230,0,-0.1082,0.7288
6930-75918-0018,8455,0,0.0018,0.8629
6930-75918-0018,908,0,0.02,0.9128
6930-75918-0019,1089,0,-0.0698,0.8373
6930-75918-0019,1188,0,-0.0674,0.7926
6930-75918-0019,1320,0,0.1115,0.8511
6930-75918-0019,2300,0,0.0746,0.8177
6930-75918-0019,260,0,0.0755,0.8702
6930-75918-0019,2830,0,-0.0084,0.718
6930-75918-0019,4077,0,0.0476,0.8179
6930-75918-0019,5105,0,0.0757,0.8716
6930-75918-0019,5639,0,0.0164,0.7626
6930-75918-0019,61,0,0.044,0.8527
6930-75918-0019,672,0,-0.0612,0.8915
6930-75918-0019,6930,1,0.1528,0.8249
6930-75918-0019,7021,0,0.035,0.8901
6930-75918-0019,7127,0,0.0624,0.7439
6930-75918-0019,7176,0,-0.0279,0.8163
6930-75918-0019,7729,0,0.0097,0.8064
6930-75918-0019,8224,0,0.0841,0.7867
6930-75918-0019,8230,0,-0.0932,0.7615
6930-75918-0019,8455,0,0.0175,0.8337
6930-75918-0019,908,0,-0.0296,0.9096
6930-76324-0008,1089,0,-0.0938,0.7933
6930-76324-0008,1188,0,-0.0267,0.7853
6930-76324-0008,1320,0,0.0735,0.7546
6930-76324-0008,2300,0,0.032,0.6668
6930-76324-0008,260,0,0.0993,0.8719
6930-76324-0008,2830,0,0.0003,0.7146
6930-76324-0008,4077,0,0.0235,0.7879
6930-76324-0008,5105,0,0.0889,0.8085
6930-76324-0008,5639,0,-0.0662,0.8439
6930-76324-0008,61,0,0.0235,0.8565
6930-76324-0008,672,0,-0.1529,0.8556
6930-76324-0008,6930,1,0.1835,0.7614
6930-76324-0008,7021,0,-0.0305,0.8038
6930-76324-0008,7127,0,0.0918,0.668
6930-76324-0008,7176,0,-0.0268,0.8056
6930-76324-0008,7729,0,-0.0396,0.8434
6930-76324-0008,8224,0,0.0697,0.7702
6930-76324-0008,8230,0,-0.1536,0.7646
6930-76324-0008,8455,0,0.0395,0.7224
6930-76324-0008,908,0,0.0452,0.9119
6930-76324-0011,1089,0,-0.1261,0.8538
6930-76324-0011,1188,0,-0.1064,0.827
6930-76324-0011,1320,0,0.0926,0.8993
6930-76324-0011,2300,0,0.0747,0.8386
6930-76324-0011,260,0,0.0779,0.8883
6930-76324-0011,2830,0,-0.0207,0.7702
6930-76324-0011,4077,0,0.1101,0.885
6930-76324-0011,5105,0,0.064,0.9226
6930-76324-0011,5639,0,-0.0861,0.7578
6930-76324-0011,61,0,0.0765,0.8668
6930-76324-0011,672,0,-0.1078,0.8793
6930-76324-0011,6930,1,0.1642,0.804
6930-76324-0011,7021,0,0.0411,0.917
6930-76324-0011,7127,0,0.0075,0.8524
6930-76324-0011,7176,0,-0.0132,0.8508
6930-76324-0011,7729,0,-0.0126,0.853
6930-76324-0011,8224,0,0.1273,0.7261
6930-76324-0011,8230,0,-0.139,0.7687
6930-76324-0011,8455,0,-0.0052,0.8342
6930-76324-0011,908,0,0.0269,0.8973
6930-76324-0025,1089,0,-0.0842,0.7741
6930-76324-0025,1188,0,-0.0938,0.7221
6930-76324-0025,1320,0,0.0653,0.7878
6930-76324-0025,2300,0,0.094,0.6951
6930-76324-0025,260,0,-0.0154,0.8311
6930-76324-0025,2830,0,-0.0722,0.67
6930-76324-0025,4077,0,0.025,0.8669
6930-76324-0025,5105,0,0.0204,0.8139
6930-76324-0025,5639,0,0.0478,0.8028
6930-76324-0025,61,0,0.0416,0.8148
6930-76324-0025,672,0,-0.1015,0.8167
6930-76324-0025,6930,1,0.126,0.7785
6930-76324-0025,7021,0,0.0618,0.7804
6930-76324-0025,7127,0,0.0809,0.7538
6930-76324-0025,7176,0,-0.0113,0.8261
6930-76324-0025,7729,0,0.0455,0.804
6930-76324-0025,8224,0,0.1223,0.72
6930-76324-0025,8230,0,-0.0764,0.7044
6930-76324-0025,8455,0,-0.0051,0.7642
6930-76324-0025,908,0,0.0209,0.8595
6930-76324-0028,1089,0,-0.0752,0.7868
6930-76324-0028,1188,0,-0.0345,0.7577
6930-76324-0028,1320,0,0.1098,0.8383
6930-76324-0028,2300,0,0.1144,0.8575
6930-76324-0028,260,0,0.0448,0.8479
6930-76324-0028,2830,0,-0.0087,0.6982
6930-76324-0028,4077,0,0.108,0.8655
6930-76324-0028,5105,0,0.026,0.8684
6930-76324-0028,5639,0,-0.0708,0.7288
6930-76324-0028,61,0,0.0623,0.8502
6930-76324-0028,672,0,-0.0712,0.8231
6930-76324-0028,6930,1,0.1827,0.7889
6930-76324-0028,7021,0,0.035,0.8802
6930-76324-0028,7127,0,0.0976,0.7837
6930-76324-0028,7176,0,-0.0243,0.8094
6930-76324-0028,7729,0,0.0268,0.8657
6930-76324-0028,8224,0,0.1136,0.7106
6930-76324-0028,8230,0,-0.1186,0.7
6930-76324-0028,8455,0,-0.0008,0.8022
6930-76324-0028,908,0,0.0203,0.8832
6930-81414-0011,1089,0,-0.0995,0.7793
6930-81414-0011,1188,0,-0.0286,0.7525
6930-81414-0011,1320,0,0.0514,0.7611
6930-81414-0011,2300,0,0.0046,0.6579
6930-81414-0011,260,0,-0.0623,0.8198
6930-81414-0011,2830,0,-0.0442,0.6822
6930-81414-0011,4077,0,0.0113,0.7715
6930-81414-0011,5105,0,0.0074,0.7822
6930-81414-0011,5639,0,-0.0803,0.8254
6930-81414-0011,61,0,0.0106,0.7775
6930-81414-0011,672,0,-0.1141,0.8749
6930-81414-0011,6930,1,0.0843,0.7864
6930-81414-0011,7021,0,0.0158,0.7564
6930-81414-0011,7127,0,0.016,0.6612
6930-81414-0011,7176,0,-0.0811,0.737
6930-81414-0011,7729,0,-0.0387,0.7734
6930-81414-0011,8224,0,0.0734,0.8538
6930-81414-0011,8230,0,-0.0809,0.7079
6930-81414-0011,8455,0,0.0075,0.7539
6930-81414-0011,908,0,0.0525,0.8722
6930-81414-0023,1089,0,-0.1323,0.7594
6930-81414-0023,1188,0,0.0114,0.7279
6930-81414-0023,1320,0,0.1381,0.8817
6930-81414-0023,2300,0,0.0532,0.8793
6930-81414-0023,260,0,0.1487,0.7871
6930-81414-0023,2830,0,0.045,0.6757
6930-81414-0023,4077,0,0.0905,0.8126
6930-81414-0023,5105,0,0.086,0.8766
6930-81414-0023,5639,0,-0.0166,0.6548
6930-81414-0023,61,0,0.0703,0.7527
6930-81414-0023,672,0,-0.0317,0.7871
6930-81414-0023,6930,1,0.1805,0.775
6930-81414-0023,7021,0,0.0496,0.8794
6930-81414-0023,7127,0,0.0872,0.8157
6930-81414-0023,7176,0,-0.0104,0.7333
6930-81414-0023,7729,0,0.0267,0.7856
6930-81414-0023,8224,0,0.1268,0.6636
6930-81414-0023,8230,0,-0.1004,0.6384
6930-81414-0023,8455,0,0.0485,0.8128
6930-81414-0023,908,0,0.0911,0.8158
7021-79730-0006,1089,0,-0.0092,0.6664
7021-79730-0006,1188,0,-0.0641,0.7028
7021-79730-0006,1320,0,0.0682,0.6378
7021-79730-0006,2300,0,0.1002,0.6412
7021-79730-0006,260,0,0.036,0.7327
7021-79730-0006,2830,0,-0.0585,0.6622
7021-79730-0006,4077,0,0.0138,0.6689
7021-79730-0006,5105,0,-0.0182,0.705
7021-79730-0006,5639,0,0.0168,0.6805
7021-79730-0006,61,0,0.0782,0.8113
7021-79730-0006,672,0,0.0716,0.6908
7021-79730-0006,6930,0,0.1023,0.5697
7021-79730-0006,7021,1,0.0913,0.7311
7021-79730-0006,7127,0,0.0262,0.597
7021-79730-0006,7176,0,0.0719,0.738
7021-79730-0006,7729,0,0.0752,0.8347
7021-79730-0006,8224,0,0.0509,0.5808
7021-79730-0006,8230,0,-0.0441,0.6818
7021-79730-0006,8455,0,-0.0555,0.5466
7021-79730-0006,908,0,0.0534,0.8036
7021-79730-0009,1089,0,-0.0278,0.6629
7021-79730-0009,1188,0,-0.039,0.6837
7021-79730-0009,1320,0,0.0612,0.6526
7021-79730-0009,2300,0,0.149,0.6616
7021-79730-0009,260,0,0.0591,0.7414
7021-79730-0009,2830,0,-0.0009,0.6556
7021-79730-0009,4077,0,0.0615,0.6677
7021-79730-0009,5105,0,0.0153,0.7162
7021-79730-0009,5639,0,-0.0021,0.6729
7021-79730-0009,61,0,0.1418,0.8179
7021-79730-0009,672,0,0.0628,0.7036
7021-79730-0009,6930,0,0.1199,0.6174
7021-79730-0009,7021,1,0.154,0.7392
7021-79730-0009,7127,0,-0.022,0.5922
7021-79730-0009,7176,0,0.118,0.7478
7021-79730-0009,7729,0,0.0958,0.8034
7021-79730-0009,8224,0,0.0861,0.6063
7021-79730-0009,8230,0,0.0051,0.6769
7021-79730-0009,8455,0,-0.0627,0.5741
7021-79730-0009,908,0,0.0856,0.8078
7021-79740-0001,1089,0,-0.115,0.6786
7021-79740-0001,1188,0,-0.0909,0.6855
7021-79740-0001,1320,0,-0.0293,0.6807
7021-79740-0001,2300,0,0.0972,0.7484
7021-79740-0001,260,0,0.0414,0.7384
7021-79740-0001,2830,0,0.0116,0.6069
7021-79740-0001,4077,0,0.029,0.7306
7021-79740-0001,5105,0,0.0391,0.7247
7021-79740-0001,5639,0,-0.0314,0.6654
7021-79740-0001,61,0,0.1071,0.7906
7021-79740-0001,672,0,0.0098,0.7045
7021-79740-0001,6930,0,0.2082,0.5951
7021-79740-0001,7021,1,0.0295,0.771
7021-79740-0001,7127,0,-0.0218,0.6318
7021-79740-0001,7176,0,0.0641,0.7136
7021-79740-0001,7729,0,-0.027,0.8534
7021-79740-0001,8224,0,0.1408,0.6012
7021-79740-0001,8230,0,-0.0848,0.6288
7021-79740-0001,8455,0,-0.1144,0.6219
7021-79740-0001,908,0,0.1204,0.8225
7021-79740-0002,1089,0,-0.0646,0.7521
7021-79740-0002,1188,0,-0.1026,0.7443
7021-79740-0002,1320,0,-0.0177,0.7167
7021-79740-0002,2300,0,0.1322,0.7162
7021-79740-0002,260,0,0.0341,0.8067
7021-79740-0002,2830,0,-0.0605,0.6832
7021-79740-0002,4077,0,0.0926,0.7614
7021-79740-0002,5105,0,-0.003,0.7747
7021-79740-0002,5639,0,-0.0562,0.7572
7021-79740-0002,61,0,0.0908,0.8562
7021-79740-0002,672,0,0.0298,0.7855
7021-79740-0002,6930,0,0.2764,0.6742
7021-79740-0002,7021,1,0.0935,0.7984
7021-79740-0002,7127,0,-0.0517,0.6576
7021-79740-0002,7176,0,0.0816,0.7779
7021-79740-0002,7729,0,0.0421,0.8848
7021-79740-0002,8224,0,0.1122,0.672
7021-79740-0002,8230,0,-0.0846,0.7236
7021-79740-0002,8455,0,-0.0635,0.6525
7021-79740-0002,908,0,0.1518,0.8856
7021-79740-0003,1089,0,-0.1041,0.7631
7021-79740-0003,1188,0,-0.1192,0.7752
7021-79740-0003,1320,0,-0.0729,0.7315
7021-79740-0003,2300,0,0.1312,0.7231
7021-79740-0003,260,0,0.0034,0.8049
7021-79740-0003,2830,0,-0.0689,0.6955
7021-79740-0003,4077,0,0.0327,0.7555
7021-79740-0003,5105,0,-0.0233,0.7824
7021-79740-0003,5639,0,-0.0862,0.7547
7021-79740-0003,61,0,0.09,0.8504
7021-79740-0003,672,0,0.0057,0.7876
7021-79740-0003,6930,0,0.1471,0.6611
7021-79740-0003,7021,1,0.0827,0.8081
7021-79740-0003,7127,0,-0.0361,0.6713
7021-79740-0003,7176,0,0.099,0.784
7021-79740-0003,7729,0,0.0724,0.8884
7021-79740-0003,8224,0,0.1058,0.6879
7021-79740-0003,8230,0,-0.0975,0.7339
7021-79740-0003,8455,0,-0.0648,0.664
7021-79740-0003,908,0,0.1391,0.8829
7021-79740-0004,1089,0,-0.0928,0.6661
7021-79740-0004,1188,0,-0.1274,0.6652
7021-79740-0004,1320,0,-0.0341,0.6443
7021-79740-0004,2300,0,0.071,0.6916
7021-79740-0004,260,0,0.1447,0.7054
7021-79740-0004,2830,0,-0.0745,0.5852
7021-79740-0004,4077,0,0.0004,0.7035
7021-79740-0004,5105,0,-0.0435,0.6912
7021-79740-0004,5639,0,-0.0959,0.687
7021-79740-0004,61,0,0.0098,0.7537
7021-79740-0004,672,0,0.0585,0.6957
7021-79740-0004,6930,0,0.0843,0.5588
7021-79740-0004,7021,1,0.0566,0.7381
7021-79740-0004,7127,0,-0.0353,0.602
7021-79740-0004,7176,0,0.0787,0.6825
7021-79740-0004,7729,0,0.0461,0.8468
7021-79740-0004,8224,0,0.0794,0.5999
7021-79740-0004,8230,0,-0.1246,0.6109
7021-79740-0004,8455,0,-0.0311,0.5755
7021-79740-0004,908,0,0.0949,0.8176
7021-79759-0003,1089,0,-0.0861,0.6683
7021-79759-0003,1188,0,-0.1158,0.7092
7021-79759-0003,1320,0,0.0353,0.7186
7021-79759-0003,2300,0,0.1456,0.8
7021-79759-0003,260,0,0.0901,0.7769
7021-79759-0003,2830,0,-0.0413,0.6444
7021-79759-0003,4077,0,0.0774,0.7127
7021-79759-0003,5105,0,0.023,0.7387
7021-79759-0003,5639,0,-0.027,0.6244
7021-79759-0003,61,0,0.0908,0.8002
7021-79759-0003,672,0,0.0978,0.7193
7021-79759-0003,6930,0,0.2026,0.6944
7021-79759-0003,7021,1,0.0647,0.7808
7021-79759-0003,7127,0,-0.0054,0.6297
7021-79759-0003,7176,0,0.1129,0.7314
7021-79759-0003,7729,0,0.0066,0.7971
7021-79759-0003,8224,0,0.0421,0.6441
7021-79759-0003,8230,0,-0.1171,0.6359
7021-79759-0003,8455,0,-0.013,0.7094
7021-79759-0003,908,0,0.1284,0.7987
7021-79759-0005,1089,0,-0.0963,0.679
7021-79759-0005,1188,0,-0.1418,0.7248
7021-79759-0005,1320,0,0.0452,0.652
7021-79759-0005,2300,0,0.1204,0.6346
7021-79759-0005,260,0,0.0319,0.7499
7021-79759-0005,2830,0,-0.0243,0.6845
7021-79759-0005,4077,0,0.0129,0.6579
7021-79759-0005,5105,0,0.0084,0.7103
7021-79759-0005,5639,0,-0.0783,0.7202
7021-79759-0005,61,0,0.0597,0.8003
7021-79759-0005,672,0,0.0566,0.7342
7021-79759-0005,6930,0,0.1877,0.6194
7021-79759-0005,7021,1,0.0709,0.723
7021-79759-0005,7127,0,0.001,0.5868
7021-79759-0005,7176,0,0.0364,0.7253
7021-79759-0005,7729,0,-0.0213,0.8079
7021-79759-0005,8224,0,0.0784,0.6736
7021-79759-0005,8230,0,-0.0393,0.6899
7021-79759-0005,8455,0,-0.0472,0.583
7021-79759-0005,908,0,0.123,0.8077
7021-85628-0008,1089,0,-0.1162,0.714
7021-85628-0008,1188,0,-0.1591,0.7377
7021-85628-0008,1320,0,-0.0748,0.7205
7021-85628-0008,2300,0,0.1119,0.7604
7021-85628-0008,260,0,-0.064,0.7825
7021-85628-0008,2830,0,-0.1161,0.6574
7021-85628-0008,4077,0,0.0005,0.7412
7021-85628-0008,5105,0,-0.0996,0.7509
7021-85628-0008,5639,0,-0.0824,0.7007
7021-85628-0008,61,0,-0.007,0.798
7021-85628-0008,672,0,-0.0586,0.7462
7021-85628-0008,6930,0,0.1493,0.6561
7021-85628-0008,7021,1,0.0399,0.7908
7021-85628-0008,7127,0,0.0559,0.6565
7021-85628-0008,7176,0,0.0193,0.7235
7021-85628-0008,7729,0,-0.0161,0.8611
7021-85628-0008,8224,0,0.0828,0.6502
7021-85628-0008,8230,0,-0.1225,0.6613
7021-85628-0008,8455,0,-0.0387,0.6766
7021-85628-0008,908,0,0.107,0.8457
7021-85628-0009,1089,0,-0.0753,0.6877
7021-85628-0009,1188,0,-0.1598,0.7152
7021-85628-0009,1320,0,-0.0224,0.6689
7021-85628-0009,2300,0,0.1285,0.6286
7021-85628-0009,260,0,-0.0345,0.7908
7021-85628-0009,2830,0,-0.059,0.6942
7021-85628-0009,4077,0,0.0482,0.6738
7021-85628-0009,5105,0,0.025,0.7309
7021-85628-0009,5639,0,-0.0009,0.7106
7021-85628-0009,61,0,0.139,0.8564
7021-85628-0009,672,0,0.0487,0.7532
7021-85628-0009,6930,0,0.2052,0.6938
7021-85628-0009,7021,1,0.0443,0.7322
7021-85628-0009,7127,0,-0.0269,0.5798
7021-85628-0009,7176,0,0.1596,0.7844
7021-85628-0009,7729,0,0.0038,0.7974
7021-85628-0009,8224,0,0.1048,0.6769
7021-85628-0009,8230,0,-0.048,0.7204
7021-85628-0009,8455,0,-0.0646,0.6138
7021-85628-0009,908,0,0.1691,0.8457
7127-75946-0002,1089,0,0.0028,0.7266
7127-75946-0002,1188,0,-0.0149,0.7548
7127-75946-0002,1320,0,0.0875,0.7096
7127-75946-0002,2300,0,0.141,0.6834
7127-75946-0002,260,0,0.1311,0.8148
7127-75946-0002,2830,0,0.0263,0.7062
7127-75946-0002,4077,0,0.1592,0.779
7127-75946-0002,5105,0,0.0814,0.7621
7127-75946-0002,5639,0,0.1502,0.7315
7127-75946-0002,61,0,0.0515,0.8607
7127-75946-0002,672,0,-0.0077,0.7611
7127-75946-0002,6930,0,0.0355,0.6377
7127-75946-0002,7021,0,0.0956,0.7666
7127-75946-0002,7127,1,0.1934,0.6822
7127-75946-0002,7176,0,0.0949,0.823
7127-75946-0002,7729,0,0.0266,0.8577
7127-75946-0002,8224,0,0.0724,0.6212
7127-75946-0002,8230,0,-0.013,0.7315
7127-75946-0002,8455,0,0.1223,0.6401
7127-75946-0002,908,0,0.0281,0.8386
7127-75946-0004,1089,0,-0.0043,0.7617
7127-75946-0004,1188,0,0.0583,0.7536
7127-75946-0004,1320,0,0.0729,0.7611
7127-75946-0004,2300,0,0.1845,0.7754
7127-75946-0004,260,0,0.1169,0.8197
7127-75946-0004,2830,0,0.0371,0.6763
7127-75946-0004,4077,0,0.092,0.8336
7127-75946-0004,5105,0,0.0456,0.7992
7127-75946-0004,5639,0,0.1291,0.7195
7127-75946-0004,61,0,0.0248,0.8632
7127-75946-0004,672,0,0.0351,0.7872
7127-75946-0004,6930,0,0.037,0.6854
7127-75946-0004,7021,0,0.0229,0.8203
7127-75946-0004,7127,1,0.2258,0.7248
7127-75946-0004,7176,0,-0.0286,0.823
7127-75946-0004,7729,0,0.012,0.8911
7127-75946-0004,8224,0,0.1022,0.6379
7127-75946-0004,8230,0,-0.0248,0.7093
7127-75946-0004,8455,0,0.1002,0.7178
7127-75946-0004,908,0,-0.0204,0.8772
7127-75946-0012,1089,0,-0.0094,0.7496
7127-75946-0012,1188,0,0.0399,0.7669
7127-75946-0012,1320,0,0.0364,0.7251
7127-75946-0012,2300,0,0.157,0.6654
7127-75946-0012,260,0,0.0791,0.8306
7127-75946-0012,2830,0,0.0507,0.7347
7127-75946-0012,4077,0,0.1284,0.7886
7127-75946-0012,5105,0,0.0463,0.7801
7127-75946-0012,5639,0,0.0605,0.7347
7127-75946-0012,61,0,0.0322,0.8934
7127-75946-0012,672,0,-0.0778,0.7818
7127-75946-0012,6930,0,0.0615,0.675
7127-75946-0012,7021,0,0.0426,0.7694
7127-75946-0012,7127,1,0.2264,0.694
7127-75946-0012,7176,0,0.0002,0.8614
7127-75946-0012,7729,0,-0.0113,0.856
7127-75946-0012,8224,0,0.0971,0.623
7127-75946-0012,8230,0,-0.0484,0.7697
7127-75946-0012,8455,0,0.0885,0.655
7127-75946-0012,908,0,0.0072,0.8506
7127-75946-0024,1089,0,0.0454,0.7066
7127-75946-0024,1188,0,0.0897,0.7287
7127-75946-0024,1320,0,0.1132,0.746
7127-75946-0024,2300,0,0.1614,0.7891
7127-75946-0024,260,0,0.211,0.798
7127-75946-0024,2830,0,0.1212,0.6555
7127-75946-0024,4077,0,0.192,0.7534
7127-75946-0024,5105,0,0.1286,0.7601
7127-75946-0024,5639,0,0.2028,0.6527
7127-75946-0024,61,0,0.0812,0.8149
7127-75946-0024,672,0,0.0428,0.7459
7127-75946-0024,6930,0,0.0669,0.689
7127-75946-0024,7021,0,0.0793,0.7977
7127-75946-0024,7127,1,0.207,0.6649
7127-75946-0024,7176,0,0.0731,0.7608
7127-75946-0024,7729,0,-0.0371,0.8357
7127-75946-0024,8224,0,0.1364,0.6267
7127-75946-0024,8230,0,0.0119,0.6613
7127-75946-0024,8455,0,0.1008,0.7172
7127-75946-0024,908,0,-0.0012,0.8363
7127-75947-0001,1089,0,0.0446,0.6935
7127-75947-0001,1188,0,0.025,0.7163
7127-75947-0001,1320,0,0.1127,0.7197
7127-75947-0001,2300,0,0.1131,0.738
7127-75947-0001,260,0,0.1704,0.7932
7127-75947-0001,2830,0,0.0526,0.639
7127-75947-0001,4077,0,0.1578,0.7895
7127-75947-0001,5105,0,0.1078,0.73
7127-75947-0001,5639,0,0.1122,0.6887
7127-75947-0001,61,0,0.109,0.8013
7127-75947-0001,672,0,0.0021,0.7442
7127-75947-0001,6930,0,0.0948,0.6468
7127-75947-0001,7021,0,0.0593,0.7469
7127-75947-0001,7127,1,0.1312,0.6705
7127-75947-0001,7176,0,0.0876,0.7725
7127-75947-0001,7729,0,0.0332,0.8337
7127-75947-0001,8224,0,0.1252,0.6162
7127-75947-0001,8230,0,0.0132,0.6549
7127-75947-0001,8455,0,0.1293,0.6959
7127-75947-0001,908,0,0.0168,0.8158
7127-75947-0007,1089,0,-0.0353,0.7435
7127-75947-0007,1188,0,0.0115,0.7722
7127-75947-0007,1320,0,0.095,0.8089
7127-75947-0007,2300,0,0.1273,0.808
7127-75947-0007,260,0,0.2002,0.8418
7127-75947-0007,2830,0,0.0204,0.7197
7127-75947-0007,4077,0,0.1777,0.811
7127-75947-0007,5105,0,0.0297,0.8288
7127-75947-0007,5639,0,0.0673,0.6897
7127-75947-0007,61,0,0.0273,0.8437
7127-75947-0007,672,0,0.007,0.7893
7127-75947-0007,6930,0,0.0709,0.743
7127-75947-0007,7021,0,0.0427,0.8363
7127-75947-0007,7127,1,0.1575,0.7476
7127-75947-0007,7176,0,0.0708,0.8184
7127-75947-0007,7729,0,-0.0042,0.8461
7127-75947-0007,8224,0,0.1312,0.6606
7127-75947-0007,8230,0,-0.0899,0.7025
7127-75947-0007,8455,0,0.1335,0.768
7127-75947-0007,908,0,-0.0153,0.8488
7127-75947-0023,1089,0,0.0395,0.7115
7127-75947-0023,1188,0,0.0482,0.7098
7127-75947-0023,1320,0,0.0616,0.6858
7127-75947-0023,2300,0,0.17,0.6597
7127-75947-0023,260,0,0.1219,0.7824
7127-75947-0023,2830,0,0.0332,0.6437
7127-75947-0023,4077,0,0.2179,0.7351
7127-75947-0023,5105,0,0.1452,0.7501
7127-75947-0023,5639,0,0.129,0.7432
7127-75947-0023,61,0,0.0462,0.8181
7127-75947-0023,672,0,-0.0073,0.7629
7127-75947-0023,6930,0,-0.0554,0.6524
7127-75947-0023,7021,0,0.1165,0.7757
7127-75947-0023,7127,1,0.2168,0.6215
7127-75947-0023,7176,0,0.1294,0.7737
7127-75947-0023,7729,0,-0.0165,0.8397
7127-75947-0023,8224,0,0.1101,0.6695
7127-75947-0023,8230,0,0.0076,0.6809
7127-75947-0023,8455,0,0.1435,0.6192
7127-75947-0023,908,0,-0.0528,0.8784
7127-75947-0025,1089,0,-0.0308,0.6922
7127-75947-0025,1188,0,0.0562,0.7203
7127-75947-0025,1320,0,0.0905,0.734
7127-75947-0025,2300,0,0.1691,0.764
7127-75947-0025,260,0,0.0659,0.7586
7127-75947-0025,2830,0,0.0082,0.6653
7127-75947-0025,4077,0,0.1228,0.7642
7127-75947-0025,5105,0,0.1089,0.7825
7127-75947-0025,5639,0,0.0575,0.6699
7127-75947-0025,61,0,0.0174,0.7989
7127-75947-0025,672,0,-0.0321,0.7275
7127-75947-0025,6930,0,-0.0176,0.6233
7127-75947-0025,7021,0,-0.0072,0.7957
7127-75947-0025,7127,1,0.2252,0.705
7127-75947-0025,7176,0,0.0118,0.7531
7127-75947-0025,7729,0,-0.0223,0.8341
7127-75947-0025,8224,0,0.0808,0.6282
7127-75947-0025,8230,0,-0.085,0.6514
7127-75947-0025,8455,0,0.1116,0.6571
7127-75947-0025,908,0,0.0124,0.7997
7127-75947-0033,1089,0,-0.0218,0.6429
7127-75947-0033,1188,0,0.0324,0.6426
7127-75947-0033,1320,0,0.0374,0.6741
7127-75947-0033,2300,0,0.1588,0.7662
7127-75947-0033,260,0,0.0778,0.7009
7127-75947-0033,2830,0,0.0268,0.5621
7127-75947-0033,4077,0,0.1833,0.7445
7127-75947-0033,5105,0,0.0629,0.7024
7127-75947-0033,5639,0,0.1296,0.6112
7127-75947-0033,61,0,0.0438,0.7388
7127-75947-0033,672,0,0.0049,0.6695
7127-75947-0033,6930,0,-0.0142,0.5641
7127-75947-0033,7021,0,0.0294,0.7485
7127-75947-0033,7127,1,0.1808,0.6468
7127-75947-0033,7176,0,0.0975,0.6935
7127-75947-0033,7729,0,0.0081,0.8154
7127-75947-0033,8224,0,0.0798,0.5537
7127-75947-0033,8230,0,-0.0202,0.5701
7127-75947-0033,8455,0,0.0848,0.623
7127-75947-0033,908,0,-0.0497,0.7733
7127-75947-0040,1089,0,-0.0151,0.715
7127-75947-0040,1188,0,0.0156,0.7487
7127-75947-0040,1320,0,0.0733,0.7252
7127-75947-0040,2300,0,0.1886,0.7189
7127-75947-0040,260,0,0.096,0.8226
7127-75947-0040,2830,0,0.021,0.6817
7127-75947-0040,4077,0,0.1868,0.7605
7127-75947-0040,5105,0,0.048,0.7519
7127-75947-0040,5639,0,0.0698,0.6637
7127-75947-0040,61,0,0.0827,0.8545
7127-75947-0040,672,0,0.0072,0.7576
7127-75947-0040,6930,0,0.0606,0.6669
7127-75947-0040,7021,0,0.0399,0.7709
7127-75947-0040,7127,1,0.1749,0.6615
7127-75947-0040,7176,0,0.0786,0.8314
7127-75947-0040,7729,0,-0.001,0.8091
7127-75947-0040,8224,0,0.1275,0.6179
7127-75947-0040,8230,0,-0.0455,0.7171
7127-75947-0040,8455,0,0.1056,0.6901
7127-75947-0040,908,0,0.0571,0.8343
7176-88083-0000,1089,0,0.022,0.6357
7176-88083-0000,1188,0,0.0196,0.6605
7176-88083-0000,1320,0,0.0593,0.5623
7176-88083-0000,2300,0,0.1619,0.5189
7176-88083-0000,260,0,0.0673,0.7175
7176-88083-0000,2830,0,-0.0355,0.6282
7176-88083-0000,4077,0,0.1728,0.6303
7176-88083-0000,5105,0,0.0673,0.6214
7176-88083-0000,5639,0,-0.0584,0.7015
7176-88083-0000,61,0,0.2017,0.7913
7176-88083-0000,672,0,0.0739,0.6902
7176-88083-0000,6930,0,0.1438,0.5598
7176-88083-0000,7021,0,0.1252,0.6345
7176-88083-0000,7127,0,-0.0156,0.5051
7176-88083-0000,7176,1,0.1609,0.7411
7176-88083-0000,7729,0,0.1793,0.7647
7176-88083-0000,8224,0,0.0329,0.5939
7176-88083-0000,8230,0,-0.0556,0.6784
7176-88083-0000,8455,0,-0.0286,0.5012
7176-88083-0000,908,0,0.1197,0.7833
7176-88083-0003,1089,0,0.0126,0.5899
7176-88083-0003,1188,0,-0.0659,0.5914
7176-88083-0003,1320,0,0.0155,0.4942
7176-88083-0003,2300,0,0.0867,0.4104
7176-88083-0003,260,0,0.0077,0.649
7176-88083-0003,2830,0,-0.0882,0.5634
7176-88083-0003,4077,0,0.168,0.5345
7176-88083-0003,5105,0,0.0065,0.5707
7176-88083-0003,5639,0,-0.0412,0.6933
7176-88083-0003,61,0,0.1005,0.7045
7176-88083-0003,672,0,0.0061,0.6677
7176-88083-0003,6930,0,0.1663,0.5239
7176-88083-0003,7021,0,0.1602,0.5798
7176-88083-0003,7127,0,-0.0363,0.417
7176-88083-0003,7176,1,0.1081,0.6507
7176-88083-0003,7729,0,0.0577,0.6553
7176-88083-0003,8224,0,0.0126,0.6288
7176-88083-0003,8230,0,-0.0633,0.6181
7176-88083-0003,8455,0,-0.0687,0.4259
7176-88083-0003,908,0,0.1629,0.7485
7176-88083-0009,1089,0,0.0783,0.619
7176-88083-0009,1188,0,0.0104,0.6514
7176-88083-0009,1320,0,0.1148,0.5547
7176-88083-0009,2300,0,0.1028,0.4957
7176-88083-0009,260,0,0.1016,0.7012
7176-88083-0009,2830,0,0.0217,0.625
7176-88083-0009,4077,0,0.222,0.6024
7176-88083-0009,5105,0,0.1616,0.6087
7176-88083-0009,5639,0,0.0046,0.6699
7176-88083-0009,61,0,0.2361,0.7657
7176-88083-0009,672,0,0.0589,0.6684
7176-88083-0009,6930,0,0.1465,0.5427
7176-88083-0009,7021,0,0.1668,0.615
7176-88083-0009,7127,0,0.0334,0.5019
7176-88083-0009,7176,1,0.2859,0.7233
7176-88083-0009,7729,0,0.1468,0.7133
7176-88083-0009,8224,0,0.0374,0.5696
7176-88083-0009,8230,0,0.057,0.6672
7176-88083-0009,8455,0,-0.0231,0.4926
7176-88083-0009,908,0,0.1884,0.7494
7176-88083-0025,1089,0,0.1019,0.6382
7176-88083-0025,1188,0,0.044,0.6473
7176-88083-0025,1320,0,0.0899,0.5687
7176-88083-0025,2300,0,0.0402,0.5433
7176-88083-0025,260,0,0.1908,0.6973
7176-88083-0025,2830,0,0.042,0.6124
7176-88083-0025,4077,0,0.1422,0.6429
7176-88083-0025,5105,0,0.0867,0.6202
7176-88083-0025,5639,0,0.014,0.6778
7176-88083-0025,61,0,0.122,0.7739
7176-88083-0025,672,0,0.087,0.675
7176-88083-0025,6930,0,0.0819,0.5346
7176-88083-0025,7021,0,0.0965,0.6392
7176-88083-0025,7127,0,-0.0066,0.5285
7176-88083-0025,7176,1,0.2015,0.7313
7176-88083-0025,7729,0,0.187,0.7699
7176-88083-0025,8224,0,-0.0663,0.563
7176-88083-0025,8230,0,-0.0033,0.6633
7176-88083-0025,8455,0,-0.1154,0.4989
7176-88083-0025,908,0,0.1443,0.7734
7176-88083-0026,1089,0,0.0313,0.6577
7176-88083-0026,1188,0,-0.0465,0.6872
7176-88083-0026,1320,0,0.0236,0.5717
7176-88083-0026,2300,0,0.0645,0.4663
7176-88083-0026,260,0,0.0357,0.7583
7176-88083-0026,2830,0,-0.0575,0.6759
7176-88083-0026,4077,0,0.1364,0.6546
7176-88083-0026,5105,0,0.0211,0.637
7176-88083-0026,5639,0,0.0226,0.7521
7176-88083-0026,61,0,0.1143,0.8264
7176-88083-0026,672,0,0.0094,0.715
7176-88083-0026,6930,0,0.0713,0.6176
7176-88083-0026,7021,0,0.08,0.6171
7176-88083-0026,7127,0,0.0057,0.5208
7176-88083-0026,7176,1,0.1185,0.7753
7176-88083-0026,7729,0,0.0267,0.7958
7176-88083-0026,8224,0,-0.0022,0.6098
7176-88083-0026,8230,0,-0.0215,0.7233
7176-88083-0026,8455,0,-0.0639,0.5194
7176-88083-0026,908,0,0.0753,0.8053
7176-92135-0005,1089,0,-0.0347,0.5787
7176-92135-0005,1188,0,-0.063,0.61
7176-92135-0005,1320,0,0.0909,0.5094
7176-92135-0005,2300,0,0.0563,0.4794
7176-92135-0005,260,0,0.0321,0.661
7176-92135-0005,2830,0,0.0021,0.5864
7176-92135-0005,4077,0,0.1282,0.5807
7176-92135-0005,5105,0,0.0662,0.5717
7176-92135-0005,5639,0,-0.0607,0.6256
7176-92135-0005,61,0,0.1195,0.7556
7176-92135-0005,672,0,0.0145,0.6145
7176-92135-0005,6930,0,0.127,0.4754
7176-92135-0005,7021,0,0.0383,0.5923
7176-92135-0005,7127,0,0.0051,0.4698
7176-92135-0005,7176,1,0.1754,0.699
7176-92135-0005,7729,0,0.0758,0.7375
7176-92135-0005,8224,0,-0.0521,0.4935
7176-92135-0005,8230,0,-0.0867,0.6295
7176-92135-0005,8455,0,-0.0342,0.425
7176-92135-0005,908,0,0.0999,0.7363
7176-92135-0006,1089,0,-0.0088,0.6245
7176-92135-0006,1188,0,-0.1097,0.6347
7176-92135-0006,1320,0,0.03,0.566
7176-92135-0006,2300,0,0.1004,0.5226
7176-92135-0006,260,0,0.0531,0.6916
7176-92135-0006,2830,0,0.0172,0.622
7176-92135-0006,4077,0,0.0524,0.6174
7176-92135-0006,5105,0,0.0271,0.6311
7176-92135-0006,5639,0,-0.0493,0.6726
7176-92135-0006,61,0,0.207,0.7763
7176-92135-0006,672,0,0.0074,0.6648
7176-92135-0006,6930,0,0.15,0.5572
7176-92135-0006,7021,0,0.0787,0.6441
7176-92135-0006,7127,0,-0.0692,0.5168
7176-92135-0006,7176,1,0.263,0.7212
7176-92135-0006,7729,0,0.1243,0.7647
7176-92135-0006,8224,0,-0.0377,0.5539
7176-92135-0006,8230,0,-0.0038,0.6602
7176-92135-0006,8455,0,-0.1543,0.4828
7176-92135-0006,908,0,0.143,0.7767
7176-92135-0009,1089,0,-0.0167,0.5428
7176-92135-0009,1188,0,0.0004,0.584
7176-92135-0009,1320,0,0.1312,0.4816
7176-92135-0009,2300,0,0.1336,0.3561
7176-92135-0009,260,0,0.0613,0.6368
7176-92135-0009,2830,0,0.0729,0.6091
7176-92135-0009,4077,0,0.128,0.5161
7176-92135-0009,5105,0,0.1295,0.5581
7176-92135-0009,5639,0,0.0429,0.679
7176-92135-0009,61,0,0.0776,0.6908
7176-92135-0009,672,0,0.1041,0.6179
7176-92135-0009,6930,0,0.0756,0.5314
7176-92135-0009,7021,0,0.1695,0.5326
7176-92135-0009,7127,0,0.0409,0.4332
7176-92135-0009,7176,1,0.1731,0.6556
7176-92135-0009,7729,0,0.0711,0.6559
7176-92135-0009,8224,0,-0.0175,0.5727
7176-92135-0009,8230,0,-0.0514,0.6091
7176-92135-0009,8455,0,0.0046,0.3925
7176-92135-0009,908,0,0.1026,0.7058
7176-92135-0022,1089,0,0.0472,0.584
7176-92135-0022,1188,0,0.0202,0.6095
7176-92135-0022,1320,0,0.1196,0.5242
7176-92135-0022,2300,0,0.0011,0.4608
7176-92135-0022,260,0,0.0847,0.6438
7176-92135-0022,2830,0,0.0348,0.6118
7176-92135-0022,4077,0,0.135,0.5633
7176-92135-0022,5105,0,0.0707,0.606
7176-92135-0022,5639,0,-0.0488,0.648
7176-92135-0022,61,0,-0.0109,0.7338
7176-92135-0022,672,0,-0.0157,0.616
7176-92135-0022,6930,0,0.0979,0.4826
7176-92135-0022,7021,0,0.0868,0.6118
7176-92135-0022,7127,0,0.1058,0.4955
7176-92135-0022,7176,1,0.0863,0.6781
7176-92135-0022,7729,0,0.0409,0.7341
7176-92135-0022,8224,0,-0.0305,0.5068
7176-92135-0022,8230,0,-0.0633,0.6319
7176-92135-0022,8455,0,0.0323,0.4033
7176-92135-0022,908,0,0.0922,0.7301
7176-92135-0042,1089,0,0.0522,0.6002
7176-92135-0042,1188,0,-0.0543,0.6309
7176-92135-0042,1320,0,0.0808,0.5613
7176-92135-0042,2300,0,0.1283,0.5478
7176-92135-0042,260,0,0.1243,0.6696
7176-92135-0042,2830,0,-0.0285,0.5925
7176-92135-0042,4077,0,0.2375,0.6143
7176-92135-0042,5105,0,0.0584,0.6262
7176-92135-0042,5639,0,-0.0273,0.648
7176-92135-0042,61,0,0.071,0.7446
7176-92135-0042,672,0,0.007,0.635
7176-92135-0042,6930,0,0.0841,0.4952
7176-92135-0042,7021,0,0.1173,0.6539
7176-92135-0042,7127,0,0.0424,0.5231
7176-92135-0042,7176,1,0.1291,0.6921
7176-92135-0042,7729,0,0.0567,0.7701
7176-92135-0042,8224,0,0.0222,0.5335
7176-92135-0042,8230,0,-0.0566,0.6144
7176-92135-0042,8455,0,0.0346,0.4642
7176-92135-0042,908,0,0.017,0.7607
7729-102255-0012,1089,0,-0.029,0.5906
7729-102255-0012,1188,0,-0.0222,0.6635
7729-102255-0012,1320,0,0.0805,0.581
7729-102255-0012,2300,0,0.136,0.6205
7729-102255-0012,260,0,0.0773,0.7016
7729-102255-0012,2830,0,-0.046,0.5928
7729-102255-0012,4077,0,0.1672,0.6941
7729-102255-0012,5105,0,-0.0409,0.6139
7729-102255-0012,5639,0,-0.018,0.6232
7729-102255-0012,61,0,0.0239,0.7545
7729-102255-0012,672,0,0.028,0.6108
7729-102255-0012,6930,0,0.0869,0.4905
7729-102255-0012,7021,0,0.0454,0.6393
7729-102255-0012,7127,0,0.0848,0.5711
7729-102255-0012,7176,0,0.0738,0.7128
7729-102255-0012,7729,1,0.1877,0.8119
7729-102255-0012,8224,0,0.0651,0.4994
7729-102255-0012,8230,0,-0.1263,0.599
7729-102255-0012,8455,0,0.0024,0.5356
7729-102255-0012,908,0,0.0886,0.7226
7729-102255-0018,1089,0,0.0376,0.6449
7729-102255-0018,1188,0,-0.0143,0.6982
7729-102255-0018,1320,0,0.0795,0.6298
7729-102255-0018,2300,0,0.163,0.6455
7729-102255-0018,260,0,0.037,0.7698
7729-102255-0018,2830,0,-0.0969,0.6246
7729-102255-0018,4077,0,0.2314,0.7362
7729-102255-0018,5105,0,-0.0135,0.6584
7729-102255-0018,5639,0,-0.0429,0.6746
7729-102255-0018,61,0,0.1195,0.8165
7729-102255-0018,672,0,-0.0076,0.6863
7729-102255-0018,6930,0,0.1214,0.5881
7729-102255-0018,7021,0,0.0777,0.6761
7729-102255-0018,7127,0,-0.0004,0.5868
7729-102255-0018,7176,0,0.0974,0.7826
7729-102255-0018,7729,1,0.1922,0.8252
7729-102255-0018,8224,0,0.0658,0.5781
7729-102255-0018,8230,0,-0.0576,0.6597
7729-102255-0018,8455,0,-0.0064,0.6106
7729-102255-0018,908,0,0.0566,0.7897
7729-102255-0023,1089,0,0.0053,0.6669
7729-102255-0023,1188,0,0.0319,0.7181
7729-102255-0023,1320,0,0.0935,0.6451
7729-102255-0023,2300,0,0.1899,0.6392
7729-102255-0023,260,0,0.0373,0.785
7729-102255-0023,2830,0,-0.0818,0.6706
7729-102255-0023,4077,0,0.1928,0.7452
7729-102255-0023,5105,0,-0.0565,0.6843
7729-102255-0023,5639,0,-0.0438,0.6989
7729-102255-0023,61,0,0.0995,0.8375
7729-102255-0023,672,0,0.0297,0.696
7729-102255-0023,6930,0,0.0978,0.6142
7729-102255-0023,7021,0,-0.0041,0.6945
7729-102255-0023,7127,0,-0.0349,0.6166
7729-102255-0023,7176,0,0.108,0.8056
7729-102255-0023,7729,1,0.1993,0.8482
7729-102255-0023,8224,0,0.0414,0.5679
7729-102255-0023,8230,0,-0.1093,0.6947
7729-102255-0023,8455,0,-0.0649,0.6052
7729-102255-0023,908,0,0.1302,0.8056
7729-102255-0024,1089,0,-0.0121,0.676
7729-102255-0024,1188,0,-0.0201,0.7252
7729-102255-0024,1320,0,0.0893,0.6747
7729-102255-0024,2300,0,0.1572,0.678
7729-102255-0024,260,0,0.0624,0.8077
7729-102255-0024,2830,0,-0.0695,0.6636
7729-102255-0024,4077,0,0.1888,0.7593
7729-102255-0024,5105,0,-0.0169,0.7144
7729-102255-0024,5639,0,-0.034,0.6969
7729-102255-0024,61,0,0.1269,0.853
7729-102255-0024,672,0,0.011,0.7251
7729-102255-0024,6930,0,0.1151,0.6457
7729-102255-0024,7021,0,0.0532,0.727
7729-102255-0024,7127,0,0.0096,0.6226
7729-102255-0024,7176,0,0.124,0.8216
7729-102255-0024,7729,1,0.2231,0.8317
7729-102255-0024,8224,0,0.0711,0.6133
7729-102255-0024,8230,0,-0.0741,0.696
7729-102255-0024,8455,0,-0.038,0.6514
7729-102255-0024,908,0,0.1248,0.8216
7729-102255-0030,1089,0,0.0002,0.7159
7729-102255-0030,1188,0,-0.131,0.7547
7729-102255-0030,1320,0,0.0109,0.692
7729-102255-0030,2300,0,0.1019,0.6858
7729-102255-0030,260,0,0.0539,0.8065
7729-102255-0030,2830,0,-0.1143,0.6753
7729-102255-0030,4077,0,0.1305,0.7667
7729-102255-0030,5105,0,-0.0163,0.745
7729-102255-0030,5639,0,-0.0221,0.7577
7729-102255-0030,61,0,0.0357,0.8414
7729-102255-0030,672,0,-0.0153,0.7673
7729-102255-0030,6930,0,0.0403,0.6354
7729-102255-0030,7021,0,0.0446,0.7566
7729-102255-0030,7127,0,0.0073,0.6416
7729-102255-0030,7176,0,0.129,0.7824
7729-102255-0030,7729,1,0.1569,0.8787
7729-102255-0030,8224,0,0.0482,0.6757
7729-102255-0030,8230,0,-0.1123,0.7045
7729-102255-0030,8455,0,-0.0085,0.6456
7729-102255-0030,908,0,0.0828,0.8495
7729-102255-0031,1089,0,0.0367,0.7024
7729-102255-0031,1188,0,-0.0221,0.7426
7729-102255-0031,1320,0,0.1022,0.7238
7729-102255-0031,2300,0,0.1592,0.7369
7729-102255-0031,260,0,0.1423,0.7802
7729-102255-0031,2830,0,-0.0705,0.6889
7729-102255-0031,4077,0,0.1815,0.7942
7729-102255-0031,5105,0,-0.0037,0.7752
7729-102255-0031,5639,0,0.0257,0.7205
7729-102255-0031,61,0,0.1102,0.8146
7729-102255-0031,672,0,0.084,0.7288
7729-102255-0031,6930,0,0.1375,0.6281
7729-102255-0031,7021,0,0.0466,0.7817
7729-102255-0031,7127,0,0.0265,0.7156
7729-102255-0031,7176,0,0.136,0.7694
7729-102255-0031,7729,1,0.2087,0.8944
7729-102255-0031,8224,0,0.099,0.6065
7729-102255-0031,8230,0,-0.0798,0.6694
7729-102255-0031,8455,0,0.0029,0.6519
7729-102255-0031,908,0,0.1267,0.8169
7729-102255-0035,1089,0,0.1187,0.5073
7729-102255-0035,1188,0,0.0132,0.5593
7729-102255-0035,1320,0,0.0224,0.4553
7729-102255-0035,2300,0,0.1467,0.4306
7729-102255-0035,260,0,-0.0232,0.6185
7729-102255-0035,2830,0,-0.0171,0.5587
7729-102255-0035,4077,0,0.1253,0.5337
7729-102255-0035,5105,0,0.0091,0.4858
7729-102255-0035,5639,0,0.0199,0.5599
7729-102255-0035,61,0,0.1414,0.6814
7729-102255-0035,672,0,-0.0171,0.5425
7729-102255-0035,6930,0,0.0667,0.4495
7729-102255-0035,7021,0,0.0662,0.4992
7729-102255-0035,7127,0,0.0956,0.4316
7729-102255-0035,7176,0,0.2064,0.6613
7729-102255-0035,7729,1,0.1906,0.6396
7729-102255-0035,8224,0,0.0487,0.4208
7729-102255-0035,8230,0,0.0146,0.5816
7729-102255-0035,8455,0,-0.0439,0.4048
7729-102255-0035,908,0,0.1013,0.6334
7729-102255-0037,1089,0,0.0208,0.6533
7729-102255-0037,1188,0,0.0394,0.7086
7729-102255-0037,1320,0,0.0686,0.6126
7729-102255-0037,2300,0,0.1453,0.5686
7729-102255-0037,260,0,0.0818,0.7884
7729-102255-0037,2830,0,-0.0168,0.6773
7729-102255-0037,4077,0,0.0831,0.7172
7729-102255-0037,5105,0,0.0077,0.6661
7729-102255-0037,5639,0,-0.0411,0.7204
7729-102255-0037,61,0,0.1462,0.8558
7729-102255-0037,672,0,-0.0283,0.6973
7729-102255-0037,6930,0,0.1308,0.6201
7729-102255-0037,7021,0,-0.0077,0.6596
7729-102255-0037,7127,0,0.0313,0.5765
7729-102255-0037,7176,0,0.1373,0.8219
7729-102255-0037,7729,1,0.111,0.8323
7729-102255-0037,8224,0,0.0648,0.5828
7729-102255-0037,8230,0,-0.0072,0.7156
7729-102255-0037,8455,0,-0.0499,0.5744
7729-102255-0037,908,0,0.0325,0.804
7729-102255-0039,1089,0,0.0291,0.5807
7729-102255-0039,1188,0,0.0668,0.6301
7729-102255-0039,1320,0,0.0406,0.5554
7729-102255-0039,2300,0,0.1363,0.57
7729-102255-0039,260,0,0.0163,0.6857
7729-102255-0039,2830,0,-0.0844,0.6008
7729-102255-0039,4077,0,0.0895,0.6441
7729-102255-0039,5105,0,-0.0756,0.6113
7729-102255-0039,5639,0,-0.0522,0.645
7729-102255-0039,61,0,0.046,0.7659
7729-102255-0039,672,0,0.0098,0.6107
7729-102255-0039,6930,0,0.1103,0.5292
7729-102255-0039,7021,0,0.0446,0.6333
7729-102255-0039,7127,0,0.0643,0.5283
7729-102255-0039,7176,0,0.0367,0.714
7729-102255-0039,7729,1,0.1618,0.7976
7729-102255-0039,8224,0,0.0482,0.5148
7729-102255-0039,8230,0,-0.0677,0.6118
7729-102255-0039,8455,0,-0.0276,0.4892
7729-102255-0039,908,0,0.0844,0.7482
7729-102255-0040,1089,0,-0.0462,0.6876
7729-102255-0040,1188,0,0.0078,0.746
7729-102255-0040,1320,0,0.0439,0.651
7729-102255-0040,2300,0,0.1513,0.6329
7729-102255-0040,260,0,0.0727,0.8134
7729-102255-0040,2830,0,-0.0924,0.6979
7729-102255-0040,4077,0,0.0638,0.7448
7729-102255-0040,5105,0,-0.0391,0.6813
7729-102255-0040,5639,0,-0.0809,0.7066
7729-102255-0040,61,0,0.1754,0.8641
7729-102255-0040,672,0,0.0283,0.7228
7729-102255-0040,6930,0,0.1155,0.6433
7729-102255-0040,7021,0,0.0066,0.6839
7729-102255-0040,7127,0,-0.0601,0.6116
7729-102255-0040,7176,0,0.0789,0.8253
7729-102255-0040,7729,1,0.21,0.8405
7729-102255-0040,8224,0,-0.0207,0.5912
7729-102255-0040,8230,0,-0.1033,0.7342
7729-102255-0040,8455,0,-0.0449,0.6358
7729-102255-0040,908,0,0.1199,0.8042
8224-274381-0007,1089,0,-0.0242,0.7076
8224-274381-0007,1188,0,-0.1019,0.7758
8224-274381-0007,1320,0,0.0871,0.6952
8224-274381-0007,2300,0,0.0954,0.6275
8224-274381-0007,260,0,0.1481,0.8054
8224-274381-0007,2830,0,0.0649,0.7471
8224-274381-0007,4077,0,0.0884,0.7331
8224-274381-0007,5105,0,0.0776,0.7726
8224-274381-0007,5639,0,0.1404,0.7844
8224-274381-0007,61,0,0.028,0.8491
8224-274381-0007,672,0,0.158,0.7731
8224-274381-0007,6930,0,0.2019,0.6589
8224-274381-0007,7021,0,0.0842,0.7456
8224-274381-0007,7127,0,0.0905,0.6595
8224-274381-0007,7176,0,0.1071,0.7956
8224-274381-0007,7729,0,0.0218,0.8484
8224-274381-0007,8224,1,0.2848,0.7203
8224-274381-0007,8230,0,0.0188,0.7358
8224-274381-0007,8455,0,0.092,0.612
8224-274381-0007,908,0,-0.0088,0.8233
8224-274381-0010,1089,0,-0.0019,0.6959
8224-274381-0010,1188,0,-0.1124,0.7373
8224-274381-0010,1320,0,0.0879,0.6748
8224-274381-0010,2300,0,0.0749,0.6029
8224-274381-0010,260,0,0.1333,0.7536
8224-274381-0010,2830,0,0.0156,0.7101
8224-274381-0010,4077,0,0.1173,0.6875
8224-274381-0010,5105,0,0.1107,0.76
8224-274381-0010,5639,0,0.0472,0.7727
8224-274381-0010,61,0,0.0394,0.8084
8224-274381-0010,672,0,0.0732,0.7709
8224-274381-0010,6930,0,0.2033,0.648
8224-274381-0010,7021,0,0.0769,0.7331
8224-274381-0010,7127,0,0.0582,0.625
8224-274381-0010,7176,0,0.0186,0.7579
8224-274381-0010,7729,0,-0.0409,0.8007
8224-274381-0010,8224,1,0.3258,0.7744
8224-274381-0010,8230,0,-0.0376,0.7107
8224-274381-0010,8455,0,0.1067,0.5841
8224-274381-0010,908,0,0.0103,0.8041
8224-274381-0011,1089,0,-0.0232,0.697
8224-274381-0011,1188,0,-0.093,0.7389
8224-274381-0011,1320,0,0.1072,0.7079
8224-274381-0011,2300,0,0.1488,0.6632
8224-274381-0011,260,0,0.1917,0.7654
8224-274381-0011,2830,0,0.0214,0.6859
8224-274381-0011,4077,0,0.1014,0.715
8224-274381-0011,5105,0,0.1094,0.7724
8224-274381-0011,5639,0,0.0515,0.761
8224-274381-0011,61,0,0.0052,0.7823
8224-274381-0011,672,0,0.1323,0.7807
8224-274381-0011,6930,0,0.2112,0.6527
8224-274381-0011,7021,0,0.1361,0.7595
8224-274381-0011,7127,0,0.0629,0.6474
8224-274381-0011,7176,0,0.075,0.7286
8224-274381-0011,7729,0,0.038,0.8021
8224-274381-0011,8224,1,0.2673,0.7685
8224-274381-0011,8230,0,-0.0308,0.6693
8224-274381-0011,8455,0,0.0943,0.632
8224-274381-0011,908,0,0.1027,0.813
8224-274381-0013,1089,0,0.0016,0.6756
8224-274381-0013,1188,0,-0.0741,0.7308
8224-274381-0013,1320,0,0.0864,0.6462
8224-274381-0013,2300,0,0.1185,0.5686
8224-274381-0013,260,0,0.1575,0.7474
8224-274381-0013,2830,0,0.0595,0.6994
8224-274381-0013,4077,0,0.1279,0.67
8224-274381-0013,5105,0,0.1614,0.7256
8224-274381-0013,5639,0,0.1111,0.7662
8224-274381-0013,61,0,0.059,0.784
8224-274381-0013,672,0,0.1037,0.7561
8224-274381-0013,6930,0,0.1513,0.6135
8224-274381-0013,7021,0,0.1575,0.7026
8224-274381-0013,7127,0,0.1129,0.6012
8224-274381-0013,7176,0,0.067,0.7404
8224-274381-0013,7729,0,-0.0168,0.7719
8224-274381-0013,8224,1,0.291,0.753
8224-274381-0013,8230,0,-0.0158,0.6935
8224-274381-0013,8455,0,0.1424,0.5603
8224-274381-0013,908,0,0.0556,0.7835
8224-274384-0002,1089,0,-0.0457,0.6648
8224-274384-0002,1188,0,-0.0829,0.7183
8224-274384-0002,1320,0,0.1187,0.6355
8224-274384-0002,2300,0,0.0811,0.5515
8224-274384-0002,260,0,0.1321,0.7343
8224-274384-0002,2830,0,-0.0355,0.7108
8224-274384-0002,4077,0,0.0918,0.6692
8224-274384-0002,5105,0,0.0495,0.7311
8224-274384-0002,5639,0,-0.0078,0.7742
8224-274384-0002,61,0,0.0178,0.7963
8224-274384-0002,672,0,0.0711,0.7247
8224-274384-0002,6930,0,0.1146,0.6016
8224-274384-0002,7021,0,0.0745,0.701
8224-274384-0002,7127,0,0.0953,0.6148
8224-274384-0002,7176,0,-0.0245,0.7406
8224-274384-0002,7729,0,0.05,0.804
8224-274384-0002,8224,1,0.2316,0.6959
8224-274384-0002,8230,0,-0.1031,0.6984
8224-274384-0002,8455,0,0.1421,0.5273
8224-274384-0002,908,0,-0.0555,0.7778
8224-274384-0006,1089,0,0.0065,0.6529
8224-274384-0006,1188,0,-0.0365,0.7023
8224-274384-0006,1320,0,0.1078,0.6365
8224-274384-0006,2300,0,0.0866,0.5765
8224-274384-0006,260,0,0.0798,0.7204
8224-274384-0006,2830,0,-0.021,0.6683
8224-274384-0006,4077,0,0.113,0.6821
8224-274384-0006,5105,0,0.0373,0.7138
8224-274384-0006,5639,0,0.0129,0.7514
8224-274384-0006,61,0,-0.0077,0.7648
8224-274384-0006,672,0,0.0176,0.7386
8224-274384-0006,6930,0,0.0675,0.5971
8224-274384-0006,7021,0,0.0596,0.6844
8224-274384-0006,7127,0,0.0838,0.6035
8224-274384-0006,7176,0,-0.031,0.7252
8224-274384-0006,7729,0,0.0508,0.7781
8224-274384-0006,8224,1,0.1439,0.7474
8224-274384-0006,8230,0,-0.0451,0.658
8224-274384-0006,8455,0,0.0653,0.5565
8224-274384-0006,908,0,-0.0384,0.7658
8224-274384-0007,1089,0,-0.0405,0.6266
8224-274384-0007,1188,0,-0.1232,0.6803
8224-274384-0007,1320,0,0.0763,0.5607
8224-274384-0007,2300,0,0.0696,0.4018
8224-274384-0007,260,0,0.1189,0.6983
8224-274384-0007,2830,0,0.0023,0.7093
8224-274384-0007,4077,0,0.1265,0.605
8224-274384-0007,5105,0,0.0603,0.6744
8224-274384-0007,5639,0,0.0723,0.7875
8224-274384-0007,61,0,-0.0072,0.756
8224-274384-0007,672,0,-0.0022,0.686
8224-274384-0007,6930,0,0.118,0.5689
8224-274384-0007,7021,0,0.0662,0.6145
8224-274384-0007,7127,0,0.0543,0.5555
8224-274384-0007,7176,0,0.0336,0.7001
8224-274384-0007,7729,0,-0.0373,0.7678
8224-274384-0007,8224,1,0.191,0.6459
8224-274384-0007,8230,0,-0.0512,0.6943
8224-274384-0007,8455,0,0.1156,0.4334
8224-274384-0007,908,0,-0.0281,0.7429
8224-274384-0008,1089,0,-0.0655,0.6487
8224-274384-0008,1188,0,-0.1251,0.7148
8224-274384-0008,1320,0,0.061,0.6282
8224-274384-0008,2300,0,0.0576,0.5408
8224-274384-0008,260,0,0.1436,0.7246
8224-274384-0008,2830,0,-0.0187,0.7107
8224-274384-0008,4077,0,0.0631,0.651
8224-274384-0008,5105,0,0.0993,0.7177
8224-274384-0008,5639,0,0.0792,0.7511
8224-274384-0008,61,0,0.0064,0.7779
8224-274384-0008,672,0,0.0764,0.7246
8224-274384-0008,6930,0,0.2059,0.5945
8224-274384-0008,7021,0,0.0465,0.6828
8224-274384-0008,7127,0,0.0954,0.6012
8224-274384-0008,7176,0,-0.0007,0.7311
8224-274384-0008,7729,0,-0.05,0.7675
8224-274384-0008,8224,1,0.312,0.7125
8224-274384-0008,8230,0,-0.0819,0.6862
8224-274384-0008,8455,0,0.1122,0.5237
8224-274384-0008,908,0,-0.0004,0.7543
8224-274384-0009,1089,0,-0.0853,0.6449
8224-274384-0009,1188,0,-0.0754,0.7081
8224-274384-0009,1320,0,0.0419,0.6251
8224-274384-0009,2300,0,0.0534,0.541
8224-274384-0009,260,0,0.0598,0.7123
8224-274384-0009,2830,0,-0.0464,0.6878
8224-274384-0009,4077,0,0.0681,0.6426
8224-274384-0009,5105,0,0.0334,0.7147
8224-274384-0009,5639,0,-0.0326,0.7641
8224-274384-0009,61,0,0.0056,0.7543
8224-274384-0009,672,0,-0.0546,0.7279
8224-274384-0009,6930,0,0.0507,0.5992
8224-274384-0009,7021,0,-0.0198,0.6781
8224-274384-0009,7127,0,0.1025,0.5879
8224-274384-0009,7176,0,-0.0521,0.7025
8224-274384-0009,7729,0,0.0752,0.7603
8224-274384-0009,8224,1,0.1231,0.7585
8224-274384-0009,8230,0,-0.1002,0.6685
8224-274384-0009,8455,0,0.0685,0.5333
8224-274384-0009,908,0,-0.0808,0.7493
8224-274384-0013,1089,0,-0.1229,0.6038
8224-274384-0013,1188,0,-0.1578,0.6543
8224-274384-0013,1320,0,0.0733,0.5993
8224-274384-0013,2300,0,0.0844,0.5102
8224-274384-0013,260,0,0.13,0.6441
8224-274384-0013,2830,0,-0.0727,0.6243
8224-274384-0013,4077,0,0.1127,0.6295
8224-274384-0013,5105,0,0.0167,0.6663
8224-274384-0013,5639,0,-0.0544,0.7198
8224-274384-0013,61,0,-0.0315,0.6648
8224-274384-0013,672,0,0.044,0.6916
8224-274384-0013,6930,0,0.0581,0.5266
8224-274384-0013,7021,0,0.0608,0.6264
8224-274384-0013,7127,0,0.0698,0.5819
8224-274384-0013,7176,0,-0.058,0.6488
8224-274384-0013,7729,0,0.0027,0.6839
8224-274384-0013,8224,1,0.2251,0.7422
8224-274384-0013,8230,0,-0.1495,0.594
8224-274384-0013,8455,0,0.1021,0.504
8224-274384-0013,908,0,-0.0269,0.6784
8230-279154-0000,1089,0,0.0344,0.6786
8230-279154-0000,1188,0,-0.0222,0.7424
8230-279154-0000,1320,0,0.0574,0.6475
8230-279154-0000,2300,0,0.0649,0.5637
8230-279154-0000,260,0,0.1242,0.7916
8230-279154-0000,2830,0,-0.0574,0.7388
8230-279154-0000,4077,0,0.1597,0.6517
8230-279154-0000,5105,0,0.0205,0.7102
8230-279154-0000,5639,0,-0.0032,0.7074
8230-279154-0000,61,0,0.1144,0.8569
8230-279154-0000,672,0,0.0295,0.7347
8230-279154-0000,6930,0,0.1775,0.6585
8230-279154-0000,7021,0,0.0289,0.6926
8230-279154-0000,7127,0,0.0626,0.5789
8230-279154-0000,7176,0,0.0482,0.8041
8230-279154-0000,7729,0,0.0373,0.7851
8230-279154-0000,8224,0,0.0459,0.6372
8230-279154-0000,8230,1,-0.0322,0.7568
8230-279154-0000,8455,0,-0.0233,0.58
8230-279154-0000,908,0,0.0628,0.8029
8230-279154-0004,1089,0,0.0132,0.6423
8230-279154-0004,1188,0,-0.008,0.6731
8230-279154-0004,1320,0,0.0656,0.6007
8230-279154-0004,2300,0,0.1177,0.562
8230-279154-0004,260,0,0.1349,0.7394
8230-279154-0004,2830,0,0.0034,0.6527
8230-279154-0004,4077,0,0.1744,0.6313
8230-279154-0004,5105,0,0.0294,0.6593
8230-279154-0004,5639,0,-0.0155,0.6482
8230-279154-0004,61,0,0.1037,0.8184
8230-279154-0004,672,0,0.067,0.6912
8230-279154-0004,6930,0,0.1063,0.5815
8230-279154-0004,7021,0,0.0913,0.673
8230-279154-0004,7127,0,0.0888,0.5352
8230-279154-0004,7176,0,0.1268,0.767
8230-279154-0004,7729,0,0.0751,0.7431
8230-279154-0004,8224,0,0.0168,0.565
8230-279154-0004,8230,1,-0.0301,0.6966
8230-279154-0004,8455,0,0.0186,0.5305
8230-279154-0004,908,0,0.0811,0.7837
8230-279154-0016,1089,0,-0.0216,0.603
8230-279154-0016,1188,0,0.0247,0.6672
8230-279154-0016,1320,0,0.103,0.5958
8230-279154-0016,2300,0,0.0876,0.584
8230-279154-0016,260,0,0.0587,0.7025
8230-279154-0016,2830,0,-0.0195,0.6555
8230-279154-0016,4077,0,0.0725,0.5858
8230-279154-0016,5105,0,0.0137,0.6547
8230-279154-0016,5639,0,-0.0255,0.5976
8230-279154-0016,61,0,0.0609,0.7796
8230-279154-0016,672,0,0.0905,0.6361
8230-279154-0016,6930,0,0.0861,0.5536
8230-279154-0016,7021,0,-0.0022,0.6757
8230-279154-0016,7127,0,0.0915,0.5367
8230-279154-0016,7176,0,-0.0027,0.727
8230-279154-0016,7729,0,0.0647,0.7335
8230-279154-0016,8224,0,-0.0027,0.5296
8230-279154-0016,8230,1,-0.0386,0.6615
8230-279154-0016,8455,0,-0.0312,0.5096
8230-279154-0016,908,0,0.0289,0.7393
8230-279154-0018,1089,0,0.0276,0.6224
8230-279154-0018,1188,0,0.012,0.6709
8230-279154-0018,1320,0,0.1084,0.6104
8230-279154-0018,2300,0,0.0881,0.5877
8230-279154-0018,260,0,0.1226,0.7164
8230-279154-0018,2830,0,0.0285,0.6608
8230-279154-0018,4077,0,0.0872,0.632
8230-279154-0018,5105,0,0.0609,0.6597
8230-279154-0018,5639,0,-0.0487,0.6157
8230-279154-0018,61,0,0.0428,0.7891
8230-279154-0018,672,0,0.0101,0.6566
8230-279154-0018,6930,0,0.1406,0.5611
8230-279154-0018,7021,0,0.0377,0.669
8230-279154-0018,7127,0,0.1041,0.5694
8230-279154-0018,7176,0,0.0115,0.7456
8230-279154-0018,7729,0,0.0534,0.7377
8230-279154-0018,8224,0,0.018,0.5306
8230-279154-0018,8230,1,-0.0318,0.6726
8230-279154-0018,8455,0,-0.0067,0.5327
8230-279154-0018,908,0,0.0302,0.7369
8230-279154-0020,1089,0,0.0478,0.6154
8230-279154-0020,1188,0,0.0074,0.6631
8230-279154-0020,1320,0,0.0898,0.6092
8230-279154-0020,2300,0,0.1135,0.6241
8230-279154-0020,260,0,0.0413,0.7088
8230-279154-0020,2830,0,-0.0584,0.6435
8230-279154-0020,4077,0,0.1202,0.6394
8230-279154-0020,5105,0,0.0279,0.6559
8230-279154-0020,5639,0,-0.0119,0.6129
8230-279154-0020,61,0,0.1258,0.7848
8230-279154-0020,672,0,0.0682,0.6422
8230-279154-0020,6930,0,0.096,0.5569
8230-279154-0020,7021,0,0.0298,0.6761
8230-279154-0020,7127,0,0.1312,0.5691
8230-279154-0020,7176,0,0.0358,0.7248
8230-279154-0020,7729,0,0.0347,0.7685
8230-279154-0020,8224,0,0.0493,0.5246
8230-279154-0020,8230,1,-0.007,0.6509
8230-279154-0020,8455,0,-0.005,0.5349
8230-279154-0020,908,0,0.0289,0.7433
8230-279154-0022,1089,0,0.0185,0.5785
8230-279154-0022,1188,0,0.0697,0.6265
8230-279154-0022,1320,0,0.0778,0.5763
8230-279154-0022,2300,0,0.1152,0.5669
8230-279154-0022,260,0,0.1812,0.6805
8230-279154-0022,2830,0,-0.004,0.6274
8230-279154-0022,4077,0,0.1086,0.5427
8230-279154-0022,5105,0,0.003,0.6193
8230-279154-0022,5639,0,-0.0238,0.5372
8230-279154-0022,61,0,0.1285,0.7597
8230-279154-0022,672,0,0.0755,0.6136
8230-279154-0022,6930,0,0.1672,0.5615
8230-279154-0022,7021,0,0.0289,0.6443
8230-279154-0022,7127,0,0.1055,0.4942
8230-279154-0022,7176,0,0.0792,0.7113
8230-279154-0022,7729,0,0.0678,0.6534
8230-279154-0022,8224,0,0.0303,0.5068
8230-279154-0022,8230,1,0.0238,0.6442
8230-279154-0022,8455,0,-0.0712,0.5046
8230-279154-0022,908,0,0.0537,0.7054
8230-279154-0023,1089,0,0.0174,0.6422
8230-279154-0023,1188,0,0.0742,0.6956
8230-279154-0023,1320,0,0.1139,0.6449
8230-279154-0023,2300,0,0.1159,0.6671
8230-279154-0023,260,0,0.168,0.7453
8230-279154-0023,2830,0,-0.0029,0.6606
8230-279154-0023,4077,0,0.1103,0.6688
8230-279154-0023,5105,0,0.0062,0.6914
8230-279154-0023,5639,0,-0.0309,0.6212
8230-279154-0023,61,0,0.0973,0.8159
8230-279154-0023,672,0,0.0599,0.6707
8230-279154-0023,6930,0,0.1394,0.5882
8230-279154-0023,7021,0,0.0729,0.7192
8230-279154-0023,7127,0,0.0719,0.5924
8230-279154-0023,7176,0,0.0172,0.7619
8230-279154-0023,7729,0,0.0934,0.7883
8230-279154-0023,8224,0,0.012,0.5477
8230-279154-0023,8230,1,-0.0534,0.6745
8230-279154-0023,8455,0,-0.0101,0.583
8230-279154-0023,908,0,0.0429,0.7716
8230-279154-0028,1089,0,0.0395,0.6042
8230-279154-0028,1188,0,0.0263,0.6627
8230-279154-0028,1320,0,0.0791,0.5839
8230-279154-0028,2300,0,0.1287,0.5313
8230-279154-0028,260,0,0.048,0.7078
8230-279154-0028,2830,0,-0.0238,0.6739
8230-279154-0028,4077,0,0.0867,0.5552
8230-279154-0028,5105,0,0.0366,0.6511
8230-279154-0028,5639,0,-0.0022,0.604
8230-279154-0028,61,0,0.0705,0.7852
8230-279154-0028,672,0,-0.0192,0.6414
8230-279154-0028,6930,0,0.1274,0.5738
8230-279154-0028,7021,0,0.0572,0.6616
8230-279154-0028,7127,0,0.1054,0.5156
8230-279154-0028,7176,0,0.0122,0.7352
8230-279154-0028,7729,0,0.1199,0.6952
8230-279154-0028,8224,0,0.0404,0.5291
8230-279154-0028,8230,1,0.0074,0.6842
8230-279154-0028,8455,0,-0.0458,0.4903
8230-279154-0028,908,0,-0.015,0.737
8230-279154-0029,1089,0,0.0687,0.6312
8230-279154-0029,1188,0,0.0632,0.6785
8230-279154-0029,1320,0,0.0934,0.6252
8230-279154-0029,2300,0,0.1302,0.6052
8230-279154-0029,260,0,0.1821,0.7221
8230-279154-0029,2830,0,0.0292,0.6617
8230-279154-0029,4077,0,0.0636,0.6035
8230-279154-0029,5105,0,0.019,0.6774
8230-279154-0029,5639,0,-0.0113,0.6186
8230-279154-0029,61,0,0.0771,0.7864
8230-279154-0029,672,0,0.0626,0.6791
8230-279154-0029,6930,0,0.135,0.5914
8230-279154-0029,7021,0,0.0223,0.6968
8230-279154-0029,7127,0,0.14,0.5483
8230-279154-0029,7176,0,-0.0323,0.7282
8230-279154-0029,7729,0,-0.0164,0.7268
8230-279154-0029,8224,0,0.0599,0.5693
8230-279154-0029,8230,1,-0.0185,0.6748
8230-279154-0029,8455,0,0.0454,0.5517
8230-279154-0029,908,0,0.0228,0.7602
8230-279154-0030,1089,0,0.0974,0.5959
8230-279154-0030,1188,0,0.0502,0.6702
8230-279154-0030,1320,0,0.1088,0.587
8230-279154-0030,2300,0,0.0642,0.5903
8230-279154-0030,260,0,0.1489,0.7043
8230-279154-0030,2830,0,0.0399,0.6532
8230-279154-0030,4077,0,0.1106,0.5782
8230-279154-0030,5105,0,0.0389,0.6257
8230-279154-0030,5639,0,0.0168,0.574
8230-279154-0030,61,0,0.1418,0.7682
8230-279154-0030,672,0,0.1243,0.6278
8230-279154-0030,6930,0,0.1633,0.5626
8230-279154-0030,7021,0,0.0181,0.6525
8230-279154-0030,7127,0,0.0937,0.5238
8230-279154-0030,7176,0,0.0875,0.727
8230-279154-0030,7729,0,0.0273,0.7034
8230-279154-0030,8224,0,0.091,0.5285
8230-279154-0030,8230,1,0.0669,0.6624
8230-279154-0030,8455,0,0.0543,0.5318
8230-279154-0030,908,0,0.0167,0.7123
8455-210777-0011,1089,0,0.0673,0.673
8455-210777-0011,1188,0,-0.0441,0.7135
8455-210777-0011,1320,0,0.1307,0.7169
8455-210777-0011,2300,0,0.1018,0.7611
8455-210777-0011,260,0,0.0986,0.7684
8455-210777-0011,2830,0,-0.0309,0.6158
8455-210777-0011,4077,0,0.1719,0.7671
8455-210777-0011,5105,0,0.0443,0.7402
8455-210777-0011,5639,0,0.1265,0.6665
8455-210777-0011,61,0,0.0318,0.7793
8455-210777-0011,672,0,0.0775,0.7378
8455-210777-0011,6930,0,0.0516,0.6369
8455-210777-0011,7021,0,0.0466,0.763
8455-210777-0011,7127,0,0.1371,0.6561
8455-210777-0011,7176,0,0.0701,0.7395
8455-210777-0011,7729,0,-0.021,0.8126
8455-210777-0011,8224,0,0.0321,0.6672
8455-210777-0011,8230,0,-0.0145,0.6184
8455-210777-0011,8455,1,0.1545,0.7024
8455-210777-0011,908,0,0.003,0.8004
8455-210777-0014,1089,0,0.0089,0.7304
8455-210777-0014,1188,0,-0.0839,0.8102
8455-210777-0014,1320,0,0.1651,0.7016
8455-210777-0014,2300,0,0.0778,0.5895
8455-210777-0014,260,0,0.1252,0.8552
8455-210777-0014,2830,0,-0.0655,0.7966
8455-210777-0014,4077,0,0.1417,0.7262
8455-210777-0014,5105,0,0.1276,0.7741
8455-210777-0014,5639,0,0.0314,0.7732
8455-210777-0014,61,0,0.0649,0.9089
8455-210777-0014,672,0,-0.0038,0.7849
8455-210777-0014,6930,0,0.1274,0.6962
8455-210777-0014,7021,0,0.0742,0.7426
8455-210777-0014,7127,0,0.0227,0.6474
8455-210777-0014,7176,0,0.0735,0.869
8455-210777-0014,7729,0,-0.0288,0.8484
8455-210777-0014,8224,0,0.1141,0.6668
8455-210777-0014,8230,0,-0.0051,0.8097
8455-210777-0014,8455,1,0.195,0.631
8455-210777-0014,908,0,0.045,0.8468
8455-210777-0018,1089,0,-0.0155,0.6671
8455-210777-0018,1188,0,-0.0203,0.7138
8455-210777-0018,1320,0,0.1137,0.6656
8455-210777-0018,2300,0,0.0684,0.5957
8455-210777-0018,260,0,0.0852,0.8268
8455-210777-0018,2830,0,0.0035,0.6866
8455-210777-0018,4077,0,0.1185,0.6928
8455-210777-0018,5105,0,0.041,0.7209
8455-210777-0018,5639,0,0.0245,0.7269
8455-210777-0018,61,0,-0.0127,0.8562
8455-210777-0018,672,0,0.0578,0.7637
8455-210777-0018,6930,0,0.0414,0.7144
8455-210777-0018,7021,0,0.023,0.713
8455-210777-0018,7127,0,0.0812,0.5654
8455-210777-0018,7176,0,0.0383,0.8122
8455-210777-0018,7729,0,0.0322,0.7698
8455-210777-0018,8224,0,0.0668,0.6747
8455-210777-0018,8230,0,-0.1246,0.7121
8455-210777-0018,8455,1,0.1457,0.6413
8455-210777-0018,908,0,0.0433,0.8427
8455-210777-0024,1089,0,0.015,0.6942
8455-210777-0024,1188,0,0.0079,0.7132
8455-210777-0024,1320,0,0.1365,0.7306
8455-210777-0024,2300,0,0.1239,0.7423
8455-210777-0024,260,0,0.1722,0.83
8455-210777-0024,2830,0,-0.0377,0.6431
8455-210777-0024,4077,0,0.2093,0.7775
8455-210777-0024,5105,0,0.0574,0.7566
8455-210777-0024,5639,0,0.0275,0.6751
8455-210777-0024,61,0,0.1129,0.8465
8455-210777-0024,672,0,0.101,0.7581
8455-210777-0024,6930,0,0.0679,0.7173
8455-210777-0024,7021,0,0.0803,0.7796
8455-210777-0024,7127,0,0.1235,0.6455
8455-210777-0024,7176,0,0.0932,0.8209
8455-210777-0024,7729,0,0.0697,0.8058
8455-210777-0024,8224,0,0.0962,0.6381
8455-210777-0024,8230,0,-0.0817,0.6757
8455-210777-0024,8455,1,0.1759,0.7265
8455-210777-0024,908,0,0.0857,0.8555
8455-210777-0033,1089,0,0.0223,0.6874
8455-210777-0033,1188,0,-0.0101,0.7242
8455-210777-0033,1320,0,0.159,0.7467
8455-210777-0033,2300,0,0.16,0.7882
8455-210777-0033,260,0,0.14,0.8312
8455-210777-0033,2830,0,-0.0222,0.657
8455-210777-0033,4077,0,0.1836,0.7773
8455-210777-0033,5105,0,0.0483,0.7688
8455-210777-0033,5639,0,-0.0256,0.6615
8455-210777-0033,61,0,0.0625,0.8388
8455-210777-0033,672,0,0.0852,0.7582
8455-210777-0033,6930,0,0.0917,0.7418
8455-210777-0033,7021,0,0.0616,0.7872
8455-210777-0033,7127,0,0.0682,0.659
8455-210777-0033,7176,0,0.0947,0.7989
8455-210777-0033,7729,0,0.0925,0.8068
8455-210777-0033,8224,0,0.1082,0.6608
8455-210777-0033,8230,0,-0.0515,0.6662
8455-210777-0033,8455,1,0.1447,0.7586
8455-210777-0033,908,0,0.1125,0.8288
8455-210777-0034,1089,0,0.0065,0.656
8455-210777-0034,1188,0,0.0166,0.7091
8455-210777-0034,1320,0,0.0907,0.6713
8455-210777-0034,2300,0,0.1152,0.6225
8455-210777-0034,260,0,0.085,0.8208
8455-210777-0034,2830,0,0.0401,0.6733
8455-210777-0034,4077,0,0.1629,0.7329
8455-210777-0034,5105,0,0.0558,0.7162
8455-210777-0034,5639,0,0.0243,0.7011
8455-210777-0034,61,0,0.0234,0.8323
8455-210777-0034,672,0,0.0522,0.7212
8455-210777-0034,6930,0,0.0877,0.6765
8455-210777-0034,7021,0,0.0519,0.7136
8455-210777-0034,7127,0,0.1055,0.614
8455-210777-0034,7176,0,0.063,0.8064
8455-210777-0034,7729,0,-0.0162,0.8002
8455-210777-0034,8224,0,0.0604,0.596
8455-210777-0034,8230,0,-0.0724,0.6763
8455-210777-0034,8455,1,0.1401,0.6359
8455-210777-0034,908,0,0.1175,0.8262
8455-210777-0040,1089,0,-0.0809,0.6346
8455-210777-0040,1188,0,-0.1041,0.7007
8455-210777-0040,1320,0,0.0882,0.6656
8455-210777-0040,2300,0,0.04,0.6509
8455-210777-0040,260,0,0.0749,0.8045
8455-210777-0040,2830,0,-0.0441,0.6521
8455-210777-0040,4077,0,0.1198,0.7011
8455-210777-0040,5105,0,0.0761,0.6826
8455-210777-0040,5639,0,0.0442,0.652
8455-210777-0040,61,0,0.0065,0.7921
8455-210777-0040,672,0,-0.0026,0.7186
8455-210777-0040,6930,0,0.0918,0.6772
8455-210777-0040,7021,0,-0.0092,0.6924
8455-210777-0040,7127,0,-0.0065,0.5822
8455-210777-0040,7176,0,0.0723,0.7697
8455-210777-0040,7729,0,0.0034,0.7444
8455-210777-0040,8224,0,0.1134,0.6108
8455-210777-0040,8230,0,-0.1394,0.6475
8455-210777-0040,8455,1,0.097,0.6706
8455-210777-0040,908,0,0.0461,0.7866
8455-210777-0041,1089,0,-0.0091,0.6675
8455-210777-0041,1188,0,-0.0267,0.6958
8455-210777-0041,1320,0,0.1221,0.6951
8455-210777-0041,2300,0,0.1049,0.7356
8455-210777-0041,260,0,0.0674,0.7688
8455-210777-0041,2830,0,-0.0067,0.6083
8455-210777-0041,4077,0,0.0825,0.7634
8455-210777-0041,5105,0,0.0704,0.7331
8455-210777-0041,5639,0,0.0178,0.6577
8455-210777-0041,61,0,-0.0077,0.7999
8455-210777-0041,672,0,0.006,0.7109
8455-210777-0041,6930,0,0.0657,0.599
8455-210777-0041,7021,0,0.0438,0.767
8455-210777-0041,7127,0,0.0618,0.6486
8455-210777-0041,7176,0,0.03,0.7577
8455-210777-0041,7729,0,0.0645,0.8273
8455-210777-0041,8224,0,0.0286,0.5952
8455-210777-0041,8230,0,-0.0869,0.6273
8455-210777-0041,8455,1,0.0822,0.6494
8455-210777-0041,908,0,0.0538,0.8159
8455-210777-0046,1089,0,0.0097,0.6517
8455-210777-0046,1188,0,-0.0305,0.7201
8455-210777-0046,1320,0,0.1747,0.6885
8455-210777-0046,2300,0,0.1289,0.7017
8455-210777-0046,260,0,0.1272,0.8072
8455-210777-0046,2830,0,-0.0362,0.6469
8455-210777-0046,4077,0,0.186,0.7409
8455-210777-0046,5105,0,0.0335,0.7047
8455-210777-0046,5639,0,0.0165,0.6552
8455-210777-0046,61,0,0.0317,0.811
8455-210777-0046,672,0,0.1141,0.7189
8455-210777-0046,6930,0,0.1025,0.6563
8455-210777-0046,7021,0,0.0728,0.7232
8455-210777-0046,7127,0,0.1181,0.6157
8455-210777-0046,7176,0,0.0503,0.7819
8455-210777-0046,7729,0,0.0225,0.792
8455-210777-0046,8224,0,0.0814,0.615
8455-210777-0046,8230,0,-0.0788,0.6518
8455-210777-0046,8455,1,0.1715,0.6866
8455-210777-0046,908,0,0.1001,0.7981
8455-210777-0056,1089,0,0.0611,0.6577
8455-210777-0056,1188,0,-0.0744,0.7443
8455-210777-0056,1320,0,0.1753,0.6732
8455-210777-0056,2300,0,0.0924,0.6231
8455-210777-0056,260,0,0.1342,0.8406
8455-210777-0056,2830,0,0.002,0.7022
8455-210777-0056,4077,0,0.1549,0.6979
8455-210777-0056,5105,0,0.0612,0.7167
8455-210777-0056,5639,0,-0.0143,0.6766
8455-210777-0056,61,0,0.0813,0.8592
8455-210777-0056,672,0,0.0389,0.7421
8455-210777-0056,6930,0,0.1597,0.6963
8455-210777-0056,7021,0,0.0567,0.7171
8455-210777-0056,7127,0,0.0411,0.5793
8455-210777-0056,7176,0,0.0948,0.8332
8455-210777-0056,7729,0,0.007,0.7653
8455-210777-0056,8224,0,0.0228,0.6464
8455-210777-0056,8230,0,-0.0818,0.7084
8455-210777-0056,8455,1,0.1149,0.6582
8455-210777-0056,908,0,0.0519,0.8224
8463-287645-0002,121,0,0.097,0.8272
8463-287645-0002,1221,0,-0.0017,0.8582
8463-287645-0002,1284,0,-0.0419,0.7558
8463-287645-0002,1580,0,-0.1011,0.8022
8463-287645-0002,1995,0,-0.1054,0.7868
8463-287645-0002,2094,0,0.0772,0.8462
8463-287645-0002,237,0,-0.0883,0.8354
8463-287645-0002,2961,0,0.097,0.7391
8463-287645-0002,3570,0,-0.0549,0.807
8463-287645-0002,3575,0,-0.0192,0.8045
8463-287645-0002,3729,0,-0.1678,0.8519
8463-287645-0002,4446,0,0.005,0.8151
8463-287645-0002,4507,0,-0.1859,0.8535
8463-287645-0002,4970,0,0.1393,0.8088
8463-287645-0002,4992,0,0.0676,0.8633
8463-287645-0002,5142,0,0.0918,0.8
8463-287645-0002,5683,0,-0.1497,0.8088
8463-287645-0002,6829,0,0.0733,0.8419
8463-287645-0002,8463,1,0.3283,0.873
8463-287645-0002,8555,0,-0.0012,0.8133
8463-287645-0003,121,0,0.1053,0.8271
8463-287645-0003,1221,0,-0.0236,0.878
8463-287645-0003,1284,0,-0.0429,0.7581
8463-287645-0003,1580,0,-0.0534,0.7666
8463-287645-0003,1995,0,-0.0992,0.8269
8463-287645-0003,2094,0,0.0292,0.8702
8463-287645-0003,237,0,-0.0086,0.8427
8463-287645-0003,2961,0,0.1062,0.7338
8463-287645-0003,3570,0,-0.0816,0.7743
8463-287645-0003,3575,0,0.0252,0.773
8463-287645-0003,3729,0,-0.12,0.8712
8463-287645-0003,4446,0,-0.0108,0.8319
8463-287645-0003,4507,0,-0.1282,0.8531
8463-287645-0003,4970,0,0.1098,0.8054
8463-287645-0003,4992,0,0.0833,0.9016
8463-287645-0003,5142,0,-0.014,0.8477
8463-287645-0003,5683,0,-0.0925,0.7872
8463-287645-0003,6829,0,0.1456,0.8758
8463-287645-0003,8463,1,0.3195,0.9146
8463-287645-0003,8555,0,0.0026,0.8187
8463-294825-0010,121,0,0.1826,0.8642
8463-294825-0010,1221,0,0.0246,0.7637
8463-294825-0010,1284,0,-0.0997,0.7366
8463-294825-0010,1580,0,-0.1231,0.7504
8463-294825-0010,1995,0,-0.0876,0.7912
8463-294825-0010,2094,0,0.0243,0.8117
8463-294825-0010,237,0,-0.073,0.7885
8463-294825-0010,2961,0,0.1179,0.8705
8463-294825-0010,3570,0,0.0408,0.8602
8463-294825-0010,3575,0,-0.0752,0.7417
8463-294825-0010,3729,0,-0.0301,0.8196
8463-294825-0010,4446,0,-0.017,0.7566
8463-294825-0010,4507,0,-0.1378,0.794
8463-294825-0010,4970,0,-0.0223,0.6895
8463-294825-0010,4992,0,0.0055,0.7884
8463-294825-0010,5142,0,-0.0034,0.6803
8463-294825-0010,5683,0,-0.133,0.712
8463-294825-0010,6829,0,0.0459,0.7655
8463-294825-0010,8463,1,0.2205,0.8242
8463-294825-0010,8555,0,-0.1192,0.6838
8463-294825-0016,121,0,0.0913,0.862
8463-294825-0016,1221,0,-0.0138,0.8159
8463-294825-0016,1284,0,-0.1386,0.7756
8463-294825-0016,1580,0,-0.0848,0.7686
8463-294825-0016,1995,0,-0.149,0.8012
8463-294825-0016,2094,0,0.0633,0.8428
8463-294825-0016,237,0,-0.1534,0.8107
8463-294825-0016,2961,0,0.1501,0.7956
8463-294825-0016,3570,0,-0.0331,0.7896
8463-294825-0016,3575,0,-0.0586,0.6977
8463-294825-0016,3729,0,-0.1412,0.8738
8463-294825-0016,4446,0,0.0338,0.8216
8463-294825-0016,4507,0,-0.0936,0.815
8463-294825-0016,4970,0,0.0062,0.7017
8463-294825-0016,4992,0,0.0543,0.8582
8463-294825-0016,5142,0,0.0718,0.7616
8463-294825-0016,5683,0,-0.136,0.7439
8463-294825-0016,6829,0,-0.009,0.8134
8463-294825-0016,8463,1,0.289,0.9024
8463-294825-0016,8555,0,0.0101,0.7036
8463-294828-0002,121,0,0.0784,0.7999
8463-294828-0002,1221,0,-0.0509,0.8138
8463-294828-0002,1284,0,-0.0875,0.7543
8463-294828-0002,1580,0,-0.1213,0.755
8463-294828-0002,1995,0,-0.0973,0.7361
8463-294828-0002,2094,0,0.0426,0.8484
8463-294828-0002,237,0,-0.0564,0.7735
8463-294828-0002,2961,0,0.1271,0.732
8463-294828-0002,3570,0,-0.0157,0.7525
8463-294828-0002,3575,0,0.0222,0.7548
8463-294828-0002,3729,0,-0.1389,0.8366
8463-294828-0002,4446,0,-0.0102,0.7987
8463-294828-0002,4507,0,-0.1928,0.8139
8463-294828-0002,4970,0,0.0303,0.7705
8463-294828-0002,4992,0,0.0181,0.8202
8463-294828-0002,5142,0,-0.033,0.7606
8463-294828-0002,5683,0,-0.0651,0.7607
8463-294828-0002,6829,0,0.0579,0.8418
8463-294828-0002,8463,1,0.2938,0.8524
8463-294828-0002,8555,0,-0.0496,0.7134
8463-294828-0010,121,0,0.0423,0.8631
8463-294828-0010,1221,0,-0.0282,0.7952
8463-294828-0010,1284,0,-0.0485,0.7667
8463-294828-0010,1580,0,-0.1226,0.7702
8463-294828-0010,1995,0,-0.1618,0.774
8463-294828-0010,2094,0,-0.0083,0.8516
8463-294828-0010,237,0,0.015,0.8046
8463-294828-0010,2961,0,0.1167,0.8182
8463-294828-0010,3570,0,-0.0355,0.827
8463-294828-0010,3575,0,0.0207,0.7617
8463-294828-0010,3729,0,-0.1219,0.8607
8463-294828-0010,4446,0,0.0151,0.7989
8463-294828-0010,4507,0,-0.2056,0.8261
8463-294828-0010,4970,0,0.0711,0.7248
8463-294828-0010,4992,0,0.0857,0.816
8463-294828-0010,5142,0,0.0021,0.7136
8463-294828-0010,5683,0,-0.1481,0.7612
8463-294828-0010,6829,0,0.1003,0.8199
8463-294828-0010,8463,1,0.3504,0.8509
8463-294828-0010,8555,0,-0.0777,0.6852
8463-294828-0012,121,0,0.1736,0.8295
8463-294828-0012,1221,0,0.0073,0.8106
8463-294828-0012,1284,0,-0.0804,0.7827
8463-294828-0012,1580,0,-0.1083,0.7867
8463-294828-0012,1995,0,-0.1123,0.8246
8463-294828-0012,2094,0,-0.0594,0.8736
8463-294828-0012,237,0,-0.0609,0.8292
8463-294828-0012,2961,0,0.1205,0.7693
8463-294828-0012,3570,0,-0.0632,0.7859
8463-294828-0012,3575,0,0.0219,0.7951
8463-294828-0012,3729,0,-0.113,0.8192
8463-294828-0012,4446,0,0.0009,0.7947
8463-294828-0012,4507,0,-0.2135,0.7929
8463-294828-0012,4970,0,0.0977,0.7619
8463-294828-0012,4992,0,0.0447,0.84
8463-294828-0012,5142,0,-0.0676,0.7447
8463-294828-0012,5683,0,-0.0523,0.7782
8463-294828-0012,6829,0,0.0896,0.8144
8463-294828-0012,8463,1,0.2581,0.8721
8463-294828-0012,8555,0,-0.0923,0.7341
8463-294828-0014,121,0,0.124,0.8398
8463-294828-0014,1221,0,-0.0125,0.7773
8463-294828-0014,1284,0,-0.0936,0.7746
8463-294828-0014,1580,0,-0.123,0.7432
8463-294828-0014,1995,0,-0.0674,0.7819
8463-294828-0014,2094,0,0.0566,0.8195
8463-294828-0014,237,0,-0.0484,0.789
8463-294828-0014,2961,0,0.1982,0.8177
8463-294828-0014,3570,0,0.0038,0.8042
8463-294828-0014,3575,0,-0.0288,0.671
8463-294828-0014,3729,0,-0.1186,0.838
8463-294828-0014,4446,0,-0.0391,0.8032
8463-294828-0014,4507,0,-0.1501,0.7715
8463-294828-0014,4970,0,0.039,0.6631
8463-294828-0014,4992,0,0.0649,0.8128
8463-294828-0014,5142,0,-0.0224,0.7042
8463-294828-0014,5683,0,-0.1604,0.7006
8463-294828-0014,6829,0,0.1012,0.7714
8463-294828-0014,8463,1,0.2476,0.8528
8463-294828-0014,8555,0,-0.0771,0.6559
8463-294828-0031,121,0,0.1058,0.8545
8463-294828-0031,1221,0,-0.0053,0.8002
8463-294828-0031,1284,0,-0.0793,0.7415
8463-294828-0031,1580,0,-0.1132,0.7659
8463-294828-0031,1995,0,-0.1271,0.7648
8463-294828-0031,2094,0,-0.0433,0.8022
8463-294828-0031,237,0,-0.0446,0.826
8463-294828-0031,2961,0,0.0867,0.8168
8463-294828-0031,3570,0,-0.0454,0.8595
8463-294828-0031,3575,0,-0.0466,0.7575
8463-294828-0031,3729,0,-0.0995,0.8498
8463-294828-0031,4446,0,-0.0587,0.7876
8463-294828-0031,4507,0,-0.1538,0.826
8463-294828-0031,4970,0,0.0575,0.7415
8463-294828-0031,4992,0,0.0214,0.808
8463-294828-0031,5142,0,-0.0066,0.7184
8463-294828-0031,5683,0,-0.1029,0.7575
8463-294828-0031,6829,0,0.0971,0.7869
8463-294828-0031,8463,1,0.2658,0.8432
8463-294828-0031,8555,0,-0.0737,0.7233
8463-294828-0036,121,0,0.1111,0.7947
8463-294828-0036,1221,0,-0.0503,0.7576
8463-294828-0036,1284,0,-0.1254,0.6625
8463-294828-0036,1580,0,-0.1442,0.7342
8463-294828-0036,1995,0,-0.1462,0.6813
8463-294828-0036,2094,0,-0.0803,0.7662
8463-294828-0036,237,0,-0.0773,0.7639
8463-294828-0036,2961,0,0.0475,0.7406
8463-294828-0036,3570,0,-0.0831,0.8279
8463-294828-0036,3575,0,-0.0547,0.7968
8463-294828-0036,3729,0,-0.1073,0.7935
8463-294828-0036,4446,0,-0.0572,0.7144
8463-294828-0036,4507,0,-0.1766,0.8105
8463-294828-0036,4970,0,0.0921,0.758
8463-294828-0036,4992,0,0.0058,0.7505
8463-294828-0036,5142,0,-0.0693,0.6747
8463-294828-0036,5683,0,-0.153,0.7449
8463-294828-0036,6829,0,0.0517,0.7661
8463-294828-0036,8463,1,0.2853,0.7654
8463-294828-0036,8555,0,-0.0941,0.716
8555-284447-0002,121,0,0.0183,0.8182
8555-284447-0002,1221,0,-0.0662,0.7026
8555-284447-0002,1284,0,-0.0998,0.7454
8555-284447-0002,1580,0,-0.1624,0.7884
8555-284447-0002,1995,0,-0.2056,0.8055
8555-284447-0002,2094,0,-0.0165,0.8208
8555-284447-0002,237,0,-0.0496,0.8049
8555-284447-0002,2961,0,-0.0202,0.7945
8555-284447-0002,3570,0,-0.1536,0.791
8555-284447-0002,3575,0,-0.037,0.7861
8555-284447-0002,3729,0,-0.2046,0.719
8555-284447-0002,4446,0,-0.1675,0.701
8555-284447-0002,4507,0,-0.222,0.7272
8555-284447-0002,4970,0,-0.0305,0.6275
8555-284447-0002,4992,0,-0.08,0.7212
8555-284447-0002,5142,0,0.0393,0.5651
8555-284447-0002,5683,0,-0.0677,0.7324
8555-284447-0002,6829,0,0.1741,0.7003
8555-284447-0002,8463,0,-0.0421,0.708
8555-284447-0002,8555,1,0.0777,0.616
8555-284447-0014,121,0,0.07,0.726
8555-284447-0014,1221,0,0.0731,0.8164
8555-284447-0014,1284,0,-0.0584,0.6555
8555-284447-0014,1580,0,-0.125,0.7164
8555-284447-0014,1995,0,-0.0692,0.6934
8555-284447-0014,2094,0,-0.0059,0.7711
8555-284447-0014,237,0,0.0001,0.7672
8555-284447-0014,2961,0,-0.0185,0.6576
8555-284447-0014,3570,0,-0.0806,0.7781
8555-284447-0014,3575,0,0.0081,0.8793
8555-284447-0014,3729,0,-0.1538,0.7763
8555-284447-0014,4446,0,-0.0696,0.707
8555-284447-0014,4507,0,-0.2428,0.8447
8555-284447-0014,4970,0,0.098,0.8895
8555-284447-0014,4992,0,0.0498,0.7621
8555-284447-0014,5142,0,0.0429,0.764
8555-284447-0014,5683,0,-0.0351,0.81
8555-284447-0014,6829,0,0.1842,0.8408
8555-284447-0014,8463,0,0.0823,0.7367
8555-284447-0014,8555,1,0.1607,0.8253
8555-284447-0017,121,0,0.0993,0.7578
8555-284447-0017,1221,0,-0.003,0.8407
8555-284447-0017,1284,0,-0.0764,0.7184
8555-284447-0017,1580,0,-0.1283,0.7659
8555-284447-0017,1995,0,-0.112,0.7229
8555-284447-0017,2094,0,0.0319,0.8244
8555-284447-0017,237,0,0.0297,0.8121
8555-284447-0017,2961,0,0.0326,0.6558
8555-284447-0017,3570,0,-0.0814,0.7756
8555-284447-0017,3575,0,0.0995,0.8572
8555-284447-0017,3729,0,-0.2076,0.8169
8555-284447-0017,4446,0,-0.1282,0.7716
8555-284447-0017,4507,0,-0.2774,0.8568
8555-284447-0017,4970,0,0.085,0.8669
8555-284447-0017,4992,0,-0.0012,0.8044
8555-284447-0017,5142,0,0.0002,0.7748
8555-284447-0017,5683,0,-0.0565,0.826
8555-284447-0017,6829,0,0.2332,0.8523
8555-284447-0017,8463,0,0.0126,0.7765
8555-284447-0017,8555,1,0.1444,0.8088
8555-284447-0024,121,0,0.0873,0.7581
8555-284447-0024,1221,0,0.0477,0.8834
8555-284447-0024,1284,0,-0.0375,0.7475
8555-284447-0024,1580,0,-0.085,0.8151
8555-284447-0024,1995,0,-0.0645,0.7157
8555-284447-0024,2094,0,0.1022,0.8009
8555-284447-0024,237,0,-0.0027,0.8726
8555-284447-0024,2961,0,0.0545,0.6574
8555-284447-0024,3570,0,-0.0691,0.7975
8555-284447-0024,3575,0,0.0624,0.8231
8555-284447-0024,3729,0,-0.1376,0.8238
8555-284447-0024,4446,0,-0.0608,0.7972
8555-284447-0024,4507,0,-0.1409,0.8622
8555-284447-0024,4970,0,0.0625,0.8298
8555-284447-0024,4992,0,0.0063,0.7963
8555-284447-0024,5142,0,0.036,0.7458
8555-284447-0024,5683,0,0.0946,0.8616
8555-284447-0024,6829,0,0.2748,0.8295
8555-284447-0024,8463,0,0.0369,0.7376
8555-284447-0024,8555,1,0.196,0.7991
8555-284449-0004,121,0,0.0739,0.7809
8555-284449-0004,1221,0,0.0306,0.8303
8555-284449-0004,1284,0,-0.0202,0.7259
8555-284449-0004,1580,0,-0.0981,0.7602
8555-284449-0004,1995,0,-0.1422,0.7202
8555-284449-0004,2094,0,0.0074,0.82
8555-284449-0004,237,0,0.0869,0.8099
8555-284449-0004,2961,0,0.0288,0.7249
8555-284449-0004,3570,0,-0.1215,0.8193
8555-284449-0004,3575,0,0.076,0.8467
8555-284449-0004,3729,0,-0.1814,0.8155
8555-284449-0004,4446,0,-0.1075,0.7552
8555-284449-0004,4507,0,-0.2385,0.8563
8555-284449-0004,4970,0,0.0684,0.8383
8555-284449-0004,4992,0,0.051,0.7823
8555-284449-0004,5142,0,0.0751,0.7424
8555-284449-0004,5683,0,0.0125,0.8053
8555-284449-0004,6829,0,0.2803,0.8548
8555-284449-0004,8463,0,0.0777,0.77
8555-284449-0004,8555,1,0.092,0.7619
8555-284449-0019,121,0,0.1071,0.6638
8555-284449-0019,1221,0,0.0592,0.7641
8555-284449-0019,1284,0,-0.0676,0.5908
8555-284449-0019,1580,0,-0.0372,0.6433
8555-284449-0019,1995,0,-0.0768,0.6121
8555-284449-0019,2094,0,0.0321,0.6689
8555-284449-0019,237,0,-0.0129,0.6923
8555-284449-0019,2961,0,0.034,0.598
8555-284449-0019,3570,0,-0.0195,0.7314
8555-284449-0019,3575,0,0.1252,0.8093
8555-284449-0019,3729,0,-0.1653,0.7329
8555-284449-0019,4446,0,-0.0757,0.6535
8555-284449-0019,4507,0,-0.2282,0.8077
8555-284449-0019,4970,0,0.0553,0.8715
8555-284449-0019,4992,0,0.0565,0.6997
8555-284449-0019,5142,0,0.0209,0.7541
8555-284449-0019,5683,0,-0.0267,0.7563
8555-284449-0019,6829,0,0.2648,0.7668
8555-284449-0019,8463,0,0.0483,0.6899
8555-284449-0019,8555,1,0.1628,0.8227
8555-284449-0020,121,0,0.048,0.7429
8555-284449-0020,1221,0,0.0119,0.7693
8555-284449-0020,1284,0,-0.0824,0.6341
8555-284449-0020,1580,0,-0.09,0.7078
8555-284449-0020,1995,0,-0.1359,0.6407
8555-284449-0020,2094,0,-0.0733,0.7357
8555-284449-0020,237,0,-0.0075,0.7514
8555-284449-0020,2961,0,0.0409,0.6759
8555-284449-0020,3570,0,-0.0226,0.8167
8555-284449-0020,3575,0,0.1012,0.8251
8555-284449-0020,3729,0,-0.1691,0.7835
8555-284449-0020,4446,0,-0.0664,0.6958
8555-284449-0020,4507,0,-0.2351,0.8226
8555-284449-0020,4970,0,0.1266,0.8042
8555-284449-0020,4992,0,0.0846,0.7235
8555-284449-0020,5142,0,0.0162,0.6738
8555-284449-0020,5683,0,-0.0684,0.7613
8555-284449-0020,6829,0,0.2817,0.7806
8555-284449-0020,8463,0,0.0341,0.6975
8555-284449-0020,8555,1,0.1449,0.7365
8555-292519-0005,121,0,0.1185,0.8097
8555-292519-0005,1221,0,0.0739,0.8845
8555-292519-0005,1284,0,0.0077,0.7384
8555-292519-0005,1580,0,-0.0439,0.7713
8555-292519-0005,1995,0,-0.0243,0.756
8555-292519-0005,2094,0,0.077,0.8231
8555-292519-0005,237,0,-0.0911,0.8085
8555-292519-0005,2961,0,-0.0411,0.7249
8555-292519-0005,3570,0,0.0251,0.8025
8555-292519-0005,3575,0,-0.0446,0.7853
8555-292519-0005,3729,0,-0.1353,0.8752
8555-292519-0005,4446,0,-0.0264,0.8201
8555-292519-0005,4507,0,-0.1559,0.9051
8555-292519-0005,4970,0,0.0632,0.8374
8555-292519-0005,4992,0,0.1184,0.8573
8555-292519-0005,5142,0,0.014,0.8453
8555-292519-0005,5683,0,-0.0686,0.8092
8555-292519-0005,6829,0,0.2365,0.8809
8555-292519-0005,8463,0,0.0542,0.8492
8555-292519-0005,8555,1,0.1845,0.8421
8555-292519-0007,121,0,0.0798,0.8174
8555-292519-0007,1221,0,0.0094,0.8789
8555-292519-0007,1284,0,-0.0498,0.7438
8555-292519-0007,1580,0,-0.1049,0.7868
8555-292519-0007,1995,0,-0.0455,0.7397
8555-292519-0007,2094,0,0.154,0.8462
8555-292519-0007,237,0,-0.059,0.8212
8555-292519-0007,2961,0,-0.1076,0.7278
8555-292519-0007,3570,0,-0.045,0.8304
8555-292519-0007,3575,0,0.0045,0.8252
8555-292519-0007,3729,0,-0.1833,0.8729
8555-292519-0007,4446,0,-0.0825,0.8087
8555-292519-0007,4507,0,-0.1489,0.9006
8555-292519-0007,4970,0,-0.0107,0.8289
8555-292519-0007,4992,0,0.0013,0.8361
8555-292519-0007,5142,0,0.0277,0.7811
8555-292519-0007,5683,0,-0.0048,0.8187
8555-292519-0007,6829,0,0.2361,0.8877
8555-292519-0007,8463,0,-0.0243,0.8027
8555-292519-0007,8555,1,0.1593,0.7875
8555-292519-0013,121,0,0.1367,0.8096
8555-292519-0013,1221,0,0.0632,0.8391
8555-292519-0013,1284,0,-0.023,0.7149
8555-292519-0013,1580,0,-0.0402,0.7269
8555-292519-0013,1995,0,-0.1573,0.8154
8555-292519-0013,2094,0,0.0252,0.8012
8555-292519-0013,237,0,-0.003,0.8118
8555-292519-0013,2961,0,0.0085,0.7715
8555-292519-0013,3570,0,-0.0107,0.8208
8555-292519-0013,3575,0,0.0509,0.7306
8555-292519-0013,3729,0,-0.1474,0.8476
8555-292519-0013,4446,0,-0.0481,0.7864
8555-292519-0013,4507,0,-0.1853,0.8677
8555-292519-0013,4970,0,0.0276,0.7703
8555-292519-0013,4992,0,0.0691,0.8507
8555-292519-0013,5142,0,0.0014,0.8262
8555-292519-0013,5683,0,-0.022,0.7511
8555-292519-0013,6829,0,0.2769,0.8333
8555-292519-0013,8463,0,0.0224,0.8494
8555-292519-0013,8555,1,0.187,0.8322
908-157963-0009,1089,0,-0.0092,0.6842
908-157963-0009,1188,0,-0.0267,0.7334
908-157963-0009,1320,0,0.0749,0.6377
908-157963-0009,2300,0,0.1042,0.5375
908-157963-0009,260,0,0.0255,0.7806
908-157963-0009,2830,0,-0.0236,0.6888
908-157963-0009,4077,0,0.1797,0.7255
908-157963-0009,5105,0,-0.0041,0.7178
908-157963-0009,5639,0,-0.0113,0.8112
908-157963-0009,61,0,0.0654,0.8233
908-157963-0009,672,0,0.0341,0.7665
908-157963-0009,6930,0,0.0411,0.6191
908-157963-0009,7021,0,0.0549,0.6873
908-157963-0009,7127,0,0.0477,0.598
908-157963-0009,7176,0,0.0962,0.7719
908-157963-0009,7729,0,0.082,0.8372
908-157963-0009,8224,0,0.0622,0.7065
908-157963-0009,8230,0,-0.1256,0.7051
908-157963-0009,8455,0,0.0556,0.5717
908-157963-0009,908,1,0.1787,0.8328
908-157963-0010,1089,0,-0.0115,0.5987
908-157963-0010,1188,0,-0.0217,0.642
908-157963-0010,1320,0,0.036,0.5721
908-157963-0010,2300,0,0.0387,0.5964
908-157963-0010,260,0,0.0491,0.6936
908-157963-0010,2830,0,0.0278,0.5929
908-157963-0010,4077,0,0.0184,0.6409
908-157963-0010,5105,0,-0.0427,0.6162
908-157963-0010,5639,0,-0.1409,0.6256
908-157963-0010,61,0,-0.1035,0.7563
908-157963-0010,672,0,0.06,0.6398
908-157963-0010,6930,0,0.0676,0.5103
908-157963-0010,7021,0,-0.0055,0.6514
908-157963-0010,7127,0,0.0979,0.5316
908-157963-0010,7176,0,0.0512,0.6987
908-157963-0010,7729,0,0.0998,0.7692
908-157963-0010,8224,0,0.0409,0.5276
908-157963-0010,8230,0,-0.1014,0.6104
908-157963-0010,8455,0,0.0084,0.5084
908-157963-0010,908,1,0.1632,0.7536
908-157963-0011,1089,0,-0.0653,0.6094
908-157963-0011,1188,0,-0.022,0.666
908-157963-0011,1320,0,0.0411,0.6115
908-157963-0011,2300,0,0.0542,0.6226
908-157963-0011,260,0,0.0502,0.706
908-157963-0011,2830,0,-0.0294,0.6329
908-157963-0011,4077,0,0.0416,0.6687
908-157963-0011,5105,0,-0.0349,0.6493
908-157963-0011,5639,0,-0.1101,0.6377
908-157963-0011,61,0,0.032,0.7657
908-157963-0011,672,0,0.0428,0.6498
908-157963-0011,6930,0,0.0829,0.54
908-157963-0011,7021,0,-0.0182,0.6616
908-157963-0011,7127,0,0.0394,0.5824
908-157963-0011,7176,0,0.1181,0.7137
908-157963-0011,7729,0,0.1337,0.7869
908-157963-0011,8224,0,0.0223,0.5388
908-157963-0011,8230,0,-0.1556,0.6253
908-157963-0011,8455,0,-0.0479,0.5448
908-157963-0011,908,1,0.1861,0.7411
908-157963-0015,1089,0,-0.0199,0.5897
908-157963-0015,1188,0,-0.0173,0.6377
908-157963-0015,1320,0,-0.0283,0.564
908-157963-0015,2300,0,0.009,0.5488
908-157963-0015,260,0,-0.001,0.6936
908-157963-0015,2830,0,-0.038,0.6054
908-157963-0015,4077,0,0.044,0.6079
908-157963-0015,5105,0,-0.017,0.615
908-157963-0015,5639,0,-0.1054,0.6271
908-157963-0015,61,0,-0.0475,0.7553
908-157963-0015,672,0,0.0145,0.6431
908-157963-0015,6930,0,0.0721,0.5305
908-157963-0015,7021,0,0.0215,0.638
908-157963-0015,7127,0,0.0576,0.5094
908-157963-0015,7176,0,0.0712,0.7107
908-157963-0015,7729,0,0.0629,0.7316
908-157963-0015,8224,0,0.0032,0.5422
908-157963-0015,8230,0,-0.0685,0.6253
908-157963-0015,8455,0,-0.005,0.4984
908-157963-0015,908,1,0.1375,0.7504
908-157963-0016,1089,0,-0.1085,0.6347
908-157963-0016,1188,0,-0.0604,0.7113
908-157963-0016,1320,0,-0.0224,0.6202
908-157963-0016,2300,0,0.0888,0.5673
908-157963-0016,260,0,-0.0622,0.7886
908-157963-0016,2830,0,-0.053,0.6897
908-157963-0016,4077,0,0.0116,0.6492
908-157963-0016,5105,0,-0.0821,0.6762
908-157963-0016,5639,0,-0.1521,0.6973
908-157963-0016,61,0,-0.0322,0.8274
908-157963-0016,672,0,0.0132,0.7112
908-157963-0016,6930,0,0.0515,0.659
908-157963-0016,7021,0,-0.0436,0.6713
908-157963-0016,7127,0,0.035,0.5382
908-157963-0016,7176,0,0.0495,0.7761
908-157963-0016,7729,0,0.0308,0.7749
908-157963-0016,8224,0,-0.0063,0.6414
908-157963-0016,8230,0,-0.1509,0.6948
908-157963-0016,8455,0,-0.0067,0.5834
908-157963-0016,908,1,0.1714,0.8041
908-157963-0023,1089,0,-0.0334,0.5968
908-157963-0023,1188,0,-0.0358,0.6257
908-157963-0023,1320,0,0.0245,0.5568
908-157963-0023,2300,0,0.033,0.5519
908-157963-0023,260,0,-0.0331,0.6774
908-157963-0023,2830,0,-0.0347,0.5899
908-157963-0023,4077,0,0.0571,0.6409
908-157963-0023,5105,0,0.0222,0.6146
908-157963-0023,5639,0,-0.111,0.6583
908-157963-0023,61,0,-0.0436,0.751
908-157963-0023,672,0,-0.0213,0.6396
908-157963-0023,6930,0,0.045,0.5081
908-157963-0023,7021,0,0.0544,0.6345
908-157963-0023,7127,0,0.0907,0.5293
908-157963-0023,7176,0,0.0664,0.6999
908-157963-0023,7729,0,0.0984,0.7755
908-157963-0023,8224,0,0.0236,0.5415
908-157963-0023,8230,0,-0.1384,0.6128
908-157963-0023,8455,0,-0.0329,0.4792
908-157963-0023,908,1,0.1437,0.7554
908-157963-0025,1089,0,-0.0015,0.6113
908-157963-0025,1188,0,-0.0068,0.6375
908-157963-0025,1320,0,0.0257,0.5727
908-157963-0025,2300,0,0.0746,0.5725
908-157963-0025,260,0,0.113,0.6809
908-157963-0025,2830,0,0.0347,0.6017
908-157963-0025,4077,0,0.0913,0.6284
908-157963-0025,5105,0,-0.0267,0.6194
908-157963-0025,5639,0,-0.0745,0.6586
908-157963-0025,61,0,-0.008,0.7409
908-157963-0025,672,0,0.0594,0.6575
908-157963-0025,6930,0,0.0364,0.5255
908-157963-0025,7021,0,0.0462,0.6395
908-157963-0025,7127,0,0.128,0.5308
908-157963-0025,7176,0,0.0944,0.6846
908-157963-0025,7729,0,0.1089,0.7537
908-157963-0025,8224,0,0.009,0.5676
908-157963-0025,8230,0,-0.1245,0.6227
908-157963-0025,8455,0,0.0169,0.5036
908-157963-0025,908,1,0.151,0.7486
908-31957-0005,1089,0,-0.0794,0.7043
908-31957-0005,1188,0,-0.0131,0.7672
908-31957-0005,1320,0,-0.0061,0.6495
908-31957-0005,2300,0,0.097,0.5887
908-31957-0005,260,0,-0.0502,0.7801
908-31957-0005,2830,0,-0.0476,0.742
908-31957-0005,4077,0,0.0631,0.6839
908-31957-0005,5105,0,-0.1041,0.7189
908-31957-0005,5639,0,-0.0475,0.7425
908-31957-0005,61,0,0.15,0.8476
908-31957-0005,672,0,0.0538,0.741
908-31957-0005,6930,0,0.0703,0.6168
908-31957-0005,7021,0,-0.0495,0.7057
908-31957-0005,7127,0,0.0003,0.6198
908-31957-0005,7176,0,0.0577,0.7855
908-31957-0005,7729,0,0.0131,0.8474
908-31957-0005,8224,0,-0.0427,0.6323
908-31957-0005,8230,0,0.0042,0.7567
908-31957-0005,8455,0,-0.0359,0.5732
908-31957-0005,908,1,0.1116,0.8068
908-31957-0022,1089,0,-0.0931,0.6405
908-31957-0022,1188,0,-0.0888,0.6828
908-31957-0022,1320,0,0.0595,0.5933
908-31957-0022,2300,0,0.0384,0.5352
908-31957-0022,260,0,0.0763,0.7389
908-31957-0022,2830,0,-0.07,0.6455
908-31957-0022,4077,0,0.0424,0.6342
908-31957-0022,5105,0,0.0211,0.6554
908-31957-0022,5639,0,-0.072,0.7079
908-31957-0022,61,0,0.0774,0.7859
908-31957-0022,672,0,0.1208,0.7084
908-31957-0022,6930,0,0.1604,0.5763
908-31957-0022,7021,0,0.0681,0.6641
908-31957-0022,7127,0,-0.0437,0.5283
908-31957-0022,7176,0,0.1414,0.7359
908-31957-0022,7729,0,0.0765,0.7672
908-31957-0022,8224,0,0.021,0.6153
908-31957-0022,8230,0,-0.0847,0.6762
908-31957-0022,8455,0,-0.0354,0.5272
908-31957-0022,908,1,0.2216,0.8016
908-31957-0024,1089,0,-0.1201,0.5613
908-31957-0024,1188,0,-0.0624,0.6095
908-31957-0024,1320,0,0.0641,0.5116
908-31957-0024,2300,0,0.0505,0.4278
908-31957-0024,260,0,0.0929,0.6826
908-31957-0024,2830,0,-0.0103,0.5974
908-31957-0024,4077,0,0.0544,0.5505
908-31957-0024,5105,0,0.0046,0.5629
908-31957-0024,5639,0,-0.0083,0.6446
908-31957-0024,61,0,0.0692,0.7226
908-31957-0024,672,0,0.1104,0.6474
908-31957-0024,6930,0,0.1132,0.5491
908-31957-0024,7021,0,0.0124,0.5635
908-31957-0024,7127,0,-0.0193,0.435
908-31957-0024,7176,0,0.1481,0.6997
908-31957-0024,7729,0,0.0655,0.6445
908-31957-0024,8224,0,-0.0072,0.5741
908-31957-0024,8230,0,-0.1132,0.6218
908-31957-0024,8455,0,0.0111,0.4662
908-31957-0024,908,1,0.1425,0.7268
