trial,model_spk,target,ecapa,wavlm
1089-134686-0006,1089,1,0.8317,0.9814
1089-134686-0006,1188,0,0.2778,0.9011
1089-134686-0006,1320,0,0.2674,0.8755
1089-134686-0006,2300,0,0.1559,0.7254
1089-134686-0006,260,0,0.0962,0.8539
1089-134686-0006,2830,0,0.2765,0.7975
1089-134686-0006,4077,0,0.1662,0.8506
1089-134686-0006,5105,0,0.2061,0.8712
1089-134686-0006,5639,0,0.2893,0.8416
1089-134686-0006,61,0,0.1396,0.8245
1089-134686-0006,672,0,0.1579,0.9356
1089-134686-0006,6930,0,0.0281,0.7631
1089-134686-0006,7021,0,0.1604,0.8614
1089-134686-0006,7127,0,0.2508,0.8512
1089-134686-0006,7176,0,0.1901,0.8229
1089-134686-0006,7729,0,0.1815,0.8721
1089-134686-0006,8224,0,0.0673,0.7481
1089-134686-0006,8230,0,0.3911,0.8898
1089-134686-0006,8455,0,0.1696,0.831
1089-134686-0006,908,0,0.0021,0.891
1089-134686-0007,1089,1,0.7981,0.9713
1089-134686-0007,1188,0,0.2435,0.8808
1089-134686-0007,1320,0,0.1481,0.8971
1089-134686-0007,2300,0,0.1055,0.7469
1089-134686-0007,260,0,0.0556,0.8037
1089-134686-0007,2830,0,0.3191,0.8068
1089-134686-0007,4077,0,0.1678,0.8285
1089-134686-0007,5105,0,0.1851,0.9009
1089-134686-0007,5639,0,0.3477,0.8025
1089-134686-0007,61,0,0.1535,0.7841
1089-134686-0007,672,0,0.1525,0.8978
1089-134686-0007,6930,0,0.0085,0.732
1089-134686-0007,7021,0,0.1779,0.8981
1089-134686-0007,7127,0,0.2635,0.9027
1089-134686-0007,7176,0,0.2353,0.7697
1089-134686-0007,7729,0,0.2104,0.8792
1089-134686-0007,8224,0,0.1106,0.6741
1089-134686-0007,8230,0,0.4089,0.844
1089-134686-0007,8455,0,0.0829,0.7896
1089-134686-0007,908,0,0.0899,0.8748
1089-134686-0010,1089,1,0.6935,0.941
1089-134686-0010,1188,0,0.253,0.841
1089-134686-0010,1320,0,0.3391,0.8839
1089-134686-0010,2300,0,0.221,0.7988
1089-134686-0010,260,0,0.2017,0.8111
1089-134686-0010,2830,0,0.1899,0.7365
1089-134686-0010,4077,0,0.2089,0.7539
1089-134686-0010,5105,0,0.2076,0.8821
1089-134686-0010,5639,0,0.1265,0.7218
1089-134686-0010,61,0,0.2886,0.7847
1089-134686-0010,672,0,0.2341,0.9125
1089-134686-0010,6930,0,0.0512,0.7552
1089-134686-0010,7021,0,0.1728,0.9314
1089-134686-0010,7127,0,0.2944,0.7845
1089-134686-0010,7176,0,0.1426,0.7487
1089-134686-0010,7729,0,0.183,0.8014
1089-134686-0010,8224,0,0.0587,0.6898
1089-134686-0010,8230,0,0.2716,0.8192
1089-134686-0010,8455,0,0.1666,0.8209
1089-134686-0010,908,0,0.0674,0.8952
1089-134686-0012,1089,1,0.8271,0.9825
1089-134686-0012,1188,0,0.3104,0.9295
1089-134686-0012,1320,0,0.2783,0.9003
1089-134686-0012,2300,0,0.0921,0.7111
1089-134686-0012,260,0,0.0804,0.8534
1089-134686-0012,2830,0,0.2997,0.8558
1089-134686-0012,4077,0,0.2375,0.8035
1089-134686-0012,5105,0,0.2966,0.9085
1089-134686-0012,5639,0,0.3627,0.8309
1089-134686-0012,61,0,0.1839,0.8258
1089-134686-0012,672,0,0.1798,0.9333
1089-134686-0012,6930,0,0.0608,0.7735
1089-134686-0012,7021,0,0.2427,0.8887
1089-134686-0012,7127,0,0.2254,0.8722
1089-134686-0012,7176,0,0.2717,0.8228
1089-134686-0012,7729,0,0.2472,0.8541
1089-134686-0012,8224,0,0.1066,0.7347
1089-134686-0012,8230,0,0.4526,0.9161
1089-134686-0012,8455,0,0.1921,0.8153
1089-134686-0012,908,0,0.1058,0.88
1089-134686-0021,1089,1,0.8135,0.9836
1089-134686-0021,1188,0,0.3361,0.8934
1089-134686-0021,1320,0,0.3022,0.9193
1089-134686-0021,2300,0,0.1655,0.7834
1089-134686-0021,260,0,0.2583,0.8647
1089-134686-0021,2830,0,0.3762,0.819
1089-134686-0021,4077,0,0.26,0.8302
1089-134686-0021,5105,0,0.3119,0.9154
1089-134686-0021,5639,0,0.2066,0.7908
1089-134686-0021,61,0,0.2499,0.8562
1089-134686-0021,672,0,0.2531,0.9349
1089-134686-0021,6930,0,0.0807,0.8133
1089-134686-0021,7021,0,0.2932,0.9221
1089-134686-0021,7127,0,0.2412,0.8593
1089-134686-0021,7176,0,0.1971,0.8286
1089-134686-0021,7729,0,0.2579,0.873
1089-134686-0021,8224,0,0.0706,0.7104
1089-134686-0021,8230,0,0.3835,0.8891
1089-134686-0021,8455,0,0.1847,0.8491
1089-134686-0021,908,0,0.0574,0.9199
1089-134686-0026,1089,1,0.8524,0.9687
1089-134686-0026,1188,0,0.2785,0.8622
1089-134686-0026,1320,0,0.1811,0.8709
1089-134686-0026,2300,0,0.1484,0.7698
1089-134686-0026,260,0,0.1759,0.7993
1089-134686-0026,2830,0,0.2903,0.7676
1089-134686-0026,4077,0,0.1919,0.7924
1089-134686-0026,5105,0,0.1699,0.8687
1089-134686-0026,5639,0,0.1964,0.7642
1089-134686-0026,61,0,0.1533,0.7866
1089-134686-0026,672,0,0.0783,0.899
1089-134686-0026,6930,0,0.0232,0.7077
1089-134686-0026,7021,0,0.183,0.8996
1089-134686-0026,7127,0,0.3744,0.8415
1089-134686-0026,7176,0,0.1381,0.7593
1089-134686-0026,7729,0,0.1487,0.8496
1089-134686-0026,8224,0,0.0672,0.6635
1089-134686-0026,8230,0,0.4323,0.8415
1089-134686-0026,8455,0,0.2838,0.7845
1089-134686-0026,908,0,0.0823,0.8786
1089-134686-0031,1089,1,0.8605,0.9611
1089-134686-0031,1188,0,0.2703,0.8668
1089-134686-0031,1320,0,0.1728,0.846
1089-134686-0031,2300,0,0.1244,0.6495
1089-134686-0031,260,0,0.0743,0.8215
1089-134686-0031,2830,0,0.3009,0.7684
1089-134686-0031,4077,0,0.2238,0.7716
1089-134686-0031,5105,0,0.1734,0.8467
1089-134686-0031,5639,0,0.3285,0.8123
1089-134686-0031,61,0,0.1873,0.797
1089-134686-0031,672,0,0.2052,0.9354
1089-134686-0031,6930,0,-0.0198,0.7557
1089-134686-0031,7021,0,0.1262,0.8295
1089-134686-0031,7127,0,0.2295,0.7831
1089-134686-0031,7176,0,0.2077,0.7993
1089-134686-0031,7729,0,0.2096,0.789
1089-134686-0031,8224,0,0.0289,0.7631
1089-134686-0031,8230,0,0.4936,0.8846
1089-134686-0031,8455,0,0.1285,0.7967
1089-134686-0031,908,0,0.0397,0.8765
1089-134691-0002,1089,1,0.8652,0.9846
1089-134691-0002,1188,0,0.246,0.8731
1089-134691-0002,1320,0,0.181,0.9166
1089-134691-0002,2300,0,0.0546,0.7931
1089-134691-0002,260,0,0.1089,0.8419
1089-134691-0002,2830,0,0.2606,0.7793
1089-134691-0002,4077,0,0.2125,0.8865
1089-134691-0002,5105,0,0.1508,0.8996
1089-134691-0002,5639,0,0.1868,0.7919
1089-134691-0002,61,0,0.0385,0.8101
1089-134691-0002,672,0,0.1788,0.9216
1089-134691-0002,6930,0,-0.0106,0.7595
1089-134691-0002,7021,0,0.1157,0.9029
1089-134691-0002,7127,0,0.3245,0.9098
1089-134691-0002,7176,0,0.1215,0.7999
1089-134691-0002,7729,0,0.1486,0.8711
1089-134691-0002,8224,0,0.0121,0.671
1089-134691-0002,8230,0,0.3659,0.845
1089-134691-0002,8455,0,0.2831,0.8555
1089-134691-0002,908,0,0.0748,0.889
1089-134691-0008,1089,1,0.9235,0.9942
1089-134691-0008,1188,0,0.295,0.8939
1089-134691-0008,1320,0,0.2741,0.9035
1089-134691-0008,2300,0,0.096,0.7309
1089-134691-0008,260,0,0.1912,0.8615
1089-134691-0008,2830,0,0.345,0.8302
1089-134691-0008,4077,0,0.191,0.8423
1089-134691-0008,5105,0,0.2073,0.9025
1089-134691-0008,5639,0,0.2363,0.8161
1089-134691-0008,61,0,0.145,0.8419
1089-134691-0008,672,0,0.2214,0.9377
1089-134691-0008,6930,0,0.0245,0.8033
1089-134691-0008,7021,0,0.1765,0.8856
1089-134691-0008,7127,0,0.287,0.879
1089-134691-0008,7176,0,0.1401,0.8296
1089-134691-0008,7729,0,0.2177,0.847
1089-134691-0008,8224,0,0.0524,0.7094
1089-134691-0008,8230,0,0.4362,0.9051
1089-134691-0008,8455,0,0.1698,0.8356
1089-134691-0008,908,0,0.0661,0.8937
1089-134691-0022,1089,1,0.86,0.985
1089-134691-0022,1188,0,0.2127,0.876
1089-134691-0022,1320,0,0.1667,0.9216
1089-134691-0022,2300,0,0.1233,0.7808
1089-134691-0022,260,0,0.0927,0.8338
1089-134691-0022,2830,0,0.3047,0.8003
1089-134691-0022,4077,0,0.2465,0.8691
1089-134691-0022,5105,0,0.2529,0.9144
1089-134691-0022,5639,0,0.1671,0.7914
1089-134691-0022,61,0,0.1814,0.815
1089-134691-0022,672,0,0.1085,0.9155
1089-134691-0022,6930,0,-0.0092,0.7874
1089-134691-0022,7021,0,0.2079,0.8993
1089-134691-0022,7127,0,0.3187,0.9172
1089-134691-0022,7176,0,0.231,0.8097
1089-134691-0022,7729,0,0.1766,0.8554
1089-134691-0022,8224,0,0.0261,0.6967
1089-134691-0022,8230,0,0.5111,0.8699
1089-134691-0022,8455,0,0.2273,0.8521
1089-134691-0022,908,0,0.0306,0.8715
1188-133604-0003,1089,0,0.2781,0.9201
1188-133604-0003,1188,1,0.9229,0.987
1188-133604-0003,1320,0,0.1825,0.9099
1188-133604-0003,2300,0,0.1287,0.718
1188-133604-0003,260,0,0.0873,0.8781
1188-133604-0003,2830,0,0.3887,0.9304
1188-133604-0003,4077,0,0.0534,0.7741
1188-133604-0003,5105,0,0.1836,0.9262
1188-133604-0003,5639,0,0.143,0.7814
1188-133604-0003,61,0,0.2566,0.8281
1188-133604-0003,672,0,0.1311,0.875
1188-133604-0003,6930,0,-0.1233,0.7509
1188-133604-0003,7021,0,0.266,0.8956
1188-133604-0003,7127,0,0.271,0.896
1188-133604-0003,7176,0,0.0997,0.829
1188-133604-0003,7729,0,0.2235,0.8562
1188-133604-0003,8224,0,-0.0274,0.7001
1188-133604-0003,8230,0,0.3096,0.8998
1188-133604-0003,8455,0,0.0503,0.791
1188-133604-0003,908,0,0.0872,0.84
1188-133604-0004,1089,0,0.2723,0.9069
1188-133604-0004,1188,1,0.8882,0.9932
1188-133604-0004,1320,0,0.1421,0.8714
1188-133604-0004,2300,0,0.1812,0.6464
1188-133604-0004,260,0,0.1081,0.8951
1188-133604-0004,2830,0,0.3794,0.9376
1188-133604-0004,4077,0,0.0788,0.776
1188-133604-0004,5105,0,0.192,0.902
1188-133604-0004,5639,0,0.1546,0.8234
1188-133604-0004,61,0,0.2509,0.8481
1188-133604-0004,672,0,0.1036,0.8817
1188-133604-0004,6930,0,-0.1133,0.7427
1188-133604-0004,7021,0,0.2792,0.8504
1188-133604-0004,7127,0,0.2672,0.8634
1188-133604-0004,7176,0,0.1388,0.8582
1188-133604-0004,7729,0,0.2311,0.848
1188-133604-0004,8224,0,-0.0261,0.733
1188-133604-0004,8230,0,0.3279,0.924
1188-133604-0004,8455,0,-0.0522,0.7664
1188-133604-0004,908,0,0.0576,0.8354
1188-133604-0007,1089,0,0.2416,0.907
1188-133604-0007,1188,1,0.9006,0.9946
1188-133604-0007,1320,0,0.1721,0.8747
1188-133604-0007,2300,0,0.1693,0.6457
1188-133604-0007,260,0,0.0982,0.9148
1188-133604-0007,2830,0,0.4394,0.9589
1188-133604-0007,4077,0,0.1276,0.7871
1188-133604-0007,5105,0,0.1462,0.9092
1188-133604-0007,5639,0,0.1153,0.8285
1188-133604-0007,61,0,0.3033,0.8783
1188-133604-0007,672,0,0.1301,0.8826
1188-133604-0007,6930,0,-0.1193,0.7783
1188-133604-0007,7021,0,0.1915,0.848
1188-133604-0007,7127,0,0.1924,0.8671
1188-133604-0007,7176,0,0.1803,0.8849
1188-133604-0007,7729,0,0.2923,0.8625
1188-133604-0007,8224,0,-0.0099,0.7312
1188-133604-0007,8230,0,0.2754,0.9364
1188-133604-0007,8455,0,0.0333,0.7702
1188-133604-0007,908,0,0.0739,0.8484
1188-133604-0012,1089,0,0.2527,0.9034
1188-133604-0012,1188,1,0.9226,0.9941
1188-133604-0012,1320,0,0.1715,0.8832
1188-133604-0012,2300,0,0.1705,0.6632
1188-133604-0012,260,0,0.0438,0.912
1188-133604-0012,2830,0,0.4445,0.9371
1188-133604-0012,4077,0,0.0387,0.7815
1188-133604-0012,5105,0,0.1465,0.9039
1188-133604-0012,5639,0,0.077,0.8034
1188-133604-0012,61,0,0.2564,0.8549
1188-133604-0012,672,0,0.1887,0.8849
1188-133604-0012,6930,0,-0.1545,0.782
1188-133604-0012,7021,0,0.1233,0.8524
1188-133604-0012,7127,0,0.214,0.8595
1188-133604-0012,7176,0,0.1333,0.8741
1188-133604-0012,7729,0,0.2187,0.8389
1188-133604-0012,8224,0,-0.0106,0.7283
1188-133604-0012,8230,0,0.2647,0.9228
1188-133604-0012,8455,0,0.0635,0.8016
1188-133604-0012,908,0,0.0828,0.8379
1188-133604-0014,1089,0,0.2512,0.9024
1188-133604-0014,1188,1,0.8589,0.9772
1188-133604-0014,1320,0,0.1102,0.8852
1188-133604-0014,2300,0,0.0372,0.6537
1188-133604-0014,260,0,0.0179,0.8703
1188-133604-0014,2830,0,0.4327,0.9445
1188-133604-0014,4077,0,0.0288,0.7781
1188-133604-0014,5105,0,0.0447,0.9071
1188-133604-0014,5639,0,0.0525,0.7969
1188-133604-0014,61,0,0.0924,0.8064
1188-133604-0014,672,0,0.1162,0.8535
1188-133604-0014,6930,0,-0.1737,0.7476
1188-133604-0014,7021,0,0.103,0.8568
1188-133604-0014,7127,0,0.1926,0.9004
1188-133604-0014,7176,0,0.0808,0.815
1188-133604-0014,7729,0,0.1884,0.8551
1188-133604-0014,8224,0,-0.0441,0.6651
1188-133604-0014,8230,0,0.151,0.8847
1188-133604-0014,8455,0,0.1173,0.7614
1188-133604-0014,908,0,0.0465,0.8193
1188-133604-0018,1089,0,0.3405,0.8993
1188-133604-0018,1188,1,0.8892,0.9895
1188-133604-0018,1320,0,0.1801,0.8543
1188-133604-0018,2300,0,0.1345,0.6088
1188-133604-0018,260,0,0.0623,0.8982
1188-133604-0018,2830,0,0.4779,0.9597
1188-133604-0018,4077,0,0.118,0.7644
1188-133604-0018,5105,0,0.1454,0.8916
1188-133604-0018,5639,0,0.1513,0.8268
1188-133604-0018,61,0,0.2297,0.8567
1188-133604-0018,672,0,0.1418,0.8707
1188-133604-0018,6930,0,-0.0868,0.781
1188-133604-0018,7021,0,0.106,0.8227
1188-133604-0018,7127,0,0.2199,0.8516
1188-133604-0018,7176,0,0.2105,0.8761
1188-133604-0018,7729,0,0.2737,0.8398
1188-133604-0018,8224,0,-0.048,0.733
1188-133604-0018,8230,0,0.2463,0.9409
1188-133604-0018,8455,0,0.1225,0.76
1188-133604-0018,908,0,0.0449,0.8244
1188-133604-0025,1089,0,0.1993,0.9137
1188-133604-0025,1188,1,0.8123,0.9783
1188-133604-0025,1320,0,0.1965,0.8999
1188-133604-0025,2300,0,0.1472,0.7157
1188-133604-0025,260,0,0.0937,0.8966
1188-133604-0025,2830,0,0.3819,0.9132
1188-133604-0025,4077,0,0.0273,0.7876
1188-133604-0025,5105,0,0.1972,0.9206
1188-133604-0025,5639,0,0.0819,0.7648
1188-133604-0025,61,0,0.2111,0.8461
1188-133604-0025,672,0,0.1576,0.8698
1188-133604-0025,6930,0,-0.1055,0.7721
1188-133604-0025,7021,0,0.0736,0.895
1188-133604-0025,7127,0,0.2378,0.8765
1188-133604-0025,7176,0,0.1064,0.8554
1188-133604-0025,7729,0,0.1501,0.8573
1188-133604-0025,8224,0,-0.0077,0.6867
1188-133604-0025,8230,0,0.1904,0.8989
1188-133604-0025,8455,0,0.0248,0.8067
1188-133604-0025,908,0,0.0278,0.8508
1188-133604-0032,1089,0,0.339,0.912
1188-133604-0032,1188,1,0.904,0.9887
1188-133604-0032,1320,0,0.1979,0.8986
1188-133604-0032,2300,0,0.1461,0.6734
1188-133604-0032,260,0,0.0712,0.8791
1188-133604-0032,2830,0,0.4198,0.9408
1188-133604-0032,4077,0,0.0353,0.7795
1188-133604-0032,5105,0,0.192,0.9266
1188-133604-0032,5639,0,0.1745,0.8074
1188-133604-0032,61,0,0.2776,0.8323
1188-133604-0032,672,0,0.2303,0.8723
1188-133604-0032,6930,0,-0.1336,0.7595
1188-133604-0032,7021,0,0.1986,0.872
1188-133604-0032,7127,0,0.2926,0.8954
1188-133604-0032,7176,0,0.1285,0.8424
1188-133604-0032,7729,0,0.2272,0.8501
1188-133604-0032,8224,0,-0.0171,0.7207
1188-133604-0032,8230,0,0.3394,0.9125
1188-133604-0032,8455,0,0.0707,0.7804
1188-133604-0032,908,0,0.027,0.8285
1188-133604-0033,1089,0,0.217,0.8909
1188-133604-0033,1188,1,0.8702,0.9622
1188-133604-0033,1320,0,0.2017,0.9004
1188-133604-0033,2300,0,0.2171,0.7194
1188-133604-0033,260,0,0.0979,0.852
1188-133604-0033,2830,0,0.4144,0.9185
1188-133604-0033,4077,0,0.1081,0.7693
1188-133604-0033,5105,0,0.1522,0.9323
1188-133604-0033,5639,0,0.1151,0.7548
1188-133604-0033,61,0,0.237,0.8066
1188-133604-0033,672,0,0.1458,0.8321
1188-133604-0033,6930,0,-0.1223,0.7343
1188-133604-0033,7021,0,0.1996,0.8992
1188-133604-0033,7127,0,0.2875,0.9104
1188-133604-0033,7176,0,0.129,0.803
1188-133604-0033,7729,0,0.2456,0.8611
1188-133604-0033,8224,0,-0.0048,0.6592
1188-133604-0033,8230,0,0.2051,0.8617
1188-133604-0033,8455,0,0.1199,0.7638
1188-133604-0033,908,0,0.0217,0.8143
1188-133604-0043,1089,0,0.2291,0.9234
1188-133604-0043,1188,1,0.8278,0.9678
1188-133604-0043,1320,0,0.1959,0.9166
1188-133604-0043,2300,0,0.096,0.712
1188-133604-0043,260,0,0.1033,0.87
1188-133604-0043,2830,0,0.4035,0.9007
1188-133604-0043,4077,0,0.0729,0.7876
1188-133604-0043,5105,0,0.1518,0.9228
1188-133604-0043,5639,0,0.0911,0.7839
1188-133604-0043,61,0,0.1527,0.7914
1188-133604-0043,672,0,0.1424,0.8759
1188-133604-0043,6930,0,-0.1521,0.7634
1188-133604-0043,7021,0,0.0654,0.8883
1188-133604-0043,7127,0,0.2571,0.9029
1188-133604-0043,7176,0,0.1089,0.8015
1188-133604-0043,7729,0,0.1498,0.8404
1188-133604-0043,8224,0,0.0222,0.695
1188-133604-0043,8230,0,0.1468,0.87
1188-133604-0043,8455,0,0.0859,0.8121
1188-133604-0043,908,0,0.0144,0.8324
121-121726-0002,121,1,0.5253,0.9629
121-121726-0002,1221,0,0.2184,0.7764
121-121726-0002,1284,0,0.1454,0.7364
121-121726-0002,1580,0,0.0372,0.7507
121-121726-0002,1995,0,0.1278,0.8625
121-121726-0002,2094,0,0.1088,0.8104
121-121726-0002,237,0,0.0736,0.7893
121-121726-0002,2961,0,0.1192,0.9296
121-121726-0002,3570,0,0.0885,0.8889
121-121726-0002,3575,0,0.1866,0.6917
121-121726-0002,3729,0,0.1348,0.8949
121-121726-0002,4446,0,0.1282,0.7803
121-121726-0002,4507,0,0.1539,0.832
121-121726-0002,4970,0,-0.061,0.5852
121-121726-0002,4992,0,0.0207,0.8338
121-121726-0002,5142,0,-0.1279,0.675
121-121726-0002,5683,0,0.1357,0.7088
121-121726-0002,6829,0,0.0185,0.7514
121-121726-0002,8463,0,0.2707,0.8331
121-121726-0002,8555,0,-0.0515,0.6746
121-121726-0004,121,1,0.6416,0.9145
121-121726-0004,1221,0,0.0721,0.8044
121-121726-0004,1284,0,-0.0219,0.7712
121-121726-0004,1580,0,-0.0487,0.7534
121-121726-0004,1995,0,0.185,0.8413
121-121726-0004,2094,0,0.0725,0.8618
121-121726-0004,237,0,0.126,0.777
121-121726-0004,2961,0,0.0201,0.7735
121-121726-0004,3570,0,0.0553,0.7549
121-121726-0004,3575,0,0.1792,0.7248
121-121726-0004,3729,0,0.1133,0.8912
121-121726-0004,4446,0,0.0007,0.8049
121-121726-0004,4507,0,0.1343,0.8084
121-121726-0004,4970,0,-0.0717,0.6411
121-121726-0004,4992,0,0.0026,0.8573
121-121726-0004,5142,0,-0.1351,0.7299
121-121726-0004,5683,0,0.056,0.7573
121-121726-0004,6829,0,0.0485,0.7732
121-121726-0004,8463,0,0.0839,0.849
121-121726-0004,8555,0,0.005,0.6949
121-121726-0007,121,1,0.5631,0.9684
121-121726-0007,1221,0,0.0895,0.842
121-121726-0007,1284,0,0.0834,0.7995
121-121726-0007,1580,0,-0.0082,0.821
121-121726-0007,1995,0,0.2042,0.8338
121-121726-0007,2094,0,0.1038,0.8433
121-121726-0007,237,0,0.1326,0.843
121-121726-0007,2961,0,0.127,0.9069
121-121726-0007,3570,0,0.2107,0.9226
121-121726-0007,3575,0,0.1217,0.737
121-121726-0007,3729,0,0.0583,0.9407
121-121726-0007,4446,0,0.0781,0.8468
121-121726-0007,4507,0,0.1427,0.8955
121-121726-0007,4970,0,0.0596,0.6592
121-121726-0007,4992,0,-0.0032,0.8541
121-121726-0007,5142,0,-0.0805,0.7214
121-121726-0007,5683,0,0.0192,0.7881
121-121726-0007,6829,0,0.147,0.8112
121-121726-0007,8463,0,0.1004,0.8334
121-121726-0007,8555,0,0.0509,0.7202
121-121726-0010,121,1,0.7385,0.966
121-121726-0010,1221,0,0.1929,0.9008
121-121726-0010,1284,0,0.0776,0.8473
121-121726-0010,1580,0,0.0818,0.9008
121-121726-0010,1995,0,0.1277,0.8545
121-121726-0010,2094,0,0.1934,0.9223
121-121726-0010,237,0,0.179,0.8817
121-121726-0010,2961,0,0.0272,0.8223
121-121726-0010,3570,0,0.1188,0.8597
121-121726-0010,3575,0,0.2527,0.816
121-121726-0010,3729,0,0.2132,0.9641
121-121726-0010,4446,0,0.0525,0.9001
121-121726-0010,4507,0,0.2501,0.9223
121-121726-0010,4970,0,-0.0486,0.7325
121-121726-0010,4992,0,0.0825,0.9164
121-121726-0010,5142,0,-0.1548,0.7785
121-121726-0010,5683,0,0.1754,0.8782
121-121726-0010,6829,0,0.2228,0.8645
121-121726-0010,8463,0,0.1,0.8758
121-121726-0010,8555,0,-0.0303,0.7773
121-121726-0012,121,1,0.7012,0.9244
121-121726-0012,1221,0,0.1598,0.8862
121-121726-0012,1284,0,-0.0099,0.8349
121-121726-0012,1580,0,0.1091,0.8864
121-121726-0012,1995,0,-0.0198,0.7865
121-121726-0012,2094,0,0.1056,0.8771
121-121726-0012,237,0,0.2014,0.8576
121-121726-0012,2961,0,0.1014,0.7832
121-121726-0012,3570,0,0.1501,0.8674
121-121726-0012,3575,0,0.0865,0.7781
121-121726-0012,3729,0,0.1933,0.9375
121-121726-0012,4446,0,0.1625,0.8893
121-121726-0012,4507,0,0.237,0.9263
121-121726-0012,4970,0,-0.0523,0.724
121-121726-0012,4992,0,0.0404,0.8635
121-121726-0012,5142,0,-0.0564,0.7549
121-121726-0012,5683,0,0.0724,0.8484
121-121726-0012,6829,0,0.1954,0.8491
121-121726-0012,8463,0,0.1076,0.8301
121-121726-0012,8555,0,0.0168,0.7501
121-127105-0003,121,1,0.8539,0.9822
121-127105-0003,1221,0,0.1691,0.8306
121-127105-0003,1284,0,-0.0626,0.8064
121-127105-0003,1580,0,0.0134,0.8538
121-127105-0003,1995,0,0.0749,0.8935
121-127105-0003,2094,0,0.0435,0.8599
121-127105-0003,237,0,0.089,0.8449
121-127105-0003,2961,0,0.0425,0.874
121-127105-0003,3570,0,0.0754,0.8767
121-127105-0003,3575,0,0.1389,0.7615
121-127105-0003,3729,0,0.1441,0.9096
121-127105-0003,4446,0,0.0935,0.8339
121-127105-0003,4507,0,0.0673,0.8596
121-127105-0003,4970,0,-0.1381,0.6306
121-127105-0003,4992,0,0.0812,0.8759
121-127105-0003,5142,0,-0.2133,0.6963
121-127105-0003,5683,0,0.0688,0.8053
121-127105-0003,6829,0,0.0511,0.7668
121-127105-0003,8463,0,0.0734,0.8465
121-127105-0003,8555,0,-0.0536,0.7249
121-127105-0006,121,1,0.8213,0.9633
121-127105-0006,1221,0,0.201,0.9024
121-127105-0006,1284,0,0.0198,0.8535
121-127105-0006,1580,0,0.0552,0.8743
121-127105-0006,1995,0,0.1612,0.8918
121-127105-0006,2094,0,0.1075,0.9052
121-127105-0006,237,0,0.1559,0.8858
121-127105-0006,2961,0,0.1295,0.8414
121-127105-0006,3570,0,0.0748,0.8404
121-127105-0006,3575,0,0.1481,0.718
121-127105-0006,3729,0,0.1225,0.9561
121-127105-0006,4446,0,0.0817,0.9118
121-127105-0006,4507,0,0.0606,0.8856
121-127105-0006,4970,0,-0.0805,0.6673
121-127105-0006,4992,0,0.0657,0.9351
121-127105-0006,5142,0,-0.152,0.7793
121-127105-0006,5683,0,0.0914,0.8297
121-127105-0006,6829,0,0.12,0.8438
121-127105-0006,8463,0,0.0029,0.9034
121-127105-0006,8555,0,-0.111,0.7457
121-127105-0020,121,1,0.8702,0.9871
121-127105-0020,1221,0,0.1573,0.8451
121-127105-0020,1284,0,-0.0369,0.7921
121-127105-0020,1580,0,-0.1001,0.8512
121-127105-0020,1995,0,0.065,0.8546
121-127105-0020,2094,0,-0.024,0.8545
121-127105-0020,237,0,0.1398,0.8691
121-127105-0020,2961,0,0.053,0.897
121-127105-0020,3570,0,0.0623,0.9453
121-127105-0020,3575,0,0.1145,0.7987
121-127105-0020,3729,0,0.0756,0.9301
121-127105-0020,4446,0,-0.0006,0.8316
121-127105-0020,4507,0,0.0579,0.9024
121-127105-0020,4970,0,-0.1383,0.6772
121-127105-0020,4992,0,-0.0275,0.8541
121-127105-0020,5142,0,-0.142,0.7023
121-127105-0020,5683,0,0.0747,0.8288
121-127105-0020,6829,0,0.0469,0.7913
121-127105-0020,8463,0,-0.0256,0.8177
121-127105-0020,8555,0,-0.0407,0.7496
121-127105-0023,121,1,0.87,0.9836
121-127105-0023,1221,0,0.1089,0.8176
121-127105-0023,1284,0,-0.0466,0.8087
121-127105-0023,1580,0,0.0516,0.8395
121-127105-0023,1995,0,0.118,0.8629
121-127105-0023,2094,0,0.0599,0.8721
121-127105-0023,237,0,0.1403,0.8396
121-127105-0023,2961,0,0.0847,0.9068
121-127105-0023,3570,0,0.165,0.8907
121-127105-0023,3575,0,0.0917,0.7025
121-127105-0023,3729,0,0.2119,0.9327
121-127105-0023,4446,0,-0.0009,0.8488
121-127105-0023,4507,0,0.2629,0.8605
121-127105-0023,4970,0,-0.2167,0.5865
121-127105-0023,4992,0,0.0831,0.8688
121-127105-0023,5142,0,-0.2355,0.6785
121-127105-0023,5683,0,0.0124,0.7704
121-127105-0023,6829,0,0.1084,0.7819
121-127105-0023,8463,0,0.0725,0.8449
121-127105-0023,8555,0,-0.0355,0.6663
121-127105-0036,121,1,0.582,0.9729
121-127105-0036,1221,0,0.0684,0.7805
121-127105-0036,1284,0,-0.0406,0.755
121-127105-0036,1580,0,-0.0729,0.7903
121-127105-0036,1995,0,0.1013,0.8583
121-127105-0036,2094,0,0.0468,0.8382
121-127105-0036,237,0,-0.0461,0.8281
121-127105-0036,2961,0,0.1146,0.92
121-127105-0036,3570,0,0.0865,0.9236
121-127105-0036,3575,0,0.0384,0.7154
121-127105-0036,3729,0,0.013,0.8936
121-127105-0036,4446,0,0.0161,0.7906
121-127105-0036,4507,0,0.0803,0.8438
121-127105-0036,4970,0,-0.0938,0.581
121-127105-0036,4992,0,-0.0118,0.8304
121-127105-0036,5142,0,-0.2023,0.6535
121-127105-0036,5683,0,-0.0241,0.7352
121-127105-0036,6829,0,0.0329,0.7505
121-127105-0036,8463,0,0.1172,0.8144
121-127105-0036,8555,0,-0.0065,0.6696
1221-135766-0002,121,0,0.1461,0.8246
1221-135766-0002,1221,1,0.8952,0.9881
1221-135766-0002,1284,0,0.1783,0.8852
1221-135766-0002,1580,0,0.2531,0.9105
1221-135766-0002,1995,0,0.0956,0.8264
1221-135766-0002,2094,0,0.211,0.8991
1221-135766-0002,237,0,0.2492,0.9102
1221-135766-0002,2961,0,0.0036,0.651
1221-135766-0002,3570,0,0.1083,0.7477
1221-135766-0002,3575,0,0.204,0.7845
1221-135766-0002,3729,0,0.2702,0.9062
1221-135766-0002,4446,0,0.2306,0.9404
1221-135766-0002,4507,0,0.1858,0.8987
1221-135766-0002,4970,0,-0.0347,0.8185
1221-135766-0002,4992,0,0.4089,0.9375
1221-135766-0002,5142,0,0.0947,0.8711
1221-135766-0002,5683,0,0.2375,0.9072
1221-135766-0002,6829,0,0.1683,0.9042
1221-135766-0002,8463,0,0.1957,0.8791
1221-135766-0002,8555,0,0.1082,0.8576
1221-135766-0009,121,0,0.1405,0.829
1221-135766-0009,1221,1,0.9214,0.9924
1221-135766-0009,1284,0,0.2637,0.8848
1221-135766-0009,1580,0,0.3545,0.8896
1221-135766-0009,1995,0,0.127,0.8452
1221-135766-0009,2094,0,0.2105,0.911
1221-135766-0009,237,0,0.2175,0.9137
1221-135766-0009,2961,0,0.0534,0.6706
1221-135766-0009,3570,0,0.2168,0.7371
1221-135766-0009,3575,0,0.1606,0.7466
1221-135766-0009,3729,0,0.2253,0.9231
1221-135766-0009,4446,0,0.2842,0.9523
1221-135766-0009,4507,0,0.2223,0.9083
1221-135766-0009,4970,0,0.0465,0.8134
1221-135766-0009,4992,0,0.4081,0.9622
1221-135766-0009,5142,0,0.1399,0.9143
1221-135766-0009,5683,0,0.3156,0.8903
1221-135766-0009,6829,0,0.1423,0.9329
1221-135766-0009,8463,0,0.1908,0.9119
1221-135766-0009,8555,0,0.0849,0.8617
1221-135767-0001,121,0,0.1128,0.8503
1221-135767-0001,1221,1,0.8958,0.9907
1221-135767-0001,1284,0,0.2311,0.9038
1221-135767-0001,1580,0,0.3386,0.9204
1221-135767-0001,1995,0,0.0987,0.8426
1221-135767-0001,2094,0,0.1663,0.9111
1221-135767-0001,237,0,0.2257,0.9136
1221-135767-0001,2961,0,-0.0815,0.6808
1221-135767-0001,3570,0,0.1384,0.7536
1221-135767-0001,3575,0,0.1579,0.7637
1221-135767-0001,3729,0,0.2035,0.927
1221-135767-0001,4446,0,0.2124,0.9556
1221-135767-0001,4507,0,0.1869,0.9148
1221-135767-0001,4970,0,-0.0948,0.8009
1221-135767-0001,4992,0,0.3488,0.9528
1221-135767-0001,5142,0,0.0522,0.8823
1221-135767-0001,5683,0,0.3318,0.907
1221-135767-0001,6829,0,0.0764,0.9102
1221-135767-0001,8463,0,0.1327,0.9014
1221-135767-0001,8555,0,0.1368,0.8518
1221-135767-0005,121,0,0.1684,0.8042
1221-135767-0005,1221,1,0.8316,0.9839
1221-135767-0005,1284,0,0.1631,0.8876
1221-135767-0005,1580,0,0.2321,0.9019
1221-135767-0005,1995,0,0.0906,0.8184
1221-135767-0005,2094,0,0.0983,0.8815
1221-135767-0005,237,0,0.2516,0.9115
1221-135767-0005,2961,0,-0.0122,0.6268
1221-135767-0005,3570,0,0.1986,0.726
1221-135767-0005,3575,0,0.1169,0.7623
1221-135767-0005,3729,0,0.2474,0.8975
1221-135767-0005,4446,0,0.163,0.9384
1221-135767-0005,4507,0,0.1888,0.8977
1221-135767-0005,4970,0,-0.11,0.8203
1221-135767-0005,4992,0,0.2551,0.9271
1221-135767-0005,5142,0,0.1276,0.8787
1221-135767-0005,5683,0,0.2697,0.9064
1221-135767-0005,6829,0,0.0338,0.8934
1221-135767-0005,8463,0,0.1395,0.867
1221-135767-0005,8555,0,0.095,0.8582
1221-135767-0007,121,0,0.1413,0.8361
1221-135767-0007,1221,1,0.9179,0.9911
1221-135767-0007,1284,0,0.2432,0.8993
1221-135767-0007,1580,0,0.3313,0.9064
1221-135767-0007,1995,0,0.0538,0.8297
1221-135767-0007,2094,0,0.1575,0.9093
1221-135767-0007,237,0,0.3233,0.9153
1221-135767-0007,2961,0,-0.0206,0.6685
1221-135767-0007,3570,0,0.1646,0.7525
1221-135767-0007,3575,0,0.1865,0.7676
1221-135767-0007,3729,0,0.247,0.924
1221-135767-0007,4446,0,0.23,0.955
1221-135767-0007,4507,0,0.1922,0.9094
1221-135767-0007,4970,0,-0.0609,0.8141
1221-135767-0007,4992,0,0.3612,0.9457
1221-135767-0007,5142,0,0.0942,0.8801
1221-135767-0007,5683,0,0.3417,0.8998
1221-135767-0007,6829,0,0.1417,0.9241
1221-135767-0007,8463,0,0.1594,0.8937
1221-135767-0007,8555,0,0.1063,0.8386
1221-135767-0009,121,0,0.0683,0.7863
1221-135767-0009,1221,1,0.9296,0.9871
1221-135767-0009,1284,0,0.2671,0.8936
1221-135767-0009,1580,0,0.2899,0.8804
1221-135767-0009,1995,0,0.0854,0.808
1221-135767-0009,2094,0,0.22,0.8985
1221-135767-0009,237,0,0.2867,0.8899
1221-135767-0009,2961,0,0.0252,0.6207
1221-135767-0009,3570,0,0.1493,0.6894
1221-135767-0009,3575,0,0.0846,0.7265
1221-135767-0009,3729,0,0.2372,0.9032
1221-135767-0009,4446,0,0.2934,0.9476
1221-135767-0009,4507,0,0.1926,0.8951
1221-135767-0009,4970,0,-0.0016,0.8124
1221-135767-0009,4992,0,0.3895,0.9403
1221-135767-0009,5142,0,0.1831,0.9098
1221-135767-0009,5683,0,0.2652,0.8818
1221-135767-0009,6829,0,0.171,0.9316
1221-135767-0009,8463,0,0.1861,0.8844
1221-135767-0009,8555,0,0.0812,0.8401
1221-135767-0010,121,0,0.1366,0.8288
1221-135767-0010,1221,1,0.8994,0.9935
1221-135767-0010,1284,0,0.2442,0.886
1221-135767-0010,1580,0,0.2891,0.9095
1221-135767-0010,1995,0,0.1374,0.8199
1221-135767-0010,2094,0,0.1735,0.8973
1221-135767-0010,237,0,0.2292,0.9041
1221-135767-0010,2961,0,0.0497,0.6552
1221-135767-0010,3570,0,0.2497,0.7374
1221-135767-0010,3575,0,0.2254,0.7691
1221-135767-0010,3729,0,0.2669,0.9178
1221-135767-0010,4446,0,0.2569,0.9478
1221-135767-0010,4507,0,0.1852,0.9143
1221-135767-0010,4970,0,-0.0799,0.8198
1221-135767-0010,4992,0,0.3909,0.9436
1221-135767-0010,5142,0,0.1353,0.8869
1221-135767-0010,5683,0,0.292,0.9028
1221-135767-0010,6829,0,0.0949,0.9163
1221-135767-0010,8463,0,0.1917,0.8903
1221-135767-0010,8555,0,0.1521,0.8554
1221-135767-0013,121,0,0.0685,0.8626
1221-135767-0013,1221,1,0.8834,0.9836
1221-135767-0013,1284,0,0.1737,0.9088
1221-135767-0013,1580,0,0.3728,0.9482
1221-135767-0013,1995,0,0.1261,0.8355
1221-135767-0013,2094,0,0.1748,0.9205
1221-135767-0013,237,0,0.2745,0.9118
1221-135767-0013,2961,0,-0.0437,0.7057
1221-135767-0013,3570,0,0.1611,0.7881
1221-135767-0013,3575,0,0.1936,0.8144
1221-135767-0013,3729,0,0.23,0.9281
1221-135767-0013,4446,0,0.245,0.9479
1221-135767-0013,4507,0,0.1037,0.929
1221-135767-0013,4970,0,0.0023,0.8215
1221-135767-0013,4992,0,0.3877,0.9367
1221-135767-0013,5142,0,0.0917,0.8649
1221-135767-0013,5683,0,0.2947,0.9314
1221-135767-0013,6829,0,0.1486,0.9105
1221-135767-0013,8463,0,0.1556,0.8798
1221-135767-0013,8555,0,0.1005,0.8611
1221-135767-0018,121,0,0.0266,0.8121
1221-135767-0018,1221,1,0.8897,0.9871
1221-135767-0018,1284,0,0.292,0.9083
1221-135767-0018,1580,0,0.323,0.9007
1221-135767-0018,1995,0,0.0656,0.834
1221-135767-0018,2094,0,0.2164,0.9113
1221-135767-0018,237,0,0.2223,0.905
1221-135767-0018,2961,0,0.0511,0.6605
1221-135767-0018,3570,0,0.1173,0.7171
1221-135767-0018,3575,0,0.1156,0.7284
1221-135767-0018,3729,0,0.2214,0.9114
1221-135767-0018,4446,0,0.2641,0.9613
1221-135767-0018,4507,0,0.2013,0.8882
1221-135767-0018,4970,0,0.037,0.7917
1221-135767-0018,4992,0,0.3855,0.9521
1221-135767-0018,5142,0,0.1232,0.8899
1221-135767-0018,5683,0,0.334,0.8814
1221-135767-0018,6829,0,0.1486,0.9294
1221-135767-0018,8463,0,0.2205,0.8974
1221-135767-0018,8555,0,0.0835,0.8259
1221-135767-0022,121,0,0.1102,0.8145
1221-135767-0022,1221,1,0.9231,0.9916
1221-135767-0022,1284,0,0.2956,0.8875
1221-135767-0022,1580,0,0.2681,0.8896
1221-135767-0022,1995,0,0.1527,0.834
1221-135767-0022,2094,0,0.1934,0.902
1221-135767-0022,237,0,0.2643,0.9024
1221-135767-0022,2961,0,0.0086,0.65
1221-135767-0022,3570,0,0.1886,0.7226
1221-135767-0022,3575,0,0.1988,0.7432
1221-135767-0022,3729,0,0.1932,0.9148
1221-135767-0022,4446,0,0.1914,0.9429
1221-135767-0022,4507,0,0.1564,0.9074
1221-135767-0022,4970,0,-0.051,0.8076
1221-135767-0022,4992,0,0.4075,0.9503
1221-135767-0022,5142,0,0.1584,0.9049
1221-135767-0022,5683,0,0.2684,0.8892
1221-135767-0022,6829,0,0.1048,0.9234
1221-135767-0022,8463,0,0.1975,0.8966
1221-135767-0022,8555,0,0.1202,0.8553
1284-1180-0005,121,0,-0.0729,0.8428
1284-1180-0005,1221,0,0.119,0.8497
1284-1180-0005,1284,1,0.7949,0.9667
1284-1180-0005,1580,0,0.166,0.9329
1284-1180-0005,1995,0,0.262,0.8601
1284-1180-0005,2094,0,0.1732,0.9034
1284-1180-0005,237,0,0.0653,0.8377
1284-1180-0005,2961,0,0.0562,0.7461
1284-1180-0005,3570,0,0.157,0.7179
1284-1180-0005,3575,0,0.1207,0.7109
1284-1180-0005,3729,0,-0.0078,0.8491
1284-1180-0005,4446,0,0.2864,0.9163
1284-1180-0005,4507,0,-0.0041,0.7771
1284-1180-0005,4970,0,0.0279,0.6511
1284-1180-0005,4992,0,0.0766,0.8631
1284-1180-0005,5142,0,-0.0293,0.7141
1284-1180-0005,5683,0,0.0757,0.8406
1284-1180-0005,6829,0,0.0373,0.811
1284-1180-0005,8463,0,0.0887,0.8184
1284-1180-0005,8555,0,0.0014,0.6721
1284-1180-0017,121,0,-0.0549,0.8789
1284-1180-0017,1221,0,0.188,0.8975
1284-1180-0017,1284,1,0.8147,0.9726
1284-1180-0017,1580,0,0.2599,0.9463
1284-1180-0017,1995,0,0.2897,0.8928
1284-1180-0017,2094,0,0.1727,0.9377
1284-1180-0017,237,0,0.1409,0.8987
1284-1180-0017,2961,0,0.0482,0.7677
1284-1180-0017,3570,0,0.1593,0.7569
1284-1180-0017,3575,0,0.0622,0.7107
1284-1180-0017,3729,0,0.0211,0.8964
1284-1180-0017,4446,0,0.4122,0.9635
1284-1180-0017,4507,0,0.0235,0.8306
1284-1180-0017,4970,0,0.0408,0.6739
1284-1180-0017,4992,0,0.1582,0.9175
1284-1180-0017,5142,0,-0.0116,0.7759
1284-1180-0017,5683,0,0.0827,0.8504
1284-1180-0017,6829,0,0.0323,0.8512
1284-1180-0017,8463,0,0.0844,0.8758
1284-1180-0017,8555,0,-0.0715,0.7225
1284-1180-0026,121,0,-0.0221,0.9213
1284-1180-0026,1221,0,0.2165,0.9339
1284-1180-0026,1284,1,0.5897,0.9339
1284-1180-0026,1580,0,0.2857,0.9596
1284-1180-0026,1995,0,0.1609,0.8688
1284-1180-0026,2094,0,0.1824,0.9356
1284-1180-0026,237,0,0.1475,0.9161
1284-1180-0026,2961,0,0.1356,0.8028
1284-1180-0026,3570,0,0.2271,0.8339
1284-1180-0026,3575,0,0.047,0.7826
1284-1180-0026,3729,0,0.1415,0.949
1284-1180-0026,4446,0,0.4222,0.9635
1284-1180-0026,4507,0,0.0559,0.9025
1284-1180-0026,4970,0,0.0529,0.7427
1284-1180-0026,4992,0,0.2764,0.9325
1284-1180-0026,5142,0,0.0797,0.8016
1284-1180-0026,5683,0,0.0206,0.8981
1284-1180-0026,6829,0,0.1487,0.8834
1284-1180-0026,8463,0,0.2114,0.8929
1284-1180-0026,8555,0,-0.0293,0.7856
1284-1180-0031,121,0,-0.1148,0.8933
1284-1180-0031,1221,0,0.2522,0.9282
1284-1180-0031,1284,1,0.608,0.905
1284-1180-0031,1580,0,0.2816,0.8715
1284-1180-0031,1995,0,0.241,0.929
1284-1180-0031,2094,0,0.3655,0.935
1284-1180-0031,237,0,0.2228,0.9286
1284-1180-0031,2961,0,0.1313,0.7912
1284-1180-0031,3570,0,0.2739,0.8031
1284-1180-0031,3575,0,0.0698,0.7164
1284-1180-0031,3729,0,0.1405,0.9332
1284-1180-0031,4446,0,0.3308,0.9491
1284-1180-0031,4507,0,0.1158,0.857
1284-1180-0031,4970,0,0.0247,0.7176
1284-1180-0031,4992,0,0.2607,0.9656
1284-1180-0031,5142,0,0.0595,0.8402
1284-1180-0031,5683,0,0.0196,0.8216
1284-1180-0031,6829,0,0.1603,0.8818
1284-1180-0031,8463,0,0.2538,0.9343
1284-1180-0031,8555,0,-0.021,0.7879
1284-1181-0004,121,0,-0.0099,0.8747
1284-1181-0004,1221,0,0.1726,0.8486
1284-1181-0004,1284,1,0.7974,0.9572
1284-1181-0004,1580,0,0.196,0.9521
1284-1181-0004,1995,0,0.3276,0.8602
1284-1181-0004,2094,0,0.1677,0.8875
1284-1181-0004,237,0,0.0667,0.857
1284-1181-0004,2961,0,0.0777,0.7649
1284-1181-0004,3570,0,0.1672,0.7499
1284-1181-0004,3575,0,0.0699,0.7031
1284-1181-0004,3729,0,0.0136,0.8629
1284-1181-0004,4446,0,0.2283,0.9211
1284-1181-0004,4507,0,-0.0082,0.7988
1284-1181-0004,4970,0,-0.0309,0.6311
1284-1181-0004,4992,0,0.0636,0.8631
1284-1181-0004,5142,0,0.0203,0.7066
1284-1181-0004,5683,0,0.1254,0.847
1284-1181-0004,6829,0,-0.1326,0.7801
1284-1181-0004,8463,0,0.0264,0.816
1284-1181-0004,8555,0,-0.026,0.6876
1284-1181-0007,121,0,0.0269,0.8535
1284-1181-0007,1221,0,0.1914,0.8899
1284-1181-0007,1284,1,0.6241,0.9577
1284-1181-0007,1580,0,0.0954,0.9303
1284-1181-0007,1995,0,0.1756,0.8649
1284-1181-0007,2094,0,0.1734,0.916
1284-1181-0007,237,0,-0.0223,0.865
1284-1181-0007,2961,0,-0.0314,0.7245
1284-1181-0007,3570,0,-0.0125,0.7053
1284-1181-0007,3575,0,-0.0406,0.6502
1284-1181-0007,3729,0,-0.0236,0.8914
1284-1181-0007,4446,0,0.4024,0.9583
1284-1181-0007,4507,0,-0.0398,0.8069
1284-1181-0007,4970,0,0.0485,0.6204
1284-1181-0007,4992,0,0.221,0.9089
1284-1181-0007,5142,0,0.0125,0.7607
1284-1181-0007,5683,0,-0.0268,0.8306
1284-1181-0007,6829,0,0.0906,0.832
1284-1181-0007,8463,0,0.1694,0.8452
1284-1181-0007,8555,0,-0.0413,0.6884
1284-1181-0011,121,0,-0.1061,0.8108
1284-1181-0011,1221,0,0.2063,0.8587
1284-1181-0011,1284,1,0.8647,0.9771
1284-1181-0011,1580,0,0.2351,0.9398
1284-1181-0011,1995,0,0.3108,0.8516
1284-1181-0011,2094,0,0.2446,0.9122
1284-1181-0011,237,0,0.0867,0.8551
1284-1181-0011,2961,0,0.0614,0.6842
1284-1181-0011,3570,0,0.1443,0.6694
1284-1181-0011,3575,0,0.0257,0.6809
1284-1181-0011,3729,0,-0.0083,0.8312
1284-1181-0011,4446,0,0.2696,0.9361
1284-1181-0011,4507,0,0.017,0.7701
1284-1181-0011,4970,0,0.0767,0.6395
1284-1181-0011,4992,0,0.1529,0.8674
1284-1181-0011,5142,0,-0.0199,0.7296
1284-1181-0011,5683,0,0.1016,0.8288
1284-1181-0011,6829,0,0.043,0.8074
1284-1181-0011,8463,0,0.047,0.8107
1284-1181-0011,8555,0,0.0194,0.6722
1284-1181-0016,121,0,-0.0638,0.8366
1284-1181-0016,1221,0,0.1409,0.8281
1284-1181-0016,1284,1,0.8272,0.9658
1284-1181-0016,1580,0,0.1716,0.9203
1284-1181-0016,1995,0,0.3029,0.8358
1284-1181-0016,2094,0,0.081,0.864
1284-1181-0016,237,0,0.0777,0.8315
1284-1181-0016,2961,0,0.073,0.7402
1284-1181-0016,3570,0,0.2063,0.7214
1284-1181-0016,3575,0,0.0679,0.6423
1284-1181-0016,3729,0,0.0763,0.8363
1284-1181-0016,4446,0,0.2072,0.9166
1284-1181-0016,4507,0,0.1003,0.7697
1284-1181-0016,4970,0,0.0789,0.5825
1284-1181-0016,4992,0,0.0938,0.8295
1284-1181-0016,5142,0,-0.0203,0.6815
1284-1181-0016,5683,0,0.0582,0.7922
1284-1181-0016,6829,0,-0.0188,0.7609
1284-1181-0016,8463,0,0.0062,0.7683
1284-1181-0016,8555,0,0.0253,0.639
1284-1181-0017,121,0,0.0205,0.7569
1284-1181-0017,1221,0,0.1739,0.7385
1284-1181-0017,1284,1,0.7312,0.9317
1284-1181-0017,1580,0,0.0898,0.8543
1284-1181-0017,1995,0,0.2195,0.787
1284-1181-0017,2094,0,0.1442,0.8084
1284-1181-0017,237,0,0.1171,0.7611
1284-1181-0017,2961,0,0.0398,0.6936
1284-1181-0017,3570,0,0.1667,0.6754
1284-1181-0017,3575,0,0.1018,0.6341
1284-1181-0017,3729,0,0.0779,0.7347
1284-1181-0017,4446,0,0.1193,0.8354
1284-1181-0017,4507,0,0.1173,0.6929
1284-1181-0017,4970,0,0.1247,0.5646
1284-1181-0017,4992,0,0.0508,0.7322
1284-1181-0017,5142,0,-0.0296,0.6022
1284-1181-0017,5683,0,0.0761,0.724
1284-1181-0017,6829,0,0.0772,0.7024
1284-1181-0017,8463,0,-0.028,0.6804
1284-1181-0017,8555,0,0.0059,0.5694
1284-134647-0004,121,0,-0.0677,0.7734
1284-134647-0004,1221,0,0.1652,0.8163
1284-134647-0004,1284,1,0.8011,0.9777
1284-134647-0004,1580,0,0.1089,0.912
1284-134647-0004,1995,0,0.2123,0.8281
1284-134647-0004,2094,0,0.0989,0.8675
1284-134647-0004,237,0,0.0422,0.8016
1284-134647-0004,2961,0,0.0147,0.6616
1284-134647-0004,3570,0,0.1427,0.6409
1284-134647-0004,3575,0,0.045,0.6567
1284-134647-0004,3729,0,-0.0373,0.7903
1284-134647-0004,4446,0,0.2509,0.9026
1284-134647-0004,4507,0,-0.0088,0.7311
1284-134647-0004,4970,0,0.0955,0.6155
1284-134647-0004,4992,0,0.0827,0.8205
1284-134647-0004,5142,0,-0.0116,0.699
1284-134647-0004,5683,0,0.0641,0.8024
1284-134647-0004,6829,0,-0.007,0.7653
1284-134647-0004,8463,0,-0.0035,0.7587
1284-134647-0004,8555,0,0.0427,0.6481
1320-122612-0003,1089,0,0.2258,0.8893
1320-122612-0003,1188,0,0.2074,0.8435
1320-122612-0003,1320,1,0.8185,0.9889
1320-122612-0003,2300,0,0.2107,0.8581
1320-122612-0003,260,0,0.1998,0.8212
1320-122612-0003,2830,0,0.1944,0.7741
1320-122612-0003,4077,0,0.1821,0.8022
1320-122612-0003,5105,0,0.3424,0.9436
1320-122612-0003,5639,0,0.0883,0.6755
1320-122612-0003,61,0,0.1839,0.754
1320-122612-0003,672,0,0.3316,0.8808
1320-122612-0003,6930,0,0.1353,0.8345
1320-122612-0003,7021,0,0.3144,0.9362
1320-122612-0003,7127,0,0.1595,0.8961
1320-122612-0003,7176,0,0.1401,0.7604
1320-122612-0003,7729,0,0.234,0.7707
1320-122612-0003,8224,0,0.0615,0.6926
1320-122612-0003,8230,0,0.0851,0.7588
1320-122612-0003,8455,0,0.3578,0.9188
1320-122612-0003,908,0,0.1402,0.8453
1320-122612-0005,1089,0,0.1728,0.8674
1320-122612-0005,1188,0,0.1233,0.7921
1320-122612-0005,1320,1,0.8053,0.9704
1320-122612-0005,2300,0,0.1777,0.8535
1320-122612-0005,260,0,0.1496,0.7834
1320-122612-0005,2830,0,0.1281,0.7116
1320-122612-0005,4077,0,0.0435,0.7899
1320-122612-0005,5105,0,0.3225,0.9233
1320-122612-0005,5639,0,0.1222,0.6713
1320-122612-0005,61,0,0.1694,0.6967
1320-122612-0005,672,0,0.3063,0.875
1320-122612-0005,6930,0,0.0609,0.8133
1320-122612-0005,7021,0,0.1603,0.9216
1320-122612-0005,7127,0,0.155,0.8699
1320-122612-0005,7176,0,0.0824,0.6978
1320-122612-0005,7729,0,0.2984,0.7251
1320-122612-0005,8224,0,0.0882,0.7037
1320-122612-0005,8230,0,0.0616,0.6964
1320-122612-0005,8455,0,0.2392,0.9085
1320-122612-0005,908,0,0.0839,0.8274
1320-122612-0013,1089,0,0.2243,0.8745
1320-122612-0013,1188,0,0.2385,0.8276
1320-122612-0013,1320,1,0.7928,0.9807
1320-122612-0013,2300,0,0.2543,0.8592
1320-122612-0013,260,0,0.1974,0.8218
1320-122612-0013,2830,0,0.1934,0.7734
1320-122612-0013,4077,0,0.0688,0.7896
1320-122612-0013,5105,0,0.3326,0.9407
1320-122612-0013,5639,0,0.0885,0.6623
1320-122612-0013,61,0,0.1632,0.7547
1320-122612-0013,672,0,0.3616,0.8759
1320-122612-0013,6930,0,0.1327,0.8454
1320-122612-0013,7021,0,0.2724,0.9311
1320-122612-0013,7127,0,0.2288,0.8851
1320-122612-0013,7176,0,0.15,0.762
1320-122612-0013,7729,0,0.2209,0.7475
1320-122612-0013,8224,0,0.1302,0.6926
1320-122612-0013,8230,0,0.1279,0.7501
1320-122612-0013,8455,0,0.3847,0.9138
1320-122612-0013,908,0,0.1847,0.8341
1320-122617-0005,1089,0,0.232,0.9081
1320-122617-0005,1188,0,0.1578,0.8498
1320-122617-0005,1320,1,0.8181,0.9833
1320-122617-0005,2300,0,0.1605,0.8719
1320-122617-0005,260,0,0.2458,0.8356
1320-122617-0005,2830,0,0.0895,0.7505
1320-122617-0005,4077,0,0.1243,0.8387
1320-122617-0005,5105,0,0.3158,0.9455
1320-122617-0005,5639,0,0.0401,0.7017
1320-122617-0005,61,0,0.153,0.7625
1320-122617-0005,672,0,0.282,0.9025
1320-122617-0005,6930,0,0.1542,0.819
1320-122617-0005,7021,0,0.2339,0.9476
1320-122617-0005,7127,0,0.0484,0.8983
1320-122617-0005,7176,0,0.0562,0.7657
1320-122617-0005,7729,0,0.1914,0.8048
1320-122617-0005,8224,0,0.0069,0.7029
1320-122617-0005,8230,0,0.006,0.7561
1320-122617-0005,8455,0,0.1843,0.9293
1320-122617-0005,908,0,0.1547,0.8709
1320-122617-0011,1089,0,0.2683,0.9141
1320-122617-0011,1188,0,0.1496,0.8731
1320-122617-0011,1320,1,0.9133,0.9905
1320-122617-0011,2300,0,0.2269,0.8389
1320-122617-0011,260,0,0.1827,0.8529
1320-122617-0011,2830,0,0.1337,0.812
1320-122617-0011,4077,0,0.1252,0.8468
1320-122617-0011,5105,0,0.2671,0.9431
1320-122617-0011,5639,0,0.0063,0.7132
1320-122617-0011,61,0,0.1858,0.7757
1320-122617-0011,672,0,0.3582,0.8954
1320-122617-0011,6930,0,0.2071,0.8452
1320-122617-0011,7021,0,0.1907,0.9162
1320-122617-0011,7127,0,0.1175,0.9311
1320-122617-0011,7176,0,0.1279,0.7898
1320-122617-0011,7729,0,0.2339,0.7972
1320-122617-0011,8224,0,0.0146,0.6882
1320-122617-0011,8230,0,0.0417,0.792
1320-122617-0011,8455,0,0.218,0.9302
1320-122617-0011,908,0,0.0709,0.8439
1320-122617-0018,1089,0,0.2223,0.9275
1320-122617-0018,1188,0,0.1374,0.9032
1320-122617-0018,1320,1,0.8347,0.9815
1320-122617-0018,2300,0,0.1682,0.7811
1320-122617-0018,260,0,0.2169,0.9068
1320-122617-0018,2830,0,0.1256,0.8615
1320-122617-0018,4077,0,0.2343,0.8643
1320-122617-0018,5105,0,0.468,0.9586
1320-122617-0018,5639,0,-0.0194,0.7764
1320-122617-0018,61,0,0.2144,0.8418
1320-122617-0018,672,0,0.2996,0.9245
1320-122617-0018,6930,0,0.2219,0.8645
1320-122617-0018,7021,0,0.3602,0.9215
1320-122617-0018,7127,0,0.0951,0.9188
1320-122617-0018,7176,0,0.2341,0.8611
1320-122617-0018,7729,0,0.2176,0.8304
1320-122617-0018,8224,0,-0.0573,0.709
1320-122617-0018,8230,0,0.0636,0.8444
1320-122617-0018,8455,0,0.2467,0.9015
1320-122617-0018,908,0,0.2415,0.8984
1320-122617-0027,1089,0,0.1558,0.8735
1320-122617-0027,1188,0,0.2041,0.8394
1320-122617-0027,1320,1,0.8863,0.9868
1320-122617-0027,2300,0,0.134,0.8642
1320-122617-0027,260,0,0.2194,0.8266
1320-122617-0027,2830,0,0.142,0.7782
1320-122617-0027,4077,0,0.1646,0.8252
1320-122617-0027,5105,0,0.3927,0.9432
1320-122617-0027,5639,0,0.0283,0.6712
1320-122617-0027,61,0,0.1476,0.738
1320-122617-0027,672,0,0.3662,0.8634
1320-122617-0027,6930,0,0.1814,0.8023
1320-122617-0027,7021,0,0.2837,0.9351
1320-122617-0027,7127,0,0.0811,0.9214
1320-122617-0027,7176,0,0.0739,0.7463
1320-122617-0027,7729,0,0.2386,0.7788
1320-122617-0027,8224,0,0.0062,0.6498
1320-122617-0027,8230,0,0.0062,0.7291
1320-122617-0027,8455,0,0.2649,0.8995
1320-122617-0027,908,0,0.1193,0.8331
1320-122617-0032,1089,0,0.2194,0.906
1320-122617-0032,1188,0,0.1888,0.8595
1320-122617-0032,1320,1,0.9064,0.9887
1320-122617-0032,2300,0,0.1555,0.8576
1320-122617-0032,260,0,0.2824,0.8766
1320-122617-0032,2830,0,0.1903,0.8009
1320-122617-0032,4077,0,0.1965,0.8741
1320-122617-0032,5105,0,0.4187,0.9504
1320-122617-0032,5639,0,-0.0043,0.7244
1320-122617-0032,61,0,0.1564,0.8114
1320-122617-0032,672,0,0.3871,0.8992
1320-122617-0032,6930,0,0.214,0.8618
1320-122617-0032,7021,0,0.2569,0.9327
1320-122617-0032,7127,0,0.1483,0.9187
1320-122617-0032,7176,0,0.0915,0.8193
1320-122617-0032,7729,0,0.2339,0.8245
1320-122617-0032,8224,0,0.0636,0.6825
1320-122617-0032,8230,0,0.0679,0.7872
1320-122617-0032,8455,0,0.3314,0.9329
1320-122617-0032,908,0,0.1205,0.8762
1320-122617-0037,1089,0,0.1642,0.8734
1320-122617-0037,1188,0,0.129,0.8554
1320-122617-0037,1320,1,0.846,0.9749
1320-122617-0037,2300,0,0.0757,0.8103
1320-122617-0037,260,0,0.2331,0.8614
1320-122617-0037,2830,0,0.1006,0.8201
1320-122617-0037,4077,0,0.1919,0.8457
1320-122617-0037,5105,0,0.3374,0.9292
1320-122617-0037,5639,0,0.0214,0.7043
1320-122617-0037,61,0,0.1216,0.7757
1320-122617-0037,672,0,0.3398,0.8734
1320-122617-0037,6930,0,0.3263,0.8452
1320-122617-0037,7021,0,0.2436,0.8923
1320-122617-0037,7127,0,0.0989,0.9201
1320-122617-0037,7176,0,0.1021,0.805
1320-122617-0037,7729,0,0.2091,0.7788
1320-122617-0037,8224,0,0.0193,0.6695
1320-122617-0037,8230,0,-0.0053,0.7693
1320-122617-0037,8455,0,0.3153,0.908
1320-122617-0037,908,0,0.1425,0.8339
1320-122617-0041,1089,0,0.1535,0.889
1320-122617-0041,1188,0,0.2086,0.8775
1320-122617-0041,1320,1,0.7813,0.9837
1320-122617-0041,2300,0,0.0979,0.8081
1320-122617-0041,260,0,0.1642,0.8713
1320-122617-0041,2830,0,0.1267,0.8254
1320-122617-0041,4077,0,0.0917,0.8351
1320-122617-0041,5105,0,0.3071,0.9404
1320-122617-0041,5639,0,-0.0714,0.7347
1320-122617-0041,61,0,0.0628,0.7668
1320-122617-0041,672,0,0.2205,0.9083
1320-122617-0041,6930,0,0.1794,0.8718
1320-122617-0041,7021,0,0.215,0.8992
1320-122617-0041,7127,0,0.1456,0.9027
1320-122617-0041,7176,0,0.008,0.7873
1320-122617-0041,7729,0,0.1379,0.774
1320-122617-0041,8224,0,0.0455,0.7311
1320-122617-0041,8230,0,0.0332,0.7862
1320-122617-0041,8455,0,0.274,0.938
1320-122617-0041,908,0,0.1187,0.8359
1580-141083-0006,121,0,-0.1487,0.7823
1580-141083-0006,1221,0,0.3678,0.9015
1580-141083-0006,1284,0,0.3011,0.9124
1580-141083-0006,1580,1,0.8646,0.9819
1580-141083-0006,1995,0,0.1441,0.7763
1580-141083-0006,2094,0,0.2598,0.8669
1580-141083-0006,237,0,0.2871,0.8958
1580-141083-0006,2961,0,0.1457,0.6546
1580-141083-0006,3570,0,0.2407,0.7372
1580-141083-0006,3575,0,0.1762,0.8186
1580-141083-0006,3729,0,0.1107,0.8251
1580-141083-0006,4446,0,0.2316,0.9002
1580-141083-0006,4507,0,0.1649,0.8576
1580-141083-0006,4970,0,0.2372,0.8017
1580-141083-0006,4992,0,0.2739,0.8388
1580-141083-0006,5142,0,0.0278,0.7686
1580-141083-0006,5683,0,0.2697,0.9376
1580-141083-0006,6829,0,0.1667,0.8445
1580-141083-0006,8463,0,0.2326,0.7679
1580-141083-0006,8555,0,0.0957,0.803
1580-141083-0007,121,0,-0.0919,0.8327
1580-141083-0007,1221,0,0.2703,0.9019
1580-141083-0007,1284,0,0.1914,0.9292
1580-141083-0007,1580,1,0.7939,0.9862
1580-141083-0007,1995,0,0.11,0.8241
1580-141083-0007,2094,0,0.2097,0.8882
1580-141083-0007,237,0,0.2343,0.9145
1580-141083-0007,2961,0,0.157,0.7068
1580-141083-0007,3570,0,0.1914,0.7586
1580-141083-0007,3575,0,0.2071,0.776
1580-141083-0007,3729,0,0.1807,0.8552
1580-141083-0007,4446,0,0.2825,0.9279
1580-141083-0007,4507,0,0.1173,0.8512
1580-141083-0007,4970,0,0.2237,0.7452
1580-141083-0007,4992,0,0.2243,0.8731
1580-141083-0007,5142,0,-0.0343,0.7724
1580-141083-0007,5683,0,0.2285,0.9195
1580-141083-0007,6829,0,0.1435,0.8246
1580-141083-0007,8463,0,0.1588,0.8113
1580-141083-0007,8555,0,0.0654,0.794
1580-141083-0010,121,0,-0.1765,0.8175
1580-141083-0010,1221,0,0.274,0.9373
1580-141083-0010,1284,0,0.2574,0.9362
1580-141083-0010,1580,1,0.8079,0.975
1580-141083-0010,1995,0,0.1585,0.8512
1580-141083-0010,2094,0,0.2269,0.9147
1580-141083-0010,237,0,0.177,0.9367
1580-141083-0010,2961,0,0.1672,0.6784
1580-141083-0010,3570,0,0.2204,0.7494
1580-141083-0010,3575,0,0.1241,0.7965
1580-141083-0010,3729,0,0.1384,0.863
1580-141083-0010,4446,0,0.3142,0.9408
1580-141083-0010,4507,0,0.179,0.8686
1580-141083-0010,4970,0,0.2681,0.7956
1580-141083-0010,4992,0,0.3044,0.9111
1580-141083-0010,5142,0,-0.0032,0.8297
1580-141083-0010,5683,0,0.1135,0.9219
1580-141083-0010,6829,0,0.1345,0.8706
1580-141083-0010,8463,0,0.2429,0.8486
1580-141083-0010,8555,0,0.0943,0.8373
1580-141083-0016,121,0,-0.0613,0.8048
1580-141083-0016,1221,0,0.2366,0.907
1580-141083-0016,1284,0,0.303,0.9428
1580-141083-0016,1580,1,0.7897,0.9668
1580-141083-0016,1995,0,0.1501,0.8375
1580-141083-0016,2094,0,0.244,0.8867
1580-141083-0016,237,0,0.2976,0.9233
1580-141083-0016,2961,0,0.231,0.7077
1580-141083-0016,3570,0,0.2769,0.7382
1580-141083-0016,3575,0,0.1096,0.7504
1580-141083-0016,3729,0,0.074,0.8541
1580-141083-0016,4446,0,0.2859,0.9314
1580-141083-0016,4507,0,0.1387,0.8543
1580-141083-0016,4970,0,0.2229,0.772
1580-141083-0016,4992,0,0.1811,0.884
1580-141083-0016,5142,0,-0.0023,0.8275
1580-141083-0016,5683,0,0.2388,0.91
1580-141083-0016,6829,0,0.0798,0.8595
1580-141083-0016,8463,0,0.2413,0.8266
1580-141083-0016,8555,0,0.1047,0.8115
1580-141083-0027,121,0,-0.0111,0.8797
1580-141083-0027,1221,0,0.302,0.8863
1580-141083-0027,1284,0,0.208,0.9002
1580-141083-0027,1580,1,0.8294,0.9743
1580-141083-0027,1995,0,0.0767,0.8624
1580-141083-0027,2094,0,0.3045,0.9036
1580-141083-0027,237,0,0.2726,0.9343
1580-141083-0027,2961,0,0.1715,0.7665
1580-141083-0027,3570,0,0.2405,0.8392
1580-141083-0027,3575,0,0.2344,0.8529
1580-141083-0027,3729,0,0.207,0.8679
1580-141083-0027,4446,0,0.2037,0.8959
1580-141083-0027,4507,0,0.2035,0.8823
1580-141083-0027,4970,0,0.2461,0.7748
1580-141083-0027,4992,0,0.3253,0.8751
1580-141083-0027,5142,0,-0.0525,0.763
1580-141083-0027,5683,0,0.106,0.9173
1580-141083-0027,6829,0,0.1271,0.833
1580-141083-0027,8463,0,0.2138,0.8244
1580-141083-0027,8555,0,0.0769,0.8215
1580-141083-0044,121,0,-0.0851,0.8279
1580-141083-0044,1221,0,0.2731,0.9034
1580-141083-0044,1284,0,0.2164,0.9341
1580-141083-0044,1580,1,0.6667,0.9829
1580-141083-0044,1995,0,0.0814,0.8161
1580-141083-0044,2094,0,0.3404,0.9026
1580-141083-0044,237,0,0.1869,0.9072
1580-141083-0044,2961,0,0.2364,0.7183
1580-141083-0044,3570,0,0.2387,0.784
1580-141083-0044,3575,0,0.0808,0.8053
1580-141083-0044,3729,0,0.1514,0.86
1580-141083-0044,4446,0,0.1946,0.9195
1580-141083-0044,4507,0,0.2661,0.8766
1580-141083-0044,4970,0,0.2244,0.7665
1580-141083-0044,4992,0,0.2588,0.8589
1580-141083-0044,5142,0,0.0918,0.7602
1580-141083-0044,5683,0,0.2034,0.9212
1580-141083-0044,6829,0,0.2124,0.8607
1580-141083-0044,8463,0,0.2152,0.7786
1580-141083-0044,8555,0,0.1585,0.778
1580-141084-0002,121,0,0.0149,0.8809
1580-141084-0002,1221,0,0.3451,0.9275
1580-141084-0002,1284,0,0.195,0.8999
1580-141084-0002,1580,1,0.8361,0.9804
1580-141084-0002,1995,0,0.1912,0.8445
1580-141084-0002,2094,0,0.2824,0.9032
1580-141084-0002,237,0,0.2855,0.9303
1580-141084-0002,2961,0,0.1985,0.7424
1580-141084-0002,3570,0,0.3203,0.8233
1580-141084-0002,3575,0,0.1502,0.8046
1580-141084-0002,3729,0,0.2415,0.902
1580-141084-0002,4446,0,0.2039,0.9285
1580-141084-0002,4507,0,0.3442,0.9084
1580-141084-0002,4970,0,0.207,0.753
1580-141084-0002,4992,0,0.2879,0.9017
1580-141084-0002,5142,0,0.0415,0.7894
1580-141084-0002,5683,0,0.2136,0.9268
1580-141084-0002,6829,0,0.1317,0.8478
1580-141084-0002,8463,0,0.1906,0.825
1580-141084-0002,8555,0,0.1091,0.8314
1580-141084-0009,121,0,-0.0257,0.8136
1580-141084-0009,1221,0,0.3199,0.8491
1580-141084-0009,1284,0,0.2254,0.8709
1580-141084-0009,1580,1,0.8903,0.978
1580-141084-0009,1995,0,0.0874,0.741
1580-141084-0009,2094,0,0.1721,0.839
1580-141084-0009,237,0,0.1632,0.848
1580-141084-0009,2961,0,0.1752,0.6778
1580-141084-0009,3570,0,0.2232,0.7614
1580-141084-0009,3575,0,0.2412,0.801
1580-141084-0009,3729,0,0.0833,0.8169
1580-141084-0009,4446,0,0.2107,0.8617
1580-141084-0009,4507,0,0.1582,0.8481
1580-141084-0009,4970,0,0.1933,0.7278
1580-141084-0009,4992,0,0.2443,0.7986
1580-141084-0009,5142,0,-0.0162,0.6873
1580-141084-0009,5683,0,0.198,0.8923
1580-141084-0009,6829,0,0.0893,0.7826
1580-141084-0009,8463,0,0.2018,0.725
1580-141084-0009,8555,0,0.0491,0.7421
1580-141084-0010,121,0,-0.0437,0.8399
1580-141084-0010,1221,0,0.2543,0.8404
1580-141084-0010,1284,0,0.193,0.8754
1580-141084-0010,1580,1,0.7949,0.9621
1580-141084-0010,1995,0,0.137,0.7859
1580-141084-0010,2094,0,0.3164,0.8733
1580-141084-0010,237,0,0.2551,0.8416
1580-141084-0010,2961,0,0.2104,0.7181
1580-141084-0010,3570,0,0.2456,0.7536
1580-141084-0010,3575,0,0.2083,0.7559
1580-141084-0010,3729,0,0.1288,0.8298
1580-141084-0010,4446,0,0.1314,0.8697
1580-141084-0010,4507,0,0.1737,0.8606
1580-141084-0010,4970,0,0.1882,0.6779
1580-141084-0010,4992,0,0.1961,0.8228
1580-141084-0010,5142,0,0.0621,0.7133
1580-141084-0010,5683,0,0.1668,0.8594
1580-141084-0010,6829,0,0.09,0.7914
1580-141084-0010,8463,0,0.2019,0.7586
1580-141084-0010,8555,0,0.0804,0.7368
1580-141084-0042,121,0,-0.0293,0.7739
1580-141084-0042,1221,0,0.1705,0.8291
1580-141084-0042,1284,0,0.1907,0.8787
1580-141084-0042,1580,1,0.87,0.9691
1580-141084-0042,1995,0,0.0235,0.7054
1580-141084-0042,2094,0,0.1626,0.8128
1580-141084-0042,237,0,0.0986,0.805
1580-141084-0042,2961,0,0.2368,0.6467
1580-141084-0042,3570,0,0.2736,0.7078
1580-141084-0042,3575,0,0.1376,0.7368
1580-141084-0042,3729,0,0.1216,0.7993
1580-141084-0042,4446,0,0.26,0.8629
1580-141084-0042,4507,0,0.2303,0.8218
1580-141084-0042,4970,0,0.1881,0.689
1580-141084-0042,4992,0,0.2431,0.7756
1580-141084-0042,5142,0,-0.0227,0.6725
1580-141084-0042,5683,0,0.0937,0.8704
1580-141084-0042,6829,0,-0.0064,0.7715
1580-141084-0042,8463,0,0.1643,0.6987
1580-141084-0042,8555,0,0.0454,0.6985
1995-1826-0002,121,0,0.1067,0.879
1995-1826-0002,1221,0,0.0674,0.8063
1995-1826-0002,1284,0,0.2639,0.8584
1995-1826-0002,1580,0,0.1042,0.8252
1995-1826-0002,1995,1,0.7948,0.9806
1995-1826-0002,2094,0,0.2888,0.8845
1995-1826-0002,237,0,0.1142,0.8567
1995-1826-0002,2961,0,0.0772,0.787
1995-1826-0002,3570,0,0.1901,0.7365
1995-1826-0002,3575,0,0.2578,0.681
1995-1826-0002,3729,0,0.0137,0.8421
1995-1826-0002,4446,0,0.0129,0.8553
1995-1826-0002,4507,0,-0.0681,0.7668
1995-1826-0002,4970,0,0.044,0.6197
1995-1826-0002,4992,0,0.1446,0.8968
1995-1826-0002,5142,0,-0.0745,0.7715
1995-1826-0002,5683,0,0.1925,0.7775
1995-1826-0002,6829,0,-0.0342,0.7524
1995-1826-0002,8463,0,0.1344,0.8746
1995-1826-0002,8555,0,-0.0655,0.7623
1995-1826-0009,121,0,0.1293,0.8843
1995-1826-0009,1221,0,0.0682,0.8411
1995-1826-0009,1284,0,0.1563,0.8433
1995-1826-0009,1580,0,0.111,0.8037
1995-1826-0009,1995,1,0.7953,0.9898
1995-1826-0009,2094,0,0.2577,0.8847
1995-1826-0009,237,0,0.0638,0.8807
1995-1826-0009,2961,0,0.1412,0.8254
1995-1826-0009,3570,0,0.2116,0.7755
1995-1826-0009,3575,0,0.1048,0.6782
1995-1826-0009,3729,0,0.1149,0.8641
1995-1826-0009,4446,0,-0.0172,0.865
1995-1826-0009,4507,0,0.0263,0.7866
1995-1826-0009,4970,0,0.0595,0.6439
1995-1826-0009,4992,0,0.0687,0.9216
1995-1826-0009,5142,0,-0.0762,0.7978
1995-1826-0009,5683,0,0.1892,0.7678
1995-1826-0009,6829,0,-0.0017,0.794
1995-1826-0009,8463,0,0.0248,0.9013
1995-1826-0009,8555,0,-0.0809,0.775
1995-1826-0018,121,0,0.0236,0.8588
1995-1826-0018,1221,0,0.1144,0.8068
1995-1826-0018,1284,0,0.2142,0.8147
1995-1826-0018,1580,0,0.1472,0.781
1995-1826-0018,1995,1,0.8195,0.9844
1995-1826-0018,2094,0,0.4256,0.8518
1995-1826-0018,237,0,0.0569,0.8455
1995-1826-0018,2961,0,0.0169,0.8201
1995-1826-0018,3570,0,0.2278,0.7562
1995-1826-0018,3575,0,0.1379,0.6769
1995-1826-0018,3729,0,0.1613,0.8227
1995-1826-0018,4446,0,-0.0039,0.8215
1995-1826-0018,4507,0,-0.0094,0.7603
1995-1826-0018,4970,0,0.047,0.6293
1995-1826-0018,4992,0,0.1151,0.8867
1995-1826-0018,5142,0,-0.0184,0.7702
1995-1826-0018,5683,0,0.1854,0.7506
1995-1826-0018,6829,0,-0.0192,0.7651
1995-1826-0018,8463,0,-0.0204,0.8637
1995-1826-0018,8555,0,-0.0387,0.7684
1995-1826-0021,121,0,0.1253,0.8768
1995-1826-0021,1221,0,0.0599,0.8197
1995-1826-0021,1284,0,0.182,0.8376
1995-1826-0021,1580,0,0.1366,0.7974
1995-1826-0021,1995,1,0.8746,0.9903
1995-1826-0021,2094,0,0.3195,0.872
1995-1826-0021,237,0,0.0205,0.8646
1995-1826-0021,2961,0,0.0679,0.8034
1995-1826-0021,3570,0,0.2406,0.7448
1995-1826-0021,3575,0,0.0992,0.6657
1995-1826-0021,3729,0,0.1143,0.8396
1995-1826-0021,4446,0,-0.0031,0.8459
1995-1826-0021,4507,0,-0.0206,0.76
1995-1826-0021,4970,0,0.0227,0.6232
1995-1826-0021,4992,0,0.1274,0.9099
1995-1826-0021,5142,0,-0.1077,0.7839
1995-1826-0021,5683,0,0.116,0.7582
1995-1826-0021,6829,0,0.002,0.7538
1995-1826-0021,8463,0,0.0117,0.8996
1995-1826-0021,8555,0,-0.0292,0.768
1995-1826-0023,121,0,0.0134,0.8016
1995-1826-0023,1221,0,0.0677,0.7202
1995-1826-0023,1284,0,0.2027,0.7607
1995-1826-0023,1580,0,0.0951,0.6952
1995-1826-0023,1995,1,0.7758,0.9351
1995-1826-0023,2094,0,0.183,0.7623
1995-1826-0023,237,0,0.0065,0.7475
1995-1826-0023,2961,0,0.0964,0.8177
1995-1826-0023,3570,0,0.2095,0.6957
1995-1826-0023,3575,0,0.071,0.591
1995-1826-0023,3729,0,0.0709,0.747
1995-1826-0023,4446,0,0.0359,0.7373
1995-1826-0023,4507,0,0.0253,0.678
1995-1826-0023,4970,0,-0.0217,0.5494
1995-1826-0023,4992,0,0.1208,0.8124
1995-1826-0023,5142,0,-0.0514,0.6957
1995-1826-0023,5683,0,0.1691,0.661
1995-1826-0023,6829,0,-0.1409,0.6958
1995-1826-0023,8463,0,-0.1073,0.8079
1995-1826-0023,8555,0,-0.0122,0.6728
1995-1836-0005,121,0,0.0834,0.9012
1995-1836-0005,1221,0,0.0612,0.8446
1995-1836-0005,1284,0,0.2766,0.8474
1995-1836-0005,1580,0,0.1098,0.8408
1995-1836-0005,1995,1,0.9016,0.9874
1995-1836-0005,2094,0,0.2508,0.8941
1995-1836-0005,237,0,0.098,0.8984
1995-1836-0005,2961,0,0.0331,0.8263
1995-1836-0005,3570,0,0.2119,0.7872
1995-1836-0005,3575,0,0.0498,0.734
1995-1836-0005,3729,0,0.1145,0.8694
1995-1836-0005,4446,0,0.0268,0.863
1995-1836-0005,4507,0,0.0268,0.8053
1995-1836-0005,4970,0,-0.0294,0.6726
1995-1836-0005,4992,0,0.142,0.9206
1995-1836-0005,5142,0,-0.0125,0.7912
1995-1836-0005,5683,0,0.0952,0.8112
1995-1836-0005,6829,0,-0.0813,0.7919
1995-1836-0005,8463,0,-0.0481,0.9022
1995-1836-0005,8555,0,-0.0279,0.8024
1995-1837-0001,121,0,0.1216,0.8876
1995-1837-0001,1221,0,0.087,0.8429
1995-1837-0001,1284,0,0.13,0.8096
1995-1837-0001,1580,0,0.0609,0.8001
1995-1837-0001,1995,1,0.8118,0.9717
1995-1837-0001,2094,0,0.3571,0.8503
1995-1837-0001,237,0,0.1448,0.8891
1995-1837-0001,2961,0,0.0415,0.8099
1995-1837-0001,3570,0,0.2841,0.7979
1995-1837-0001,3575,0,0.0528,0.6751
1995-1837-0001,3729,0,0.2303,0.8698
1995-1837-0001,4446,0,-0.041,0.8443
1995-1837-0001,4507,0,0.1074,0.8203
1995-1837-0001,4970,0,-0.0075,0.6359
1995-1837-0001,4992,0,0.1411,0.9113
1995-1837-0001,5142,0,-0.0185,0.7964
1995-1837-0001,5683,0,0.22,0.7819
1995-1837-0001,6829,0,-0.0537,0.7758
1995-1837-0001,8463,0,-0.1135,0.864
1995-1837-0001,8555,0,-0.0264,0.8089
1995-1837-0014,121,0,0.145,0.8924
1995-1837-0014,1221,0,0.1038,0.8813
1995-1837-0014,1284,0,0.2029,0.8709
1995-1837-0014,1580,0,0.1447,0.8708
1995-1837-0014,1995,1,0.8716,0.9836
1995-1837-0014,2094,0,0.2907,0.9161
1995-1837-0014,237,0,0.1817,0.9204
1995-1837-0014,2961,0,0.0396,0.7831
1995-1837-0014,3570,0,0.2546,0.7852
1995-1837-0014,3575,0,0.0909,0.7673
1995-1837-0014,3729,0,0.2022,0.8822
1995-1837-0014,4446,0,0.0292,0.8905
1995-1837-0014,4507,0,0.0862,0.8372
1995-1837-0014,4970,0,0.0226,0.724
1995-1837-0014,4992,0,0.1151,0.9391
1995-1837-0014,5142,0,-0.0734,0.8293
1995-1837-0014,5683,0,0.2399,0.8472
1995-1837-0014,6829,0,-0.0321,0.8268
1995-1837-0014,8463,0,-0.0805,0.9091
1995-1837-0014,8555,0,-0.0351,0.843
1995-1837-0018,121,0,0.1528,0.8996
1995-1837-0018,1221,0,0.1933,0.8688
1995-1837-0018,1284,0,0.1997,0.8623
1995-1837-0018,1580,0,0.1786,0.8378
1995-1837-0018,1995,1,0.8128,0.9873
1995-1837-0018,2094,0,0.2803,0.8955
1995-1837-0018,237,0,0.1322,0.898
1995-1837-0018,2961,0,0.0469,0.8212
1995-1837-0018,3570,0,0.2353,0.7735
1995-1837-0018,3575,0,0.1028,0.6792
1995-1837-0018,3729,0,0.2407,0.8833
1995-1837-0018,4446,0,0.0132,0.8927
1995-1837-0018,4507,0,0.0854,0.8105
1995-1837-0018,4970,0,-0.0097,0.6518
1995-1837-0018,4992,0,0.1908,0.9456
1995-1837-0018,5142,0,-0.0851,0.8206
1995-1837-0018,5683,0,0.2577,0.7863
1995-1837-0018,6829,0,0.0315,0.8067
1995-1837-0018,8463,0,0.0012,0.9308
1995-1837-0018,8555,0,-0.0676,0.7943
1995-1837-0026,121,0,0.1032,0.8838
1995-1837-0026,1221,0,0.0739,0.8726
1995-1837-0026,1284,0,0.1929,0.8942
1995-1837-0026,1580,0,0.0933,0.8535
1995-1837-0026,1995,1,0.8509,0.9855
1995-1837-0026,2094,0,0.3074,0.9075
1995-1837-0026,237,0,0.0537,0.8971
1995-1837-0026,2961,0,0.0068,0.8089
1995-1837-0026,3570,0,0.2037,0.7648
1995-1837-0026,3575,0,0.0846,0.6957
1995-1837-0026,3729,0,0.1892,0.8802
1995-1837-0026,4446,0,-0.037,0.9003
1995-1837-0026,4507,0,0.0524,0.8101
1995-1837-0026,4970,0,-0.0552,0.6702
1995-1837-0026,4992,0,0.1003,0.9395
1995-1837-0026,5142,0,-0.1116,0.815
1995-1837-0026,5683,0,0.207,0.804
1995-1837-0026,6829,0,-0.1004,0.8271
1995-1837-0026,8463,0,-0.0343,0.9111
1995-1837-0026,8555,0,-0.1165,0.7838
2094-142345-0001,121,0,0.0923,0.9027
2094-142345-0001,1221,0,0.2038,0.9141
2094-142345-0001,1284,0,0.1105,0.898
2094-142345-0001,1580,0,0.1909,0.8943
2094-142345-0001,1995,0,0.2495,0.8846
2094-142345-0001,2094,1,0.8507,0.984
2094-142345-0001,237,0,0.1024,0.8867
2094-142345-0001,2961,0,0.2052,0.8072
2094-142345-0001,3570,0,0.2056,0.8048
2094-142345-0001,3575,0,0.1219,0.8204
2094-142345-0001,3729,0,0.2758,0.9424
2094-142345-0001,4446,0,0.1353,0.9189
2094-142345-0001,4507,0,0.159,0.91
2094-142345-0001,4970,0,-0.0268,0.7842
2094-142345-0001,4992,0,0.194,0.9319
2094-142345-0001,5142,0,0.0534,0.8424
2094-142345-0001,5683,0,0.0743,0.8864
2094-142345-0001,6829,0,0.1216,0.9374
2094-142345-0001,8463,0,0.0651,0.9009
2094-142345-0001,8555,0,-0.1331,0.7969
2094-142345-0013,121,0,0.1133,0.893
2094-142345-0013,1221,0,0.1636,0.8942
2094-142345-0013,1284,0,0.1722,0.9013
2094-142345-0013,1580,0,0.2292,0.9002
2094-142345-0013,1995,0,0.292,0.8812
2094-142345-0013,2094,1,0.8695,0.9869
2094-142345-0013,237,0,0.1234,0.8897
2094-142345-0013,2961,0,0.1885,0.7905
2094-142345-0013,3570,0,0.1242,0.7908
2094-142345-0013,3575,0,0.1802,0.8202
2094-142345-0013,3729,0,0.2254,0.9175
2094-142345-0013,4446,0,0.121,0.9117
2094-142345-0013,4507,0,0.1206,0.8759
2094-142345-0013,4970,0,0.0256,0.757
2094-142345-0013,4992,0,0.135,0.9173
2094-142345-0013,5142,0,0.0394,0.7942
2094-142345-0013,5683,0,0.0975,0.8723
2094-142345-0013,6829,0,0.1682,0.9164
2094-142345-0013,8463,0,0.1687,0.8851
2094-142345-0013,8555,0,-0.1054,0.7527
2094-142345-0021,121,0,0.0308,0.8625
2094-142345-0021,1221,0,0.1085,0.894
2094-142345-0021,1284,0,0.1954,0.903
2094-142345-0021,1580,0,0.2139,0.8681
2094-142345-0021,1995,0,0.4114,0.8586
2094-142345-0021,2094,1,0.8259,0.9786
2094-142345-0021,237,0,0.1682,0.8757
2094-142345-0021,2961,0,0.2005,0.7213
2094-142345-0021,3570,0,0.188,0.717
2094-142345-0021,3575,0,0.1442,0.7267
2094-142345-0021,3729,0,0.187,0.9095
2094-142345-0021,4446,0,0.0781,0.9308
2094-142345-0021,4507,0,0.0583,0.8376
2094-142345-0021,4970,0,0.0746,0.708
2094-142345-0021,4992,0,0.138,0.9252
2094-142345-0021,5142,0,-0.0043,0.8133
2094-142345-0021,5683,0,0.0716,0.823
2094-142345-0021,6829,0,0.0916,0.8864
2094-142345-0021,8463,0,0.171,0.9006
2094-142345-0021,8555,0,-0.1193,0.7204
2094-142345-0024,121,0,0.0835,0.8948
2094-142345-0024,1221,0,0.0485,0.9
2094-142345-0024,1284,0,0.122,0.8723
2094-142345-0024,1580,0,0.2486,0.9143
2094-142345-0024,1995,0,0.1429,0.8896
2094-142345-0024,2094,1,0.6557,0.9347
2094-142345-0024,237,0,0.1442,0.8902
2094-142345-0024,2961,0,0.239,0.8052
2094-142345-0024,3570,0,0.2609,0.8223
2094-142345-0024,3575,0,0.1846,0.768
2094-142345-0024,3729,0,0.257,0.9144
2094-142345-0024,4446,0,0.058,0.9048
2094-142345-0024,4507,0,0.1845,0.9018
2094-142345-0024,4970,0,-0.0583,0.7187
2094-142345-0024,4992,0,0.1208,0.9289
2094-142345-0024,5142,0,0.0376,0.8187
2094-142345-0024,5683,0,0.0356,0.863
2094-142345-0024,6829,0,0.1016,0.8813
2094-142345-0024,8463,0,0.1,0.8774
2094-142345-0024,8555,0,0.0908,0.8131
2094-142345-0028,121,0,0.0933,0.7706
2094-142345-0028,1221,0,0.2037,0.9315
2094-142345-0028,1284,0,0.1235,0.8634
2094-142345-0028,1580,0,0.0618,0.8491
2094-142345-0028,1995,0,0.2298,0.8432
2094-142345-0028,2094,1,0.8047,0.9428
2094-142345-0028,237,0,0.1586,0.8821
2094-142345-0028,2961,0,0.135,0.6062
2094-142345-0028,3570,0,0.2471,0.6573
2094-142345-0028,3575,0,0.209,0.7557
2094-142345-0028,3729,0,0.2836,0.8793
2094-142345-0028,4446,0,0.0518,0.9194
2094-142345-0028,4507,0,0.1208,0.8479
2094-142345-0028,4970,0,-0.0696,0.8163
2094-142345-0028,4992,0,0.2187,0.942
2094-142345-0028,5142,0,0.0745,0.9098
2094-142345-0028,5683,0,0.0276,0.8652
2094-142345-0028,6829,0,0.2606,0.9189
2094-142345-0028,8463,0,0.082,0.8996
2094-142345-0028,8555,0,-0.0303,0.8469
2094-142345-0034,121,0,0.0319,0.8421
2094-142345-0034,1221,0,0.2114,0.9148
2094-142345-0034,1284,0,0.1997,0.8925
2094-142345-0034,1580,0,0.2411,0.8848
2094-142345-0034,1995,0,0.2974,0.8623
2094-142345-0034,2094,1,0.937,0.9885
2094-142345-0034,237,0,0.1118,0.874
2094-142345-0034,2961,0,0.1461,0.6991
2094-142345-0034,3570,0,0.1999,0.7114
2094-142345-0034,3575,0,0.1833,0.7997
2094-142345-0034,3729,0,0.2295,0.9036
2094-142345-0034,4446,0,0.0536,0.914
2094-142345-0034,4507,0,0.1687,0.8709
2094-142345-0034,4970,0,0.0367,0.7821
2094-142345-0034,4992,0,0.2084,0.9321
2094-142345-0034,5142,0,0.1212,0.8498
2094-142345-0034,5683,0,0.1372,0.8783
2094-142345-0034,6829,0,0.1346,0.9296
2094-142345-0034,8463,0,0.1881,0.8914
2094-142345-0034,8555,0,-0.0037,0.7841
2094-142345-0036,121,0,0.0731,0.8514
2094-142345-0036,1221,0,0.2363,0.9354
2094-142345-0036,1284,0,0.1866,0.8856
2094-142345-0036,1580,0,0.1497,0.8553
2094-142345-0036,1995,0,0.2896,0.865
2094-142345-0036,2094,1,0.9084,0.9682
2094-142345-0036,237,0,0.1597,0.8881
2094-142345-0036,2961,0,0.143,0.7343
2094-142345-0036,3570,0,0.1779,0.7378
2094-142345-0036,3575,0,0.1748,0.714
2094-142345-0036,3729,0,0.2281,0.9332
2094-142345-0036,4446,0,0.066,0.946
2094-142345-0036,4507,0,0.1269,0.8714
2094-142345-0036,4970,0,-0.0091,0.7416
2094-142345-0036,4992,0,0.2008,0.9611
2094-142345-0036,5142,0,0.0838,0.8728
2094-142345-0036,5683,0,0.0934,0.8262
2094-142345-0036,6829,0,0.2232,0.9329
2094-142345-0036,8463,0,0.1279,0.9311
2094-142345-0036,8555,0,-0.0899,0.7758
2094-142345-0037,121,0,0.0673,0.8478
2094-142345-0037,1221,0,0.1849,0.9216
2094-142345-0037,1284,0,0.2265,0.9067
2094-142345-0037,1580,0,0.19,0.9106
2094-142345-0037,1995,0,0.3716,0.871
2094-142345-0037,2094,1,0.9081,0.9901
2094-142345-0037,237,0,0.1677,0.8869
2094-142345-0037,2961,0,0.1169,0.6963
2094-142345-0037,3570,0,0.1423,0.7235
2094-142345-0037,3575,0,0.17,0.8015
2094-142345-0037,3729,0,0.1469,0.8995
2094-142345-0037,4446,0,0.0127,0.9262
2094-142345-0037,4507,0,0.0942,0.8684
2094-142345-0037,4970,0,0.0912,0.7675
2094-142345-0037,4992,0,0.1198,0.9355
2094-142345-0037,5142,0,0.0583,0.8347
2094-142345-0037,5683,0,0.1297,0.883
2094-142345-0037,6829,0,0.1602,0.9151
2094-142345-0037,8463,0,0.0552,0.8821
2094-142345-0037,8555,0,-0.0696,0.7871
2094-142345-0049,121,0,0.0411,0.8954
2094-142345-0049,1221,0,0.1209,0.9176
2094-142345-0049,1284,0,0.1761,0.8941
2094-142345-0049,1580,0,0.2336,0.909
2094-142345-0049,1995,0,0.3194,0.8888
2094-142345-0049,2094,1,0.9041,0.9898
2094-142345-0049,237,0,0.1356,0.9203
2094-142345-0049,2961,0,0.1223,0.7588
2094-142345-0049,3570,0,0.1486,0.7965
2094-142345-0049,3575,0,0.1902,0.8124
2094-142345-0049,3729,0,0.2308,0.9272
2094-142345-0049,4446,0,0.0609,0.9223
2094-142345-0049,4507,0,0.0995,0.8959
2094-142345-0049,4970,0,0.0452,0.7442
2094-142345-0049,4992,0,0.156,0.9315
2094-142345-0049,5142,0,0.1045,0.8091
2094-142345-0049,5683,0,0.0725,0.8894
2094-142345-0049,6829,0,0.1627,0.9097
2094-142345-0049,8463,0,0.0779,0.8708
2094-142345-0049,8555,0,-0.0342,0.7834
2094-142345-0052,121,0,0.029,0.8878
2094-142345-0052,1221,0,0.1422,0.8798
2094-142345-0052,1284,0,0.1886,0.8761
2094-142345-0052,1580,0,0.1947,0.8936
2094-142345-0052,1995,0,0.3219,0.8782
2094-142345-0052,2094,1,0.9369,0.9857
2094-142345-0052,237,0,0.1218,0.8782
2094-142345-0052,2961,0,0.1431,0.7781
2094-142345-0052,3570,0,0.1894,0.7759
2094-142345-0052,3575,0,0.1172,0.8044
2094-142345-0052,3729,0,0.1779,0.902
2094-142345-0052,4446,0,0.0694,0.8903
2094-142345-0052,4507,0,0.0923,0.8663
2094-142345-0052,4970,0,0.0043,0.7124
2094-142345-0052,4992,0,0.1157,0.9033
2094-142345-0052,5142,0,0.0676,0.765
2094-142345-0052,5683,0,0.0246,0.8604
2094-142345-0052,6829,0,0.1477,0.89
2094-142345-0052,8463,0,0.0353,0.848
2094-142345-0052,8555,0,-0.0679,0.737
2300-131720-0001,1089,0,0.1818,0.7729
2300-131720-0001,1188,0,0.1419,0.6743
2300-131720-0001,1320,0,0.1906,0.8616
2300-131720-0001,2300,1,0.9236,0.994
2300-131720-0001,260,0,0.0515,0.7141
2300-131720-0001,2830,0,0.0676,0.5712
2300-131720-0001,4077,0,0.2665,0.781
2300-131720-0001,5105,0,0.01,0.8087
2300-131720-0001,5639,0,0.1563,0.5083
2300-131720-0001,61,0,0.395,0.6809
2300-131720-0001,672,0,0.1312,0.746
2300-131720-0001,6930,0,0.0369,0.7298
2300-131720-0001,7021,0,0.2584,0.8891
2300-131720-0001,7127,0,0.2653,0.784
2300-131720-0001,7176,0,0.2042,0.6364
2300-131720-0001,7729,0,0.1754,0.7234
2300-131720-0001,8224,0,0.0778,0.5756
2300-131720-0001,8230,0,0.1838,0.5839
2300-131720-0001,8455,0,0.1712,0.8775
2300-131720-0001,908,0,-0.1176,0.7507
2300-131720-0002,1089,0,0.1708,0.7688
2300-131720-0002,1188,0,0.1246,0.6782
2300-131720-0002,1320,0,0.2173,0.857
2300-131720-0002,2300,1,0.9091,0.993
2300-131720-0002,260,0,0.1368,0.7125
2300-131720-0002,2830,0,0.0416,0.5643
2300-131720-0002,4077,0,0.2609,0.7789
2300-131720-0002,5105,0,-0.0646,0.8079
2300-131720-0002,5639,0,0.1727,0.5148
2300-131720-0002,61,0,0.3252,0.6808
2300-131720-0002,672,0,0.1608,0.7477
2300-131720-0002,6930,0,0.0508,0.7304
2300-131720-0002,7021,0,0.2132,0.8878
2300-131720-0002,7127,0,0.2057,0.7743
2300-131720-0002,7176,0,0.1545,0.6382
2300-131720-0002,7729,0,0.1765,0.7221
2300-131720-0002,8224,0,0.0749,0.5996
2300-131720-0002,8230,0,0.1471,0.5826
2300-131720-0002,8455,0,0.1365,0.8793
2300-131720-0002,908,0,-0.1519,0.7517
2300-131720-0005,1089,0,0.1419,0.7309
2300-131720-0005,1188,0,0.0918,0.6285
2300-131720-0005,1320,0,0.215,0.8253
2300-131720-0005,2300,1,0.8911,0.9912
2300-131720-0005,260,0,0.109,0.6503
2300-131720-0005,2830,0,0.0704,0.5121
2300-131720-0005,4077,0,0.1739,0.7524
2300-131720-0005,5105,0,-0.0476,0.7742
2300-131720-0005,5639,0,0.1409,0.4844
2300-131720-0005,61,0,0.2132,0.6243
2300-131720-0005,672,0,0.1405,0.6946
2300-131720-0005,6930,0,0.0645,0.6724
2300-131720-0005,7021,0,0.2178,0.8676
2300-131720-0005,7127,0,0.2403,0.7545
2300-131720-0005,7176,0,0.075,0.5717
2300-131720-0005,7729,0,0.1874,0.7282
2300-131720-0005,8224,0,0.0862,0.5442
2300-131720-0005,8230,0,0.1353,0.5185
2300-131720-0005,8455,0,0.1578,0.8305
2300-131720-0005,908,0,-0.1289,0.7224
2300-131720-0010,1089,0,0.1905,0.8327
2300-131720-0010,1188,0,0.0641,0.7464
2300-131720-0010,1320,0,0.2973,0.911
2300-131720-0010,2300,1,0.8875,0.9776
2300-131720-0010,260,0,0.1763,0.7727
2300-131720-0010,2830,0,0.0795,0.6665
2300-131720-0010,4077,0,0.1437,0.8112
2300-131720-0010,5105,0,0.0179,0.8713
2300-131720-0010,5639,0,0.1741,0.5921
2300-131720-0010,61,0,0.2705,0.7343
2300-131720-0010,672,0,0.2576,0.8087
2300-131720-0010,6930,0,0.0853,0.7895
2300-131720-0010,7021,0,0.2898,0.9298
2300-131720-0010,7127,0,0.3307,0.8382
2300-131720-0010,7176,0,0.1051,0.6841
2300-131720-0010,7729,0,0.1898,0.7776
2300-131720-0010,8224,0,0.1317,0.6246
2300-131720-0010,8230,0,0.0791,0.6577
2300-131720-0010,8455,0,0.1734,0.894
2300-131720-0010,908,0,-0.1169,0.8059
2300-131720-0012,1089,0,0.1257,0.7334
2300-131720-0012,1188,0,0.0979,0.6446
2300-131720-0012,1320,0,0.1634,0.843
2300-131720-0012,2300,1,0.8513,0.9879
2300-131720-0012,260,0,0.0459,0.689
2300-131720-0012,2830,0,0.012,0.5377
2300-131720-0012,4077,0,0.1936,0.7634
2300-131720-0012,5105,0,-0.0416,0.783
2300-131720-0012,5639,0,0.1962,0.4767
2300-131720-0012,61,0,0.3,0.6526
2300-131720-0012,672,0,0.1793,0.7115
2300-131720-0012,6930,0,0.0413,0.7223
2300-131720-0012,7021,0,0.1534,0.857
2300-131720-0012,7127,0,0.2013,0.7612
2300-131720-0012,7176,0,0.1129,0.6089
2300-131720-0012,7729,0,0.1561,0.6908
2300-131720-0012,8224,0,0.1415,0.5734
2300-131720-0012,8230,0,0.1243,0.5443
2300-131720-0012,8455,0,0.1598,0.8737
2300-131720-0012,908,0,-0.135,0.7141
2300-131720-0013,1089,0,0.1371,0.7406
2300-131720-0013,1188,0,0.0817,0.6466
2300-131720-0013,1320,0,0.1619,0.8547
2300-131720-0013,2300,1,0.8787,0.9842
2300-131720-0013,260,0,0.073,0.6926
2300-131720-0013,2830,0,0.0482,0.5486
2300-131720-0013,4077,0,0.2064,0.7788
2300-131720-0013,5105,0,-0.0703,0.8021
2300-131720-0013,5639,0,0.1638,0.494
2300-131720-0013,61,0,0.3259,0.6525
2300-131720-0013,672,0,0.0941,0.72
2300-131720-0013,6930,0,0.0418,0.7313
2300-131720-0013,7021,0,0.1791,0.868
2300-131720-0013,7127,0,0.2105,0.783
2300-131720-0013,7176,0,0.1304,0.6108
2300-131720-0013,7729,0,0.1471,0.6967
2300-131720-0013,8224,0,0.1353,0.5761
2300-131720-0013,8230,0,0.1337,0.5485
2300-131720-0013,8455,0,0.1166,0.8741
2300-131720-0013,908,0,-0.1523,0.7166
2300-131720-0021,1089,0,0.1483,0.7725
2300-131720-0021,1188,0,0.0936,0.6795
2300-131720-0021,1320,0,0.1725,0.8606
2300-131720-0021,2300,1,0.8679,0.9801
2300-131720-0021,260,0,-0.0002,0.7154
2300-131720-0021,2830,0,0.0654,0.5846
2300-131720-0021,4077,0,0.1482,0.7901
2300-131720-0021,5105,0,-0.0471,0.8061
2300-131720-0021,5639,0,0.1443,0.5126
2300-131720-0021,61,0,0.2873,0.682
2300-131720-0021,672,0,0.0746,0.7414
2300-131720-0021,6930,0,0.0312,0.7463
2300-131720-0021,7021,0,0.1198,0.8674
2300-131720-0021,7127,0,0.2931,0.7967
2300-131720-0021,7176,0,0.0951,0.6427
2300-131720-0021,7729,0,0.1336,0.7124
2300-131720-0021,8224,0,0.1595,0.5867
2300-131720-0021,8230,0,0.129,0.5976
2300-131720-0021,8455,0,0.1333,0.8919
2300-131720-0021,908,0,-0.2095,0.7241
2300-131720-0034,1089,0,0.1402,0.7336
2300-131720-0034,1188,0,0.1172,0.6123
2300-131720-0034,1320,0,0.1741,0.8256
2300-131720-0034,2300,1,0.9192,0.9885
2300-131720-0034,260,0,0.0758,0.653
2300-131720-0034,2830,0,0.0617,0.479
2300-131720-0034,4077,0,0.1927,0.7371
2300-131720-0034,5105,0,-0.0302,0.7628
2300-131720-0034,5639,0,0.0957,0.4458
2300-131720-0034,61,0,0.2718,0.6215
2300-131720-0034,672,0,0.0782,0.7031
2300-131720-0034,6930,0,0.0306,0.6731
2300-131720-0034,7021,0,0.2569,0.8693
2300-131720-0034,7127,0,0.2646,0.7261
2300-131720-0034,7176,0,0.1047,0.5742
2300-131720-0034,7729,0,0.1551,0.6845
2300-131720-0034,8224,0,0.097,0.5287
2300-131720-0034,8230,0,0.124,0.5145
2300-131720-0034,8455,0,0.16,0.8496
2300-131720-0034,908,0,0.0032,0.7316
2300-131720-0037,1089,0,0.1959,0.7679
2300-131720-0037,1188,0,0.1051,0.6568
2300-131720-0037,1320,0,0.3059,0.8551
2300-131720-0037,2300,1,0.8535,0.9931
2300-131720-0037,260,0,0.0139,0.6863
2300-131720-0037,2830,0,0.0089,0.5428
2300-131720-0037,4077,0,0.2084,0.7375
2300-131720-0037,5105,0,0.0107,0.8059
2300-131720-0037,5639,0,0.1203,0.4798
2300-131720-0037,61,0,0.2944,0.666
2300-131720-0037,672,0,0.128,0.7362
2300-131720-0037,6930,0,0.0564,0.7201
2300-131720-0037,7021,0,0.2654,0.9031
2300-131720-0037,7127,0,0.2154,0.7528
2300-131720-0037,7176,0,0.1212,0.6194
2300-131720-0037,7729,0,0.185,0.7031
2300-131720-0037,8224,0,0.0797,0.5695
2300-131720-0037,8230,0,0.0608,0.574
2300-131720-0037,8455,0,0.1681,0.8614
2300-131720-0037,908,0,-0.0534,0.7565
2300-131720-0040,1089,0,0.1559,0.7914
2300-131720-0040,1188,0,0.0229,0.6654
2300-131720-0040,1320,0,0.1961,0.8607
2300-131720-0040,2300,1,0.834,0.9856
2300-131720-0040,260,0,-0.0141,0.6708
2300-131720-0040,2830,0,0.0648,0.5551
2300-131720-0040,4077,0,0.1868,0.7486
2300-131720-0040,5105,0,-0.0586,0.8004
2300-131720-0040,5639,0,0.0931,0.4935
2300-131720-0040,61,0,0.227,0.6407
2300-131720-0040,672,0,0.0761,0.7362
2300-131720-0040,6930,0,0.051,0.7059
2300-131720-0040,7021,0,0.1673,0.8882
2300-131720-0040,7127,0,0.2343,0.7869
2300-131720-0040,7176,0,0.1052,0.5985
2300-131720-0040,7729,0,0.1649,0.7128
2300-131720-0040,8224,0,0.0181,0.5612
2300-131720-0040,8230,0,0.0202,0.5777
2300-131720-0040,8455,0,0.1075,0.8589
2300-131720-0040,908,0,-0.0255,0.7414
237-126133-0006,121,0,0.1062,0.7613
237-126133-0006,1221,0,0.2537,0.9012
237-126133-0006,1284,0,0.0843,0.8423
237-126133-0006,1580,0,0.1612,0.8879
237-126133-0006,1995,0,0.0727,0.8115
237-126133-0006,2094,0,0.0877,0.8333
237-126133-0006,237,1,0.8223,0.9561
237-126133-0006,2961,0,0.0026,0.6106
237-126133-0006,3570,0,0.0702,0.724
237-126133-0006,3575,0,0.2464,0.7901
237-126133-0006,3729,0,0.1538,0.8244
237-126133-0006,4446,0,0.0091,0.8707
237-126133-0006,4507,0,0.0987,0.8735
237-126133-0006,4970,0,0.1522,0.8457
237-126133-0006,4992,0,-0.0539,0.8595
237-126133-0006,5142,0,0.2763,0.8786
237-126133-0006,5683,0,0.493,0.9245
237-126133-0006,6829,0,0.1064,0.84
237-126133-0006,8463,0,-0.0291,0.8087
237-126133-0006,8555,0,0.2422,0.906
237-126133-0019,121,0,0.0354,0.8128
237-126133-0019,1221,0,0.1643,0.9071
237-126133-0019,1284,0,0.2158,0.9189
237-126133-0019,1580,0,0.3482,0.921
237-126133-0019,1995,0,0.1234,0.8523
237-126133-0019,2094,0,0.1383,0.8818
237-126133-0019,237,1,0.7791,0.9567
237-126133-0019,2961,0,0.0452,0.681
237-126133-0019,3570,0,0.1163,0.7389
237-126133-0019,3575,0,0.1729,0.7062
237-126133-0019,3729,0,0.1257,0.8701
237-126133-0019,4446,0,0.0764,0.9391
237-126133-0019,4507,0,0.0811,0.8533
237-126133-0019,4970,0,0.1773,0.7436
237-126133-0019,4992,0,0.0321,0.8951
237-126133-0019,5142,0,0.2211,0.8539
237-126133-0019,5683,0,0.2699,0.8866
237-126133-0019,6829,0,0.0988,0.8342
237-126133-0019,8463,0,0.0711,0.8396
237-126133-0019,8555,0,0.0773,0.8274
237-126133-0021,121,0,0.066,0.8565
237-126133-0021,1221,0,0.1885,0.9455
237-126133-0021,1284,0,0.124,0.8929
237-126133-0021,1580,0,0.2222,0.9181
237-126133-0021,1995,0,0.0915,0.8619
237-126133-0021,2094,0,0.0973,0.9053
237-126133-0021,237,1,0.8445,0.9754
237-126133-0021,2961,0,0.1495,0.7494
237-126133-0021,3570,0,0.1981,0.8058
237-126133-0021,3575,0,0.1988,0.765
237-126133-0021,3729,0,0.1264,0.9169
237-126133-0021,4446,0,0.0913,0.9419
237-126133-0021,4507,0,0.1142,0.9101
237-126133-0021,4970,0,0.114,0.7859
237-126133-0021,4992,0,0.0072,0.9214
237-126133-0021,5142,0,0.136,0.855
237-126133-0021,5683,0,0.2656,0.8985
237-126133-0021,6829,0,0.1345,0.9026
237-126133-0021,8463,0,0.0369,0.8666
237-126133-0021,8555,0,0.121,0.8353
237-126133-0022,121,0,0.0965,0.8402
237-126133-0022,1221,0,0.1356,0.9181
237-126133-0022,1284,0,0.1464,0.8909
237-126133-0022,1580,0,0.2703,0.9228
237-126133-0022,1995,0,0.0484,0.8268
237-126133-0022,2094,0,0.0789,0.8859
237-126133-0022,237,1,0.8066,0.9638
237-126133-0022,2961,0,0.0216,0.7057
237-126133-0022,3570,0,0.0758,0.7783
237-126133-0022,3575,0,0.1566,0.7593
237-126133-0022,3729,0,0.1153,0.8963
237-126133-0022,4446,0,0.0638,0.9251
237-126133-0022,4507,0,-0.0009,0.8989
237-126133-0022,4970,0,0.1718,0.7756
237-126133-0022,4992,0,0.0611,0.8854
237-126133-0022,5142,0,0.2301,0.8439
237-126133-0022,5683,0,0.2657,0.9147
237-126133-0022,6829,0,0.1353,0.863
237-126133-0022,8463,0,0.0877,0.8222
237-126133-0022,8555,0,0.054,0.8334
237-134493-0016,121,0,0.1273,0.8804
237-134493-0016,1221,0,0.1612,0.9354
237-134493-0016,1284,0,0.1161,0.8715
237-134493-0016,1580,0,0.2103,0.9142
237-134493-0016,1995,0,0.131,0.8774
237-134493-0016,2094,0,0.177,0.908
237-134493-0016,237,1,0.8713,0.99
237-134493-0016,2961,0,0.1103,0.7477
237-134493-0016,3570,0,0.1388,0.8276
237-134493-0016,3575,0,0.3113,0.7859
237-134493-0016,3729,0,0.1351,0.9237
237-134493-0016,4446,0,-0.0305,0.9306
237-134493-0016,4507,0,0.0453,0.9179
237-134493-0016,4970,0,0.1558,0.7865
237-134493-0016,4992,0,-0.0624,0.9275
237-134493-0016,5142,0,0.0849,0.8622
237-134493-0016,5683,0,0.3482,0.9123
237-134493-0016,6829,0,0.1572,0.8732
237-134493-0016,8463,0,0.0366,0.8742
237-134493-0016,8555,0,0.0891,0.8724
237-134493-0018,121,0,0.1237,0.8872
237-134493-0018,1221,0,0.1398,0.9026
237-134493-0018,1284,0,0.1054,0.8494
237-134493-0018,1580,0,0.2222,0.8932
237-134493-0018,1995,0,0.1321,0.8725
237-134493-0018,2094,0,0.1848,0.9117
237-134493-0018,237,1,0.8446,0.9801
237-134493-0018,2961,0,0.0882,0.7772
237-134493-0018,3570,0,0.1194,0.847
237-134493-0018,3575,0,0.3178,0.8282
237-134493-0018,3729,0,0.1234,0.9036
237-134493-0018,4446,0,-0.0189,0.8897
237-134493-0018,4507,0,-0.024,0.8937
237-134493-0018,4970,0,0.197,0.7901
237-134493-0018,4992,0,-0.0388,0.8972
237-134493-0018,5142,0,0.0884,0.8052
237-134493-0018,5683,0,0.3791,0.8962
237-134493-0018,6829,0,0.1726,0.8641
237-134493-0018,8463,0,0.0347,0.862
237-134493-0018,8555,0,0.0646,0.8267
237-134500-0010,121,0,0.1634,0.8366
237-134500-0010,1221,0,0.3362,0.9008
237-134500-0010,1284,0,0.0809,0.8216
237-134500-0010,1580,0,0.2452,0.8861
237-134500-0010,1995,0,0.0972,0.8416
237-134500-0010,2094,0,0.2059,0.8594
237-134500-0010,237,1,0.7749,0.9748
237-134500-0010,2961,0,0.0791,0.7363
237-134500-0010,3570,0,0.0423,0.8352
237-134500-0010,3575,0,0.3596,0.7973
237-134500-0010,3729,0,0.1549,0.8574
237-134500-0010,4446,0,0.0544,0.8631
237-134500-0010,4507,0,-0.0031,0.8921
237-134500-0010,4970,0,0.1767,0.7844
237-134500-0010,4992,0,0.0863,0.8692
237-134500-0010,5142,0,0.0373,0.806
237-134500-0010,5683,0,0.378,0.8711
237-134500-0010,6829,0,0.2718,0.8337
237-134500-0010,8463,0,0.1518,0.8113
237-134500-0010,8555,0,0.0394,0.8545
237-134500-0013,121,0,0.1522,0.8818
237-134500-0013,1221,0,0.2,0.9029
237-134500-0013,1284,0,0.1102,0.8529
237-134500-0013,1580,0,0.192,0.8958
237-134500-0013,1995,0,0.0732,0.8829
237-134500-0013,2094,0,0.1587,0.8977
237-134500-0013,237,1,0.8839,0.9911
237-134500-0013,2961,0,0.0174,0.7745
237-134500-0013,3570,0,0.0292,0.8602
237-134500-0013,3575,0,0.3138,0.8039
237-134500-0013,3729,0,0.1006,0.9028
237-134500-0013,4446,0,-0.0196,0.8946
237-134500-0013,4507,0,0.0321,0.8959
237-134500-0013,4970,0,0.1313,0.778
237-134500-0013,4992,0,0.0239,0.9011
237-134500-0013,5142,0,0.0759,0.8208
237-134500-0013,5683,0,0.2876,0.89
237-134500-0013,6829,0,0.2201,0.8507
237-134500-0013,8463,0,0.0945,0.8536
237-134500-0013,8555,0,0.0496,0.8484
237-134500-0014,121,0,0.2371,0.9092
237-134500-0014,1221,0,0.1515,0.8841
237-134500-0014,1284,0,0.0701,0.8336
237-134500-0014,1580,0,0.2669,0.8807
237-134500-0014,1995,0,0.1669,0.9033
237-134500-0014,2094,0,0.1539,0.8847
237-134500-0014,237,1,0.8457,0.9789
237-134500-0014,2961,0,0.1698,0.8056
237-134500-0014,3570,0,0.17,0.8671
237-134500-0014,3575,0,0.2696,0.751
237-134500-0014,3729,0,0.1724,0.9061
237-134500-0014,4446,0,0.0498,0.8889
237-134500-0014,4507,0,0.0843,0.8792
237-134500-0014,4970,0,0.0801,0.7039
237-134500-0014,4992,0,-0.0109,0.9067
237-134500-0014,5142,0,0.0126,0.7869
237-134500-0014,5683,0,0.2748,0.8426
237-134500-0014,6829,0,0.1729,0.8125
237-134500-0014,8463,0,0.0803,0.857
237-134500-0014,8555,0,-0.0506,0.8159
237-134500-0018,121,0,0.1122,0.8842
237-134500-0018,1221,0,0.165,0.9119
237-134500-0018,1284,0,0.1424,0.8484
237-134500-0018,1580,0,0.2052,0.9003
237-134500-0018,1995,0,0.1578,0.8773
237-134500-0018,2094,0,0.1728,0.8994
237-134500-0018,237,1,0.9096,0.9909
237-134500-0018,2961,0,0.0736,0.7674
237-134500-0018,3570,0,0.0651,0.8526
237-134500-0018,3575,0,0.3132,0.8068
237-134500-0018,3729,0,0.104,0.9109
237-134500-0018,4446,0,-0.0309,0.8979
237-134500-0018,4507,0,0.0268,0.915
237-134500-0018,4970,0,0.1681,0.7858
237-134500-0018,4992,0,-0.0325,0.9064
237-134500-0018,5142,0,0.0961,0.8409
237-134500-0018,5683,0,0.3557,0.9015
237-134500-0018,6829,0,0.143,0.8567
237-134500-0018,8463,0,0.0666,0.8564
237-134500-0018,8555,0,0.0325,0.8704
260-123286-0000,1089,0,0.2195,0.8814
260-123286-0000,1188,0,0.0419,0.9064
260-123286-0000,1320,0,0.1671,0.8698
260-123286-0000,2300,0,0.1167,0.6923
260-123286-0000,260,1,0.7544,0.9799
260-123286-0000,2830,0,0.16,0.8664
260-123286-0000,4077,0,0.1969,0.8755
260-123286-0000,5105,0,0.2148,0.8921
260-123286-0000,5639,0,0.0284,0.822
260-123286-0000,61,0,0.1719,0.9186
260-123286-0000,672,0,0.2836,0.9156
260-123286-0000,6930,0,0.1182,0.8416
260-123286-0000,7021,0,0.2052,0.8522
260-123286-0000,7127,0,0.1577,0.82
260-123286-0000,7176,0,0.1737,0.9273
260-123286-0000,7729,0,-0.0595,0.8402
260-123286-0000,8224,0,0.1689,0.7107
260-123286-0000,8230,0,0.184,0.8858
260-123286-0000,8455,0,0.2057,0.8419
260-123286-0000,908,0,0.0105,0.8965
260-123286-0003,1089,0,0.099,0.8145
260-123286-0003,1188,0,0.1091,0.8649
260-123286-0003,1320,0,0.1949,0.7754
260-123286-0003,2300,0,0.0816,0.5538
260-123286-0003,260,1,0.7072,0.9491
260-123286-0003,2830,0,0.1243,0.8492
260-123286-0003,4077,0,0.1675,0.8184
260-123286-0003,5105,0,0.1518,0.7806
260-123286-0003,5639,0,0.1744,0.8489
260-123286-0003,61,0,0.0625,0.8694
260-123286-0003,672,0,0.3944,0.8826
260-123286-0003,6930,0,0.2116,0.8528
260-123286-0003,7021,0,0.0747,0.7033
260-123286-0003,7127,0,0.1258,0.726
260-123286-0003,7176,0,0.0632,0.8891
260-123286-0003,7729,0,0.1035,0.7716
260-123286-0003,8224,0,0.1462,0.7489
260-123286-0003,8230,0,-0.0024,0.8659
260-123286-0003,8455,0,0.1545,0.8001
260-123286-0003,908,0,0.0259,0.8225
260-123286-0028,1089,0,0.1679,0.8273
260-123286-0028,1188,0,0.0646,0.8866
260-123286-0028,1320,0,0.2171,0.7703
260-123286-0028,2300,0,0.0287,0.5209
260-123286-0028,260,1,0.8359,0.9598
260-123286-0028,2830,0,0.2236,0.8699
260-123286-0028,4077,0,0.1055,0.7891
260-123286-0028,5105,0,0.2972,0.81
260-123286-0028,5639,0,0.0399,0.8856
260-123286-0028,61,0,0.1331,0.8992
260-123286-0028,672,0,0.2666,0.8998
260-123286-0028,6930,0,0.2219,0.8288
260-123286-0028,7021,0,0.1807,0.7349
260-123286-0028,7127,0,0.0257,0.7042
260-123286-0028,7176,0,0.1481,0.9039
260-123286-0028,7729,0,-0.0391,0.7878
260-123286-0028,8224,0,0.1692,0.7762
260-123286-0028,8230,0,0.1436,0.8948
260-123286-0028,8455,0,0.1379,0.749
260-123286-0028,908,0,0.0513,0.8619
260-123286-0030,1089,0,0.0906,0.8396
260-123286-0030,1188,0,0.1095,0.8916
260-123286-0030,1320,0,0.1978,0.7906
260-123286-0030,2300,0,-0.0136,0.5673
260-123286-0030,260,1,0.836,0.9706
260-123286-0030,2830,0,0.2184,0.856
260-123286-0030,4077,0,0.166,0.8062
260-123286-0030,5105,0,0.2905,0.8258
260-123286-0030,5639,0,0.0011,0.8593
260-123286-0030,61,0,0.1152,0.9092
260-123286-0030,672,0,0.2179,0.9081
260-123286-0030,6930,0,0.2554,0.8319
260-123286-0030,7021,0,0.1886,0.763
260-123286-0030,7127,0,-0.0768,0.7147
260-123286-0030,7176,0,0.1508,0.9106
260-123286-0030,7729,0,-0.063,0.7996
260-123286-0030,8224,0,0.1642,0.7685
260-123286-0030,8230,0,0.0801,0.8957
260-123286-0030,8455,0,0.0958,0.781
260-123286-0030,908,0,0.073,0.8725
260-123286-0031,1089,0,0.2001,0.8381
260-123286-0031,1188,0,0.1612,0.8809
260-123286-0031,1320,0,0.2023,0.7684
260-123286-0031,2300,0,0.0468,0.5358
260-123286-0031,260,1,0.7824,0.9558
260-123286-0031,2830,0,0.2846,0.8625
260-123286-0031,4077,0,0.2022,0.8116
260-123286-0031,5105,0,0.3024,0.8001
260-123286-0031,5639,0,0.0529,0.8831
260-123286-0031,61,0,0.0459,0.8883
260-123286-0031,672,0,0.2598,0.8911
260-123286-0031,6930,0,0.2477,0.8137
260-123286-0031,7021,0,0.2248,0.7386
260-123286-0031,7127,0,0.0298,0.722
260-123286-0031,7176,0,0.1262,0.8883
260-123286-0031,7729,0,-0.0675,0.8122
260-123286-0031,8224,0,0.2232,0.7393
260-123286-0031,8230,0,0.0996,0.8808
260-123286-0031,8455,0,0.1579,0.7452
260-123286-0031,908,0,0.1023,0.87
260-123288-0001,1089,0,0.2864,0.8715
260-123288-0001,1188,0,0.2342,0.916
260-123288-0001,1320,0,0.1713,0.8573
260-123288-0001,2300,0,0.1164,0.6437
260-123288-0001,260,1,0.7016,0.985
260-123288-0001,2830,0,0.2522,0.8825
260-123288-0001,4077,0,0.1138,0.8393
260-123288-0001,5105,0,0.1114,0.8866
260-123288-0001,5639,0,0.043,0.844
260-123288-0001,61,0,0.1121,0.9079
260-123288-0001,672,0,0.3911,0.9197
260-123288-0001,6930,0,-0.0112,0.8609
260-123288-0001,7021,0,0.1913,0.8368
260-123288-0001,7127,0,0.0683,0.795
260-123288-0001,7176,0,0.2103,0.9215
260-123288-0001,7729,0,0.123,0.8168
260-123288-0001,8224,0,0.1111,0.748
260-123288-0001,8230,0,0.202,0.8908
260-123288-0001,8455,0,0.1353,0.8271
260-123288-0001,908,0,0.0863,0.8982
260-123288-0025,1089,0,0.2376,0.8777
260-123288-0025,1188,0,0.184,0.9008
260-123288-0025,1320,0,0.1559,0.8384
260-123288-0025,2300,0,0.0591,0.6429
260-123288-0025,260,1,0.8528,0.9835
260-123288-0025,2830,0,0.2973,0.8578
260-123288-0025,4077,0,0.1414,0.819
260-123288-0025,5105,0,0.1736,0.8519
260-123288-0025,5639,0,0.0607,0.8347
260-123288-0025,61,0,0.1282,0.9138
260-123288-0025,672,0,0.2028,0.9232
260-123288-0025,6930,0,0.1446,0.8859
260-123288-0025,7021,0,0.1396,0.8156
260-123288-0025,7127,0,0.1215,0.7458
260-123288-0025,7176,0,0.1359,0.9136
260-123288-0025,7729,0,-0.0472,0.8049
260-123288-0025,8224,0,0.1701,0.751
260-123288-0025,8230,0,0.1508,0.907
260-123288-0025,8455,0,0.1864,0.8444
260-123288-0025,908,0,-0.0213,0.9035
260-123440-0012,1089,0,0.2933,0.8317
260-123440-0012,1188,0,0.1256,0.9144
260-123440-0012,1320,0,0.1815,0.8494
260-123440-0012,2300,0,0.0957,0.6406
260-123440-0012,260,1,0.5935,0.9581
260-123440-0012,2830,0,0.3007,0.9084
260-123440-0012,4077,0,0.1466,0.782
260-123440-0012,5105,0,0.1434,0.8857
260-123440-0012,5639,0,0.063,0.8031
260-123440-0012,61,0,0.2666,0.907
260-123440-0012,672,0,0.1725,0.8859
260-123440-0012,6930,0,0.1431,0.8661
260-123440-0012,7021,0,0.1028,0.8179
260-123440-0012,7127,0,0.1253,0.7765
260-123440-0012,7176,0,0.3416,0.9138
260-123440-0012,7729,0,0.0811,0.7811
260-123440-0012,8224,0,0.1006,0.7853
260-123440-0012,8230,0,0.2563,0.8918
260-123440-0012,8455,0,0.0068,0.8044
260-123440-0012,908,0,0.0213,0.8489
260-123440-0015,1089,0,0.1833,0.8489
260-123440-0015,1188,0,0.1942,0.9191
260-123440-0015,1320,0,0.2032,0.8379
260-123440-0015,2300,0,0.1401,0.6128
260-123440-0015,260,1,0.7236,0.9651
260-123440-0015,2830,0,0.3902,0.9191
260-123440-0015,4077,0,-0.0597,0.8137
260-123440-0015,5105,0,0.165,0.8826
260-123440-0015,5639,0,0.0894,0.8344
260-123440-0015,61,0,0.2069,0.9356
260-123440-0015,672,0,0.2465,0.9024
260-123440-0015,6930,0,0.1549,0.8673
260-123440-0015,7021,0,0.1192,0.8038
260-123440-0015,7127,0,0.1632,0.7835
260-123440-0015,7176,0,0.1853,0.9335
260-123440-0015,7729,0,0.0836,0.8154
260-123440-0015,8224,0,0.1155,0.7689
260-123440-0015,8230,0,0.2093,0.9115
260-123440-0015,8455,0,-0.0681,0.7963
260-123440-0015,908,0,0.0318,0.8631
260-123440-0016,1089,0,0.1027,0.8419
260-123440-0016,1188,0,0.1177,0.9205
260-123440-0016,1320,0,0.2635,0.8441
260-123440-0016,2300,0,0.1348,0.6122
260-123440-0016,260,1,0.6656,0.9336
260-123440-0016,2830,0,0.2817,0.926
260-123440-0016,4077,0,0.0592,0.7304
260-123440-0016,5105,0,0.1519,0.8961
260-123440-0016,5639,0,0.1125,0.8041
260-123440-0016,61,0,0.196,0.9026
260-123440-0016,672,0,0.1709,0.8902
260-123440-0016,6930,0,0.2391,0.8707
260-123440-0016,7021,0,0.1974,0.8288
260-123440-0016,7127,0,0.0624,0.7551
260-123440-0016,7176,0,0.3103,0.8932
260-123440-0016,7729,0,0.1462,0.7787
260-123440-0016,8224,0,0.1234,0.7879
260-123440-0016,8230,0,0.0916,0.9099
260-123440-0016,8455,0,-0.0841,0.7766
260-123440-0016,908,0,0.0747,0.8582
2830-3979-0006,1089,0,0.3189,0.7969
2830-3979-0006,1188,0,0.3648,0.9198
2830-3979-0006,1320,0,0.262,0.8087
2830-3979-0006,2300,0,0.0643,0.523
2830-3979-0006,260,0,0.1892,0.8477
2830-3979-0006,2830,1,0.8359,0.9849
2830-3979-0006,4077,0,0.0699,0.6768
2830-3979-0006,5105,0,0.2397,0.8254
2830-3979-0006,5639,0,0.2035,0.7611
2830-3979-0006,61,0,0.1414,0.7838
2830-3979-0006,672,0,0.176,0.7881
2830-3979-0006,6930,0,0.0094,0.7622
2830-3979-0006,7021,0,0.165,0.7317
2830-3979-0006,7127,0,0.2219,0.8138
2830-3979-0006,7176,0,0.2007,0.7943
2830-3979-0006,7729,0,0.2368,0.7447
2830-3979-0006,8224,0,0.0959,0.6346
2830-3979-0006,8230,0,0.3159,0.8576
2830-3979-0006,8455,0,0.0291,0.6708
2830-3979-0006,908,0,0.0564,0.7344
2830-3979-0011,1089,0,0.2757,0.8081
2830-3979-0011,1188,0,0.3275,0.9336
2830-3979-0011,1320,0,0.224,0.8537
2830-3979-0011,2300,0,0.0917,0.5914
2830-3979-0011,260,0,0.2122,0.838
2830-3979-0011,2830,1,0.8343,0.9795
2830-3979-0011,4077,0,0.0298,0.6821
2830-3979-0011,5105,0,0.2921,0.8767
2830-3979-0011,5639,0,0.1877,0.7528
2830-3979-0011,61,0,-0.0158,0.7653
2830-3979-0011,672,0,0.1749,0.7936
2830-3979-0011,6930,0,0.0539,0.7486
2830-3979-0011,7021,0,0.1775,0.7923
2830-3979-0011,7127,0,0.2249,0.8546
2830-3979-0011,7176,0,0.1021,0.7656
2830-3979-0011,7729,0,0.1512,0.7591
2830-3979-0011,8224,0,0.1538,0.6585
2830-3979-0011,8230,0,0.2038,0.8411
2830-3979-0011,8455,0,0.0349,0.6943
2830-3979-0011,908,0,-0.0084,0.7373
2830-3980-0029,1089,0,0.1929,0.8154
2830-3980-0029,1188,0,0.3848,0.9281
2830-3980-0029,1320,0,0.1664,0.8386
2830-3980-0029,2300,0,0.0215,0.5547
2830-3980-0029,260,0,0.1098,0.8345
2830-3980-0029,2830,1,0.8376,0.9877
2830-3980-0029,4077,0,-0.0534,0.6876
2830-3980-0029,5105,0,0.2451,0.8672
2830-3980-0029,5639,0,0.1434,0.7732
2830-3980-0029,61,0,0.1088,0.782
2830-3980-0029,672,0,0.126,0.7978
2830-3980-0029,6930,0,-0.0307,0.7668
2830-3980-0029,7021,0,0.0246,0.7667
2830-3980-0029,7127,0,0.2753,0.8531
2830-3980-0029,7176,0,0.174,0.7882
2830-3980-0029,7729,0,0.1884,0.7661
2830-3980-0029,8224,0,0.0628,0.6591
2830-3980-0029,8230,0,0.2347,0.8649
2830-3980-0029,8455,0,-0.0241,0.6892
2830-3980-0029,908,0,0.0884,0.7386
2830-3980-0039,1089,0,0.1967,0.8249
2830-3980-0039,1188,0,0.3162,0.93
2830-3980-0039,1320,0,0.0987,0.8463
2830-3980-0039,2300,0,0.0158,0.5886
2830-3980-0039,260,0,0.2728,0.844
2830-3980-0039,2830,1,0.8503,0.9859
2830-3980-0039,4077,0,-0.0064,0.6905
2830-3980-0039,5105,0,0.2169,0.869
2830-3980-0039,5639,0,0.1563,0.7433
2830-3980-0039,61,0,0.0542,0.802
2830-3980-0039,672,0,0.1171,0.8014
2830-3980-0039,6930,0,0.0343,0.7719
2830-3980-0039,7021,0,0.1237,0.7894
2830-3980-0039,7127,0,0.2385,0.8475
2830-3980-0039,7176,0,0.1931,0.8069
2830-3980-0039,7729,0,0.1707,0.7715
2830-3980-0039,8224,0,0.0982,0.6354
2830-3980-0039,8230,0,0.1791,0.8765
2830-3980-0039,8455,0,0.0196,0.7035
2830-3980-0039,908,0,0.1021,0.7525
2830-3980-0050,1089,0,0.3534,0.8783
2830-3980-0050,1188,0,0.4152,0.9684
2830-3980-0050,1320,0,0.0955,0.8888
2830-3980-0050,2300,0,0.0742,0.6261
2830-3980-0050,260,0,0.2446,0.903
2830-3980-0050,2830,1,0.8402,0.9775
2830-3980-0050,4077,0,0.063,0.7744
2830-3980-0050,5105,0,0.2441,0.9131
2830-3980-0050,5639,0,0.2041,0.8
2830-3980-0050,61,0,0.0611,0.8418
2830-3980-0050,672,0,0.1109,0.8577
2830-3980-0050,6930,0,-0.0227,0.7865
2830-3980-0050,7021,0,0.1673,0.8431
2830-3980-0050,7127,0,0.2468,0.8881
2830-3980-0050,7176,0,0.1692,0.8563
2830-3980-0050,7729,0,0.096,0.8315
2830-3980-0050,8224,0,0.0338,0.672
2830-3980-0050,8230,0,0.2814,0.8927
2830-3980-0050,8455,0,0.0609,0.7558
2830-3980-0050,908,0,0.0258,0.8298
2830-3980-0054,1089,0,0.3823,0.8439
2830-3980-0054,1188,0,0.4283,0.953
2830-3980-0054,1320,0,0.1247,0.8559
2830-3980-0054,2300,0,0.0805,0.583
2830-3980-0054,260,0,0.3014,0.8786
2830-3980-0054,2830,1,0.9122,0.9926
2830-3980-0054,4077,0,0.0053,0.7354
2830-3980-0054,5105,0,0.2599,0.8899
2830-3980-0054,5639,0,0.1573,0.7851
2830-3980-0054,61,0,0.1101,0.8354
2830-3980-0054,672,0,0.1393,0.8277
2830-3980-0054,6930,0,0.0047,0.7818
2830-3980-0054,7021,0,0.1754,0.7963
2830-3980-0054,7127,0,0.2969,0.8657
2830-3980-0054,7176,0,0.23,0.8482
2830-3980-0054,7729,0,0.0886,0.7937
2830-3980-0054,8224,0,0.1675,0.6767
2830-3980-0054,8230,0,0.3272,0.8976
2830-3980-0054,8455,0,0.047,0.7218
2830-3980-0054,908,0,0.0088,0.7767
2830-3980-0055,1089,0,0.3721,0.8103
2830-3980-0055,1188,0,0.4698,0.9288
2830-3980-0055,1320,0,0.1243,0.8242
2830-3980-0055,2300,0,0.056,0.5119
2830-3980-0055,260,0,0.2584,0.8467
2830-3980-0055,2830,1,0.8873,0.9845
2830-3980-0055,4077,0,0.0479,0.6872
2830-3980-0055,5105,0,0.295,0.8555
2830-3980-0055,5639,0,0.1815,0.7573
2830-3980-0055,61,0,0.1744,0.7928
2830-3980-0055,672,0,0.1378,0.7904
2830-3980-0055,6930,0,-0.0248,0.7323
2830-3980-0055,7021,0,0.1491,0.7508
2830-3980-0055,7127,0,0.237,0.8435
2830-3980-0055,7176,0,0.2546,0.8216
2830-3980-0055,7729,0,0.097,0.7437
2830-3980-0055,8224,0,0.0646,0.6325
2830-3980-0055,8230,0,0.3656,0.878
2830-3980-0055,8455,0,0.0247,0.6617
2830-3980-0055,908,0,0.0792,0.7404
2830-3980-0057,1089,0,0.3793,0.8384
2830-3980-0057,1188,0,0.4708,0.9463
2830-3980-0057,1320,0,0.1152,0.8578
2830-3980-0057,2300,0,0.03,0.6012
2830-3980-0057,260,0,0.2296,0.8791
2830-3980-0057,2830,1,0.865,0.9859
2830-3980-0057,4077,0,-0.0057,0.7445
2830-3980-0057,5105,0,0.3256,0.8981
2830-3980-0057,5639,0,0.1448,0.7836
2830-3980-0057,61,0,0.1122,0.8511
2830-3980-0057,672,0,0.0897,0.8253
2830-3980-0057,6930,0,0.009,0.7847
2830-3980-0057,7021,0,0.1977,0.8107
2830-3980-0057,7127,0,0.281,0.8621
2830-3980-0057,7176,0,0.1612,0.8639
2830-3980-0057,7729,0,0.0697,0.8107
2830-3980-0057,8224,0,0.05,0.6763
2830-3980-0057,8230,0,0.3181,0.8927
2830-3980-0057,8455,0,0.0179,0.7191
2830-3980-0057,908,0,0.0717,0.7917
2830-3980-0062,1089,0,0.2508,0.8328
2830-3980-0062,1188,0,0.426,0.9427
2830-3980-0062,1320,0,0.1065,0.8378
2830-3980-0062,2300,0,0.0812,0.535
2830-3980-0062,260,0,0.2349,0.8597
2830-3980-0062,2830,1,0.7693,0.9815
2830-3980-0062,4077,0,0.0373,0.702
2830-3980-0062,5105,0,0.2999,0.8632
2830-3980-0062,5639,0,0.1274,0.7753
2830-3980-0062,61,0,0.1029,0.7885
2830-3980-0062,672,0,0.0246,0.8159
2830-3980-0062,6930,0,-0.0893,0.7532
2830-3980-0062,7021,0,0.1734,0.7722
2830-3980-0062,7127,0,0.2108,0.8439
2830-3980-0062,7176,0,0.2023,0.8137
2830-3980-0062,7729,0,0.1418,0.7666
2830-3980-0062,8224,0,-0.0134,0.6457
2830-3980-0062,8230,0,0.1722,0.8698
2830-3980-0062,8455,0,-0.0484,0.6877
2830-3980-0062,908,0,0.0905,0.7719
2830-3980-0066,1089,0,0.3237,0.8537
2830-3980-0066,1188,0,0.4004,0.9416
2830-3980-0066,1320,0,0.1241,0.8541
2830-3980-0066,2300,0,0.1074,0.575
2830-3980-0066,260,0,0.2251,0.8827
2830-3980-0066,2830,1,0.8576,0.9819
2830-3980-0066,4077,0,0.0708,0.7771
2830-3980-0066,5105,0,0.2629,0.8957
2830-3980-0066,5639,0,0.165,0.8264
2830-3980-0066,61,0,0.1508,0.8363
2830-3980-0066,672,0,0.0916,0.8359
2830-3980-0066,6930,0,-0.0095,0.7736
2830-3980-0066,7021,0,0.1703,0.7958
2830-3980-0066,7127,0,0.1878,0.8865
2830-3980-0066,7176,0,0.2865,0.8466
2830-3980-0066,7729,0,0.1079,0.8352
2830-3980-0066,8224,0,0.0756,0.6679
2830-3980-0066,8230,0,0.2873,0.8868
2830-3980-0066,8455,0,-0.0181,0.7102
2830-3980-0066,908,0,0.1644,0.7945
2961-960-0004,121,0,0.0235,0.8749
2961-960-0004,1221,0,-0.0125,0.6353
2961-960-0004,1284,0,-0.0066,0.6631
2961-960-0004,1580,0,0.1405,0.6697
2961-960-0004,1995,0,0.0069,0.7896
2961-960-0004,2094,0,0.1536,0.7219
2961-960-0004,237,0,0.0135,0.7107
2961-960-0004,2961,1,0.9006,0.9884
2961-960-0004,3570,0,0.2985,0.8823
2961-960-0004,3575,0,0.1299,0.6377
2961-960-0004,3729,0,0.0342,0.765
2961-960-0004,4446,0,-0.0669,0.6575
2961-960-0004,4507,0,0.0742,0.7164
2961-960-0004,4970,0,0.0989,0.5039
2961-960-0004,4992,0,0.0662,0.6912
2961-960-0004,5142,0,0.0797,0.5334
2961-960-0004,5683,0,0.0457,0.6132
2961-960-0004,6829,0,-0.033,0.6515
2961-960-0004,8463,0,0.0097,0.7045
2961-960-0004,8555,0,0.0155,0.5553
2961-960-0016,121,0,0.0948,0.8878
2961-960-0016,1221,0,0.0536,0.7328
2961-960-0016,1284,0,0.0694,0.7233
2961-960-0016,1580,0,0.1729,0.7349
2961-960-0016,1995,0,0.0302,0.788
2961-960-0016,2094,0,0.1819,0.7671
2961-960-0016,237,0,0.0452,0.7725
2961-960-0016,2961,1,0.8577,0.9794
2961-960-0016,3570,0,0.3297,0.9101
2961-960-0016,3575,0,0.1871,0.7231
2961-960-0016,3729,0,-0.0221,0.8303
2961-960-0016,4446,0,0.0365,0.7341
2961-960-0016,4507,0,0.1054,0.8117
2961-960-0016,4970,0,0.0713,0.6569
2961-960-0016,4992,0,-0.0129,0.7453
2961-960-0016,5142,0,0.0638,0.6402
2961-960-0016,5683,0,0.1487,0.71
2961-960-0016,6829,0,-0.0307,0.7583
2961-960-0016,8463,0,0.0433,0.7584
2961-960-0016,8555,0,-0.0499,0.6548
2961-961-0001,121,0,0.0816,0.8985
2961-961-0001,1221,0,-0.0246,0.6696
2961-961-0001,1284,0,-0.0153,0.6845
2961-961-0001,1580,0,0.1001,0.6951
2961-961-0001,1995,0,0.0228,0.7958
2961-961-0001,2094,0,0.1236,0.7529
2961-961-0001,237,0,0.0262,0.7332
2961-961-0001,2961,1,0.8551,0.9913
2961-961-0001,3570,0,0.3125,0.9066
2961-961-0001,3575,0,0.1487,0.681
2961-961-0001,3729,0,0.0474,0.8067
2961-961-0001,4446,0,0.0363,0.6871
2961-961-0001,4507,0,0.0514,0.7594
2961-961-0001,4970,0,0.1033,0.5438
2961-961-0001,4992,0,-0.0063,0.7147
2961-961-0001,5142,0,-0.0228,0.5569
2961-961-0001,5683,0,0.0565,0.6578
2961-961-0001,6829,0,0.0401,0.6983
2961-961-0001,8463,0,0.0136,0.709
2961-961-0001,8555,0,-0.0514,0.5811
2961-961-0003,121,0,0.1413,0.9436
2961-961-0003,1221,0,-0.0751,0.753
2961-961-0003,1284,0,0.0219,0.7648
2961-961-0003,1580,0,0.0881,0.783
2961-961-0003,1995,0,-0.0097,0.8245
2961-961-0003,2094,0,0.0652,0.8251
2961-961-0003,237,0,-0.0517,0.8115
2961-961-0003,2961,1,0.5905,0.9519
2961-961-0003,3570,0,0.2983,0.9079
2961-961-0003,3575,0,0.0974,0.6759
2961-961-0003,3729,0,0.0489,0.8827
2961-961-0003,4446,0,0.1105,0.791
2961-961-0003,4507,0,0.1397,0.8055
2961-961-0003,4970,0,0.0461,0.5598
2961-961-0003,4992,0,0.0748,0.8019
2961-961-0003,5142,0,-0.0516,0.6258
2961-961-0003,5683,0,-0.0432,0.7204
2961-961-0003,6829,0,0.0396,0.7396
2961-961-0003,8463,0,0.0993,0.7903
2961-961-0003,8555,0,-0.0142,0.6229
2961-961-0004,121,0,0.07,0.8987
2961-961-0004,1221,0,-0.0195,0.6745
2961-961-0004,1284,0,0.0695,0.7202
2961-961-0004,1580,0,0.1424,0.7024
2961-961-0004,1995,0,0.1393,0.8138
2961-961-0004,2094,0,0.1883,0.7538
2961-961-0004,237,0,0.045,0.7355
2961-961-0004,2961,1,0.8894,0.985
2961-961-0004,3570,0,0.4005,0.8764
2961-961-0004,3575,0,0.1405,0.6168
2961-961-0004,3729,0,0.0365,0.8088
2961-961-0004,4446,0,-0.0017,0.7177
2961-961-0004,4507,0,0.0684,0.7314
2961-961-0004,4970,0,0.0609,0.4942
2961-961-0004,4992,0,0.0374,0.7308
2961-961-0004,5142,0,0.0391,0.5599
2961-961-0004,5683,0,0.0694,0.6376
2961-961-0004,6829,0,0.0636,0.6776
2961-961-0004,8463,0,0.0242,0.7268
2961-961-0004,8555,0,-0.0606,0.559
2961-961-0009,121,0,-0.0201,0.9196
2961-961-0009,1221,0,-0.0242,0.8093
2961-961-0009,1284,0,0.0834,0.8246
2961-961-0009,1580,0,0.2077,0.8321
2961-961-0009,1995,0,0.0942,0.8408
2961-961-0009,2094,0,0.2008,0.8533
2961-961-0009,237,0,0.1611,0.8327
2961-961-0009,2961,1,0.7771,0.9592
2961-961-0009,3570,0,0.2661,0.8828
2961-961-0009,3575,0,0.1287,0.7306
2961-961-0009,3729,0,-0.0131,0.886
2961-961-0009,4446,0,0.0969,0.8355
2961-961-0009,4507,0,0.0015,0.8416
2961-961-0009,4970,0,0.1069,0.6676
2961-961-0009,4992,0,0.0294,0.8273
2961-961-0009,5142,0,0.0651,0.7038
2961-961-0009,5683,0,0.0613,0.7796
2961-961-0009,6829,0,0.0675,0.8118
2961-961-0009,8463,0,0.0901,0.8287
2961-961-0009,8555,0,-0.0008,0.6862
2961-961-0010,121,0,0.0978,0.9406
2961-961-0010,1221,0,0.069,0.7886
2961-961-0010,1284,0,0.0069,0.7796
2961-961-0010,1580,0,0.176,0.8167
2961-961-0010,1995,0,0.0068,0.828
2961-961-0010,2094,0,0.1281,0.8481
2961-961-0010,237,0,0.0581,0.8122
2961-961-0010,2961,1,0.8179,0.9532
2961-961-0010,3570,0,0.2804,0.8955
2961-961-0010,3575,0,0.1228,0.7683
2961-961-0010,3729,0,0.0387,0.8921
2961-961-0010,4446,0,0.1068,0.8076
2961-961-0010,4507,0,0.0863,0.8495
2961-961-0010,4970,0,0.0621,0.6673
2961-961-0010,4992,0,0.0643,0.813
2961-961-0010,5142,0,0.0174,0.6774
2961-961-0010,5683,0,0.0682,0.7855
2961-961-0010,6829,0,0.0724,0.7934
2961-961-0010,8463,0,0.0615,0.8065
2961-961-0010,8555,0,-0.0081,0.6876
2961-961-0011,121,0,0.1331,0.9151
2961-961-0011,1221,0,0.0538,0.7029
2961-961-0011,1284,0,-0.0393,0.7286
2961-961-0011,1580,0,0.1633,0.7304
2961-961-0011,1995,0,0.0062,0.829
2961-961-0011,2094,0,0.116,0.7897
2961-961-0011,237,0,0.0346,0.7468
2961-961-0011,2961,1,0.8989,0.9869
2961-961-0011,3570,0,0.3187,0.8737
2961-961-0011,3575,0,0.1468,0.6771
2961-961-0011,3729,0,0.0274,0.831
2961-961-0011,4446,0,0.0401,0.7339
2961-961-0011,4507,0,0.0464,0.7723
2961-961-0011,4970,0,0.0624,0.558
2961-961-0011,4992,0,0.044,0.7624
2961-961-0011,5142,0,0.0486,0.6062
2961-961-0011,5683,0,0.0693,0.677
2961-961-0011,6829,0,0.0229,0.7256
2961-961-0011,8463,0,0.0402,0.7736
2961-961-0011,8555,0,-0.0139,0.6039
2961-961-0014,121,0,0.1228,0.9212
2961-961-0014,1221,0,0.0048,0.7271
2961-961-0014,1284,0,-0.0282,0.7397
2961-961-0014,1580,0,0.1696,0.761
2961-961-0014,1995,0,0.0166,0.8155
2961-961-0014,2094,0,0.1641,0.795
2961-961-0014,237,0,-0.0087,0.7679
2961-961-0014,2961,1,0.8515,0.9826
2961-961-0014,3570,0,0.3404,0.8905
2961-961-0014,3575,0,0.1751,0.7233
2961-961-0014,3729,0,0.1227,0.8475
2961-961-0014,4446,0,-0.0212,0.75
2961-961-0014,4507,0,0.0687,0.7971
2961-961-0014,4970,0,0.0556,0.6106
2961-961-0014,4992,0,0.066,0.7653
2961-961-0014,5142,0,0.022,0.6192
2961-961-0014,5683,0,0.0093,0.7236
2961-961-0014,6829,0,-0.0019,0.7434
2961-961-0014,8463,0,0.0181,0.7752
2961-961-0014,8555,0,0.029,0.6319
2961-961-0017,121,0,0.0825,0.8896
2961-961-0017,1221,0,-0.0004,0.6693
2961-961-0017,1284,0,-0.0374,0.6951
2961-961-0017,1580,0,0.2113,0.7024
2961-961-0017,1995,0,-0.0009,0.7984
2961-961-0017,2094,0,0.1714,0.7587
2961-961-0017,237,0,0.0299,0.7246
2961-961-0017,2961,1,0.8854,0.9917
2961-961-0017,3570,0,0.3152,0.8873
2961-961-0017,3575,0,0.1595,0.6755
2961-961-0017,3729,0,0.0539,0.8
2961-961-0017,4446,0,0.0118,0.691
2961-961-0017,4507,0,0.1227,0.7552
2961-961-0017,4970,0,0.1173,0.5405
2961-961-0017,4992,0,0.0501,0.7149
2961-961-0017,5142,0,0.0491,0.5617
2961-961-0017,5683,0,0.1035,0.6563
2961-961-0017,6829,0,0.0152,0.7017
2961-961-0017,8463,0,0.0299,0.7106
2961-961-0017,8555,0,0.0076,0.5766
3570-5694-0006,121,0,0.1196,0.9034
3570-5694-0006,1221,0,0.1843,0.7735
3570-5694-0006,1284,0,0.1836,0.6801
3570-5694-0006,1580,0,0.1592,0.7672
3570-5694-0006,1995,0,0.212,0.7417
3570-5694-0006,2094,0,0.2073,0.7488
3570-5694-0006,237,0,0.0451,0.8153
3570-5694-0006,2961,0,0.346,0.8909
3570-5694-0006,3570,1,0.8641,0.9909
3570-5694-0006,3575,0,0.018,0.8177
3570-5694-0006,3729,0,0.2591,0.8641
3570-5694-0006,4446,0,0.1244,0.7253
3570-5694-0006,4507,0,0.3532,0.8827
3570-5694-0006,4970,0,-0.0127,0.7122
3570-5694-0006,4992,0,0.1903,0.7452
3570-5694-0006,5142,0,0.1352,0.6328
3570-5694-0006,5683,0,0.0461,0.7843
3570-5694-0006,6829,0,0.0372,0.7503
3570-5694-0006,8463,0,-0.0353,0.7123
3570-5694-0006,8555,0,0.1474,0.7308
3570-5694-0007,121,0,0.0644,0.9049
3570-5694-0007,1221,0,0.2228,0.735
3570-5694-0007,1284,0,0.1939,0.6728
3570-5694-0007,1580,0,0.2209,0.7335
3570-5694-0007,1995,0,0.1788,0.7573
3570-5694-0007,2094,0,0.2111,0.7307
3570-5694-0007,237,0,0.0772,0.7996
3570-5694-0007,2961,0,0.37,0.9271
3570-5694-0007,3570,1,0.8775,0.9899
3570-5694-0007,3575,0,0.0587,0.7582
3570-5694-0007,3729,0,0.3015,0.8439
3570-5694-0007,4446,0,0.0974,0.7065
3570-5694-0007,4507,0,0.3813,0.8392
3570-5694-0007,4970,0,0.0198,0.64
3570-5694-0007,4992,0,0.2164,0.7282
3570-5694-0007,5142,0,0.1192,0.5927
3570-5694-0007,5683,0,0.0354,0.7245
3570-5694-0007,6829,0,0.0647,0.7195
3570-5694-0007,8463,0,-0.042,0.6997
3570-5694-0007,8555,0,0.1084,0.6732
3570-5694-0009,121,0,0.0994,0.9137
3570-5694-0009,1221,0,0.1523,0.7523
3570-5694-0009,1284,0,0.197,0.6931
3570-5694-0009,1580,0,0.2237,0.7772
3570-5694-0009,1995,0,0.1903,0.7782
3570-5694-0009,2094,0,0.2175,0.7611
3570-5694-0009,237,0,-0.0058,0.8131
3570-5694-0009,2961,0,0.3467,0.9284
3570-5694-0009,3570,1,0.8746,0.9896
3570-5694-0009,3575,0,-0.0152,0.803
3570-5694-0009,3729,0,0.3115,0.8461
3570-5694-0009,4446,0,0.1851,0.7196
3570-5694-0009,4507,0,0.3507,0.8474
3570-5694-0009,4970,0,0.0441,0.6607
3570-5694-0009,4992,0,0.2645,0.7456
3570-5694-0009,5142,0,0.0895,0.5971
3570-5694-0009,5683,0,-0.0087,0.7634
3570-5694-0009,6829,0,0.014,0.7277
3570-5694-0009,8463,0,-0.059,0.7103
3570-5694-0009,8555,0,0.1423,0.6999
3570-5694-0010,121,0,0.0845,0.9084
3570-5694-0010,1221,0,0.1254,0.7524
3570-5694-0010,1284,0,0.1711,0.6793
3570-5694-0010,1580,0,0.2287,0.7686
3570-5694-0010,1995,0,0.1863,0.7588
3570-5694-0010,2094,0,0.1892,0.7438
3570-5694-0010,237,0,0.0193,0.8165
3570-5694-0010,2961,0,0.3345,0.9066
3570-5694-0010,3570,1,0.8948,0.9955
3570-5694-0010,3575,0,0.0082,0.8104
3570-5694-0010,3729,0,0.2745,0.8489
3570-5694-0010,4446,0,0.1314,0.7113
3570-5694-0010,4507,0,0.3771,0.8649
3570-5694-0010,4970,0,0.0587,0.6776
3570-5694-0010,4992,0,0.2155,0.7339
3570-5694-0010,5142,0,0.0435,0.6041
3570-5694-0010,5683,0,-0.0252,0.7761
3570-5694-0010,6829,0,0.0622,0.7266
3570-5694-0010,8463,0,-0.0364,0.6926
3570-5694-0010,8555,0,0.1082,0.7159
3570-5694-0015,121,0,0.1529,0.9286
3570-5694-0015,1221,0,0.1745,0.7569
3570-5694-0015,1284,0,0.185,0.691
3570-5694-0015,1580,0,0.1776,0.7663
3570-5694-0015,1995,0,0.1786,0.7878
3570-5694-0015,2094,0,0.0948,0.7792
3570-5694-0015,237,0,0.0537,0.8288
3570-5694-0015,2961,0,0.1925,0.9222
3570-5694-0015,3570,1,0.7938,0.9919
3570-5694-0015,3575,0,0.0034,0.8086
3570-5694-0015,3729,0,0.1661,0.8637
3570-5694-0015,4446,0,0.2796,0.7242
3570-5694-0015,4507,0,0.171,0.8623
3570-5694-0015,4970,0,-0.0191,0.6596
3570-5694-0015,4992,0,0.1947,0.7545
3570-5694-0015,5142,0,0.0225,0.606
3570-5694-0015,5683,0,-0.0258,0.766
3570-5694-0015,6829,0,0.0263,0.7438
3570-5694-0015,8463,0,-0.0394,0.7183
3570-5694-0015,8555,0,0.0789,0.6956
3570-5694-0018,121,0,0.0269,0.895
3570-5694-0018,1221,0,0.2036,0.7449
3570-5694-0018,1284,0,0.2019,0.6629
3570-5694-0018,1580,0,0.2567,0.7232
3570-5694-0018,1995,0,0.1645,0.7432
3570-5694-0018,2094,0,0.1519,0.7292
3570-5694-0018,237,0,-0.0184,0.8015
3570-5694-0018,2961,0,0.2973,0.9191
3570-5694-0018,3570,1,0.8463,0.9859
3570-5694-0018,3575,0,-0.01,0.7539
3570-5694-0018,3729,0,0.1758,0.8509
3570-5694-0018,4446,0,0.266,0.7096
3570-5694-0018,4507,0,0.3084,0.8518
3570-5694-0018,4970,0,0.0995,0.6577
3570-5694-0018,4992,0,0.2187,0.7336
3570-5694-0018,5142,0,0.0797,0.6177
3570-5694-0018,5683,0,-0.0049,0.7262
3570-5694-0018,6829,0,0.0685,0.7363
3570-5694-0018,8463,0,0.0379,0.7076
3570-5694-0018,8555,0,0.1261,0.6896
3570-5695-0001,121,0,0.025,0.877
3570-5695-0001,1221,0,0.1295,0.7014
3570-5695-0001,1284,0,0.1435,0.647
3570-5695-0001,1580,0,0.2127,0.7295
3570-5695-0001,1995,0,0.1923,0.7175
3570-5695-0001,2094,0,0.2281,0.7085
3570-5695-0001,237,0,0.0252,0.7815
3570-5695-0001,2961,0,0.3817,0.8903
3570-5695-0001,3570,1,0.8415,0.9886
3570-5695-0001,3575,0,0.0393,0.7976
3570-5695-0001,3729,0,0.1493,0.8002
3570-5695-0001,4446,0,0.1434,0.6633
3570-5695-0001,4507,0,0.2532,0.8211
3570-5695-0001,4970,0,0.0154,0.6542
3570-5695-0001,4992,0,0.2137,0.6791
3570-5695-0001,5142,0,0.0958,0.5526
3570-5695-0001,5683,0,-0.0519,0.7349
3570-5695-0001,6829,0,-0.0065,0.6832
3570-5695-0001,8463,0,0.0467,0.6491
3570-5695-0001,8555,0,0.0674,0.6689
3570-5695-0014,121,0,-0.0647,0.8917
3570-5695-0014,1221,0,0.1473,0.7225
3570-5695-0014,1284,0,0.1995,0.6584
3570-5695-0014,1580,0,0.2726,0.7427
3570-5695-0014,1995,0,0.1753,0.7464
3570-5695-0014,2094,0,0.2098,0.7341
3570-5695-0014,237,0,0.0554,0.8003
3570-5695-0014,2961,0,0.2614,0.8986
3570-5695-0014,3570,1,0.8387,0.992
3570-5695-0014,3575,0,0.0103,0.8047
3570-5695-0014,3729,0,0.1404,0.8261
3570-5695-0014,4446,0,0.1303,0.6833
3570-5695-0014,4507,0,0.3036,0.8439
3570-5695-0014,4970,0,0.0484,0.6605
3570-5695-0014,4992,0,0.2026,0.7079
3570-5695-0014,5142,0,0.0822,0.5809
3570-5695-0014,5683,0,-0.0096,0.7589
3570-5695-0014,6829,0,-0.0025,0.7076
3570-5695-0014,8463,0,0.0221,0.6679
3570-5695-0014,8555,0,0.0772,0.6964
3570-5696-0000,121,0,0.021,0.9028
3570-5696-0000,1221,0,0.1343,0.776
3570-5696-0000,1284,0,0.126,0.6985
3570-5696-0000,1580,0,0.186,0.7723
3570-5696-0000,1995,0,0.143,0.7537
3570-5696-0000,2094,0,0.1998,0.7663
3570-5696-0000,237,0,-0.0052,0.8378
3570-5696-0000,2961,0,0.2796,0.9017
3570-5696-0000,3570,1,0.8366,0.9905
3570-5696-0000,3575,0,-0.0306,0.7999
3570-5696-0000,3729,0,0.2279,0.8671
3570-5696-0000,4446,0,0.2351,0.7418
3570-5696-0000,4507,0,0.3192,0.8722
3570-5696-0000,4970,0,0.0628,0.6949
3570-5696-0000,4992,0,0.1707,0.7507
3570-5696-0000,5142,0,0.1024,0.6277
3570-5696-0000,5683,0,0.0301,0.7848
3570-5696-0000,6829,0,0.0558,0.757
3570-5696-0000,8463,0,0.0125,0.7103
3570-5696-0000,8555,0,0.0646,0.7133
3570-5696-0008,121,0,0.0225,0.8778
3570-5696-0008,1221,0,0.0747,0.7106
3570-5696-0008,1284,0,0.1681,0.6378
3570-5696-0008,1580,0,0.2055,0.7282
3570-5696-0008,1995,0,0.1394,0.7079
3570-5696-0008,2094,0,0.186,0.7145
3570-5696-0008,237,0,0.0369,0.7861
3570-5696-0008,2961,0,0.3215,0.8826
3570-5696-0008,3570,1,0.7895,0.9867
3570-5696-0008,3575,0,-0.0218,0.7871
3570-5696-0008,3729,0,0.2939,0.8222
3570-5696-0008,4446,0,0.1568,0.6715
3570-5696-0008,4507,0,0.4048,0.8422
3570-5696-0008,4970,0,0.1255,0.6496
3570-5696-0008,4992,0,0.0969,0.6904
3570-5696-0008,5142,0,-0.0178,0.5628
3570-5696-0008,5683,0,-0.0045,0.7442
3570-5696-0008,6829,0,0.1122,0.7022
3570-5696-0008,8463,0,-0.0061,0.6512
3570-5696-0008,8555,0,0.0244,0.6735
3575-170457-0000,121,0,0.1203,0.7902
3575-170457-0000,1221,0,0.2437,0.8011
3575-170457-0000,1284,0,0.1503,0.717
3575-170457-0000,1580,0,0.2077,0.8073
3575-170457-0000,1995,0,0.0415,0.7245
3575-170457-0000,2094,0,0.1102,0.8118
3575-170457-0000,237,0,0.237,0.8026
3575-170457-0000,2961,0,0.1485,0.7124
3575-170457-0000,3570,0,0.0953,0.8224
3575-170457-0000,3575,1,0.8634,0.9823
3575-170457-0000,3729,0,0.0355,0.7916
3575-170457-0000,4446,0,-0.0309,0.7111
3575-170457-0000,4507,0,-0.0017,0.8666
3575-170457-0000,4970,0,0.1804,0.8895
3575-170457-0000,4992,0,0.0823,0.7478
3575-170457-0000,5142,0,-0.0125,0.7039
3575-170457-0000,5683,0,0.3333,0.8839
3575-170457-0000,6829,0,0.3145,0.8479
3575-170457-0000,8463,0,0.2655,0.7239
3575-170457-0000,8555,0,0.0868,0.7981
3575-170457-0005,121,0,0.143,0.7382
3575-170457-0005,1221,0,0.2161,0.7818
3575-170457-0005,1284,0,0.1802,0.7315
3575-170457-0005,1580,0,0.1921,0.8213
3575-170457-0005,1995,0,0.1102,0.7077
3575-170457-0005,2094,0,0.1899,0.772
3575-170457-0005,237,0,0.1821,0.774
3575-170457-0005,2961,0,0.1209,0.6067
3575-170457-0005,3570,0,0.102,0.7488
3575-170457-0005,3575,1,0.8825,0.9763
3575-170457-0005,3729,0,0.0139,0.7394
3575-170457-0005,4446,0,0.0264,0.7002
3575-170457-0005,4507,0,-0.0522,0.8137
3575-170457-0005,4970,0,0.2479,0.8906
3575-170457-0005,4992,0,0.0883,0.7138
3575-170457-0005,5142,0,-0.0135,0.6912
3575-170457-0005,5683,0,0.2861,0.9113
3575-170457-0005,6829,0,0.1401,0.7702
3575-170457-0005,8463,0,0.2024,0.6818
3575-170457-0005,8555,0,0.0982,0.8212
3575-170457-0008,121,0,0.1192,0.8459
3575-170457-0008,1221,0,0.1116,0.8242
3575-170457-0008,1284,0,0.1314,0.7543
3575-170457-0008,1580,0,0.1897,0.8418
3575-170457-0008,1995,0,0.0756,0.7883
3575-170457-0008,2094,0,0.1278,0.8367
3575-170457-0008,237,0,0.2536,0.8456
3575-170457-0008,2961,0,0.154,0.7481
3575-170457-0008,3570,0,0.1452,0.8644
3575-170457-0008,3575,1,0.8744,0.9829
3575-170457-0008,3729,0,0.0476,0.8319
3575-170457-0008,4446,0,-0.039,0.7488
3575-170457-0008,4507,0,-0.0026,0.8856
3575-170457-0008,4970,0,0.2107,0.8652
3575-170457-0008,4992,0,0.0466,0.7841
3575-170457-0008,5142,0,-0.0641,0.7189
3575-170457-0008,5683,0,0.3021,0.9121
3575-170457-0008,6829,0,0.1721,0.8283
3575-170457-0008,8463,0,0.152,0.7482
3575-170457-0008,8555,0,0.114,0.8331
3575-170457-0011,121,0,0.1744,0.7488
3575-170457-0011,1221,0,0.2001,0.7787
3575-170457-0011,1284,0,0.1585,0.6993
3575-170457-0011,1580,0,0.1952,0.7878
3575-170457-0011,1995,0,0.0619,0.7163
3575-170457-0011,2094,0,0.1682,0.7646
3575-170457-0011,237,0,0.2535,0.7738
3575-170457-0011,2961,0,0.1461,0.6396
3575-170457-0011,3570,0,0.081,0.7749
3575-170457-0011,3575,1,0.8796,0.9759
3575-170457-0011,3729,0,0.0175,0.7532
3575-170457-0011,4446,0,-0.0405,0.6849
3575-170457-0011,4507,0,-0.0041,0.8408
3575-170457-0011,4970,0,0.1461,0.8913
3575-170457-0011,4992,0,0.0596,0.714
3575-170457-0011,5142,0,0.0044,0.7094
3575-170457-0011,5683,0,0.3408,0.8973
3575-170457-0011,6829,0,0.1535,0.7842
3575-170457-0011,8463,0,0.1153,0.6742
3575-170457-0011,8555,0,0.028,0.8403
3575-170457-0014,121,0,0.1763,0.8088
3575-170457-0014,1221,0,0.0987,0.809
3575-170457-0014,1284,0,0.0848,0.7252
3575-170457-0014,1580,0,0.1371,0.7939
3575-170457-0014,1995,0,0.0544,0.7642
3575-170457-0014,2094,0,0.1866,0.8296
3575-170457-0014,237,0,0.2417,0.8063
3575-170457-0014,2961,0,0.0866,0.7268
3575-170457-0014,3570,0,0.0361,0.8301
3575-170457-0014,3575,1,0.8981,0.967
3575-170457-0014,3729,0,0.0284,0.8245
3575-170457-0014,4446,0,-0.1226,0.7305
3575-170457-0014,4507,0,-0.0229,0.8801
3575-170457-0014,4970,0,0.1935,0.886
3575-170457-0014,4992,0,-0.0046,0.7784
3575-170457-0014,5142,0,-0.0554,0.7529
3575-170457-0014,5683,0,0.2579,0.8895
3575-170457-0014,6829,0,0.2033,0.8458
3575-170457-0014,8463,0,0.1279,0.7487
3575-170457-0014,8555,0,0.0874,0.847
3575-170457-0020,121,0,0.0664,0.8117
3575-170457-0020,1221,0,0.1284,0.8189
3575-170457-0020,1284,0,0.1092,0.7474
3575-170457-0020,1580,0,0.2928,0.8274
3575-170457-0020,1995,0,0.0736,0.7777
3575-170457-0020,2094,0,0.2516,0.8223
3575-170457-0020,237,0,0.2717,0.8263
3575-170457-0020,2961,0,0.1356,0.7354
3575-170457-0020,3570,0,0.1096,0.8399
3575-170457-0020,3575,1,0.9125,0.9866
3575-170457-0020,3729,0,0.0373,0.8061
3575-170457-0020,4446,0,-0.0551,0.7373
3575-170457-0020,4507,0,-0.0024,0.8739
3575-170457-0020,4970,0,0.1968,0.9014
3575-170457-0020,4992,0,0.0307,0.7698
3575-170457-0020,5142,0,-0.0235,0.7367
3575-170457-0020,5683,0,0.3303,0.91
3575-170457-0020,6829,0,0.2042,0.8308
3575-170457-0020,8463,0,0.1767,0.739
3575-170457-0020,8555,0,0.0442,0.8517
3575-170457-0031,121,0,0.1924,0.709
3575-170457-0031,1221,0,0.1892,0.7377
3575-170457-0031,1284,0,0.1442,0.6529
3575-170457-0031,1580,0,0.2779,0.7575
3575-170457-0031,1995,0,0.0459,0.6173
3575-170457-0031,2094,0,0.1219,0.7131
3575-170457-0031,237,0,0.2573,0.7113
3575-170457-0031,2961,0,0.1396,0.6007
3575-170457-0031,3570,0,0.1103,0.7504
3575-170457-0031,3575,1,0.8536,0.971
3575-170457-0031,3729,0,0.027,0.7192
3575-170457-0031,4446,0,-0.0694,0.6344
3575-170457-0031,4507,0,-0.0033,0.8097
3575-170457-0031,4970,0,0.2101,0.867
3575-170457-0031,4992,0,0.0509,0.6432
3575-170457-0031,5142,0,-0.0561,0.6229
3575-170457-0031,5683,0,0.2927,0.8715
3575-170457-0031,6829,0,0.2482,0.7501
3575-170457-0031,8463,0,0.2321,0.6014
3575-170457-0031,8555,0,0.0503,0.756
3575-170457-0040,121,0,0.1501,0.7213
3575-170457-0040,1221,0,0.197,0.7586
3575-170457-0040,1284,0,0.1365,0.7073
3575-170457-0040,1580,0,0.2014,0.7989
3575-170457-0040,1995,0,0.0163,0.656
3575-170457-0040,2094,0,0.2303,0.762
3575-170457-0040,237,0,0.3138,0.7432
3575-170457-0040,2961,0,0.1342,0.6204
3575-170457-0040,3570,0,0.0683,0.7625
3575-170457-0040,3575,1,0.9177,0.9878
3575-170457-0040,3729,0,0.0698,0.7331
3575-170457-0040,4446,0,-0.0313,0.672
3575-170457-0040,4507,0,-0.0698,0.8209
3575-170457-0040,4970,0,0.1737,0.8824
3575-170457-0040,4992,0,0.0559,0.6738
3575-170457-0040,5142,0,-0.0706,0.6478
3575-170457-0040,5683,0,0.2814,0.8979
3575-170457-0040,6829,0,0.174,0.7859
3575-170457-0040,8463,0,0.131,0.6252
3575-170457-0040,8555,0,0.0355,0.7749
3575-170457-0044,121,0,0.0868,0.7309
3575-170457-0044,1221,0,0.1327,0.7826
3575-170457-0044,1284,0,0.1033,0.6914
3575-170457-0044,1580,0,0.239,0.7817
3575-170457-0044,1995,0,0.0641,0.7264
3575-170457-0044,2094,0,0.167,0.7622
3575-170457-0044,237,0,0.2268,0.7859
3575-170457-0044,2961,0,0.1244,0.6275
3575-170457-0044,3570,0,0.0828,0.7734
3575-170457-0044,3575,1,0.9119,0.9772
3575-170457-0044,3729,0,0.0166,0.7391
3575-170457-0044,4446,0,-0.0762,0.6851
3575-170457-0044,4507,0,-0.103,0.817
3575-170457-0044,4970,0,0.2311,0.9032
3575-170457-0044,4992,0,0.0875,0.7252
3575-170457-0044,5142,0,-0.0817,0.7102
3575-170457-0044,5683,0,0.2863,0.8859
3575-170457-0044,6829,0,0.1628,0.7819
3575-170457-0044,8463,0,0.1145,0.6944
3575-170457-0044,8555,0,0.1854,0.853
3575-170457-0045,121,0,0.133,0.7447
3575-170457-0045,1221,0,0.153,0.7423
3575-170457-0045,1284,0,0.0864,0.6747
3575-170457-0045,1580,0,0.1962,0.7826
3575-170457-0045,1995,0,0.0996,0.7091
3575-170457-0045,2094,0,0.2303,0.7557
3575-170457-0045,237,0,0.3064,0.774
3575-170457-0045,2961,0,0.1343,0.6392
3575-170457-0045,3570,0,0.0903,0.7916
3575-170457-0045,3575,1,0.8527,0.9773
3575-170457-0045,3729,0,0.0573,0.7235
3575-170457-0045,4446,0,-0.0634,0.6531
3575-170457-0045,4507,0,0.0415,0.82
3575-170457-0045,4970,0,0.2107,0.8566
3575-170457-0045,4992,0,0.0702,0.689
3575-170457-0045,5142,0,0.0191,0.6593
3575-170457-0045,5683,0,0.2873,0.8833
3575-170457-0045,6829,0,0.1543,0.7494
3575-170457-0045,8463,0,0.1159,0.647
3575-170457-0045,8555,0,0.1056,0.8185
3729-6852-0002,121,0,0.2364,0.9264
3729-6852-0002,1221,0,0.3055,0.9431
3729-6852-0002,1284,0,0.0437,0.8751
3729-6852-0002,1580,0,0.2364,0.8898
3729-6852-0002,1995,0,0.1178,0.8911
3729-6852-0002,2094,0,0.2459,0.9365
3729-6852-0002,237,0,0.1028,0.9215
3729-6852-0002,2961,0,-0.038,0.7773
3729-6852-0002,3570,0,0.2271,0.8268
3729-6852-0002,3575,0,-0.0324,0.7707
3729-6852-0002,3729,1,0.74,0.9779
3729-6852-0002,4446,0,0.1397,0.9396
3729-6852-0002,4507,0,0.3843,0.9263
3729-6852-0002,4970,0,-0.0474,0.7545
3729-6852-0002,4992,0,0.3421,0.9633
3729-6852-0002,5142,0,0.0778,0.858
3729-6852-0002,5683,0,-0.0323,0.8731
3729-6852-0002,6829,0,0.119,0.9107
3729-6852-0002,8463,0,-0.03,0.9214
3729-6852-0002,8555,0,-0.0086,0.8182
3729-6852-0011,121,0,0.1238,0.9058
3729-6852-0011,1221,0,0.0968,0.8988
3729-6852-0011,1284,0,-0.0491,0.8281
3729-6852-0011,1580,0,0.119,0.8256
3729-6852-0011,1995,0,0.2482,0.8826
3729-6852-0011,2094,0,0.2297,0.9504
3729-6852-0011,237,0,0.1702,0.8778
3729-6852-0011,2961,0,0.0811,0.8203
3729-6852-0011,3570,0,0.1868,0.8248
3729-6852-0011,3575,0,0.0804,0.7856
3729-6852-0011,3729,1,0.6827,0.9496
3729-6852-0011,4446,0,-0.0442,0.8835
3729-6852-0011,4507,0,0.1894,0.8962
3729-6852-0011,4970,0,0.0528,0.7584
3729-6852-0011,4992,0,0.2819,0.935
3729-6852-0011,5142,0,-0.0664,0.8344
3729-6852-0011,5683,0,0.0099,0.8208
3729-6852-0011,6829,0,0.2011,0.9176
3729-6852-0011,8463,0,-0.0316,0.9233
3729-6852-0011,8555,0,0.0508,0.7832
3729-6852-0014,121,0,0.0102,0.9484
3729-6852-0014,1221,0,0.0202,0.8581
3729-6852-0014,1284,0,-0.1074,0.7942
3729-6852-0014,1580,0,0.0829,0.8026
3729-6852-0014,1995,0,0.1994,0.9108
3729-6852-0014,2094,0,0.0174,0.8794
3729-6852-0014,237,0,-0.0888,0.8733
3729-6852-0014,2961,0,0.0412,0.8677
3729-6852-0014,3570,0,0.2245,0.8868
3729-6852-0014,3575,0,-0.1926,0.7538
3729-6852-0014,3729,1,0.6233,0.9314
3729-6852-0014,4446,0,0.0782,0.8379
3729-6852-0014,4507,0,0.2842,0.8746
3729-6852-0014,4970,0,0.0821,0.6805
3729-6852-0014,4992,0,0.265,0.9078
3729-6852-0014,5142,0,-0.0121,0.7569
3729-6852-0014,5683,0,-0.1437,0.7809
3729-6852-0014,6829,0,0.0016,0.8252
3729-6852-0014,8463,0,0.102,0.8903
3729-6852-0014,8555,0,-0.0462,0.7574
3729-6852-0016,121,0,0.155,0.9305
3729-6852-0016,1221,0,0.0166,0.8724
3729-6852-0016,1284,0,-0.0383,0.7716
3729-6852-0016,1580,0,0.2001,0.789
3729-6852-0016,1995,0,0.0592,0.8216
3729-6852-0016,2094,0,0.1051,0.8639
3729-6852-0016,237,0,0.1698,0.8323
3729-6852-0016,2961,0,0.1351,0.8696
3729-6852-0016,3570,0,0.2518,0.8581
3729-6852-0016,3575,0,0.0394,0.6985
3729-6852-0016,3729,1,0.6735,0.9678
3729-6852-0016,4446,0,-0.0651,0.8591
3729-6852-0016,4507,0,0.2955,0.9001
3729-6852-0016,4970,0,-0.0065,0.6778
3729-6852-0016,4992,0,0.1105,0.8971
3729-6852-0016,5142,0,-0.0345,0.7784
3729-6852-0016,5683,0,-0.0158,0.7775
3729-6852-0016,6829,0,0.0765,0.8598
3729-6852-0016,8463,0,0.0475,0.8837
3729-6852-0016,8555,0,-0.0338,0.7314
3729-6852-0022,121,0,0.2471,0.9238
3729-6852-0022,1221,0,0.1546,0.9311
3729-6852-0022,1284,0,0.0743,0.872
3729-6852-0022,1580,0,0.1105,0.8808
3729-6852-0022,1995,0,0.1615,0.8563
3729-6852-0022,2094,0,0.3365,0.9415
3729-6852-0022,237,0,0.1698,0.9181
3729-6852-0022,2961,0,0.0073,0.8042
3729-6852-0022,3570,0,0.2475,0.8436
3729-6852-0022,3575,0,0.0109,0.7601
3729-6852-0022,3729,1,0.8051,0.9798
3729-6852-0022,4446,0,0.0911,0.9429
3729-6852-0022,4507,0,0.3344,0.9166
3729-6852-0022,4970,0,-0.1067,0.7427
3729-6852-0022,4992,0,0.2747,0.9404
3729-6852-0022,5142,0,-0.0481,0.8215
3729-6852-0022,5683,0,0.0181,0.8611
3729-6852-0022,6829,0,0.0903,0.9087
3729-6852-0022,8463,0,0.0032,0.8999
3729-6852-0022,8555,0,-0.0685,0.7729
3729-6852-0026,121,0,0.1664,0.903
3729-6852-0026,1221,0,0.2342,0.919
3729-6852-0026,1284,0,-0.0585,0.8599
3729-6852-0026,1580,0,0.1262,0.8817
3729-6852-0026,1995,0,0.1646,0.8174
3729-6852-0026,2094,0,0.2656,0.9318
3729-6852-0026,237,0,0.1167,0.8834
3729-6852-0026,2961,0,-0.0284,0.7509
3729-6852-0026,3570,0,0.2129,0.8067
3729-6852-0026,3575,0,-0.067,0.7841
3729-6852-0026,3729,1,0.7252,0.9782
3729-6852-0026,4446,0,0.1104,0.9224
3729-6852-0026,4507,0,0.2979,0.9297
3729-6852-0026,4970,0,-0.1323,0.7618
3729-6852-0026,4992,0,0.2834,0.9192
3729-6852-0026,5142,0,0.0395,0.8323
3729-6852-0026,5683,0,0.0631,0.8944
3729-6852-0026,6829,0,0.0509,0.8992
3729-6852-0026,8463,0,-0.0244,0.8673
3729-6852-0026,8555,0,0.0009,0.7956
3729-6852-0037,121,0,0.203,0.9058
3729-6852-0037,1221,0,0.2731,0.949
3729-6852-0037,1284,0,0.0331,0.8807
3729-6852-0037,1580,0,0.1806,0.8872
3729-6852-0037,1995,0,0.1078,0.855
3729-6852-0037,2094,0,0.2073,0.9443
3729-6852-0037,237,0,0.1715,0.8993
3729-6852-0037,2961,0,-0.0833,0.7541
3729-6852-0037,3570,0,0.1858,0.8061
3729-6852-0037,3575,0,0.0492,0.7762
3729-6852-0037,3729,1,0.8179,0.9843
3729-6852-0037,4446,0,0.1932,0.9443
3729-6852-0037,4507,0,0.3634,0.9391
3729-6852-0037,4970,0,-0.0331,0.7742
3729-6852-0037,4992,0,0.3598,0.9564
3729-6852-0037,5142,0,0.0267,0.8714
3729-6852-0037,5683,0,-0.0057,0.8836
3729-6852-0037,6829,0,0.1126,0.9283
3729-6852-0037,8463,0,-0.0062,0.9105
3729-6852-0037,8555,0,-0.0446,0.8196
3729-6852-0039,121,0,0.0984,0.8649
3729-6852-0039,1221,0,0.288,0.9448
3729-6852-0039,1284,0,0.0376,0.8578
3729-6852-0039,1580,0,0.0942,0.8515
3729-6852-0039,1995,0,0.0799,0.8218
3729-6852-0039,2094,0,0.2553,0.9317
3729-6852-0039,237,0,0.1218,0.8966
3729-6852-0039,2961,0,0.0281,0.7341
3729-6852-0039,3570,0,0.1872,0.7802
3729-6852-0039,3575,0,0.0014,0.7611
3729-6852-0039,3729,1,0.7907,0.9677
3729-6852-0039,4446,0,0.0592,0.9344
3729-6852-0039,4507,0,0.3176,0.9216
3729-6852-0039,4970,0,0.0465,0.7954
3729-6852-0039,4992,0,0.234,0.9384
3729-6852-0039,5142,0,0.0901,0.8738
3729-6852-0039,5683,0,0.0402,0.8632
3729-6852-0039,6829,0,0.1826,0.9513
3729-6852-0039,8463,0,-0.0713,0.9052
3729-6852-0039,8555,0,0.0408,0.7964
3729-6852-0040,121,0,0.1471,0.9055
3729-6852-0040,1221,0,0.1927,0.899
3729-6852-0040,1284,0,0.0178,0.7937
3729-6852-0040,1580,0,0.1158,0.8025
3729-6852-0040,1995,0,0.0553,0.8049
3729-6852-0040,2094,0,0.1616,0.8791
3729-6852-0040,237,0,0.2342,0.8635
3729-6852-0040,2961,0,0.1824,0.8173
3729-6852-0040,3570,0,0.3066,0.8655
3729-6852-0040,3575,0,0.0536,0.7427
3729-6852-0040,3729,1,0.7407,0.9715
3729-6852-0040,4446,0,0.1378,0.8843
3729-6852-0040,4507,0,0.3305,0.94
3729-6852-0040,4970,0,-0.0416,0.7531
3729-6852-0040,4992,0,0.2561,0.8997
3729-6852-0040,5142,0,0.0341,0.833
3729-6852-0040,5683,0,0.0073,0.815
3729-6852-0040,6829,0,0.1088,0.9021
3729-6852-0040,8463,0,0.0946,0.88
3729-6852-0040,8555,0,-0.0339,0.7869
3729-6852-0046,121,0,0.1747,0.931
3729-6852-0046,1221,0,0.2234,0.9412
3729-6852-0046,1284,0,0.0255,0.8847
3729-6852-0046,1580,0,0.1616,0.8964
3729-6852-0046,1995,0,0.0743,0.8775
3729-6852-0046,2094,0,0.2133,0.9579
3729-6852-0046,237,0,0.1015,0.9233
3729-6852-0046,2961,0,-0.0282,0.7844
3729-6852-0046,3570,0,0.244,0.8333
3729-6852-0046,3575,0,-0.0332,0.7907
3729-6852-0046,3729,1,0.809,0.983
3729-6852-0046,4446,0,0.186,0.9454
3729-6852-0046,4507,0,0.3936,0.9247
3729-6852-0046,4970,0,0.054,0.7554
3729-6852-0046,4992,0,0.3619,0.9528
3729-6852-0046,5142,0,0.0933,0.8329
3729-6852-0046,5683,0,-0.0379,0.8831
3729-6852-0046,6829,0,0.2107,0.9164
3729-6852-0046,8463,0,-0.0522,0.9078
3729-6852-0046,8555,0,-0.0402,0.7933
4077-13751-0002,1089,0,0.181,0.8551
4077-13751-0002,1188,0,0.0349,0.777
4077-13751-0002,1320,0,0.1461,0.8425
4077-13751-0002,2300,0,0.1722,0.7061
4077-13751-0002,260,0,0.1131,0.8574
4077-13751-0002,2830,0,0.0083,0.7191
4077-13751-0002,4077,1,0.9227,0.983
4077-13751-0002,5105,0,0.2316,0.8493
4077-13751-0002,5639,0,0.1165,0.8277
4077-13751-0002,61,0,0.3099,0.8148
4077-13751-0002,672,0,0.079,0.857
4077-13751-0002,6930,0,0.0698,0.7568
4077-13751-0002,7021,0,0.2276,0.7966
4077-13751-0002,7127,0,0.1283,0.8858
4077-13751-0002,7176,0,0.2829,0.8367
4077-13751-0002,7729,0,0.1026,0.8461
4077-13751-0002,8224,0,0.0789,0.6638
4077-13751-0002,8230,0,0.1182,0.7504
4077-13751-0002,8455,0,0.2619,0.813
4077-13751-0002,908,0,0.1603,0.8348
4077-13751-0006,1089,0,0.2265,0.8707
4077-13751-0006,1188,0,0.0737,0.7813
4077-13751-0006,1320,0,0.2163,0.8433
4077-13751-0006,2300,0,0.156,0.7286
4077-13751-0006,260,0,0.1302,0.8765
4077-13751-0006,2830,0,0.0597,0.7135
4077-13751-0006,4077,1,0.9519,0.9947
4077-13751-0006,5105,0,0.2486,0.8419
4077-13751-0006,5639,0,0.136,0.8593
4077-13751-0006,61,0,0.2659,0.8301
4077-13751-0006,672,0,0.1392,0.8863
4077-13751-0006,6930,0,0.0911,0.7886
4077-13751-0006,7021,0,0.2664,0.7965
4077-13751-0006,7127,0,0.1659,0.8631
4077-13751-0006,7176,0,0.2763,0.8317
4077-13751-0006,7729,0,0.2161,0.8718
4077-13751-0006,8224,0,0.1302,0.6938
4077-13751-0006,8230,0,0.147,0.7628
4077-13751-0006,8455,0,0.3316,0.8465
4077-13751-0006,908,0,0.1509,0.8601
4077-13751-0008,1089,0,0.2081,0.8597
4077-13751-0008,1188,0,0.0957,0.7442
4077-13751-0008,1320,0,0.2343,0.8436
4077-13751-0008,2300,0,0.1848,0.7591
4077-13751-0008,260,0,0.1166,0.8218
4077-13751-0008,2830,0,0.052,0.668
4077-13751-0008,4077,1,0.9287,0.9794
4077-13751-0008,5105,0,0.2414,0.8277
4077-13751-0008,5639,0,0.0567,0.779
4077-13751-0008,61,0,0.2944,0.783
4077-13751-0008,672,0,0.1216,0.8472
4077-13751-0008,6930,0,0.117,0.7488
4077-13751-0008,7021,0,0.2581,0.7939
4077-13751-0008,7127,0,0.1491,0.8827
4077-13751-0008,7176,0,0.3111,0.789
4077-13751-0008,7729,0,0.2054,0.8264
4077-13751-0008,8224,0,0.0414,0.641
4077-13751-0008,8230,0,0.0935,0.7176
4077-13751-0008,8455,0,0.3108,0.8456
4077-13751-0008,908,0,0.1254,0.8161
4077-13751-0010,1089,0,0.2127,0.853
4077-13751-0010,1188,0,-0.0247,0.765
4077-13751-0010,1320,0,0.1596,0.8317
4077-13751-0010,2300,0,0.1687,0.7241
4077-13751-0010,260,0,0.0824,0.8389
4077-13751-0010,2830,0,0.0349,0.6945
4077-13751-0010,4077,1,0.8867,0.9906
4077-13751-0010,5105,0,0.241,0.83
4077-13751-0010,5639,0,0.1538,0.863
4077-13751-0010,61,0,0.3183,0.7891
4077-13751-0010,672,0,0.0704,0.8607
4077-13751-0010,6930,0,0.1183,0.7543
4077-13751-0010,7021,0,0.2331,0.7761
4077-13751-0010,7127,0,0.1633,0.8746
4077-13751-0010,7176,0,0.24,0.7849
4077-13751-0010,7729,0,0.1653,0.8624
4077-13751-0010,8224,0,0.1338,0.7013
4077-13751-0010,8230,0,0.1932,0.725
4077-13751-0010,8455,0,0.1992,0.8259
4077-13751-0010,908,0,0.1234,0.8223
4077-13751-0013,1089,0,0.2066,0.8437
4077-13751-0013,1188,0,0.0293,0.7236
4077-13751-0013,1320,0,0.1534,0.8464
4077-13751-0013,2300,0,0.1149,0.7776
4077-13751-0013,260,0,0.0725,0.808
4077-13751-0013,2830,0,0.0035,0.6403
4077-13751-0013,4077,1,0.8603,0.97
4077-13751-0013,5105,0,0.2646,0.8438
4077-13751-0013,5639,0,0.079,0.7849
4077-13751-0013,61,0,0.2178,0.7638
4077-13751-0013,672,0,0.0808,0.8493
4077-13751-0013,6930,0,0.0638,0.7502
4077-13751-0013,7021,0,0.2732,0.828
4077-13751-0013,7127,0,0.1276,0.8644
4077-13751-0013,7176,0,0.2313,0.7744
4077-13751-0013,7729,0,0.1672,0.8444
4077-13751-0013,8224,0,0.1146,0.6512
4077-13751-0013,8230,0,0.1145,0.6764
4077-13751-0013,8455,0,0.3638,0.8356
4077-13751-0013,908,0,0.1132,0.8448
4077-13751-0015,1089,0,0.2022,0.8126
4077-13751-0015,1188,0,0.068,0.7344
4077-13751-0015,1320,0,0.1609,0.7828
4077-13751-0015,2300,0,0.1404,0.6605
4077-13751-0015,260,0,0.1375,0.8236
4077-13751-0015,2830,0,0.004,0.6878
4077-13751-0015,4077,1,0.9317,0.9805
4077-13751-0015,5105,0,0.2218,0.7875
4077-13751-0015,5639,0,0.1009,0.822
4077-13751-0015,61,0,0.3031,0.7837
4077-13751-0015,672,0,0.0725,0.8087
4077-13751-0015,6930,0,0.1241,0.7176
4077-13751-0015,7021,0,0.224,0.725
4077-13751-0015,7127,0,0.0814,0.8576
4077-13751-0015,7176,0,0.2866,0.8056
4077-13751-0015,7729,0,0.1606,0.8343
4077-13751-0015,8224,0,0.0662,0.627
4077-13751-0015,8230,0,0.1543,0.7166
4077-13751-0015,8455,0,0.2416,0.7724
4077-13751-0015,908,0,0.1179,0.7834
4077-13751-0020,1089,0,0.1761,0.8472
4077-13751-0020,1188,0,0.0247,0.7654
4077-13751-0020,1320,0,0.1862,0.8317
4077-13751-0020,2300,0,0.1509,0.7213
4077-13751-0020,260,0,0.1466,0.8424
4077-13751-0020,2830,0,0.0013,0.7027
4077-13751-0020,4077,1,0.9087,0.9903
4077-13751-0020,5105,0,0.2131,0.8388
4077-13751-0020,5639,0,0.0879,0.8384
4077-13751-0020,61,0,0.2564,0.803
4077-13751-0020,672,0,0.0715,0.8499
4077-13751-0020,6930,0,0.133,0.7299
4077-13751-0020,7021,0,0.2658,0.7888
4077-13751-0020,7127,0,0.1365,0.883
4077-13751-0020,7176,0,0.2261,0.8099
4077-13751-0020,7729,0,0.1474,0.87
4077-13751-0020,8224,0,0.1068,0.6635
4077-13751-0020,8230,0,0.0824,0.7249
4077-13751-0020,8455,0,0.3027,0.801
4077-13751-0020,908,0,0.106,0.8312
4077-13754-0000,1089,0,0.1959,0.8298
4077-13754-0000,1188,0,0.0206,0.695
4077-13754-0000,1320,0,0.1308,0.8187
4077-13754-0000,2300,0,0.2236,0.8028
4077-13754-0000,260,0,0.1884,0.8013
4077-13754-0000,2830,0,-0.0006,0.5978
4077-13754-0000,4077,1,0.8205,0.9673
4077-13754-0000,5105,0,0.1506,0.7909
4077-13754-0000,5639,0,0.1056,0.763
4077-13754-0000,61,0,0.2187,0.7734
4077-13754-0000,672,0,0.0924,0.8259
4077-13754-0000,6930,0,0.1071,0.7469
4077-13754-0000,7021,0,0.2084,0.7883
4077-13754-0000,7127,0,0.1306,0.8214
4077-13754-0000,7176,0,0.2043,0.7613
4077-13754-0000,7729,0,0.2009,0.8489
4077-13754-0000,8224,0,0.0631,0.6423
4077-13754-0000,8230,0,0.082,0.6688
4077-13754-0000,8455,0,0.2496,0.8433
4077-13754-0000,908,0,0.112,0.8409
4077-13754-0003,1089,0,0.1408,0.8496
4077-13754-0003,1188,0,0.1088,0.7607
4077-13754-0003,1320,0,0.1796,0.8404
4077-13754-0003,2300,0,0.2241,0.7613
4077-13754-0003,260,0,0.126,0.8595
4077-13754-0003,2830,0,0.005,0.6708
4077-13754-0003,4077,1,0.8105,0.9885
4077-13754-0003,5105,0,0.23,0.8326
4077-13754-0003,5639,0,-0.0045,0.8267
4077-13754-0003,61,0,0.2293,0.8109
4077-13754-0003,672,0,0.0816,0.869
4077-13754-0003,6930,0,0.1112,0.7877
4077-13754-0003,7021,0,0.2216,0.8011
4077-13754-0003,7127,0,0.1401,0.8462
4077-13754-0003,7176,0,0.2581,0.8193
4077-13754-0003,7729,0,0.1212,0.8679
4077-13754-0003,8224,0,0.0777,0.7102
4077-13754-0003,8230,0,0.1045,0.7234
4077-13754-0003,8455,0,0.2754,0.8606
4077-13754-0003,908,0,0.1584,0.8573
4077-13754-0010,1089,0,0.1554,0.8362
4077-13754-0010,1188,0,0.0688,0.7577
4077-13754-0010,1320,0,0.1252,0.8393
4077-13754-0010,2300,0,0.1693,0.7608
4077-13754-0010,260,0,0.2108,0.8601
4077-13754-0010,2830,0,0.0351,0.6697
4077-13754-0010,4077,1,0.8607,0.9864
4077-13754-0010,5105,0,0.271,0.841
4077-13754-0010,5639,0,0.0958,0.8306
4077-13754-0010,61,0,0.246,0.8265
4077-13754-0010,672,0,0.0996,0.8609
4077-13754-0010,6930,0,0.1408,0.7851
4077-13754-0010,7021,0,0.3328,0.8028
4077-13754-0010,7127,0,0.1553,0.8417
4077-13754-0010,7176,0,0.2798,0.823
4077-13754-0010,7729,0,0.0845,0.8753
4077-13754-0010,8224,0,0.18,0.7077
4077-13754-0010,8230,0,0.1203,0.7236
4077-13754-0010,8455,0,0.3511,0.851
4077-13754-0010,908,0,0.1898,0.8568
4446-2273-0001,121,0,0.0733,0.8892
4446-2273-0001,1221,0,0.1769,0.943
4446-2273-0001,1284,0,0.264,0.9344
4446-2273-0001,1580,0,0.177,0.9422
4446-2273-0001,1995,0,-0.127,0.8616
4446-2273-0001,2094,0,0.0054,0.9293
4446-2273-0001,237,0,0.0243,0.9173
4446-2273-0001,2961,0,0.0659,0.7417
4446-2273-0001,3570,0,0.2223,0.7764
4446-2273-0001,3575,0,-0.0812,0.7175
4446-2273-0001,3729,0,0.0889,0.9494
4446-2273-0001,4446,1,0.8307,0.9858
4446-2273-0001,4507,0,0.2005,0.894
4446-2273-0001,4970,0,0.1737,0.7188
4446-2273-0001,4992,0,0.2629,0.9483
4446-2273-0001,5142,0,0.1574,0.8445
4446-2273-0001,5683,0,-0.098,0.8753
4446-2273-0001,6829,0,0.251,0.8867
4446-2273-0001,8463,0,0.3138,0.8989
4446-2273-0001,8555,0,-0.0525,0.7903
4446-2273-0008,121,0,0.0025,0.8816
4446-2273-0008,1221,0,0.1788,0.9323
4446-2273-0008,1284,0,0.1945,0.9396
4446-2273-0008,1580,0,0.1517,0.9386
4446-2273-0008,1995,0,-0.1372,0.8631
4446-2273-0008,2094,0,0.0058,0.9072
4446-2273-0008,237,0,-0.0769,0.8987
4446-2273-0008,2961,0,0.0224,0.7539
4446-2273-0008,3570,0,0.2408,0.7674
4446-2273-0008,3575,0,-0.1538,0.7051
4446-2273-0008,3729,0,0.0684,0.937
4446-2273-0008,4446,1,0.8217,0.9811
4446-2273-0008,4507,0,0.1807,0.8762
4446-2273-0008,4970,0,0.1183,0.7262
4446-2273-0008,4992,0,0.2524,0.9455
4446-2273-0008,5142,0,0.1348,0.8447
4446-2273-0008,5683,0,-0.1037,0.8738
4446-2273-0008,6829,0,0.22,0.8717
4446-2273-0008,8463,0,0.2901,0.917
4446-2273-0008,8555,0,0.018,0.7926
4446-2273-0022,121,0,-0.0058,0.8997
4446-2273-0022,1221,0,0.1676,0.9338
4446-2273-0022,1284,0,0.2572,0.919
4446-2273-0022,1580,0,0.2186,0.9393
4446-2273-0022,1995,0,-0.0246,0.8645
4446-2273-0022,2094,0,0.1231,0.9189
4446-2273-0022,237,0,0.0528,0.9161
4446-2273-0022,2961,0,0.0412,0.7471
4446-2273-0022,3570,0,0.262,0.7769
4446-2273-0022,3575,0,-0.1307,0.7083
4446-2273-0022,3729,0,0.1391,0.9477
4446-2273-0022,4446,1,0.8257,0.9804
4446-2273-0022,4507,0,0.2902,0.8914
4446-2273-0022,4970,0,0.1128,0.706
4446-2273-0022,4992,0,0.3229,0.9507
4446-2273-0022,5142,0,0.048,0.8381
4446-2273-0022,5683,0,-0.0735,0.8743
4446-2273-0022,6829,0,0.1786,0.8664
4446-2273-0022,8463,0,0.2188,0.9019
4446-2273-0022,8555,0,-0.0053,0.7951
4446-2273-0032,121,0,-0.0276,0.857
4446-2273-0032,1221,0,0.1821,0.9513
4446-2273-0032,1284,0,0.1788,0.9089
4446-2273-0032,1580,0,0.1961,0.9225
4446-2273-0032,1995,0,-0.0854,0.8516
4446-2273-0032,2094,0,-0.0037,0.8998
4446-2273-0032,237,0,-0.0094,0.9277
4446-2273-0032,2961,0,0.0624,0.7127
4446-2273-0032,3570,0,0.2103,0.7555
4446-2273-0032,3575,0,-0.1461,0.6945
4446-2273-0032,3729,0,0.1523,0.9321
4446-2273-0032,4446,1,0.8333,0.9798
4446-2273-0032,4507,0,0.2156,0.875
4446-2273-0032,4970,0,0.1264,0.7326
4446-2273-0032,4992,0,0.2798,0.9538
4446-2273-0032,5142,0,0.076,0.8652
4446-2273-0032,5683,0,-0.0512,0.8783
4446-2273-0032,6829,0,0.1778,0.8781
4446-2273-0032,8463,0,0.293,0.9088
4446-2273-0032,8555,0,0.0573,0.8165
4446-2275-0007,121,0,-0.0226,0.8439
4446-2275-0007,1221,0,0.1997,0.9591
4446-2275-0007,1284,0,0.2815,0.9254
4446-2275-0007,1580,0,0.2328,0.9314
4446-2275-0007,1995,0,-0.0505,0.8113
4446-2275-0007,2094,0,0.0459,0.9057
4446-2275-0007,237,0,-0.0292,0.8991
4446-2275-0007,2961,0,0.0233,0.7016
4446-2275-0007,3570,0,0.2442,0.7437
4446-2275-0007,3575,0,-0.1156,0.7431
4446-2275-0007,3729,0,0.108,0.9382
4446-2275-0007,4446,1,0.8636,0.9778
4446-2275-0007,4507,0,0.2678,0.906
4446-2275-0007,4970,0,0.1821,0.7946
4446-2275-0007,4992,0,0.2288,0.9284
4446-2275-0007,5142,0,0.1041,0.8762
4446-2275-0007,5683,0,-0.0586,0.9114
4446-2275-0007,6829,0,0.1641,0.9174
4446-2275-0007,8463,0,0.2956,0.8885
4446-2275-0007,8555,0,-0.0331,0.8182
4446-2275-0026,121,0,-0.0161,0.8754
4446-2275-0026,1221,0,0.3011,0.9683
4446-2275-0026,1284,0,0.2148,0.9032
4446-2275-0026,1580,0,0.2703,0.9379
4446-2275-0026,1995,0,-0.0267,0.8384
4446-2275-0026,2094,0,0.079,0.9088
4446-2275-0026,237,0,-0.0468,0.9163
4446-2275-0026,2961,0,0.0126,0.7306
4446-2275-0026,3570,0,0.2318,0.7871
4446-2275-0026,3575,0,-0.1044,0.7666
4446-2275-0026,3729,0,0.2248,0.9528
4446-2275-0026,4446,1,0.811,0.9668
4446-2275-0026,4507,0,0.3469,0.9388
4446-2275-0026,4970,0,0.1122,0.7974
4446-2275-0026,4992,0,0.2824,0.9478
4446-2275-0026,5142,0,0.1254,0.8873
4446-2275-0026,5683,0,-0.0114,0.9178
4446-2275-0026,6829,0,0.149,0.9197
4446-2275-0026,8463,0,0.288,0.8979
4446-2275-0026,8555,0,-0.0011,0.8539
4446-2275-0029,121,0,0.1103,0.8833
4446-2275-0029,1221,0,0.2406,0.9322
4446-2275-0029,1284,0,0.2899,0.9102
4446-2275-0029,1580,0,0.2069,0.9363
4446-2275-0029,1995,0,-0.0099,0.8305
4446-2275-0029,2094,0,0.0546,0.9135
4446-2275-0029,237,0,0.068,0.9141
4446-2275-0029,2961,0,0.013,0.7353
4446-2275-0029,3570,0,0.2081,0.7902
4446-2275-0029,3575,0,-0.0234,0.7432
4446-2275-0029,3729,0,0.127,0.9398
4446-2275-0029,4446,1,0.8222,0.9707
4446-2275-0029,4507,0,0.1786,0.8876
4446-2275-0029,4970,0,0.0551,0.7263
4446-2275-0029,4992,0,0.2467,0.9175
4446-2275-0029,5142,0,0.0087,0.7926
4446-2275-0029,5683,0,0.0049,0.8891
4446-2275-0029,6829,0,0.1815,0.879
4446-2275-0029,8463,0,0.2767,0.8537
4446-2275-0029,8555,0,-0.0275,0.7636
4446-2275-0035,121,0,-0.0018,0.7589
4446-2275-0035,1221,0,0.2447,0.9172
4446-2275-0035,1284,0,0.2318,0.9478
4446-2275-0035,1580,0,0.1508,0.9252
4446-2275-0035,1995,0,-0.0271,0.7829
4446-2275-0035,2094,0,0.0098,0.8966
4446-2275-0035,237,0,-0.0081,0.8603
4446-2275-0035,2961,0,-0.0649,0.6057
4446-2275-0035,3570,0,0.0686,0.6362
4446-2275-0035,3575,0,-0.1473,0.6896
4446-2275-0035,3729,0,0.0614,0.8593
4446-2275-0035,4446,1,0.8608,0.9709
4446-2275-0035,4507,0,0.0813,0.8161
4446-2275-0035,4970,0,0.13,0.7461
4446-2275-0035,4992,0,0.1868,0.8872
4446-2275-0035,5142,0,0.0677,0.8297
4446-2275-0035,5683,0,0.0033,0.8698
4446-2275-0035,6829,0,0.0982,0.8722
4446-2275-0035,8463,0,0.2466,0.8337
4446-2275-0035,8555,0,-0.0913,0.7541
4446-2275-0041,121,0,-0.078,0.8678
4446-2275-0041,1221,0,0.1629,0.9195
4446-2275-0041,1284,0,0.2044,0.9413
4446-2275-0041,1580,0,0.189,0.944
4446-2275-0041,1995,0,-0.0147,0.8674
4446-2275-0041,2094,0,0.0323,0.9021
4446-2275-0041,237,0,-0.0573,0.8999
4446-2275-0041,2961,0,-0.0246,0.7472
4446-2275-0041,3570,0,0.1544,0.7717
4446-2275-0041,3575,0,-0.1167,0.6955
4446-2275-0041,3729,0,0.0289,0.9133
4446-2275-0041,4446,1,0.8197,0.9769
4446-2275-0041,4507,0,0.1392,0.8697
4446-2275-0041,4970,0,0.0815,0.6964
4446-2275-0041,4992,0,0.2655,0.9243
4446-2275-0041,5142,0,0.0749,0.8154
4446-2275-0041,5683,0,0.0111,0.8628
4446-2275-0041,6829,0,0.0601,0.8661
4446-2275-0041,8463,0,0.2092,0.8673
4446-2275-0041,8555,0,0.0493,0.7754
4446-2275-0043,121,0,-0.0723,0.8918
4446-2275-0043,1221,0,0.2864,0.942
4446-2275-0043,1284,0,0.2564,0.8968
4446-2275-0043,1580,0,0.1496,0.9362
4446-2275-0043,1995,0,-0.0445,0.8695
4446-2275-0043,2094,0,0.0401,0.905
4446-2275-0043,237,0,-0.0456,0.918
4446-2275-0043,2961,0,-0.0806,0.7487
4446-2275-0043,3570,0,0.1276,0.7977
4446-2275-0043,3575,0,-0.1489,0.7379
4446-2275-0043,3729,0,0.0726,0.9379
4446-2275-0043,4446,1,0.7946,0.963
4446-2275-0043,4507,0,0.1763,0.9147
4446-2275-0043,4970,0,0.0474,0.7308
4446-2275-0043,4992,0,0.3482,0.9463
4446-2275-0043,5142,0,0.0613,0.8397
4446-2275-0043,5683,0,-0.0771,0.8803
4446-2275-0043,6829,0,0.1506,0.8899
4446-2275-0043,8463,0,0.2696,0.8852
4446-2275-0043,8555,0,0.0641,0.8211
4507-16021-0001,121,0,0.0776,0.7965
4507-16021-0001,1221,0,0.144,0.9333
4507-16021-0001,1284,0,0.0547,0.7883
4507-16021-0001,1580,0,0.145,0.8368
4507-16021-0001,1995,0,-0.0574,0.7431
4507-16021-0001,2094,0,0.0831,0.8471
4507-16021-0001,237,0,0.0053,0.8649
4507-16021-0001,2961,0,-0.0481,0.6613
4507-16021-0001,3570,0,0.2495,0.7871
4507-16021-0001,3575,0,-0.0665,0.8301
4507-16021-0001,3729,0,0.3426,0.9015
4507-16021-0001,4446,0,0.0871,0.8509
4507-16021-0001,4507,1,0.8202,0.9712
4507-16021-0001,4970,0,-0.0128,0.881
4507-16021-0001,4992,0,0.1521,0.8678
4507-16021-0001,5142,0,0.0986,0.8836
4507-16021-0001,5683,0,0.0302,0.905
4507-16021-0001,6829,0,0.0955,0.934
4507-16021-0001,8463,0,0.1259,0.814
4507-16021-0001,8555,0,0.1667,0.8859
4507-16021-0005,121,0,0.0651,0.7214
4507-16021-0005,1221,0,0.0982,0.8667
4507-16021-0005,1284,0,0.1046,0.7502
4507-16021-0005,1580,0,0.2242,0.8218
4507-16021-0005,1995,0,-0.0471,0.6273
4507-16021-0005,2094,0,0.1186,0.7744
4507-16021-0005,237,0,0.0034,0.7854
4507-16021-0005,2961,0,0.1803,0.6005
4507-16021-0005,3570,0,0.3595,0.7261
4507-16021-0005,3575,0,-0.1279,0.7693
4507-16021-0005,3729,0,0.2926,0.8375
4507-16021-0005,4446,0,0.2555,0.8005
4507-16021-0005,4507,1,0.8475,0.9381
4507-16021-0005,4970,0,0.1393,0.8277
4507-16021-0005,4992,0,0.1749,0.7628
4507-16021-0005,5142,0,0.1738,0.7974
4507-16021-0005,5683,0,0.0007,0.8748
4507-16021-0005,6829,0,0.1244,0.8717
4507-16021-0005,8463,0,0.0415,0.6902
4507-16021-0005,8555,0,0.1113,0.8039
4507-16021-0021,121,0,0.1252,0.7779
4507-16021-0021,1221,0,0.1335,0.928
4507-16021-0021,1284,0,0.063,0.7995
4507-16021-0021,1580,0,0.2123,0.8402
4507-16021-0021,1995,0,0.0008,0.714
4507-16021-0021,2094,0,0.1682,0.853
4507-16021-0021,237,0,-0.025,0.854
4507-16021-0021,2961,0,0.0719,0.6319
4507-16021-0021,3570,0,0.3099,0.7394
4507-16021-0021,3575,0,-0.1145,0.8192
4507-16021-0021,3729,0,0.3704,0.894
4507-16021-0021,4446,0,0.214,0.8601
4507-16021-0021,4507,1,0.8903,0.9597
4507-16021-0021,4970,0,0.1076,0.8957
4507-16021-0021,4992,0,0.2315,0.8571
4507-16021-0021,5142,0,0.2037,0.8882
4507-16021-0021,5683,0,0.0378,0.9093
4507-16021-0021,6829,0,0.0795,0.9379
4507-16021-0021,8463,0,0.1479,0.8145
4507-16021-0021,8555,0,0.12,0.8607
4507-16021-0030,121,0,0.0981,0.8503
4507-16021-0030,1221,0,0.1288,0.9516
4507-16021-0030,1284,0,0.044,0.8066
4507-16021-0030,1580,0,0.2147,0.8499
4507-16021-0030,1995,0,-0.0445,0.8003
4507-16021-0030,2094,0,0.1181,0.891
4507-16021-0030,237,0,-0.0199,0.8917
4507-16021-0030,2961,0,0.0817,0.7005
4507-16021-0030,3570,0,0.3342,0.788
4507-16021-0030,3575,0,-0.1403,0.8024
4507-16021-0030,3729,0,0.3833,0.9428
4507-16021-0030,4446,0,0.1545,0.8892
4507-16021-0030,4507,1,0.8969,0.9725
4507-16021-0030,4970,0,0.0593,0.8442
4507-16021-0030,4992,0,0.1976,0.9223
4507-16021-0030,5142,0,0.14,0.9009
4507-16021-0030,5683,0,-0.018,0.8899
4507-16021-0030,6829,0,0.1717,0.9483
4507-16021-0030,8463,0,0.0897,0.8776
4507-16021-0030,8555,0,0.1239,0.8695
4507-16021-0031,121,0,0.1887,0.8908
4507-16021-0031,1221,0,0.2138,0.9468
4507-16021-0031,1284,0,0.087,0.8176
4507-16021-0031,1580,0,0.2178,0.8639
4507-16021-0031,1995,0,-0.0327,0.8105
4507-16021-0031,2094,0,0.1021,0.8815
4507-16021-0031,237,0,0.046,0.8994
4507-16021-0031,2961,0,0.0125,0.7922
4507-16021-0031,3570,0,0.3465,0.8607
4507-16021-0031,3575,0,-0.0912,0.7787
4507-16021-0031,3729,0,0.3588,0.9629
4507-16021-0031,4446,0,0.252,0.9041
4507-16021-0031,4507,1,0.894,0.9771
4507-16021-0031,4970,0,-0.0217,0.8077
4507-16021-0031,4992,0,0.1981,0.9189
4507-16021-0031,5142,0,0.0574,0.8643
4507-16021-0031,5683,0,0.0736,0.8746
4507-16021-0031,6829,0,0.1708,0.9342
4507-16021-0031,8463,0,0.0972,0.8763
4507-16021-0031,8555,0,0.0898,0.8419
4507-16021-0046,121,0,0.0791,0.8915
4507-16021-0046,1221,0,0.139,0.934
4507-16021-0046,1284,0,0.0752,0.8381
4507-16021-0046,1580,0,0.1693,0.9041
4507-16021-0046,1995,0,0.0364,0.8236
4507-16021-0046,2094,0,0.2351,0.9079
4507-16021-0046,237,0,-0.0032,0.9084
4507-16021-0046,2961,0,0.0095,0.7528
4507-16021-0046,3570,0,0.2273,0.844
4507-16021-0046,3575,0,-0.073,0.8071
4507-16021-0046,3729,0,0.3732,0.9502
4507-16021-0046,4446,0,0.1417,0.9049
4507-16021-0046,4507,1,0.7942,0.9778
4507-16021-0046,4970,0,0.0361,0.7908
4507-16021-0046,4992,0,0.1539,0.9113
4507-16021-0046,5142,0,0.1393,0.8354
4507-16021-0046,5683,0,0.0487,0.9062
4507-16021-0046,6829,0,0.1928,0.9199
4507-16021-0046,8463,0,0.0399,0.8419
4507-16021-0046,8555,0,0.0635,0.8352
4507-16021-0052,121,0,0.1655,0.8545
4507-16021-0052,1221,0,0.0332,0.8833
4507-16021-0052,1284,0,0.031,0.7712
4507-16021-0052,1580,0,0.1296,0.8425
4507-16021-0052,1995,0,-0.0771,0.7325
4507-16021-0052,2094,0,0.0589,0.86
4507-16021-0052,237,0,0.0127,0.8372
4507-16021-0052,2961,0,-0.027,0.7306
4507-16021-0052,3570,0,0.2252,0.8295
4507-16021-0052,3575,0,-0.0718,0.8331
4507-16021-0052,3729,0,0.4052,0.9231
4507-16021-0052,4446,0,0.176,0.8341
4507-16021-0052,4507,1,0.7748,0.9788
4507-16021-0052,4970,0,-0.0136,0.8115
4507-16021-0052,4992,0,0.2113,0.8341
4507-16021-0052,5142,0,0.0205,0.8033
4507-16021-0052,5683,0,-0.0384,0.8848
4507-16021-0052,6829,0,0.1048,0.9031
4507-16021-0052,8463,0,0.033,0.7727
4507-16021-0052,8555,0,0.045,0.8127
4507-16021-0053,121,0,0.13,0.8002
4507-16021-0053,1221,0,0.09,0.9404
4507-16021-0053,1284,0,0.0564,0.8318
4507-16021-0053,1580,0,0.2065,0.8784
4507-16021-0053,1995,0,-0.0615,0.733
4507-16021-0053,2094,0,0.0984,0.8775
4507-16021-0053,237,0,-0.0323,0.8577
4507-16021-0053,2961,0,0.0625,0.6323
4507-16021-0053,3570,0,0.2999,0.7321
4507-16021-0053,3575,0,-0.0315,0.8122
4507-16021-0053,3729,0,0.3545,0.9161
4507-16021-0053,4446,0,0.1328,0.8922
4507-16021-0053,4507,1,0.8664,0.9555
4507-16021-0053,4970,0,0.0751,0.8669
4507-16021-0053,4992,0,0.1679,0.8804
4507-16021-0053,5142,0,0.0821,0.8832
4507-16021-0053,5683,0,0.077,0.9238
4507-16021-0053,6829,0,0.114,0.9332
4507-16021-0053,8463,0,0.0926,0.8296
4507-16021-0053,8555,0,0.0587,0.851
4507-16021-0056,121,0,0.0953,0.8404
4507-16021-0056,1221,0,0.0406,0.9502
4507-16021-0056,1284,0,-0.0406,0.844
4507-16021-0056,1580,0,0.1799,0.8799
4507-16021-0056,1995,0,-0.0359,0.8114
4507-16021-0056,2094,0,0.07,0.884
4507-16021-0056,237,0,-0.1007,0.8814
4507-16021-0056,2961,0,0.0418,0.6901
4507-16021-0056,3570,0,0.2724,0.7641
4507-16021-0056,3575,0,-0.1374,0.7706
4507-16021-0056,3729,0,0.2936,0.9294
4507-16021-0056,4446,0,0.2232,0.9018
4507-16021-0056,4507,1,0.8326,0.963
4507-16021-0056,4970,0,0.0878,0.8194
4507-16021-0056,4992,0,0.283,0.919
4507-16021-0056,5142,0,0.1382,0.8991
4507-16021-0056,5683,0,-0.0271,0.9066
4507-16021-0056,6829,0,0.1222,0.9189
4507-16021-0056,8463,0,0.1389,0.867
4507-16021-0056,8555,0,0.2468,0.8727
4507-16021-0057,121,0,0.2271,0.8701
4507-16021-0057,1221,0,0.0949,0.846
4507-16021-0057,1284,0,0.0738,0.7334
4507-16021-0057,1580,0,0.142,0.8372
4507-16021-0057,1995,0,0.0304,0.726
4507-16021-0057,2094,0,0.2123,0.8014
4507-16021-0057,237,0,-0.0132,0.8475
4507-16021-0057,2961,0,0.0639,0.7355
4507-16021-0057,3570,0,0.2872,0.8816
4507-16021-0057,3575,0,-0.0436,0.8123
4507-16021-0057,3729,0,0.3385,0.8845
4507-16021-0057,4446,0,0.2057,0.7848
4507-16021-0057,4507,1,0.7896,0.9489
4507-16021-0057,4970,0,0.1175,0.7322
4507-16021-0057,4992,0,0.2565,0.7834
4507-16021-0057,5142,0,0.0677,0.6966
4507-16021-0057,5683,0,0.071,0.8617
4507-16021-0057,6829,0,0.1211,0.7946
4507-16021-0057,8463,0,0.132,0.7104
4507-16021-0057,8555,0,0.1627,0.7721
4970-29093-0002,121,0,-0.1515,0.6434
4970-29093-0002,1221,0,-0.1321,0.7959
4970-29093-0002,1284,0,0.1247,0.7053
4970-29093-0002,1580,0,0.075,0.7575
4970-29093-0002,1995,0,0.0652,0.6595
4970-29093-0002,2094,0,0.0684,0.7289
4970-29093-0002,237,0,0.1072,0.7667
4970-29093-0002,2961,0,0.0523,0.5638
4970-29093-0002,3570,0,0.0358,0.6691
4970-29093-0002,3575,0,0.0487,0.9039
4970-29093-0002,3729,0,-0.0527,0.7138
4970-29093-0002,4446,0,0.0551,0.7012
4970-29093-0002,4507,0,0.0455,0.8161
4970-29093-0002,4970,1,0.8585,0.9871
4970-29093-0002,4992,0,-0.0177,0.7204
4970-29093-0002,5142,0,0.1542,0.8217
4970-29093-0002,5683,0,0.1453,0.8877
4970-29093-0002,6829,0,0.2084,0.8207
4970-29093-0002,8463,0,0.0318,0.7248
4970-29093-0002,8555,0,0.1878,0.8884
4970-29093-0013,121,0,-0.1301,0.5994
4970-29093-0013,1221,0,-0.052,0.8117
4970-29093-0013,1284,0,0.0992,0.6919
4970-29093-0013,1580,0,0.1622,0.7323
4970-29093-0013,1995,0,0.0136,0.6059
4970-29093-0013,2094,0,0.0099,0.6968
4970-29093-0013,237,0,0.1389,0.7305
4970-29093-0013,2961,0,0.0748,0.5084
4970-29093-0013,3570,0,-0.0073,0.6231
4970-29093-0013,3575,0,0.1577,0.8545
4970-29093-0013,3729,0,-0.0415,0.7065
4970-29093-0013,4446,0,0.1073,0.7037
4970-29093-0013,4507,0,-0.0504,0.8065
4970-29093-0013,4970,1,0.8218,0.9859
4970-29093-0013,4992,0,0.0765,0.7128
4970-29093-0013,5142,0,0.1834,0.8436
4970-29093-0013,5683,0,0.1811,0.8694
4970-29093-0013,6829,0,0.2814,0.8271
4970-29093-0013,8463,0,0.0628,0.7214
4970-29093-0013,8555,0,0.18,0.8837
4970-29093-0020,121,0,-0.0259,0.627
4970-29093-0020,1221,0,-0.0595,0.8184
4970-29093-0020,1284,0,0.1747,0.7629
4970-29093-0020,1580,0,0.2516,0.7888
4970-29093-0020,1995,0,-0.0531,0.6675
4970-29093-0020,2094,0,0.0252,0.7538
4970-29093-0020,237,0,0.0886,0.7624
4970-29093-0020,2961,0,0.2389,0.5519
4970-29093-0020,3570,0,0.0268,0.6272
4970-29093-0020,3575,0,0.2024,0.8689
4970-29093-0020,3729,0,-0.0415,0.7053
4970-29093-0020,4446,0,0.1177,0.7397
4970-29093-0020,4507,0,0.0105,0.794
4970-29093-0020,4970,1,0.7148,0.9689
4970-29093-0020,4992,0,0.1316,0.7381
4970-29093-0020,5142,0,0.0756,0.8225
4970-29093-0020,5683,0,0.0922,0.8716
4970-29093-0020,6829,0,0.1818,0.8425
4970-29093-0020,8463,0,0.0684,0.7443
4970-29093-0020,8555,0,-0.0047,0.8494
4970-29095-0006,121,0,0.0421,0.6882
4970-29095-0006,1221,0,0.0408,0.8356
4970-29095-0006,1284,0,0.1884,0.7223
4970-29095-0006,1580,0,0.2702,0.7864
4970-29095-0006,1995,0,0.1364,0.6881
4970-29095-0006,2094,0,0.1083,0.7601
4970-29095-0006,237,0,0.2428,0.8299
4970-29095-0006,2961,0,0.2517,0.613
4970-29095-0006,3570,0,0.2483,0.7393
4970-29095-0006,3575,0,0.2326,0.8925
4970-29095-0006,3729,0,0.0892,0.761
4970-29095-0006,4446,0,0.1969,0.7311
4970-29095-0006,4507,0,0.1851,0.8714
4970-29095-0006,4970,1,0.5597,0.9531
4970-29095-0006,4992,0,0.1806,0.7374
4970-29095-0006,5142,0,0.0861,0.8067
4970-29095-0006,5683,0,0.1892,0.9091
4970-29095-0006,6829,0,0.1937,0.8455
4970-29095-0006,8463,0,0.0577,0.697
4970-29095-0006,8555,0,0.0804,0.8838
4970-29095-0007,121,0,-0.0976,0.6628
4970-29095-0007,1221,0,-0.0757,0.866
4970-29095-0007,1284,0,0.1447,0.7555
4970-29095-0007,1580,0,0.0919,0.774
4970-29095-0007,1995,0,0.0462,0.7246
4970-29095-0007,2094,0,0.0088,0.7845
4970-29095-0007,237,0,0.1705,0.8392
4970-29095-0007,2961,0,0.0943,0.556
4970-29095-0007,3570,0,0.073,0.6517
4970-29095-0007,3575,0,0.0555,0.8291
4970-29095-0007,3729,0,-0.0108,0.7762
4970-29095-0007,4446,0,0.2103,0.7912
4970-29095-0007,4507,0,0.0949,0.844
4970-29095-0007,4970,1,0.8035,0.9705
4970-29095-0007,4992,0,0.06,0.8114
4970-29095-0007,5142,0,0.2647,0.9238
4970-29095-0007,5683,0,0.1468,0.8959
4970-29095-0007,6829,0,0.2668,0.8782
4970-29095-0007,8463,0,0.106,0.8049
4970-29095-0007,8555,0,0.2807,0.9309
4970-29095-0020,121,0,-0.1088,0.6211
4970-29095-0020,1221,0,-0.0387,0.8182
4970-29095-0020,1284,0,0.2328,0.7025
4970-29095-0020,1580,0,0.0578,0.7123
4970-29095-0020,1995,0,0.0271,0.6598
4970-29095-0020,2094,0,-0.0376,0.7287
4970-29095-0020,237,0,0.1775,0.7642
4970-29095-0020,2961,0,-0.0315,0.5247
4970-29095-0020,3570,0,-0.0385,0.6288
4970-29095-0020,3575,0,0.0973,0.8274
4970-29095-0020,3729,0,-0.056,0.7404
4970-29095-0020,4446,0,0.1991,0.7344
4970-29095-0020,4507,0,0.0035,0.8083
4970-29095-0020,4970,1,0.8308,0.9748
4970-29095-0020,4992,0,0.0205,0.7523
4970-29095-0020,5142,0,0.2329,0.8881
4970-29095-0020,5683,0,0.1617,0.8607
4970-29095-0020,6829,0,0.2055,0.8433
4970-29095-0020,8463,0,0.0979,0.7569
4970-29095-0020,8555,0,0.223,0.9046
4970-29095-0024,121,0,-0.058,0.6585
4970-29095-0024,1221,0,-0.0204,0.8061
4970-29095-0024,1284,0,0.1218,0.6776
4970-29095-0024,1580,0,0.1294,0.6883
4970-29095-0024,1995,0,0.0206,0.6749
4970-29095-0024,2094,0,-0.0112,0.7412
4970-29095-0024,237,0,0.2159,0.7895
4970-29095-0024,2961,0,0.0371,0.595
4970-29095-0024,3570,0,0.0342,0.6976
4970-29095-0024,3575,0,0.074,0.8432
4970-29095-0024,3729,0,-0.0445,0.7545
4970-29095-0024,4446,0,0.1061,0.7131
4970-29095-0024,4507,0,0.0302,0.8286
4970-29095-0024,4970,1,0.7552,0.962
4970-29095-0024,4992,0,0.0068,0.746
4970-29095-0024,5142,0,0.2387,0.8561
4970-29095-0024,5683,0,0.1614,0.8313
4970-29095-0024,6829,0,0.2201,0.8528
4970-29095-0024,8463,0,0.0841,0.7537
4970-29095-0024,8555,0,0.2256,0.8747
4970-29095-0026,121,0,-0.0464,0.6334
4970-29095-0026,1221,0,-0.027,0.8268
4970-29095-0026,1284,0,0.1665,0.6961
4970-29095-0026,1580,0,0.0678,0.7191
4970-29095-0026,1995,0,0.0832,0.6698
4970-29095-0026,2094,0,-0.0101,0.7211
4970-29095-0026,237,0,0.1843,0.7937
4970-29095-0026,2961,0,0.0394,0.5479
4970-29095-0026,3570,0,0.0361,0.6538
4970-29095-0026,3575,0,0.1143,0.8317
4970-29095-0026,3729,0,-0.0683,0.7445
4970-29095-0026,4446,0,0.1795,0.7281
4970-29095-0026,4507,0,0.0729,0.8312
4970-29095-0026,4970,1,0.8435,0.978
4970-29095-0026,4992,0,0.0059,0.7517
4970-29095-0026,5142,0,0.2062,0.8911
4970-29095-0026,5683,0,0.2017,0.8708
4970-29095-0026,6829,0,0.2606,0.8444
4970-29095-0026,8463,0,0.0699,0.7567
4970-29095-0026,8555,0,0.2412,0.9195
4970-29095-0027,121,0,-0.0354,0.5923
4970-29095-0027,1221,0,-0.0436,0.8057
4970-29095-0027,1284,0,0.1557,0.6747
4970-29095-0027,1580,0,0.1628,0.6876
4970-29095-0027,1995,0,0.0414,0.6416
4970-29095-0027,2094,0,0.0275,0.7032
4970-29095-0027,237,0,0.1775,0.7467
4970-29095-0027,2961,0,-0.0007,0.485
4970-29095-0027,3570,0,0.007,0.596
4970-29095-0027,3575,0,0.1672,0.8235
4970-29095-0027,3729,0,0.0276,0.7113
4970-29095-0027,4446,0,0.0714,0.7035
4970-29095-0027,4507,0,0.069,0.792
4970-29095-0027,4970,1,0.7928,0.9734
4970-29095-0027,4992,0,0.0002,0.7338
4970-29095-0027,5142,0,0.1588,0.8762
4970-29095-0027,5683,0,0.1553,0.8466
4970-29095-0027,6829,0,0.1895,0.8299
4970-29095-0027,8463,0,0.0642,0.743
4970-29095-0027,8555,0,0.2626,0.8953
4970-29095-0036,121,0,-0.0377,0.649
4970-29095-0036,1221,0,0.0318,0.8154
4970-29095-0036,1284,0,0.1223,0.7083
4970-29095-0036,1580,0,0.2107,0.7462
4970-29095-0036,1995,0,0.0301,0.6634
4970-29095-0036,2094,0,0.0175,0.7176
4970-29095-0036,237,0,0.1453,0.7998
4970-29095-0036,2961,0,0.104,0.5634
4970-29095-0036,3570,0,0.09,0.6932
4970-29095-0036,3575,0,0.0941,0.8583
4970-29095-0036,3729,0,0.0115,0.7364
4970-29095-0036,4446,0,0.1659,0.7152
4970-29095-0036,4507,0,0.2079,0.8423
4970-29095-0036,4970,1,0.8061,0.976
4970-29095-0036,4992,0,0.1034,0.7312
4970-29095-0036,5142,0,0.2556,0.8534
4970-29095-0036,5683,0,0.1413,0.8736
4970-29095-0036,6829,0,0.2542,0.8294
4970-29095-0036,8463,0,0.1717,0.7285
4970-29095-0036,8555,0,0.3007,0.8973
4992-23283-0004,121,0,0.0326,0.8815
4992-23283-0004,1221,0,0.3162,0.9301
4992-23283-0004,1284,0,0.1363,0.8769
4992-23283-0004,1580,0,0.2872,0.8771
4992-23283-0004,1995,0,0.1305,0.9299
4992-23283-0004,2094,0,0.1315,0.9387
4992-23283-0004,237,0,0.1566,0.8983
4992-23283-0004,2961,0,0.017,0.7481
4992-23283-0004,3570,0,0.0862,0.7435
4992-23283-0004,3575,0,0.0336,0.7016
4992-23283-0004,3729,0,0.1822,0.92
4992-23283-0004,4446,0,0.2608,0.9354
4992-23283-0004,4507,0,0.0361,0.8566
4992-23283-0004,4970,0,0.0833,0.7074
4992-23283-0004,4992,1,0.8565,0.9927
4992-23283-0004,5142,0,0.1115,0.8789
4992-23283-0004,5683,0,-0.0939,0.8266
4992-23283-0004,6829,0,0.3188,0.8799
4992-23283-0004,8463,0,0.3482,0.9637
4992-23283-0004,8555,0,0.1624,0.8224
4992-23283-0011,121,0,-0.0325,0.8593
4992-23283-0011,1221,0,0.2736,0.9048
4992-23283-0011,1284,0,0.0514,0.8984
4992-23283-0011,1580,0,0.2202,0.8782
4992-23283-0011,1995,0,0.0979,0.9364
4992-23283-0011,2094,0,0.0602,0.9267
4992-23283-0011,237,0,0.0304,0.8786
4992-23283-0011,2961,0,0.0339,0.726
4992-23283-0011,3570,0,0.1878,0.7024
4992-23283-0011,3575,0,-0.028,0.6723
4992-23283-0011,3729,0,0.2715,0.8848
4992-23283-0011,4446,0,0.277,0.9283
4992-23283-0011,4507,0,0.0975,0.8178
4992-23283-0011,4970,0,0.0912,0.6757
4992-23283-0011,4992,1,0.8036,0.9761
4992-23283-0011,5142,0,0.2028,0.8621
4992-23283-0011,5683,0,-0.0666,0.8051
4992-23283-0011,6829,0,0.2536,0.8468
4992-23283-0011,8463,0,0.2313,0.9499
4992-23283-0011,8555,0,0.2023,0.7962
4992-23283-0013,121,0,0.061,0.9093
4992-23283-0013,1221,0,0.301,0.9109
4992-23283-0013,1284,0,0.0697,0.8893
4992-23283-0013,1580,0,0.2773,0.886
4992-23283-0013,1995,0,0.0972,0.9386
4992-23283-0013,2094,0,0.027,0.9533
4992-23283-0013,237,0,0.0439,0.9036
4992-23283-0013,2961,0,0.0073,0.7804
4992-23283-0013,3570,0,0.1474,0.7624
4992-23283-0013,3575,0,-0.0056,0.7089
4992-23283-0013,3729,0,0.3125,0.9265
4992-23283-0013,4446,0,0.2905,0.934
4992-23283-0013,4507,0,0.1805,0.8539
4992-23283-0013,4970,0,0.0662,0.6793
4992-23283-0013,4992,1,0.8571,0.9791
4992-23283-0013,5142,0,0.0832,0.8399
4992-23283-0013,5683,0,-0.0085,0.8268
4992-23283-0013,6829,0,0.2896,0.8728
4992-23283-0013,8463,0,0.3601,0.9471
4992-23283-0013,8555,0,0.1842,0.7803
4992-41797-0007,121,0,-0.0769,0.8204
4992-41797-0007,1221,0,0.3331,0.9424
4992-41797-0007,1284,0,0.0869,0.8489
4992-41797-0007,1580,0,0.3751,0.8463
4992-41797-0007,1995,0,0.0502,0.8934
4992-41797-0007,2094,0,0.0304,0.8939
4992-41797-0007,237,0,-0.0462,0.8845
4992-41797-0007,2961,0,0.0052,0.6747
4992-41797-0007,3570,0,0.1486,0.6979
4992-41797-0007,3575,0,0.0239,0.7067
4992-41797-0007,3729,0,0.2417,0.8974
4992-41797-0007,4446,0,0.2266,0.9155
4992-41797-0007,4507,0,0.2063,0.8636
4992-41797-0007,4970,0,0.0618,0.7727
4992-41797-0007,4992,1,0.7999,0.9832
4992-41797-0007,5142,0,0.1424,0.9358
4992-41797-0007,5683,0,-0.1403,0.838
4992-41797-0007,6829,0,0.1411,0.8887
4992-41797-0007,8463,0,0.2186,0.9564
4992-41797-0007,8555,0,0.1876,0.8864
4992-41797-0010,121,0,-0.0853,0.8502
4992-41797-0010,1221,0,0.4375,0.9615
4992-41797-0010,1284,0,0.1646,0.8425
4992-41797-0010,1580,0,0.3522,0.8545
4992-41797-0010,1995,0,0.0938,0.8749
4992-41797-0010,2094,0,0.1625,0.8999
4992-41797-0010,237,0,-0.0137,0.8876
4992-41797-0010,2961,0,0.0143,0.7045
4992-41797-0010,3570,0,0.2408,0.7379
4992-41797-0010,3575,0,0.0275,0.7331
4992-41797-0010,3729,0,0.2949,0.9306
4992-41797-0010,4446,0,0.3324,0.9248
4992-41797-0010,4507,0,0.1286,0.8971
4992-41797-0010,4970,0,0.067,0.7908
4992-41797-0010,4992,1,0.8519,0.9822
4992-41797-0010,5142,0,0.196,0.9278
4992-41797-0010,5683,0,-0.1075,0.8559
4992-41797-0010,6829,0,0.2712,0.9108
4992-41797-0010,8463,0,0.2379,0.9554
4992-41797-0010,8555,0,0.185,0.8825
4992-41797-0017,121,0,-0.0462,0.8357
4992-41797-0017,1221,0,0.3222,0.9349
4992-41797-0017,1284,0,0.0979,0.8168
4992-41797-0017,1580,0,0.257,0.8046
4992-41797-0017,1995,0,0.0966,0.876
4992-41797-0017,2094,0,0.1745,0.886
4992-41797-0017,237,0,-0.0809,0.8721
4992-41797-0017,2961,0,-0.0067,0.7144
4992-41797-0017,3570,0,0.1771,0.7309
4992-41797-0017,3575,0,-0.0476,0.6709
4992-41797-0017,3729,0,0.2397,0.9168
4992-41797-0017,4446,0,0.2588,0.9053
4992-41797-0017,4507,0,0.2496,0.8783
4992-41797-0017,4970,0,0.0865,0.7401
4992-41797-0017,4992,1,0.7759,0.9738
4992-41797-0017,5142,0,0.1717,0.9133
4992-41797-0017,5683,0,-0.093,0.793
4992-41797-0017,6829,0,0.2676,0.9045
4992-41797-0017,8463,0,0.2677,0.9437
4992-41797-0017,8555,0,0.2126,0.8389
4992-41806-0003,121,0,-0.0088,0.8977
4992-41806-0003,1221,0,0.3362,0.9398
4992-41806-0003,1284,0,0.1078,0.856
4992-41806-0003,1580,0,0.3269,0.9052
4992-41806-0003,1995,0,0.1837,0.9105
4992-41806-0003,2094,0,0.1584,0.9345
4992-41806-0003,237,0,0.0962,0.923
4992-41806-0003,2961,0,0.0251,0.7576
4992-41806-0003,3570,0,0.295,0.7866
4992-41806-0003,3575,0,0.0149,0.7745
4992-41806-0003,3729,0,0.3931,0.9292
4992-41806-0003,4446,0,0.3,0.9236
4992-41806-0003,4507,0,0.2949,0.9065
4992-41806-0003,4970,0,0.1308,0.7616
4992-41806-0003,4992,1,0.8248,0.9795
4992-41806-0003,5142,0,0.1407,0.8718
4992-41806-0003,5683,0,0.0122,0.8677
4992-41806-0003,6829,0,0.2317,0.8982
4992-41806-0003,8463,0,0.2536,0.9407
4992-41806-0003,8555,0,0.2416,0.8558
4992-41806-0008,121,0,-0.1215,0.8632
4992-41806-0008,1221,0,0.3663,0.9506
4992-41806-0008,1284,0,0.152,0.8838
4992-41806-0008,1580,0,0.2766,0.8838
4992-41806-0008,1995,0,0.196,0.9015
4992-41806-0008,2094,0,0.1575,0.9304
4992-41806-0008,237,0,0.1096,0.9099
4992-41806-0008,2961,0,0.0348,0.7189
4992-41806-0008,3570,0,0.2815,0.7351
4992-41806-0008,3575,0,-0.0932,0.6955
4992-41806-0008,3729,0,0.3685,0.9313
4992-41806-0008,4446,0,0.2929,0.9546
4992-41806-0008,4507,0,0.276,0.8802
4992-41806-0008,4970,0,0.1132,0.7352
4992-41806-0008,4992,1,0.8337,0.994
4992-41806-0008,5142,0,0.1483,0.9041
4992-41806-0008,5683,0,-0.0314,0.8398
4992-41806-0008,6829,0,0.2024,0.9035
4992-41806-0008,8463,0,0.2829,0.9597
4992-41806-0008,8555,0,0.1979,0.8354
4992-41806-0013,121,0,-0.0899,0.8691
4992-41806-0013,1221,0,0.4596,0.9633
4992-41806-0013,1284,0,0.2465,0.8733
4992-41806-0013,1580,0,0.3508,0.8919
4992-41806-0013,1995,0,0.1788,0.9012
4992-41806-0013,2094,0,0.2026,0.935
4992-41806-0013,237,0,0.2481,0.9424
4992-41806-0013,2961,0,0.0773,0.7287
4992-41806-0013,3570,0,0.2333,0.7684
4992-41806-0013,3575,0,0.0745,0.7366
4992-41806-0013,3729,0,0.3198,0.9356
4992-41806-0013,4446,0,0.3005,0.9505
4992-41806-0013,4507,0,0.2009,0.8939
4992-41806-0013,4970,0,0.1306,0.7646
4992-41806-0013,4992,1,0.7859,0.9887
4992-41806-0013,5142,0,0.1279,0.8965
4992-41806-0013,5683,0,0.0767,0.8622
4992-41806-0013,6829,0,0.264,0.9083
4992-41806-0013,8463,0,0.2861,0.9459
4992-41806-0013,8555,0,0.1898,0.8579
4992-41806-0017,121,0,-0.0592,0.8833
4992-41806-0017,1221,0,0.383,0.9335
4992-41806-0017,1284,0,0.049,0.8757
4992-41806-0017,1580,0,0.2967,0.8912
4992-41806-0017,1995,0,0.1805,0.9343
4992-41806-0017,2094,0,0.136,0.933
4992-41806-0017,237,0,0.0411,0.9298
4992-41806-0017,2961,0,0.0356,0.7421
4992-41806-0017,3570,0,0.2866,0.7581
4992-41806-0017,3575,0,-0.0077,0.7162
4992-41806-0017,3729,0,0.3832,0.9168
4992-41806-0017,4446,0,0.3288,0.9369
4992-41806-0017,4507,0,0.2746,0.8659
4992-41806-0017,4970,0,0.0607,0.7139
4992-41806-0017,4992,1,0.8319,0.9875
4992-41806-0017,5142,0,0.0398,0.8634
4992-41806-0017,5683,0,-0.0574,0.8397
4992-41806-0017,6829,0,0.1827,0.8732
4992-41806-0017,8463,0,0.2951,0.9493
4992-41806-0017,8555,0,0.1897,0.8289
5105-28233-0001,1089,0,0.2764,0.8879
5105-28233-0001,1188,0,0.1663,0.9324
5105-28233-0001,1320,0,0.3383,0.9468
5105-28233-0001,2300,0,-0.0059,0.7451
5105-28233-0001,260,0,0.2301,0.8795
5105-28233-0001,2830,0,0.3387,0.9082
5105-28233-0001,4077,0,0.1167,0.8004
5105-28233-0001,5105,1,0.8285,0.9779
5105-28233-0001,5639,0,0.0929,0.7786
5105-28233-0001,61,0,0.2257,0.8326
5105-28233-0001,672,0,0.1359,0.895
5105-28233-0001,6930,0,0.1558,0.8118
5105-28233-0001,7021,0,0.3362,0.9199
5105-28233-0001,7127,0,0.1072,0.9047
5105-28233-0001,7176,0,0.2467,0.8419
5105-28233-0001,7729,0,0.1264,0.8225
5105-28233-0001,8224,0,0.2044,0.7491
5105-28233-0001,8230,0,0.2711,0.8553
5105-28233-0001,8455,0,0.1446,0.8201
5105-28233-0001,908,0,0.1456,0.8458
5105-28233-0004,1089,0,0.2483,0.9111
5105-28233-0004,1188,0,0.2625,0.9221
5105-28233-0004,1320,0,0.3272,0.9582
5105-28233-0004,2300,0,-0.0659,0.7458
5105-28233-0004,260,0,0.278,0.8842
5105-28233-0004,2830,0,0.3462,0.9046
5105-28233-0004,4077,0,0.1262,0.8361
5105-28233-0004,5105,1,0.8298,0.9859
5105-28233-0004,5639,0,0.1161,0.8261
5105-28233-0004,61,0,0.0828,0.8443
5105-28233-0004,672,0,0.168,0.9164
5105-28233-0004,6930,0,0.1685,0.8338
5105-28233-0004,7021,0,0.3153,0.9183
5105-28233-0004,7127,0,0.0983,0.928
5105-28233-0004,7176,0,0.2451,0.8419
5105-28233-0004,7729,0,0.1547,0.8687
5105-28233-0004,8224,0,0.0827,0.7551
5105-28233-0004,8230,0,0.1732,0.8567
5105-28233-0004,8455,0,0.067,0.8281
5105-28233-0004,908,0,0.22,0.8812
5105-28240-0006,1089,0,0.1461,0.8981
5105-28240-0006,1188,0,0.1414,0.9054
5105-28240-0006,1320,0,0.3681,0.9659
5105-28240-0006,2300,0,-0.0125,0.7931
5105-28240-0006,260,0,0.2213,0.895
5105-28240-0006,2830,0,0.1824,0.8668
5105-28240-0006,4077,0,0.2512,0.8461
5105-28240-0006,5105,1,0.8582,0.9935
5105-28240-0006,5639,0,0.0363,0.7897
5105-28240-0006,61,0,0.1055,0.8586
5105-28240-0006,672,0,0.0961,0.9148
5105-28240-0006,6930,0,0.1436,0.85
5105-28240-0006,7021,0,0.3393,0.944
5105-28240-0006,7127,0,0.028,0.9125
5105-28240-0006,7176,0,0.2578,0.8603
5105-28240-0006,7729,0,0.1376,0.8495
5105-28240-0006,8224,0,0.0923,0.7596
5105-28240-0006,8230,0,0.1261,0.8382
5105-28240-0006,8455,0,0.0924,0.8621
5105-28240-0006,908,0,0.2227,0.892
5105-28240-0007,1089,0,0.1515,0.8455
5105-28240-0007,1188,0,0.1512,0.8351
5105-28240-0007,1320,0,0.2878,0.9469
5105-28240-0007,2300,0,-0.0288,0.8633
5105-28240-0007,260,0,0.0924,0.8013
5105-28240-0007,2830,0,0.1974,0.7726
5105-28240-0007,4077,0,0.1721,0.8201
5105-28240-0007,5105,1,0.7247,0.9661
5105-28240-0007,5639,0,0.0301,0.7011
5105-28240-0007,61,0,0.1005,0.7658
5105-28240-0007,672,0,-0.069,0.8315
5105-28240-0007,6930,0,0.0201,0.7808
5105-28240-0007,7021,0,0.2769,0.9501
5105-28240-0007,7127,0,0.1849,0.9094
5105-28240-0007,7176,0,0.1561,0.7564
5105-28240-0007,7729,0,0.1069,0.8434
5105-28240-0007,8224,0,-0.044,0.6831
5105-28240-0007,8230,0,0.1307,0.7261
5105-28240-0007,8455,0,0.1285,0.8402
5105-28240-0007,908,0,0.0934,0.8356
5105-28240-0009,1089,0,0.1577,0.8855
5105-28240-0009,1188,0,0.1603,0.868
5105-28240-0009,1320,0,0.3573,0.9602
5105-28240-0009,2300,0,-0.0472,0.7574
5105-28240-0009,260,0,0.0827,0.883
5105-28240-0009,2830,0,0.179,0.8432
5105-28240-0009,4077,0,0.3414,0.8448
5105-28240-0009,5105,1,0.7216,0.9656
5105-28240-0009,5639,0,0.0883,0.7903
5105-28240-0009,61,0,0.1196,0.8226
5105-28240-0009,672,0,0.1875,0.9278
5105-28240-0009,6930,0,0.1754,0.8786
5105-28240-0009,7021,0,0.3007,0.8977
5105-28240-0009,7127,0,0.1379,0.8944
5105-28240-0009,7176,0,0.1847,0.8426
5105-28240-0009,7729,0,0.0223,0.7911
5105-28240-0009,8224,0,0.1224,0.7758
5105-28240-0009,8230,0,0.1644,0.8202
5105-28240-0009,8455,0,0.2546,0.8865
5105-28240-0009,908,0,0.1607,0.8636
5105-28240-0012,1089,0,0.2036,0.8739
5105-28240-0012,1188,0,0.1634,0.8634
5105-28240-0012,1320,0,0.3322,0.9561
5105-28240-0012,2300,0,-0.0452,0.8075
5105-28240-0012,260,0,0.3103,0.8627
5105-28240-0012,2830,0,0.306,0.8088
5105-28240-0012,4077,0,0.1874,0.8371
5105-28240-0012,5105,1,0.7709,0.9767
5105-28240-0012,5639,0,0.0799,0.7279
5105-28240-0012,61,0,0.1286,0.8154
5105-28240-0012,672,0,0.1624,0.8846
5105-28240-0012,6930,0,0.1245,0.8325
5105-28240-0012,7021,0,0.2693,0.9435
5105-28240-0012,7127,0,0.0769,0.8996
5105-28240-0012,7176,0,0.1852,0.8311
5105-28240-0012,7729,0,0.0615,0.8032
5105-28240-0012,8224,0,0.0596,0.7325
5105-28240-0012,8230,0,0.1589,0.7854
5105-28240-0012,8455,0,0.0509,0.8629
5105-28240-0012,908,0,0.1653,0.8635
5105-28240-0016,1089,0,0.0464,0.8616
5105-28240-0016,1188,0,0.1179,0.8371
5105-28240-0016,1320,0,0.3529,0.941
5105-28240-0016,2300,0,0.0704,0.8589
5105-28240-0016,260,0,0.1628,0.8356
5105-28240-0016,2830,0,0.1472,0.7731
5105-28240-0016,4077,0,0.2694,0.8818
5105-28240-0016,5105,1,0.6932,0.9475
5105-28240-0016,5639,0,0.0344,0.7092
5105-28240-0016,61,0,0.1306,0.7968
5105-28240-0016,672,0,0.1376,0.8595
5105-28240-0016,6930,0,0.1739,0.7739
5105-28240-0016,7021,0,0.358,0.9237
5105-28240-0016,7127,0,0.1175,0.9278
5105-28240-0016,7176,0,0.2524,0.7961
5105-28240-0016,7729,0,0.0528,0.8292
5105-28240-0016,8224,0,0.0157,0.6771
5105-28240-0016,8230,0,0.0854,0.7413
5105-28240-0016,8455,0,0.1014,0.8643
5105-28240-0016,908,0,0.2526,0.8309
5105-28240-0022,1089,0,0.1008,0.8727
5105-28240-0022,1188,0,0.1296,0.864
5105-28240-0022,1320,0,0.3357,0.9558
5105-28240-0022,2300,0,-0.1042,0.7994
5105-28240-0022,260,0,0.1236,0.8487
5105-28240-0022,2830,0,0.1711,0.8164
5105-28240-0022,4077,0,0.2537,0.8363
5105-28240-0022,5105,1,0.7505,0.9772
5105-28240-0022,5639,0,-0.0298,0.7424
5105-28240-0022,61,0,0.116,0.7968
5105-28240-0022,672,0,0.0598,0.8813
5105-28240-0022,6930,0,0.1272,0.7903
5105-28240-0022,7021,0,0.2804,0.9377
5105-28240-0022,7127,0,0.0961,0.921
5105-28240-0022,7176,0,0.1601,0.8019
5105-28240-0022,7729,0,0.057,0.8143
5105-28240-0022,8224,0,0.112,0.7147
5105-28240-0022,8230,0,0.1359,0.7713
5105-28240-0022,8455,0,0.1038,0.8363
5105-28240-0022,908,0,0.2247,0.8579
5105-28240-0024,1089,0,0.1279,0.88
5105-28240-0024,1188,0,0.1144,0.8922
5105-28240-0024,1320,0,0.3564,0.9585
5105-28240-0024,2300,0,-0.0314,0.7675
5105-28240-0024,260,0,0.1897,0.8943
5105-28240-0024,2830,0,0.2405,0.8614
5105-28240-0024,4077,0,0.1999,0.8549
5105-28240-0024,5105,1,0.8261,0.9815
5105-28240-0024,5639,0,0.0408,0.7796
5105-28240-0024,61,0,0.1402,0.8436
5105-28240-0024,672,0,0.0464,0.9048
5105-28240-0024,6930,0,0.0867,0.842
5105-28240-0024,7021,0,0.2555,0.9183
5105-28240-0024,7127,0,0.1285,0.9151
5105-28240-0024,7176,0,0.161,0.8627
5105-28240-0024,7729,0,0.09,0.8172
5105-28240-0024,8224,0,0.1372,0.7499
5105-28240-0024,8230,0,0.185,0.8217
5105-28240-0024,8455,0,0.0218,0.8578
5105-28240-0024,908,0,0.1958,0.8626
5105-28241-0005,1089,0,0.2405,0.9142
5105-28241-0005,1188,0,0.1317,0.9133
5105-28241-0005,1320,0,0.4305,0.947
5105-28241-0005,2300,0,-0.0048,0.7674
5105-28241-0005,260,0,0.2714,0.9146
5105-28241-0005,2830,0,0.26,0.8721
5105-28241-0005,4077,0,0.256,0.8931
5105-28241-0005,5105,1,0.8625,0.9835
5105-28241-0005,5639,0,0.0495,0.8279
5105-28241-0005,61,0,0.2062,0.8764
5105-28241-0005,672,0,0.1963,0.9227
5105-28241-0005,6930,0,0.1791,0.8291
5105-28241-0005,7021,0,0.3409,0.93
5105-28241-0005,7127,0,0.1374,0.9261
5105-28241-0005,7176,0,0.3184,0.8796
5105-28241-0005,7729,0,0.1554,0.8894
5105-28241-0005,8224,0,0.1522,0.7441
5105-28241-0005,8230,0,0.217,0.8528
5105-28241-0005,8455,0,0.054,0.8442
5105-28241-0005,908,0,0.2564,0.9019
5142-33396-0012,121,0,-0.1453,0.7185
5142-33396-0012,1221,0,0.0387,0.8499
5142-33396-0012,1284,0,-0.0182,0.725
5142-33396-0012,1580,0,-0.0476,0.7318
5142-33396-0012,1995,0,0.0174,0.8367
5142-33396-0012,2094,0,0.0015,0.783
5142-33396-0012,237,0,0.1056,0.8188
5142-33396-0012,2961,0,-0.0527,0.5824
5142-33396-0012,3570,0,0.0654,0.6087
5142-33396-0012,3575,0,-0.0802,0.6794
5142-33396-0012,3729,0,0.0634,0.7931
5142-33396-0012,4446,0,0.0475,0.8031
5142-33396-0012,4507,0,0.0775,0.784
5142-33396-0012,4970,0,0.1732,0.8039
5142-33396-0012,4992,0,0.2089,0.8972
5142-33396-0012,5142,1,0.6952,0.9529
5142-33396-0012,5683,0,0.0107,0.8045
5142-33396-0012,6829,0,0.1777,0.8005
5142-33396-0012,8463,0,0.2245,0.9082
5142-33396-0012,8555,0,0.3145,0.9375
5142-33396-0015,121,0,-0.1604,0.7786
5142-33396-0015,1221,0,0.132,0.9148
5142-33396-0015,1284,0,0.05,0.8048
5142-33396-0015,1580,0,0.0357,0.8123
5142-33396-0015,1995,0,0.0471,0.839
5142-33396-0015,2094,0,0.1435,0.8525
5142-33396-0015,237,0,0.1536,0.8624
5142-33396-0015,2961,0,-0.0365,0.6213
5142-33396-0015,3570,0,0.0336,0.6574
5142-33396-0015,3575,0,-0.0118,0.7223
5142-33396-0015,3729,0,0.0957,0.8684
5142-33396-0015,4446,0,0.0609,0.8788
5142-33396-0015,4507,0,0.0963,0.8565
5142-33396-0015,4970,0,0.2341,0.8324
5142-33396-0015,4992,0,0.1455,0.9389
5142-33396-0015,5142,1,0.772,0.9733
5142-33396-0015,5683,0,0.1084,0.8686
5142-33396-0015,6829,0,0.1621,0.8698
5142-33396-0015,8463,0,0.1917,0.9341
5142-33396-0015,8555,0,0.1362,0.9306
5142-33396-0019,121,0,-0.0974,0.7686
5142-33396-0019,1221,0,-0.0142,0.8843
5142-33396-0019,1284,0,-0.0127,0.8274
5142-33396-0019,1580,0,-0.003,0.8051
5142-33396-0019,1995,0,0.0728,0.8829
5142-33396-0019,2094,0,0.1088,0.8444
5142-33396-0019,237,0,0.1443,0.8727
5142-33396-0019,2961,0,-0.0461,0.6177
5142-33396-0019,3570,0,0.0169,0.6287
5142-33396-0019,3575,0,-0.0403,0.6549
5142-33396-0019,3729,0,0.0328,0.8394
5142-33396-0019,4446,0,0.024,0.8821
5142-33396-0019,4507,0,-0.0114,0.8082
5142-33396-0019,4970,0,0.1768,0.7695
5142-33396-0019,4992,0,0.1782,0.937
5142-33396-0019,5142,1,0.6793,0.9608
5142-33396-0019,5683,0,0.0172,0.8294
5142-33396-0019,6829,0,0.1394,0.8223
5142-33396-0019,8463,0,0.1708,0.9473
5142-33396-0019,8555,0,0.189,0.902
5142-33396-0024,121,0,-0.2247,0.766
5142-33396-0024,1221,0,0.0519,0.9136
5142-33396-0024,1284,0,0.0386,0.8533
5142-33396-0024,1580,0,0.0753,0.8369
5142-33396-0024,1995,0,-0.0002,0.8543
5142-33396-0024,2094,0,-0.0188,0.8665
5142-33396-0024,237,0,0.1462,0.8702
5142-33396-0024,2961,0,-0.051,0.6273
5142-33396-0024,3570,0,0.006,0.6357
5142-33396-0024,3575,0,-0.1052,0.6821
5142-33396-0024,3729,0,0.0455,0.8599
5142-33396-0024,4446,0,0.0383,0.9101
5142-33396-0024,4507,0,0.1336,0.833
5142-33396-0024,4970,0,0.2415,0.8096
5142-33396-0024,4992,0,0.0734,0.9442
5142-33396-0024,5142,1,0.696,0.9739
5142-33396-0024,5683,0,0.0852,0.8592
5142-33396-0024,6829,0,0.1536,0.8687
5142-33396-0024,8463,0,0.1143,0.944
5142-33396-0024,8555,0,0.1857,0.9026
5142-33396-0032,121,0,-0.1672,0.7923
5142-33396-0032,1221,0,0.0705,0.9285
5142-33396-0032,1284,0,-0.0862,0.8344
5142-33396-0032,1580,0,0.0041,0.835
5142-33396-0032,1995,0,0.0381,0.8567
5142-33396-0032,2094,0,0.0176,0.8689
5142-33396-0032,237,0,0.0807,0.8836
5142-33396-0032,2961,0,-0.0322,0.6512
5142-33396-0032,3570,0,0.0904,0.6754
5142-33396-0032,3575,0,-0.1546,0.7147
5142-33396-0032,3729,0,0.164,0.886
5142-33396-0032,4446,0,-0.0022,0.9077
5142-33396-0032,4507,0,0.1325,0.8688
5142-33396-0032,4970,0,0.1481,0.8289
5142-33396-0032,4992,0,0.2174,0.9544
5142-33396-0032,5142,1,0.7591,0.9782
5142-33396-0032,5683,0,-0.0385,0.8702
5142-33396-0032,6829,0,0.1434,0.8887
5142-33396-0032,8463,0,0.1594,0.9499
5142-33396-0032,8555,0,0.2663,0.9216
5142-33396-0054,121,0,-0.154,0.7539
5142-33396-0054,1221,0,0.0663,0.8962
5142-33396-0054,1284,0,0.0443,0.7748
5142-33396-0054,1580,0,0.0084,0.7881
5142-33396-0054,1995,0,-0.0175,0.7891
5142-33396-0054,2094,0,-0.0025,0.8025
5142-33396-0054,237,0,0.1355,0.819
5142-33396-0054,2961,0,-0.0228,0.6252
5142-33396-0054,3570,0,-0.0211,0.6542
5142-33396-0054,3575,0,-0.1157,0.718
5142-33396-0054,3729,0,0.0925,0.8506
5142-33396-0054,4446,0,0.13,0.8488
5142-33396-0054,4507,0,0.0898,0.8601
5142-33396-0054,4970,0,0.0959,0.856
5142-33396-0054,4992,0,0.1316,0.8991
5142-33396-0054,5142,1,0.715,0.9672
5142-33396-0054,5683,0,0.0025,0.8552
5142-33396-0054,6829,0,0.0873,0.8659
5142-33396-0054,8463,0,0.1237,0.9116
5142-33396-0054,8555,0,0.2002,0.928
5142-36377-0001,121,0,-0.148,0.6598
5142-36377-0001,1221,0,0.1518,0.8557
5142-36377-0001,1284,0,-0.0145,0.7998
5142-36377-0001,1580,0,0.0065,0.7513
5142-36377-0001,1995,0,-0.0027,0.7833
5142-36377-0001,2094,0,0.087,0.7854
5142-36377-0001,237,0,0.2399,0.8215
5142-36377-0001,2961,0,0.0584,0.5445
5142-36377-0001,3570,0,0.0622,0.5558
5142-36377-0001,3575,0,0.0439,0.5963
5142-36377-0001,3729,0,0.0302,0.7815
5142-36377-0001,4446,0,0.0268,0.8472
5142-36377-0001,4507,0,0.0679,0.7733
5142-36377-0001,4970,0,0.2641,0.7874
5142-36377-0001,4992,0,0.1263,0.8705
5142-36377-0001,5142,1,0.8215,0.9799
5142-36377-0001,5683,0,0.1978,0.8003
5142-36377-0001,6829,0,0.1264,0.8237
5142-36377-0001,8463,0,0.1812,0.8758
5142-36377-0001,8555,0,0.3358,0.8828
5142-36377-0006,121,0,-0.1166,0.6785
5142-36377-0006,1221,0,0.0458,0.8748
5142-36377-0006,1284,0,0.0598,0.7921
5142-36377-0006,1580,0,0.0139,0.7952
5142-36377-0006,1995,0,-0.0401,0.7986
5142-36377-0006,2094,0,-0.0204,0.7898
5142-36377-0006,237,0,0.279,0.8651
5142-36377-0006,2961,0,0.0562,0.5434
5142-36377-0006,3570,0,0.0158,0.5895
5142-36377-0006,3575,0,0.0114,0.6742
5142-36377-0006,3729,0,-0.0237,0.7843
5142-36377-0006,4446,0,0.0977,0.8471
5142-36377-0006,4507,0,0.0561,0.7978
5142-36377-0006,4970,0,0.194,0.8411
5142-36377-0006,4992,0,0.0447,0.8787
5142-36377-0006,5142,1,0.7377,0.9738
5142-36377-0006,5683,0,0.1181,0.8587
5142-36377-0006,6829,0,0.0999,0.8166
5142-36377-0006,8463,0,0.0738,0.8802
5142-36377-0006,8555,0,0.3098,0.9412
5142-36377-0018,121,0,-0.1146,0.618
5142-36377-0018,1221,0,-0.0126,0.8236
5142-36377-0018,1284,0,-0.0302,0.695
5142-36377-0018,1580,0,-0.0831,0.6767
5142-36377-0018,1995,0,0.0361,0.745
5142-36377-0018,2094,0,0.0645,0.7136
5142-36377-0018,237,0,0.1033,0.7974
5142-36377-0018,2961,0,0.0371,0.4997
5142-36377-0018,3570,0,0.0249,0.5398
5142-36377-0018,3575,0,-0.0311,0.6061
5142-36377-0018,3729,0,0.0269,0.735
5142-36377-0018,4446,0,0.0681,0.7674
5142-36377-0018,4507,0,0.0508,0.7518
5142-36377-0018,4970,0,0.1337,0.8107
5142-36377-0018,4992,0,0.0891,0.8365
5142-36377-0018,5142,1,0.7615,0.9772
5142-36377-0018,5683,0,0.1138,0.7741
5142-36377-0018,6829,0,0.0269,0.7877
5142-36377-0018,8463,0,0.1619,0.8492
5142-36377-0018,8555,0,0.2913,0.9186
5142-36377-0023,121,0,-0.1609,0.6611
5142-36377-0023,1221,0,-0.0339,0.8685
5142-36377-0023,1284,0,-0.0731,0.7966
5142-36377-0023,1580,0,-0.08,0.7832
5142-36377-0023,1995,0,-0.1213,0.7696
5142-36377-0023,2094,0,0.0,0.7958
5142-36377-0023,237,0,0.1162,0.8387
5142-36377-0023,2961,0,-0.1013,0.5427
5142-36377-0023,3570,0,-0.0841,0.5819
5142-36377-0023,3575,0,-0.0158,0.6705
5142-36377-0023,3729,0,-0.0393,0.7842
5142-36377-0023,4446,0,0.0197,0.846
5142-36377-0023,4507,0,0.0452,0.8051
5142-36377-0023,4970,0,0.2332,0.8497
5142-36377-0023,4992,0,-0.0168,0.868
5142-36377-0023,5142,1,0.8207,0.9842
5142-36377-0023,5683,0,0.1009,0.8394
5142-36377-0023,6829,0,0.1005,0.8546
5142-36377-0023,8463,0,0.0513,0.8639
5142-36377-0023,8555,0,0.2906,0.9154
5639-40744-0002,1089,0,0.17,0.758
5639-40744-0002,1188,0,0.0381,0.7628
5639-40744-0002,1320,0,-0.023,0.6764
5639-40744-0002,2300,0,0.0183,0.4566
5639-40744-0002,260,0,0.0395,0.8105
5639-40744-0002,2830,0,0.0614,0.7238
5639-40744-0002,4077,0,0.2176,0.8696
5639-40744-0002,5105,0,0.1206,0.7403
5639-40744-0002,5639,1,0.8255,0.9769
5639-40744-0002,61,0,0.0262,0.7849
5639-40744-0002,672,0,0.1564,0.8142
5639-40744-0002,6930,0,0.0541,0.6622
5639-40744-0002,7021,0,0.13,0.6343
5639-40744-0002,7127,0,0.161,0.724
5639-40744-0002,7176,0,0.158,0.7939
5639-40744-0002,7729,0,0.1913,0.8525
5639-40744-0002,8224,0,0.0817,0.7565
5639-40744-0002,8230,0,0.0983,0.7504
5639-40744-0002,8455,0,-0.0243,0.6288
5639-40744-0002,908,0,0.0461,0.7868
5639-40744-0007,1089,0,0.203,0.768
5639-40744-0007,1188,0,0.0942,0.7663
5639-40744-0007,1320,0,0.0267,0.6481
5639-40744-0007,2300,0,0.0555,0.3694
5639-40744-0007,260,0,0.0433,0.7706
5639-40744-0007,2830,0,0.0911,0.7367
5639-40744-0007,4077,0,0.1336,0.7703
5639-40744-0007,5105,0,0.0666,0.7185
5639-40744-0007,5639,1,0.822,0.9747
5639-40744-0007,61,0,0.0119,0.7432
5639-40744-0007,672,0,0.0709,0.8137
5639-40744-0007,6930,0,0.0401,0.6189
5639-40744-0007,7021,0,0.1174,0.6094
5639-40744-0007,7127,0,0.1036,0.681
5639-40744-0007,7176,0,0.1598,0.746
5639-40744-0007,7729,0,0.2338,0.7911
5639-40744-0007,8224,0,0.0496,0.752
5639-40744-0007,8230,0,0.1223,0.7749
5639-40744-0007,8455,0,-0.0399,0.5614
5639-40744-0007,908,0,-0.0181,0.7679
5639-40744-0012,1089,0,0.285,0.7774
5639-40744-0012,1188,0,0.1371,0.7847
5639-40744-0012,1320,0,-0.0091,0.6599
5639-40744-0012,2300,0,0.153,0.3967
5639-40744-0012,260,0,0.0044,0.8094
5639-40744-0012,2830,0,0.1586,0.7666
5639-40744-0012,4077,0,0.1446,0.81
5639-40744-0012,5105,0,0.0385,0.7321
5639-40744-0012,5639,1,0.8952,0.9831
5639-40744-0012,61,0,0.1466,0.7951
5639-40744-0012,672,0,0.1642,0.8359
5639-40744-0012,6930,0,-0.0226,0.6665
5639-40744-0012,7021,0,0.1464,0.6148
5639-40744-0012,7127,0,0.1733,0.6967
5639-40744-0012,7176,0,0.1859,0.8038
5639-40744-0012,7729,0,0.2221,0.8102
5639-40744-0012,8224,0,0.0865,0.792
5639-40744-0012,8230,0,0.2181,0.8053
5639-40744-0012,8455,0,-0.0314,0.5962
5639-40744-0012,908,0,-0.0039,0.7787
5639-40744-0013,1089,0,0.3133,0.7788
5639-40744-0013,1188,0,0.1568,0.7565
5639-40744-0013,1320,0,0.0442,0.6449
5639-40744-0013,2300,0,0.234,0.3979
5639-40744-0013,260,0,0.0792,0.7722
5639-40744-0013,2830,0,0.2038,0.7329
5639-40744-0013,4077,0,0.1439,0.7776
5639-40744-0013,5105,0,0.108,0.7131
5639-40744-0013,5639,1,0.8195,0.9603
5639-40744-0013,61,0,0.0991,0.7775
5639-40744-0013,672,0,0.2242,0.8355
5639-40744-0013,6930,0,-0.028,0.6533
5639-40744-0013,7021,0,0.1871,0.6103
5639-40744-0013,7127,0,0.2695,0.6656
5639-40744-0013,7176,0,0.0845,0.7765
5639-40744-0013,7729,0,0.2078,0.775
5639-40744-0013,8224,0,0.1632,0.8185
5639-40744-0013,8230,0,0.2301,0.7899
5639-40744-0013,8455,0,0.0964,0.5804
5639-40744-0013,908,0,-0.0611,0.7746
5639-40744-0014,1089,0,0.2797,0.8383
5639-40744-0014,1188,0,0.1526,0.8363
5639-40744-0014,1320,0,0.0575,0.7386
5639-40744-0014,2300,0,0.1425,0.4921
5639-40744-0014,260,0,0.0932,0.8615
5639-40744-0014,2830,0,0.2059,0.8192
5639-40744-0014,4077,0,0.1301,0.8637
5639-40744-0014,5105,0,0.0747,0.799
5639-40744-0014,5639,1,0.8826,0.9826
5639-40744-0014,61,0,0.1348,0.8413
5639-40744-0014,672,0,0.2148,0.8777
5639-40744-0014,6930,0,0.0427,0.7468
5639-40744-0014,7021,0,0.1524,0.6952
5639-40744-0014,7127,0,0.1637,0.767
5639-40744-0014,7176,0,0.1313,0.8427
5639-40744-0014,7729,0,0.2302,0.8658
5639-40744-0014,8224,0,0.0749,0.7689
5639-40744-0014,8230,0,0.1719,0.8521
5639-40744-0014,8455,0,0.0618,0.6865
5639-40744-0014,908,0,-0.0354,0.8229
5639-40744-0017,1089,0,0.2158,0.7583
5639-40744-0017,1188,0,0.1193,0.7474
5639-40744-0017,1320,0,-0.0548,0.6511
5639-40744-0017,2300,0,0.1531,0.4108
5639-40744-0017,260,0,0.0225,0.7754
5639-40744-0017,2830,0,0.2031,0.734
5639-40744-0017,4077,0,0.1452,0.8081
5639-40744-0017,5105,0,0.0777,0.7345
5639-40744-0017,5639,1,0.8736,0.9845
5639-40744-0017,61,0,0.0774,0.7632
5639-40744-0017,672,0,0.154,0.8137
5639-40744-0017,6930,0,-0.0367,0.6523
5639-40744-0017,7021,0,0.1176,0.6259
5639-40744-0017,7127,0,0.2119,0.6953
5639-40744-0017,7176,0,0.1445,0.7533
5639-40744-0017,7729,0,0.2634,0.8209
5639-40744-0017,8224,0,0.0782,0.7799
5639-40744-0017,8230,0,0.183,0.7548
5639-40744-0017,8455,0,-0.0416,0.5706
5639-40744-0017,908,0,-0.0337,0.7793
5639-40744-0024,1089,0,0.2442,0.7973
5639-40744-0024,1188,0,0.0991,0.794
5639-40744-0024,1320,0,0.0206,0.6942
5639-40744-0024,2300,0,0.1285,0.4318
5639-40744-0024,260,0,0.0171,0.8302
5639-40744-0024,2830,0,0.131,0.7721
5639-40744-0024,4077,0,0.2046,0.8361
5639-40744-0024,5105,0,0.079,0.7614
5639-40744-0024,5639,1,0.9113,0.9864
5639-40744-0024,61,0,0.077,0.8187
5639-40744-0024,672,0,0.1352,0.8577
5639-40744-0024,6930,0,-0.0029,0.6855
5639-40744-0024,7021,0,0.1496,0.648
5639-40744-0024,7127,0,0.217,0.7193
5639-40744-0024,7176,0,0.1663,0.8177
5639-40744-0024,7729,0,0.2524,0.8354
5639-40744-0024,8224,0,0.0079,0.7823
5639-40744-0024,8230,0,0.1112,0.811
5639-40744-0024,8455,0,-0.0012,0.6264
5639-40744-0024,908,0,-0.0619,0.8157
5639-40744-0029,1089,0,0.2377,0.808
5639-40744-0029,1188,0,0.1558,0.8043
5639-40744-0029,1320,0,0.0172,0.7073
5639-40744-0029,2300,0,0.1732,0.4758
5639-40744-0029,260,0,0.0158,0.8046
5639-40744-0029,2830,0,0.1604,0.7606
5639-40744-0029,4077,0,0.1365,0.832
5639-40744-0029,5105,0,0.0327,0.7738
5639-40744-0029,5639,1,0.896,0.9871
5639-40744-0029,61,0,0.1834,0.7743
5639-40744-0029,672,0,0.225,0.8506
5639-40744-0029,6930,0,-0.0067,0.6695
5639-40744-0029,7021,0,0.0822,0.6789
5639-40744-0029,7127,0,0.1799,0.7447
5639-40744-0029,7176,0,0.1484,0.7743
5639-40744-0029,7729,0,0.243,0.8458
5639-40744-0029,8224,0,0.108,0.8058
5639-40744-0029,8230,0,0.2201,0.7879
5639-40744-0029,8455,0,-0.0108,0.6356
5639-40744-0029,908,0,-0.0566,0.8014
5639-40744-0034,1089,0,0.2391,0.783
5639-40744-0034,1188,0,0.1198,0.7805
5639-40744-0034,1320,0,-0.0175,0.6732
5639-40744-0034,2300,0,0.0398,0.4068
5639-40744-0034,260,0,0.0292,0.8098
5639-40744-0034,2830,0,0.1427,0.756
5639-40744-0034,4077,0,0.1648,0.8071
5639-40744-0034,5105,0,0.0422,0.7421
5639-40744-0034,5639,1,0.9143,0.9896
5639-40744-0034,61,0,0.0631,0.7818
5639-40744-0034,672,0,0.1972,0.846
5639-40744-0034,6930,0,0.0342,0.6851
5639-40744-0034,7021,0,0.0778,0.6289
5639-40744-0034,7127,0,0.1927,0.6938
5639-40744-0034,7176,0,0.1496,0.7835
5639-40744-0034,7729,0,0.3236,0.8128
5639-40744-0034,8224,0,0.0632,0.7971
5639-40744-0034,8230,0,0.1238,0.7951
5639-40744-0034,8455,0,-0.0256,0.6123
5639-40744-0034,908,0,-0.0411,0.7942
5639-40744-0040,1089,0,0.1443,0.7294
5639-40744-0040,1188,0,0.0695,0.7389
5639-40744-0040,1320,0,-0.0175,0.6229
5639-40744-0040,2300,0,0.0496,0.3979
5639-40744-0040,260,0,-0.0317,0.7532
5639-40744-0040,2830,0,0.0696,0.7101
5639-40744-0040,4077,0,0.0849,0.783
5639-40744-0040,5105,0,0.0302,0.703
5639-40744-0040,5639,1,0.8972,0.9741
5639-40744-0040,61,0,0.0214,0.7511
5639-40744-0040,672,0,0.1535,0.7824
5639-40744-0040,6930,0,0.0387,0.6008
5639-40744-0040,7021,0,0.0927,0.6013
5639-40744-0040,7127,0,0.1621,0.6682
5639-40744-0040,7176,0,0.0648,0.7395
5639-40744-0040,7729,0,0.2971,0.8342
5639-40744-0040,8224,0,0.072,0.7599
5639-40744-0040,8230,0,0.1078,0.7366
5639-40744-0040,8455,0,-0.0783,0.5376
5639-40744-0040,908,0,-0.1128,0.7679
5683-32865-0010,121,0,0.0791,0.7104
5683-32865-0010,1221,0,0.3801,0.8569
5683-32865-0010,1284,0,0.0891,0.7882
5683-32865-0010,1580,0,0.1752,0.8532
5683-32865-0010,1995,0,0.1003,0.7036
5683-32865-0010,2094,0,0.0268,0.7702
5683-32865-0010,237,0,0.2898,0.8526
5683-32865-0010,2961,0,0.039,0.6063
5683-32865-0010,3570,0,0.0302,0.7405
5683-32865-0010,3575,0,0.3193,0.8855
5683-32865-0010,3729,0,-0.0387,0.7765
5683-32865-0010,4446,0,0.0326,0.7804
5683-32865-0010,4507,0,0.0679,0.8716
5683-32865-0010,4970,0,0.1487,0.9214
5683-32865-0010,4992,0,-0.0297,0.7517
5683-32865-0010,5142,0,0.1052,0.799
5683-32865-0010,5683,1,0.7823,0.9609
5683-32865-0010,6829,0,0.0635,0.8295
5683-32865-0010,8463,0,0.1086,0.6963
5683-32865-0010,8555,0,0.2316,0.8848
5683-32866-0006,121,0,0.1486,0.7542
5683-32866-0006,1221,0,0.3256,0.8655
5683-32866-0006,1284,0,0.0842,0.7803
5683-32866-0006,1580,0,0.1031,0.8538
5683-32866-0006,1995,0,0.0785,0.7419
5683-32866-0006,2094,0,0.0547,0.7935
5683-32866-0006,237,0,0.4484,0.8644
5683-32866-0006,2961,0,0.0058,0.6486
5683-32866-0006,3570,0,0.023,0.7497
5683-32866-0006,3575,0,0.2238,0.8761
5683-32866-0006,3729,0,0.229,0.8138
5683-32866-0006,4446,0,0.0347,0.7857
5683-32866-0006,4507,0,0.1279,0.8949
5683-32866-0006,4970,0,0.0696,0.8899
5683-32866-0006,4992,0,0.0872,0.7891
5683-32866-0006,5142,0,0.1665,0.825
5683-32866-0006,5683,1,0.7162,0.9651
5683-32866-0006,6829,0,0.1516,0.8469
5683-32866-0006,8463,0,0.0265,0.736
5683-32866-0006,8555,0,0.3009,0.8952
5683-32866-0012,121,0,0.0552,0.7316
5683-32866-0012,1221,0,0.2888,0.9032
5683-32866-0012,1284,0,0.1369,0.8134
5683-32866-0012,1580,0,0.1682,0.861
5683-32866-0012,1995,0,0.1226,0.7218
5683-32866-0012,2094,0,0.1114,0.838
5683-32866-0012,237,0,0.4301,0.8686
5683-32866-0012,2961,0,0.0347,0.5976
5683-32866-0012,3570,0,-0.0649,0.7154
5683-32866-0012,3575,0,0.2916,0.8843
5683-32866-0012,3729,0,-0.0067,0.8221
5683-32866-0012,4446,0,-0.0111,0.8269
5683-32866-0012,4507,0,0.0811,0.9035
5683-32866-0012,4970,0,0.1826,0.9297
5683-32866-0012,4992,0,-0.0656,0.8118
5683-32866-0012,5142,0,0.2626,0.8575
5683-32866-0012,5683,1,0.8137,0.9616
5683-32866-0012,6829,0,0.0539,0.9101
5683-32866-0012,8463,0,-0.0011,0.7626
5683-32866-0012,8555,0,0.2438,0.8801
5683-32866-0016,121,0,0.0296,0.815
5683-32866-0016,1221,0,0.2446,0.8523
5683-32866-0016,1284,0,0.01,0.8316
5683-32866-0016,1580,0,0.1385,0.9066
5683-32866-0016,1995,0,0.0804,0.7927
5683-32866-0016,2094,0,0.0486,0.826
5683-32866-0016,237,0,0.3419,0.8732
5683-32866-0016,2961,0,0.0347,0.7167
5683-32866-0016,3570,0,-0.0192,0.8008
5683-32866-0016,3575,0,0.2046,0.908
5683-32866-0016,3729,0,-0.0282,0.8237
5683-32866-0016,4446,0,0.0443,0.8145
5683-32866-0016,4507,0,0.0989,0.8922
5683-32866-0016,4970,0,0.1775,0.8728
5683-32866-0016,4992,0,-0.0396,0.8023
5683-32866-0016,5142,0,0.2209,0.7888
5683-32866-0016,5683,1,0.71,0.9675
5683-32866-0016,6829,0,-0.0018,0.8353
5683-32866-0016,8463,0,0.0175,0.7645
5683-32866-0016,8555,0,0.1787,0.88
5683-32866-0024,121,0,-0.0142,0.7444
5683-32866-0024,1221,0,0.3251,0.8317
5683-32866-0024,1284,0,0.0824,0.7553
5683-32866-0024,1580,0,0.1668,0.84
5683-32866-0024,1995,0,0.1314,0.7181
5683-32866-0024,2094,0,0.0908,0.7795
5683-32866-0024,237,0,0.3181,0.8359
5683-32866-0024,2961,0,0.0318,0.6445
5683-32866-0024,3570,0,-0.0681,0.7794
5683-32866-0024,3575,0,0.4036,0.9314
5683-32866-0024,3729,0,-0.0014,0.7902
5683-32866-0024,4446,0,-0.0486,0.7529
5683-32866-0024,4507,0,0.0367,0.8912
5683-32866-0024,4970,0,0.1661,0.9236
5683-32866-0024,4992,0,-0.0427,0.7475
5683-32866-0024,5142,0,0.1799,0.7856
5683-32866-0024,5683,1,0.8463,0.9625
5683-32866-0024,6829,0,0.0206,0.828
5683-32866-0024,8463,0,0.01,0.6958
5683-32866-0024,8555,0,0.2131,0.8944
5683-32879-0004,121,0,0.0708,0.7526
5683-32879-0004,1221,0,0.3041,0.8536
5683-32879-0004,1284,0,0.0381,0.8172
5683-32879-0004,1580,0,0.1612,0.8738
5683-32879-0004,1995,0,0.0752,0.7294
5683-32879-0004,2094,0,0.0495,0.8115
5683-32879-0004,237,0,0.3267,0.8185
5683-32879-0004,2961,0,-0.0299,0.6114
5683-32879-0004,3570,0,-0.0798,0.7278
5683-32879-0004,3575,0,0.2542,0.9145
5683-32879-0004,3729,0,0.0613,0.8034
5683-32879-0004,4446,0,0.0032,0.7981
5683-32879-0004,4507,0,0.0471,0.8705
5683-32879-0004,4970,0,0.0867,0.9003
5683-32879-0004,4992,0,-0.0862,0.7682
5683-32879-0004,5142,0,0.1579,0.7802
5683-32879-0004,5683,1,0.8347,0.9759
5683-32879-0004,6829,0,0.0191,0.8354
5683-32879-0004,8463,0,0.136,0.7197
5683-32879-0004,8555,0,0.1238,0.8569
5683-32879-0006,121,0,0.0696,0.791
5683-32879-0006,1221,0,0.2846,0.877
5683-32879-0006,1284,0,0.0376,0.7958
5683-32879-0006,1580,0,0.2102,0.8739
5683-32879-0006,1995,0,0.1174,0.7838
5683-32879-0006,2094,0,-0.0094,0.823
5683-32879-0006,237,0,0.3482,0.8801
5683-32879-0006,2961,0,-0.0228,0.6466
5683-32879-0006,3570,0,-0.0221,0.7859
5683-32879-0006,3575,0,0.298,0.9159
5683-32879-0006,3729,0,0.0276,0.8373
5683-32879-0006,4446,0,0.0403,0.8137
5683-32879-0006,4507,0,0.0561,0.899
5683-32879-0006,4970,0,0.149,0.9153
5683-32879-0006,4992,0,-0.0104,0.8202
5683-32879-0006,5142,0,0.1174,0.8315
5683-32879-0006,5683,1,0.8092,0.9767
5683-32879-0006,6829,0,0.0285,0.838
5683-32879-0006,8463,0,0.0966,0.773
5683-32879-0006,8555,0,0.2192,0.9296
5683-32879-0007,121,0,0.1066,0.8459
5683-32879-0007,1221,0,0.2733,0.8936
5683-32879-0007,1284,0,0.0317,0.8454
5683-32879-0007,1580,0,0.1219,0.9125
5683-32879-0007,1995,0,0.044,0.8181
5683-32879-0007,2094,0,0.0468,0.896
5683-32879-0007,237,0,0.261,0.8717
5683-32879-0007,2961,0,-0.0708,0.7145
5683-32879-0007,3570,0,-0.1015,0.8049
5683-32879-0007,3575,0,0.3072,0.9037
5683-32879-0007,3729,0,0.1092,0.8824
5683-32879-0007,4446,0,-0.0569,0.8533
5683-32879-0007,4507,0,0.1217,0.9356
5683-32879-0007,4970,0,0.0565,0.8525
5683-32879-0007,4992,0,-0.0748,0.8529
5683-32879-0007,5142,0,0.0125,0.8073
5683-32879-0007,5683,1,0.7489,0.9637
5683-32879-0007,6829,0,0.0547,0.8925
5683-32879-0007,8463,0,0.0839,0.7878
5683-32879-0007,8555,0,0.0261,0.8621
5683-32879-0012,121,0,0.1451,0.7391
5683-32879-0012,1221,0,0.2738,0.8575
5683-32879-0012,1284,0,0.0372,0.7657
5683-32879-0012,1580,0,0.1618,0.8347
5683-32879-0012,1995,0,0.176,0.7246
5683-32879-0012,2094,0,0.0141,0.7841
5683-32879-0012,237,0,0.3413,0.8139
5683-32879-0012,2961,0,-0.0032,0.6344
5683-32879-0012,3570,0,-0.0414,0.7604
5683-32879-0012,3575,0,0.2313,0.8822
5683-32879-0012,3729,0,0.0024,0.8138
5683-32879-0012,4446,0,0.0284,0.7858
5683-32879-0012,4507,0,0.0678,0.8939
5683-32879-0012,4970,0,0.1279,0.8947
5683-32879-0012,4992,0,-0.0223,0.7765
5683-32879-0012,5142,0,0.019,0.8013
5683-32879-0012,5683,1,0.7075,0.9434
5683-32879-0012,6829,0,0.0946,0.8482
5683-32879-0012,8463,0,0.0845,0.7134
5683-32879-0012,8555,0,0.1442,0.8871
5683-32879-0013,121,0,0.1116,0.7546
5683-32879-0013,1221,0,0.3405,0.8865
5683-32879-0013,1284,0,0.0483,0.8086
5683-32879-0013,1580,0,0.1476,0.8721
5683-32879-0013,1995,0,0.0703,0.7733
5683-32879-0013,2094,0,-0.0154,0.818
5683-32879-0013,237,0,0.2993,0.8688
5683-32879-0013,2961,0,-0.0181,0.6246
5683-32879-0013,3570,0,-0.1009,0.7374
5683-32879-0013,3575,0,0.258,0.9022
5683-32879-0013,3729,0,0.0297,0.8177
5683-32879-0013,4446,0,0.047,0.8149
5683-32879-0013,4507,0,0.0295,0.8969
5683-32879-0013,4970,0,0.023,0.9361
5683-32879-0013,4992,0,-0.0168,0.8196
5683-32879-0013,5142,0,0.1758,0.8645
5683-32879-0013,5683,1,0.8328,0.9774
5683-32879-0013,6829,0,0.0086,0.8612
5683-32879-0013,8463,0,0.0665,0.7774
5683-32879-0013,8555,0,0.2099,0.9377
61-70968-0017,1089,0,0.1776,0.8746
61-70968-0017,1188,0,0.2907,0.8472
61-70968-0017,1320,0,0.1551,0.8199
61-70968-0017,2300,0,0.3111,0.674
61-70968-0017,260,0,0.1172,0.9231
61-70968-0017,2830,0,0.0383,0.781
61-70968-0017,4077,0,0.2933,0.8604
61-70968-0017,5105,0,0.1363,0.8778
61-70968-0017,5639,0,0.1177,0.8484
61-70968-0017,61,1,0.8114,0.9679
61-70968-0017,672,0,0.0636,0.9084
61-70968-0017,6930,0,0.0554,0.8223
61-70968-0017,7021,0,0.1989,0.8482
61-70968-0017,7127,0,0.0253,0.7495
61-70968-0017,7176,0,0.3292,0.9409
61-70968-0017,7729,0,0.2239,0.8587
61-70968-0017,8224,0,0.0038,0.7845
61-70968-0017,8230,0,0.2964,0.8806
61-70968-0017,8455,0,-0.0105,0.7878
61-70968-0017,908,0,0.1563,0.9362
61-70968-0020,1089,0,0.1333,0.8296
61-70968-0020,1188,0,0.2292,0.8204
61-70968-0020,1320,0,0.0927,0.7688
61-70968-0020,2300,0,0.2206,0.5945
61-70968-0020,260,0,0.0565,0.9012
61-70968-0020,2830,0,0.0355,0.7908
61-70968-0020,4077,0,0.2163,0.7537
61-70968-0020,5105,0,0.0484,0.8238
61-70968-0020,5639,0,0.0426,0.7957
61-70968-0020,61,1,0.8063,0.968
61-70968-0020,672,0,-0.0119,0.8685
61-70968-0020,6930,0,0.062,0.8411
61-70968-0020,7021,0,0.0636,0.7854
61-70968-0020,7127,0,-0.0588,0.6573
61-70968-0020,7176,0,0.3503,0.9364
61-70968-0020,7729,0,0.1168,0.7867
61-70968-0020,8224,0,-0.008,0.7632
61-70968-0020,8230,0,0.3121,0.8916
61-70968-0020,8455,0,-0.0662,0.7436
61-70968-0020,908,0,0.164,0.9056
61-70968-0023,1089,0,0.1789,0.8405
61-70968-0023,1188,0,0.2329,0.8475
61-70968-0023,1320,0,0.1279,0.7665
61-70968-0023,2300,0,0.2616,0.6063
61-70968-0023,260,0,0.109,0.9038
61-70968-0023,2830,0,0.0657,0.8115
61-70968-0023,4077,0,0.2108,0.7857
61-70968-0023,5105,0,0.08,0.8432
61-70968-0023,5639,0,0.0384,0.8243
61-70968-0023,61,1,0.8583,0.9811
61-70968-0023,672,0,0.0575,0.8757
61-70968-0023,6930,0,0.0375,0.7872
61-70968-0023,7021,0,0.1448,0.8097
61-70968-0023,7127,0,-0.0314,0.693
61-70968-0023,7176,0,0.337,0.9447
61-70968-0023,7729,0,0.1716,0.8499
61-70968-0023,8224,0,-0.013,0.7381
61-70968-0023,8230,0,0.3833,0.8994
61-70968-0023,8455,0,-0.0632,0.7128
61-70968-0023,908,0,0.105,0.919
61-70968-0030,1089,0,0.2645,0.8567
61-70968-0030,1188,0,0.2541,0.8808
61-70968-0030,1320,0,0.1326,0.7986
61-70968-0030,2300,0,0.2882,0.598
61-70968-0030,260,0,0.0407,0.9384
61-70968-0030,2830,0,0.1055,0.8571
61-70968-0030,4077,0,0.192,0.816
61-70968-0030,5105,0,0.11,0.8377
61-70968-0030,5639,0,0.1948,0.8343
61-70968-0030,61,1,0.8354,0.9757
61-70968-0030,672,0,0.0802,0.8879
61-70968-0030,6930,0,0.0256,0.8361
61-70968-0030,7021,0,0.1024,0.774
61-70968-0030,7127,0,0.024,0.7389
61-70968-0030,7176,0,0.3128,0.9794
61-70968-0030,7729,0,0.1453,0.8187
61-70968-0030,8224,0,0.0393,0.7483
61-70968-0030,8230,0,0.4596,0.9359
61-70968-0030,8455,0,0.0027,0.7774
61-70968-0030,908,0,-0.0224,0.881
61-70968-0041,1089,0,0.2881,0.8903
61-70968-0041,1188,0,0.3068,0.8656
61-70968-0041,1320,0,0.1034,0.8381
61-70968-0041,2300,0,0.2075,0.65
61-70968-0041,260,0,0.0285,0.8994
61-70968-0041,2830,0,0.1928,0.8139
61-70968-0041,4077,0,0.2607,0.8576
61-70968-0041,5105,0,0.1989,0.9074
61-70968-0041,5639,0,0.3054,0.8841
61-70968-0041,61,1,0.7281,0.9409
61-70968-0041,672,0,0.1176,0.9276
61-70968-0041,6930,0,-0.0344,0.796
61-70968-0041,7021,0,0.1646,0.857
61-70968-0041,7127,0,0.0807,0.7953
61-70968-0041,7176,0,0.2721,0.9261
61-70968-0041,7729,0,0.2584,0.8767
61-70968-0041,8224,0,0.062,0.7978
61-70968-0041,8230,0,0.4079,0.8807
61-70968-0041,8455,0,0.0087,0.7643
61-70968-0041,908,0,0.0793,0.9382
61-70968-0043,1089,0,0.2258,0.8711
61-70968-0043,1188,0,0.3104,0.8999
61-70968-0043,1320,0,0.1164,0.8284
61-70968-0043,2300,0,0.2292,0.6694
61-70968-0043,260,0,0.0946,0.9225
61-70968-0043,2830,0,0.1454,0.8767
61-70968-0043,4077,0,0.1021,0.809
61-70968-0043,5105,0,0.1451,0.8759
61-70968-0043,5639,0,0.1886,0.8058
61-70968-0043,61,1,0.8138,0.9818
61-70968-0043,672,0,0.062,0.8758
61-70968-0043,6930,0,0.0135,0.8292
61-70968-0043,7021,0,0.096,0.8275
61-70968-0043,7127,0,0.0651,0.7754
61-70968-0043,7176,0,0.2922,0.9614
61-70968-0043,7729,0,0.2061,0.8675
61-70968-0043,8224,0,-0.0511,0.7106
61-70968-0043,8230,0,0.4606,0.936
61-70968-0043,8455,0,-0.0422,0.7802
61-70968-0043,908,0,-0.0085,0.8874
61-70968-0050,1089,0,0.3195,0.8991
61-70968-0050,1188,0,0.3713,0.9353
61-70968-0050,1320,0,0.1575,0.8324
61-70968-0050,2300,0,0.2612,0.6057
61-70968-0050,260,0,0.0545,0.9266
61-70968-0050,2830,0,0.1401,0.91
61-70968-0050,4077,0,0.1927,0.8261
61-70968-0050,5105,0,0.2391,0.8945
61-70968-0050,5639,0,0.2241,0.8876
61-70968-0050,61,1,0.8326,0.9561
61-70968-0050,672,0,0.0542,0.9072
61-70968-0050,6930,0,0.032,0.7995
61-70968-0050,7021,0,0.1742,0.8235
61-70968-0050,7127,0,0.0503,0.81
61-70968-0050,7176,0,0.3942,0.9455
61-70968-0050,7729,0,0.1867,0.8748
61-70968-0050,8224,0,-0.0119,0.7756
61-70968-0050,8230,0,0.4422,0.9521
61-70968-0050,8455,0,-0.0078,0.7479
61-70968-0050,908,0,0.0499,0.8925
61-70968-0057,1089,0,0.1618,0.8531
61-70968-0057,1188,0,0.3051,0.8721
61-70968-0057,1320,0,0.0516,0.8125
61-70968-0057,2300,0,0.1606,0.652
61-70968-0057,260,0,0.028,0.8787
61-70968-0057,2830,0,0.0685,0.8353
61-70968-0057,4077,0,0.1533,0.781
61-70968-0057,5105,0,0.1412,0.8952
61-70968-0057,5639,0,0.2127,0.819
61-70968-0057,61,1,0.7677,0.9552
61-70968-0057,672,0,0.086,0.869
61-70968-0057,6930,0,-0.0038,0.7802
61-70968-0057,7021,0,0.1299,0.8614
61-70968-0057,7127,0,0.0603,0.7545
61-70968-0057,7176,0,0.3426,0.9196
61-70968-0057,7729,0,0.2383,0.8646
61-70968-0057,8224,0,-0.0342,0.7429
61-70968-0057,8230,0,0.3269,0.8996
61-70968-0057,8455,0,-0.0409,0.7243
61-70968-0057,908,0,-0.0129,0.9059
61-70970-0000,1089,0,0.2086,0.8883
61-70970-0000,1188,0,0.2755,0.8577
61-70970-0000,1320,0,0.2239,0.8035
61-70970-0000,2300,0,0.3212,0.6524
61-70970-0000,260,0,0.1959,0.9084
61-70970-0000,2830,0,0.0964,0.8106
61-70970-0000,4077,0,0.3179,0.8092
61-70970-0000,5105,0,0.1841,0.8505
61-70970-0000,5639,0,0.0795,0.8272
61-70970-0000,61,1,0.8476,0.9736
61-70970-0000,672,0,0.0897,0.899
61-70970-0000,6930,0,0.125,0.8368
61-70970-0000,7021,0,0.1864,0.8271
61-70970-0000,7127,0,0.0286,0.7209
61-70970-0000,7176,0,0.3889,0.9357
61-70970-0000,7729,0,0.2749,0.8678
61-70970-0000,8224,0,0.0257,0.737
61-70970-0000,8230,0,0.325,0.9187
61-70970-0000,8455,0,0.0652,0.7742
61-70970-0000,908,0,0.1524,0.9353
61-70970-0011,1089,0,0.1702,0.7979
61-70970-0011,1188,0,0.2064,0.8169
61-70970-0011,1320,0,0.1007,0.706
61-70970-0011,2300,0,0.2787,0.5392
61-70970-0011,260,0,0.2002,0.8933
61-70970-0011,2830,0,0.0627,0.7849
61-70970-0011,4077,0,0.2683,0.7704
61-70970-0011,5105,0,0.1202,0.7787
61-70970-0011,5639,0,0.0693,0.8565
61-70970-0011,61,1,0.7543,0.9511
61-70970-0011,672,0,0.0704,0.8459
61-70970-0011,6930,0,0.048,0.7451
61-70970-0011,7021,0,0.0636,0.7429
61-70970-0011,7127,0,0.0797,0.6428
61-70970-0011,7176,0,0.2549,0.9141
61-70970-0011,7729,0,0.1945,0.8446
61-70970-0011,8224,0,0.0471,0.7233
61-70970-0011,8230,0,0.2837,0.8702
61-70970-0011,8455,0,-0.0601,0.6575
61-70970-0011,908,0,0.1733,0.9035
672-122797-0003,1089,0,0.2377,0.9544
672-122797-0003,1188,0,0.0966,0.8985
672-122797-0003,1320,0,0.3001,0.8908
672-122797-0003,2300,0,0.0297,0.7081
672-122797-0003,260,0,0.2062,0.8937
672-122797-0003,2830,0,0.0803,0.8252
672-122797-0003,4077,0,0.1392,0.8212
672-122797-0003,5105,0,0.1043,0.908
672-122797-0003,5639,0,0.1888,0.8307
672-122797-0003,61,0,0.0667,0.8799
672-122797-0003,672,1,0.7155,0.967
672-122797-0003,6930,0,0.1656,0.8331
672-122797-0003,7021,0,-0.0469,0.8895
672-122797-0003,7127,0,-0.066,0.8129
672-122797-0003,7176,0,0.09,0.863
672-122797-0003,7729,0,0.1232,0.8419
672-122797-0003,8224,0,0.0746,0.7399
672-122797-0003,8230,0,0.1011,0.9072
672-122797-0003,8455,0,0.1849,0.8477
672-122797-0003,908,0,0.0666,0.923
672-122797-0019,1089,0,0.0652,0.8021
672-122797-0019,1188,0,0.0386,0.7941
672-122797-0019,1320,0,0.2644,0.8204
672-122797-0019,2300,0,0.0264,0.5896
672-122797-0019,260,0,0.1543,0.8652
672-122797-0019,2830,0,0.0566,0.7965
672-122797-0019,4077,0,0.0332,0.8482
672-122797-0019,5105,0,0.0677,0.8817
672-122797-0019,5639,0,0.2367,0.8707
672-122797-0019,61,0,0.073,0.8385
672-122797-0019,672,1,0.6472,0.8951
672-122797-0019,6930,0,0.1435,0.8458
672-122797-0019,7021,0,-0.0175,0.7711
672-122797-0019,7127,0,0.0201,0.7911
672-122797-0019,7176,0,0.169,0.8533
672-122797-0019,7729,0,0.1058,0.7538
672-122797-0019,8224,0,0.1548,0.8392
672-122797-0019,8230,0,0.0781,0.7904
672-122797-0019,8455,0,0.0387,0.7673
672-122797-0019,908,0,0.0094,0.8181
672-122797-0052,1089,0,0.0833,0.8195
672-122797-0052,1188,0,0.0161,0.8627
672-122797-0052,1320,0,0.2252,0.8247
672-122797-0052,2300,0,0.0192,0.5841
672-122797-0052,260,0,0.2239,0.8948
672-122797-0052,2830,0,0.0695,0.878
672-122797-0052,4077,0,-0.0358,0.7795
672-122797-0052,5105,0,0.0389,0.8655
672-122797-0052,5639,0,0.1391,0.8525
672-122797-0052,61,0,-0.0446,0.8525
672-122797-0052,672,1,0.6594,0.9078
672-122797-0052,6930,0,0.1436,0.8847
672-122797-0052,7021,0,-0.0622,0.7638
672-122797-0052,7127,0,0.0971,0.76
672-122797-0052,7176,0,-0.038,0.8638
672-122797-0052,7729,0,0.1632,0.7533
672-122797-0052,8224,0,0.0949,0.8586
672-122797-0052,8230,0,-0.0113,0.8593
672-122797-0052,8455,0,0.0083,0.7849
672-122797-0052,908,0,0.0094,0.8183
672-122797-0054,1089,0,0.046,0.875
672-122797-0054,1188,0,0.0447,0.8849
672-122797-0054,1320,0,0.1196,0.8304
672-122797-0054,2300,0,0.0634,0.5859
672-122797-0054,260,0,0.1997,0.9059
672-122797-0054,2830,0,0.0381,0.8795
672-122797-0054,4077,0,0.0122,0.8255
672-122797-0054,5105,0,0.0864,0.8843
672-122797-0054,5639,0,0.2849,0.9275
672-122797-0054,61,0,0.0025,0.8749
672-122797-0054,672,1,0.6574,0.9388
672-122797-0054,6930,0,0.2173,0.8411
672-122797-0054,7021,0,-0.0213,0.7955
672-122797-0054,7127,0,0.0242,0.7936
672-122797-0054,7176,0,-0.0178,0.8624
672-122797-0054,7729,0,0.1511,0.8545
672-122797-0054,8224,0,0.0718,0.811
672-122797-0054,8230,0,0.0679,0.8872
672-122797-0054,8455,0,-0.1014,0.7657
672-122797-0054,908,0,0.0624,0.8856
672-122797-0055,1089,0,0.156,0.93
672-122797-0055,1188,0,0.1679,0.8618
672-122797-0055,1320,0,0.3361,0.8762
672-122797-0055,2300,0,0.0329,0.6847
672-122797-0055,260,0,0.2582,0.9022
672-122797-0055,2830,0,0.0833,0.7881
672-122797-0055,4077,0,0.1761,0.8783
672-122797-0055,5105,0,0.1216,0.8701
672-122797-0055,5639,0,0.3034,0.8597
672-122797-0055,61,0,-0.0028,0.8525
672-122797-0055,672,1,0.8483,0.9703
672-122797-0055,6930,0,0.1201,0.8321
672-122797-0055,7021,0,0.0315,0.8241
672-122797-0055,7127,0,0.0777,0.8169
672-122797-0055,7176,0,0.0492,0.8534
672-122797-0055,7729,0,0.1462,0.8166
672-122797-0055,8224,0,0.1849,0.7791
672-122797-0055,8230,0,0.0718,0.8678
672-122797-0055,8455,0,0.1947,0.8732
672-122797-0055,908,0,0.0535,0.8994
672-122797-0058,1089,0,-0.0156,0.7993
672-122797-0058,1188,0,-0.0288,0.7906
672-122797-0058,1320,0,0.1354,0.7681
672-122797-0058,2300,0,-0.0313,0.5608
672-122797-0058,260,0,0.173,0.8141
672-122797-0058,2830,0,0.1132,0.7685
672-122797-0058,4077,0,0.044,0.7501
672-122797-0058,5105,0,0.1033,0.8464
672-122797-0058,5639,0,-0.0542,0.8931
672-122797-0058,61,0,0.0218,0.8012
672-122797-0058,672,1,0.462,0.8929
672-122797-0058,6930,0,0.1641,0.7581
672-122797-0058,7021,0,0.0151,0.7774
672-122797-0058,7127,0,0.0095,0.712
672-122797-0058,7176,0,0.0965,0.7851
672-122797-0058,7729,0,0.0036,0.7718
672-122797-0058,8224,0,0.0875,0.8587
672-122797-0058,8230,0,-0.028,0.7747
672-122797-0058,8455,0,0.0203,0.6745
672-122797-0058,908,0,0.0824,0.8578
672-122797-0061,1089,0,0.0573,0.6852
672-122797-0061,1188,0,0.0078,0.754
672-122797-0061,1320,0,0.1366,0.6533
672-122797-0061,2300,0,0.119,0.3699
672-122797-0061,260,0,0.2283,0.7442
672-122797-0061,2830,0,0.0875,0.8019
672-122797-0061,4077,0,0.0725,0.6323
672-122797-0061,5105,0,0.0772,0.751
672-122797-0061,5639,0,0.0224,0.8339
672-122797-0061,61,0,0.0271,0.7551
672-122797-0061,672,1,0.435,0.7763
672-122797-0061,6930,0,0.1285,0.6508
672-122797-0061,7021,0,0.0459,0.6337
672-122797-0061,7127,0,0.0988,0.6392
672-122797-0061,7176,0,0.0436,0.7542
672-122797-0061,7729,0,0.1272,0.6918
672-122797-0061,8224,0,0.0513,0.7619
672-122797-0061,8230,0,0.012,0.7603
672-122797-0061,8455,0,0.0056,0.5166
672-122797-0061,908,0,0.0137,0.7288
672-122797-0070,1089,0,0.1637,0.9322
672-122797-0070,1188,0,0.1885,0.8488
672-122797-0070,1320,0,0.3718,0.9208
672-122797-0070,2300,0,0.1001,0.7809
672-122797-0070,260,0,0.2634,0.9027
672-122797-0070,2830,0,0.1446,0.7589
672-122797-0070,4077,0,0.0666,0.8743
672-122797-0070,5105,0,0.1991,0.8982
672-122797-0070,5639,0,0.1983,0.8066
672-122797-0070,61,0,-0.0091,0.8323
672-122797-0070,672,1,0.8631,0.9777
672-122797-0070,6930,0,0.1703,0.8806
672-122797-0070,7021,0,0.0784,0.8805
672-122797-0070,7127,0,0.0721,0.8204
672-122797-0070,7176,0,-0.0457,0.8229
672-122797-0070,7729,0,0.1201,0.7985
672-122797-0070,8224,0,0.053,0.7799
672-122797-0070,8230,0,0.103,0.8297
672-122797-0070,8455,0,0.2006,0.9405
672-122797-0070,908,0,0.01,0.9032
672-122797-0072,1089,0,0.2606,0.9482
672-122797-0072,1188,0,0.1339,0.8855
672-122797-0072,1320,0,0.3482,0.9233
672-122797-0072,2300,0,0.1461,0.7649
672-122797-0072,260,0,0.2547,0.9035
672-122797-0072,2830,0,0.093,0.7991
672-122797-0072,4077,0,0.1505,0.864
672-122797-0072,5105,0,0.1649,0.9105
672-122797-0072,5639,0,0.2353,0.8325
672-122797-0072,61,0,0.0664,0.8309
672-122797-0072,672,1,0.8705,0.9792
672-122797-0072,6930,0,0.1017,0.8366
672-122797-0072,7021,0,0.1135,0.8966
672-122797-0072,7127,0,0.0814,0.8413
672-122797-0072,7176,0,-0.0156,0.8129
672-122797-0072,7729,0,0.1519,0.8305
672-122797-0072,8224,0,0.1619,0.7742
672-122797-0072,8230,0,0.121,0.8425
672-122797-0072,8455,0,0.2544,0.8938
672-122797-0072,908,0,0.0718,0.915
672-122797-0073,1089,0,0.2065,0.9349
672-122797-0073,1188,0,0.1172,0.8562
672-122797-0073,1320,0,0.3228,0.8862
672-122797-0073,2300,0,0.1202,0.7038
672-122797-0073,260,0,0.2236,0.9088
672-122797-0073,2830,0,0.0944,0.7801
672-122797-0073,4077,0,0.1436,0.8632
672-122797-0073,5105,0,0.1069,0.8785
672-122797-0073,5639,0,0.2839,0.8521
672-122797-0073,61,0,0.023,0.864
672-122797-0073,672,1,0.8489,0.9853
672-122797-0073,6930,0,0.0861,0.8643
672-122797-0073,7021,0,0.0794,0.8489
672-122797-0073,7127,0,0.102,0.7907
672-122797-0073,7176,0,-0.0382,0.8658
672-122797-0073,7729,0,0.0942,0.8144
672-122797-0073,8224,0,0.131,0.8128
672-122797-0073,8230,0,0.0993,0.8634
672-122797-0073,8455,0,0.2376,0.8783
672-122797-0073,908,0,-0.003,0.9333
6829-68769-0006,121,0,0.1117,0.7662
6829-68769-0006,1221,0,0.0298,0.913
6829-68769-0006,1284,0,0.0992,0.8284
6829-68769-0006,1580,0,0.086,0.8443
6829-68769-0006,1995,0,-0.0382,0.743
6829-68769-0006,2094,0,0.1477,0.8978
6829-68769-0006,237,0,0.1119,0.8182
6829-68769-0006,2961,0,-0.0204,0.6646
6829-68769-0006,3570,0,0.1501,0.712
6829-68769-0006,3575,0,0.0399,0.791
6829-68769-0006,3729,0,0.2215,0.8853
6829-68769-0006,4446,0,0.2666,0.8736
6829-68769-0006,4507,0,0.2522,0.9183
6829-68769-0006,4970,0,0.2487,0.8423
6829-68769-0006,4992,0,0.2071,0.8716
6829-68769-0006,5142,0,0.1557,0.8653
6829-68769-0006,5683,0,-0.0422,0.8625
6829-68769-0006,6829,1,0.8217,0.9867
6829-68769-0006,8463,0,0.1766,0.8267
6829-68769-0006,8555,0,0.146,0.7949
6829-68769-0039,121,0,0.0624,0.7731
6829-68769-0039,1221,0,0.0806,0.9282
6829-68769-0039,1284,0,0.1045,0.8592
6829-68769-0039,1580,0,0.0826,0.8697
6829-68769-0039,1995,0,-0.0409,0.7427
6829-68769-0039,2094,0,0.0886,0.8779
6829-68769-0039,237,0,0.1119,0.8438
6829-68769-0039,2961,0,-0.0312,0.6849
6829-68769-0039,3570,0,0.0023,0.7356
6829-68769-0039,3575,0,0.2331,0.7727
6829-68769-0039,3729,0,0.0876,0.8909
6829-68769-0039,4446,0,0.2073,0.8945
6829-68769-0039,4507,0,0.1448,0.9141
6829-68769-0039,4970,0,0.2476,0.8285
6829-68769-0039,4992,0,0.1681,0.8674
6829-68769-0039,5142,0,0.0579,0.8495
6829-68769-0039,5683,0,0.0684,0.8789
6829-68769-0039,6829,1,0.8107,0.9754
6829-68769-0039,8463,0,0.2025,0.812
6829-68769-0039,8555,0,0.1951,0.7835
6829-68769-0049,121,0,0.078,0.7328
6829-68769-0049,1221,0,-0.008,0.9036
6829-68769-0049,1284,0,0.0908,0.8001
6829-68769-0049,1580,0,0.076,0.7976
6829-68769-0049,1995,0,-0.0828,0.7366
6829-68769-0049,2094,0,0.0856,0.8802
6829-68769-0049,237,0,0.0719,0.8137
6829-68769-0049,2961,0,-0.0539,0.6278
6829-68769-0049,3570,0,0.0528,0.6839
6829-68769-0049,3575,0,0.1455,0.7817
6829-68769-0049,3729,0,0.0643,0.8534
6829-68769-0049,4446,0,0.1823,0.8477
6829-68769-0049,4507,0,0.1654,0.8931
6829-68769-0049,4970,0,0.3343,0.8479
6829-68769-0049,4992,0,0.1194,0.8626
6829-68769-0049,5142,0,0.1039,0.868
6829-68769-0049,5683,0,0.0302,0.8392
6829-68769-0049,6829,1,0.8658,0.9843
6829-68769-0049,8463,0,0.1383,0.8281
6829-68769-0049,8555,0,0.2226,0.7915
6829-68771-0005,121,0,0.0837,0.7567
6829-68771-0005,1221,0,0.137,0.9284
6829-68771-0005,1284,0,0.1254,0.8333
6829-68771-0005,1580,0,0.0807,0.8394
6829-68771-0005,1995,0,-0.1061,0.7644
6829-68771-0005,2094,0,0.1249,0.8859
6829-68771-0005,237,0,0.1956,0.851
6829-68771-0005,2961,0,-0.0158,0.6591
6829-68771-0005,3570,0,0.03,0.6999
6829-68771-0005,3575,0,0.1094,0.7843
6829-68771-0005,3729,0,0.1108,0.8635
6829-68771-0005,4446,0,0.1326,0.8788
6829-68771-0005,4507,0,0.1646,0.8988
6829-68771-0005,4970,0,0.2928,0.8476
6829-68771-0005,4992,0,0.2286,0.8801
6829-68771-0005,5142,0,0.1205,0.8721
6829-68771-0005,5683,0,0.0931,0.8616
6829-68771-0005,6829,1,0.888,0.986
6829-68771-0005,8463,0,0.1019,0.8429
6829-68771-0005,8555,0,0.1371,0.7989
6829-68771-0011,121,0,0.0977,0.7716
6829-68771-0011,1221,0,0.144,0.915
6829-68771-0011,1284,0,0.1167,0.8287
6829-68771-0011,1580,0,0.1924,0.8088
6829-68771-0011,1995,0,-0.0094,0.7862
6829-68771-0011,2094,0,0.1919,0.8952
6829-68771-0011,237,0,0.1641,0.8396
6829-68771-0011,2961,0,0.039,0.701
6829-68771-0011,3570,0,0.1219,0.72
6829-68771-0011,3575,0,0.0407,0.7611
6829-68771-0011,3729,0,0.1897,0.8774
6829-68771-0011,4446,0,0.256,0.8755
6829-68771-0011,4507,0,0.2103,0.8878
6829-68771-0011,4970,0,0.2475,0.8231
6829-68771-0011,4992,0,0.3535,0.8859
6829-68771-0011,5142,0,0.1564,0.8651
6829-68771-0011,5683,0,-0.0357,0.8327
6829-68771-0011,6829,1,0.8536,0.9835
6829-68771-0011,8463,0,0.1485,0.8488
6829-68771-0011,8555,0,0.168,0.7801
6829-68771-0014,121,0,0.1331,0.7844
6829-68771-0014,1221,0,0.0839,0.939
6829-68771-0014,1284,0,0.1073,0.8496
6829-68771-0014,1580,0,0.1337,0.8646
6829-68771-0014,1995,0,-0.0403,0.7806
6829-68771-0014,2094,0,0.0553,0.9158
6829-68771-0014,237,0,0.1356,0.8792
6829-68771-0014,2961,0,0.0018,0.6725
6829-68771-0014,3570,0,0.0882,0.7326
6829-68771-0014,3575,0,0.1937,0.8406
6829-68771-0014,3729,0,0.0442,0.8836
6829-68771-0014,4446,0,0.1825,0.8899
6829-68771-0014,4507,0,0.1637,0.9144
6829-68771-0014,4970,0,0.3408,0.8823
6829-68771-0014,4992,0,0.2583,0.8852
6829-68771-0014,5142,0,0.0793,0.872
6829-68771-0014,5683,0,0.0762,0.9044
6829-68771-0014,6829,1,0.8538,0.9798
6829-68771-0014,8463,0,0.104,0.8465
6829-68771-0014,8555,0,0.1934,0.8235
6829-68771-0019,121,0,0.0631,0.784
6829-68771-0019,1221,0,0.0174,0.9174
6829-68771-0019,1284,0,0.0594,0.8433
6829-68771-0019,1580,0,0.1617,0.8555
6829-68771-0019,1995,0,-0.1063,0.7785
6829-68771-0019,2094,0,0.1328,0.9238
6829-68771-0019,237,0,0.1238,0.8481
6829-68771-0019,2961,0,0.0317,0.6759
6829-68771-0019,3570,0,0.016,0.7288
6829-68771-0019,3575,0,0.1717,0.8607
6829-68771-0019,3729,0,0.0314,0.8742
6829-68771-0019,4446,0,0.0916,0.8731
6829-68771-0019,4507,0,0.1317,0.9052
6829-68771-0019,4970,0,0.2829,0.8838
6829-68771-0019,4992,0,0.2118,0.8762
6829-68771-0019,5142,0,0.047,0.8604
6829-68771-0019,5683,0,0.0219,0.8926
6829-68771-0019,6829,1,0.9041,0.9822
6829-68771-0019,8463,0,0.1464,0.8374
6829-68771-0019,8555,0,0.1541,0.815
6829-68771-0023,121,0,0.0937,0.7615
6829-68771-0023,1221,0,0.0796,0.9019
6829-68771-0023,1284,0,0.0995,0.8113
6829-68771-0023,1580,0,0.1783,0.825
6829-68771-0023,1995,0,-0.0888,0.7243
6829-68771-0023,2094,0,0.1863,0.8896
6829-68771-0023,237,0,0.2343,0.8196
6829-68771-0023,2961,0,0.0049,0.6549
6829-68771-0023,3570,0,0.0746,0.7202
6829-68771-0023,3575,0,0.1715,0.8368
6829-68771-0023,3729,0,0.1342,0.8685
6829-68771-0023,4446,0,0.1858,0.8542
6829-68771-0023,4507,0,0.0717,0.9101
6829-68771-0023,4970,0,0.2911,0.8826
6829-68771-0023,4992,0,0.2429,0.8446
6829-68771-0023,5142,0,0.1529,0.8461
6829-68771-0023,5683,0,0.0332,0.8717
6829-68771-0023,6829,1,0.8944,0.9786
6829-68771-0023,8463,0,0.1776,0.8147
6829-68771-0023,8555,0,0.1826,0.7901
6829-68771-0025,121,0,0.0672,0.8059
6829-68771-0025,1221,0,0.0603,0.9214
6829-68771-0025,1284,0,0.0967,0.8575
6829-68771-0025,1580,0,0.2169,0.8549
6829-68771-0025,1995,0,-0.0406,0.7922
6829-68771-0025,2094,0,0.1862,0.9192
6829-68771-0025,237,0,0.2349,0.8602
6829-68771-0025,2961,0,-0.016,0.7274
6829-68771-0025,3570,0,0.0543,0.7598
6829-68771-0025,3575,0,0.2073,0.8123
6829-68771-0025,3729,0,0.1495,0.895
6829-68771-0025,4446,0,0.0984,0.8876
6829-68771-0025,4507,0,0.0997,0.9107
6829-68771-0025,4970,0,0.2842,0.8401
6829-68771-0025,4992,0,0.3001,0.8893
6829-68771-0025,5142,0,0.0687,0.8537
6829-68771-0025,5683,0,0.0188,0.8635
6829-68771-0025,6829,1,0.8982,0.99
6829-68771-0025,8463,0,0.1294,0.8521
6829-68771-0025,8555,0,0.1374,0.7879
6829-68771-0035,121,0,0.0678,0.7325
6829-68771-0035,1221,0,0.0352,0.8833
6829-68771-0035,1284,0,0.2072,0.7942
6829-68771-0035,1580,0,0.0454,0.7637
6829-68771-0035,1995,0,-0.0392,0.6975
6829-68771-0035,2094,0,0.1722,0.8546
6829-68771-0035,237,0,0.1071,0.8037
6829-68771-0035,2961,0,0.0153,0.6663
6829-68771-0035,3570,0,0.1196,0.7112
6829-68771-0035,3575,0,0.129,0.7877
6829-68771-0035,3729,0,0.0113,0.8563
6829-68771-0035,4446,0,0.2324,0.8381
6829-68771-0035,4507,0,0.0347,0.8723
6829-68771-0035,4970,0,0.2824,0.8691
6829-68771-0035,4992,0,0.1049,0.8136
6829-68771-0035,5142,0,0.0734,0.8392
6829-68771-0035,5683,0,0.0481,0.8389
6829-68771-0035,6829,1,0.7492,0.9534
6829-68771-0035,8463,0,0.0315,0.79
6829-68771-0035,8555,0,0.1084,0.767
6930-75918-0009,1089,0,-0.0043,0.7915
6930-75918-0009,1188,0,-0.1185,0.762
6930-75918-0009,1320,0,0.1689,0.8575
6930-75918-0009,2300,0,0.0261,0.7847
6930-75918-0009,260,0,0.2433,0.8541
6930-75918-0009,2830,0,0.0434,0.7365
6930-75918-0009,4077,0,0.0034,0.7314
6930-75918-0009,5105,0,0.1537,0.8255
6930-75918-0009,5639,0,0.0487,0.6463
6930-75918-0009,61,0,0.0391,0.7881
6930-75918-0009,672,0,0.0494,0.8514
6930-75918-0009,6930,1,0.8176,0.9738
6930-75918-0009,7021,0,0.0712,0.817
6930-75918-0009,7127,0,-0.0761,0.7034
6930-75918-0009,7176,0,0.0656,0.7729
6930-75918-0009,7729,0,-0.0423,0.6628
6930-75918-0009,8224,0,0.0817,0.7653
6930-75918-0009,8230,0,-0.1066,0.7444
6930-75918-0009,8455,0,0.0537,0.9178
6930-75918-0009,908,0,0.0344,0.8047
6930-75918-0015,1089,0,0.0214,0.8381
6930-75918-0015,1188,0,-0.1301,0.7984
6930-75918-0015,1320,0,0.2005,0.8875
6930-75918-0015,2300,0,0.0159,0.7725
6930-75918-0015,260,0,0.2737,0.9183
6930-75918-0015,2830,0,-0.01,0.7581
6930-75918-0015,4077,0,0.1324,0.8391
6930-75918-0015,5105,0,0.2039,0.8819
6930-75918-0015,5639,0,0.0574,0.7745
6930-75918-0015,61,0,0.0469,0.8666
6930-75918-0015,672,0,0.1107,0.9061
6930-75918-0015,6930,1,0.8481,0.9703
6930-75918-0015,7021,0,0.071,0.8561
6930-75918-0015,7127,0,-0.0693,0.7573
6930-75918-0015,7176,0,0.1298,0.8553
6930-75918-0015,7729,0,-0.0041,0.7835
6930-75918-0015,8224,0,0.1248,0.7957
6930-75918-0015,8230,0,-0.0548,0.7848
6930-75918-0015,8455,0,0.095,0.9141
6930-75918-0015,908,0,0.1344,0.906
6930-75918-0018,1089,0,0.0003,0.8223
6930-75918-0018,1188,0,-0.1388,0.7928
6930-75918-0018,1320,0,0.1926,0.8628
6930-75918-0018,2300,0,0.0082,0.7199
6930-75918-0018,260,0,0.2573,0.9087
6930-75918-0018,2830,0,0.0195,0.7755
6930-75918-0018,4077,0,0.1393,0.7698
6930-75918-0018,5105,0,0.2549,0.8546
6930-75918-0018,5639,0,0.0025,0.7077
6930-75918-0018,61,0,0.0769,0.8657
6930-75918-0018,672,0,0.0461,0.8938
6930-75918-0018,6930,1,0.8497,0.9822
6930-75918-0018,7021,0,0.0796,0.8225
6930-75918-0018,7127,0,-0.0812,0.7137
6930-75918-0018,7176,0,0.1406,0.8705
6930-75918-0018,7729,0,-0.0562,0.702
6930-75918-0018,8224,0,0.1418,0.7769
6930-75918-0018,8230,0,-0.1109,0.8088
6930-75918-0018,8455,0,0.0947,0.9001
6930-75918-0018,908,0,0.1291,0.8691
6930-75918-0019,1089,0,-0.0238,0.7965
6930-75918-0019,1188,0,-0.1196,0.7889
6930-75918-0019,1320,0,0.1792,0.8473
6930-75918-0019,2300,0,-0.0234,0.6912
6930-75918-0019,260,0,0.2476,0.8984
6930-75918-0019,2830,0,0.0656,0.7834
6930-75918-0019,4077,0,0.0372,0.7428
6930-75918-0019,5105,0,0.2254,0.8404
6930-75918-0019,5639,0,0.0088,0.7328
6930-75918-0019,61,0,0.0386,0.8204
6930-75918-0019,672,0,0.0961,0.8798
6930-75918-0019,6930,1,0.8878,0.9884
6930-75918-0019,7021,0,0.0162,0.7987
6930-75918-0019,7127,0,-0.0694,0.7004
6930-75918-0019,7176,0,0.066,0.8141
6930-75918-0019,7729,0,-0.1023,0.6893
6930-75918-0019,8224,0,0.1338,0.7907
6930-75918-0019,8230,0,-0.0511,0.7816
6930-75918-0019,8455,0,0.0216,0.8833
6930-75918-0019,908,0,0.1833,0.843
6930-76324-0008,1089,0,0.0832,0.7801
6930-76324-0008,1188,0,-0.0529,0.7742
6930-76324-0008,1320,0,0.2725,0.8479
6930-76324-0008,2300,0,-0.0225,0.7162
6930-76324-0008,260,0,0.2227,0.9059
6930-76324-0008,2830,0,0.0769,0.7879
6930-76324-0008,4077,0,0.0602,0.798
6930-76324-0008,5105,0,0.221,0.8351
6930-76324-0008,5639,0,0.0072,0.7089
6930-76324-0008,61,0,0.0612,0.8453
6930-76324-0008,672,0,0.0416,0.8613
6930-76324-0008,6930,1,0.8132,0.977
6930-76324-0008,7021,0,0.0512,0.7862
6930-76324-0008,7127,0,-0.0524,0.7362
6930-76324-0008,7176,0,0.0439,0.8476
6930-76324-0008,7729,0,-0.0707,0.7112
6930-76324-0008,8224,0,0.0009,0.7292
6930-76324-0008,8230,0,-0.0339,0.7685
6930-76324-0008,8455,0,0.073,0.8918
6930-76324-0008,908,0,0.2161,0.8273
6930-76324-0011,1089,0,0.0303,0.8496
6930-76324-0011,1188,0,-0.0977,0.8561
6930-76324-0011,1320,0,0.2115,0.8614
6930-76324-0011,2300,0,0.0323,0.6672
6930-76324-0011,260,0,0.2255,0.9642
6930-76324-0011,2830,0,0.0722,0.8593
6930-76324-0011,4077,0,0.1427,0.8402
6930-76324-0011,5105,0,0.1835,0.8626
6930-76324-0011,5639,0,0.0257,0.8163
6930-76324-0011,61,0,0.1162,0.8904
6930-76324-0011,672,0,0.0353,0.9139
6930-76324-0011,6930,1,0.821,0.9587
6930-76324-0011,7021,0,0.0219,0.7982
6930-76324-0011,7127,0,-0.0576,0.777
6930-76324-0011,7176,0,0.0324,0.8978
6930-76324-0011,7729,0,-0.0367,0.7673
6930-76324-0011,8224,0,0.0577,0.7788
6930-76324-0011,8230,0,-0.0754,0.859
6930-76324-0011,8455,0,0.034,0.8786
6930-76324-0011,908,0,0.1279,0.8669
6930-76324-0025,1089,0,0.0273,0.7497
6930-76324-0025,1188,0,-0.069,0.7243
6930-76324-0025,1320,0,0.2866,0.8614
6930-76324-0025,2300,0,0.1423,0.7278
6930-76324-0025,260,0,0.1701,0.8535
6930-76324-0025,2830,0,-0.0077,0.7111
6930-76324-0025,4077,0,0.1265,0.772
6930-76324-0025,5105,0,0.1556,0.8275
6930-76324-0025,5639,0,0.1115,0.7038
6930-76324-0025,61,0,0.1308,0.7322
6930-76324-0025,672,0,0.191,0.8461
6930-76324-0025,6930,1,0.7825,0.9452
6930-76324-0025,7021,0,0.1207,0.79
6930-76324-0025,7127,0,-0.0261,0.7282
6930-76324-0025,7176,0,0.0921,0.7362
6930-76324-0025,7729,0,0.0045,0.6626
6930-76324-0025,8224,0,0.0227,0.7391
6930-76324-0025,8230,0,-0.1073,0.6591
6930-76324-0025,8455,0,0.1494,0.8897
6930-76324-0025,908,0,0.1185,0.8088
6930-76324-0028,1089,0,0.051,0.8378
6930-76324-0028,1188,0,-0.0144,0.7943
6930-76324-0028,1320,0,0.3559,0.8969
6930-76324-0028,2300,0,0.1073,0.778
6930-76324-0028,260,0,0.2702,0.9263
6930-76324-0028,2830,0,0.0382,0.7616
6930-76324-0028,4077,0,0.1888,0.8723
6930-76324-0028,5105,0,0.2425,0.8809
6930-76324-0028,5639,0,0.0414,0.769
6930-76324-0028,61,0,0.0805,0.8479
6930-76324-0028,672,0,0.0937,0.9122
6930-76324-0028,6930,1,0.796,0.9611
6930-76324-0028,7021,0,0.1615,0.8454
6930-76324-0028,7127,0,-0.0168,0.7902
6930-76324-0028,7176,0,0.0939,0.8515
6930-76324-0028,7729,0,0.0604,0.7709
6930-76324-0028,8224,0,-0.0076,0.7675
6930-76324-0028,8230,0,-0.1433,0.7688
6930-76324-0028,8455,0,0.1081,0.9327
6930-76324-0028,908,0,0.2719,0.8825
6930-81414-0011,1089,0,0.0618,0.8502
6930-81414-0011,1188,0,-0.0472,0.8362
6930-81414-0011,1320,0,0.2365,0.8579
6930-81414-0011,2300,0,0.0154,0.6595
6930-81414-0011,260,0,0.0982,0.918
6930-81414-0011,2830,0,0.0992,0.8302
6930-81414-0011,4077,0,0.1034,0.8451
6930-81414-0011,5105,0,0.1967,0.8819
6930-81414-0011,5639,0,0.0471,0.8311
6930-81414-0011,61,0,0.0389,0.8727
6930-81414-0011,672,0,0.0568,0.8987
6930-81414-0011,6930,1,0.7248,0.9323
6930-81414-0011,7021,0,-0.0755,0.8128
6930-81414-0011,7127,0,-0.022,0.7861
6930-81414-0011,7176,0,0.0259,0.8528
6930-81414-0011,7729,0,-0.0046,0.8054
6930-81414-0011,8224,0,0.0512,0.7489
6930-81414-0011,8230,0,-0.0575,0.84
6930-81414-0011,8455,0,0.0528,0.8525
6930-81414-0011,908,0,0.1812,0.8662
6930-81414-0023,1089,0,0.0412,0.8081
6930-81414-0023,1188,0,-0.0357,0.8247
6930-81414-0023,1320,0,0.1913,0.8669
6930-81414-0023,2300,0,0.0468,0.7468
6930-81414-0023,260,0,0.1159,0.8969
6930-81414-0023,2830,0,0.0723,0.8255
6930-81414-0023,4077,0,0.0345,0.7769
6930-81414-0023,5105,0,0.1354,0.8738
6930-81414-0023,5639,0,0.0376,0.7098
6930-81414-0023,61,0,0.0049,0.8646
6930-81414-0023,672,0,0.096,0.8654
6930-81414-0023,6930,1,0.7378,0.9626
6930-81414-0023,7021,0,-0.0063,0.8245
6930-81414-0023,7127,0,0.0204,0.7601
6930-81414-0023,7176,0,-0.0807,0.8507
6930-81414-0023,7729,0,-0.0087,0.7454
6930-81414-0023,8224,0,0.0256,0.7596
6930-81414-0023,8230,0,-0.0653,0.8145
6930-81414-0023,8455,0,0.0899,0.8884
6930-81414-0023,908,0,0.154,0.8191
7021-79730-0006,1089,0,0.1962,0.8947
7021-79730-0006,1188,0,0.3111,0.8695
7021-79730-0006,1320,0,0.3053,0.9388
7021-79730-0006,2300,0,0.1437,0.8644
7021-79730-0006,260,0,0.1207,0.8475
7021-79730-0006,2830,0,0.2053,0.7783
7021-79730-0006,4077,0,0.1835,0.808
7021-79730-0006,5105,0,0.3939,0.958
7021-79730-0006,5639,0,0.1376,0.7136
7021-79730-0006,61,0,0.1089,0.8362
7021-79730-0006,672,0,0.1146,0.8858
7021-79730-0006,6930,0,0.0172,0.7788
7021-79730-0006,7021,1,0.8435,0.9917
7021-79730-0006,7127,0,0.1534,0.8548
7021-79730-0006,7176,0,0.2838,0.8094
7021-79730-0006,7729,0,0.2786,0.8654
7021-79730-0006,8224,0,-0.0159,0.6899
7021-79730-0006,8230,0,0.1876,0.7886
7021-79730-0006,8455,0,0.2504,0.8416
7021-79730-0006,908,0,0.3306,0.9243
7021-79730-0009,1089,0,0.1835,0.8928
7021-79730-0009,1188,0,0.2979,0.8554
7021-79730-0009,1320,0,0.3306,0.9443
7021-79730-0009,2300,0,0.1029,0.8495
7021-79730-0009,260,0,0.1361,0.8383
7021-79730-0009,2830,0,0.187,0.7808
7021-79730-0009,4077,0,0.1882,0.7966
7021-79730-0009,5105,0,0.4498,0.9613
7021-79730-0009,5639,0,0.1339,0.7084
7021-79730-0009,61,0,0.1807,0.8235
7021-79730-0009,672,0,0.0893,0.8816
7021-79730-0009,6930,0,0.055,0.79
7021-79730-0009,7021,1,0.8609,0.9884
7021-79730-0009,7127,0,0.0935,0.8579
7021-79730-0009,7176,0,0.2615,0.81
7021-79730-0009,7729,0,0.2615,0.8442
7021-79730-0009,8224,0,0.0318,0.682
7021-79730-0009,8230,0,0.2368,0.7862
7021-79730-0009,8455,0,0.2715,0.8365
7021-79730-0009,908,0,0.3076,0.9187
7021-79740-0001,1089,0,0.2068,0.8738
7021-79740-0001,1188,0,0.1664,0.7984
7021-79740-0001,1320,0,0.1765,0.9196
7021-79740-0001,2300,0,0.3225,0.8743
7021-79740-0001,260,0,0.2132,0.8243
7021-79740-0001,2830,0,0.1692,0.7226
7021-79740-0001,4077,0,0.2264,0.7968
7021-79740-0001,5105,0,0.28,0.9317
7021-79740-0001,5639,0,0.1651,0.6462
7021-79740-0001,61,0,0.0878,0.8192
7021-79740-0001,672,0,0.0873,0.8602
7021-79740-0001,6930,0,0.1248,0.8047
7021-79740-0001,7021,1,0.7317,0.9796
7021-79740-0001,7127,0,0.1153,0.8195
7021-79740-0001,7176,0,0.1885,0.7881
7021-79740-0001,7729,0,0.1781,0.8092
7021-79740-0001,8224,0,0.0842,0.6364
7021-79740-0001,8230,0,0.2103,0.752
7021-79740-0001,8455,0,0.1569,0.849
7021-79740-0001,908,0,0.241,0.9055
7021-79740-0002,1089,0,0.2343,0.9002
7021-79740-0002,1188,0,0.2201,0.8362
7021-79740-0002,1320,0,0.2403,0.9122
7021-79740-0002,2300,0,0.2841,0.8749
7021-79740-0002,260,0,0.158,0.8657
7021-79740-0002,2830,0,0.1214,0.7469
7021-79740-0002,4077,0,0.2104,0.8316
7021-79740-0002,5105,0,0.3557,0.9306
7021-79740-0002,5639,0,0.1049,0.7137
7021-79740-0002,61,0,0.1186,0.8679
7021-79740-0002,672,0,0.06,0.9005
7021-79740-0002,6930,0,0.0919,0.8103
7021-79740-0002,7021,1,0.8938,0.9784
7021-79740-0002,7127,0,0.1423,0.815
7021-79740-0002,7176,0,0.1611,0.8293
7021-79740-0002,7729,0,0.2115,0.8635
7021-79740-0002,8224,0,0.1028,0.6954
7021-79740-0002,8230,0,0.1907,0.7935
7021-79740-0002,8455,0,0.2659,0.8556
7021-79740-0002,908,0,0.2603,0.9447
7021-79740-0003,1089,0,0.2442,0.9012
7021-79740-0003,1188,0,0.2242,0.8497
7021-79740-0003,1320,0,0.337,0.9139
7021-79740-0003,2300,0,0.3325,0.8541
7021-79740-0003,260,0,0.1035,0.8666
7021-79740-0003,2830,0,0.1736,0.7551
7021-79740-0003,4077,0,0.1636,0.8189
7021-79740-0003,5105,0,0.3306,0.9231
7021-79740-0003,5639,0,0.0916,0.7068
7021-79740-0003,61,0,0.1455,0.8472
7021-79740-0003,672,0,0.124,0.8914
7021-79740-0003,6930,0,0.0546,0.786
7021-79740-0003,7021,1,0.815,0.9781
7021-79740-0003,7127,0,0.1466,0.82
7021-79740-0003,7176,0,0.2162,0.8257
7021-79740-0003,7729,0,0.2925,0.8639
7021-79740-0003,8224,0,0.0965,0.6501
7021-79740-0003,8230,0,0.2334,0.7928
7021-79740-0003,8455,0,0.3066,0.8464
7021-79740-0003,908,0,0.2699,0.9452
7021-79740-0004,1089,0,0.1407,0.883
7021-79740-0004,1188,0,0.1893,0.8212
7021-79740-0004,1320,0,0.3586,0.9137
7021-79740-0004,2300,0,0.2072,0.8557
7021-79740-0004,260,0,0.1808,0.8454
7021-79740-0004,2830,0,0.0717,0.7267
7021-79740-0004,4077,0,0.2387,0.8365
7021-79740-0004,5105,0,0.4289,0.9261
7021-79740-0004,5639,0,0.0824,0.7196
7021-79740-0004,61,0,0.1958,0.837
7021-79740-0004,672,0,0.1215,0.8831
7021-79740-0004,6930,0,0.0691,0.757
7021-79740-0004,7021,1,0.7605,0.9673
7021-79740-0004,7127,0,-0.0342,0.8322
7021-79740-0004,7176,0,0.2263,0.8153
7021-79740-0004,7729,0,0.2641,0.8632
7021-79740-0004,8224,0,0.0731,0.6644
7021-79740-0004,8230,0,0.0946,0.7612
7021-79740-0004,8455,0,0.1715,0.826
7021-79740-0004,908,0,0.3373,0.938
7021-79759-0003,1089,0,0.2305,0.8686
7021-79759-0003,1188,0,0.2026,0.8235
7021-79759-0003,1320,0,0.2268,0.9181
7021-79759-0003,2300,0,0.2182,0.9197
7021-79759-0003,260,0,0.2145,0.8179
7021-79759-0003,2830,0,0.1237,0.7247
7021-79759-0003,4077,0,0.1995,0.7948
7021-79759-0003,5105,0,0.2581,0.9219
7021-79759-0003,5639,0,0.0316,0.6453
7021-79759-0003,61,0,0.0784,0.8109
7021-79759-0003,672,0,0.1574,0.8435
7021-79759-0003,6930,0,0.0939,0.7773
7021-79759-0003,7021,1,0.7398,0.9831
7021-79759-0003,7127,0,0.1163,0.824
7021-79759-0003,7176,0,0.1654,0.7678
7021-79759-0003,7729,0,0.1428,0.8377
7021-79759-0003,8224,0,0.0341,0.6552
7021-79759-0003,8230,0,0.1764,0.7468
7021-79759-0003,8455,0,0.2448,0.8577
7021-79759-0003,908,0,0.2827,0.883
7021-79759-0005,1089,0,0.087,0.8717
7021-79759-0005,1188,0,0.123,0.8401
7021-79759-0005,1320,0,0.2172,0.9315
7021-79759-0005,2300,0,0.2242,0.8878
7021-79759-0005,260,0,0.1591,0.8362
7021-79759-0005,2830,0,0.0997,0.7562
7021-79759-0005,4077,0,0.2025,0.7749
7021-79759-0005,5105,0,0.3354,0.9433
7021-79759-0005,5639,0,0.0906,0.6635
7021-79759-0005,61,0,0.1217,0.8153
7021-79759-0005,672,0,0.0492,0.861
7021-79759-0005,6930,0,0.1275,0.8058
7021-79759-0005,7021,1,0.8495,0.993
7021-79759-0005,7127,0,0.1156,0.8242
7021-79759-0005,7176,0,0.1968,0.7808
7021-79759-0005,7729,0,0.0917,0.8198
7021-79759-0005,8224,0,0.097,0.676
7021-79759-0005,8230,0,0.1239,0.7629
7021-79759-0005,8455,0,0.322,0.8562
7021-79759-0005,908,0,0.2754,0.8978
7021-85628-0008,1089,0,0.1814,0.877
7021-85628-0008,1188,0,0.1718,0.8082
7021-85628-0008,1320,0,0.2848,0.9339
7021-85628-0008,2300,0,0.2503,0.8958
7021-85628-0008,260,0,0.1586,0.836
7021-85628-0008,2830,0,0.1269,0.7199
7021-85628-0008,4077,0,0.2164,0.8238
7021-85628-0008,5105,0,0.3806,0.9358
7021-85628-0008,5639,0,0.1136,0.6726
7021-85628-0008,61,0,0.0773,0.812
7021-85628-0008,672,0,0.0992,0.8719
7021-85628-0008,6930,0,0.1618,0.8067
7021-85628-0008,7021,1,0.853,0.9849
7021-85628-0008,7127,0,0.1406,0.8358
7021-85628-0008,7176,0,0.2307,0.7785
7021-85628-0008,7729,0,0.1963,0.8346
7021-85628-0008,8224,0,0.1173,0.6613
7021-85628-0008,8230,0,0.1816,0.7328
7021-85628-0008,8455,0,0.242,0.8692
7021-85628-0008,908,0,0.3002,0.9187
7021-85628-0009,1089,0,0.2444,0.8964
7021-85628-0009,1188,0,0.1721,0.8303
7021-85628-0009,1320,0,0.1748,0.8941
7021-85628-0009,2300,0,0.285,0.8427
7021-85628-0009,260,0,0.0944,0.8645
7021-85628-0009,2830,0,0.1005,0.7369
7021-85628-0009,4077,0,0.2788,0.792
7021-85628-0009,5105,0,0.3857,0.9139
7021-85628-0009,5639,0,0.1367,0.6997
7021-85628-0009,61,0,0.165,0.8736
7021-85628-0009,672,0,0.0647,0.8996
7021-85628-0009,6930,0,0.1153,0.8063
7021-85628-0009,7021,1,0.8395,0.9708
7021-85628-0009,7127,0,0.155,0.7704
7021-85628-0009,7176,0,0.2502,0.84
7021-85628-0009,7729,0,0.1429,0.8207
7021-85628-0009,8224,0,0.0751,0.6941
7021-85628-0009,8230,0,0.1972,0.8109
7021-85628-0009,8455,0,0.2187,0.8444
7021-85628-0009,908,0,0.3616,0.942
7127-75946-0002,1089,0,0.242,0.8912
7127-75946-0002,1188,0,0.2356,0.8986
7127-75946-0002,1320,0,0.0382,0.9276
7127-75946-0002,2300,0,0.2294,0.7702
7127-75946-0002,260,0,0.0957,0.8354
7127-75946-0002,2830,0,0.2295,0.8696
7127-75946-0002,4077,0,0.121,0.8736
7127-75946-0002,5105,0,0.1472,0.9338
7127-75946-0002,5639,0,0.1885,0.7652
7127-75946-0002,61,0,0.1366,0.7806
7127-75946-0002,672,0,-0.0548,0.8367
7127-75946-0002,6930,0,-0.0523,0.7446
7127-75946-0002,7021,0,0.2101,0.8754
7127-75946-0002,7127,1,0.8481,0.9887
7127-75946-0002,7176,0,0.1752,0.7917
7127-75946-0002,7729,0,0.0864,0.8509
7127-75946-0002,8224,0,0.153,0.6525
7127-75946-0002,8230,0,0.2295,0.8058
7127-75946-0002,8455,0,0.137,0.8096
7127-75946-0002,908,0,-0.0188,0.7841
7127-75946-0004,1089,0,0.2809,0.8659
7127-75946-0004,1188,0,0.1155,0.8283
7127-75946-0004,1320,0,0.0543,0.9172
7127-75946-0004,2300,0,0.1599,0.8319
7127-75946-0004,260,0,0.0387,0.7553
7127-75946-0004,2830,0,0.2194,0.769
7127-75946-0004,4077,0,0.1176,0.8591
7127-75946-0004,5105,0,0.1559,0.8967
7127-75946-0004,5639,0,0.215,0.702
7127-75946-0004,61,0,0.0955,0.7067
7127-75946-0004,672,0,-0.0432,0.8027
7127-75946-0004,6930,0,-0.0358,0.6857
7127-75946-0004,7021,0,0.1225,0.8684
7127-75946-0004,7127,1,0.7885,0.9776
7127-75946-0004,7176,0,0.1552,0.711
7127-75946-0004,7729,0,0.0885,0.831
7127-75946-0004,8224,0,0.1091,0.6148
7127-75946-0004,8230,0,0.1986,0.7185
7127-75946-0004,8455,0,0.1552,0.8129
7127-75946-0004,908,0,0.0464,0.7548
7127-75946-0012,1089,0,0.3144,0.9069
7127-75946-0012,1188,0,0.1702,0.8825
7127-75946-0012,1320,0,0.1118,0.9278
7127-75946-0012,2300,0,0.1959,0.758
7127-75946-0012,260,0,0.0769,0.8226
7127-75946-0012,2830,0,0.2188,0.8555
7127-75946-0012,4077,0,0.1564,0.8739
7127-75946-0012,5105,0,0.1148,0.9122
7127-75946-0012,5639,0,0.1238,0.7592
7127-75946-0012,61,0,0.0766,0.7701
7127-75946-0012,672,0,-0.0772,0.8431
7127-75946-0012,6930,0,-0.0826,0.7514
7127-75946-0012,7021,0,0.1711,0.8518
7127-75946-0012,7127,1,0.8677,0.9872
7127-75946-0012,7176,0,0.0429,0.7969
7127-75946-0012,7729,0,0.0485,0.8367
7127-75946-0012,8224,0,0.1578,0.6403
7127-75946-0012,8230,0,0.2488,0.8186
7127-75946-0012,8455,0,0.2682,0.8279
7127-75946-0012,908,0,-0.0653,0.7805
7127-75946-0024,1089,0,0.3245,0.8596
7127-75946-0024,1188,0,0.1424,0.7966
7127-75946-0024,1320,0,0.1143,0.8956
7127-75946-0024,2300,0,0.1622,0.8084
7127-75946-0024,260,0,0.1009,0.724
7127-75946-0024,2830,0,0.2388,0.7459
7127-75946-0024,4077,0,0.1912,0.846
7127-75946-0024,5105,0,0.1064,0.868
7127-75946-0024,5639,0,0.1966,0.6996
7127-75946-0024,61,0,0.0387,0.6611
7127-75946-0024,672,0,0.0195,0.7778
7127-75946-0024,6930,0,-0.076,0.6593
7127-75946-0024,7021,0,0.0965,0.8432
7127-75946-0024,7127,1,0.8427,0.9712
7127-75946-0024,7176,0,0.0111,0.6475
7127-75946-0024,7729,0,0.0914,0.8151
7127-75946-0024,8224,0,0.1979,0.5784
7127-75946-0024,8230,0,0.1722,0.688
7127-75946-0024,8455,0,0.2454,0.7844
7127-75946-0024,908,0,-0.0813,0.7279
7127-75947-0001,1089,0,0.278,0.9057
7127-75947-0001,1188,0,0.1867,0.8836
7127-75947-0001,1320,0,0.0789,0.9554
7127-75947-0001,2300,0,0.1483,0.8313
7127-75947-0001,260,0,0.0966,0.8344
7127-75947-0001,2830,0,0.1951,0.8262
7127-75947-0001,4077,0,0.1304,0.8791
7127-75947-0001,5105,0,0.1494,0.9382
7127-75947-0001,5639,0,0.1463,0.7393
7127-75947-0001,61,0,0.0811,0.7782
7127-75947-0001,672,0,-0.0243,0.8479
7127-75947-0001,6930,0,-0.0339,0.7757
7127-75947-0001,7021,0,0.173,0.9045
7127-75947-0001,7127,1,0.8512,0.9771
7127-75947-0001,7176,0,0.1477,0.7897
7127-75947-0001,7729,0,0.0781,0.8625
7127-75947-0001,8224,0,0.1079,0.6568
7127-75947-0001,8230,0,0.2286,0.7894
7127-75947-0001,8455,0,0.2638,0.8625
7127-75947-0001,908,0,0.0582,0.8205
7127-75947-0007,1089,0,0.3086,0.9064
7127-75947-0007,1188,0,0.2421,0.8887
7127-75947-0007,1320,0,0.1176,0.9521
7127-75947-0007,2300,0,0.152,0.8189
7127-75947-0007,260,0,0.0622,0.8155
7127-75947-0007,2830,0,0.2461,0.824
7127-75947-0007,4077,0,0.2177,0.8531
7127-75947-0007,5105,0,0.1973,0.9394
7127-75947-0007,5639,0,0.2281,0.7411
7127-75947-0007,61,0,-0.0314,0.7701
7127-75947-0007,672,0,0.0939,0.8525
7127-75947-0007,6930,0,-0.042,0.7689
7127-75947-0007,7021,0,0.133,0.901
7127-75947-0007,7127,1,0.8198,0.969
7127-75947-0007,7176,0,0.0723,0.7875
7127-75947-0007,7729,0,0.0789,0.8576
7127-75947-0007,8224,0,0.1992,0.677
7127-75947-0007,8230,0,0.1774,0.8077
7127-75947-0007,8455,0,0.3754,0.8603
7127-75947-0007,908,0,-0.0234,0.8097
7127-75947-0023,1089,0,0.2622,0.8612
7127-75947-0023,1188,0,0.2216,0.826
7127-75947-0023,1320,0,0.1629,0.9307
7127-75947-0023,2300,0,0.223,0.8022
7127-75947-0023,260,0,0.0345,0.7646
7127-75947-0023,2830,0,0.1965,0.7792
7127-75947-0023,4077,0,0.158,0.8641
7127-75947-0023,5105,0,0.0417,0.9074
7127-75947-0023,5639,0,0.1951,0.7311
7127-75947-0023,61,0,-0.0156,0.6905
7127-75947-0023,672,0,0.0642,0.8097
7127-75947-0023,6930,0,-0.0515,0.7176
7127-75947-0023,7021,0,0.0382,0.862
7127-75947-0023,7127,1,0.8567,0.9835
7127-75947-0023,7176,0,0.0332,0.7034
7127-75947-0023,7729,0,0.0411,0.8283
7127-75947-0023,8224,0,0.0602,0.6337
7127-75947-0023,8230,0,0.079,0.7122
7127-75947-0023,8455,0,0.2475,0.8199
7127-75947-0023,908,0,-0.0082,0.7611
7127-75947-0025,1089,0,0.1705,0.8762
7127-75947-0025,1188,0,0.1854,0.8703
7127-75947-0025,1320,0,0.1146,0.9346
7127-75947-0025,2300,0,0.2549,0.7652
7127-75947-0025,260,0,0.0524,0.8037
7127-75947-0025,2830,0,0.2087,0.8391
7127-75947-0025,4077,0,0.1297,0.8562
7127-75947-0025,5105,0,0.1644,0.9324
7127-75947-0025,5639,0,0.2359,0.7611
7127-75947-0025,61,0,-0.0436,0.737
7127-75947-0025,672,0,0.0505,0.8327
7127-75947-0025,6930,0,0.0017,0.7466
7127-75947-0025,7021,0,0.1116,0.8648
7127-75947-0025,7127,1,0.8102,0.988
7127-75947-0025,7176,0,0.0186,0.753
7127-75947-0025,7729,0,0.0254,0.8302
7127-75947-0025,8224,0,0.113,0.6652
7127-75947-0025,8230,0,0.1048,0.7725
7127-75947-0025,8455,0,0.2294,0.8162
7127-75947-0025,908,0,0.0375,0.7729
7127-75947-0033,1089,0,0.2522,0.8785
7127-75947-0033,1188,0,0.2166,0.8272
7127-75947-0033,1320,0,0.1693,0.9247
7127-75947-0033,2300,0,0.1388,0.8107
7127-75947-0033,260,0,0.0597,0.7712
7127-75947-0033,2830,0,0.26,0.7733
7127-75947-0033,4077,0,0.1779,0.8889
7127-75947-0033,5105,0,0.1254,0.9059
7127-75947-0033,5639,0,0.2885,0.7615
7127-75947-0033,61,0,-0.0022,0.7182
7127-75947-0033,672,0,0.1278,0.8302
7127-75947-0033,6930,0,-0.0086,0.7143
7127-75947-0033,7021,0,0.0614,0.8638
7127-75947-0033,7127,1,0.8312,0.9781
7127-75947-0033,7176,0,-0.0086,0.7232
7127-75947-0033,7729,0,0.0961,0.8652
7127-75947-0033,8224,0,0.0299,0.6486
7127-75947-0033,8230,0,0.1529,0.7261
7127-75947-0033,8455,0,0.2428,0.8186
7127-75947-0033,908,0,0.0075,0.7915
7127-75947-0040,1089,0,0.402,0.9316
7127-75947-0040,1188,0,0.2669,0.8919
7127-75947-0040,1320,0,0.0687,0.9425
7127-75947-0040,2300,0,0.2492,0.7791
7127-75947-0040,260,0,0.1437,0.8327
7127-75947-0040,2830,0,0.3092,0.858
7127-75947-0040,4077,0,0.1819,0.8749
7127-75947-0040,5105,0,0.1621,0.9371
7127-75947-0040,5639,0,0.1746,0.7699
7127-75947-0040,61,0,0.0633,0.7934
7127-75947-0040,672,0,-0.0041,0.8687
7127-75947-0040,6930,0,-0.1451,0.7748
7127-75947-0040,7021,0,0.2357,0.8835
7127-75947-0040,7127,1,0.9064,0.9849
7127-75947-0040,7176,0,0.1416,0.801
7127-75947-0040,7729,0,0.1485,0.8474
7127-75947-0040,8224,0,0.112,0.6628
7127-75947-0040,8230,0,0.2922,0.8363
7127-75947-0040,8455,0,0.3022,0.8409
7127-75947-0040,908,0,-0.0737,0.808
7176-88083-0000,1089,0,0.2331,0.8713
7176-88083-0000,1188,0,0.2351,0.8989
7176-88083-0000,1320,0,0.0658,0.8405
7176-88083-0000,2300,0,0.1183,0.6059
7176-88083-0000,260,0,0.0427,0.9192
7176-88083-0000,2830,0,0.215,0.8659
7176-88083-0000,4077,0,0.2175,0.8125
7176-88083-0000,5105,0,0.23,0.8789
7176-88083-0000,5639,0,0.2061,0.809
7176-88083-0000,61,0,0.3303,0.9338
7176-88083-0000,672,0,-0.0454,0.8824
7176-88083-0000,6930,0,0.0367,0.8159
7176-88083-0000,7021,0,0.2092,0.8176
7176-88083-0000,7127,0,0.0462,0.7929
7176-88083-0000,7176,1,0.8443,0.9806
7176-88083-0000,7729,0,0.2881,0.8158
7176-88083-0000,8224,0,-0.0021,0.7144
7176-88083-0000,8230,0,0.2586,0.9257
7176-88083-0000,8455,0,0.0677,0.7778
7176-88083-0000,908,0,0.2336,0.8862
7176-88083-0003,1089,0,0.236,0.8481
7176-88083-0003,1188,0,0.177,0.8757
7176-88083-0003,1320,0,0.0745,0.781
7176-88083-0003,2300,0,0.0553,0.5423
7176-88083-0003,260,0,0.0449,0.8995
7176-88083-0003,2830,0,0.1759,0.8567
7176-88083-0003,4077,0,0.1748,0.7432
7176-88083-0003,5105,0,0.2032,0.8408
7176-88083-0003,5639,0,0.2236,0.8087
7176-88083-0003,61,0,0.3126,0.9469
7176-88083-0003,672,0,-0.0689,0.8682
7176-88083-0003,6930,0,0.0542,0.8139
7176-88083-0003,7021,0,0.1568,0.7802
7176-88083-0003,7127,0,0.0521,0.7096
7176-88083-0003,7176,1,0.8579,0.9726
7176-88083-0003,7729,0,0.2737,0.7913
7176-88083-0003,8224,0,0.0347,0.7331
7176-88083-0003,8230,0,0.3038,0.9398
7176-88083-0003,8455,0,-0.0856,0.7225
7176-88083-0003,908,0,0.2879,0.8834
7176-88083-0009,1089,0,0.0955,0.863
7176-88083-0009,1188,0,0.1463,0.8918
7176-88083-0009,1320,0,0.1333,0.8383
7176-88083-0009,2300,0,0.0889,0.6145
7176-88083-0009,260,0,0.0978,0.9198
7176-88083-0009,2830,0,0.1487,0.8496
7176-88083-0009,4077,0,0.1463,0.8407
7176-88083-0009,5105,0,0.2092,0.8948
7176-88083-0009,5639,0,0.2254,0.8518
7176-88083-0009,61,0,0.3666,0.9383
7176-88083-0009,672,0,-0.0498,0.8956
7176-88083-0009,6930,0,0.0827,0.8036
7176-88083-0009,7021,0,0.2142,0.8231
7176-88083-0009,7127,0,0.1269,0.7993
7176-88083-0009,7176,1,0.7632,0.9706
7176-88083-0009,7729,0,0.3353,0.8452
7176-88083-0009,8224,0,0.0765,0.774
7176-88083-0009,8230,0,0.1091,0.903
7176-88083-0009,8455,0,-0.0317,0.7732
7176-88083-0009,908,0,0.2479,0.8933
7176-88083-0025,1089,0,0.2568,0.8444
7176-88083-0025,1188,0,0.2677,0.8893
7176-88083-0025,1320,0,0.1101,0.7912
7176-88083-0025,2300,0,0.0651,0.54
7176-88083-0025,260,0,0.0879,0.9133
7176-88083-0025,2830,0,0.2501,0.8681
7176-88083-0025,4077,0,0.2184,0.7972
7176-88083-0025,5105,0,0.2165,0.8434
7176-88083-0025,5639,0,0.1925,0.8561
7176-88083-0025,61,0,0.3119,0.9427
7176-88083-0025,672,0,0.0042,0.8758
7176-88083-0025,6930,0,0.038,0.8072
7176-88083-0025,7021,0,0.1932,0.7608
7176-88083-0025,7127,0,0.072,0.7461
7176-88083-0025,7176,1,0.8432,0.982
7176-88083-0025,7729,0,0.3306,0.8305
7176-88083-0025,8224,0,-0.019,0.757
7176-88083-0025,8230,0,0.2408,0.9256
7176-88083-0025,8455,0,0.0146,0.7315
7176-88083-0025,908,0,0.2295,0.882
7176-88083-0026,1089,0,0.2022,0.8308
7176-88083-0026,1188,0,0.1835,0.8859
7176-88083-0026,1320,0,0.0921,0.7875
7176-88083-0026,2300,0,0.0511,0.5341
7176-88083-0026,260,0,0.0908,0.8916
7176-88083-0026,2830,0,0.2201,0.8858
7176-88083-0026,4077,0,0.1967,0.7568
7176-88083-0026,5105,0,0.221,0.8476
7176-88083-0026,5639,0,0.2051,0.819
7176-88083-0026,61,0,0.2688,0.9294
7176-88083-0026,672,0,0.0161,0.8521
7176-88083-0026,6930,0,0.112,0.8029
7176-88083-0026,7021,0,0.1742,0.7639
7176-88083-0026,7127,0,0.0364,0.7441
7176-88083-0026,7176,1,0.8345,0.9724
7176-88083-0026,7729,0,0.2893,0.806
7176-88083-0026,8224,0,-0.0342,0.7415
7176-88083-0026,8230,0,0.227,0.9291
7176-88083-0026,8455,0,-0.077,0.7099
7176-88083-0026,908,0,0.2635,0.8541
7176-92135-0005,1089,0,0.2291,0.8347
7176-92135-0005,1188,0,0.0531,0.8483
7176-92135-0005,1320,0,0.155,0.7881
7176-92135-0005,2300,0,0.0661,0.5873
7176-92135-0005,260,0,0.2263,0.9041
7176-92135-0005,2830,0,0.1555,0.8254
7176-92135-0005,4077,0,0.2179,0.7834
7176-92135-0005,5105,0,0.259,0.8323
7176-92135-0005,5639,0,0.1772,0.768
7176-92135-0005,61,0,0.3498,0.946
7176-92135-0005,672,0,0.0061,0.8489
7176-92135-0005,6930,0,0.1543,0.7917
7176-92135-0005,7021,0,0.183,0.7903
7176-92135-0005,7127,0,0.1001,0.7277
7176-92135-0005,7176,1,0.8531,0.9801
7176-92135-0005,7729,0,0.3271,0.8016
7176-92135-0005,8224,0,0.0277,0.6727
7176-92135-0005,8230,0,0.2379,0.8983
7176-92135-0005,8455,0,-0.0607,0.7273
7176-92135-0005,908,0,0.3026,0.8895
7176-92135-0006,1089,0,0.1955,0.8374
7176-92135-0006,1188,0,0.1256,0.8888
7176-92135-0006,1320,0,0.1176,0.8201
7176-92135-0006,2300,0,0.082,0.6208
7176-92135-0006,260,0,0.1296,0.9332
7176-92135-0006,2830,0,0.243,0.866
7176-92135-0006,4077,0,0.2336,0.8085
7176-92135-0006,5105,0,0.243,0.8654
7176-92135-0006,5639,0,0.1719,0.7966
7176-92135-0006,61,0,0.3574,0.9531
7176-92135-0006,672,0,0.0232,0.8659
7176-92135-0006,6930,0,0.0598,0.8306
7176-92135-0006,7021,0,0.225,0.8064
7176-92135-0006,7127,0,0.0929,0.7636
7176-92135-0006,7176,1,0.8689,0.9891
7176-92135-0006,7729,0,0.2571,0.8218
7176-92135-0006,8224,0,0.0625,0.7182
7176-92135-0006,8230,0,0.2247,0.9117
7176-92135-0006,8455,0,-0.0049,0.7788
7176-92135-0006,908,0,0.2874,0.8761
7176-92135-0009,1089,0,0.1686,0.8311
7176-92135-0009,1188,0,0.1489,0.8742
7176-92135-0009,1320,0,0.1492,0.7628
7176-92135-0009,2300,0,0.075,0.5073
7176-92135-0009,260,0,0.1346,0.9123
7176-92135-0009,2830,0,0.1209,0.8392
7176-92135-0009,4077,0,0.2253,0.7487
7176-92135-0009,5105,0,0.2705,0.825
7176-92135-0009,5639,0,0.2005,0.8555
7176-92135-0009,61,0,0.3281,0.9253
7176-92135-0009,672,0,0.0713,0.878
7176-92135-0009,6930,0,0.1182,0.8132
7176-92135-0009,7021,0,0.2271,0.7533
7176-92135-0009,7127,0,-0.0021,0.6801
7176-92135-0009,7176,1,0.7865,0.9418
7176-92135-0009,7729,0,0.2724,0.8006
7176-92135-0009,8224,0,-0.026,0.7731
7176-92135-0009,8230,0,0.2298,0.9168
7176-92135-0009,8455,0,-0.0875,0.7214
7176-92135-0009,908,0,0.4021,0.8922
7176-92135-0022,1089,0,0.2108,0.8025
7176-92135-0022,1188,0,0.0581,0.841
7176-92135-0022,1320,0,0.0566,0.7241
7176-92135-0022,2300,0,0.0176,0.5028
7176-92135-0022,260,0,0.1376,0.8731
7176-92135-0022,2830,0,0.1696,0.8243
7176-92135-0022,4077,0,0.288,0.7559
7176-92135-0022,5105,0,0.2052,0.8096
7176-92135-0022,5639,0,0.1966,0.8308
7176-92135-0022,61,0,0.3487,0.9422
7176-92135-0022,672,0,-0.0163,0.8279
7176-92135-0022,6930,0,0.0634,0.7345
7176-92135-0022,7021,0,0.1129,0.7486
7176-92135-0022,7127,0,0.022,0.6861
7176-92135-0022,7176,1,0.8394,0.9638
7176-92135-0022,7729,0,0.2732,0.8261
7176-92135-0022,8224,0,0.0372,0.7078
7176-92135-0022,8230,0,0.2835,0.9052
7176-92135-0022,8455,0,-0.044,0.6428
7176-92135-0022,908,0,0.2269,0.867
7176-92135-0042,1089,0,0.169,0.8197
7176-92135-0042,1188,0,0.1139,0.8583
7176-92135-0042,1320,0,0.1154,0.7842
7176-92135-0042,2300,0,0.0855,0.5831
7176-92135-0042,260,0,0.2685,0.9091
7176-92135-0042,2830,0,0.184,0.8209
7176-92135-0042,4077,0,0.2428,0.7859
7176-92135-0042,5105,0,0.1914,0.8249
7176-92135-0042,5639,0,0.1128,0.7812
7176-92135-0042,61,0,0.3588,0.9262
7176-92135-0042,672,0,0.055,0.8486
7176-92135-0042,6930,0,0.0802,0.8155
7176-92135-0042,7021,0,0.1531,0.7672
7176-92135-0042,7127,0,0.0686,0.7203
7176-92135-0042,7176,1,0.8927,0.9852
7176-92135-0042,7729,0,0.2111,0.7868
7176-92135-0042,8224,0,0.0972,0.7229
7176-92135-0042,8230,0,0.2028,0.903
7176-92135-0042,8455,0,0.0037,0.7661
7176-92135-0042,908,0,0.2393,0.8528
7729-102255-0012,1089,0,0.1299,0.8561
7729-102255-0012,1188,0,0.1808,0.8507
7729-102255-0012,1320,0,0.2483,0.7985
7729-102255-0012,2300,0,0.1912,0.6766
7729-102255-0012,260,0,0.0086,0.8019
7729-102255-0012,2830,0,0.1106,0.7959
7729-102255-0012,4077,0,0.1627,0.8537
7729-102255-0012,5105,0,0.1774,0.8579
7729-102255-0012,5639,0,0.172,0.8608
7729-102255-0012,61,0,0.1765,0.8434
7729-102255-0012,672,0,0.0671,0.8177
7729-102255-0012,6930,0,-0.0644,0.673
7729-102255-0012,7021,0,0.1931,0.8077
7729-102255-0012,7127,0,0.1961,0.8513
7729-102255-0012,7176,0,0.1874,0.8092
7729-102255-0012,7729,1,0.8608,0.9847
7729-102255-0012,8224,0,-0.0811,0.6761
7729-102255-0012,8230,0,0.0739,0.8191
7729-102255-0012,8455,0,-0.0157,0.6932
7729-102255-0012,908,0,0.0624,0.845
7729-102255-0018,1089,0,0.1488,0.883
7729-102255-0018,1188,0,0.23,0.8887
7729-102255-0018,1320,0,0.2949,0.8171
7729-102255-0018,2300,0,0.1722,0.6784
7729-102255-0018,260,0,0.0078,0.8552
7729-102255-0018,2830,0,0.0967,0.8322
7729-102255-0018,4077,0,0.1866,0.8709
7729-102255-0018,5105,0,0.147,0.8632
7729-102255-0018,5639,0,0.2392,0.8717
7729-102255-0018,61,0,0.2581,0.886
7729-102255-0018,672,0,0.0872,0.8469
7729-102255-0018,6930,0,-0.0197,0.7095
7729-102255-0018,7021,0,0.2187,0.8255
7729-102255-0018,7127,0,0.0979,0.85
7729-102255-0018,7176,0,0.2516,0.8649
7729-102255-0018,7729,1,0.9247,0.9902
7729-102255-0018,8224,0,-0.0423,0.6685
7729-102255-0018,8230,0,0.1066,0.862
7729-102255-0018,8455,0,0.0174,0.7285
7729-102255-0018,908,0,0.0626,0.8857
7729-102255-0023,1089,0,0.1861,0.8379
7729-102255-0023,1188,0,0.2355,0.8344
7729-102255-0023,1320,0,0.2352,0.7789
7729-102255-0023,2300,0,0.1773,0.6778
7729-102255-0023,260,0,0.0515,0.8128
7729-102255-0023,2830,0,0.0631,0.775
7729-102255-0023,4077,0,0.1617,0.8656
7729-102255-0023,5105,0,0.0929,0.8232
7729-102255-0023,5639,0,0.247,0.8541
7729-102255-0023,61,0,0.1671,0.8407
7729-102255-0023,672,0,0.1951,0.8072
7729-102255-0023,6930,0,-0.0298,0.6572
7729-102255-0023,7021,0,0.2188,0.7963
7729-102255-0023,7127,0,0.075,0.8219
7729-102255-0023,7176,0,0.2364,0.8106
7729-102255-0023,7729,1,0.9026,0.9927
7729-102255-0023,8224,0,-0.0258,0.6368
7729-102255-0023,8230,0,0.1323,0.7911
7729-102255-0023,8455,0,-0.0168,0.6833
7729-102255-0023,908,0,0.0947,0.8631
7729-102255-0024,1089,0,0.2013,0.8787
7729-102255-0024,1188,0,0.248,0.8553
7729-102255-0024,1320,0,0.2821,0.8149
7729-102255-0024,2300,0,0.1717,0.7115
7729-102255-0024,260,0,0.0228,0.8335
7729-102255-0024,2830,0,0.0905,0.781
7729-102255-0024,4077,0,0.1495,0.8936
7729-102255-0024,5105,0,0.1872,0.85
7729-102255-0024,5639,0,0.2559,0.855
7729-102255-0024,61,0,0.1899,0.8593
7729-102255-0024,672,0,0.1269,0.8397
7729-102255-0024,6930,0,-0.0104,0.6923
7729-102255-0024,7021,0,0.2633,0.8248
7729-102255-0024,7127,0,0.1354,0.8506
7729-102255-0024,7176,0,0.2189,0.8402
7729-102255-0024,7729,1,0.9147,0.9926
7729-102255-0024,8224,0,-0.052,0.6518
7729-102255-0024,8230,0,0.1353,0.8229
7729-102255-0024,8455,0,-0.0071,0.7396
7729-102255-0024,908,0,0.1077,0.8782
7729-102255-0030,1089,0,0.1875,0.874
7729-102255-0030,1188,0,0.2307,0.8614
7729-102255-0030,1320,0,0.2147,0.8293
7729-102255-0030,2300,0,0.213,0.7198
7729-102255-0030,260,0,0.0198,0.8177
7729-102255-0030,2830,0,0.1264,0.8037
7729-102255-0030,4077,0,0.078,0.8835
7729-102255-0030,5105,0,0.1493,0.8742
7729-102255-0030,5639,0,0.2612,0.8472
7729-102255-0030,61,0,0.1825,0.8448
7729-102255-0030,672,0,0.0838,0.8256
7729-102255-0030,6930,0,-0.0839,0.6821
7729-102255-0030,7021,0,0.2607,0.8377
7729-102255-0030,7127,0,0.1764,0.8841
7729-102255-0030,7176,0,0.2034,0.8189
7729-102255-0030,7729,1,0.9032,0.9899
7729-102255-0030,8224,0,-0.0492,0.6504
7729-102255-0030,8230,0,0.1175,0.8132
7729-102255-0030,8455,0,-0.0205,0.725
7729-102255-0030,908,0,0.0464,0.8561
7729-102255-0031,1089,0,0.1895,0.8662
7729-102255-0031,1188,0,0.1885,0.8404
7729-102255-0031,1320,0,0.297,0.8297
7729-102255-0031,2300,0,0.1477,0.7544
7729-102255-0031,260,0,0.0583,0.8157
7729-102255-0031,2830,0,0.0698,0.7762
7729-102255-0031,4077,0,0.176,0.8853
7729-102255-0031,5105,0,0.1978,0.8683
7729-102255-0031,5639,0,0.2402,0.8329
7729-102255-0031,61,0,0.181,0.8425
7729-102255-0031,672,0,0.1562,0.8287
7729-102255-0031,6930,0,-0.0136,0.7047
7729-102255-0031,7021,0,0.1694,0.845
7729-102255-0031,7127,0,0.0878,0.8636
7729-102255-0031,7176,0,0.2033,0.8038
7729-102255-0031,7729,1,0.877,0.9897
7729-102255-0031,8224,0,-0.06,0.6615
7729-102255-0031,8230,0,0.0863,0.7915
7729-102255-0031,8455,0,-0.0474,0.746
7729-102255-0031,908,0,0.0457,0.866
7729-102255-0035,1089,0,0.1488,0.8822
7729-102255-0035,1188,0,0.1485,0.8638
7729-102255-0035,1320,0,0.1405,0.8346
7729-102255-0035,2300,0,0.0964,0.7696
7729-102255-0035,260,0,-0.0309,0.8341
7729-102255-0035,2830,0,0.05,0.7826
7729-102255-0035,4077,0,0.0245,0.863
7729-102255-0035,5105,0,0.0769,0.8697
7729-102255-0035,5639,0,0.1323,0.8121
7729-102255-0035,61,0,0.1085,0.8617
7729-102255-0035,672,0,0.0592,0.8376
7729-102255-0035,6930,0,-0.1449,0.7057
7729-102255-0035,7021,0,0.1925,0.8698
7729-102255-0035,7127,0,0.0633,0.8451
7729-102255-0035,7176,0,0.1388,0.8182
7729-102255-0035,7729,1,0.7864,0.9891
7729-102255-0035,8224,0,-0.0757,0.6573
7729-102255-0035,8230,0,0.1422,0.8163
7729-102255-0035,8455,0,-0.0179,0.7532
7729-102255-0035,908,0,0.1026,0.8899
7729-102255-0037,1089,0,0.1973,0.8678
7729-102255-0037,1188,0,0.1391,0.8428
7729-102255-0037,1320,0,0.2349,0.8401
7729-102255-0037,2300,0,0.163,0.7975
7729-102255-0037,260,0,0.0481,0.8051
7729-102255-0037,2830,0,0.0632,0.7514
7729-102255-0037,4077,0,0.0755,0.8736
7729-102255-0037,5105,0,0.1386,0.8715
7729-102255-0037,5639,0,0.2015,0.7911
7729-102255-0037,61,0,0.1748,0.8324
7729-102255-0037,672,0,0.1421,0.8142
7729-102255-0037,6930,0,-0.0543,0.681
7729-102255-0037,7021,0,0.133,0.8762
7729-102255-0037,7127,0,0.0555,0.8647
7729-102255-0037,7176,0,0.1983,0.797
7729-102255-0037,7729,1,0.88,0.9825
7729-102255-0037,8224,0,-0.0898,0.642
7729-102255-0037,8230,0,0.1532,0.7745
7729-102255-0037,8455,0,-0.038,0.7541
7729-102255-0037,908,0,0.1367,0.8706
7729-102255-0039,1089,0,0.1807,0.8588
7729-102255-0039,1188,0,0.201,0.8506
7729-102255-0039,1320,0,0.2252,0.8013
7729-102255-0039,2300,0,0.1276,0.7188
7729-102255-0039,260,0,0.0185,0.8276
7729-102255-0039,2830,0,0.129,0.778
7729-102255-0039,4077,0,0.0149,0.8689
7729-102255-0039,5105,0,0.1319,0.844
7729-102255-0039,5639,0,0.179,0.8323
7729-102255-0039,61,0,0.1674,0.8592
7729-102255-0039,672,0,0.098,0.8174
7729-102255-0039,6930,0,-0.0006,0.6663
7729-102255-0039,7021,0,0.1456,0.8314
7729-102255-0039,7127,0,0.0745,0.8347
7729-102255-0039,7176,0,0.1737,0.822
7729-102255-0039,7729,1,0.8623,0.9935
7729-102255-0039,8224,0,-0.0754,0.6412
7729-102255-0039,8230,0,0.1597,0.8029
7729-102255-0039,8455,0,-0.0799,0.7069
7729-102255-0039,908,0,0.1519,0.8802
7729-102255-0040,1089,0,0.1958,0.8663
7729-102255-0040,1188,0,0.2288,0.8527
7729-102255-0040,1320,0,0.2278,0.812
7729-102255-0040,2300,0,0.1736,0.7258
7729-102255-0040,260,0,0.0262,0.8262
7729-102255-0040,2830,0,0.1616,0.7883
7729-102255-0040,4077,0,0.1194,0.8801
7729-102255-0040,5105,0,0.1723,0.8553
7729-102255-0040,5639,0,0.1996,0.8312
7729-102255-0040,61,0,0.2453,0.8613
7729-102255-0040,672,0,0.0588,0.822
7729-102255-0040,6930,0,-0.0653,0.6846
7729-102255-0040,7021,0,0.2507,0.8361
7729-102255-0040,7127,0,0.1336,0.8534
7729-102255-0040,7176,0,0.2728,0.8285
7729-102255-0040,7729,1,0.9081,0.9944
7729-102255-0040,8224,0,-0.0645,0.6408
7729-102255-0040,8230,0,0.1723,0.8107
7729-102255-0040,8455,0,0.0093,0.7233
7729-102255-0040,908,0,0.1033,0.8726
8224-274381-0007,1089,0,0.172,0.7594
8224-274381-0007,1188,0,0.0297,0.768
8224-274381-0007,1320,0,0.0779,0.7363
8224-274381-0007,2300,0,0.1486,0.5587
8224-274381-0007,260,0,0.1835,0.7943
8224-274381-0007,2830,0,0.2007,0.7211
8224-274381-0007,4077,0,0.164,0.7146
8224-274381-0007,5105,0,0.2276,0.7788
8224-274381-0007,5639,0,0.1177,0.8157
8224-274381-0007,61,0,-0.0066,0.7836
8224-274381-0007,672,0,0.1118,0.8514
8224-274381-0007,6930,0,0.0973,0.8055
8224-274381-0007,7021,0,0.2069,0.6963
8224-274381-0007,7127,0,0.1799,0.6433
8224-274381-0007,7176,0,0.0634,0.7833
8224-274381-0007,7729,0,0.0056,0.6846
8224-274381-0007,8224,1,0.8749,0.9861
8224-274381-0007,8230,0,0.1253,0.7661
8224-274381-0007,8455,0,0.2644,0.7335
8224-274381-0007,908,0,0.0013,0.7781
8224-274381-0010,1089,0,0.1593,0.7334
8224-274381-0010,1188,0,0.0311,0.7148
8224-274381-0010,1320,0,0.0705,0.7146
8224-274381-0010,2300,0,0.0599,0.5729
8224-274381-0010,260,0,0.1375,0.7413
8224-274381-0010,2830,0,0.176,0.6586
8224-274381-0010,4077,0,0.1104,0.6717
8224-274381-0010,5105,0,0.1738,0.7481
8224-274381-0010,5639,0,0.1263,0.7763
8224-274381-0010,61,0,-0.0009,0.7313
8224-274381-0010,672,0,0.0744,0.8265
8224-274381-0010,6930,0,0.0942,0.7796
8224-274381-0010,7021,0,0.0476,0.6891
8224-274381-0010,7127,0,0.1618,0.6022
8224-274381-0010,7176,0,0.0535,0.7218
8224-274381-0010,7729,0,-0.0072,0.6442
8224-274381-0010,8224,1,0.8824,0.986
8224-274381-0010,8230,0,0.0553,0.7117
8224-274381-0010,8455,0,0.1921,0.7143
8224-274381-0010,908,0,-0.049,0.7604
8224-274381-0011,1089,0,0.1836,0.7007
8224-274381-0011,1188,0,0.0558,0.7126
8224-274381-0011,1320,0,0.0544,0.6613
8224-274381-0011,2300,0,0.1373,0.4713
8224-274381-0011,260,0,0.153,0.7262
8224-274381-0011,2830,0,0.2004,0.6583
8224-274381-0011,4077,0,0.1817,0.643
8224-274381-0011,5105,0,0.2893,0.7119
8224-274381-0011,5639,0,0.1179,0.7975
8224-274381-0011,61,0,0.06,0.7089
8224-274381-0011,672,0,0.0923,0.8072
8224-274381-0011,6930,0,0.0346,0.7201
8224-274381-0011,7021,0,0.1698,0.6298
8224-274381-0011,7127,0,0.1419,0.5687
8224-274381-0011,7176,0,0.1347,0.7121
8224-274381-0011,7729,0,-0.0055,0.6186
8224-274381-0011,8224,1,0.8424,0.9816
8224-274381-0011,8230,0,0.1169,0.7073
8224-274381-0011,8455,0,0.1543,0.6472
8224-274381-0011,908,0,-0.0236,0.7268
8224-274381-0013,1089,0,0.1087,0.7608
8224-274381-0013,1188,0,0.0265,0.7585
8224-274381-0013,1320,0,0.1175,0.7454
8224-274381-0013,2300,0,0.1325,0.577
8224-274381-0013,260,0,0.1911,0.7966
8224-274381-0013,2830,0,0.1516,0.7016
8224-274381-0013,4077,0,0.1186,0.718
8224-274381-0013,5105,0,0.1843,0.7799
8224-274381-0013,5639,0,0.0907,0.8102
8224-274381-0013,61,0,0.0077,0.7802
8224-274381-0013,672,0,0.1256,0.8653
8224-274381-0013,6930,0,0.0577,0.8065
8224-274381-0013,7021,0,0.1298,0.7065
8224-274381-0013,7127,0,0.1904,0.6358
8224-274381-0013,7176,0,0.0585,0.7762
8224-274381-0013,7729,0,0.0109,0.6762
8224-274381-0013,8224,1,0.8843,0.9859
8224-274381-0013,8230,0,0.0244,0.75
8224-274381-0013,8455,0,0.1923,0.7462
8224-274381-0013,908,0,0.034,0.7928
8224-274384-0002,1089,0,0.085,0.7113
8224-274384-0002,1188,0,-0.0075,0.7165
8224-274384-0002,1320,0,0.0697,0.709
8224-274384-0002,2300,0,0.1161,0.5538
8224-274384-0002,260,0,0.1867,0.745
8224-274384-0002,2830,0,0.0968,0.6777
8224-274384-0002,4077,0,0.1048,0.6793
8224-274384-0002,5105,0,0.1369,0.762
8224-274384-0002,5639,0,0.1558,0.8041
8224-274384-0002,61,0,0.0317,0.7143
8224-274384-0002,672,0,0.159,0.8126
8224-274384-0002,6930,0,0.0887,0.7749
8224-274384-0002,7021,0,0.1444,0.6874
8224-274384-0002,7127,0,0.0821,0.6207
8224-274384-0002,7176,0,0.1065,0.7057
8224-274384-0002,7729,0,-0.024,0.649
8224-274384-0002,8224,1,0.9219,0.9868
8224-274384-0002,8230,0,0.1168,0.6941
8224-274384-0002,8455,0,0.215,0.6944
8224-274384-0002,908,0,-0.0311,0.735
8224-274384-0006,1089,0,-0.021,0.7217
8224-274384-0006,1188,0,-0.0407,0.7045
8224-274384-0006,1320,0,-0.0264,0.7104
8224-274384-0006,2300,0,0.1752,0.5753
8224-274384-0006,260,0,0.1629,0.731
8224-274384-0006,2830,0,0.0707,0.6464
8224-274384-0006,4077,0,0.1336,0.7102
8224-274384-0006,5105,0,0.1184,0.7545
8224-274384-0006,5639,0,0.1327,0.8195
8224-274384-0006,61,0,-0.01,0.6841
8224-274384-0006,672,0,0.0662,0.8151
8224-274384-0006,6930,0,0.0654,0.7445
8224-274384-0006,7021,0,0.1084,0.6879
8224-274384-0006,7127,0,0.0863,0.6384
8224-274384-0006,7176,0,0.0128,0.6731
8224-274384-0006,7729,0,-0.1078,0.6678
8224-274384-0006,8224,1,0.8553,0.9775
8224-274384-0006,8230,0,0.0406,0.6619
8224-274384-0006,8455,0,0.1702,0.6906
8224-274384-0006,908,0,-0.0685,0.737
8224-274384-0007,1089,0,0.0794,0.6863
8224-274384-0007,1188,0,-0.0143,0.6953
8224-274384-0007,1320,0,-0.0266,0.6703
8224-274384-0007,2300,0,0.1347,0.5132
8224-274384-0007,260,0,0.0589,0.7082
8224-274384-0007,2830,0,0.037,0.6429
8224-274384-0007,4077,0,0.1008,0.638
8224-274384-0007,5105,0,0.1053,0.7162
8224-274384-0007,5639,0,0.178,0.7854
8224-274384-0007,61,0,0.0449,0.6757
8224-274384-0007,672,0,0.0776,0.7888
8224-274384-0007,6930,0,0.0439,0.7261
8224-274384-0007,7021,0,0.1466,0.6408
8224-274384-0007,7127,0,0.0878,0.5794
8224-274384-0007,7176,0,0.0521,0.6708
8224-274384-0007,7729,0,-0.0596,0.6207
8224-274384-0007,8224,1,0.8077,0.9852
8224-274384-0007,8230,0,0.0518,0.6719
8224-274384-0007,8455,0,0.187,0.656
8224-274384-0007,908,0,-0.0422,0.71
8224-274384-0008,1089,0,0.0715,0.7271
8224-274384-0008,1188,0,-0.0313,0.7289
8224-274384-0008,1320,0,0.0405,0.7309
8224-274384-0008,2300,0,0.1659,0.6071
8224-274384-0008,260,0,0.1552,0.763
8224-274384-0008,2830,0,0.1089,0.6739
8224-274384-0008,4077,0,0.0578,0.723
8224-274384-0008,5105,0,0.0846,0.7722
8224-274384-0008,5639,0,0.1244,0.81
8224-274384-0008,61,0,-0.0452,0.7307
8224-274384-0008,672,0,0.0807,0.8264
8224-274384-0008,6930,0,0.081,0.7799
8224-274384-0008,7021,0,0.1101,0.7069
8224-274384-0008,7127,0,0.1467,0.6457
8224-274384-0008,7176,0,0.0475,0.712
8224-274384-0008,7729,0,-0.0372,0.6916
8224-274384-0008,8224,1,0.937,0.989
8224-274384-0008,8230,0,0.0591,0.6882
8224-274384-0008,8455,0,0.1961,0.7252
8224-274384-0008,908,0,0.0017,0.7592
8224-274384-0009,1089,0,0.0675,0.703
8224-274384-0009,1188,0,0.0505,0.6948
8224-274384-0009,1320,0,0.1009,0.7191
8224-274384-0009,2300,0,0.1396,0.6114
8224-274384-0009,260,0,0.1576,0.7025
8224-274384-0009,2830,0,0.1529,0.629
8224-274384-0009,4077,0,0.1155,0.672
8224-274384-0009,5105,0,0.1121,0.7493
8224-274384-0009,5639,0,0.164,0.7439
8224-274384-0009,61,0,0.0056,0.6607
8224-274384-0009,672,0,0.1484,0.7892
8224-274384-0009,6930,0,0.0436,0.7428
8224-274384-0009,7021,0,0.1637,0.6949
8224-274384-0009,7127,0,0.1812,0.631
8224-274384-0009,7176,0,0.091,0.6519
8224-274384-0009,7729,0,0.001,0.6264
8224-274384-0009,8224,1,0.8359,0.9794
8224-274384-0009,8230,0,0.0368,0.6433
8224-274384-0009,8455,0,0.2426,0.7137
8224-274384-0009,908,0,-0.0354,0.7025
8224-274384-0013,1089,0,-0.0377,0.7133
8224-274384-0013,1188,0,-0.0012,0.7485
8224-274384-0013,1320,0,0.0079,0.7258
8224-274384-0013,2300,0,0.1467,0.5699
8224-274384-0013,260,0,0.1831,0.7719
8224-274384-0013,2830,0,0.1738,0.71
8224-274384-0013,4077,0,0.1038,0.6957
8224-274384-0013,5105,0,0.078,0.7705
8224-274384-0013,5639,0,0.1052,0.8129
8224-274384-0013,61,0,-0.0033,0.7296
8224-274384-0013,672,0,0.1148,0.8138
8224-274384-0013,6930,0,0.0288,0.7865
8224-274384-0013,7021,0,0.0775,0.6854
8224-274384-0013,7127,0,0.1422,0.643
8224-274384-0013,7176,0,0.0534,0.7118
8224-274384-0013,7729,0,-0.0464,0.6788
8224-274384-0013,8224,1,0.8453,0.9789
8224-274384-0013,8230,0,0.0229,0.7036
8224-274384-0013,8455,0,0.1568,0.7124
8224-274384-0013,908,0,-0.0313,0.7332
8230-279154-0000,1089,0,0.5632,0.93
8230-279154-0000,1188,0,0.1832,0.9205
8230-279154-0000,1320,0,0.0729,0.8123
8230-279154-0000,2300,0,0.1144,0.572
8230-279154-0000,260,0,0.0401,0.8808
8230-279154-0000,2830,0,0.3368,0.9019
8230-279154-0000,4077,0,0.1629,0.789
8230-279154-0000,5105,0,0.1515,0.8419
8230-279154-0000,5639,0,0.194,0.8328
8230-279154-0000,61,0,0.3655,0.903
8230-279154-0000,672,0,0.1284,0.8859
8230-279154-0000,6930,0,-0.0309,0.7755
8230-279154-0000,7021,0,0.1801,0.7754
8230-279154-0000,7127,0,0.1916,0.8139
8230-279154-0000,7176,0,0.2111,0.9059
8230-279154-0000,7729,0,0.0826,0.8256
8230-279154-0000,8224,0,0.1264,0.6806
8230-279154-0000,8230,1,0.8749,0.9884
8230-279154-0000,8455,0,0.1139,0.7504
8230-279154-0000,908,0,-0.0602,0.8304
8230-279154-0004,1089,0,0.5112,0.9292
8230-279154-0004,1188,0,0.217,0.9139
8230-279154-0004,1320,0,0.0596,0.8145
8230-279154-0004,2300,0,0.1791,0.5843
8230-279154-0004,260,0,0.0895,0.895
8230-279154-0004,2830,0,0.3445,0.8829
8230-279154-0004,4077,0,0.2125,0.7973
8230-279154-0004,5105,0,0.1459,0.8398
8230-279154-0004,5639,0,0.1991,0.8229
8230-279154-0004,61,0,0.4,0.9147
8230-279154-0004,672,0,0.1087,0.894
8230-279154-0004,6930,0,-0.0639,0.8011
8230-279154-0004,7021,0,0.1853,0.7802
8230-279154-0004,7127,0,0.2517,0.7948
8230-279154-0004,7176,0,0.2403,0.9238
8230-279154-0004,7729,0,0.1742,0.8082
8230-279154-0004,8224,0,0.0852,0.7072
8230-279154-0004,8230,1,0.9153,0.9873
8230-279154-0004,8455,0,0.0526,0.7747
8230-279154-0004,908,0,-0.0291,0.8456
8230-279154-0016,1089,0,0.4696,0.8943
8230-279154-0016,1188,0,0.2184,0.9258
8230-279154-0016,1320,0,0.0117,0.7966
8230-279154-0016,2300,0,0.0754,0.5716
8230-279154-0016,260,0,0.1074,0.8928
8230-279154-0016,2830,0,0.3197,0.8958
8230-279154-0016,4077,0,0.1724,0.7495
8230-279154-0016,5105,0,0.2314,0.834
8230-279154-0016,5639,0,0.1494,0.7899
8230-279154-0016,61,0,0.4265,0.9224
8230-279154-0016,672,0,0.107,0.8573
8230-279154-0016,6930,0,-0.0796,0.7865
8230-279154-0016,7021,0,0.1644,0.7763
8230-279154-0016,7127,0,0.1706,0.765
8230-279154-0016,7176,0,0.2654,0.9337
8230-279154-0016,7729,0,0.1362,0.8026
8230-279154-0016,8224,0,0.0528,0.6947
8230-279154-0016,8230,1,0.9384,0.9916
8230-279154-0016,8455,0,0.0237,0.7485
8230-279154-0016,908,0,-0.0054,0.8266
8230-279154-0018,1089,0,0.5013,0.9247
8230-279154-0018,1188,0,0.2604,0.9323
8230-279154-0018,1320,0,0.0734,0.8349
8230-279154-0018,2300,0,0.1015,0.6031
8230-279154-0018,260,0,0.1079,0.9006
8230-279154-0018,2830,0,0.3243,0.9174
8230-279154-0018,4077,0,0.2446,0.8283
8230-279154-0018,5105,0,0.2392,0.8763
8230-279154-0018,5639,0,0.2152,0.8607
8230-279154-0018,61,0,0.3879,0.9295
8230-279154-0018,672,0,0.153,0.8903
8230-279154-0018,6930,0,-0.0806,0.7908
8230-279154-0018,7021,0,0.1738,0.8024
8230-279154-0018,7127,0,0.2104,0.8432
8230-279154-0018,7176,0,0.3001,0.9374
8230-279154-0018,7729,0,0.1894,0.8714
8230-279154-0018,8224,0,0.0979,0.7128
8230-279154-0018,8230,1,0.8576,0.9805
8230-279154-0018,8455,0,0.0943,0.7571
8230-279154-0018,908,0,0.0113,0.8562
8230-279154-0020,1089,0,0.5265,0.9387
8230-279154-0020,1188,0,0.2208,0.9394
8230-279154-0020,1320,0,0.0425,0.8416
8230-279154-0020,2300,0,0.0922,0.626
8230-279154-0020,260,0,0.1221,0.8812
8230-279154-0020,2830,0,0.3117,0.9044
8230-279154-0020,4077,0,0.1847,0.7756
8230-279154-0020,5105,0,0.2128,0.8613
8230-279154-0020,5639,0,0.1556,0.7863
8230-279154-0020,61,0,0.3463,0.8875
8230-279154-0020,672,0,0.1052,0.8712
8230-279154-0020,6930,0,-0.075,0.779
8230-279154-0020,7021,0,0.207,0.8136
8230-279154-0020,7127,0,0.2308,0.8341
8230-279154-0020,7176,0,0.1932,0.8961
8230-279154-0020,7729,0,0.1358,0.8174
8230-279154-0020,8224,0,0.0501,0.6703
8230-279154-0020,8230,1,0.9001,0.9831
8230-279154-0020,8455,0,0.0967,0.7773
8230-279154-0020,908,0,-0.0063,0.8265
8230-279154-0022,1089,0,0.4851,0.8727
8230-279154-0022,1188,0,0.1683,0.8936
8230-279154-0022,1320,0,0.0363,0.7496
8230-279154-0022,2300,0,0.119,0.5189
8230-279154-0022,260,0,0.0607,0.8515
8230-279154-0022,2830,0,0.2943,0.8924
8230-279154-0022,4077,0,0.1547,0.6884
8230-279154-0022,5105,0,0.2008,0.7952
8230-279154-0022,5639,0,0.1722,0.7749
8230-279154-0022,61,0,0.3712,0.8976
8230-279154-0022,672,0,0.0951,0.8353
8230-279154-0022,6930,0,-0.0111,0.7655
8230-279154-0022,7021,0,0.1483,0.732
8230-279154-0022,7127,0,0.1434,0.7187
8230-279154-0022,7176,0,0.2425,0.891
8230-279154-0022,7729,0,0.0943,0.7697
8230-279154-0022,8224,0,0.126,0.6743
8230-279154-0022,8230,1,0.8719,0.986
8230-279154-0022,8455,0,-0.0025,0.6934
8230-279154-0022,908,0,-0.0108,0.7916
8230-279154-0023,1089,0,0.4396,0.8967
8230-279154-0023,1188,0,0.229,0.9052
8230-279154-0023,1320,0,0.0488,0.7652
8230-279154-0023,2300,0,0.115,0.556
8230-279154-0023,260,0,0.1511,0.8746
8230-279154-0023,2830,0,0.3051,0.8836
8230-279154-0023,4077,0,0.1394,0.7734
8230-279154-0023,5105,0,0.1073,0.8149
8230-279154-0023,5639,0,0.1315,0.8327
8230-279154-0023,61,0,0.4094,0.9114
8230-279154-0023,672,0,0.1106,0.8489
8230-279154-0023,6930,0,-0.0159,0.7602
8230-279154-0023,7021,0,0.0927,0.7583
8230-279154-0023,7127,0,0.1722,0.766
8230-279154-0023,7176,0,0.2379,0.9033
8230-279154-0023,7729,0,0.1558,0.8503
8230-279154-0023,8224,0,0.0741,0.6709
8230-279154-0023,8230,1,0.8489,0.979
8230-279154-0023,8455,0,-0.0059,0.7137
8230-279154-0023,908,0,0.0048,0.8261
8230-279154-0028,1089,0,0.4407,0.9145
8230-279154-0028,1188,0,0.1989,0.9492
8230-279154-0028,1320,0,0.0293,0.8244
8230-279154-0028,2300,0,0.1579,0.5925
8230-279154-0028,260,0,0.0523,0.8701
8230-279154-0028,2830,0,0.2739,0.9218
8230-279154-0028,4077,0,0.0693,0.7184
8230-279154-0028,5105,0,0.1837,0.8378
8230-279154-0028,5639,0,0.1326,0.777
8230-279154-0028,61,0,0.3741,0.8592
8230-279154-0028,672,0,0.0981,0.8651
8230-279154-0028,6930,0,-0.1339,0.7793
8230-279154-0028,7021,0,0.2042,0.7914
8230-279154-0028,7127,0,0.2142,0.7973
8230-279154-0028,7176,0,0.2196,0.8751
8230-279154-0028,7729,0,0.1732,0.7868
8230-279154-0028,8224,0,0.0645,0.6775
8230-279154-0028,8230,1,0.8482,0.982
8230-279154-0028,8455,0,0.0611,0.7637
8230-279154-0028,908,0,-0.0987,0.8054
8230-279154-0029,1089,0,0.4943,0.8833
8230-279154-0029,1188,0,0.3353,0.9343
8230-279154-0029,1320,0,0.0355,0.7907
8230-279154-0029,2300,0,0.1314,0.5475
8230-279154-0029,260,0,0.0758,0.8648
8230-279154-0029,2830,0,0.3082,0.912
8230-279154-0029,4077,0,0.0735,0.701
8230-279154-0029,5105,0,0.2571,0.8235
8230-279154-0029,5639,0,0.171,0.7697
8230-279154-0029,61,0,0.3316,0.8815
8230-279154-0029,672,0,0.1487,0.8399
8230-279154-0029,6930,0,-0.0695,0.7492
8230-279154-0029,7021,0,0.2111,0.7656
8230-279154-0029,7127,0,0.1724,0.7621
8230-279154-0029,7176,0,0.2248,0.902
8230-279154-0029,7729,0,0.1391,0.771
8230-279154-0029,8224,0,0.0904,0.6759
8230-279154-0029,8230,1,0.9155,0.9889
8230-279154-0029,8455,0,0.0856,0.7181
8230-279154-0029,908,0,-0.0238,0.7928
8230-279154-0030,1089,0,0.4548,0.8447
8230-279154-0030,1188,0,0.2904,0.9275
8230-279154-0030,1320,0,0.0273,0.754
8230-279154-0030,2300,0,0.1335,0.5141
8230-279154-0030,260,0,0.0771,0.8546
8230-279154-0030,2830,0,0.3177,0.9212
8230-279154-0030,4077,0,0.0889,0.6666
8230-279154-0030,5105,0,0.166,0.7949
8230-279154-0030,5639,0,0.1869,0.7575
8230-279154-0030,61,0,0.3565,0.8783
8230-279154-0030,672,0,0.1157,0.8024
8230-279154-0030,6930,0,-0.0958,0.7409
8230-279154-0030,7021,0,0.1745,0.7282
8230-279154-0030,7127,0,0.1724,0.7308
8230-279154-0030,7176,0,0.246,0.8885
8230-279154-0030,7729,0,0.1179,0.7619
8230-279154-0030,8224,0,0.0604,0.6684
8230-279154-0030,8230,1,0.9098,0.9796
8230-279154-0030,8455,0,0.0753,0.6836
8230-279154-0030,908,0,-0.0869,0.7628
8455-210777-0011,1089,0,0.1588,0.835
8455-210777-0011,1188,0,0.05,0.787
8455-210777-0011,1320,0,0.3399,0.911
8455-210777-0011,2300,0,0.1263,0.8248
8455-210777-0011,260,0,0.054,0.8553
8455-210777-0011,2830,0,-0.0188,0.7092
8455-210777-0011,4077,0,0.3386,0.8351
8455-210777-0011,5105,0,0.1792,0.841
8455-210777-0011,5639,0,-0.0525,0.6589
8455-210777-0011,61,0,0.029,0.7676
8455-210777-0011,672,0,0.1598,0.8737
8455-210777-0011,6930,0,0.1146,0.9035
8455-210777-0011,7021,0,0.2361,0.8271
8455-210777-0011,7127,0,0.2283,0.8014
8455-210777-0011,7176,0,0.0059,0.7846
8455-210777-0011,7729,0,0.0113,0.7093
8455-210777-0011,8224,0,0.1588,0.7121
8455-210777-0011,8230,0,-0.0004,0.7398
8455-210777-0011,8455,1,0.8395,0.9874
8455-210777-0011,908,0,-0.0229,0.8
8455-210777-0014,1089,0,0.1176,0.8479
8455-210777-0014,1188,0,-0.0187,0.7894
8455-210777-0014,1320,0,0.2952,0.9188
8455-210777-0014,2300,0,0.0838,0.8269
8455-210777-0014,260,0,0.0766,0.848
8455-210777-0014,2830,0,-0.0859,0.685
8455-210777-0014,4077,0,0.2152,0.825
8455-210777-0014,5105,0,0.0568,0.8632
8455-210777-0014,5639,0,0.031,0.6603
8455-210777-0014,61,0,-0.0253,0.7432
8455-210777-0014,672,0,0.2648,0.8952
8455-210777-0014,6930,0,0.0523,0.868
8455-210777-0014,7021,0,0.1612,0.8676
8455-210777-0014,7127,0,0.1834,0.7989
8455-210777-0014,7176,0,-0.0287,0.766
8455-210777-0014,7729,0,-0.0247,0.7134
8455-210777-0014,8224,0,0.1188,0.6971
8455-210777-0014,8230,0,0.0293,0.7275
8455-210777-0014,8455,1,0.8333,0.9811
8455-210777-0014,908,0,-0.0208,0.8241
8455-210777-0018,1089,0,0.0951,0.839
8455-210777-0018,1188,0,0.0487,0.8026
8455-210777-0018,1320,0,0.1986,0.9051
8455-210777-0018,2300,0,0.0809,0.7953
8455-210777-0018,260,0,0.0148,0.867
8455-210777-0018,2830,0,-0.027,0.7261
8455-210777-0018,4077,0,0.2502,0.7849
8455-210777-0018,5105,0,0.0913,0.8487
8455-210777-0018,5639,0,0.0011,0.6583
8455-210777-0018,61,0,-0.1149,0.7835
8455-210777-0018,672,0,0.169,0.8866
8455-210777-0018,6930,0,0.0417,0.9255
8455-210777-0018,7021,0,0.2044,0.8324
8455-210777-0018,7127,0,0.1954,0.7651
8455-210777-0018,7176,0,-0.0661,0.7951
8455-210777-0018,7729,0,-0.0479,0.6853
8455-210777-0018,8224,0,0.2313,0.7393
8455-210777-0018,8230,0,0.0139,0.7761
8455-210777-0018,8455,1,0.9047,0.9814
8455-210777-0018,908,0,-0.0236,0.8059
8455-210777-0024,1089,0,0.1992,0.8637
8455-210777-0024,1188,0,0.0124,0.7692
8455-210777-0024,1320,0,0.28,0.9156
8455-210777-0024,2300,0,0.056,0.8113
8455-210777-0024,260,0,0.1358,0.8684
8455-210777-0024,2830,0,0.0249,0.7024
8455-210777-0024,4077,0,0.393,0.8442
8455-210777-0024,5105,0,0.1794,0.8585
8455-210777-0024,5639,0,0.0545,0.6877
8455-210777-0024,61,0,0.0102,0.7829
8455-210777-0024,672,0,0.2029,0.8936
8455-210777-0024,6930,0,0.0896,0.9214
8455-210777-0024,7021,0,0.2419,0.8548
8455-210777-0024,7127,0,0.2005,0.8011
8455-210777-0024,7176,0,0.0313,0.7982
8455-210777-0024,7729,0,-0.0511,0.7111
8455-210777-0024,8224,0,0.2074,0.6885
8455-210777-0024,8230,0,0.1197,0.7571
8455-210777-0024,8455,1,0.8277,0.9731
8455-210777-0024,908,0,-0.0318,0.8434
8455-210777-0033,1089,0,0.2385,0.8221
8455-210777-0033,1188,0,0.1159,0.7712
8455-210777-0033,1320,0,0.3147,0.8844
8455-210777-0033,2300,0,0.1137,0.8223
8455-210777-0033,260,0,0.0794,0.8652
8455-210777-0033,2830,0,0.0721,0.6872
8455-210777-0033,4077,0,0.3295,0.8473
8455-210777-0033,5105,0,0.1338,0.8201
8455-210777-0033,5639,0,0.0382,0.6781
8455-210777-0033,61,0,-0.0105,0.7804
8455-210777-0033,672,0,0.1899,0.8662
8455-210777-0033,6930,0,0.1366,0.9137
8455-210777-0033,7021,0,0.1904,0.8138
8455-210777-0033,7127,0,0.2666,0.7732
8455-210777-0033,7176,0,-0.0052,0.79
8455-210777-0033,7729,0,-0.0466,0.7298
8455-210777-0033,8224,0,0.2338,0.7088
8455-210777-0033,8230,0,0.0478,0.7343
8455-210777-0033,8455,1,0.885,0.9863
8455-210777-0033,908,0,0.0374,0.8131
8455-210777-0034,1089,0,0.1494,0.7876
8455-210777-0034,1188,0,0.0741,0.7266
8455-210777-0034,1320,0,0.2877,0.8697
8455-210777-0034,2300,0,0.1045,0.8287
8455-210777-0034,260,0,0.1403,0.8309
8455-210777-0034,2830,0,0.0404,0.6329
8455-210777-0034,4077,0,0.3557,0.824
8455-210777-0034,5105,0,0.1213,0.7864
8455-210777-0034,5639,0,-0.068,0.6239
8455-210777-0034,61,0,0.0029,0.7199
8455-210777-0034,672,0,0.2207,0.823
8455-210777-0034,6930,0,0.1072,0.886
8455-210777-0034,7021,0,0.1973,0.7938
8455-210777-0034,7127,0,0.2207,0.7581
8455-210777-0034,7176,0,-0.0257,0.7356
8455-210777-0034,7729,0,-0.0672,0.6895
8455-210777-0034,8224,0,0.1426,0.669
8455-210777-0034,8230,0,0.0489,0.6707
8455-210777-0034,8455,1,0.8829,0.9783
8455-210777-0034,908,0,-0.0009,0.7809
8455-210777-0040,1089,0,0.1887,0.8711
8455-210777-0040,1188,0,0.0744,0.7961
8455-210777-0040,1320,0,0.2508,0.9125
8455-210777-0040,2300,0,0.1349,0.8589
8455-210777-0040,260,0,0.1012,0.855
8455-210777-0040,2830,0,0.0294,0.7085
8455-210777-0040,4077,0,0.2119,0.8658
8455-210777-0040,5105,0,0.0941,0.851
8455-210777-0040,5639,0,0.0403,0.6847
8455-210777-0040,61,0,-0.0538,0.7752
8455-210777-0040,672,0,0.181,0.8835
8455-210777-0040,6930,0,0.0677,0.8863
8455-210777-0040,7021,0,0.1877,0.8525
8455-210777-0040,7127,0,0.324,0.8277
8455-210777-0040,7176,0,-0.0341,0.782
8455-210777-0040,7729,0,-0.0616,0.7555
8455-210777-0040,8224,0,0.214,0.6926
8455-210777-0040,8230,0,0.0455,0.7559
8455-210777-0040,8455,1,0.8693,0.9879
8455-210777-0040,908,0,-0.0778,0.8144
8455-210777-0041,1089,0,0.1578,0.8593
8455-210777-0041,1188,0,0.0532,0.7627
8455-210777-0041,1320,0,0.2931,0.9164
8455-210777-0041,2300,0,0.203,0.8611
8455-210777-0041,260,0,0.0081,0.8245
8455-210777-0041,2830,0,0.0202,0.6759
8455-210777-0041,4077,0,0.3475,0.832
8455-210777-0041,5105,0,-0.0129,0.8528
8455-210777-0041,5639,0,0.0414,0.6393
8455-210777-0041,61,0,0.027,0.7484
8455-210777-0041,672,0,0.1216,0.8725
8455-210777-0041,6930,0,0.0365,0.8863
8455-210777-0041,7021,0,0.1896,0.8614
8455-210777-0041,7127,0,0.3383,0.8108
8455-210777-0041,7176,0,-0.0348,0.7516
8455-210777-0041,7729,0,0.027,0.7129
8455-210777-0041,8224,0,0.1589,0.6757
8455-210777-0041,8230,0,0.0239,0.7288
8455-210777-0041,8455,1,0.8682,0.9867
8455-210777-0041,908,0,-0.0928,0.8057
8455-210777-0046,1089,0,0.1819,0.8489
8455-210777-0046,1188,0,0.004,0.7954
8455-210777-0046,1320,0,0.2851,0.9142
8455-210777-0046,2300,0,0.0704,0.799
8455-210777-0046,260,0,0.0606,0.8655
8455-210777-0046,2830,0,-0.017,0.713
8455-210777-0046,4077,0,0.2765,0.8479
8455-210777-0046,5105,0,0.0417,0.8501
8455-210777-0046,5639,0,0.0098,0.6926
8455-210777-0046,61,0,-0.0391,0.7486
8455-210777-0046,672,0,0.1852,0.892
8455-210777-0046,6930,0,0.0191,0.9013
8455-210777-0046,7021,0,0.1507,0.8292
8455-210777-0046,7127,0,0.2528,0.8145
8455-210777-0046,7176,0,-0.0334,0.7817
8455-210777-0046,7729,0,-0.0335,0.707
8455-210777-0046,8224,0,0.1916,0.7196
8455-210777-0046,8230,0,0.0494,0.745
8455-210777-0046,8455,1,0.8954,0.9846
8455-210777-0046,908,0,-0.0826,0.8077
8455-210777-0056,1089,0,0.2641,0.8344
8455-210777-0056,1188,0,0.003,0.7685
8455-210777-0056,1320,0,0.3018,0.9186
8455-210777-0056,2300,0,0.0463,0.8266
8455-210777-0056,260,0,0.0731,0.8504
8455-210777-0056,2830,0,0.0378,0.6947
8455-210777-0056,4077,0,0.3175,0.8195
8455-210777-0056,5105,0,0.1765,0.859
8455-210777-0056,5639,0,0.0113,0.6531
8455-210777-0056,61,0,0.0277,0.7588
8455-210777-0056,672,0,0.1274,0.8799
8455-210777-0056,6930,0,0.0655,0.9189
8455-210777-0056,7021,0,0.2971,0.8485
8455-210777-0056,7127,0,0.2038,0.7938
8455-210777-0056,7176,0,0.0496,0.7669
8455-210777-0056,7729,0,0.0092,0.686
8455-210777-0056,8224,0,0.1262,0.7105
8455-210777-0056,8230,0,0.0647,0.7286
8455-210777-0056,8455,1,0.83,0.988
8455-210777-0056,908,0,-0.0313,0.8089
8463-287645-0002,121,0,-0.0592,0.8375
8463-287645-0002,1221,0,0.2175,0.9063
8463-287645-0002,1284,0,0.0974,0.8323
8463-287645-0002,1580,0,0.2256,0.8222
8463-287645-0002,1995,0,-0.0827,0.8952
8463-287645-0002,2094,0,0.1054,0.891
8463-287645-0002,237,0,0.0855,0.8675
8463-287645-0002,2961,0,0.0573,0.7172
8463-287645-0002,3570,0,0.0088,0.7022
8463-287645-0002,3575,0,0.138,0.7082
8463-287645-0002,3729,0,0.0594,0.8914
8463-287645-0002,4446,0,0.1599,0.8972
8463-287645-0002,4507,0,0.0709,0.8412
8463-287645-0002,4970,0,0.1091,0.7722
8463-287645-0002,4992,0,0.4337,0.9668
8463-287645-0002,5142,0,0.2073,0.9255
8463-287645-0002,5683,0,0.0107,0.822
8463-287645-0002,6829,0,0.2913,0.8734
8463-287645-0002,8463,1,0.8399,0.9931
8463-287645-0002,8555,0,0.1069,0.8625
8463-287645-0003,121,0,0.0009,0.8139
8463-287645-0003,1221,0,0.2167,0.8845
8463-287645-0003,1284,0,0.0582,0.7968
8463-287645-0003,1580,0,0.1785,0.7654
8463-287645-0003,1995,0,-0.0337,0.8852
8463-287645-0003,2094,0,0.062,0.869
8463-287645-0003,237,0,0.0628,0.8466
8463-287645-0003,2961,0,0.0389,0.6978
8463-287645-0003,3570,0,0.0203,0.6684
8463-287645-0003,3575,0,0.18,0.6507
8463-287645-0003,3729,0,0.0844,0.8745
8463-287645-0003,4446,0,0.0456,0.873
8463-287645-0003,4507,0,0.083,0.8131
8463-287645-0003,4970,0,0.0554,0.7284
8463-287645-0003,4992,0,0.3607,0.958
8463-287645-0003,5142,0,0.1751,0.9189
8463-287645-0003,5683,0,0.0288,0.7688
8463-287645-0003,6829,0,0.2477,0.8596
8463-287645-0003,8463,1,0.8011,0.9868
8463-287645-0003,8555,0,0.0474,0.829
8463-294825-0010,121,0,0.0663,0.8445
8463-294825-0010,1221,0,0.2666,0.8671
8463-294825-0010,1284,0,0.0924,0.8437
8463-294825-0010,1580,0,0.3108,0.8108
8463-294825-0010,1995,0,0.1281,0.9135
8463-294825-0010,2094,0,0.1387,0.8708
8463-294825-0010,237,0,0.0815,0.8552
8463-294825-0010,2961,0,0.1898,0.733
8463-294825-0010,3570,0,0.0961,0.6899
8463-294825-0010,3575,0,0.17,0.6373
8463-294825-0010,3729,0,0.0428,0.852
8463-294825-0010,4446,0,0.188,0.889
8463-294825-0010,4507,0,0.0384,0.7717
8463-294825-0010,4970,0,0.0732,0.6755
8463-294825-0010,4992,0,0.3265,0.9451
8463-294825-0010,5142,0,-0.0006,0.8476
8463-294825-0010,5683,0,0.0191,0.7564
8463-294825-0010,6829,0,0.1569,0.7961
8463-294825-0010,8463,1,0.8395,0.9815
8463-294825-0010,8555,0,-0.0445,0.778
8463-294825-0016,121,0,0.0529,0.8433
8463-294825-0016,1221,0,0.2517,0.8698
8463-294825-0016,1284,0,0.0812,0.8414
8463-294825-0016,1580,0,0.2874,0.8072
8463-294825-0016,1995,0,0.0406,0.9028
8463-294825-0016,2094,0,0.1357,0.8603
8463-294825-0016,237,0,0.1517,0.8494
8463-294825-0016,2961,0,0.1076,0.7368
8463-294825-0016,3570,0,0.0693,0.7018
8463-294825-0016,3575,0,0.1742,0.6626
8463-294825-0016,3729,0,-0.026,0.8642
8463-294825-0016,4446,0,0.1581,0.8881
8463-294825-0016,4507,0,0.0437,0.7819
8463-294825-0016,4970,0,0.1508,0.7091
8463-294825-0016,4992,0,0.2808,0.9382
8463-294825-0016,5142,0,0.133,0.8629
8463-294825-0016,5683,0,0.0233,0.7725
8463-294825-0016,6829,0,0.166,0.8008
8463-294825-0016,8463,1,0.8125,0.9853
8463-294825-0016,8555,0,-0.0286,0.8012
8463-294828-0002,121,0,-0.0523,0.8309
8463-294828-0002,1221,0,0.2185,0.875
8463-294828-0002,1284,0,0.1245,0.8332
8463-294828-0002,1580,0,0.2061,0.7896
8463-294828-0002,1995,0,0.0158,0.9079
8463-294828-0002,2094,0,0.0888,0.8723
8463-294828-0002,237,0,0.0885,0.8531
8463-294828-0002,2961,0,0.0609,0.7111
8463-294828-0002,3570,0,0.0384,0.6718
8463-294828-0002,3575,0,0.123,0.6153
8463-294828-0002,3729,0,-0.005,0.8664
8463-294828-0002,4446,0,0.2868,0.8925
8463-294828-0002,4507,0,0.099,0.7867
8463-294828-0002,4970,0,0.1868,0.6802
8463-294828-0002,4992,0,0.2746,0.9568
8463-294828-0002,5142,0,0.1978,0.8895
8463-294828-0002,5683,0,0.046,0.7581
8463-294828-0002,6829,0,0.1096,0.8184
8463-294828-0002,8463,1,0.913,0.989
8463-294828-0002,8555,0,0.1002,0.7994
8463-294828-0010,121,0,-0.0751,0.8534
8463-294828-0010,1221,0,0.1536,0.8921
8463-294828-0010,1284,0,0.1496,0.8398
8463-294828-0010,1580,0,0.199,0.8262
8463-294828-0010,1995,0,0.0031,0.9012
8463-294828-0010,2094,0,0.1442,0.8913
8463-294828-0010,237,0,0.1199,0.8787
8463-294828-0010,2961,0,0.0788,0.7311
8463-294828-0010,3570,0,0.0604,0.7045
8463-294828-0010,3575,0,0.1443,0.6769
8463-294828-0010,3729,0,0.0579,0.8847
8463-294828-0010,4446,0,0.2242,0.9029
8463-294828-0010,4507,0,0.1521,0.8162
8463-294828-0010,4970,0,0.1876,0.7205
8463-294828-0010,4992,0,0.3483,0.9601
8463-294828-0010,5142,0,0.1449,0.8788
8463-294828-0010,5683,0,0.0254,0.7956
8463-294828-0010,6829,0,0.1552,0.8436
8463-294828-0010,8463,1,0.8948,0.9937
8463-294828-0010,8555,0,0.0802,0.8087
8463-294828-0012,121,0,0.0496,0.8196
8463-294828-0012,1221,0,0.1404,0.8089
8463-294828-0012,1284,0,0.07,0.7894
8463-294828-0012,1580,0,0.1584,0.728
8463-294828-0012,1995,0,0.1388,0.8902
8463-294828-0012,2094,0,0.0683,0.8397
8463-294828-0012,237,0,0.1302,0.8081
8463-294828-0012,2961,0,0.1492,0.7392
8463-294828-0012,3570,0,0.0737,0.6663
8463-294828-0012,3575,0,0.1959,0.6032
8463-294828-0012,3729,0,-0.0317,0.8266
8463-294828-0012,4446,0,0.1107,0.828
8463-294828-0012,4507,0,0.0537,0.7299
8463-294828-0012,4970,0,0.095,0.6408
8463-294828-0012,4992,0,0.2235,0.9029
8463-294828-0012,5142,0,0.0272,0.8151
8463-294828-0012,5683,0,0.1088,0.7004
8463-294828-0012,6829,0,0.0735,0.7763
8463-294828-0012,8463,1,0.8173,0.9624
8463-294828-0012,8555,0,-0.0253,0.7192
8463-294828-0014,121,0,-0.0174,0.8394
8463-294828-0014,1221,0,0.1764,0.8887
8463-294828-0014,1284,0,0.0658,0.8461
8463-294828-0014,1580,0,0.2897,0.8075
8463-294828-0014,1995,0,-0.0842,0.9043
8463-294828-0014,2094,0,0.0409,0.8819
8463-294828-0014,237,0,0.0951,0.8642
8463-294828-0014,2961,0,0.0936,0.7254
8463-294828-0014,3570,0,0.0378,0.6906
8463-294828-0014,3575,0,0.1136,0.644
8463-294828-0014,3729,0,0.1029,0.8827
8463-294828-0014,4446,0,0.2389,0.9033
8463-294828-0014,4507,0,0.2069,0.8075
8463-294828-0014,4970,0,0.2619,0.7118
8463-294828-0014,4992,0,0.2703,0.9615
8463-294828-0014,5142,0,0.2017,0.8968
8463-294828-0014,5683,0,0.0268,0.7807
8463-294828-0014,6829,0,0.1832,0.8399
8463-294828-0014,8463,1,0.8744,0.9942
8463-294828-0014,8555,0,0.1179,0.8116
8463-294828-0031,121,0,0.0469,0.8405
8463-294828-0031,1221,0,0.1983,0.8708
8463-294828-0031,1284,0,0.087,0.8314
8463-294828-0031,1580,0,0.232,0.7863
8463-294828-0031,1995,0,-0.0059,0.8957
8463-294828-0031,2094,0,0.0086,0.8598
8463-294828-0031,237,0,0.0948,0.85
8463-294828-0031,2961,0,0.1007,0.7366
8463-294828-0031,3570,0,-0.0065,0.69
8463-294828-0031,3575,0,0.1208,0.6107
8463-294828-0031,3729,0,-0.087,0.8752
8463-294828-0031,4446,0,0.2113,0.8918
8463-294828-0031,4507,0,0.0663,0.7905
8463-294828-0031,4970,0,0.1512,0.6788
8463-294828-0031,4992,0,0.2898,0.9455
8463-294828-0031,5142,0,0.1018,0.8743
8463-294828-0031,5683,0,0.0549,0.75
8463-294828-0031,6829,0,0.1674,0.8137
8463-294828-0031,8463,1,0.8976,0.9889
8463-294828-0031,8555,0,0.078,0.7818
8463-294828-0036,121,0,0.0442,0.8672
8463-294828-0036,1221,0,0.2159,0.8849
8463-294828-0036,1284,0,0.0084,0.7929
8463-294828-0036,1580,0,0.1227,0.8004
8463-294828-0036,1995,0,-0.0607,0.903
8463-294828-0036,2094,0,0.0234,0.8722
8463-294828-0036,237,0,-0.0456,0.8741
8463-294828-0036,2961,0,0.0703,0.744
8463-294828-0036,3570,0,-0.0356,0.734
8463-294828-0036,3575,0,0.0742,0.6964
8463-294828-0036,3729,0,0.0358,0.891
8463-294828-0036,4446,0,0.2252,0.875
8463-294828-0036,4507,0,0.1151,0.8249
8463-294828-0036,4970,0,0.0308,0.7292
8463-294828-0036,4992,0,0.354,0.9568
8463-294828-0036,5142,0,0.0471,0.8799
8463-294828-0036,5683,0,-0.0376,0.7966
8463-294828-0036,6829,0,0.2187,0.829
8463-294828-0036,8463,1,0.8734,0.9882
8463-294828-0036,8555,0,0.0239,0.8387
8555-284447-0002,121,0,-0.0566,0.7102
8555-284447-0002,1221,0,0.0189,0.8041
8555-284447-0002,1284,0,-0.0625,0.698
8555-284447-0002,1580,0,-0.0703,0.7344
8555-284447-0002,1995,0,-0.094,0.783
8555-284447-0002,2094,0,-0.0953,0.7454
8555-284447-0002,237,0,-0.0095,0.8428
8555-284447-0002,2961,0,-0.0496,0.6387
8555-284447-0002,3570,0,0.0754,0.7495
8555-284447-0002,3575,0,0.1697,0.8491
8555-284447-0002,3729,0,-0.0957,0.7566
8555-284447-0002,4446,0,-0.0857,0.7201
8555-284447-0002,4507,0,0.0103,0.8189
8555-284447-0002,4970,0,0.1574,0.922
8555-284447-0002,4992,0,0.0687,0.7865
8555-284447-0002,5142,0,0.1718,0.8714
8555-284447-0002,5683,0,0.0713,0.8642
8555-284447-0002,6829,0,0.0315,0.7912
8555-284447-0002,8463,0,0.0026,0.7889
8555-284447-0002,8555,1,0.7771,0.9542
8555-284447-0014,121,0,-0.157,0.766
8555-284447-0014,1221,0,0.1234,0.8758
8555-284447-0014,1284,0,0.0855,0.7491
8555-284447-0014,1580,0,0.0318,0.8291
8555-284447-0014,1995,0,0.0091,0.8092
8555-284447-0014,2094,0,-0.022,0.7826
8555-284447-0014,237,0,0.1354,0.8869
8555-284447-0014,2961,0,-0.0556,0.6566
8555-284447-0014,3570,0,0.0957,0.7727
8555-284447-0014,3575,0,0.082,0.8423
8555-284447-0014,3729,0,0.0441,0.8158
8555-284447-0014,4446,0,0.05,0.7966
8555-284447-0014,4507,0,0.0629,0.88
8555-284447-0014,4970,0,0.2826,0.8977
8555-284447-0014,4992,0,0.1991,0.8546
8555-284447-0014,5142,0,0.243,0.8928
8555-284447-0014,5683,0,0.233,0.9136
8555-284447-0014,6829,0,0.1709,0.8171
8555-284447-0014,8463,0,0.0475,0.8257
8555-284447-0014,8555,1,0.8326,0.9888
8555-284447-0017,121,0,-0.0859,0.6902
8555-284447-0017,1221,0,0.0635,0.8478
8555-284447-0017,1284,0,-0.0025,0.7158
8555-284447-0017,1580,0,0.0267,0.7749
8555-284447-0017,1995,0,-0.0668,0.7696
8555-284447-0017,2094,0,0.0097,0.7337
8555-284447-0017,237,0,0.0671,0.8469
8555-284447-0017,2961,0,-0.0507,0.5683
8555-284447-0017,3570,0,0.0416,0.6844
8555-284447-0017,3575,0,0.0931,0.7917
8555-284447-0017,3729,0,-0.0237,0.7674
8555-284447-0017,4446,0,-0.028,0.7641
8555-284447-0017,4507,0,0.0168,0.835
8555-284447-0017,4970,0,0.1935,0.9064
8555-284447-0017,4992,0,0.1322,0.8251
8555-284447-0017,5142,0,0.2964,0.9217
8555-284447-0017,5683,0,0.1917,0.8868
8555-284447-0017,6829,0,0.2384,0.7933
8555-284447-0017,8463,0,0.0341,0.8114
8555-284447-0017,8555,1,0.9239,0.9948
8555-284447-0024,121,0,-0.0654,0.6562
8555-284447-0024,1221,0,0.0159,0.8248
8555-284447-0024,1284,0,0.0674,0.6482
8555-284447-0024,1580,0,0.0459,0.6765
8555-284447-0024,1995,0,0.0111,0.7535
8555-284447-0024,2094,0,0.0051,0.6969
8555-284447-0024,237,0,0.1378,0.8235
8555-284447-0024,2961,0,-0.0411,0.5492
8555-284447-0024,3570,0,0.0613,0.6367
8555-284447-0024,3575,0,0.04,0.6827
8555-284447-0024,3729,0,0.0438,0.7531
8555-284447-0024,4446,0,-0.0086,0.7346
8555-284447-0024,4507,0,0.1769,0.7958
8555-284447-0024,4970,0,0.1219,0.8432
8555-284447-0024,4992,0,0.1487,0.8215
8555-284447-0024,5142,0,0.2309,0.9354
8555-284447-0024,5683,0,0.186,0.8019
8555-284447-0024,6829,0,0.2313,0.7748
8555-284447-0024,8463,0,0.1217,0.8165
8555-284447-0024,8555,1,0.6662,0.9598
8555-284449-0004,121,0,-0.0979,0.6552
8555-284449-0004,1221,0,0.0877,0.8281
8555-284449-0004,1284,0,0.0499,0.684
8555-284449-0004,1580,0,0.0645,0.7171
8555-284449-0004,1995,0,-0.0722,0.7342
8555-284449-0004,2094,0,0.0231,0.706
8555-284449-0004,237,0,-0.0205,0.8113
8555-284449-0004,2961,0,0.0281,0.5728
8555-284449-0004,3570,0,0.0911,0.6616
8555-284449-0004,3575,0,0.0455,0.7767
8555-284449-0004,3729,0,-0.0962,0.7426
8555-284449-0004,4446,0,-0.0139,0.7339
8555-284449-0004,4507,0,0.0982,0.8086
8555-284449-0004,4970,0,0.151,0.9275
8555-284449-0004,4992,0,0.1715,0.7962
8555-284449-0004,5142,0,0.2129,0.9235
8555-284449-0004,5683,0,0.0933,0.8493
8555-284449-0004,6829,0,0.0821,0.7983
8555-284449-0004,8463,0,0.1441,0.8051
8555-284449-0004,8555,1,0.7138,0.9728
8555-284449-0019,121,0,-0.061,0.7061
8555-284449-0019,1221,0,0.1466,0.8657
8555-284449-0019,1284,0,0.0362,0.7384
8555-284449-0019,1580,0,-0.0137,0.8068
8555-284449-0019,1995,0,-0.1431,0.7758
8555-284449-0019,2094,0,-0.0973,0.7647
8555-284449-0019,237,0,0.0443,0.8693
8555-284449-0019,2961,0,-0.1313,0.5705
8555-284449-0019,3570,0,0.0468,0.6971
8555-284449-0019,3575,0,0.0322,0.8139
8555-284449-0019,3729,0,-0.073,0.7817
8555-284449-0019,4446,0,0.0218,0.7873
8555-284449-0019,4507,0,0.0274,0.8477
8555-284449-0019,4970,0,0.1563,0.9012
8555-284449-0019,4992,0,0.1719,0.8378
8555-284449-0019,5142,0,0.2265,0.9113
8555-284449-0019,5683,0,0.1818,0.9048
8555-284449-0019,6829,0,0.1656,0.8051
8555-284449-0019,8463,0,0.0819,0.8107
8555-284449-0019,8555,1,0.8314,0.9929
8555-284449-0020,121,0,-0.0844,0.6787
8555-284449-0020,1221,0,0.1446,0.8367
8555-284449-0020,1284,0,-0.0269,0.7031
8555-284449-0020,1580,0,-0.0411,0.7529
8555-284449-0020,1995,0,-0.0776,0.7828
8555-284449-0020,2094,0,-0.0603,0.7358
8555-284449-0020,237,0,0.0193,0.8387
8555-284449-0020,2961,0,-0.0536,0.547
8555-284449-0020,3570,0,-0.0169,0.6561
8555-284449-0020,3575,0,0.0449,0.777
8555-284449-0020,3729,0,0.03,0.7561
8555-284449-0020,4446,0,-0.0709,0.7538
8555-284449-0020,4507,0,0.0553,0.8086
8555-284449-0020,4970,0,0.1552,0.8871
8555-284449-0020,4992,0,0.2181,0.83
8555-284449-0020,5142,0,0.2375,0.9205
8555-284449-0020,5683,0,0.1657,0.8698
8555-284449-0020,6829,0,0.1934,0.778
8555-284449-0020,8463,0,0.0774,0.8204
8555-284449-0020,8555,1,0.8162,0.9905
8555-292519-0005,121,0,0.0096,0.7432
8555-292519-0005,1221,0,0.1805,0.8899
8555-292519-0005,1284,0,0.0855,0.753
8555-292519-0005,1580,0,0.0833,0.8125
8555-292519-0005,1995,0,0.0028,0.8051
8555-292519-0005,2094,0,0.0523,0.7854
8555-292519-0005,237,0,0.1083,0.912
8555-292519-0005,2961,0,-0.1123,0.6247
8555-292519-0005,3570,0,0.1185,0.7425
8555-292519-0005,3575,0,0.0468,0.8077
8555-292519-0005,3729,0,-0.0233,0.8132
8555-292519-0005,4446,0,0.119,0.8134
8555-292519-0005,4507,0,0.0384,0.8633
8555-292519-0005,4970,0,0.2677,0.8956
8555-292519-0005,4992,0,0.1119,0.869
8555-292519-0005,5142,0,0.0844,0.9202
8555-292519-0005,5683,0,0.3119,0.8969
8555-292519-0005,6829,0,0.1937,0.8376
8555-292519-0005,8463,0,0.1029,0.8446
8555-292519-0005,8555,1,0.677,0.9769
8555-292519-0007,121,0,0.0169,0.7374
8555-292519-0007,1221,0,0.2194,0.8795
8555-292519-0007,1284,0,0.0966,0.7754
8555-292519-0007,1580,0,0.2327,0.8379
8555-292519-0007,1995,0,0.0433,0.8106
8555-292519-0007,2094,0,0.0437,0.7769
8555-292519-0007,237,0,0.154,0.9114
8555-292519-0007,2961,0,-0.0361,0.6064
8555-292519-0007,3570,0,0.1817,0.7285
8555-292519-0007,3575,0,0.1495,0.7917
8555-292519-0007,3729,0,0.0046,0.8035
8555-292519-0007,4446,0,0.1348,0.8174
8555-292519-0007,4507,0,0.1158,0.8497
8555-292519-0007,4970,0,0.1471,0.8717
8555-292519-0007,4992,0,0.1926,0.8599
8555-292519-0007,5142,0,0.0455,0.9038
8555-292519-0007,5683,0,0.3715,0.9072
8555-292519-0007,6829,0,0.1522,0.7982
8555-292519-0007,8463,0,0.0923,0.8274
8555-292519-0007,8555,1,0.6596,0.9758
8555-292519-0013,121,0,0.0563,0.8278
8555-292519-0013,1221,0,0.1618,0.8984
8555-292519-0013,1284,0,0.0209,0.7534
8555-292519-0013,1580,0,0.1275,0.8499
8555-292519-0013,1995,0,0.0356,0.8475
8555-292519-0013,2094,0,0.0653,0.8193
8555-292519-0013,237,0,0.1662,0.9076
8555-292519-0013,2961,0,-0.0217,0.7015
8555-292519-0013,3570,0,0.1577,0.8016
8555-292519-0013,3575,0,0.1002,0.8043
8555-292519-0013,3729,0,0.0351,0.8667
8555-292519-0013,4446,0,0.1723,0.8314
8555-292519-0013,4507,0,0.1703,0.8988
8555-292519-0013,4970,0,0.1669,0.8257
8555-292519-0013,4992,0,0.1555,0.9049
8555-292519-0013,5142,0,0.1234,0.8818
8555-292519-0013,5683,0,0.3035,0.8956
8555-292519-0013,6829,0,0.1435,0.8284
8555-292519-0013,8463,0,0.1357,0.8701
8555-292519-0013,8555,1,0.5511,0.9588
908-157963-0009,1089,0,-0.0237,0.8879
908-157963-0009,1188,0,0.0936,0.8645
908-157963-0009,1320,0,0.0966,0.8192
908-157963-0009,2300,0,-0.0179,0.6651
908-157963-0009,260,0,-0.0147,0.9138
908-157963-0009,2830,0,0.0217,0.7769
908-157963-0009,4077,0,0.1281,0.874
908-157963-0009,5105,0,0.2413,0.863
908-157963-0009,5639,0,-0.0441,0.8703
908-157963-0009,61,0,0.1123,0.9223
908-157963-0009,672,0,0.085,0.9269
908-157963-0009,6930,0,0.1734,0.8113
908-157963-0009,7021,0,0.192,0.8413
908-157963-0009,7127,0,-0.0388,0.754
908-157963-0009,7176,0,0.3059,0.9244
908-157963-0009,7729,0,0.1614,0.9062
908-157963-0009,8224,0,0.0587,0.7632
908-157963-0009,8230,0,-0.0092,0.8674
908-157963-0009,8455,0,-0.0289,0.8048
908-157963-0009,908,1,0.7353,0.9509
908-157963-0010,1089,0,0.0156,0.8359
908-157963-0010,1188,0,0.0769,0.8212
908-157963-0010,1320,0,-0.027,0.8031
908-157963-0010,2300,0,-0.1897,0.6581
908-157963-0010,260,0,-0.004,0.9199
908-157963-0010,2830,0,0.0445,0.7443
908-157963-0010,4077,0,0.0342,0.8394
908-157963-0010,5105,0,0.1227,0.8412
908-157963-0010,5639,0,-0.0355,0.7934
908-157963-0010,61,0,0.0224,0.9383
908-157963-0010,672,0,-0.005,0.8865
908-157963-0010,6930,0,0.0951,0.8204
908-157963-0010,7021,0,0.0993,0.831
908-157963-0010,7127,0,-0.0828,0.7031
908-157963-0010,7176,0,0.3254,0.9435
908-157963-0010,7729,0,0.1423,0.852
908-157963-0010,8224,0,-0.037,0.7136
908-157963-0010,8230,0,0.0036,0.8369
908-157963-0010,8455,0,-0.1034,0.7936
908-157963-0010,908,1,0.8042,0.9551
908-157963-0011,1089,0,0.0362,0.8941
908-157963-0011,1188,0,0.1028,0.8513
908-157963-0011,1320,0,0.1287,0.8676
908-157963-0011,2300,0,-0.0468,0.7682
908-157963-0011,260,0,0.0074,0.9176
908-157963-0011,2830,0,0.0174,0.7651
908-157963-0011,4077,0,0.0911,0.8635
908-157963-0011,5105,0,0.179,0.8874
908-157963-0011,5639,0,-0.0288,0.7791
908-157963-0011,61,0,0.2167,0.9432
908-157963-0011,672,0,0.011,0.9158
908-157963-0011,6930,0,0.2325,0.8432
908-157963-0011,7021,0,0.1697,0.897
908-157963-0011,7127,0,0.0067,0.7685
908-157963-0011,7176,0,0.3511,0.9223
908-157963-0011,7729,0,0.2244,0.889
908-157963-0011,8224,0,0.0194,0.723
908-157963-0011,8230,0,0.0129,0.8541
908-157963-0011,8455,0,-0.0079,0.8527
908-157963-0011,908,1,0.8285,0.9683
908-157963-0015,1089,0,-0.0453,0.8333
908-157963-0015,1188,0,-0.0025,0.8039
908-157963-0015,1320,0,0.039,0.8004
908-157963-0015,2300,0,-0.1377,0.6675
908-157963-0015,260,0,0.0205,0.9094
908-157963-0015,2830,0,-0.0387,0.7386
908-157963-0015,4077,0,0.0856,0.8311
908-157963-0015,5105,0,0.2118,0.846
908-157963-0015,5639,0,-0.015,0.8178
908-157963-0015,61,0,0.0856,0.9374
908-157963-0015,672,0,-0.0067,0.8962
908-157963-0015,6930,0,0.1946,0.826
908-157963-0015,7021,0,0.1492,0.8367
908-157963-0015,7127,0,-0.0764,0.6958
908-157963-0015,7176,0,0.3723,0.9269
908-157963-0015,7729,0,0.165,0.8554
908-157963-0015,8224,0,-0.0117,0.7508
908-157963-0015,8230,0,-0.0308,0.8233
908-157963-0015,8455,0,-0.1317,0.7782
908-157963-0015,908,1,0.8497,0.9689
908-157963-0016,1089,0,0.0051,0.8753
908-157963-0016,1188,0,0.0486,0.8231
908-157963-0016,1320,0,0.0417,0.8088
908-157963-0016,2300,0,-0.1117,0.6841
908-157963-0016,260,0,-0.0748,0.891
908-157963-0016,2830,0,0.0137,0.7178
908-157963-0016,4077,0,0.0444,0.825
908-157963-0016,5105,0,0.2068,0.8358
908-157963-0016,5639,0,-0.0257,0.8184
908-157963-0016,61,0,0.1094,0.9036
908-157963-0016,672,0,-0.0188,0.9123
908-157963-0016,6930,0,0.1115,0.7945
908-157963-0016,7021,0,0.0787,0.848
908-157963-0016,7127,0,-0.0064,0.6989
908-157963-0016,7176,0,0.3056,0.8779
908-157963-0016,7729,0,0.1619,0.8815
908-157963-0016,8224,0,-0.0368,0.7271
908-157963-0016,8230,0,0.014,0.8356
908-157963-0016,8455,0,-0.0625,0.7966
908-157963-0016,908,1,0.821,0.9768
908-157963-0023,1089,0,0.0175,0.8831
908-157963-0023,1188,0,0.0358,0.8429
908-157963-0023,1320,0,0.0772,0.808
908-157963-0023,2300,0,-0.1199,0.6482
908-157963-0023,260,0,-0.0366,0.9164
908-157963-0023,2830,0,0.0471,0.7691
908-157963-0023,4077,0,0.1584,0.838
908-157963-0023,5105,0,0.2107,0.8385
908-157963-0023,5639,0,0.0053,0.8559
908-157963-0023,61,0,0.1534,0.9313
908-157963-0023,672,0,-0.0246,0.9188
908-157963-0023,6930,0,0.1532,0.8213
908-157963-0023,7021,0,0.1475,0.824
908-157963-0023,7127,0,0.0058,0.7164
908-157963-0023,7176,0,0.3043,0.911
908-157963-0023,7729,0,0.1767,0.8836
908-157963-0023,8224,0,0.0321,0.7526
908-157963-0023,8230,0,0.0263,0.8683
908-157963-0023,8455,0,-0.1466,0.7838
908-157963-0023,908,1,0.8378,0.974
908-157963-0025,1089,0,0.0256,0.8814
908-157963-0025,1188,0,0.0352,0.8377
908-157963-0025,1320,0,0.0373,0.8185
908-157963-0025,2300,0,-0.1338,0.675
908-157963-0025,260,0,0.0698,0.9106
908-157963-0025,2830,0,0.0539,0.7447
908-157963-0025,4077,0,0.1328,0.855
908-157963-0025,5105,0,0.205,0.8513
908-157963-0025,5639,0,0.0277,0.8539
908-157963-0025,61,0,0.1043,0.9052
908-157963-0025,672,0,0.0287,0.9189
908-157963-0025,6930,0,0.2042,0.8116
908-157963-0025,7021,0,0.2152,0.8513
908-157963-0025,7127,0,-0.0391,0.7334
908-157963-0025,7176,0,0.4224,0.8921
908-157963-0025,7729,0,0.1887,0.893
908-157963-0025,8224,0,-0.0076,0.7354
908-157963-0025,8230,0,0.0095,0.8384
908-157963-0025,8455,0,-0.0981,0.7984
908-157963-0025,908,1,0.8527,0.9802
908-31957-0005,1089,0,0.0277,0.9119
908-31957-0005,1188,0,0.0014,0.8927
908-31957-0005,1320,0,0.2106,0.9165
908-31957-0005,2300,0,-0.1307,0.7738
908-31957-0005,260,0,0.034,0.9108
908-31957-0005,2830,0,0.1361,0.8179
908-31957-0005,4077,0,0.0401,0.8401
908-31957-0005,5105,0,0.2911,0.9227
908-31957-0005,5639,0,-0.0397,0.7522
908-31957-0005,61,0,0.1072,0.8831
908-31957-0005,672,0,-0.0485,0.9056
908-31957-0005,6930,0,0.1379,0.8084
908-31957-0005,7021,0,0.1973,0.9344
908-31957-0005,7127,0,0.0763,0.8369
908-31957-0005,7176,0,0.2311,0.8801
908-31957-0005,7729,0,0.0455,0.8864
908-31957-0005,8224,0,-0.0151,0.6591
908-31957-0005,8230,0,-0.0152,0.8478
908-31957-0005,8455,0,0.0262,0.843
908-31957-0005,908,1,0.7663,0.9557
908-31957-0022,1089,0,0.0458,0.8926
908-31957-0022,1188,0,-0.0467,0.8191
908-31957-0022,1320,0,0.1657,0.8643
908-31957-0022,2300,0,-0.0824,0.7338
908-31957-0022,260,0,-0.0159,0.8886
908-31957-0022,2830,0,-0.0049,0.7335
908-31957-0022,4077,0,0.0513,0.838
908-31957-0022,5105,0,0.2042,0.8842
908-31957-0022,5639,0,-0.0754,0.813
908-31957-0022,61,0,0.0513,0.8694
908-31957-0022,672,0,0.0533,0.9319
908-31957-0022,6930,0,0.1572,0.805
908-31957-0022,7021,0,0.2268,0.9015
908-31957-0022,7127,0,-0.0247,0.7569
908-31957-0022,7176,0,0.1731,0.8543
908-31957-0022,7729,0,0.1093,0.8554
908-31957-0022,8224,0,0.0183,0.7302
908-31957-0022,8230,0,-0.0426,0.8008
908-31957-0022,8455,0,-0.0657,0.8091
908-31957-0022,908,1,0.8776,0.9875
908-31957-0024,1089,0,0.0161,0.898
908-31957-0024,1188,0,0.0659,0.863
908-31957-0024,1320,0,0.2174,0.8697
908-31957-0024,2300,0,-0.1537,0.702
908-31957-0024,260,0,0.0969,0.9113
908-31957-0024,2830,0,0.0699,0.7697
908-31957-0024,4077,0,0.008,0.8191
908-31957-0024,5105,0,0.2979,0.8772
908-31957-0024,5639,0,-0.1002,0.8034
908-31957-0024,61,0,-0.0341,0.8737
908-31957-0024,672,0,0.049,0.9308
908-31957-0024,6930,0,0.153,0.8159
908-31957-0024,7021,0,0.2317,0.8836
908-31957-0024,7127,0,0.0146,0.7546
908-31957-0024,7176,0,0.2026,0.8722
908-31957-0024,7729,0,0.1395,0.8445
908-31957-0024,8224,0,0.0188,0.735
908-31957-0024,8230,0,-0.063,0.8329
908-31957-0024,8455,0,-0.0322,0.8253
908-31957-0024,908,1,0.8638,0.9785
