trial,model_spk,target,ecapa,wavlm
1089-134686-0006,1089,1,0.2524,0.8216
1089-134686-0006,1188,0,0.1717,0.8552
1089-134686-0006,1320,0,0.1284,0.7334
1089-134686-0006,2300,0,0.1866,0.5166
1089-134686-0006,260,0,0.0646,0.8727
1089-134686-0006,2830,0,0.1836,0.7999
1089-134686-0006,4077,0,0.0494,0.779
1089-134686-0006,5105,0,0.0354,0.7746
1089-134686-0006,5639,0,0.1994,0.9301
1089-134686-0006,61,0,0.0468,0.8359
1089-134686-0006,672,0,0.1225,0.8865
1089-134686-0006,6930,0,-0.0822,0.7805
1089-134686-0006,7021,0,0.0369,0.701
1089-134686-0006,7127,0,0.2127,0.6779
1089-134686-0006,7176,0,-0.1261,0.8301
1089-134686-0006,7729,0,0.1989,0.8289
1089-134686-0006,8224,0,0.0873,0.8402
1089-134686-0006,8230,0,0.1099,0.85
1089-134686-0006,8455,0,0.0617,0.7231
1089-134686-0006,908,0,-0.0931,0.8484
1089-134686-0007,1089,1,0.075,0.7482
1089-134686-0007,1188,0,0.0852,0.7722
1089-134686-0007,1320,0,0.1502,0.6522
1089-134686-0007,2300,0,0.3237,0.3955
1089-134686-0007,260,0,0.0404,0.799
1089-134686-0007,2830,0,0.1332,0.7225
1089-134686-0007,4077,0,-0.0034,0.7093
1089-134686-0007,5105,0,-0.0108,0.6863
1089-134686-0007,5639,0,0.2147,0.8745
1089-134686-0007,61,0,0.0462,0.7548
1089-134686-0007,672,0,0.2966,0.8444
1089-134686-0007,6930,0,0.0703,0.7395
1089-134686-0007,7021,0,0.0222,0.585
1089-134686-0007,7127,0,0.137,0.5903
1089-134686-0007,7176,0,-0.1218,0.7724
1089-134686-0007,7729,0,0.0927,0.6887
1089-134686-0007,8224,0,0.168,0.8725
1089-134686-0007,8230,0,-0.0297,0.785
1089-134686-0007,8455,0,0.0968,0.6703
1089-134686-0007,908,0,-0.0548,0.7535
1089-134686-0010,1089,1,0.1752,0.8477
1089-134686-0010,1188,0,0.1871,0.8894
1089-134686-0010,1320,0,0.2326,0.7322
1089-134686-0010,2300,0,0.147,0.4724
1089-134686-0010,260,0,0.1689,0.8882
1089-134686-0010,2830,0,0.2259,0.8583
1089-134686-0010,4077,0,0.0669,0.7933
1089-134686-0010,5105,0,0.1434,0.7691
1089-134686-0010,5639,0,0.1347,0.9223
1089-134686-0010,61,0,0.0406,0.8611
1089-134686-0010,672,0,0.1331,0.8709
1089-134686-0010,6930,0,-0.0757,0.7506
1089-134686-0010,7021,0,0.0516,0.6826
1089-134686-0010,7127,0,0.1916,0.724
1089-134686-0010,7176,0,0.0153,0.8759
1089-134686-0010,7729,0,0.2405,0.8437
1089-134686-0010,8224,0,0.0258,0.745
1089-134686-0010,8230,0,0.1133,0.9062
1089-134686-0010,8455,0,0.0999,0.6972
1089-134686-0010,908,0,-0.0848,0.8337
1089-134686-0012,1089,1,0.2403,0.8359
1089-134686-0012,1188,0,0.1975,0.8737
1089-134686-0012,1320,0,0.1387,0.7338
1089-134686-0012,2300,0,0.1631,0.4621
1089-134686-0012,260,0,0.1238,0.8799
1089-134686-0012,2830,0,0.2271,0.8446
1089-134686-0012,4077,0,0.0704,0.7647
1089-134686-0012,5105,0,0.0279,0.7798
1089-134686-0012,5639,0,0.3269,0.9386
1089-134686-0012,61,0,0.0471,0.8353
1089-134686-0012,672,0,0.3134,0.8899
1089-134686-0012,6930,0,-0.121,0.7673
1089-134686-0012,7021,0,0.0925,0.6929
1089-134686-0012,7127,0,0.165,0.6973
1089-134686-0012,7176,0,-0.1022,0.8326
1089-134686-0012,7729,0,0.2214,0.8179
1089-134686-0012,8224,0,0.1187,0.7922
1089-134686-0012,8230,0,0.1604,0.8795
1089-134686-0012,8455,0,0.1434,0.6942
1089-134686-0012,908,0,-0.1299,0.8422
1089-134686-0021,1089,1,0.1921,0.8591
1089-134686-0021,1188,0,0.1689,0.8578
1089-134686-0021,1320,0,0.2018,0.7521
1089-134686-0021,2300,0,0.1275,0.4849
1089-134686-0021,260,0,0.1846,0.8688
1089-134686-0021,2830,0,0.1896,0.7992
1089-134686-0021,4077,0,0.0685,0.7798
1089-134686-0021,5105,0,0.0787,0.7946
1089-134686-0021,5639,0,0.2698,0.9341
1089-134686-0021,61,0,0.0903,0.8185
1089-134686-0021,672,0,0.314,0.9173
1089-134686-0021,6930,0,-0.002,0.747
1089-134686-0021,7021,0,0.0876,0.7134
1089-134686-0021,7127,0,0.2565,0.7023
1089-134686-0021,7176,0,-0.0542,0.8207
1089-134686-0021,7729,0,0.2464,0.8
1089-134686-0021,8224,0,0.0665,0.8256
1089-134686-0021,8230,0,0.0502,0.8602
1089-134686-0021,8455,0,0.0834,0.704
1089-134686-0021,908,0,-0.0388,0.8569
1089-134686-0026,1089,1,0.2979,0.9151
1089-134686-0026,1188,0,0.1995,0.9015
1089-134686-0026,1320,0,0.1664,0.8164
1089-134686-0026,2300,0,0.1082,0.5878
1089-134686-0026,260,0,0.0819,0.8937
1089-134686-0026,2830,0,0.1998,0.8367
1089-134686-0026,4077,0,0.1743,0.8646
1089-134686-0026,5105,0,0.0334,0.8312
1089-134686-0026,5639,0,0.2453,0.9104
1089-134686-0026,61,0,0.0337,0.8306
1089-134686-0026,672,0,0.2904,0.9209
1089-134686-0026,6930,0,-0.0526,0.7738
1089-134686-0026,7021,0,-0.0297,0.7539
1089-134686-0026,7127,0,0.2914,0.815
1089-134686-0026,7176,0,-0.054,0.8365
1089-134686-0026,7729,0,0.137,0.8431
1089-134686-0026,8224,0,0.1521,0.7833
1089-134686-0026,8230,0,0.1395,0.8877
1089-134686-0026,8455,0,0.1889,0.792
1089-134686-0026,908,0,-0.0824,0.8423
1089-134686-0031,1089,1,0.2778,0.8838
1089-134686-0031,1188,0,0.1944,0.89
1089-134686-0031,1320,0,0.1969,0.7877
1089-134686-0031,2300,0,0.1481,0.5347
1089-134686-0031,260,0,0.1016,0.9051
1089-134686-0031,2830,0,0.2726,0.8422
1089-134686-0031,4077,0,0.1366,0.8319
1089-134686-0031,5105,0,0.1427,0.7985
1089-134686-0031,5639,0,0.2404,0.9207
1089-134686-0031,61,0,0.0124,0.8378
1089-134686-0031,672,0,0.287,0.9199
1089-134686-0031,6930,0,0.0091,0.7898
1089-134686-0031,7021,0,0.108,0.7252
1089-134686-0031,7127,0,0.2846,0.7604
1089-134686-0031,7176,0,-0.0422,0.8534
1089-134686-0031,7729,0,0.2028,0.8257
1089-134686-0031,8224,0,0.0693,0.7788
1089-134686-0031,8230,0,0.1073,0.8818
1089-134686-0031,8455,0,0.1453,0.7673
1089-134686-0031,908,0,-0.0336,0.8588
1089-134691-0002,1089,1,0.2588,0.7639
1089-134691-0002,1188,0,0.1494,0.7933
1089-134691-0002,1320,0,0.1244,0.6376
1089-134691-0002,2300,0,0.1883,0.3611
1089-134691-0002,260,0,0.0591,0.8182
1089-134691-0002,2830,0,0.2367,0.7595
1089-134691-0002,4077,0,0.0196,0.6935
1089-134691-0002,5105,0,-0.0108,0.6938
1089-134691-0002,5639,0,0.2484,0.9168
1089-134691-0002,61,0,-0.0141,0.7652
1089-134691-0002,672,0,0.2018,0.8374
1089-134691-0002,6930,0,-0.0904,0.69
1089-134691-0002,7021,0,0.0454,0.6071
1089-134691-0002,7127,0,0.266,0.5921
1089-134691-0002,7176,0,-0.0384,0.757
1089-134691-0002,7729,0,0.1549,0.7393
1089-134691-0002,8224,0,0.0904,0.7699
1089-134691-0002,8230,0,0.1479,0.807
1089-134691-0002,8455,0,0.128,0.6027
1089-134691-0002,908,0,-0.0873,0.7929
1089-134691-0008,1089,1,0.2746,0.8902
1089-134691-0008,1188,0,0.2011,0.8812
1089-134691-0008,1320,0,0.1876,0.7931
1089-134691-0008,2300,0,0.2866,0.5697
1089-134691-0008,260,0,0.0938,0.8972
1089-134691-0008,2830,0,0.1738,0.8205
1089-134691-0008,4077,0,0.1428,0.8544
1089-134691-0008,5105,0,0.007,0.8272
1089-134691-0008,5639,0,0.2663,0.9464
1089-134691-0008,61,0,0.0839,0.8632
1089-134691-0008,672,0,0.2962,0.9339
1089-134691-0008,6930,0,-0.0349,0.8078
1089-134691-0008,7021,0,0.0967,0.751
1089-134691-0008,7127,0,0.2904,0.7604
1089-134691-0008,7176,0,-0.141,0.8631
1089-134691-0008,7729,0,0.198,0.86
1089-134691-0008,8224,0,0.1125,0.8388
1089-134691-0008,8230,0,0.1228,0.8857
1089-134691-0008,8455,0,0.2301,0.781
1089-134691-0008,908,0,-0.1036,0.8768
1089-134691-0022,1089,1,0.202,0.8076
1089-134691-0022,1188,0,0.2097,0.8273
1089-134691-0022,1320,0,0.156,0.7135
1089-134691-0022,2300,0,0.183,0.4373
1089-134691-0022,260,0,0.1731,0.8403
1089-134691-0022,2830,0,0.2544,0.8054
1089-134691-0022,4077,0,0.0606,0.7594
1089-134691-0022,5105,0,0.0629,0.7659
1089-134691-0022,5639,0,0.2509,0.9509
1089-134691-0022,61,0,0.0096,0.7751
1089-134691-0022,672,0,0.2463,0.8719
1089-134691-0022,6930,0,-0.0303,0.7413
1089-134691-0022,7021,0,0.0942,0.6693
1089-134691-0022,7127,0,0.2571,0.6909
1089-134691-0022,7176,0,-0.0846,0.7686
1089-134691-0022,7729,0,0.1519,0.7866
1089-134691-0022,8224,0,0.0362,0.7915
1089-134691-0022,8230,0,0.0988,0.8206
1089-134691-0022,8455,0,0.1693,0.6605
1089-134691-0022,908,0,-0.1054,0.8119
1188-133604-0003,1089,0,0.1674,0.8849
1188-133604-0003,1188,1,0.1946,0.9139
1188-133604-0003,1320,0,0.1204,0.8062
1188-133604-0003,2300,0,0.1573,0.5754
1188-133604-0003,260,0,0.1172,0.9294
1188-133604-0003,2830,0,0.241,0.867
1188-133604-0003,4077,0,0.0296,0.8442
1188-133604-0003,5105,0,-0.0039,0.8316
1188-133604-0003,5639,0,0.1533,0.9143
1188-133604-0003,61,0,0.0476,0.8743
1188-133604-0003,672,0,0.1476,0.9167
1188-133604-0003,6930,0,-0.0197,0.8188
1188-133604-0003,7021,0,0.0784,0.7606
1188-133604-0003,7127,0,0.1738,0.7749
1188-133604-0003,7176,0,-0.1175,0.8746
1188-133604-0003,7729,0,0.1742,0.8709
1188-133604-0003,8224,0,0.1325,0.7656
1188-133604-0003,8230,0,0.1842,0.8995
1188-133604-0003,8455,0,0.151,0.7892
1188-133604-0003,908,0,-0.0883,0.8751
1188-133604-0004,1089,0,0.2045,0.842
1188-133604-0004,1188,1,0.1651,0.8705
1188-133604-0004,1320,0,0.1093,0.7586
1188-133604-0004,2300,0,0.1571,0.5678
1188-133604-0004,260,0,0.0908,0.9091
1188-133604-0004,2830,0,0.1877,0.8151
1188-133604-0004,4077,0,0.0845,0.8359
1188-133604-0004,5105,0,-0.0211,0.776
1188-133604-0004,5639,0,0.1229,0.8819
1188-133604-0004,61,0,0.0531,0.8699
1188-133604-0004,672,0,0.1767,0.8764
1188-133604-0004,6930,0,-0.0082,0.8258
1188-133604-0004,7021,0,0.0091,0.709
1188-133604-0004,7127,0,0.2207,0.7213
1188-133604-0004,7176,0,-0.1141,0.8687
1188-133604-0004,7729,0,0.0772,0.8439
1188-133604-0004,8224,0,0.1231,0.7646
1188-133604-0004,8230,0,0.1495,0.8737
1188-133604-0004,8455,0,0.1772,0.7931
1188-133604-0004,908,0,-0.0961,0.8401
1188-133604-0007,1089,0,0.2336,0.8936
1188-133604-0007,1188,1,0.2099,0.8952
1188-133604-0007,1320,0,0.1634,0.8124
1188-133604-0007,2300,0,0.1336,0.6156
1188-133604-0007,260,0,0.1559,0.938
1188-133604-0007,2830,0,0.2272,0.8473
1188-133604-0007,4077,0,0.0331,0.8766
1188-133604-0007,5105,0,0.0589,0.8348
1188-133604-0007,5639,0,0.1722,0.9085
1188-133604-0007,61,0,0.0482,0.9069
1188-133604-0007,672,0,0.1787,0.9216
1188-133604-0007,6930,0,0.0361,0.8296
1188-133604-0007,7021,0,0.0612,0.7794
1188-133604-0007,7127,0,0.2027,0.7824
1188-133604-0007,7176,0,-0.0918,0.9042
1188-133604-0007,7729,0,0.2179,0.8994
1188-133604-0007,8224,0,0.077,0.7413
1188-133604-0007,8230,0,0.1273,0.901
1188-133604-0007,8455,0,0.1046,0.8045
1188-133604-0007,908,0,-0.0527,0.9046
1188-133604-0012,1089,0,0.2139,0.8707
1188-133604-0012,1188,1,0.1738,0.8941
1188-133604-0012,1320,0,0.2302,0.8092
1188-133604-0012,2300,0,0.1383,0.5939
1188-133604-0012,260,0,0.1207,0.9175
1188-133604-0012,2830,0,0.1996,0.8221
1188-133604-0012,4077,0,0.1125,0.8561
1188-133604-0012,5105,0,0.1284,0.828
1188-133604-0012,5639,0,0.119,0.9127
1188-133604-0012,61,0,0.0257,0.8634
1188-133604-0012,672,0,0.2063,0.9226
1188-133604-0012,6930,0,-0.0363,0.8201
1188-133604-0012,7021,0,0.0435,0.7511
1188-133604-0012,7127,0,0.2451,0.7637
1188-133604-0012,7176,0,-0.0276,0.8682
1188-133604-0012,7729,0,0.1847,0.8562
1188-133604-0012,8224,0,0.0947,0.8171
1188-133604-0012,8230,0,0.0652,0.8689
1188-133604-0012,8455,0,0.1635,0.8124
1188-133604-0012,908,0,0.0173,0.8718
1188-133604-0014,1089,0,0.1472,0.8428
1188-133604-0014,1188,1,0.211,0.8669
1188-133604-0014,1320,0,0.1617,0.7686
1188-133604-0014,2300,0,0.1036,0.525
1188-133604-0014,260,0,0.1534,0.8753
1188-133604-0014,2830,0,0.1463,0.8027
1188-133604-0014,4077,0,0.1256,0.7671
1188-133604-0014,5105,0,0.1114,0.7827
1188-133604-0014,5639,0,0.127,0.8984
1188-133604-0014,61,0,0.0417,0.7823
1188-133604-0014,672,0,0.2045,0.8939
1188-133604-0014,6930,0,0.0029,0.7731
1188-133604-0014,7021,0,0.1601,0.7204
1188-133604-0014,7127,0,0.1382,0.7112
1188-133604-0014,7176,0,-0.0475,0.777
1188-133604-0014,7729,0,0.1319,0.7887
1188-133604-0014,8224,0,0.0076,0.7856
1188-133604-0014,8230,0,0.0157,0.8281
1188-133604-0014,8455,0,0.1496,0.7461
1188-133604-0014,908,0,-0.0186,0.8459
1188-133604-0018,1089,0,0.2076,0.8588
1188-133604-0018,1188,1,0.1988,0.8936
1188-133604-0018,1320,0,0.1667,0.762
1188-133604-0018,2300,0,0.12,0.5047
1188-133604-0018,260,0,0.0959,0.9148
1188-133604-0018,2830,0,0.1934,0.8618
1188-133604-0018,4077,0,0.0794,0.804
1188-133604-0018,5105,0,0.0284,0.7848
1188-133604-0018,5639,0,0.2549,0.9066
1188-133604-0018,61,0,0.0569,0.854
1188-133604-0018,672,0,0.1423,0.892
1188-133604-0018,6930,0,0.0084,0.7923
1188-133604-0018,7021,0,0.0941,0.7101
1188-133604-0018,7127,0,0.2118,0.733
1188-133604-0018,7176,0,-0.0985,0.8707
1188-133604-0018,7729,0,0.2136,0.8346
1188-133604-0018,8224,0,0.0151,0.7372
1188-133604-0018,8230,0,0.0846,0.8971
1188-133604-0018,8455,0,0.1532,0.7414
1188-133604-0018,908,0,-0.0629,0.852
1188-133604-0025,1089,0,0.2007,0.8688
1188-133604-0025,1188,1,0.1758,0.8936
1188-133604-0025,1320,0,0.183,0.7894
1188-133604-0025,2300,0,0.1123,0.5655
1188-133604-0025,260,0,0.2291,0.9241
1188-133604-0025,2830,0,0.1695,0.8362
1188-133604-0025,4077,0,0.0706,0.8475
1188-133604-0025,5105,0,0.0496,0.813
1188-133604-0025,5639,0,0.1859,0.9082
1188-133604-0025,61,0,0.05,0.8788
1188-133604-0025,672,0,0.2609,0.912
1188-133604-0025,6930,0,0.0114,0.8131
1188-133604-0025,7021,0,0.1101,0.7371
1188-133604-0025,7127,0,0.1505,0.7507
1188-133604-0025,7176,0,-0.0631,0.8928
1188-133604-0025,7729,0,0.152,0.8615
1188-133604-0025,8224,0,0.1707,0.7786
1188-133604-0025,8230,0,0.1179,0.8936
1188-133604-0025,8455,0,0.22,0.789
1188-133604-0025,908,0,-0.0642,0.8674
1188-133604-0032,1089,0,0.1904,0.8505
1188-133604-0032,1188,1,0.2003,0.8644
1188-133604-0032,1320,0,0.1125,0.7716
1188-133604-0032,2300,0,0.2112,0.5567
1188-133604-0032,260,0,0.049,0.894
1188-133604-0032,2830,0,0.1617,0.7958
1188-133604-0032,4077,0,0.1039,0.8066
1188-133604-0032,5105,0,-0.0374,0.787
1188-133604-0032,5639,0,0.2216,0.9009
1188-133604-0032,61,0,0.0136,0.8468
1188-133604-0032,672,0,0.2821,0.9149
1188-133604-0032,6930,0,-0.0257,0.8235
1188-133604-0032,7021,0,0.0683,0.7195
1188-133604-0032,7127,0,0.1536,0.6998
1188-133604-0032,7176,0,-0.0887,0.8448
1188-133604-0032,7729,0,0.1967,0.8154
1188-133604-0032,8224,0,0.1183,0.8371
1188-133604-0032,8230,0,0.1148,0.8629
1188-133604-0032,8455,0,0.2059,0.794
1188-133604-0032,908,0,-0.0653,0.8615
1188-133604-0033,1089,0,0.1958,0.9051
1188-133604-0033,1188,1,0.2414,0.9389
1188-133604-0033,1320,0,0.096,0.8674
1188-133604-0033,2300,0,0.0478,0.6626
1188-133604-0033,260,0,0.1504,0.9493
1188-133604-0033,2830,0,0.2832,0.8901
1188-133604-0033,4077,0,0.04,0.8696
1188-133604-0033,5105,0,0.1149,0.8897
1188-133604-0033,5639,0,0.1202,0.9072
1188-133604-0033,61,0,-0.0454,0.8842
1188-133604-0033,672,0,0.1914,0.9351
1188-133604-0033,6930,0,-0.1056,0.861
1188-133604-0033,7021,0,0.0239,0.8223
1188-133604-0033,7127,0,0.293,0.8315
1188-133604-0033,7176,0,-0.1664,0.8844
1188-133604-0033,7729,0,0.1272,0.8856
1188-133604-0033,8224,0,0.1612,0.8038
1188-133604-0033,8230,0,0.1555,0.8998
1188-133604-0033,8455,0,0.1541,0.8399
1188-133604-0033,908,0,-0.0703,0.8883
1188-133604-0043,1089,0,0.2299,0.8766
1188-133604-0043,1188,1,0.1501,0.8784
1188-133604-0043,1320,0,0.1509,0.7876
1188-133604-0043,2300,0,0.1707,0.5627
1188-133604-0043,260,0,0.0819,0.9163
1188-133604-0043,2830,0,0.1992,0.8567
1188-133604-0043,4077,0,0.1069,0.8664
1188-133604-0043,5105,0,0.0703,0.804
1188-133604-0043,5639,0,0.2298,0.897
1188-133604-0043,61,0,0.0395,0.8736
1188-133604-0043,672,0,0.2328,0.8969
1188-133604-0043,6930,0,-0.015,0.8181
1188-133604-0043,7021,0,0.0485,0.7293
1188-133604-0043,7127,0,0.2157,0.7842
1188-133604-0043,7176,0,-0.0201,0.88
1188-133604-0043,7729,0,0.0868,0.8596
1188-133604-0043,8224,0,0.0798,0.7079
1188-133604-0043,8230,0,0.1669,0.8914
1188-133604-0043,8455,0,0.1946,0.7858
1188-133604-0043,908,0,0.0205,0.849
121-121726-0002,121,1,0.0679,0.8258
121-121726-0002,1221,0,0.1126,0.601
121-121726-0002,1284,0,0.1672,0.7777
121-121726-0002,1580,0,0.047,0.7334
121-121726-0002,1995,0,0.1799,0.7578
121-121726-0002,2094,0,-0.0216,0.7093
121-121726-0002,237,0,0.045,0.6559
121-121726-0002,2961,0,0.2098,0.8562
121-121726-0002,3570,0,0.1337,0.7541
121-121726-0002,3575,0,0.0714,0.5953
121-121726-0002,3729,0,0.0616,0.7282
121-121726-0002,4446,0,-0.0773,0.6956
121-121726-0002,4507,0,0.0892,0.6662
121-121726-0002,4970,0,-0.0175,0.4522
121-121726-0002,4992,0,0.139,0.6458
121-121726-0002,5142,0,0.0359,0.4947
121-121726-0002,5683,0,0.0923,0.6344
121-121726-0002,6829,0,0.03,0.5878
121-121726-0002,8463,0,-0.016,0.6423
121-121726-0002,8555,0,0.0656,0.494
121-121726-0004,121,1,-0.019,0.8283
121-121726-0004,1221,0,0.1418,0.7346
121-121726-0004,1284,0,0.1699,0.8923
121-121726-0004,1580,0,0.1733,0.8584
121-121726-0004,1995,0,0.049,0.7743
121-121726-0004,2094,0,0.0856,0.824
121-121726-0004,237,0,-0.0634,0.7136
121-121726-0004,2961,0,0.189,0.7587
121-121726-0004,3570,0,0.2135,0.6876
121-121726-0004,3575,0,0.0778,0.6301
121-121726-0004,3729,0,0.1356,0.8137
121-121726-0004,4446,0,0.0307,0.8313
121-121726-0004,4507,0,0.1774,0.7407
121-121726-0004,4970,0,0.0108,0.5459
121-121726-0004,4992,0,0.2576,0.7694
121-121726-0004,5142,0,0.1064,0.627
121-121726-0004,5683,0,0.042,0.7527
121-121726-0004,6829,0,0.1092,0.7172
121-121726-0004,8463,0,0.017,0.7466
121-121726-0004,8555,0,0.1793,0.572
121-121726-0007,121,1,0.1353,0.7762
121-121726-0007,1221,0,0.1534,0.632
121-121726-0007,1284,0,0.0609,0.8354
121-121726-0007,1580,0,0.0579,0.7335
121-121726-0007,1995,0,0.0655,0.7898
121-121726-0007,2094,0,-0.046,0.7153
121-121726-0007,237,0,0.02,0.6506
121-121726-0007,2961,0,0.1073,0.7766
121-121726-0007,3570,0,0.0919,0.6765
121-121726-0007,3575,0,0.0623,0.5384
121-121726-0007,3729,0,0.1153,0.6994
121-121726-0007,4446,0,0.0626,0.7364
121-121726-0007,4507,0,0.0488,0.6157
121-121726-0007,4970,0,-0.0747,0.4389
121-121726-0007,4992,0,0.1489,0.6779
121-121726-0007,5142,0,0.0458,0.5221
121-121726-0007,5683,0,0.0793,0.6254
121-121726-0007,6829,0,0.0553,0.5938
121-121726-0007,8463,0,0.0437,0.653
121-121726-0007,8555,0,0.0616,0.4925
121-121726-0010,121,1,0.0602,0.7231
121-121726-0010,1221,0,0.1062,0.5787
121-121726-0010,1284,0,0.0649,0.777
121-121726-0010,1580,0,0.0348,0.6452
121-121726-0010,1995,0,0.1937,0.7789
121-121726-0010,2094,0,0.0237,0.6723
121-121726-0010,237,0,0.0217,0.6073
121-121726-0010,2961,0,0.1324,0.7632
121-121726-0010,3570,0,0.1511,0.6304
121-121726-0010,3575,0,0.0658,0.4848
121-121726-0010,3729,0,0.1101,0.6485
121-121726-0010,4446,0,-0.0141,0.6816
121-121726-0010,4507,0,0.1297,0.5673
121-121726-0010,4970,0,-0.0607,0.4127
121-121726-0010,4992,0,0.1377,0.6439
121-121726-0010,5142,0,0.1444,0.5196
121-121726-0010,5683,0,0.0918,0.5492
121-121726-0010,6829,0,0.06,0.562
121-121726-0010,8463,0,0.0203,0.6358
121-121726-0010,8555,0,0.0266,0.4757
121-121726-0012,121,1,0.0389,0.757
121-121726-0012,1221,0,0.0976,0.5878
121-121726-0012,1284,0,0.0591,0.789
121-121726-0012,1580,0,0.0556,0.7155
121-121726-0012,1995,0,0.1484,0.7357
121-121726-0012,2094,0,0.0218,0.6849
121-121726-0012,237,0,0.0111,0.6126
121-121726-0012,2961,0,0.1178,0.8069
121-121726-0012,3570,0,0.1425,0.6768
121-121726-0012,3575,0,0.0129,0.5113
121-121726-0012,3729,0,0.0592,0.6823
121-121726-0012,4446,0,0.03,0.7021
121-121726-0012,4507,0,0.1178,0.6224
121-121726-0012,4970,0,-0.0086,0.4224
121-121726-0012,4992,0,0.0745,0.6302
121-121726-0012,5142,0,0.1942,0.515
121-121726-0012,5683,0,0.1108,0.5961
121-121726-0012,6829,0,-0.0062,0.5757
121-121726-0012,8463,0,0.0668,0.6252
121-121726-0012,8555,0,0.0288,0.4828
121-127105-0003,121,1,0.0195,0.8068
121-127105-0003,1221,0,0.1155,0.6347
121-127105-0003,1284,0,0.0458,0.8032
121-127105-0003,1580,0,0.0897,0.7122
121-127105-0003,1995,0,0.0921,0.8089
121-127105-0003,2094,0,-0.0099,0.7135
121-127105-0003,237,0,-0.0089,0.6666
121-127105-0003,2961,0,0.2047,0.8473
121-127105-0003,3570,0,0.1201,0.7149
121-127105-0003,3575,0,0.0823,0.524
121-127105-0003,3729,0,0.0539,0.7359
121-127105-0003,4446,0,-0.0033,0.735
121-127105-0003,4507,0,0.0817,0.6496
121-127105-0003,4970,0,-0.0511,0.4435
121-127105-0003,4992,0,0.1356,0.6997
121-127105-0003,5142,0,0.1333,0.5633
121-127105-0003,5683,0,0.0867,0.6195
121-127105-0003,6829,0,-0.0401,0.6099
121-127105-0003,8463,0,0.0653,0.6958
121-127105-0003,8555,0,0.0276,0.5283
121-127105-0006,121,1,0.0712,0.7715
121-127105-0006,1221,0,0.0021,0.6041
121-127105-0006,1284,0,0.0584,0.7981
121-127105-0006,1580,0,0.0826,0.7022
121-127105-0006,1995,0,0.1808,0.7661
121-127105-0006,2094,0,0.041,0.7183
121-127105-0006,237,0,-0.082,0.6187
121-127105-0006,2961,0,0.1622,0.8027
121-127105-0006,3570,0,0.0683,0.6588
121-127105-0006,3575,0,0.0735,0.5106
121-127105-0006,3729,0,-0.0213,0.7065
121-127105-0006,4446,0,-0.0331,0.7215
121-127105-0006,4507,0,0.076,0.6213
121-127105-0006,4970,0,-0.0529,0.4114
121-127105-0006,4992,0,0.0938,0.6668
121-127105-0006,5142,0,0.0359,0.5239
121-127105-0006,5683,0,0.0852,0.5961
121-127105-0006,6829,0,-0.0088,0.5979
121-127105-0006,8463,0,0.1338,0.6495
121-127105-0006,8555,0,0.0225,0.4736
121-127105-0020,121,1,0.0371,0.8101
121-127105-0020,1221,0,0.0659,0.6583
121-127105-0020,1284,0,0.0835,0.8522
121-127105-0020,1580,0,0.1113,0.7739
121-127105-0020,1995,0,0.1027,0.7887
121-127105-0020,2094,0,-0.0236,0.7581
121-127105-0020,237,0,0.0229,0.6744
121-127105-0020,2961,0,0.2005,0.8027
121-127105-0020,3570,0,0.0756,0.6961
121-127105-0020,3575,0,0.1245,0.5559
121-127105-0020,3729,0,0.0794,0.7427
121-127105-0020,4446,0,-0.0265,0.7731
121-127105-0020,4507,0,0.04,0.6724
121-127105-0020,4970,0,-0.0166,0.4662
121-127105-0020,4992,0,0.1572,0.7089
121-127105-0020,5142,0,0.1042,0.5691
121-127105-0020,5683,0,0.0587,0.6455
121-127105-0020,6829,0,0.0476,0.6337
121-127105-0020,8463,0,0.0657,0.7002
121-127105-0020,8555,0,0.0116,0.5211
121-127105-0023,121,1,0.036,0.8214
121-127105-0023,1221,0,0.0906,0.6361
121-127105-0023,1284,0,0.1074,0.8211
121-127105-0023,1580,0,0.0935,0.7338
121-127105-0023,1995,0,0.1574,0.8141
121-127105-0023,2094,0,-0.0431,0.7454
121-127105-0023,237,0,0.0443,0.6787
121-127105-0023,2961,0,0.1963,0.8337
121-127105-0023,3570,0,0.1225,0.7133
121-127105-0023,3575,0,0.0564,0.5296
121-127105-0023,3729,0,0.1313,0.7426
121-127105-0023,4446,0,0.0131,0.7496
121-127105-0023,4507,0,0.0925,0.6483
121-127105-0023,4970,0,-0.0119,0.4192
121-127105-0023,4992,0,0.1621,0.7084
121-127105-0023,5142,0,0.1197,0.543
121-127105-0023,5683,0,0.0571,0.6185
121-127105-0023,6829,0,0.0578,0.6091
121-127105-0023,8463,0,0.0207,0.6958
121-127105-0023,8555,0,0.01,0.5038
121-127105-0036,121,1,0.0324,0.6498
121-127105-0036,1221,0,-0.0257,0.5436
121-127105-0036,1284,0,-0.0539,0.7193
121-127105-0036,1580,0,-0.0452,0.5634
121-127105-0036,1995,0,0.1828,0.7292
121-127105-0036,2094,0,0.1454,0.6187
121-127105-0036,237,0,0.0024,0.5553
121-127105-0036,2961,0,0.1665,0.722
121-127105-0036,3570,0,0.1206,0.5651
121-127105-0036,3575,0,0.1164,0.421
121-127105-0036,3729,0,0.0262,0.5984
121-127105-0036,4446,0,0.0142,0.6297
121-127105-0036,4507,0,0.0568,0.5376
121-127105-0036,4970,0,-0.0347,0.4051
121-127105-0036,4992,0,0.0177,0.5977
121-127105-0036,5142,0,0.0803,0.5272
121-127105-0036,5683,0,0.0871,0.4904
121-127105-0036,6829,0,0.0378,0.5479
121-127105-0036,8463,0,0.0398,0.5984
121-127105-0036,8555,0,0.0285,0.4549
1221-135766-0002,121,0,-0.0776,0.7621
1221-135766-0002,1221,1,0.0651,0.5518
1221-135766-0002,1284,0,0.0533,0.7713
1221-135766-0002,1580,0,0.0066,0.6869
1221-135766-0002,1995,0,0.0617,0.745
1221-135766-0002,2094,0,-0.0229,0.6737
1221-135766-0002,237,0,0.003,0.5878
1221-135766-0002,2961,0,0.0594,0.7804
1221-135766-0002,3570,0,-0.005,0.6428
1221-135766-0002,3575,0,-0.0082,0.4826
1221-135766-0002,3729,0,0.0566,0.6599
1221-135766-0002,4446,0,0.0519,0.6733
1221-135766-0002,4507,0,0.0547,0.5643
1221-135766-0002,4970,0,-0.0237,0.3385
1221-135766-0002,4992,0,0.1576,0.6223
1221-135766-0002,5142,0,0.1018,0.4427
1221-135766-0002,5683,0,0.092,0.5623
1221-135766-0002,6829,0,-0.0656,0.5168
1221-135766-0002,8463,0,0.0055,0.6003
1221-135766-0002,8555,0,-0.0198,0.418
1221-135766-0009,121,0,0.0266,0.7503
1221-135766-0009,1221,1,0.1291,0.6373
1221-135766-0009,1284,0,0.0785,0.8384
1221-135766-0009,1580,0,0.0928,0.7329
1221-135766-0009,1995,0,0.0957,0.7739
1221-135766-0009,2094,0,0.0145,0.7116
1221-135766-0009,237,0,-0.0272,0.6514
1221-135766-0009,2961,0,0.1098,0.7499
1221-135766-0009,3570,0,0.103,0.6367
1221-135766-0009,3575,0,0.0779,0.4962
1221-135766-0009,3729,0,0.1456,0.7066
1221-135766-0009,4446,0,0.0276,0.7577
1221-135766-0009,4507,0,0.152,0.624
1221-135766-0009,4970,0,-0.0397,0.4352
1221-135766-0009,4992,0,0.2173,0.6882
1221-135766-0009,5142,0,0.1492,0.5654
1221-135766-0009,5683,0,0.0491,0.6209
1221-135766-0009,6829,0,0.0639,0.5994
1221-135766-0009,8463,0,0.032,0.6672
1221-135766-0009,8555,0,0.0976,0.5156
1221-135767-0001,121,0,0.0177,0.7488
1221-135767-0001,1221,1,0.1271,0.6445
1221-135767-0001,1284,0,0.0653,0.85
1221-135767-0001,1580,0,0.1244,0.7498
1221-135767-0001,1995,0,0.0282,0.7593
1221-135767-0001,2094,0,-0.0482,0.7105
1221-135767-0001,237,0,-0.0293,0.6362
1221-135767-0001,2961,0,0.212,0.7357
1221-135767-0001,3570,0,0.092,0.619
1221-135767-0001,3575,0,0.0787,0.4952
1221-135767-0001,3729,0,0.1101,0.7015
1221-135767-0001,4446,0,-0.0358,0.762
1221-135767-0001,4507,0,0.1109,0.6216
1221-135767-0001,4970,0,-0.0575,0.4366
1221-135767-0001,4992,0,0.1953,0.6885
1221-135767-0001,5142,0,0.1009,0.559
1221-135767-0001,5683,0,0.015,0.6243
1221-135767-0001,6829,0,-0.0106,0.5978
1221-135767-0001,8463,0,0.0181,0.6739
1221-135767-0001,8555,0,0.0321,0.5014
1221-135767-0005,121,0,0.0078,0.7267
1221-135767-0005,1221,1,0.2016,0.5648
1221-135767-0005,1284,0,0.0323,0.799
1221-135767-0005,1580,0,0.1618,0.6823
1221-135767-0005,1995,0,0.0989,0.7264
1221-135767-0005,2094,0,0.003,0.67
1221-135767-0005,237,0,0.0594,0.5847
1221-135767-0005,2961,0,0.1088,0.7411
1221-135767-0005,3570,0,0.1321,0.6073
1221-135767-0005,3575,0,0.0587,0.4725
1221-135767-0005,3729,0,0.1429,0.6477
1221-135767-0005,4446,0,0.0786,0.6841
1221-135767-0005,4507,0,0.0654,0.5601
1221-135767-0005,4970,0,0.0187,0.3746
1221-135767-0005,4992,0,0.2367,0.6162
1221-135767-0005,5142,0,0.0773,0.4678
1221-135767-0005,5683,0,0.0954,0.5638
1221-135767-0005,6829,0,-0.005,0.5252
1221-135767-0005,8463,0,0.0417,0.6137
1221-135767-0005,8555,0,0.0747,0.422
1221-135767-0007,121,0,0.04,0.8195
1221-135767-0007,1221,1,0.1072,0.6839
1221-135767-0007,1284,0,0.0926,0.8664
1221-135767-0007,1580,0,0.0727,0.8114
1221-135767-0007,1995,0,0.0948,0.7794
1221-135767-0007,2094,0,-0.0227,0.7819
1221-135767-0007,237,0,-0.0318,0.6835
1221-135767-0007,2961,0,0.2038,0.805
1221-135767-0007,3570,0,0.0873,0.6862
1221-135767-0007,3575,0,0.0623,0.5713
1221-135767-0007,3729,0,0.0638,0.7683
1221-135767-0007,4446,0,0.006,0.7973
1221-135767-0007,4507,0,0.0826,0.6928
1221-135767-0007,4970,0,-0.0471,0.482
1221-135767-0007,4992,0,0.1846,0.7289
1221-135767-0007,5142,0,0.1131,0.5823
1221-135767-0007,5683,0,0.0958,0.6829
1221-135767-0007,6829,0,0.0033,0.6593
1221-135767-0007,8463,0,0.0227,0.7126
1221-135767-0007,8555,0,0.0422,0.5285
1221-135767-0009,121,0,-0.0403,0.7706
1221-135767-0009,1221,1,0.1094,0.6822
1221-135767-0009,1284,0,0.0927,0.8878
1221-135767-0009,1580,0,0.1305,0.7948
1221-135767-0009,1995,0,0.1403,0.8085
1221-135767-0009,2094,0,-0.01,0.7609
1221-135767-0009,237,0,0.0123,0.6912
1221-135767-0009,2961,0,0.098,0.7337
1221-135767-0009,3570,0,0.0667,0.6271
1221-135767-0009,3575,0,-0.0247,0.5708
1221-135767-0009,3729,0,0.1194,0.7248
1221-135767-0009,4446,0,0.0031,0.7951
1221-135767-0009,4507,0,0.0924,0.6496
1221-135767-0009,4970,0,-0.0022,0.5073
1221-135767-0009,4992,0,0.1848,0.723
1221-135767-0009,5142,0,0.0998,0.6057
1221-135767-0009,5683,0,0.12,0.6954
1221-135767-0009,6829,0,-0.0292,0.6325
1221-135767-0009,8463,0,0.0496,0.7102
1221-135767-0009,8555,0,-0.0097,0.564
1221-135767-0010,121,0,0.0188,0.8015
1221-135767-0010,1221,1,0.1408,0.6547
1221-135767-0010,1284,0,0.0775,0.8468
1221-135767-0010,1580,0,0.0361,0.7699
1221-135767-0010,1995,0,0.2157,0.7898
1221-135767-0010,2094,0,0.0566,0.7339
1221-135767-0010,237,0,0.055,0.6608
1221-135767-0010,2961,0,0.185,0.7707
1221-135767-0010,3570,0,0.136,0.6719
1221-135767-0010,3575,0,0.0351,0.5821
1221-135767-0010,3729,0,0.1336,0.7335
1221-135767-0010,4446,0,-0.0184,0.7566
1221-135767-0010,4507,0,0.0759,0.6508
1221-135767-0010,4970,0,-0.0827,0.4805
1221-135767-0010,4992,0,0.1911,0.6991
1221-135767-0010,5142,0,0.1511,0.5633
1221-135767-0010,5683,0,0.0761,0.6768
1221-135767-0010,6829,0,0.0187,0.6069
1221-135767-0010,8463,0,0.0234,0.6917
1221-135767-0010,8555,0,0.086,0.5391
1221-135767-0013,121,0,-0.0347,0.7706
1221-135767-0013,1221,1,0.0835,0.6589
1221-135767-0013,1284,0,0.0894,0.8636
1221-135767-0013,1580,0,0.089,0.7577
1221-135767-0013,1995,0,0.1309,0.7938
1221-135767-0013,2094,0,0.0254,0.7472
1221-135767-0013,237,0,0.0386,0.6722
1221-135767-0013,2961,0,0.1085,0.7436
1221-135767-0013,3570,0,0.0819,0.6461
1221-135767-0013,3575,0,0.0042,0.5483
1221-135767-0013,3729,0,0.1748,0.7214
1221-135767-0013,4446,0,0.0629,0.7711
1221-135767-0013,4507,0,0.1791,0.6332
1221-135767-0013,4970,0,0.0172,0.4719
1221-135767-0013,4992,0,0.2211,0.7069
1221-135767-0013,5142,0,0.1573,0.5693
1221-135767-0013,5683,0,0.0597,0.6577
1221-135767-0013,6829,0,0.0164,0.6136
1221-135767-0013,8463,0,0.0529,0.695
1221-135767-0013,8555,0,0.0582,0.5261
1221-135767-0018,121,0,0.015,0.7828
1221-135767-0018,1221,1,0.0645,0.6684
1221-135767-0018,1284,0,0.0881,0.8607
1221-135767-0018,1580,0,0.0754,0.7504
1221-135767-0018,1995,0,0.1642,0.7838
1221-135767-0018,2094,0,0.1067,0.7402
1221-135767-0018,237,0,0.0027,0.6647
1221-135767-0018,2961,0,0.1691,0.7807
1221-135767-0018,3570,0,0.1208,0.6558
1221-135767-0018,3575,0,0.0963,0.5188
1221-135767-0018,3729,0,0.143,0.7482
1221-135767-0018,4446,0,0.0084,0.7856
1221-135767-0018,4507,0,0.0919,0.6553
1221-135767-0018,4970,0,-0.0916,0.4693
1221-135767-0018,4992,0,0.1239,0.7179
1221-135767-0018,5142,0,0.113,0.5965
1221-135767-0018,5683,0,0.0376,0.6447
1221-135767-0018,6829,0,0.009,0.6364
1221-135767-0018,8463,0,0.022,0.7128
1221-135767-0018,8555,0,0.0185,0.5281
1221-135767-0022,121,0,-0.0127,0.7697
1221-135767-0022,1221,1,0.0841,0.6192
1221-135767-0022,1284,0,0.0487,0.8332
1221-135767-0022,1580,0,0.0426,0.7301
1221-135767-0022,1995,0,0.1402,0.7768
1221-135767-0022,2094,0,-0.022,0.7089
1221-135767-0022,237,0,-0.0122,0.6393
1221-135767-0022,2961,0,0.1943,0.7865
1221-135767-0022,3570,0,0.0764,0.6619
1221-135767-0022,3575,0,-0.0197,0.5114
1221-135767-0022,3729,0,0.1212,0.7001
1221-135767-0022,4446,0,-0.0509,0.7379
1221-135767-0022,4507,0,0.1035,0.6159
1221-135767-0022,4970,0,-0.0945,0.4199
1221-135767-0022,4992,0,0.1493,0.6716
1221-135767-0022,5142,0,0.1009,0.5239
1221-135767-0022,5683,0,0.0611,0.6092
1221-135767-0022,6829,0,-0.0085,0.5905
1221-135767-0022,8463,0,0.0398,0.6585
1221-135767-0022,8555,0,-0.0008,0.4812
1284-1180-0005,121,0,0.0697,0.7729
1284-1180-0005,1221,0,0.0654,0.6267
1284-1180-0005,1284,1,0.1466,0.8437
1284-1180-0005,1580,0,0.0829,0.7716
1284-1180-0005,1995,0,0.2138,0.7672
1284-1180-0005,2094,0,0.0253,0.7392
1284-1180-0005,237,0,0.0271,0.6368
1284-1180-0005,2961,0,0.1501,0.7867
1284-1180-0005,3570,0,0.1753,0.653
1284-1180-0005,3575,0,0.0718,0.563
1284-1180-0005,3729,0,0.0995,0.7006
1284-1180-0005,4446,0,-0.0278,0.736
1284-1180-0005,4507,0,0.1235,0.6261
1284-1180-0005,4970,0,0.0022,0.4451
1284-1180-0005,4992,0,0.093,0.6715
1284-1180-0005,5142,0,0.0607,0.519
1284-1180-0005,5683,0,0.0699,0.6457
1284-1180-0005,6829,0,0.0159,0.6107
1284-1180-0005,8463,0,-0.0873,0.6532
1284-1180-0005,8555,0,0.0941,0.4809
1284-1180-0017,121,0,0.0611,0.7894
1284-1180-0017,1221,0,0.1027,0.6931
1284-1180-0017,1284,1,0.1074,0.8817
1284-1180-0017,1580,0,0.1118,0.8018
1284-1180-0017,1995,0,0.0793,0.7704
1284-1180-0017,2094,0,-0.0265,0.7656
1284-1180-0017,237,0,0.0097,0.6714
1284-1180-0017,2961,0,0.1601,0.7593
1284-1180-0017,3570,0,0.0917,0.6414
1284-1180-0017,3575,0,0.0262,0.5407
1284-1180-0017,3729,0,0.1147,0.7629
1284-1180-0017,4446,0,-0.0475,0.8116
1284-1180-0017,4507,0,0.05,0.6745
1284-1180-0017,4970,0,-0.0626,0.4891
1284-1180-0017,4992,0,0.1523,0.7391
1284-1180-0017,5142,0,0.0433,0.6083
1284-1180-0017,5683,0,-0.0047,0.6773
1284-1180-0017,6829,0,-0.0102,0.6597
1284-1180-0017,8463,0,0.0191,0.7323
1284-1180-0017,8555,0,0.0786,0.5344
1284-1180-0026,121,0,0.0858,0.8006
1284-1180-0026,1221,0,0.0483,0.6431
1284-1180-0026,1284,1,0.1028,0.8492
1284-1180-0026,1580,0,0.0266,0.7747
1284-1180-0026,1995,0,0.1268,0.7819
1284-1180-0026,2094,0,0.0067,0.7426
1284-1180-0026,237,0,-0.0515,0.6674
1284-1180-0026,2961,0,0.178,0.794
1284-1180-0026,3570,0,0.1459,0.6725
1284-1180-0026,3575,0,0.0465,0.545
1284-1180-0026,3729,0,0.1054,0.734
1284-1180-0026,4446,0,-0.0286,0.7648
1284-1180-0026,4507,0,0.0723,0.6419
1284-1180-0026,4970,0,-0.1084,0.4475
1284-1180-0026,4992,0,0.0985,0.7033
1284-1180-0026,5142,0,0.0785,0.549
1284-1180-0026,5683,0,0.0083,0.6516
1284-1180-0026,6829,0,-0.0271,0.6084
1284-1180-0026,8463,0,-0.011,0.6989
1284-1180-0026,8555,0,0.0494,0.5084
1284-1180-0031,121,0,-0.0876,0.7835
1284-1180-0031,1221,0,0.1017,0.6733
1284-1180-0031,1284,1,0.1163,0.8672
1284-1180-0031,1580,0,0.2042,0.7529
1284-1180-0031,1995,0,0.2262,0.812
1284-1180-0031,2094,0,0.0874,0.7704
1284-1180-0031,237,0,-0.0299,0.6781
1284-1180-0031,2961,0,0.2023,0.7684
1284-1180-0031,3570,0,0.2281,0.6283
1284-1180-0031,3575,0,0.0149,0.4989
1284-1180-0031,3729,0,0.1893,0.7495
1284-1180-0031,4446,0,-0.0025,0.7951
1284-1180-0031,4507,0,0.2199,0.6345
1284-1180-0031,4970,0,-0.0776,0.4479
1284-1180-0031,4992,0,0.2318,0.7478
1284-1180-0031,5142,0,0.081,0.6067
1284-1180-0031,5683,0,0.0738,0.6388
1284-1180-0031,6829,0,-0.0241,0.6396
1284-1180-0031,8463,0,0.0739,0.7509
1284-1180-0031,8555,0,0.0704,0.519
1284-1181-0004,121,0,-0.056,0.8157
1284-1181-0004,1221,0,0.0881,0.6889
1284-1181-0004,1284,1,0.1575,0.8729
1284-1181-0004,1580,0,0.1704,0.7802
1284-1181-0004,1995,0,0.1797,0.8293
1284-1181-0004,2094,0,-0.0233,0.7918
1284-1181-0004,237,0,0.0026,0.7069
1284-1181-0004,2961,0,0.1576,0.8099
1284-1181-0004,3570,0,0.1298,0.6714
1284-1181-0004,3575,0,0.025,0.5089
1284-1181-0004,3729,0,0.1152,0.7685
1284-1181-0004,4446,0,0.0074,0.8107
1284-1181-0004,4507,0,0.1122,0.6613
1284-1181-0004,4970,0,0.0099,0.44
1284-1181-0004,4992,0,0.1828,0.7656
1284-1181-0004,5142,0,0.0818,0.6014
1284-1181-0004,5683,0,0.0655,0.6442
1284-1181-0004,6829,0,0.0276,0.6644
1284-1181-0004,8463,0,0.0141,0.7543
1284-1181-0004,8555,0,0.0025,0.5186
1284-1181-0007,121,0,-0.0135,0.754
1284-1181-0007,1221,0,0.1173,0.5561
1284-1181-0007,1284,1,0.0246,0.7626
1284-1181-0007,1580,0,0.064,0.6573
1284-1181-0007,1995,0,0.0765,0.7541
1284-1181-0007,2094,0,0.0498,0.6687
1284-1181-0007,237,0,0.0434,0.577
1284-1181-0007,2961,0,0.1844,0.7985
1284-1181-0007,3570,0,0.0623,0.6385
1284-1181-0007,3575,0,0.0561,0.4592
1284-1181-0007,3729,0,0.0685,0.665
1284-1181-0007,4446,0,-0.0047,0.6646
1284-1181-0007,4507,0,0.0729,0.5729
1284-1181-0007,4970,0,-0.014,0.3446
1284-1181-0007,4992,0,0.1806,0.6305
1284-1181-0007,5142,0,0.041,0.4716
1284-1181-0007,5683,0,0.1068,0.5459
1284-1181-0007,6829,0,0.0247,0.551
1284-1181-0007,8463,0,0.0331,0.6178
1284-1181-0007,8555,0,0.0617,0.4189
1284-1181-0011,121,0,0.0497,0.811
1284-1181-0011,1221,0,0.0478,0.6517
1284-1181-0011,1284,1,-0.0047,0.8334
1284-1181-0011,1580,0,-0.0091,0.7675
1284-1181-0011,1995,0,0.0505,0.7772
1284-1181-0011,2094,0,0.0103,0.7376
1284-1181-0011,237,0,-0.0959,0.6601
1284-1181-0011,2961,0,0.2837,0.8159
1284-1181-0011,3570,0,0.1271,0.6792
1284-1181-0011,3575,0,0.0011,0.5144
1284-1181-0011,3729,0,0.0887,0.7546
1284-1181-0011,4446,0,-0.1237,0.7698
1284-1181-0011,4507,0,0.0816,0.6621
1284-1181-0011,4970,0,-0.0359,0.4362
1284-1181-0011,4992,0,0.1564,0.7166
1284-1181-0011,5142,0,0.123,0.5729
1284-1181-0011,5683,0,0.0062,0.6419
1284-1181-0011,6829,0,0.0095,0.6224
1284-1181-0011,8463,0,-0.0443,0.7114
1284-1181-0011,8555,0,0.0831,0.5166
1284-1181-0016,121,0,-0.0443,0.8169
1284-1181-0016,1221,0,0.1254,0.7008
1284-1181-0016,1284,1,0.1003,0.8765
1284-1181-0016,1580,0,0.102,0.78
1284-1181-0016,1995,0,0.1729,0.8116
1284-1181-0016,2094,0,0.0219,0.7745
1284-1181-0016,237,0,0.0056,0.7127
1284-1181-0016,2961,0,0.1462,0.8234
1284-1181-0016,3570,0,0.14,0.7087
1284-1181-0016,3575,0,0.0059,0.5629
1284-1181-0016,3729,0,0.1893,0.7854
1284-1181-0016,4446,0,0.0428,0.8118
1284-1181-0016,4507,0,0.1327,0.6979
1284-1181-0016,4970,0,-0.0035,0.5117
1284-1181-0016,4992,0,0.2425,0.7465
1284-1181-0016,5142,0,0.1522,0.6269
1284-1181-0016,5683,0,0.1037,0.681
1284-1181-0016,6829,0,0.0162,0.6803
1284-1181-0016,8463,0,0.0438,0.7359
1284-1181-0016,8555,0,0.1015,0.5659
1284-1181-0017,121,0,-0.0208,0.7827
1284-1181-0017,1221,0,0.0314,0.6336
1284-1181-0017,1284,1,0.0795,0.8098
1284-1181-0017,1580,0,0.0173,0.7047
1284-1181-0017,1995,0,0.0774,0.7709
1284-1181-0017,2094,0,-0.0241,0.6985
1284-1181-0017,237,0,-0.0834,0.6517
1284-1181-0017,2961,0,0.1738,0.8116
1284-1181-0017,3570,0,0.0747,0.6889
1284-1181-0017,3575,0,-0.0161,0.5012
1284-1181-0017,3729,0,0.0379,0.7313
1284-1181-0017,4446,0,-0.0065,0.7449
1284-1181-0017,4507,0,0.0947,0.648
1284-1181-0017,4970,0,-0.0482,0.45
1284-1181-0017,4992,0,0.0956,0.681
1284-1181-0017,5142,0,0.1057,0.5682
1284-1181-0017,5683,0,0.0414,0.6149
1284-1181-0017,6829,0,-0.0285,0.6103
1284-1181-0017,8463,0,-0.0392,0.673
1284-1181-0017,8555,0,-0.0081,0.5172
1284-134647-0004,121,0,0.046,0.8056
1284-134647-0004,1221,0,0.0507,0.6712
1284-134647-0004,1284,1,0.081,0.861
1284-134647-0004,1580,0,0.0593,0.7898
1284-134647-0004,1995,0,0.0742,0.7905
1284-134647-0004,2094,0,-0.0486,0.7549
1284-134647-0004,237,0,-0.005,0.6672
1284-134647-0004,2961,0,0.16,0.7823
1284-134647-0004,3570,0,0.0454,0.6569
1284-134647-0004,3575,0,-0.0069,0.5383
1284-134647-0004,3729,0,0.1077,0.7533
1284-134647-0004,4446,0,-0.0955,0.7874
1284-134647-0004,4507,0,0.0559,0.6603
1284-134647-0004,4970,0,-0.0924,0.4578
1284-134647-0004,4992,0,0.1743,0.73
1284-134647-0004,5142,0,0.0801,0.5772
1284-134647-0004,5683,0,0.062,0.6661
1284-134647-0004,6829,0,-0.0708,0.6347
1284-134647-0004,8463,0,-0.0155,0.7173
1284-134647-0004,8555,0,0.0535,0.5216
1320-122612-0003,1089,0,0.2599,0.8632
1320-122612-0003,1188,0,0.2046,0.9076
1320-122612-0003,1320,1,0.2836,0.7741
1320-122612-0003,2300,0,0.1491,0.5401
1320-122612-0003,260,0,0.1086,0.9255
1320-122612-0003,2830,0,0.2033,0.8668
1320-122612-0003,4077,0,0.1191,0.8274
1320-122612-0003,5105,0,0.036,0.7973
1320-122612-0003,5639,0,0.1653,0.8979
1320-122612-0003,61,0,0.0255,0.8871
1320-122612-0003,672,0,0.3169,0.8951
1320-122612-0003,6930,0,-0.0139,0.7954
1320-122612-0003,7021,0,0.048,0.721
1320-122612-0003,7127,0,0.2445,0.7487
1320-122612-0003,7176,0,-0.0513,0.8999
1320-122612-0003,7729,0,0.2461,0.8584
1320-122612-0003,8224,0,0.0353,0.7434
1320-122612-0003,8230,0,0.0929,0.9132
1320-122612-0003,8455,0,0.2331,0.7654
1320-122612-0003,908,0,-0.0434,0.8541
1320-122612-0005,1089,0,0.2781,0.8089
1320-122612-0005,1188,0,0.1879,0.8194
1320-122612-0005,1320,1,0.1965,0.7355
1320-122612-0005,2300,0,0.1518,0.4723
1320-122612-0005,260,0,0.1387,0.8183
1320-122612-0005,2830,0,0.1733,0.773
1320-122612-0005,4077,0,0.0368,0.6947
1320-122612-0005,5105,0,0.0006,0.7585
1320-122612-0005,5639,0,0.2406,0.8814
1320-122612-0005,61,0,0.0509,0.7348
1320-122612-0005,672,0,0.3237,0.8812
1320-122612-0005,6930,0,-0.0651,0.7674
1320-122612-0005,7021,0,0.0435,0.6826
1320-122612-0005,7127,0,0.1911,0.6541
1320-122612-0005,7176,0,-0.1029,0.7237
1320-122612-0005,7729,0,0.1944,0.702
1320-122612-0005,8224,0,0.0745,0.8424
1320-122612-0005,8230,0,0.1474,0.7998
1320-122612-0005,8455,0,0.1657,0.7107
1320-122612-0005,908,0,-0.1604,0.7959
1320-122612-0013,1089,0,0.2483,0.8293
1320-122612-0013,1188,0,0.1535,0.8391
1320-122612-0013,1320,1,0.1402,0.7257
1320-122612-0013,2300,0,0.166,0.4601
1320-122612-0013,260,0,0.0565,0.8531
1320-122612-0013,2830,0,0.1612,0.7912
1320-122612-0013,4077,0,0.0588,0.749
1320-122612-0013,5105,0,-0.0025,0.7499
1320-122612-0013,5639,0,0.3095,0.9032
1320-122612-0013,61,0,-0.0024,0.7848
1320-122612-0013,672,0,0.1587,0.8935
1320-122612-0013,6930,0,-0.0304,0.7869
1320-122612-0013,7021,0,0.0447,0.6668
1320-122612-0013,7127,0,0.195,0.671
1320-122612-0013,7176,0,-0.1314,0.799
1320-122612-0013,7729,0,0.1566,0.7453
1320-122612-0013,8224,0,0.0269,0.8112
1320-122612-0013,8230,0,0.077,0.8536
1320-122612-0013,8455,0,0.1374,0.7359
1320-122612-0013,908,0,-0.1034,0.8085
1320-122617-0005,1089,0,0.2019,0.863
1320-122617-0005,1188,0,0.2013,0.8653
1320-122617-0005,1320,1,0.1654,0.7853
1320-122617-0005,2300,0,0.1732,0.5972
1320-122617-0005,260,0,0.1454,0.8969
1320-122617-0005,2830,0,0.2314,0.8127
1320-122617-0005,4077,0,0.0543,0.8502
1320-122617-0005,5105,0,0.05,0.8077
1320-122617-0005,5639,0,0.1688,0.9111
1320-122617-0005,61,0,0.0069,0.8488
1320-122617-0005,672,0,0.1839,0.8936
1320-122617-0005,6930,0,-0.0392,0.834
1320-122617-0005,7021,0,0.071,0.7461
1320-122617-0005,7127,0,0.2366,0.7519
1320-122617-0005,7176,0,-0.0935,0.8416
1320-122617-0005,7729,0,0.1754,0.8656
1320-122617-0005,8224,0,0.062,0.7826
1320-122617-0005,8230,0,0.0731,0.8598
1320-122617-0005,8455,0,0.1788,0.7996
1320-122617-0005,908,0,-0.0686,0.8545
1320-122617-0011,1089,0,0.1751,0.8953
1320-122617-0011,1188,0,0.1701,0.9189
1320-122617-0011,1320,1,0.2596,0.8087
1320-122617-0011,2300,0,0.1642,0.5435
1320-122617-0011,260,0,0.1698,0.9184
1320-122617-0011,2830,0,0.2505,0.8863
1320-122617-0011,4077,0,0.0694,0.8384
1320-122617-0011,5105,0,0.0814,0.8279
1320-122617-0011,5639,0,0.2187,0.9066
1320-122617-0011,61,0,0.024,0.8599
1320-122617-0011,672,0,0.2,0.9096
1320-122617-0011,6930,0,0.0355,0.7944
1320-122617-0011,7021,0,0.1262,0.749
1320-122617-0011,7127,0,0.205,0.8001
1320-122617-0011,7176,0,-0.0858,0.8831
1320-122617-0011,7729,0,0.1838,0.8535
1320-122617-0011,8224,0,0.1315,0.7353
1320-122617-0011,8230,0,0.0727,0.9096
1320-122617-0011,8455,0,0.1515,0.7666
1320-122617-0011,908,0,-0.0388,0.8635
1320-122617-0018,1089,0,0.2121,0.8344
1320-122617-0018,1188,0,0.2077,0.8805
1320-122617-0018,1320,1,0.1715,0.7505
1320-122617-0018,2300,0,0.1687,0.5019
1320-122617-0018,260,0,0.1286,0.9198
1320-122617-0018,2830,0,0.2213,0.8583
1320-122617-0018,4077,0,0.0807,0.8108
1320-122617-0018,5105,0,0.0258,0.7801
1320-122617-0018,5639,0,0.3038,0.9166
1320-122617-0018,61,0,0.0768,0.8646
1320-122617-0018,672,0,0.2194,0.8924
1320-122617-0018,6930,0,-0.0166,0.8071
1320-122617-0018,7021,0,0.0435,0.6919
1320-122617-0018,7127,0,0.2147,0.7199
1320-122617-0018,7176,0,-0.0033,0.8725
1320-122617-0018,7729,0,0.235,0.8154
1320-122617-0018,8224,0,0.1008,0.7657
1320-122617-0018,8230,0,0.1691,0.8906
1320-122617-0018,8455,0,0.1113,0.7482
1320-122617-0018,908,0,-0.1031,0.8308
1320-122617-0027,1089,0,0.2094,0.8624
1320-122617-0027,1188,0,0.1417,0.8725
1320-122617-0027,1320,1,0.0822,0.7832
1320-122617-0027,2300,0,0.1774,0.5721
1320-122617-0027,260,0,0.1111,0.9157
1320-122617-0027,2830,0,0.1755,0.8158
1320-122617-0027,4077,0,0.0718,0.8361
1320-122617-0027,5105,0,-0.0557,0.7956
1320-122617-0027,5639,0,0.3464,0.9046
1320-122617-0027,61,0,0.0886,0.8554
1320-122617-0027,672,0,0.1719,0.9083
1320-122617-0027,6930,0,0.0253,0.8363
1320-122617-0027,7021,0,0.0198,0.7306
1320-122617-0027,7127,0,0.2165,0.7335
1320-122617-0027,7176,0,-0.1075,0.8548
1320-122617-0027,7729,0,0.1458,0.8313
1320-122617-0027,8224,0,0.0257,0.7916
1320-122617-0027,8230,0,0.1071,0.8685
1320-122617-0027,8455,0,0.1311,0.8051
1320-122617-0027,908,0,-0.1212,0.8634
1320-122617-0032,1089,0,0.1888,0.8129
1320-122617-0032,1188,0,0.1583,0.8479
1320-122617-0032,1320,1,0.089,0.7182
1320-122617-0032,2300,0,0.2007,0.4726
1320-122617-0032,260,0,0.1126,0.903
1320-122617-0032,2830,0,0.2797,0.8543
1320-122617-0032,4077,0,0.0475,0.7667
1320-122617-0032,5105,0,0.019,0.7452
1320-122617-0032,5639,0,0.267,0.8661
1320-122617-0032,61,0,0.1227,0.8735
1320-122617-0032,672,0,0.0719,0.8589
1320-122617-0032,6930,0,0.0597,0.8401
1320-122617-0032,7021,0,0.0157,0.6591
1320-122617-0032,7127,0,0.1957,0.6744
1320-122617-0032,7176,0,-0.0226,0.8898
1320-122617-0032,7729,0,0.1623,0.7766
1320-122617-0032,8224,0,0.0533,0.7348
1320-122617-0032,8230,0,0.2179,0.9003
1320-122617-0032,8455,0,0.1306,0.7328
1320-122617-0032,908,0,-0.1244,0.8102
1320-122617-0037,1089,0,0.1513,0.7954
1320-122617-0037,1188,0,0.1311,0.852
1320-122617-0037,1320,1,0.1582,0.702
1320-122617-0037,2300,0,0.1885,0.4645
1320-122617-0037,260,0,0.1227,0.8994
1320-122617-0037,2830,0,0.0866,0.8373
1320-122617-0037,4077,0,0.0712,0.7984
1320-122617-0037,5105,0,-0.0183,0.7409
1320-122617-0037,5639,0,0.2007,0.8912
1320-122617-0037,61,0,0.0374,0.8622
1320-122617-0037,672,0,0.236,0.8494
1320-122617-0037,6930,0,0.0483,0.7849
1320-122617-0037,7021,0,-0.0198,0.6511
1320-122617-0037,7127,0,0.1961,0.6862
1320-122617-0037,7176,0,-0.1744,0.876
1320-122617-0037,7729,0,0.1735,0.8208
1320-122617-0037,8224,0,0.1224,0.7247
1320-122617-0037,8230,0,0.0177,0.8706
1320-122617-0037,8455,0,0.1944,0.7108
1320-122617-0037,908,0,-0.1015,0.8079
1320-122617-0041,1089,0,0.1516,0.8412
1320-122617-0041,1188,0,0.1233,0.873
1320-122617-0041,1320,1,0.234,0.7792
1320-122617-0041,2300,0,0.222,0.5248
1320-122617-0041,260,0,0.1554,0.924
1320-122617-0041,2830,0,0.2676,0.8942
1320-122617-0041,4077,0,0.0533,0.8194
1320-122617-0041,5105,0,0.0726,0.8124
1320-122617-0041,5639,0,0.2341,0.8684
1320-122617-0041,61,0,0.207,0.9015
1320-122617-0041,672,0,0.1913,0.871
1320-122617-0041,6930,0,0.0744,0.848
1320-122617-0041,7021,0,0.052,0.7101
1320-122617-0041,7127,0,0.247,0.7625
1320-122617-0041,7176,0,0.0124,0.9194
1320-122617-0041,7729,0,0.209,0.8101
1320-122617-0041,8224,0,0.0729,0.7336
1320-122617-0041,8230,0,0.1834,0.9073
1320-122617-0041,8455,0,0.0773,0.7521
1320-122617-0041,908,0,-0.1157,0.8266
1580-141083-0006,121,0,0.0089,0.8282
1580-141083-0006,1221,0,0.1407,0.6999
1580-141083-0006,1284,0,0.1164,0.8801
1580-141083-0006,1580,1,0.1642,0.8309
1580-141083-0006,1995,0,0.1627,0.8092
1580-141083-0006,2094,0,-0.0167,0.7739
1580-141083-0006,237,0,0.1085,0.721
1580-141083-0006,2961,0,0.1123,0.7949
1580-141083-0006,3570,0,0.1059,0.7127
1580-141083-0006,3575,0,0.0628,0.6211
1580-141083-0006,3729,0,0.191,0.7688
1580-141083-0006,4446,0,0.0464,0.8037
1580-141083-0006,4507,0,0.1555,0.6966
1580-141083-0006,4970,0,-0.0533,0.522
1580-141083-0006,4992,0,0.1378,0.7366
1580-141083-0006,5142,0,0.0618,0.593
1580-141083-0006,5683,0,0.0885,0.7234
1580-141083-0006,6829,0,0.0662,0.6481
1580-141083-0006,8463,0,0.0144,0.7215
1580-141083-0006,8555,0,0.0768,0.5805
1580-141083-0007,121,0,-0.056,0.7779
1580-141083-0007,1221,0,0.0783,0.6747
1580-141083-0007,1284,0,0.1428,0.874
1580-141083-0007,1580,1,0.0613,0.77
1580-141083-0007,1995,0,0.2365,0.7962
1580-141083-0007,2094,0,0.0485,0.7698
1580-141083-0007,237,0,-0.0038,0.6784
1580-141083-0007,2961,0,0.0731,0.7477
1580-141083-0007,3570,0,0.0976,0.6117
1580-141083-0007,3575,0,-0.0224,0.498
1580-141083-0007,3729,0,0.1649,0.7532
1580-141083-0007,4446,0,0.0379,0.8117
1580-141083-0007,4507,0,0.1421,0.6424
1580-141083-0007,4970,0,-0.1175,0.4534
1580-141083-0007,4992,0,0.1372,0.7441
1580-141083-0007,5142,0,0.1016,0.6142
1580-141083-0007,5683,0,0.0396,0.656
1580-141083-0007,6829,0,-0.0015,0.6418
1580-141083-0007,8463,0,-0.0433,0.735
1580-141083-0007,8555,0,0.0527,0.5278
1580-141083-0010,121,0,0.008,0.7926
1580-141083-0010,1221,0,0.0716,0.7005
1580-141083-0010,1284,0,0.1635,0.8748
1580-141083-0010,1580,1,0.1079,0.7913
1580-141083-0010,1995,0,0.1976,0.8053
1580-141083-0010,2094,0,-0.0241,0.7852
1580-141083-0010,237,0,0.0302,0.6808
1580-141083-0010,2961,0,0.2306,0.7646
1580-141083-0010,3570,0,0.2495,0.633
1580-141083-0010,3575,0,0.1517,0.5072
1580-141083-0010,3729,0,0.1246,0.7737
1580-141083-0010,4446,0,-0.0177,0.8208
1580-141083-0010,4507,0,0.1052,0.6743
1580-141083-0010,4970,0,-0.0064,0.4517
1580-141083-0010,4992,0,0.1644,0.7706
1580-141083-0010,5142,0,0.0739,0.6328
1580-141083-0010,5683,0,-0.0122,0.659
1580-141083-0010,6829,0,0.0251,0.6793
1580-141083-0010,8463,0,-0.0341,0.7472
1580-141083-0010,8555,0,0.0742,0.5417
1580-141083-0016,121,0,0.0274,0.7577
1580-141083-0016,1221,0,0.0834,0.6249
1580-141083-0016,1284,0,0.0163,0.822
1580-141083-0016,1580,1,0.0777,0.7111
1580-141083-0016,1995,0,0.1794,0.7722
1580-141083-0016,2094,0,0.0151,0.6989
1580-141083-0016,237,0,0.0743,0.6507
1580-141083-0016,2961,0,0.1708,0.7788
1580-141083-0016,3570,0,0.1294,0.6575
1580-141083-0016,3575,0,0.0405,0.487
1580-141083-0016,3729,0,0.1295,0.7133
1580-141083-0016,4446,0,-0.0156,0.7449
1580-141083-0016,4507,0,0.1283,0.6347
1580-141083-0016,4970,0,-0.0089,0.4385
1580-141083-0016,4992,0,0.1276,0.6816
1580-141083-0016,5142,0,0.0821,0.574
1580-141083-0016,5683,0,0.0309,0.6062
1580-141083-0016,6829,0,0.1223,0.6022
1580-141083-0016,8463,0,0.0594,0.6644
1580-141083-0016,8555,0,0.0228,0.5189
1580-141083-0027,121,0,0.0577,0.7622
1580-141083-0027,1221,0,0.1244,0.6175
1580-141083-0027,1284,0,0.1157,0.8494
1580-141083-0027,1580,1,0.0734,0.7758
1580-141083-0027,1995,0,0.0531,0.7371
1580-141083-0027,2094,0,0.0223,0.7222
1580-141083-0027,237,0,0.0644,0.6358
1580-141083-0027,2961,0,0.1671,0.7404
1580-141083-0027,3570,0,0.0531,0.6352
1580-141083-0027,3575,0,0.069,0.5321
1580-141083-0027,3729,0,0.045,0.7048
1580-141083-0027,4446,0,-0.0355,0.7495
1580-141083-0027,4507,0,0.0701,0.6148
1580-141083-0027,4970,0,-0.0934,0.4249
1580-141083-0027,4992,0,0.1165,0.6636
1580-141083-0027,5142,0,0.1161,0.5081
1580-141083-0027,5683,0,0.0105,0.6461
1580-141083-0027,6829,0,0.0344,0.5816
1580-141083-0027,8463,0,-0.0072,0.6433
1580-141083-0027,8555,0,0.079,0.4717
1580-141083-0044,121,0,-0.0087,0.7955
1580-141083-0044,1221,0,0.1185,0.6578
1580-141083-0044,1284,0,0.1455,0.8546
1580-141083-0044,1580,1,0.1291,0.7791
1580-141083-0044,1995,0,0.1528,0.8084
1580-141083-0044,2094,0,-0.0489,0.7619
1580-141083-0044,237,0,0.0449,0.6784
1580-141083-0044,2961,0,0.2024,0.7837
1580-141083-0044,3570,0,0.1998,0.6765
1580-141083-0044,3575,0,0.0562,0.5662
1580-141083-0044,3729,0,0.1302,0.7323
1580-141083-0044,4446,0,0.0109,0.7656
1580-141083-0044,4507,0,0.1788,0.6576
1580-141083-0044,4970,0,-0.0618,0.458
1580-141083-0044,4992,0,0.1424,0.7151
1580-141083-0044,5142,0,0.1286,0.5678
1580-141083-0044,5683,0,0.1087,0.6637
1580-141083-0044,6829,0,0.0252,0.6339
1580-141083-0044,8463,0,-0.0131,0.6877
1580-141083-0044,8555,0,0.098,0.5339
1580-141084-0002,121,0,0.0322,0.7717
1580-141084-0002,1221,0,0.0567,0.6556
1580-141084-0002,1284,0,0.0851,0.8636
1580-141084-0002,1580,1,0.035,0.7722
1580-141084-0002,1995,0,0.0996,0.7686
1580-141084-0002,2094,0,-0.028,0.7481
1580-141084-0002,237,0,0.0013,0.6592
1580-141084-0002,2961,0,0.0921,0.7327
1580-141084-0002,3570,0,0.0333,0.6248
1580-141084-0002,3575,0,0.0416,0.5099
1580-141084-0002,3729,0,0.1097,0.7336
1580-141084-0002,4446,0,-0.0011,0.792
1580-141084-0002,4507,0,0.1064,0.6336
1580-141084-0002,4970,0,-0.1282,0.4396
1580-141084-0002,4992,0,0.1305,0.7131
1580-141084-0002,5142,0,0.0855,0.5718
1580-141084-0002,5683,0,0.0194,0.6476
1580-141084-0002,6829,0,-0.0527,0.6102
1580-141084-0002,8463,0,-0.0257,0.6929
1580-141084-0002,8555,0,0.0184,0.5117
1580-141084-0009,121,0,-0.0221,0.7785
1580-141084-0009,1221,0,0.1228,0.6313
1580-141084-0009,1284,0,0.0433,0.8308
1580-141084-0009,1580,1,0.015,0.7717
1580-141084-0009,1995,0,0.1147,0.7567
1580-141084-0009,2094,0,-0.0219,0.7227
1580-141084-0009,237,0,-0.0531,0.6383
1580-141084-0009,2961,0,0.1213,0.792
1580-141084-0009,3570,0,0.0676,0.6614
1580-141084-0009,3575,0,-0.006,0.5325
1580-141084-0009,3729,0,0.0131,0.7121
1580-141084-0009,4446,0,-0.008,0.7456
1580-141084-0009,4507,0,0.066,0.6417
1580-141084-0009,4970,0,-0.0894,0.4297
1580-141084-0009,4992,0,0.0885,0.6737
1580-141084-0009,5142,0,0.1019,0.5327
1580-141084-0009,5683,0,0.0047,0.6459
1580-141084-0009,6829,0,0.0026,0.598
1580-141084-0009,8463,0,-0.0617,0.6524
1580-141084-0009,8555,0,0.0386,0.4984
1580-141084-0010,121,0,-0.0648,0.711
1580-141084-0010,1221,0,0.1102,0.5119
1580-141084-0010,1284,0,0.0406,0.7367
1580-141084-0010,1580,1,0.054,0.6332
1580-141084-0010,1995,0,0.1517,0.671
1580-141084-0010,2094,0,0.0818,0.6298
1580-141084-0010,237,0,-0.0096,0.5357
1580-141084-0010,2961,0,0.1906,0.7599
1580-141084-0010,3570,0,0.1224,0.6306
1580-141084-0010,3575,0,0.044,0.4728
1580-141084-0010,3729,0,0.0378,0.6332
1580-141084-0010,4446,0,-0.0477,0.6322
1580-141084-0010,4507,0,0.0848,0.5655
1580-141084-0010,4970,0,-0.0388,0.368
1580-141084-0010,4992,0,0.0572,0.5567
1580-141084-0010,5142,0,0.1604,0.4411
1580-141084-0010,5683,0,0.1113,0.5396
1580-141084-0010,6829,0,-0.0226,0.513
1580-141084-0010,8463,0,-0.0568,0.5524
1580-141084-0010,8555,0,0.0486,0.4066
1580-141084-0042,121,0,0.0932,0.7777
1580-141084-0042,1221,0,0.1291,0.6679
1580-141084-0042,1284,0,0.1657,0.8508
1580-141084-0042,1580,1,0.0565,0.8236
1580-141084-0042,1995,0,0.0904,0.729
1580-141084-0042,2094,0,0.0354,0.729
1580-141084-0042,237,0,0.0635,0.6582
1580-141084-0042,2961,0,0.0734,0.7247
1580-141084-0042,3570,0,0.0289,0.6496
1580-141084-0042,3575,0,0.1537,0.5748
1580-141084-0042,3729,0,0.1609,0.7293
1580-141084-0042,4446,0,-0.0118,0.7702
1580-141084-0042,4507,0,0.0944,0.6639
1580-141084-0042,4970,0,-0.0439,0.4811
1580-141084-0042,4992,0,0.0777,0.6867
1580-141084-0042,5142,0,0.0957,0.552
1580-141084-0042,5683,0,0.0639,0.709
1580-141084-0042,6829,0,0.0424,0.5981
1580-141084-0042,8463,0,0.0041,0.6564
1580-141084-0042,8555,0,0.0731,0.5385
1995-1826-0002,121,0,0.0101,0.7817
1995-1826-0002,1221,0,0.0562,0.6058
1995-1826-0002,1284,0,0.1306,0.8102
1995-1826-0002,1580,0,0.0536,0.7503
1995-1826-0002,1995,1,0.1648,0.7511
1995-1826-0002,2094,0,-0.0627,0.7131
1995-1826-0002,237,0,0.0312,0.6231
1995-1826-0002,2961,0,0.1049,0.7815
1995-1826-0002,3570,0,0.1294,0.658
1995-1826-0002,3575,0,-0.0665,0.5607
1995-1826-0002,3729,0,0.1857,0.6968
1995-1826-0002,4446,0,0.0019,0.7146
1995-1826-0002,4507,0,0.1689,0.633
1995-1826-0002,4970,0,-0.0686,0.4523
1995-1826-0002,4992,0,0.0941,0.6532
1995-1826-0002,5142,0,0.0768,0.5257
1995-1826-0002,5683,0,-0.02,0.6388
1995-1826-0002,6829,0,-0.0243,0.5687
1995-1826-0002,8463,0,-0.0034,0.6518
1995-1826-0002,8555,0,0.0117,0.5069
1995-1826-0009,121,0,-0.0127,0.8074
1995-1826-0009,1221,0,0.0857,0.7153
1995-1826-0009,1284,0,0.0733,0.8757
1995-1826-0009,1580,0,0.0217,0.779
1995-1826-0009,1995,1,0.1299,0.8162
1995-1826-0009,2094,0,-0.0064,0.8
1995-1826-0009,237,0,-0.0112,0.6946
1995-1826-0009,2961,0,0.1817,0.8103
1995-1826-0009,3570,0,0.1136,0.6788
1995-1826-0009,3575,0,0.0487,0.5572
1995-1826-0009,3729,0,0.1093,0.7876
1995-1826-0009,4446,0,-0.0471,0.8161
1995-1826-0009,4507,0,0.0729,0.7029
1995-1826-0009,4970,0,-0.0207,0.5151
1995-1826-0009,4992,0,0.1732,0.7723
1995-1826-0009,5142,0,0.1333,0.6458
1995-1826-0009,5683,0,0.0939,0.6745
1995-1826-0009,6829,0,0.0668,0.723
1995-1826-0009,8463,0,-0.0127,0.7695
1995-1826-0009,8555,0,0.0147,0.5534
1995-1826-0018,121,0,-0.0882,0.7602
1995-1826-0018,1221,0,0.066,0.6295
1995-1826-0018,1284,0,0.0448,0.8237
1995-1826-0018,1580,0,0.0217,0.7172
1995-1826-0018,1995,1,0.0827,0.7591
1995-1826-0018,2094,0,-0.0,0.7071
1995-1826-0018,237,0,-0.0252,0.6137
1995-1826-0018,2961,0,0.1846,0.8024
1995-1826-0018,3570,0,0.1229,0.6383
1995-1826-0018,3575,0,0.0354,0.4865
1995-1826-0018,3729,0,0.0859,0.7115
1995-1826-0018,4446,0,-0.0256,0.7437
1995-1826-0018,4507,0,0.0259,0.6251
1995-1826-0018,4970,0,-0.0344,0.4382
1995-1826-0018,4992,0,0.1441,0.6843
1995-1826-0018,5142,0,0.143,0.5625
1995-1826-0018,5683,0,0.0492,0.6045
1995-1826-0018,6829,0,-0.0321,0.6176
1995-1826-0018,8463,0,0.0064,0.6837
1995-1826-0018,8555,0,0.0753,0.4878
1995-1826-0021,121,0,0.0641,0.7913
1995-1826-0021,1221,0,0.1158,0.6648
1995-1826-0021,1284,0,-0.0148,0.8587
1995-1826-0021,1580,0,0.017,0.7557
1995-1826-0021,1995,1,0.1392,0.7941
1995-1826-0021,2094,0,0.0314,0.7577
1995-1826-0021,237,0,-0.0337,0.659
1995-1826-0021,2961,0,0.1239,0.786
1995-1826-0021,3570,0,0.0552,0.6451
1995-1826-0021,3575,0,0.0192,0.5314
1995-1826-0021,3729,0,0.0961,0.7512
1995-1826-0021,4446,0,-0.0327,0.7851
1995-1826-0021,4507,0,0.0835,0.6537
1995-1826-0021,4970,0,-0.0785,0.4663
1995-1826-0021,4992,0,0.155,0.727
1995-1826-0021,5142,0,0.1179,0.5953
1995-1826-0021,5683,0,0.0648,0.6485
1995-1826-0021,6829,0,0.0125,0.646
1995-1826-0021,8463,0,-0.0327,0.7294
1995-1826-0021,8555,0,0.1036,0.5214
1995-1826-0023,121,0,-0.0364,0.7438
1995-1826-0023,1221,0,0.1234,0.6131
1995-1826-0023,1284,0,-0.0263,0.7952
1995-1826-0023,1580,0,-0.0018,0.684
1995-1826-0023,1995,1,0.2068,0.7725
1995-1826-0023,2094,0,0.0692,0.6925
1995-1826-0023,237,0,0.1045,0.5991
1995-1826-0023,2961,0,0.0979,0.7644
1995-1826-0023,3570,0,0.0243,0.6146
1995-1826-0023,3575,0,0.0475,0.5099
1995-1826-0023,3729,0,0.1523,0.6901
1995-1826-0023,4446,0,-0.0434,0.7057
1995-1826-0023,4507,0,0.1389,0.6126
1995-1826-0023,4970,0,-0.0,0.4491
1995-1826-0023,4992,0,0.1874,0.674
1995-1826-0023,5142,0,0.1944,0.5728
1995-1826-0023,5683,0,0.2076,0.6113
1995-1826-0023,6829,0,-0.0032,0.6008
1995-1826-0023,8463,0,0.0947,0.6792
1995-1826-0023,8555,0,0.1027,0.5139
1995-1836-0005,121,0,0.0158,0.8035
1995-1836-0005,1221,0,0.0825,0.6571
1995-1836-0005,1284,0,-0.0084,0.8388
1995-1836-0005,1580,0,0.003,0.7498
1995-1836-0005,1995,1,0.1206,0.8006
1995-1836-0005,2094,0,-0.0066,0.7431
1995-1836-0005,237,0,-0.0243,0.666
1995-1836-0005,2961,0,0.1894,0.8195
1995-1836-0005,3570,0,0.093,0.6726
1995-1836-0005,3575,0,0.004,0.5249
1995-1836-0005,3729,0,0.1239,0.7544
1995-1836-0005,4446,0,-0.066,0.7705
1995-1836-0005,4507,0,0.1042,0.6569
1995-1836-0005,4970,0,-0.0853,0.459
1995-1836-0005,4992,0,0.1927,0.7271
1995-1836-0005,5142,0,0.0793,0.5918
1995-1836-0005,5683,0,0.0552,0.6417
1995-1836-0005,6829,0,0.033,0.6388
1995-1836-0005,8463,0,0.0084,0.7319
1995-1836-0005,8555,0,0.047,0.5267
1995-1837-0001,121,0,-0.039,0.7669
1995-1837-0001,1221,0,0.0785,0.6458
1995-1837-0001,1284,0,0.0503,0.8599
1995-1837-0001,1580,0,0.0991,0.7836
1995-1837-0001,1995,1,0.1906,0.7516
1995-1837-0001,2094,0,0.0489,0.7431
1995-1837-0001,237,0,0.0292,0.6458
1995-1837-0001,2961,0,0.1598,0.7589
1995-1837-0001,3570,0,0.1226,0.6425
1995-1837-0001,3575,0,0.0267,0.5541
1995-1837-0001,3729,0,0.1712,0.7248
1995-1837-0001,4446,0,-0.054,0.766
1995-1837-0001,4507,0,0.1139,0.6524
1995-1837-0001,4970,0,-0.0209,0.4759
1995-1837-0001,4992,0,0.1232,0.683
1995-1837-0001,5142,0,0.127,0.5641
1995-1837-0001,5683,0,0.1342,0.6773
1995-1837-0001,6829,0,-0.0143,0.6224
1995-1837-0001,8463,0,0.0055,0.6671
1995-1837-0001,8555,0,0.0424,0.5177
1995-1837-0014,121,0,-0.0159,0.7181
1995-1837-0014,1221,0,0.1295,0.6253
1995-1837-0014,1284,0,0.0895,0.8458
1995-1837-0014,1580,0,0.1263,0.72
1995-1837-0014,1995,1,0.1668,0.7486
1995-1837-0014,2094,0,0.0407,0.7222
1995-1837-0014,237,0,0.0594,0.6191
1995-1837-0014,2961,0,0.1344,0.7392
1995-1837-0014,3570,0,0.1534,0.5979
1995-1837-0014,3575,0,0.1084,0.4985
1995-1837-0014,3729,0,0.1329,0.6828
1995-1837-0014,4446,0,0.0209,0.7448
1995-1837-0014,4507,0,0.1048,0.6066
1995-1837-0014,4970,0,-0.0029,0.4546
1995-1837-0014,4992,0,0.2341,0.6689
1995-1837-0014,5142,0,0.1882,0.5583
1995-1837-0014,5683,0,0.0906,0.6049
1995-1837-0014,6829,0,0.0277,0.6239
1995-1837-0014,8463,0,0.051,0.6657
1995-1837-0014,8555,0,0.0345,0.4749
1995-1837-0018,121,0,0.0528,0.7692
1995-1837-0018,1221,0,0.1494,0.6841
1995-1837-0018,1284,0,0.0452,0.8816
1995-1837-0018,1580,0,0.0751,0.7733
1995-1837-0018,1995,1,0.1911,0.7922
1995-1837-0018,2094,0,0.0559,0.7508
1995-1837-0018,237,0,0.066,0.6727
1995-1837-0018,2961,0,0.1176,0.7471
1995-1837-0018,3570,0,0.1139,0.6285
1995-1837-0018,3575,0,0.0653,0.5407
1995-1837-0018,3729,0,0.1325,0.7324
1995-1837-0018,4446,0,-0.0254,0.794
1995-1837-0018,4507,0,0.2159,0.6494
1995-1837-0018,4970,0,-0.0124,0.5036
1995-1837-0018,4992,0,0.1945,0.729
1995-1837-0018,5142,0,0.1525,0.6101
1995-1837-0018,5683,0,0.1382,0.6654
1995-1837-0018,6829,0,0.0317,0.6433
1995-1837-0018,8463,0,0.0309,0.7298
1995-1837-0018,8555,0,0.111,0.5433
1995-1837-0026,121,0,-0.0068,0.6496
1995-1837-0026,1221,0,0.1222,0.6193
1995-1837-0026,1284,0,0.0348,0.8431
1995-1837-0026,1580,0,0.1241,0.7105
1995-1837-0026,1995,1,0.0563,0.6982
1995-1837-0026,2094,0,0.0144,0.6863
1995-1837-0026,237,0,-0.0142,0.5711
1995-1837-0026,2961,0,0.0949,0.6021
1995-1837-0026,3570,0,0.0437,0.4927
1995-1837-0026,3575,0,0.0488,0.4477
1995-1837-0026,3729,0,0.0927,0.6374
1995-1837-0026,4446,0,-0.0053,0.7365
1995-1837-0026,4507,0,0.1339,0.5615
1995-1837-0026,4970,0,-0.0129,0.4385
1995-1837-0026,4992,0,0.2209,0.6601
1995-1837-0026,5142,0,0.1038,0.5605
1995-1837-0026,5683,0,0.0295,0.5891
1995-1837-0026,6829,0,0.0566,0.5802
1995-1837-0026,8463,0,0.0884,0.6531
1995-1837-0026,8555,0,0.059,0.4652
2094-142345-0001,121,0,0.0194,0.7628
2094-142345-0001,1221,0,0.0499,0.6231
2094-142345-0001,1284,0,0.0871,0.831
2094-142345-0001,1580,0,0.096,0.7321
2094-142345-0001,1995,0,0.2017,0.7679
2094-142345-0001,2094,1,0.0799,0.7188
2094-142345-0001,237,0,0.0568,0.6184
2094-142345-0001,2961,0,0.1536,0.7819
2094-142345-0001,3570,0,0.0881,0.6274
2094-142345-0001,3575,0,0.1027,0.5068
2094-142345-0001,3729,0,0.1376,0.7048
2094-142345-0001,4446,0,-0.0221,0.7368
2094-142345-0001,4507,0,0.1803,0.6175
2094-142345-0001,4970,0,0.0473,0.4266
2094-142345-0001,4992,0,0.1374,0.6753
2094-142345-0001,5142,0,0.1181,0.5392
2094-142345-0001,5683,0,0.0738,0.6193
2094-142345-0001,6829,0,0.062,0.6008
2094-142345-0001,8463,0,0.009,0.6653
2094-142345-0001,8555,0,0.0647,0.478
2094-142345-0013,121,0,0.0143,0.7221
2094-142345-0013,1221,0,0.121,0.6239
2094-142345-0013,1284,0,0.1166,0.841
2094-142345-0013,1580,0,0.0843,0.7116
2094-142345-0013,1995,0,0.1704,0.7505
2094-142345-0013,2094,1,0.0519,0.7107
2094-142345-0013,237,0,-0.0037,0.62
2094-142345-0013,2961,0,0.2195,0.7206
2094-142345-0013,3570,0,0.1352,0.5868
2094-142345-0013,3575,0,0.0896,0.4787
2094-142345-0013,3729,0,0.1402,0.691
2094-142345-0013,4446,0,-0.0081,0.7487
2094-142345-0013,4507,0,0.1171,0.602
2094-142345-0013,4970,0,-0.0515,0.4387
2094-142345-0013,4992,0,0.1583,0.6757
2094-142345-0013,5142,0,0.1668,0.5662
2094-142345-0013,5683,0,0.0835,0.6047
2094-142345-0013,6829,0,0.0049,0.6016
2094-142345-0013,8463,0,-0.0066,0.6724
2094-142345-0013,8555,0,0.0751,0.4867
2094-142345-0021,121,0,-0.0076,0.6877
2094-142345-0021,1221,0,0.0329,0.5881
2094-142345-0021,1284,0,-0.0225,0.8061
2094-142345-0021,1580,0,-0.0206,0.6518
2094-142345-0021,1995,0,0.1771,0.7192
2094-142345-0021,2094,1,0.0435,0.6757
2094-142345-0021,237,0,-0.0287,0.577
2094-142345-0021,2961,0,0.1385,0.6898
2094-142345-0021,3570,0,0.0893,0.5643
2094-142345-0021,3575,0,0.022,0.4982
2094-142345-0021,3729,0,0.0346,0.6529
2094-142345-0021,4446,0,-0.0223,0.699
2094-142345-0021,4507,0,0.0537,0.5697
2094-142345-0021,4970,0,-0.0485,0.4532
2094-142345-0021,4992,0,0.0805,0.6233
2094-142345-0021,5142,0,0.1105,0.5389
2094-142345-0021,5683,0,0.0411,0.5822
2094-142345-0021,6829,0,0.046,0.5693
2094-142345-0021,8463,0,-0.0568,0.6241
2094-142345-0021,8555,0,0.0439,0.4682
2094-142345-0024,121,0,0.027,0.6633
2094-142345-0024,1221,0,0.0639,0.6021
2094-142345-0024,1284,0,0.0084,0.8081
2094-142345-0024,1580,0,0.0008,0.6549
2094-142345-0024,1995,0,0.1585,0.7431
2094-142345-0024,2094,1,0.0017,0.6708
2094-142345-0024,237,0,0.0134,0.5749
2094-142345-0024,2961,0,0.1279,0.6893
2094-142345-0024,3570,0,0.0307,0.5332
2094-142345-0024,3575,0,0.0353,0.4797
2094-142345-0024,3729,0,0.0668,0.6342
2094-142345-0024,4446,0,-0.0729,0.7009
2094-142345-0024,4507,0,0.0628,0.5691
2094-142345-0024,4970,0,-0.104,0.4731
2094-142345-0024,4992,0,0.1449,0.6421
2094-142345-0024,5142,0,0.1335,0.5745
2094-142345-0024,5683,0,0.1122,0.5698
2094-142345-0024,6829,0,0.0213,0.5992
2094-142345-0024,8463,0,0.0135,0.6576
2094-142345-0024,8555,0,0.0506,0.4851
2094-142345-0028,121,0,-0.0101,0.8018
2094-142345-0028,1221,0,0.0804,0.7141
2094-142345-0028,1284,0,0.1983,0.9019
2094-142345-0028,1580,0,0.1471,0.8285
2094-142345-0028,1995,0,0.1006,0.8023
2094-142345-0028,2094,1,-0.0412,0.7778
2094-142345-0028,237,0,0.045,0.7184
2094-142345-0028,2961,0,0.1258,0.7799
2094-142345-0028,3570,0,0.049,0.6652
2094-142345-0028,3575,0,-0.0239,0.5384
2094-142345-0028,3729,0,0.1155,0.771
2094-142345-0028,4446,0,0.0837,0.8342
2094-142345-0028,4507,0,0.1402,0.6801
2094-142345-0028,4970,0,-0.0365,0.4874
2094-142345-0028,4992,0,0.1553,0.755
2094-142345-0028,5142,0,0.0578,0.6157
2094-142345-0028,5683,0,0.0339,0.6972
2094-142345-0028,6829,0,0.0946,0.6658
2094-142345-0028,8463,0,0.0229,0.7341
2094-142345-0028,8555,0,0.0586,0.5524
2094-142345-0034,121,0,-0.0301,0.8072
2094-142345-0034,1221,0,0.0683,0.6856
2094-142345-0034,1284,0,0.1187,0.8823
2094-142345-0034,1580,0,0.0898,0.7852
2094-142345-0034,1995,0,0.2125,0.8102
2094-142345-0034,2094,1,0.047,0.7801
2094-142345-0034,237,0,-0.0236,0.6954
2094-142345-0034,2961,0,0.1841,0.7925
2094-142345-0034,3570,0,0.2021,0.6696
2094-142345-0034,3575,0,-0.0353,0.5528
2094-142345-0034,3729,0,0.1341,0.7608
2094-142345-0034,4446,0,0.0634,0.8036
2094-142345-0034,4507,0,0.1945,0.6627
2094-142345-0034,4970,0,-0.0291,0.477
2094-142345-0034,4992,0,0.1573,0.7405
2094-142345-0034,5142,0,0.1107,0.594
2094-142345-0034,5683,0,0.0294,0.6739
2094-142345-0034,6829,0,0.0359,0.6521
2094-142345-0034,8463,0,0.0156,0.7345
2094-142345-0034,8555,0,0.1076,0.5337
2094-142345-0036,121,0,-0.0361,0.6976
2094-142345-0036,1221,0,0.084,0.6362
2094-142345-0036,1284,0,0.1233,0.864
2094-142345-0036,1580,0,0.14,0.7346
2094-142345-0036,1995,0,0.1344,0.7459
2094-142345-0036,2094,1,0.0532,0.7342
2094-142345-0036,237,0,0.0073,0.6129
2094-142345-0036,2961,0,0.1692,0.6931
2094-142345-0036,3570,0,0.1464,0.5545
2094-142345-0036,3575,0,0.0006,0.5008
2094-142345-0036,3729,0,0.1641,0.6748
2094-142345-0036,4446,0,0.0493,0.7539
2094-142345-0036,4507,0,0.1607,0.6003
2094-142345-0036,4970,0,-0.0213,0.4667
2094-142345-0036,4992,0,0.2166,0.6801
2094-142345-0036,5142,0,0.093,0.5759
2094-142345-0036,5683,0,0.0317,0.6187
2094-142345-0036,6829,0,0.0667,0.627
2094-142345-0036,8463,0,0.0459,0.6769
2094-142345-0036,8555,0,0.0391,0.4839
2094-142345-0037,121,0,0.0427,0.7138
2094-142345-0037,1221,0,0.1314,0.6655
2094-142345-0037,1284,0,0.0196,0.883
2094-142345-0037,1580,0,0.0707,0.7667
2094-142345-0037,1995,0,0.0489,0.7285
2094-142345-0037,2094,1,0.1246,0.7599
2094-142345-0037,237,0,0.0135,0.6348
2094-142345-0037,2961,0,0.1745,0.6618
2094-142345-0037,3570,0,0.1153,0.5604
2094-142345-0037,3575,0,0.0662,0.5301
2094-142345-0037,3729,0,0.1102,0.7121
2094-142345-0037,4446,0,-0.0667,0.7895
2094-142345-0037,4507,0,0.112,0.6352
2094-142345-0037,4970,0,-0.0656,0.5013
2094-142345-0037,4992,0,0.1015,0.6991
2094-142345-0037,5142,0,0.1415,0.6054
2094-142345-0037,5683,0,0.0634,0.6561
2094-142345-0037,6829,0,-0.0096,0.6472
2094-142345-0037,8463,0,0.0255,0.6938
2094-142345-0037,8555,0,0.0852,0.5136
2094-142345-0049,121,0,-0.0124,0.7871
2094-142345-0049,1221,0,0.0646,0.6395
2094-142345-0049,1284,0,0.0514,0.8331
2094-142345-0049,1580,0,0.0331,0.7411
2094-142345-0049,1995,0,0.272,0.7762
2094-142345-0049,2094,1,0.093,0.7505
2094-142345-0049,237,0,0.0315,0.6409
2094-142345-0049,2961,0,0.1484,0.7901
2094-142345-0049,3570,0,0.1328,0.6607
2094-142345-0049,3575,0,0.0356,0.5283
2094-142345-0049,3729,0,0.2091,0.739
2094-142345-0049,4446,0,-0.0286,0.76
2094-142345-0049,4507,0,0.1286,0.6588
2094-142345-0049,4970,0,-0.1032,0.4414
2094-142345-0049,4992,0,0.1757,0.6955
2094-142345-0049,5142,0,0.0961,0.5652
2094-142345-0049,5683,0,0.0246,0.6311
2094-142345-0049,6829,0,-0.0478,0.6342
2094-142345-0049,8463,0,0.0331,0.6743
2094-142345-0049,8555,0,-0.0579,0.5035
2094-142345-0052,121,0,0.0408,0.6407
2094-142345-0052,1221,0,0.1005,0.5658
2094-142345-0052,1284,0,0.0098,0.7723
2094-142345-0052,1580,0,0.0362,0.6099
2094-142345-0052,1995,0,0.1442,0.699
2094-142345-0052,2094,1,0.02,0.6348
2094-142345-0052,237,0,0.0089,0.5634
2094-142345-0052,2961,0,0.1498,0.6419
2094-142345-0052,3570,0,0.1249,0.5276
2094-142345-0052,3575,0,0.0486,0.4253
2094-142345-0052,3729,0,0.1553,0.6129
2094-142345-0052,4446,0,0.0103,0.6806
2094-142345-0052,4507,0,0.0967,0.5374
2094-142345-0052,4970,0,-0.0475,0.4158
2094-142345-0052,4992,0,0.1125,0.6068
2094-142345-0052,5142,0,0.1612,0.5391
2094-142345-0052,5683,0,0.0438,0.5266
2094-142345-0052,6829,0,-0.0093,0.5327
2094-142345-0052,8463,0,-0.0549,0.6061
2094-142345-0052,8555,0,0.0427,0.4661
2300-131720-0001,1089,0,0.2194,0.8796
2300-131720-0001,1188,0,0.21,0.8702
2300-131720-0001,1320,0,0.2376,0.8072
2300-131720-0001,2300,1,0.2451,0.6015
2300-131720-0001,260,0,0.0644,0.8993
2300-131720-0001,2830,0,0.1725,0.7989
2300-131720-0001,4077,0,0.0569,0.8418
2300-131720-0001,5105,0,0.0532,0.8398
2300-131720-0001,5639,0,0.2225,0.9384
2300-131720-0001,61,0,0.0789,0.8506
2300-131720-0001,672,0,0.2479,0.9383
2300-131720-0001,6930,0,-0.0371,0.8107
2300-131720-0001,7021,0,0.095,0.7848
2300-131720-0001,7127,0,0.2614,0.7461
2300-131720-0001,7176,0,-0.1043,0.8423
2300-131720-0001,7729,0,0.1826,0.8569
2300-131720-0001,8224,0,0.0686,0.8468
2300-131720-0001,8230,0,0.0275,0.849
2300-131720-0001,8455,0,0.1385,0.7859
2300-131720-0001,908,0,-0.1497,0.9053
2300-131720-0002,1089,0,0.2077,0.8579
2300-131720-0002,1188,0,0.2479,0.8861
2300-131720-0002,1320,0,0.1943,0.796
2300-131720-0002,2300,1,0.1549,0.6205
2300-131720-0002,260,0,0.0589,0.9142
2300-131720-0002,2830,0,0.202,0.8269
2300-131720-0002,4077,0,0.1116,0.8723
2300-131720-0002,5105,0,0.1093,0.8331
2300-131720-0002,5639,0,0.3049,0.9358
2300-131720-0002,61,0,0.0939,0.8724
2300-131720-0002,672,0,0.2056,0.8979
2300-131720-0002,6930,0,-0.0524,0.7994
2300-131720-0002,7021,0,0.0859,0.7726
2300-131720-0002,7127,0,0.28,0.7727
2300-131720-0002,7176,0,-0.0866,0.8548
2300-131720-0002,7729,0,0.2486,0.9065
2300-131720-0002,8224,0,0.0311,0.8017
2300-131720-0002,8230,0,0.0754,0.8475
2300-131720-0002,8455,0,0.1537,0.776
2300-131720-0002,908,0,-0.0744,0.8813
2300-131720-0005,1089,0,0.1111,0.8767
2300-131720-0005,1188,0,0.1383,0.8804
2300-131720-0005,1320,0,0.1359,0.8005
2300-131720-0005,2300,1,0.1847,0.6197
2300-131720-0005,260,0,0.1361,0.8977
2300-131720-0005,2830,0,0.2047,0.8285
2300-131720-0005,4077,0,0.0457,0.8553
2300-131720-0005,5105,0,0.0245,0.8211
2300-131720-0005,5639,0,0.176,0.9118
2300-131720-0005,61,0,-0.0367,0.8461
2300-131720-0005,672,0,0.1599,0.8996
2300-131720-0005,6930,0,0.0534,0.81
2300-131720-0005,7021,0,0.0731,0.7646
2300-131720-0005,7127,0,0.224,0.7767
2300-131720-0005,7176,0,-0.1323,0.8288
2300-131720-0005,7729,0,0.1433,0.8978
2300-131720-0005,8224,0,0.1036,0.7664
2300-131720-0005,8230,0,-0.0075,0.8538
2300-131720-0005,8455,0,0.1297,0.7841
2300-131720-0005,908,0,-0.1037,0.8751
2300-131720-0010,1089,0,0.1829,0.8239
2300-131720-0010,1188,0,0.165,0.8542
2300-131720-0010,1320,0,0.1517,0.7397
2300-131720-0010,2300,1,0.1803,0.5424
2300-131720-0010,260,0,0.0937,0.8801
2300-131720-0010,2830,0,0.1412,0.7863
2300-131720-0010,4077,0,0.0403,0.7826
2300-131720-0010,5105,0,-0.0174,0.7682
2300-131720-0010,5639,0,0.1974,0.9029
2300-131720-0010,61,0,-0.0315,0.8238
2300-131720-0010,672,0,0.24,0.8849
2300-131720-0010,6930,0,-0.037,0.7842
2300-131720-0010,7021,0,0.0912,0.7129
2300-131720-0010,7127,0,0.1817,0.6771
2300-131720-0010,7176,0,-0.1271,0.815
2300-131720-0010,7729,0,0.2147,0.828
2300-131720-0010,8224,0,0.0947,0.8044
2300-131720-0010,8230,0,0.0156,0.8334
2300-131720-0010,8455,0,0.1128,0.7437
2300-131720-0010,908,0,-0.1095,0.8572
2300-131720-0012,1089,0,0.2422,0.8674
2300-131720-0012,1188,0,0.1673,0.8973
2300-131720-0012,1320,0,0.1757,0.808
2300-131720-0012,2300,1,0.2462,0.6188
2300-131720-0012,260,0,0.0764,0.9159
2300-131720-0012,2830,0,0.1851,0.8294
2300-131720-0012,4077,0,0.0693,0.8393
2300-131720-0012,5105,0,0.0379,0.8439
2300-131720-0012,5639,0,0.2382,0.9163
2300-131720-0012,61,0,0.1338,0.8816
2300-131720-0012,672,0,0.2324,0.918
2300-131720-0012,6930,0,-0.071,0.8253
2300-131720-0012,7021,0,0.0618,0.7813
2300-131720-0012,7127,0,0.2313,0.752
2300-131720-0012,7176,0,-0.0999,0.8614
2300-131720-0012,7729,0,0.196,0.8766
2300-131720-0012,8224,0,0.0699,0.834
2300-131720-0012,8230,0,0.0682,0.8714
2300-131720-0012,8455,0,0.1646,0.7988
2300-131720-0012,908,0,-0.1469,0.8869
2300-131720-0013,1089,0,0.1838,0.8922
2300-131720-0013,1188,0,0.1578,0.8764
2300-131720-0013,1320,0,0.1701,0.8243
2300-131720-0013,2300,1,0.1367,0.654
2300-131720-0013,260,0,0.1285,0.9118
2300-131720-0013,2830,0,0.1786,0.8079
2300-131720-0013,4077,0,0.0371,0.8808
2300-131720-0013,5105,0,0.0038,0.8381
2300-131720-0013,5639,0,0.2092,0.9125
2300-131720-0013,61,0,-0.038,0.867
2300-131720-0013,672,0,0.2413,0.9293
2300-131720-0013,6930,0,0.0046,0.8391
2300-131720-0013,7021,0,0.0331,0.7851
2300-131720-0013,7127,0,0.2536,0.779
2300-131720-0013,7176,0,-0.1997,0.8475
2300-131720-0013,7729,0,0.1396,0.8933
2300-131720-0013,8224,0,0.0926,0.7952
2300-131720-0013,8230,0,0.0742,0.8621
2300-131720-0013,8455,0,0.2303,0.8347
2300-131720-0013,908,0,-0.0649,0.8929
2300-131720-0021,1089,0,0.2264,0.8397
2300-131720-0021,1188,0,0.1374,0.8454
2300-131720-0021,1320,0,0.1232,0.7503
2300-131720-0021,2300,1,0.1312,0.5686
2300-131720-0021,260,0,0.0289,0.8741
2300-131720-0021,2830,0,0.1364,0.762
2300-131720-0021,4077,0,0.0681,0.8193
2300-131720-0021,5105,0,0.0227,0.7659
2300-131720-0021,5639,0,0.199,0.9086
2300-131720-0021,61,0,0.0078,0.8148
2300-131720-0021,672,0,0.1984,0.8923
2300-131720-0021,6930,0,-0.0827,0.7715
2300-131720-0021,7021,0,0.0111,0.7135
2300-131720-0021,7127,0,0.2106,0.6994
2300-131720-0021,7176,0,-0.1757,0.8011
2300-131720-0021,7729,0,0.1971,0.8396
2300-131720-0021,8224,0,-0.001,0.7978
2300-131720-0021,8230,0,0.0719,0.8211
2300-131720-0021,8455,0,0.112,0.7656
2300-131720-0021,908,0,-0.1424,0.8577
2300-131720-0034,1089,0,0.1284,0.8114
2300-131720-0034,1188,0,0.1708,0.8359
2300-131720-0034,1320,0,0.1588,0.7273
2300-131720-0034,2300,1,0.2261,0.4779
2300-131720-0034,260,0,0.0871,0.8955
2300-131720-0034,2830,0,0.206,0.8029
2300-131720-0034,4077,0,0.0818,0.7988
2300-131720-0034,5105,0,0.0417,0.7481
2300-131720-0034,5639,0,0.2222,0.9129
2300-131720-0034,61,0,0.0612,0.8162
2300-131720-0034,672,0,0.1959,0.8783
2300-131720-0034,6930,0,-0.001,0.8033
2300-131720-0034,7021,0,0.1111,0.6678
2300-131720-0034,7127,0,0.2251,0.6845
2300-131720-0034,7176,0,-0.0995,0.8241
2300-131720-0034,7729,0,0.1121,0.792
2300-131720-0034,8224,0,0.0139,0.7593
2300-131720-0034,8230,0,0.0393,0.8362
2300-131720-0034,8455,0,0.1662,0.7426
2300-131720-0034,908,0,-0.1448,0.8294
2300-131720-0037,1089,0,0.1544,0.7874
2300-131720-0037,1188,0,0.1026,0.8209
2300-131720-0037,1320,0,0.1048,0.6801
2300-131720-0037,2300,1,0.1621,0.4351
2300-131720-0037,260,0,0.0625,0.8505
2300-131720-0037,2830,0,0.1486,0.7755
2300-131720-0037,4077,0,0.0372,0.7426
2300-131720-0037,5105,0,0.0368,0.7171
2300-131720-0037,5639,0,0.2307,0.9026
2300-131720-0037,61,0,-0.0133,0.8042
2300-131720-0037,672,0,0.1125,0.8552
2300-131720-0037,6930,0,-0.0125,0.7642
2300-131720-0037,7021,0,0.0509,0.6273
2300-131720-0037,7127,0,0.1247,0.6284
2300-131720-0037,7176,0,-0.138,0.8041
2300-131720-0037,7729,0,0.1634,0.7666
2300-131720-0037,8224,0,0.0367,0.8018
2300-131720-0037,8230,0,0.0294,0.8398
2300-131720-0037,8455,0,0.108,0.6958
2300-131720-0037,908,0,-0.0888,0.7987
2300-131720-0040,1089,0,0.2031,0.8089
2300-131720-0040,1188,0,0.1786,0.8436
2300-131720-0040,1320,0,0.1566,0.7031
2300-131720-0040,2300,1,0.2233,0.4458
2300-131720-0040,260,0,0.1214,0.8658
2300-131720-0040,2830,0,0.1934,0.8132
2300-131720-0040,4077,0,0.1246,0.7538
2300-131720-0040,5105,0,0.0333,0.7203
2300-131720-0040,5639,0,0.2396,0.894
2300-131720-0040,61,0,0.091,0.7889
2300-131720-0040,672,0,0.1903,0.8598
2300-131720-0040,6930,0,-0.035,0.7773
2300-131720-0040,7021,0,0.0811,0.6299
2300-131720-0040,7127,0,0.1802,0.6697
2300-131720-0040,7176,0,-0.0157,0.8032
2300-131720-0040,7729,0,0.2764,0.7574
2300-131720-0040,8224,0,0.067,0.7741
2300-131720-0040,8230,0,0.0963,0.855
2300-131720-0040,8455,0,0.1006,0.7138
2300-131720-0040,908,0,-0.0535,0.7819
237-126133-0006,121,0,0.0155,0.7582
237-126133-0006,1221,0,0.0825,0.5998
237-126133-0006,1284,0,0.1144,0.8171
237-126133-0006,1580,0,0.1167,0.737
237-126133-0006,1995,0,0.1277,0.7348
237-126133-0006,2094,0,0.014,0.7155
237-126133-0006,237,1,0.0107,0.6184
237-126133-0006,2961,0,0.1374,0.7527
237-126133-0006,3570,0,0.077,0.6566
237-126133-0006,3575,0,0.0287,0.5279
237-126133-0006,3729,0,0.1346,0.6883
237-126133-0006,4446,0,-0.0563,0.7163
237-126133-0006,4507,0,0.1312,0.625
237-126133-0006,4970,0,-0.0648,0.419
237-126133-0006,4992,0,0.1361,0.6454
237-126133-0006,5142,0,0.0408,0.502
237-126133-0006,5683,0,0.1341,0.6172
237-126133-0006,6829,0,0.0133,0.5837
237-126133-0006,8463,0,0.0199,0.6347
237-126133-0006,8555,0,-0.0263,0.4626
237-126133-0019,121,0,0.0465,0.7954
237-126133-0019,1221,0,0.072,0.6942
237-126133-0019,1284,0,0.1294,0.8797
237-126133-0019,1580,0,0.0479,0.7994
237-126133-0019,1995,0,0.1441,0.7662
237-126133-0019,2094,0,-0.0004,0.7591
237-126133-0019,237,1,-0.0131,0.6787
237-126133-0019,2961,0,0.1843,0.7767
237-126133-0019,3570,0,0.0801,0.6656
237-126133-0019,3575,0,-0.0225,0.5438
237-126133-0019,3729,0,0.0875,0.7694
237-126133-0019,4446,0,-0.0653,0.8073
237-126133-0019,4507,0,0.054,0.6812
237-126133-0019,4970,0,-0.0652,0.4879
237-126133-0019,4992,0,0.1436,0.7285
237-126133-0019,5142,0,0.0908,0.6017
237-126133-0019,5683,0,0.0111,0.6876
237-126133-0019,6829,0,-0.0051,0.6552
237-126133-0019,8463,0,-0.0216,0.7162
237-126133-0019,8555,0,0.0555,0.5364
237-126133-0021,121,0,-0.0265,0.7472
237-126133-0021,1221,0,0.079,0.6407
237-126133-0021,1284,0,0.0594,0.8618
237-126133-0021,1580,0,0.0583,0.7309
237-126133-0021,1995,0,0.1533,0.766
237-126133-0021,2094,0,-0.0102,0.7546
237-126133-0021,237,1,0.0508,0.6489
237-126133-0021,2961,0,0.0962,0.7341
237-126133-0021,3570,0,0.1232,0.6065
237-126133-0021,3575,0,0.0108,0.5008
237-126133-0021,3729,0,0.1144,0.7059
237-126133-0021,4446,0,-0.0477,0.769
237-126133-0021,4507,0,0.0601,0.6116
237-126133-0021,4970,0,-0.1067,0.4416
237-126133-0021,4992,0,0.1215,0.6907
237-126133-0021,5142,0,0.1159,0.5601
237-126133-0021,5683,0,0.0752,0.6164
237-126133-0021,6829,0,-0.0274,0.6154
237-126133-0021,8463,0,0.0085,0.6807
237-126133-0021,8555,0,0.0346,0.4762
237-126133-0022,121,0,0.0105,0.8734
237-126133-0022,1221,0,0.1402,0.7355
237-126133-0022,1284,0,0.1429,0.8784
237-126133-0022,1580,0,0.1498,0.8225
237-126133-0022,1995,0,0.128,0.8184
237-126133-0022,2094,0,-0.0299,0.8237
237-126133-0022,237,1,0.0849,0.731
237-126133-0022,2961,0,0.2504,0.8458
237-126133-0022,3570,0,0.1811,0.7299
237-126133-0022,3575,0,0.1117,0.58
237-126133-0022,3729,0,0.1334,0.8322
237-126133-0022,4446,0,-0.0405,0.8407
237-126133-0022,4507,0,0.0725,0.7369
237-126133-0022,4970,0,0.0381,0.4987
237-126133-0022,4992,0,0.2554,0.7912
237-126133-0022,5142,0,0.0993,0.6299
237-126133-0022,5683,0,0.0785,0.7023
237-126133-0022,6829,0,0.1116,0.7116
237-126133-0022,8463,0,0.0826,0.785
237-126133-0022,8555,0,0.1098,0.559
237-134493-0016,121,0,0.015,0.8163
237-134493-0016,1221,0,0.0603,0.6339
237-134493-0016,1284,0,-0.0107,0.8134
237-134493-0016,1580,0,0.0245,0.7285
237-134493-0016,1995,0,0.0431,0.7795
237-134493-0016,2094,0,-0.0027,0.7128
237-134493-0016,237,1,-0.0046,0.6598
237-134493-0016,2961,0,0.1705,0.8304
237-134493-0016,3570,0,0.0945,0.7084
237-134493-0016,3575,0,0.0143,0.5312
237-134493-0016,3729,0,0.1034,0.7371
237-134493-0016,4446,0,0.0145,0.7368
237-134493-0016,4507,0,0.0707,0.6428
237-134493-0016,4970,0,-0.073,0.4325
237-134493-0016,4992,0,0.1985,0.6841
237-134493-0016,5142,0,0.036,0.5258
237-134493-0016,5683,0,0.0794,0.6263
237-134493-0016,6829,0,0.0245,0.5923
237-134493-0016,8463,0,0.0326,0.6792
237-134493-0016,8555,0,0.0257,0.4908
237-134493-0018,121,0,0.0318,0.7704
237-134493-0018,1221,0,0.1309,0.6933
237-134493-0018,1284,0,0.1282,0.871
237-134493-0018,1580,0,0.054,0.7651
237-134493-0018,1995,0,0.1593,0.7769
237-134493-0018,2094,0,0.0245,0.7504
237-134493-0018,237,1,0.0073,0.673
237-134493-0018,2961,0,0.1438,0.7535
237-134493-0018,3570,0,0.0885,0.6257
237-134493-0018,3575,0,0.091,0.4859
237-134493-0018,3729,0,0.1264,0.7619
237-134493-0018,4446,0,0.0211,0.8154
237-134493-0018,4507,0,0.1223,0.6704
237-134493-0018,4970,0,-0.0244,0.48
237-134493-0018,4992,0,0.1874,0.7488
237-134493-0018,5142,0,0.1292,0.6433
237-134493-0018,5683,0,0.0743,0.6425
237-134493-0018,6829,0,0.0618,0.6673
237-134493-0018,8463,0,0.063,0.7519
237-134493-0018,8555,0,0.0347,0.5404
237-134500-0010,121,0,-0.011,0.85
237-134500-0010,1221,0,0.1386,0.6604
237-134500-0010,1284,0,0.1542,0.8419
237-134500-0010,1580,0,0.1272,0.7989
237-134500-0010,1995,0,0.0736,0.7916
237-134500-0010,2094,0,0.001,0.7808
237-134500-0010,237,1,0.0493,0.7078
237-134500-0010,2961,0,0.1998,0.8368
237-134500-0010,3570,0,0.1251,0.7203
237-134500-0010,3575,0,0.0387,0.5881
237-134500-0010,3729,0,0.094,0.7723
237-134500-0010,4446,0,-0.057,0.7753
237-134500-0010,4507,0,0.0408,0.6823
237-134500-0010,4970,0,-0.0245,0.4663
237-134500-0010,4992,0,0.1467,0.7215
237-134500-0010,5142,0,0.1174,0.5563
237-134500-0010,5683,0,0.0921,0.6843
237-134500-0010,6829,0,-0.0565,0.6357
237-134500-0010,8463,0,-0.0071,0.7244
237-134500-0010,8555,0,0.0739,0.5203
237-134500-0013,121,0,-0.0233,0.7991
237-134500-0013,1221,0,0.0901,0.6567
237-134500-0013,1284,0,0.0526,0.8557
237-134500-0013,1580,0,0.0023,0.7838
237-134500-0013,1995,0,0.105,0.7806
237-134500-0013,2094,0,-0.0225,0.7475
237-134500-0013,237,1,-0.0052,0.6724
237-134500-0013,2961,0,0.185,0.7962
237-134500-0013,3570,0,0.0962,0.6806
237-134500-0013,3575,0,-0.0282,0.5363
237-134500-0013,3729,0,0.1171,0.7403
237-134500-0013,4446,0,-0.0124,0.7761
237-134500-0013,4507,0,0.1117,0.6623
237-134500-0013,4970,0,-0.1066,0.447
237-134500-0013,4992,0,0.1476,0.7052
237-134500-0013,5142,0,0.1324,0.5557
237-134500-0013,5683,0,0.0478,0.6496
237-134500-0013,6829,0,-0.0386,0.6275
237-134500-0013,8463,0,-0.0288,0.6885
237-134500-0013,8555,0,-0.0077,0.5081
237-134500-0014,121,0,-0.0534,0.7795
237-134500-0014,1221,0,0.0731,0.5751
237-134500-0014,1284,0,-0.0579,0.7578
237-134500-0014,1580,0,0.0608,0.6654
237-134500-0014,1995,0,0.1288,0.7575
237-134500-0014,2094,0,-0.0594,0.6622
237-134500-0014,237,1,0.0341,0.6151
237-134500-0014,2961,0,0.1408,0.8343
237-134500-0014,3570,0,0.0762,0.7047
237-134500-0014,3575,0,0.0538,0.4926
237-134500-0014,3729,0,0.0826,0.6864
237-134500-0014,4446,0,-0.0899,0.6801
237-134500-0014,4507,0,0.0816,0.6122
237-134500-0014,4970,0,-0.0754,0.4003
237-134500-0014,4992,0,0.1459,0.6356
237-134500-0014,5142,0,0.0638,0.5047
237-134500-0014,5683,0,0.0288,0.56
237-134500-0014,6829,0,0.0062,0.5557
237-134500-0014,8463,0,0.0146,0.6383
237-134500-0014,8555,0,-0.0596,0.474
237-134500-0018,121,0,0.0012,0.8466
237-134500-0018,1221,0,0.1012,0.7159
237-134500-0018,1284,0,0.0376,0.8872
237-134500-0018,1580,0,0.0933,0.8078
237-134500-0018,1995,0,0.1883,0.8579
237-134500-0018,2094,0,-0.0045,0.8081
237-134500-0018,237,1,0.0602,0.7404
237-134500-0018,2961,0,0.1598,0.8124
237-134500-0018,3570,0,0.1032,0.706
237-134500-0018,3575,0,0.0607,0.5844
237-134500-0018,3729,0,0.1228,0.796
237-134500-0018,4446,0,-0.0567,0.8263
237-134500-0018,4507,0,0.1349,0.7034
237-134500-0018,4970,0,-0.0635,0.5094
237-134500-0018,4992,0,0.1737,0.7842
237-134500-0018,5142,0,0.0994,0.6438
237-134500-0018,5683,0,0.1505,0.7015
237-134500-0018,6829,0,-0.0032,0.674
237-134500-0018,8463,0,0.0473,0.7773
237-134500-0018,8555,0,0.0621,0.5937
260-123286-0000,1089,0,0.2262,0.834
260-123286-0000,1188,0,0.197,0.8632
260-123286-0000,1320,0,0.1547,0.7604
260-123286-0000,2300,0,0.2097,0.5086
260-123286-0000,260,1,0.0469,0.8877
260-123286-0000,2830,0,0.1765,0.8032
260-123286-0000,4077,0,0.1168,0.7747
260-123286-0000,5105,0,0.0047,0.7854
260-123286-0000,5639,0,0.2147,0.9099
260-123286-0000,61,0,0.1335,0.811
260-123286-0000,672,0,0.2726,0.9012
260-123286-0000,6930,0,-0.024,0.7964
260-123286-0000,7021,0,0.1135,0.7076
260-123286-0000,7127,0,0.1737,0.6964
260-123286-0000,7176,0,-0.0293,0.8088
260-123286-0000,7729,0,0.2263,0.7705
260-123286-0000,8224,0,0.0317,0.8216
260-123286-0000,8230,0,0.1001,0.8494
260-123286-0000,8455,0,0.1265,0.7633
260-123286-0000,908,0,-0.0063,0.8356
260-123286-0003,1089,0,0.1644,0.7584
260-123286-0003,1188,0,0.1618,0.8293
260-123286-0003,1320,0,0.1556,0.6709
260-123286-0003,2300,0,0.2223,0.413
260-123286-0003,260,1,0.1391,0.8669
260-123286-0003,2830,0,0.2901,0.8202
260-123286-0003,4077,0,-0.0022,0.7312
260-123286-0003,5105,0,0.0383,0.7354
260-123286-0003,5639,0,0.2942,0.9108
260-123286-0003,61,0,0.0205,0.8573
260-123286-0003,672,0,0.3609,0.8451
260-123286-0003,6930,0,0.0378,0.7571
260-123286-0003,7021,0,0.0433,0.6359
260-123286-0003,7127,0,0.1891,0.6234
260-123286-0003,7176,0,-0.0735,0.8539
260-123286-0003,7729,0,0.1112,0.7835
260-123286-0003,8224,0,0.0635,0.8056
260-123286-0003,8230,0,0.1193,0.8477
260-123286-0003,8455,0,0.1433,0.6423
260-123286-0003,908,0,-0.0483,0.8161
260-123286-0028,1089,0,0.1911,0.8563
260-123286-0028,1188,0,0.14,0.9079
260-123286-0028,1320,0,0.1584,0.7935
260-123286-0028,2300,0,0.178,0.5276
260-123286-0028,260,1,0.1553,0.9187
260-123286-0028,2830,0,0.1702,0.866
260-123286-0028,4077,0,0.044,0.7973
260-123286-0028,5105,0,0.092,0.8148
260-123286-0028,5639,0,0.1155,0.9079
260-123286-0028,61,0,-0.0724,0.8369
260-123286-0028,672,0,0.1794,0.9093
260-123286-0028,6930,0,-0.0464,0.8192
260-123286-0028,7021,0,0.0704,0.7334
260-123286-0028,7127,0,0.2275,0.7432
260-123286-0028,7176,0,-0.1607,0.8548
260-123286-0028,7729,0,0.1522,0.8139
260-123286-0028,8224,0,0.0741,0.792
260-123286-0028,8230,0,0.0296,0.8827
260-123286-0028,8455,0,0.2167,0.7769
260-123286-0028,908,0,-0.1524,0.8478
260-123286-0030,1089,0,0.2185,0.8007
260-123286-0030,1188,0,0.162,0.8361
260-123286-0030,1320,0,0.1106,0.6605
260-123286-0030,2300,0,0.2022,0.3938
260-123286-0030,260,1,0.148,0.8479
260-123286-0030,2830,0,0.179,0.8093
260-123286-0030,4077,0,0.0616,0.7369
260-123286-0030,5105,0,0.0371,0.6983
260-123286-0030,5639,0,0.2562,0.9074
260-123286-0030,61,0,0.0362,0.8142
260-123286-0030,672,0,0.2593,0.8483
260-123286-0030,6930,0,-0.0163,0.7141
260-123286-0030,7021,0,0.0891,0.6038
260-123286-0030,7127,0,0.2006,0.6396
260-123286-0030,7176,0,-0.1307,0.8135
260-123286-0030,7729,0,0.1285,0.7777
260-123286-0030,8224,0,0.1163,0.7439
260-123286-0030,8230,0,0.1412,0.874
260-123286-0030,8455,0,0.1306,0.6483
260-123286-0030,908,0,-0.0981,0.7826
260-123286-0031,1089,0,0.1522,0.824
260-123286-0031,1188,0,0.1911,0.8415
260-123286-0031,1320,0,0.1566,0.7485
260-123286-0031,2300,0,0.1583,0.5357
260-123286-0031,260,1,0.1626,0.872
260-123286-0031,2830,0,0.1236,0.7672
260-123286-0031,4077,0,0.0427,0.7512
260-123286-0031,5105,0,0.1048,0.789
260-123286-0031,5639,0,0.2059,0.8831
260-123286-0031,61,0,0.0211,0.8271
260-123286-0031,672,0,0.2304,0.9032
260-123286-0031,6930,0,-0.0342,0.8094
260-123286-0031,7021,0,0.076,0.7253
260-123286-0031,7127,0,0.2737,0.6538
260-123286-0031,7176,0,-0.0857,0.8172
260-123286-0031,7729,0,0.0519,0.7673
260-123286-0031,8224,0,0.1148,0.8655
260-123286-0031,8230,0,0.0616,0.8409
260-123286-0031,8455,0,0.2153,0.7621
260-123286-0031,908,0,0.0301,0.8529
260-123288-0001,1089,0,0.2263,0.8558
260-123288-0001,1188,0,0.1349,0.8886
260-123288-0001,1320,0,0.1007,0.7844
260-123288-0001,2300,0,0.1627,0.5524
260-123288-0001,260,1,0.2173,0.905
260-123288-0001,2830,0,0.1941,0.8444
260-123288-0001,4077,0,0.0992,0.7667
260-123288-0001,5105,0,0.0018,0.8272
260-123288-0001,5639,0,0.2672,0.8973
260-123288-0001,61,0,0.0525,0.8501
260-123288-0001,672,0,0.2555,0.9165
260-123288-0001,6930,0,-0.117,0.8072
260-123288-0001,7021,0,0.0316,0.76
260-123288-0001,7127,0,0.1831,0.7149
260-123288-0001,7176,0,-0.0274,0.8351
260-123288-0001,7729,0,0.1389,0.7958
260-123288-0001,8224,0,0.1209,0.8593
260-123288-0001,8230,0,0.0726,0.8716
260-123288-0001,8455,0,0.0421,0.7421
260-123288-0001,908,0,-0.0415,0.8675
260-123288-0025,1089,0,0.2025,0.8685
260-123288-0025,1188,0,0.1447,0.8816
260-123288-0025,1320,0,0.1359,0.7733
260-123288-0025,2300,0,0.1502,0.5199
260-123288-0025,260,1,0.1768,0.9137
260-123288-0025,2830,0,0.2086,0.8471
260-123288-0025,4077,0,0.0216,0.8195
260-123288-0025,5105,0,-0.0214,0.7948
260-123288-0025,5639,0,0.2001,0.9115
260-123288-0025,61,0,-0.0078,0.8759
260-123288-0025,672,0,0.2127,0.9035
260-123288-0025,6930,0,0.0173,0.8179
260-123288-0025,7021,0,0.0276,0.7164
260-123288-0025,7127,0,0.2316,0.7328
260-123288-0025,7176,0,-0.1453,0.8858
260-123288-0025,7729,0,0.1085,0.8398
260-123288-0025,8224,0,0.0627,0.7569
260-123288-0025,8230,0,0.1273,0.9049
260-123288-0025,8455,0,0.192,0.7644
260-123288-0025,908,0,-0.1009,0.8683
260-123440-0012,1089,0,0.1058,0.7718
260-123440-0012,1188,0,0.06,0.8227
260-123440-0012,1320,0,0.0959,0.6763
260-123440-0012,2300,0,0.2108,0.4141
260-123440-0012,260,1,0.0275,0.8711
260-123440-0012,2830,0,0.1632,0.8122
260-123440-0012,4077,0,0.0564,0.7745
260-123440-0012,5105,0,-0.0446,0.7029
260-123440-0012,5639,0,0.2053,0.8896
260-123440-0012,61,0,-0.0139,0.8214
260-123440-0012,672,0,0.15,0.8328
260-123440-0012,6930,0,0.0332,0.7709
260-123440-0012,7021,0,-0.0087,0.6025
260-123440-0012,7127,0,0.0987,0.6583
260-123440-0012,7176,0,-0.0758,0.8526
260-123440-0012,7729,0,0.037,0.768
260-123440-0012,8224,0,0.0697,0.7376
260-123440-0012,8230,0,0.0439,0.8475
260-123440-0012,8455,0,0.1053,0.6882
260-123440-0012,908,0,-0.0977,0.7791
260-123440-0015,1089,0,0.211,0.8177
260-123440-0015,1188,0,0.1236,0.8694
260-123440-0015,1320,0,0.2269,0.7306
260-123440-0015,2300,0,0.0983,0.4698
260-123440-0015,260,1,0.0684,0.8747
260-123440-0015,2830,0,0.157,0.8537
260-123440-0015,4077,0,0.032,0.7452
260-123440-0015,5105,0,0.0627,0.7607
260-123440-0015,5639,0,0.2103,0.8902
260-123440-0015,61,0,0.0175,0.835
260-123440-0015,672,0,0.1584,0.8743
260-123440-0015,6930,0,-0.0661,0.8136
260-123440-0015,7021,0,0.0218,0.6648
260-123440-0015,7127,0,0.183,0.6839
260-123440-0015,7176,0,-0.0234,0.8434
260-123440-0015,7729,0,0.2272,0.7721
260-123440-0015,8224,0,0.0593,0.7988
260-123440-0015,8230,0,0.1328,0.8883
260-123440-0015,8455,0,0.1504,0.7347
260-123440-0015,908,0,-0.092,0.7973
260-123440-0016,1089,0,0.1724,0.8004
260-123440-0016,1188,0,0.0657,0.874
260-123440-0016,1320,0,0.1461,0.7221
260-123440-0016,2300,0,0.1575,0.4787
260-123440-0016,260,1,0.0848,0.892
260-123440-0016,2830,0,0.2022,0.8566
260-123440-0016,4077,0,0.034,0.7703
260-123440-0016,5105,0,-0.0247,0.771
260-123440-0016,5639,0,0.1429,0.923
260-123440-0016,61,0,-0.0736,0.8366
260-123440-0016,672,0,0.0247,0.8518
260-123440-0016,6930,0,0.1083,0.7796
260-123440-0016,7021,0,0.0141,0.6777
260-123440-0016,7127,0,0.0932,0.6983
260-123440-0016,7176,0,-0.0634,0.8315
260-123440-0016,7729,0,0.1074,0.8202
260-123440-0016,8224,0,0.0287,0.786
260-123440-0016,8230,0,0.0781,0.8607
260-123440-0016,8455,0,0.0778,0.6936
260-123440-0016,908,0,-0.0843,0.8089
2830-3979-0006,1089,0,0.1877,0.841
2830-3979-0006,1188,0,0.2511,0.8638
2830-3979-0006,1320,0,0.136,0.7625
2830-3979-0006,2300,0,0.1262,0.5285
2830-3979-0006,260,0,0.1496,0.906
2830-3979-0006,2830,1,0.1789,0.8246
2830-3979-0006,4077,0,0.1075,0.8423
2830-3979-0006,5105,0,0.0553,0.7751
2830-3979-0006,5639,0,0.3079,0.9111
2830-3979-0006,61,0,-0.0114,0.8089
2830-3979-0006,672,0,0.2029,0.8838
2830-3979-0006,6930,0,-0.0012,0.8076
2830-3979-0006,7021,0,0.1402,0.6961
2830-3979-0006,7127,0,0.2249,0.7496
2830-3979-0006,7176,0,-0.1206,0.8274
2830-3979-0006,7729,0,0.1509,0.8165
2830-3979-0006,8224,0,0.0073,0.7479
2830-3979-0006,8230,0,0.0368,0.8459
2830-3979-0006,8455,0,0.1715,0.7743
2830-3979-0006,908,0,-0.0743,0.8177
2830-3979-0011,1089,0,0.222,0.8299
2830-3979-0011,1188,0,0.2347,0.8686
2830-3979-0011,1320,0,0.1119,0.7566
2830-3979-0011,2300,0,0.0902,0.5324
2830-3979-0011,260,0,0.1014,0.9019
2830-3979-0011,2830,1,0.1777,0.8239
2830-3979-0011,4077,0,0.2109,0.8197
2830-3979-0011,5105,0,-0.0075,0.7836
2830-3979-0011,5639,0,0.2352,0.9082
2830-3979-0011,61,0,0.0291,0.8493
2830-3979-0011,672,0,0.2063,0.8951
2830-3979-0011,6930,0,-0.0189,0.8269
2830-3979-0011,7021,0,-0.074,0.6926
2830-3979-0011,7127,0,0.1874,0.7175
2830-3979-0011,7176,0,-0.0866,0.856
2830-3979-0011,7729,0,0.1813,0.8018
2830-3979-0011,8224,0,0.0319,0.8275
2830-3979-0011,8230,0,0.0763,0.8644
2830-3979-0011,8455,0,0.1988,0.7816
2830-3979-0011,908,0,-0.0586,0.8234
2830-3980-0029,1089,0,0.1519,0.8201
2830-3980-0029,1188,0,0.2031,0.8469
2830-3980-0029,1320,0,0.0949,0.7152
2830-3980-0029,2300,0,0.1893,0.4358
2830-3980-0029,260,0,0.1343,0.8655
2830-3980-0029,2830,1,0.2582,0.8137
2830-3980-0029,4077,0,0.0811,0.795
2830-3980-0029,5105,0,-0.0089,0.7526
2830-3980-0029,5639,0,0.2744,0.9536
2830-3980-0029,61,0,0.0801,0.8042
2830-3980-0029,672,0,0.2022,0.8724
2830-3980-0029,6930,0,-0.0936,0.7396
2830-3980-0029,7021,0,0.0087,0.6514
2830-3980-0029,7127,0,0.2447,0.7062
2830-3980-0029,7176,0,-0.079,0.8083
2830-3980-0029,7729,0,0.1736,0.8007
2830-3980-0029,8224,0,0.0059,0.7743
2830-3980-0029,8230,0,0.1556,0.8462
2830-3980-0029,8455,0,0.0643,0.683
2830-3980-0029,908,0,-0.1237,0.8134
2830-3980-0039,1089,0,0.2103,0.8398
2830-3980-0039,1188,0,0.1741,0.8863
2830-3980-0039,1320,0,0.1727,0.7686
2830-3980-0039,2300,0,0.1015,0.4995
2830-3980-0039,260,0,0.125,0.924
2830-3980-0039,2830,1,0.1663,0.8519
2830-3980-0039,4077,0,0.1525,0.8242
2830-3980-0039,5105,0,0.112,0.7881
2830-3980-0039,5639,0,0.2281,0.8937
2830-3980-0039,61,0,0.0125,0.8578
2830-3980-0039,672,0,0.1869,0.89
2830-3980-0039,6930,0,-0.0865,0.823
2830-3980-0039,7021,0,0.0333,0.6902
2830-3980-0039,7127,0,0.1415,0.7396
2830-3980-0039,7176,0,-0.0069,0.8955
2830-3980-0039,7729,0,0.2017,0.7924
2830-3980-0039,8224,0,0.1045,0.7626
2830-3980-0039,8230,0,0.0905,0.8969
2830-3980-0039,8455,0,0.1597,0.7821
2830-3980-0039,908,0,-0.0817,0.8217
2830-3980-0050,1089,0,0.281,0.8919
2830-3980-0050,1188,0,0.2035,0.8622
2830-3980-0050,1320,0,0.1363,0.7966
2830-3980-0050,2300,0,0.2041,0.6004
2830-3980-0050,260,0,0.0503,0.9094
2830-3980-0050,2830,1,0.191,0.8028
2830-3980-0050,4077,0,0.0343,0.8719
2830-3980-0050,5105,0,-0.0137,0.8034
2830-3980-0050,5639,0,0.155,0.9016
2830-3980-0050,61,0,0.0597,0.8627
2830-3980-0050,672,0,0.0999,0.9214
2830-3980-0050,6930,0,-0.0441,0.8241
2830-3980-0050,7021,0,0.0629,0.7528
2830-3980-0050,7127,0,0.184,0.7644
2830-3980-0050,7176,0,-0.0509,0.8792
2830-3980-0050,7729,0,0.1768,0.8591
2830-3980-0050,8224,0,0.0842,0.7463
2830-3980-0050,8230,0,0.1689,0.8775
2830-3980-0050,8455,0,0.1569,0.8182
2830-3980-0050,908,0,-0.0647,0.884
2830-3980-0054,1089,0,0.1445,0.8424
2830-3980-0054,1188,0,0.2231,0.88
2830-3980-0054,1320,0,0.1255,0.7435
2830-3980-0054,2300,0,0.1077,0.4799
2830-3980-0054,260,0,0.1061,0.9076
2830-3980-0054,2830,1,0.2369,0.8608
2830-3980-0054,4077,0,0.0538,0.7946
2830-3980-0054,5105,0,0.0114,0.7772
2830-3980-0054,5639,0,0.2058,0.9084
2830-3980-0054,61,0,-0.0079,0.8726
2830-3980-0054,672,0,0.1847,0.8865
2830-3980-0054,6930,0,-0.0255,0.8155
2830-3980-0054,7021,0,0.0147,0.6843
2830-3980-0054,7127,0,0.109,0.7117
2830-3980-0054,7176,0,-0.0752,0.8851
2830-3980-0054,7729,0,0.1701,0.8191
2830-3980-0054,8224,0,0.0431,0.7633
2830-3980-0054,8230,0,0.0947,0.9102
2830-3980-0054,8455,0,0.1675,0.7381
2830-3980-0054,908,0,-0.0803,0.8391
2830-3980-0055,1089,0,0.2341,0.8734
2830-3980-0055,1188,0,0.1842,0.8999
2830-3980-0055,1320,0,0.0932,0.7968
2830-3980-0055,2300,0,0.1731,0.5628
2830-3980-0055,260,0,0.0979,0.9359
2830-3980-0055,2830,1,0.2517,0.8661
2830-3980-0055,4077,0,0.0708,0.8259
2830-3980-0055,5105,0,0.019,0.8225
2830-3980-0055,5639,0,0.137,0.9069
2830-3980-0055,61,0,0.0717,0.887
2830-3980-0055,672,0,0.1596,0.9156
2830-3980-0055,6930,0,0.0709,0.8563
2830-3980-0055,7021,0,0.0581,0.7455
2830-3980-0055,7127,0,0.2643,0.7473
2830-3980-0055,7176,0,-0.0363,0.8872
2830-3980-0055,7729,0,0.0869,0.8333
2830-3980-0055,8224,0,0.0602,0.7994
2830-3980-0055,8230,0,0.1384,0.9096
2830-3980-0055,8455,0,0.1875,0.7971
2830-3980-0055,908,0,-0.093,0.8659
2830-3980-0057,1089,0,0.1497,0.7992
2830-3980-0057,1188,0,0.2098,0.8398
2830-3980-0057,1320,0,0.1149,0.6935
2830-3980-0057,2300,0,0.0956,0.4332
2830-3980-0057,260,0,0.1477,0.8898
2830-3980-0057,2830,1,0.2169,0.8122
2830-3980-0057,4077,0,0.127,0.7956
2830-3980-0057,5105,0,0.0324,0.7242
2830-3980-0057,5639,0,0.1963,0.9148
2830-3980-0057,61,0,0.0086,0.8399
2830-3980-0057,672,0,0.2455,0.8593
2830-3980-0057,6930,0,-0.0148,0.7602
2830-3980-0057,7021,0,0.056,0.6326
2830-3980-0057,7127,0,0.1693,0.6727
2830-3980-0057,7176,0,-0.0862,0.8569
2830-3980-0057,7729,0,0.1624,0.8032
2830-3980-0057,8224,0,0.0358,0.7357
2830-3980-0057,8230,0,0.0472,0.8586
2830-3980-0057,8455,0,0.1296,0.6955
2830-3980-0057,908,0,0.0187,0.8162
2830-3980-0062,1089,0,0.158,0.8245
2830-3980-0062,1188,0,0.1661,0.8445
2830-3980-0062,1320,0,0.2575,0.7502
2830-3980-0062,2300,0,0.1762,0.4767
2830-3980-0062,260,0,0.1391,0.8624
2830-3980-0062,2830,1,0.2101,0.7887
2830-3980-0062,4077,0,0.1009,0.7755
2830-3980-0062,5105,0,0.125,0.7744
2830-3980-0062,5639,0,0.1671,0.9032
2830-3980-0062,61,0,0.0351,0.8004
2830-3980-0062,672,0,0.2656,0.8911
2830-3980-0062,6930,0,-0.0261,0.7763
2830-3980-0062,7021,0,0.1017,0.6827
2830-3980-0062,7127,0,0.1602,0.6924
2830-3980-0062,7176,0,-0.0422,0.8226
2830-3980-0062,7729,0,0.1604,0.7731
2830-3980-0062,8224,0,0.1213,0.8393
2830-3980-0062,8230,0,0.0562,0.8278
2830-3980-0062,8455,0,0.1104,0.7269
2830-3980-0062,908,0,-0.0313,0.8373
2830-3980-0066,1089,0,0.1935,0.8904
2830-3980-0066,1188,0,0.0918,0.9018
2830-3980-0066,1320,0,0.097,0.8432
2830-3980-0066,2300,0,0.1204,0.6234
2830-3980-0066,260,0,0.1563,0.9319
2830-3980-0066,2830,1,0.2759,0.8761
2830-3980-0066,4077,0,0.0087,0.8588
2830-3980-0066,5105,0,0.0409,0.8574
2830-3980-0066,5639,0,0.1805,0.9131
2830-3980-0066,61,0,-0.0488,0.8527
2830-3980-0066,672,0,0.1993,0.9251
2830-3980-0066,6930,0,0.0227,0.8714
2830-3980-0066,7021,0,0.0647,0.7881
2830-3980-0066,7127,0,0.1903,0.8113
2830-3980-0066,7176,0,-0.078,0.8508
2830-3980-0066,7729,0,0.1783,0.8531
2830-3980-0066,8224,0,0.114,0.7773
2830-3980-0066,8230,0,0.0599,0.8802
2830-3980-0066,8455,0,0.155,0.83
2830-3980-0066,908,0,-0.0804,0.8644
2961-960-0004,121,0,-0.0114,0.6661
2961-960-0004,1221,0,0.0085,0.4759
2961-960-0004,1284,0,-0.0012,0.6874
2961-960-0004,1580,0,-0.0341,0.5765
2961-960-0004,1995,0,0.0604,0.6607
2961-960-0004,2094,0,-0.0219,0.5781
2961-960-0004,237,0,-0.0568,0.4937
2961-960-0004,2961,1,0.1111,0.7487
2961-960-0004,3570,0,0.0466,0.5927
2961-960-0004,3575,0,-0.0359,0.39
2961-960-0004,3729,0,0.1218,0.5874
2961-960-0004,4446,0,0.0079,0.5899
2961-960-0004,4507,0,0.0657,0.5155
2961-960-0004,4970,0,-0.0135,0.2898
2961-960-0004,4992,0,0.1766,0.5326
2961-960-0004,5142,0,0.073,0.4001
2961-960-0004,5683,0,0.0146,0.4725
2961-960-0004,6829,0,0.0456,0.4847
2961-960-0004,8463,0,0.001,0.507
2961-960-0004,8555,0,0.0388,0.3581
2961-960-0016,121,0,0.0442,0.8032
2961-960-0016,1221,0,0.0771,0.6685
2961-960-0016,1284,0,0.0348,0.8231
2961-960-0016,1580,0,0.0462,0.7157
2961-960-0016,1995,0,0.2403,0.8423
2961-960-0016,2094,0,0.0688,0.7531
2961-960-0016,237,0,-0.0312,0.6813
2961-960-0016,2961,1,0.2129,0.8111
2961-960-0016,3570,0,0.1193,0.6824
2961-960-0016,3575,0,0.0283,0.5318
2961-960-0016,3729,0,0.1506,0.7539
2961-960-0016,4446,0,-0.0162,0.766
2961-960-0016,4507,0,0.1594,0.6582
2961-960-0016,4970,0,-0.0453,0.4692
2961-960-0016,4992,0,0.1697,0.7408
2961-960-0016,5142,0,0.087,0.6193
2961-960-0016,5683,0,0.0232,0.6404
2961-960-0016,6829,0,-0.0158,0.642
2961-960-0016,8463,0,0.018,0.7335
2961-960-0016,8555,0,-0.0092,0.5666
2961-961-0001,121,0,-0.0394,0.7506
2961-961-0001,1221,0,0.0458,0.5527
2961-961-0001,1284,0,0.0866,0.7362
2961-961-0001,1580,0,0.0368,0.6479
2961-961-0001,1995,0,0.0508,0.7911
2961-961-0001,2094,0,0.0539,0.6642
2961-961-0001,237,0,-0.0525,0.6065
2961-961-0001,2961,1,0.1818,0.8135
2961-961-0001,3570,0,0.1353,0.6599
2961-961-0001,3575,0,0.074,0.4893
2961-961-0001,3729,0,0.1321,0.6556
2961-961-0001,4446,0,0.0393,0.6507
2961-961-0001,4507,0,0.1229,0.5788
2961-961-0001,4970,0,-0.089,0.3745
2961-961-0001,4992,0,0.1512,0.6353
2961-961-0001,5142,0,0.1072,0.4989
2961-961-0001,5683,0,0.0685,0.5606
2961-961-0001,6829,0,-0.0228,0.5453
2961-961-0001,8463,0,-0.0208,0.6159
2961-961-0001,8555,0,0.0661,0.481
2961-961-0003,121,0,-0.0084,0.7195
2961-961-0003,1221,0,0.0246,0.7187
2961-961-0003,1284,0,0.0178,0.8838
2961-961-0003,1580,0,0.1084,0.7818
2961-961-0003,1995,0,0.0814,0.7185
2961-961-0003,2094,0,-0.0094,0.7729
2961-961-0003,237,0,-0.0226,0.6534
2961-961-0003,2961,1,0.1453,0.6667
2961-961-0003,3570,0,0.1414,0.5582
2961-961-0003,3575,0,0.0918,0.4725
2961-961-0003,3729,0,0.1045,0.7616
2961-961-0003,4446,0,-0.0328,0.8372
2961-961-0003,4507,0,0.1377,0.6744
2961-961-0003,4970,0,0.0224,0.5024
2961-961-0003,4992,0,0.1502,0.7517
2961-961-0003,5142,0,0.0878,0.6693
2961-961-0003,5683,0,0.0025,0.6613
2961-961-0003,6829,0,0.0812,0.6964
2961-961-0003,8463,0,0.0297,0.7392
2961-961-0003,8555,0,0.0789,0.5368
2961-961-0004,121,0,-0.0009,0.7442
2961-961-0004,1221,0,0.1049,0.5796
2961-961-0004,1284,0,0.0055,0.7563
2961-961-0004,1580,0,0.0715,0.6478
2961-961-0004,1995,0,0.1456,0.7768
2961-961-0004,2094,0,0.0428,0.6526
2961-961-0004,237,0,0.002,0.6192
2961-961-0004,2961,1,0.1702,0.803
2961-961-0004,3570,0,0.0756,0.6737
2961-961-0004,3575,0,0.0342,0.474
2961-961-0004,3729,0,0.1124,0.6628
2961-961-0004,4446,0,0.0356,0.6745
2961-961-0004,4507,0,0.0826,0.5862
2961-961-0004,4970,0,-0.0287,0.3929
2961-961-0004,4992,0,0.2212,0.6384
2961-961-0004,5142,0,0.1299,0.5118
2961-961-0004,5683,0,0.0846,0.5585
2961-961-0004,6829,0,0.0643,0.5509
2961-961-0004,8463,0,0.0563,0.6233
2961-961-0004,8555,0,0.0479,0.4877
2961-961-0009,121,0,-0.0202,0.6224
2961-961-0009,1221,0,-0.0179,0.5786
2961-961-0009,1284,0,-0.0699,0.8008
2961-961-0009,1580,0,-0.0075,0.658
2961-961-0009,1995,0,0.112,0.6642
2961-961-0009,2094,0,-0.0089,0.6594
2961-961-0009,237,0,0.0333,0.5466
2961-961-0009,2961,1,0.1236,0.6235
2961-961-0009,3570,0,0.1027,0.4971
2961-961-0009,3575,0,-0.0652,0.4299
2961-961-0009,3729,0,0.1174,0.6252
2961-961-0009,4446,0,-0.0249,0.7059
2961-961-0009,4507,0,0.2049,0.5652
2961-961-0009,4970,0,-0.065,0.4293
2961-961-0009,4992,0,0.0988,0.614
2961-961-0009,5142,0,0.1688,0.5498
2961-961-0009,5683,0,0.011,0.5503
2961-961-0009,6829,0,0.0817,0.5851
2961-961-0009,8463,0,-0.0173,0.6021
2961-961-0009,8555,0,0.0096,0.447
2961-961-0010,121,0,0.0688,0.7555
2961-961-0010,1221,0,0.0498,0.5637
2961-961-0010,1284,0,0.0274,0.7579
2961-961-0010,1580,0,0.0156,0.6726
2961-961-0010,1995,0,0.0841,0.766
2961-961-0010,2094,0,-0.0171,0.67
2961-961-0010,237,0,-0.0481,0.5877
2961-961-0010,2961,1,0.2482,0.8045
2961-961-0010,3570,0,0.1472,0.6455
2961-961-0010,3575,0,0.0356,0.5051
2961-961-0010,3729,0,0.1532,0.6609
2961-961-0010,4446,0,-0.0472,0.6628
2961-961-0010,4507,0,0.1284,0.5866
2961-961-0010,4970,0,-0.0464,0.3877
2961-961-0010,4992,0,0.1051,0.6304
2961-961-0010,5142,0,0.065,0.4919
2961-961-0010,5683,0,-0.0018,0.5785
2961-961-0010,6829,0,-0.0359,0.5511
2961-961-0010,8463,0,-0.0536,0.6249
2961-961-0010,8555,0,0.0022,0.4619
2961-961-0011,121,0,0.0445,0.7622
2961-961-0011,1221,0,0.0996,0.5816
2961-961-0011,1284,0,-0.0573,0.7671
2961-961-0011,1580,0,0.023,0.6637
2961-961-0011,1995,0,0.1343,0.777
2961-961-0011,2094,0,-0.0239,0.6759
2961-961-0011,237,0,-0.0542,0.6048
2961-961-0011,2961,1,0.1405,0.812
2961-961-0011,3570,0,0.0718,0.6598
2961-961-0011,3575,0,-0.0016,0.4642
2961-961-0011,3729,0,0.1961,0.6836
2961-961-0011,4446,0,0.0079,0.6894
2961-961-0011,4507,0,0.1018,0.5938
2961-961-0011,4970,0,-0.1433,0.3726
2961-961-0011,4992,0,0.1739,0.6563
2961-961-0011,5142,0,0.0221,0.5143
2961-961-0011,5683,0,0.0323,0.5568
2961-961-0011,6829,0,0.011,0.5636
2961-961-0011,8463,0,-0.0304,0.6491
2961-961-0011,8555,0,0.0422,0.4677
2961-961-0014,121,0,0.0287,0.7621
2961-961-0014,1221,0,0.0259,0.6405
2961-961-0014,1284,0,0.0711,0.8448
2961-961-0014,1580,0,0.0265,0.7506
2961-961-0014,1995,0,0.1192,0.7815
2961-961-0014,2094,0,-0.0017,0.7453
2961-961-0014,237,0,-0.0252,0.6416
2961-961-0014,2961,1,0.1441,0.7817
2961-961-0014,3570,0,0.1004,0.6319
2961-961-0014,3575,0,-0.0296,0.521
2961-961-0014,3729,0,0.0849,0.7159
2961-961-0014,4446,0,0.0635,0.7569
2961-961-0014,4507,0,0.143,0.6418
2961-961-0014,4970,0,-0.053,0.4509
2961-961-0014,4992,0,0.1352,0.6964
2961-961-0014,5142,0,0.1044,0.5735
2961-961-0014,5683,0,0.1109,0.6358
2961-961-0014,6829,0,0.0401,0.6408
2961-961-0014,8463,0,-0.0599,0.6823
2961-961-0014,8555,0,0.077,0.5046
2961-961-0017,121,0,0.0372,0.7627
2961-961-0017,1221,0,0.1102,0.5502
2961-961-0017,1284,0,0.078,0.7439
2961-961-0017,1580,0,0.0315,0.6513
2961-961-0017,1995,0,0.0994,0.7567
2961-961-0017,2094,0,0.0068,0.6473
2961-961-0017,237,0,0.0292,0.5935
2961-961-0017,2961,1,0.1801,0.8291
2961-961-0017,3570,0,0.1163,0.6916
2961-961-0017,3575,0,0.0951,0.518
2961-961-0017,3729,0,0.1018,0.6595
2961-961-0017,4446,0,-0.0126,0.6469
2961-961-0017,4507,0,0.1195,0.5804
2961-961-0017,4970,0,-0.0001,0.3952
2961-961-0017,4992,0,0.1824,0.6067
2961-961-0017,5142,0,0.146,0.4682
2961-961-0017,5683,0,0.0587,0.5722
2961-961-0017,6829,0,0.0484,0.53
2961-961-0017,8463,0,0.003,0.6022
2961-961-0017,8555,0,0.0829,0.4631
3570-5694-0006,121,0,0.0378,0.763
3570-5694-0006,1221,0,0.103,0.5175
3570-5694-0006,1284,0,0.0326,0.6964
3570-5694-0006,1580,0,0.0031,0.6087
3570-5694-0006,1995,0,0.0624,0.7282
3570-5694-0006,2094,0,-0.0212,0.6142
3570-5694-0006,237,0,-0.0332,0.571
3570-5694-0006,2961,0,0.1334,0.8453
3570-5694-0006,3570,1,0.0382,0.7059
3570-5694-0006,3575,0,0.0874,0.4707
3570-5694-0006,3729,0,0.0251,0.6472
3570-5694-0006,4446,0,0.0152,0.6151
3570-5694-0006,4507,0,0.0689,0.569
3570-5694-0006,4970,0,-0.0377,0.3397
3570-5694-0006,4992,0,0.1592,0.5779
3570-5694-0006,5142,0,0.0768,0.4197
3570-5694-0006,5683,0,0.0778,0.5113
3570-5694-0006,6829,0,-0.0015,0.5095
3570-5694-0006,8463,0,-0.0409,0.5699
3570-5694-0006,8555,0,0.0412,0.4075
3570-5694-0007,121,0,0.0152,0.7672
3570-5694-0007,1221,0,0.1565,0.5132
3570-5694-0007,1284,0,0.0515,0.6889
3570-5694-0007,1580,0,0.0258,0.6085
3570-5694-0007,1995,0,0.1082,0.7257
3570-5694-0007,2094,0,0.062,0.61
3570-5694-0007,237,0,0.0276,0.5766
3570-5694-0007,2961,0,0.2255,0.8521
3570-5694-0007,3570,1,0.1534,0.7149
3570-5694-0007,3575,0,0.0404,0.4654
3570-5694-0007,3729,0,0.0976,0.6508
3570-5694-0007,4446,0,-0.0156,0.6085
3570-5694-0007,4507,0,0.1539,0.5693
3570-5694-0007,4970,0,-0.0375,0.3303
3570-5694-0007,4992,0,0.1694,0.5785
3570-5694-0007,5142,0,0.1166,0.4164
3570-5694-0007,5683,0,0.1162,0.5143
3570-5694-0007,6829,0,-0.0173,0.5037
3570-5694-0007,8463,0,-0.0445,0.5704
3570-5694-0007,8555,0,0.0756,0.4071
3570-5694-0009,121,0,0.0313,0.7917
3570-5694-0009,1221,0,0.0938,0.5286
3570-5694-0009,1284,0,0.0114,0.6911
3570-5694-0009,1580,0,0.0438,0.6264
3570-5694-0009,1995,0,-0.0654,0.7477
3570-5694-0009,2094,0,-0.0095,0.6333
3570-5694-0009,237,0,0.0253,0.5999
3570-5694-0009,2961,0,0.145,0.868
3570-5694-0009,3570,1,0.0568,0.746
3570-5694-0009,3575,0,0.0939,0.4951
3570-5694-0009,3729,0,0.0399,0.6659
3570-5694-0009,4446,0,-0.0163,0.6195
3570-5694-0009,4507,0,0.0504,0.5944
3570-5694-0009,4970,0,-0.0438,0.3498
3570-5694-0009,4992,0,0.1668,0.5972
3570-5694-0009,5142,0,0.1025,0.4352
3570-5694-0009,5683,0,0.0926,0.5306
3570-5694-0009,6829,0,0.0406,0.5152
3570-5694-0009,8463,0,-0.0616,0.5901
3570-5694-0009,8555,0,0.0872,0.4412
3570-5694-0010,121,0,0.0709,0.8455
3570-5694-0010,1221,0,0.1522,0.6082
3570-5694-0010,1284,0,0.0861,0.7691
3570-5694-0010,1580,0,0.0462,0.7255
3570-5694-0010,1995,0,0.083,0.785
3570-5694-0010,2094,0,0.0132,0.704
3570-5694-0010,237,0,-0.0001,0.6673
3570-5694-0010,2961,0,0.2584,0.8893
3570-5694-0010,3570,1,0.1365,0.7761
3570-5694-0010,3575,0,0.0867,0.552
3570-5694-0010,3729,0,0.0557,0.7362
3570-5694-0010,4446,0,0.0259,0.7029
3570-5694-0010,4507,0,0.0833,0.6508
3570-5694-0010,4970,0,-0.017,0.3973
3570-5694-0010,4992,0,0.1897,0.6666
3570-5694-0010,5142,0,0.0588,0.4751
3570-5694-0010,5683,0,0.0831,0.6153
3570-5694-0010,6829,0,0.0372,0.5835
3570-5694-0010,8463,0,-0.028,0.645
3570-5694-0010,8555,0,0.0207,0.4762
3570-5694-0015,121,0,0.045,0.761
3570-5694-0015,1221,0,0.1031,0.526
3570-5694-0015,1284,0,0.08,0.7142
3570-5694-0015,1580,0,0.0661,0.6287
3570-5694-0015,1995,0,0.1271,0.75
3570-5694-0015,2094,0,-0.018,0.6285
3570-5694-0015,237,0,0.0742,0.5934
3570-5694-0015,2961,0,0.1246,0.822
3570-5694-0015,3570,1,0.1444,0.6976
3570-5694-0015,3575,0,0.0608,0.495
3570-5694-0015,3729,0,0.1023,0.6436
3570-5694-0015,4446,0,0.0661,0.6221
3570-5694-0015,4507,0,0.1202,0.5621
3570-5694-0015,4970,0,0.0147,0.3496
3570-5694-0015,4992,0,0.1935,0.5904
3570-5694-0015,5142,0,0.1506,0.4243
3570-5694-0015,5683,0,0.1436,0.5377
3570-5694-0015,6829,0,0.0583,0.5074
3570-5694-0015,8463,0,-0.0073,0.5701
3570-5694-0015,8555,0,0.1085,0.4279
3570-5694-0018,121,0,0.0779,0.7915
3570-5694-0018,1221,0,0.1314,0.5635
3570-5694-0018,1284,0,0.0015,0.7442
3570-5694-0018,1580,0,0.0336,0.6645
3570-5694-0018,1995,0,0.1432,0.7622
3570-5694-0018,2094,0,0.0611,0.6508
3570-5694-0018,237,0,0.0328,0.6132
3570-5694-0018,2961,0,0.1789,0.8425
3570-5694-0018,3570,1,0.1371,0.7204
3570-5694-0018,3575,0,0.0875,0.499
3570-5694-0018,3729,0,0.111,0.6777
3570-5694-0018,4446,0,-0.0511,0.6625
3570-5694-0018,4507,0,0.1077,0.5887
3570-5694-0018,4970,0,-0.0749,0.3653
3570-5694-0018,4992,0,0.1219,0.6247
3570-5694-0018,5142,0,0.0611,0.4458
3570-5694-0018,5683,0,0.1055,0.5527
3570-5694-0018,6829,0,0.0286,0.5349
3570-5694-0018,8463,0,-0.0085,0.6116
3570-5694-0018,8555,0,0.0212,0.4382
3570-5695-0001,121,0,0.0755,0.7925
3570-5695-0001,1221,0,0.1627,0.5137
3570-5695-0001,1284,0,0.0754,0.6833
3570-5695-0001,1580,0,0.078,0.6232
3570-5695-0001,1995,0,0.0845,0.7486
3570-5695-0001,2094,0,-0.0058,0.6317
3570-5695-0001,237,0,0.0381,0.6093
3570-5695-0001,2961,0,0.2661,0.8621
3570-5695-0001,3570,1,0.1448,0.7541
3570-5695-0001,3575,0,0.1046,0.5189
3570-5695-0001,3729,0,0.0586,0.6517
3570-5695-0001,4446,0,-0.0004,0.6023
3570-5695-0001,4507,0,0.0512,0.5721
3570-5695-0001,4970,0,-0.018,0.3413
3570-5695-0001,4992,0,0.2121,0.5825
3570-5695-0001,5142,0,0.0682,0.393
3570-5695-0001,5683,0,0.1196,0.5252
3570-5695-0001,6829,0,0.0296,0.4998
3570-5695-0001,8463,0,0.0275,0.5717
3570-5695-0001,8555,0,0.0693,0.4151
3570-5695-0014,121,0,0.0741,0.7862
3570-5695-0014,1221,0,0.0763,0.5297
3570-5695-0014,1284,0,0.122,0.6972
3570-5695-0014,1580,0,0.0074,0.6404
3570-5695-0014,1995,0,0.0611,0.7149
3570-5695-0014,2094,0,-0.0466,0.6226
3570-5695-0014,237,0,0.0046,0.5972
3570-5695-0014,2961,0,0.142,0.8551
3570-5695-0014,3570,1,0.1112,0.7546
3570-5695-0014,3575,0,0.0251,0.4931
3570-5695-0014,3729,0,0.1065,0.6766
3570-5695-0014,4446,0,-0.0017,0.6256
3570-5695-0014,4507,0,0.1524,0.6047
3570-5695-0014,4970,0,-0.019,0.3442
3570-5695-0014,4992,0,0.1538,0.584
3570-5695-0014,5142,0,0.1226,0.4161
3570-5695-0014,5683,0,0.0335,0.5417
3570-5695-0014,6829,0,0.0224,0.5207
3570-5695-0014,8463,0,0.0028,0.5625
3570-5695-0014,8555,0,-0.0147,0.4239
3570-5696-0000,121,0,0.0176,0.759
3570-5696-0000,1221,0,0.0852,0.5225
3570-5696-0000,1284,0,0.0508,0.7129
3570-5696-0000,1580,0,0.0038,0.6233
3570-5696-0000,1995,0,0.0232,0.7363
3570-5696-0000,2094,0,-0.0007,0.6302
3570-5696-0000,237,0,-0.012,0.5711
3570-5696-0000,2961,0,0.1904,0.8382
3570-5696-0000,3570,1,0.0721,0.6841
3570-5696-0000,3575,0,0.0735,0.4562
3570-5696-0000,3729,0,0.0506,0.6463
3570-5696-0000,4446,0,-0.0035,0.628
3570-5696-0000,4507,0,0.0102,0.5644
3570-5696-0000,4970,0,-0.0377,0.3258
3570-5696-0000,4992,0,0.1594,0.5915
3570-5696-0000,5142,0,0.1057,0.423
3570-5696-0000,5683,0,0.0918,0.5081
3570-5696-0000,6829,0,0.0072,0.5206
3570-5696-0000,8463,0,-0.0097,0.581
3570-5696-0000,8555,0,0.0447,0.3972
3570-5696-0008,121,0,0.0298,0.761
3570-5696-0008,1221,0,0.0988,0.5373
3570-5696-0008,1284,0,0.0416,0.7196
3570-5696-0008,1580,0,0.0342,0.6362
3570-5696-0008,1995,0,0.1116,0.7397
3570-5696-0008,2094,0,0.0118,0.6316
3570-5696-0008,237,0,-0.0046,0.5957
3570-5696-0008,2961,0,0.1543,0.8471
3570-5696-0008,3570,1,0.1378,0.7111
3570-5696-0008,3575,0,0.0256,0.4633
3570-5696-0008,3729,0,0.1127,0.6592
3570-5696-0008,4446,0,-0.0229,0.6436
3570-5696-0008,4507,0,0.0965,0.5764
3570-5696-0008,4970,0,-0.0452,0.3442
3570-5696-0008,4992,0,0.1822,0.6023
3570-5696-0008,5142,0,0.1143,0.4447
3570-5696-0008,5683,0,0.06,0.5275
3570-5696-0008,6829,0,0.0379,0.526
3570-5696-0008,8463,0,-0.0092,0.5897
3570-5696-0008,8555,0,0.0388,0.4303
3575-170457-0000,121,0,0.0106,0.8037
3575-170457-0000,1221,0,0.0734,0.6592
3575-170457-0000,1284,0,0.0295,0.8528
3575-170457-0000,1580,0,0.1273,0.8061
3575-170457-0000,1995,0,0.1105,0.7769
3575-170457-0000,2094,0,-0.0455,0.7609
3575-170457-0000,237,0,0.0121,0.6714
3575-170457-0000,2961,0,0.1813,0.7821
3575-170457-0000,3570,0,0.0802,0.6639
3575-170457-0000,3575,1,0.0027,0.5677
3575-170457-0000,3729,0,0.1748,0.7425
3575-170457-0000,4446,0,-0.0834,0.7734
3575-170457-0000,4507,0,0.0633,0.6639
3575-170457-0000,4970,0,-0.1048,0.4658
3575-170457-0000,4992,0,0.1238,0.7151
3575-170457-0000,5142,0,0.0529,0.5645
3575-170457-0000,5683,0,0.0337,0.68
3575-170457-0000,6829,0,0.0503,0.6257
3575-170457-0000,8463,0,-0.0411,0.702
3575-170457-0000,8555,0,0.0265,0.5241
3575-170457-0005,121,0,0.0001,0.789
3575-170457-0005,1221,0,0.111,0.6702
3575-170457-0005,1284,0,0.0228,0.8616
3575-170457-0005,1580,0,0.1142,0.7883
3575-170457-0005,1995,0,0.1016,0.7732
3575-170457-0005,2094,0,0.0377,0.7521
3575-170457-0005,237,0,0.0482,0.6643
3575-170457-0005,2961,0,0.2219,0.7752
3575-170457-0005,3570,0,0.1245,0.6505
3575-170457-0005,3575,1,0.0786,0.5213
3575-170457-0005,3729,0,0.1822,0.7558
3575-170457-0005,4446,0,-0.0912,0.7957
3575-170457-0005,4507,0,0.1213,0.6623
3575-170457-0005,4970,0,-0.0543,0.4625
3575-170457-0005,4992,0,0.1093,0.7283
3575-170457-0005,5142,0,0.0991,0.5962
3575-170457-0005,5683,0,0.0758,0.664
3575-170457-0005,6829,0,0.0117,0.6413
3575-170457-0005,8463,0,-0.0595,0.7185
3575-170457-0005,8555,0,0.0293,0.5298
3575-170457-0008,121,0,0.0236,0.8401
3575-170457-0008,1221,0,0.1292,0.7252
3575-170457-0008,1284,0,0.104,0.8963
3575-170457-0008,1580,0,0.0849,0.8328
3575-170457-0008,1995,0,0.1561,0.8369
3575-170457-0008,2094,0,-0.0023,0.8079
3575-170457-0008,237,0,0.028,0.7417
3575-170457-0008,2961,0,0.1736,0.8143
3575-170457-0008,3570,0,0.121,0.7157
3575-170457-0008,3575,1,0.1094,0.6018
3575-170457-0008,3729,0,0.1175,0.8031
3575-170457-0008,4446,0,0.0461,0.8334
3575-170457-0008,4507,0,0.1002,0.7094
3575-170457-0008,4970,0,-0.0457,0.5191
3575-170457-0008,4992,0,0.2018,0.775
3575-170457-0008,5142,0,0.0847,0.6312
3575-170457-0008,5683,0,0.1091,0.7314
3575-170457-0008,6829,0,0.0239,0.6875
3575-170457-0008,8463,0,0.0071,0.7535
3575-170457-0008,8555,0,0.0997,0.5922
3575-170457-0011,121,0,0.0834,0.792
3575-170457-0011,1221,0,0.1077,0.5981
3575-170457-0011,1284,0,0.0868,0.7984
3575-170457-0011,1580,0,0.0862,0.7618
3575-170457-0011,1995,0,0.0894,0.7425
3575-170457-0011,2094,0,-0.0163,0.7058
3575-170457-0011,237,0,-0.025,0.6431
3575-170457-0011,2961,0,0.1396,0.8154
3575-170457-0011,3570,0,0.0103,0.7197
3575-170457-0011,3575,1,-0.0157,0.573
3575-170457-0011,3729,0,0.0623,0.6964
3575-170457-0011,4446,0,-0.0463,0.7028
3575-170457-0011,4507,0,0.037,0.6492
3575-170457-0011,4970,0,-0.1111,0.4267
3575-170457-0011,4992,0,0.1577,0.6316
3575-170457-0011,5142,0,0.0512,0.4785
3575-170457-0011,5683,0,0.1056,0.6446
3575-170457-0011,6829,0,-0.0044,0.5775
3575-170457-0011,8463,0,-0.0226,0.6005
3575-170457-0011,8555,0,0.0052,0.4855
3575-170457-0014,121,0,0.0187,0.8425
3575-170457-0014,1221,0,0.0936,0.7451
3575-170457-0014,1284,0,0.0656,0.8998
3575-170457-0014,1580,0,0.1025,0.8663
3575-170457-0014,1995,0,0.0642,0.8106
3575-170457-0014,2094,0,-0.0388,0.8163
3575-170457-0014,237,0,-0.0212,0.7417
3575-170457-0014,2961,0,0.2105,0.7905
3575-170457-0014,3570,0,0.1357,0.7082
3575-170457-0014,3575,1,0.0858,0.633
3575-170457-0014,3729,0,0.1414,0.8055
3575-170457-0014,4446,0,-0.0545,0.8374
3575-170457-0014,4507,0,0.0948,0.73
3575-170457-0014,4970,0,-0.0719,0.5506
3575-170457-0014,4992,0,0.1138,0.7859
3575-170457-0014,5142,0,-0.0058,0.6346
3575-170457-0014,5683,0,0.1069,0.7476
3575-170457-0014,6829,0,0.037,0.7052
3575-170457-0014,8463,0,-0.0648,0.773
3575-170457-0014,8555,0,0.0661,0.5929
3575-170457-0020,121,0,0.0425,0.8386
3575-170457-0020,1221,0,0.0539,0.6836
3575-170457-0020,1284,0,0.0729,0.8601
3575-170457-0020,1580,0,-0.0006,0.8127
3575-170457-0020,1995,0,0.1049,0.8145
3575-170457-0020,2094,0,0.0187,0.7798
3575-170457-0020,237,0,0.0189,0.7148
3575-170457-0020,2961,0,0.1805,0.8356
3575-170457-0020,3570,0,0.0892,0.7267
3575-170457-0020,3575,1,0.0689,0.6239
3575-170457-0020,3729,0,0.1294,0.7739
3575-170457-0020,4446,0,-0.0665,0.7826
3575-170457-0020,4507,0,0.1339,0.699
3575-170457-0020,4970,0,-0.0717,0.5156
3575-170457-0020,4992,0,0.0853,0.7314
3575-170457-0020,5142,0,0.0685,0.5875
3575-170457-0020,5683,0,0.0677,0.7171
3575-170457-0020,6829,0,0.0121,0.6586
3575-170457-0020,8463,0,-0.0393,0.7224
3575-170457-0020,8555,0,0.0673,0.5691
3575-170457-0031,121,0,-0.0389,0.7496
3575-170457-0031,1221,0,0.1256,0.6973
3575-170457-0031,1284,0,0.1005,0.8835
3575-170457-0031,1580,0,0.1679,0.7673
3575-170457-0031,1995,0,-0.0315,0.7956
3575-170457-0031,2094,0,0.0074,0.7565
3575-170457-0031,237,0,0.0577,0.6824
3575-170457-0031,2961,0,0.1634,0.6976
3575-170457-0031,3570,0,0.072,0.6126
3575-170457-0031,3575,1,0.1012,0.5345
3575-170457-0031,3729,0,0.1145,0.7362
3575-170457-0031,4446,0,-0.0943,0.8051
3575-170457-0031,4507,0,0.0875,0.6542
3575-170457-0031,4970,0,-0.0458,0.5082
3575-170457-0031,4992,0,0.1596,0.7439
3575-170457-0031,5142,0,0.1132,0.6368
3575-170457-0031,5683,0,0.0483,0.6579
3575-170457-0031,6829,0,-0.0148,0.6511
3575-170457-0031,8463,0,0.0884,0.732
3575-170457-0031,8555,0,0.1072,0.5653
3575-170457-0040,121,0,0.0279,0.7987
3575-170457-0040,1221,0,0.0877,0.6772
3575-170457-0040,1284,0,0.0845,0.8736
3575-170457-0040,1580,0,0.0443,0.7992
3575-170457-0040,1995,0,0.1612,0.7948
3575-170457-0040,2094,0,0.0445,0.767
3575-170457-0040,237,0,-0.0018,0.6762
3575-170457-0040,2961,0,0.2243,0.7683
3575-170457-0040,3570,0,0.0894,0.6644
3575-170457-0040,3575,1,0.0836,0.5602
3575-170457-0040,3729,0,0.1828,0.7532
3575-170457-0040,4446,0,-0.03,0.7894
3575-170457-0040,4507,0,0.1786,0.667
3575-170457-0040,4970,0,-0.0107,0.4661
3575-170457-0040,4992,0,0.1574,0.729
3575-170457-0040,5142,0,0.0966,0.578
3575-170457-0040,5683,0,0.0647,0.6814
3575-170457-0040,6829,0,0.0278,0.6462
3575-170457-0040,8463,0,-0.0045,0.7073
3575-170457-0040,8555,0,0.0697,0.5292
3575-170457-0044,121,0,-0.0097,0.8023
3575-170457-0044,1221,0,0.1091,0.647
3575-170457-0044,1284,0,0.1072,0.8501
3575-170457-0044,1580,0,0.0706,0.7677
3575-170457-0044,1995,0,0.1641,0.7891
3575-170457-0044,2094,0,0.0322,0.7465
3575-170457-0044,237,0,-0.0084,0.6672
3575-170457-0044,2961,0,0.2366,0.8141
3575-170457-0044,3570,0,0.1467,0.68
3575-170457-0044,3575,1,0.0203,0.5392
3575-170457-0044,3729,0,0.1612,0.7396
3575-170457-0044,4446,0,-0.1006,0.7692
3575-170457-0044,4507,0,0.115,0.6428
3575-170457-0044,4970,0,-0.0954,0.4431
3575-170457-0044,4992,0,0.1559,0.705
3575-170457-0044,5142,0,0.1108,0.5444
3575-170457-0044,5683,0,0.0528,0.6418
3575-170457-0044,6829,0,0.0512,0.6217
3575-170457-0044,8463,0,-0.0246,0.6979
3575-170457-0044,8555,0,0.0363,0.495
3575-170457-0045,121,0,0.054,0.8556
3575-170457-0045,1221,0,0.1051,0.6393
3575-170457-0045,1284,0,0.0814,0.7908
3575-170457-0045,1580,0,0.0345,0.7654
3575-170457-0045,1995,0,0.0334,0.8002
3575-170457-0045,2094,0,-0.0796,0.7368
3575-170457-0045,237,0,-0.0587,0.6931
3575-170457-0045,2961,0,0.1229,0.8556
3575-170457-0045,3570,0,0.0989,0.7753
3575-170457-0045,3575,1,0.058,0.6068
3575-170457-0045,3729,0,0.074,0.7581
3575-170457-0045,4446,0,-0.0178,0.7265
3575-170457-0045,4507,0,0.0435,0.6926
3575-170457-0045,4970,0,-0.0392,0.4586
3575-170457-0045,4992,0,0.1343,0.6961
3575-170457-0045,5142,0,0.0586,0.5324
3575-170457-0045,5683,0,0.0551,0.6754
3575-170457-0045,6829,0,0.0271,0.6099
3575-170457-0045,8463,0,0.0483,0.6762
3575-170457-0045,8555,0,0.0502,0.5472
3729-6852-0002,121,0,0.027,0.8047
3729-6852-0002,1221,0,0.0572,0.6462
3729-6852-0002,1284,0,-0.0218,0.8288
3729-6852-0002,1580,0,0.0747,0.7509
3729-6852-0002,1995,0,0.0089,0.7953
3729-6852-0002,2094,0,-0.0446,0.7484
3729-6852-0002,237,0,-0.0155,0.668
3729-6852-0002,2961,0,0.1744,0.8307
3729-6852-0002,3570,0,0.0703,0.6997
3729-6852-0002,3575,0,0.021,0.5451
3729-6852-0002,3729,1,0.1058,0.7352
3729-6852-0002,4446,0,-0.0443,0.7486
3729-6852-0002,4507,0,0.0794,0.6755
3729-6852-0002,4970,0,-0.0424,0.4617
3729-6852-0002,4992,0,0.1815,0.7036
3729-6852-0002,5142,0,0.1223,0.5697
3729-6852-0002,5683,0,0.0456,0.6313
3729-6852-0002,6829,0,0.0344,0.6419
3729-6852-0002,8463,0,-0.0046,0.696
3729-6852-0002,8555,0,0.0105,0.5192
3729-6852-0011,121,0,0.016,0.7701
3729-6852-0011,1221,0,0.0352,0.6228
3729-6852-0011,1284,0,0.0046,0.788
3729-6852-0011,1580,0,0.0432,0.6886
3729-6852-0011,1995,0,-0.0059,0.7761
3729-6852-0011,2094,0,0.0596,0.7059
3729-6852-0011,237,0,-0.0638,0.6227
3729-6852-0011,2961,0,0.1451,0.8163
3729-6852-0011,3570,0,0.081,0.6611
3729-6852-0011,3575,0,0.031,0.4751
3729-6852-0011,3729,1,0.1696,0.7175
3729-6852-0011,4446,0,-0.0785,0.7256
3729-6852-0011,4507,0,0.105,0.6291
3729-6852-0011,4970,0,-0.1236,0.4142
3729-6852-0011,4992,0,0.0971,0.6949
3729-6852-0011,5142,0,-0.0076,0.5627
3729-6852-0011,5683,0,0.0357,0.5753
3729-6852-0011,6829,0,-0.0093,0.6262
3729-6852-0011,8463,0,-0.0348,0.6962
3729-6852-0011,8555,0,0.0166,0.4869
3729-6852-0014,121,0,0.0423,0.7064
3729-6852-0014,1221,0,0.0779,0.5521
3729-6852-0014,1284,0,-0.0084,0.7348
3729-6852-0014,1580,0,0.0655,0.6176
3729-6852-0014,1995,0,0.0595,0.7329
3729-6852-0014,2094,0,-0.0383,0.6204
3729-6852-0014,237,0,0.027,0.5653
3729-6852-0014,2961,0,0.0666,0.7618
3729-6852-0014,3570,0,0.1359,0.6208
3729-6852-0014,3575,0,0.0508,0.426
3729-6852-0014,3729,1,0.0963,0.6384
3729-6852-0014,4446,0,0.0194,0.6449
3729-6852-0014,4507,0,0.1696,0.5653
3729-6852-0014,4970,0,0.0245,0.3586
3729-6852-0014,4992,0,0.1154,0.6107
3729-6852-0014,5142,0,0.1283,0.4914
3729-6852-0014,5683,0,0.0722,0.5223
3729-6852-0014,6829,0,0.0353,0.5326
3729-6852-0014,8463,0,0.0367,0.6003
3729-6852-0014,8555,0,0.0511,0.4409
3729-6852-0016,121,0,0.0463,0.8391
3729-6852-0016,1221,0,0.0875,0.638
3729-6852-0016,1284,0,0.1105,0.7996
3729-6852-0016,1580,0,0.0908,0.7669
3729-6852-0016,1995,0,0.1083,0.7953
3729-6852-0016,2094,0,-0.0004,0.7362
3729-6852-0016,237,0,0.0076,0.6674
3729-6852-0016,2961,0,0.1858,0.8423
3729-6852-0016,3570,0,0.0557,0.7431
3729-6852-0016,3575,0,0.0293,0.589
3729-6852-0016,3729,1,0.0601,0.7468
3729-6852-0016,4446,0,-0.0216,0.7257
3729-6852-0016,4507,0,0.0821,0.6798
3729-6852-0016,4970,0,-0.0519,0.4449
3729-6852-0016,4992,0,0.1441,0.693
3729-6852-0016,5142,0,0.0704,0.5286
3729-6852-0016,5683,0,0.0273,0.6665
3729-6852-0016,6829,0,0.0536,0.6114
3729-6852-0016,8463,0,-0.0211,0.6773
3729-6852-0016,8555,0,0.0004,0.5252
3729-6852-0022,121,0,0.0472,0.761
3729-6852-0022,1221,0,0.0703,0.5872
3729-6852-0022,1284,0,0.0359,0.8119
3729-6852-0022,1580,0,0.1273,0.7358
3729-6852-0022,1995,0,0.0846,0.7361
3729-6852-0022,2094,0,-0.0145,0.6964
3729-6852-0022,237,0,0.0664,0.6168
3729-6852-0022,2961,0,0.1562,0.7683
3729-6852-0022,3570,0,0.1369,0.6611
3729-6852-0022,3575,0,0.1095,0.543
3729-6852-0022,3729,1,0.1136,0.6775
3729-6852-0022,4446,0,0.0266,0.7067
3729-6852-0022,4507,0,0.0447,0.6104
3729-6852-0022,4970,0,-0.1023,0.4215
3729-6852-0022,4992,0,0.1562,0.6269
3729-6852-0022,5142,0,0.1462,0.4836
3729-6852-0022,5683,0,0.1018,0.6192
3729-6852-0022,6829,0,0.0006,0.5544
3729-6852-0022,8463,0,0.0076,0.6063
3729-6852-0022,8555,0,0.0739,0.4692
3729-6852-0026,121,0,0.0776,0.7341
3729-6852-0026,1221,0,0.103,0.5578
3729-6852-0026,1284,0,-0.0666,0.7659
3729-6852-0026,1580,0,0.0057,0.678
3729-6852-0026,1995,0,0.0966,0.7134
3729-6852-0026,2094,0,0.0385,0.6685
3729-6852-0026,237,0,-0.0364,0.5809
3729-6852-0026,2961,0,0.1482,0.7541
3729-6852-0026,3570,0,0.1279,0.6501
3729-6852-0026,3575,0,0.0636,0.4807
3729-6852-0026,3729,1,0.115,0.663
3729-6852-0026,4446,0,-0.0553,0.6753
3729-6852-0026,4507,0,0.1034,0.6036
3729-6852-0026,4970,0,-0.0726,0.3805
3729-6852-0026,4992,0,0.0837,0.6144
3729-6852-0026,5142,0,0.0775,0.4879
3729-6852-0026,5683,0,0.1133,0.564
3729-6852-0026,6829,0,-0.0262,0.5584
3729-6852-0026,8463,0,-0.0053,0.6004
3729-6852-0026,8555,0,0.0304,0.4489
3729-6852-0037,121,0,0.0501,0.7987
3729-6852-0037,1221,0,0.0785,0.6535
3729-6852-0037,1284,0,0.0396,0.846
3729-6852-0037,1580,0,-0.0244,0.7644
3729-6852-0037,1995,0,0.1204,0.802
3729-6852-0037,2094,0,-0.021,0.7657
3729-6852-0037,237,0,0.0007,0.6745
3729-6852-0037,2961,0,0.1038,0.8236
3729-6852-0037,3570,0,0.0461,0.6817
3729-6852-0037,3575,0,0.063,0.5429
3729-6852-0037,3729,1,0.1254,0.7413
3729-6852-0037,4446,0,-0.0517,0.7701
3729-6852-0037,4507,0,0.0446,0.6596
3729-6852-0037,4970,0,-0.1353,0.4443
3729-6852-0037,4992,0,0.1196,0.7119
3729-6852-0037,5142,0,0.0626,0.559
3729-6852-0037,5683,0,0.0256,0.6393
3729-6852-0037,6829,0,0.0157,0.6547
3729-6852-0037,8463,0,-0.0175,0.6899
3729-6852-0037,8555,0,-0.0046,0.5003
3729-6852-0039,121,0,0.0044,0.8001
3729-6852-0039,1221,0,0.0637,0.63
3729-6852-0039,1284,0,-0.0056,0.8309
3729-6852-0039,1580,0,0.0893,0.7552
3729-6852-0039,1995,0,0.072,0.7784
3729-6852-0039,2094,0,0.0764,0.7358
3729-6852-0039,237,0,0.0031,0.6538
3729-6852-0039,2961,0,0.2199,0.8104
3729-6852-0039,3570,0,0.109,0.682
3729-6852-0039,3575,0,0.078,0.5302
3729-6852-0039,3729,1,0.0769,0.7311
3729-6852-0039,4446,0,-0.0348,0.7524
3729-6852-0039,4507,0,0.0703,0.642
3729-6852-0039,4970,0,-0.0592,0.4301
3729-6852-0039,4992,0,0.1408,0.6917
3729-6852-0039,5142,0,0.1621,0.5396
3729-6852-0039,5683,0,0.0795,0.637
3729-6852-0039,6829,0,0.007,0.6017
3729-6852-0039,8463,0,0.0406,0.6733
3729-6852-0039,8555,0,0.0379,0.5024
3729-6852-0040,121,0,-0.0291,0.7781
3729-6852-0040,1221,0,0.0634,0.5913
3729-6852-0040,1284,0,0.0954,0.7737
3729-6852-0040,1580,0,0.0208,0.6759
3729-6852-0040,1995,0,0.1167,0.7777
3729-6852-0040,2094,0,-0.0298,0.6965
3729-6852-0040,237,0,-0.0139,0.6172
3729-6852-0040,2961,0,0.1786,0.8305
3729-6852-0040,3570,0,0.0498,0.6923
3729-6852-0040,3575,0,0.0505,0.501
3729-6852-0040,3729,1,0.0895,0.6893
3729-6852-0040,4446,0,0.0154,0.6871
3729-6852-0040,4507,0,0.1282,0.6099
3729-6852-0040,4970,0,-0.037,0.3943
3729-6852-0040,4992,0,0.213,0.6589
3729-6852-0040,5142,0,0.0814,0.4979
3729-6852-0040,5683,0,0.1065,0.5594
3729-6852-0040,6829,0,0.0102,0.5886
3729-6852-0040,8463,0,0.0421,0.6604
3729-6852-0040,8555,0,0.0163,0.4526
3729-6852-0046,121,0,0.0384,0.8086
3729-6852-0046,1221,0,0.0792,0.6748
3729-6852-0046,1284,0,0.021,0.8664
3729-6852-0046,1580,0,0.0595,0.7742
3729-6852-0046,1995,0,0.1208,0.8001
3729-6852-0046,2094,0,0.0653,0.7707
3729-6852-0046,237,0,0.0099,0.6796
3729-6852-0046,2961,0,0.17,0.8002
3729-6852-0046,3570,0,0.1084,0.682
3729-6852-0046,3575,0,-0.0146,0.5464
3729-6852-0046,3729,1,0.172,0.7583
3729-6852-0046,4446,0,-0.0531,0.792
3729-6852-0046,4507,0,0.1685,0.6691
3729-6852-0046,4970,0,-0.0852,0.4644
3729-6852-0046,4992,0,0.1472,0.73
3729-6852-0046,5142,0,0.0973,0.5794
3729-6852-0046,5683,0,0.0308,0.6487
3729-6852-0046,6829,0,-0.0005,0.6516
3729-6852-0046,8463,0,0.0308,0.7199
3729-6852-0046,8555,0,0.0085,0.5179
4077-13751-0002,1089,0,0.2485,0.8144
4077-13751-0002,1188,0,0.2112,0.8512
4077-13751-0002,1320,0,0.2446,0.7392
4077-13751-0002,2300,0,0.1755,0.4703
4077-13751-0002,260,0,0.1333,0.9017
4077-13751-0002,2830,0,0.2308,0.83
4077-13751-0002,4077,1,0.1419,0.7727
4077-13751-0002,5105,0,0.1046,0.7473
4077-13751-0002,5639,0,0.176,0.8723
4077-13751-0002,61,0,0.2106,0.8348
4077-13751-0002,672,0,0.1648,0.8748
4077-13751-0002,6930,0,-0.0009,0.8356
4077-13751-0002,7021,0,0.03,0.6508
4077-13751-0002,7127,0,0.1764,0.6866
4077-13751-0002,7176,0,0.0521,0.8705
4077-13751-0002,7729,0,0.2344,0.7311
4077-13751-0002,8224,0,0.0508,0.7854
4077-13751-0002,8230,0,0.2138,0.8773
4077-13751-0002,8455,0,0.1577,0.763
4077-13751-0002,908,0,-0.0152,0.797
4077-13751-0006,1089,0,0.1568,0.7891
4077-13751-0006,1188,0,0.1559,0.7908
4077-13751-0006,1320,0,0.1781,0.6763
4077-13751-0006,2300,0,0.1338,0.454
4077-13751-0006,260,0,0.0193,0.8374
4077-13751-0006,2830,0,0.1388,0.7313
4077-13751-0006,4077,1,0.1337,0.7662
4077-13751-0006,5105,0,-0.0105,0.7033
4077-13751-0006,5639,0,0.2999,0.9167
4077-13751-0006,61,0,0.0251,0.7779
4077-13751-0006,672,0,0.1944,0.8651
4077-13751-0006,6930,0,-0.0316,0.7394
4077-13751-0006,7021,0,0.0192,0.6309
4077-13751-0006,7127,0,0.1523,0.6246
4077-13751-0006,7176,0,-0.1636,0.7719
4077-13751-0006,7729,0,0.1638,0.7659
4077-13751-0006,8224,0,-0.0103,0.8
4077-13751-0006,8230,0,0.0301,0.797
4077-13751-0006,8455,0,0.1177,0.6921
4077-13751-0006,908,0,-0.1638,0.8108
4077-13751-0008,1089,0,0.2215,0.8293
4077-13751-0008,1188,0,0.1553,0.8322
4077-13751-0008,1320,0,0.1672,0.7179
4077-13751-0008,2300,0,0.1699,0.4703
4077-13751-0008,260,0,0.0996,0.8691
4077-13751-0008,2830,0,0.1913,0.7891
4077-13751-0008,4077,1,0.1097,0.8058
4077-13751-0008,5105,0,0.0514,0.7517
4077-13751-0008,5639,0,0.2447,0.9466
4077-13751-0008,61,0,0.0889,0.8198
4077-13751-0008,672,0,0.1857,0.8904
4077-13751-0008,6930,0,-0.0718,0.7691
4077-13751-0008,7021,0,0.0942,0.67
4077-13751-0008,7127,0,0.1897,0.6866
4077-13751-0008,7176,0,-0.0471,0.8243
4077-13751-0008,7729,0,0.2455,0.8158
4077-13751-0008,8224,0,0.0281,0.7958
4077-13751-0008,8230,0,0.1491,0.8448
4077-13751-0008,8455,0,0.1113,0.7102
4077-13751-0008,908,0,-0.0499,0.8445
4077-13751-0010,1089,0,0.1807,0.8736
4077-13751-0010,1188,0,0.1794,0.8617
4077-13751-0010,1320,0,0.1555,0.8166
4077-13751-0010,2300,0,0.1232,0.5754
4077-13751-0010,260,0,0.0388,0.8711
4077-13751-0010,2830,0,0.1814,0.7964
4077-13751-0010,4077,1,0.0603,0.8394
4077-13751-0010,5105,0,-0.0202,0.8314
4077-13751-0010,5639,0,0.2516,0.9327
4077-13751-0010,61,0,-0.0677,0.7878
4077-13751-0010,672,0,0.3271,0.9245
4077-13751-0010,6930,0,-0.0746,0.7869
4077-13751-0010,7021,0,0.0021,0.7518
4077-13751-0010,7127,0,0.2088,0.7815
4077-13751-0010,7176,0,-0.165,0.7942
4077-13751-0010,7729,0,0.1409,0.8079
4077-13751-0010,8224,0,0.1014,0.8547
4077-13751-0010,8230,0,0.023,0.818
4077-13751-0010,8455,0,0.0646,0.7804
4077-13751-0010,908,0,-0.1073,0.8543
4077-13751-0013,1089,0,0.1149,0.8358
4077-13751-0013,1188,0,0.1828,0.8614
4077-13751-0013,1320,0,0.2009,0.7602
4077-13751-0013,2300,0,0.1872,0.5409
4077-13751-0013,260,0,-0.0403,0.8814
4077-13751-0013,2830,0,0.1066,0.8051
4077-13751-0013,4077,1,0.1318,0.8176
4077-13751-0013,5105,0,0.0363,0.7821
4077-13751-0013,5639,0,0.1371,0.9253
4077-13751-0013,61,0,0.0234,0.8169
4077-13751-0013,672,0,0.17,0.883
4077-13751-0013,6930,0,-0.0627,0.7903
4077-13751-0013,7021,0,0.0393,0.7049
4077-13751-0013,7127,0,0.168,0.725
4077-13751-0013,7176,0,-0.0461,0.8145
4077-13751-0013,7729,0,0.2688,0.8352
4077-13751-0013,8224,0,0.0491,0.8128
4077-13751-0013,8230,0,-0.032,0.8351
4077-13751-0013,8455,0,0.1632,0.7539
4077-13751-0013,908,0,-0.0157,0.8415
4077-13751-0015,1089,0,0.2599,0.8823
4077-13751-0015,1188,0,0.1753,0.8704
4077-13751-0015,1320,0,0.1169,0.7756
4077-13751-0015,2300,0,0.1472,0.5153
4077-13751-0015,260,0,-0.0193,0.8889
4077-13751-0015,2830,0,0.1573,0.8405
4077-13751-0015,4077,1,0.123,0.8472
4077-13751-0015,5105,0,0.0649,0.7989
4077-13751-0015,5639,0,0.2112,0.9368
4077-13751-0015,61,0,0.0242,0.8475
4077-13751-0015,672,0,0.0621,0.9035
4077-13751-0015,6930,0,-0.0458,0.8051
4077-13751-0015,7021,0,0.0079,0.7051
4077-13751-0015,7127,0,0.2122,0.7691
4077-13751-0015,7176,0,-0.0163,0.8596
4077-13751-0015,7729,0,0.1898,0.8416
4077-13751-0015,8224,0,0.0498,0.7727
4077-13751-0015,8230,0,0.1281,0.892
4077-13751-0015,8455,0,0.1276,0.7569
4077-13751-0015,908,0,-0.0707,0.8459
4077-13751-0020,1089,0,0.2406,0.8242
4077-13751-0020,1188,0,0.2059,0.8491
4077-13751-0020,1320,0,0.2262,0.7157
4077-13751-0020,2300,0,0.154,0.4524
4077-13751-0020,260,0,0.1228,0.8933
4077-13751-0020,2830,0,0.2229,0.812
4077-13751-0020,4077,1,0.1623,0.7845
4077-13751-0020,5105,0,0.0693,0.7501
4077-13751-0020,5639,0,0.2814,0.9259
4077-13751-0020,61,0,0.0508,0.8428
4077-13751-0020,672,0,0.2464,0.8823
4077-13751-0020,6930,0,0.0086,0.7686
4077-13751-0020,7021,0,0.0872,0.6654
4077-13751-0020,7127,0,0.1727,0.676
4077-13751-0020,7176,0,-0.0552,0.8455
4077-13751-0020,7729,0,0.2223,0.7991
4077-13751-0020,8224,0,0.0484,0.765
4077-13751-0020,8230,0,0.1197,0.8701
4077-13751-0020,8455,0,0.1302,0.7071
4077-13751-0020,908,0,-0.0486,0.8421
4077-13754-0000,1089,0,0.1099,0.8358
4077-13754-0000,1188,0,0.1613,0.8637
4077-13754-0000,1320,0,0.0553,0.7374
4077-13754-0000,2300,0,0.1111,0.5087
4077-13754-0000,260,0,0.0657,0.8715
4077-13754-0000,2830,0,0.1489,0.8414
4077-13754-0000,4077,1,0.0182,0.7718
4077-13754-0000,5105,0,-0.0126,0.7962
4077-13754-0000,5639,0,0.1642,0.924
4077-13754-0000,61,0,0.0595,0.8307
4077-13754-0000,672,0,0.1323,0.874
4077-13754-0000,6930,0,-0.1048,0.7968
4077-13754-0000,7021,0,-0.0141,0.7102
4077-13754-0000,7127,0,0.0756,0.713
4077-13754-0000,7176,0,-0.1253,0.8283
4077-13754-0000,7729,0,0.2158,0.8177
4077-13754-0000,8224,0,0.0082,0.811
4077-13754-0000,8230,0,0.0732,0.8783
4077-13754-0000,8455,0,0.0072,0.7068
4077-13754-0000,908,0,-0.0934,0.8175
4077-13754-0003,1089,0,0.108,0.8009
4077-13754-0003,1188,0,0.0701,0.8443
4077-13754-0003,1320,0,0.1353,0.6861
4077-13754-0003,2300,0,0.1702,0.4249
4077-13754-0003,260,0,0.061,0.8613
4077-13754-0003,2830,0,0.1558,0.8202
4077-13754-0003,4077,1,0.0207,0.7644
4077-13754-0003,5105,0,0.0255,0.7144
4077-13754-0003,5639,0,0.2319,0.9083
4077-13754-0003,61,0,-0.0024,0.8026
4077-13754-0003,672,0,0.0728,0.8423
4077-13754-0003,6930,0,-0.0094,0.7348
4077-13754-0003,7021,0,0.0473,0.6274
4077-13754-0003,7127,0,0.1763,0.6753
4077-13754-0003,7176,0,-0.1191,0.8298
4077-13754-0003,7729,0,0.1244,0.7924
4077-13754-0003,8224,0,0.0758,0.7223
4077-13754-0003,8230,0,0.0714,0.8562
4077-13754-0003,8455,0,0.1549,0.6718
4077-13754-0003,908,0,-0.1059,0.793
4077-13754-0010,1089,0,0.1784,0.8587
4077-13754-0010,1188,0,0.168,0.8888
4077-13754-0010,1320,0,0.126,0.7775
4077-13754-0010,2300,0,0.1728,0.539
4077-13754-0010,260,0,0.0699,0.9208
4077-13754-0010,2830,0,0.1664,0.8441
4077-13754-0010,4077,1,0.0845,0.8382
4077-13754-0010,5105,0,-0.0516,0.8093
4077-13754-0010,5639,0,0.2109,0.9314
4077-13754-0010,61,0,0.066,0.8783
4077-13754-0010,672,0,0.1866,0.9049
4077-13754-0010,6930,0,-0.0618,0.8207
4077-13754-0010,7021,0,0.0459,0.7234
4077-13754-0010,7127,0,0.1544,0.7422
4077-13754-0010,7176,0,-0.0786,0.8797
4077-13754-0010,7729,0,0.1914,0.8538
4077-13754-0010,8224,0,0.1822,0.7955
4077-13754-0010,8230,0,0.1137,0.8916
4077-13754-0010,8455,0,0.1263,0.7735
4077-13754-0010,908,0,-0.1324,0.8626
4446-2273-0001,121,0,0.1072,0.7721
4446-2273-0001,1221,0,0.0711,0.6447
4446-2273-0001,1284,0,0.0929,0.8503
4446-2273-0001,1580,0,0.1452,0.7524
4446-2273-0001,1995,0,0.0377,0.7861
4446-2273-0001,2094,0,-0.0396,0.7452
4446-2273-0001,237,0,-0.0116,0.6713
4446-2273-0001,2961,0,0.0374,0.7462
4446-2273-0001,3570,0,0.11,0.655
4446-2273-0001,3575,0,0.0468,0.534
4446-2273-0001,3729,0,0.1204,0.7177
4446-2273-0001,4446,1,0.0378,0.7703
4446-2273-0001,4507,0,0.0801,0.6441
4446-2273-0001,4970,0,-0.0625,0.4621
4446-2273-0001,4992,0,0.101,0.6974
4446-2273-0001,5142,0,0.0251,0.5748
4446-2273-0001,5683,0,-0.0245,0.6372
4446-2273-0001,6829,0,0.0567,0.6063
4446-2273-0001,8463,0,-0.0116,0.6784
4446-2273-0001,8555,0,0.0058,0.534
4446-2273-0008,121,0,0.024,0.7848
4446-2273-0008,1221,0,0.1219,0.6449
4446-2273-0008,1284,0,0.1315,0.8486
4446-2273-0008,1580,0,0.0876,0.7597
4446-2273-0008,1995,0,0.101,0.7789
4446-2273-0008,2094,0,0.0212,0.7266
4446-2273-0008,237,0,-0.0205,0.6486
4446-2273-0008,2961,0,0.1971,0.7867
4446-2273-0008,3570,0,0.124,0.6652
4446-2273-0008,3575,0,0.0449,0.5197
4446-2273-0008,3729,0,0.1571,0.7292
4446-2273-0008,4446,1,-0.0194,0.7674
4446-2273-0008,4507,0,0.0977,0.639
4446-2273-0008,4970,0,-0.1021,0.4409
4446-2273-0008,4992,0,0.1705,0.6969
4446-2273-0008,5142,0,0.0981,0.5552
4446-2273-0008,5683,0,-0.0023,0.6402
4446-2273-0008,6829,0,-0.0182,0.6092
4446-2273-0008,8463,0,0.0079,0.684
4446-2273-0008,8555,0,0.028,0.5101
4446-2273-0022,121,0,0.0237,0.7403
4446-2273-0022,1221,0,0.0612,0.6366
4446-2273-0022,1284,0,-0.021,0.8602
4446-2273-0022,1580,0,0.0579,0.7513
4446-2273-0022,1995,0,0.1302,0.7596
4446-2273-0022,2094,0,0.0315,0.7394
4446-2273-0022,237,0,-0.0532,0.628
4446-2273-0022,2961,0,0.0813,0.737
4446-2273-0022,3570,0,0.043,0.5967
4446-2273-0022,3575,0,0.0053,0.5173
4446-2273-0022,3729,0,0.0684,0.7042
4446-2273-0022,4446,1,-0.0976,0.7635
4446-2273-0022,4507,0,0.0573,0.613
4446-2273-0022,4970,0,-0.0469,0.4574
4446-2273-0022,4992,0,0.1344,0.6885
4446-2273-0022,5142,0,0.0877,0.5648
4446-2273-0022,5683,0,0.0858,0.6346
4446-2273-0022,6829,0,0.0854,0.6193
4446-2273-0022,8463,0,0.0638,0.6878
4446-2273-0022,8555,0,0.0727,0.4906
4446-2273-0032,121,0,0.0137,0.8164
4446-2273-0032,1221,0,0.0209,0.6953
4446-2273-0032,1284,0,0.0214,0.8793
4446-2273-0032,1580,0,0.0515,0.8157
4446-2273-0032,1995,0,0.0642,0.7808
4446-2273-0032,2094,0,0.0214,0.7988
4446-2273-0032,237,0,-0.0721,0.6936
4446-2273-0032,2961,0,0.1816,0.7969
4446-2273-0032,3570,0,0.06,0.6817
4446-2273-0032,3575,0,-0.0027,0.5698
4446-2273-0032,3729,0,0.1277,0.7818
4446-2273-0032,4446,1,-0.063,0.8126
4446-2273-0032,4507,0,0.0981,0.6988
4446-2273-0032,4970,0,-0.0221,0.4843
4446-2273-0032,4992,0,0.1068,0.7364
4446-2273-0032,5142,0,0.0697,0.5909
4446-2273-0032,5683,0,-0.022,0.6995
4446-2273-0032,6829,0,0.0079,0.6762
4446-2273-0032,8463,0,-0.0797,0.7054
4446-2273-0032,8555,0,0.0165,0.5304
4446-2275-0007,121,0,0.0213,0.7486
4446-2275-0007,1221,0,0.0941,0.6597
4446-2275-0007,1284,0,-0.0136,0.8727
4446-2275-0007,1580,0,0.098,0.7673
4446-2275-0007,1995,0,0.0322,0.7567
4446-2275-0007,2094,0,-0.0011,0.7509
4446-2275-0007,237,0,-0.0006,0.6416
4446-2275-0007,2961,0,0.2038,0.733
4446-2275-0007,3570,0,0.0637,0.6021
4446-2275-0007,3575,0,0.0626,0.5098
4446-2275-0007,3729,0,0.1534,0.7263
4446-2275-0007,4446,1,-0.0307,0.792
4446-2275-0007,4507,0,0.1073,0.6362
4446-2275-0007,4970,0,-0.0636,0.4679
4446-2275-0007,4992,0,0.1248,0.7128
4446-2275-0007,5142,0,0.1054,0.5959
4446-2275-0007,5683,0,0.0652,0.6397
4446-2275-0007,6829,0,-0.0585,0.6426
4446-2275-0007,8463,0,0.014,0.7124
4446-2275-0007,8555,0,0.0333,0.5082
4446-2275-0026,121,0,0.0538,0.7495
4446-2275-0026,1221,0,0.1602,0.7211
4446-2275-0026,1284,0,0.1854,0.91
4446-2275-0026,1580,0,0.1951,0.829
4446-2275-0026,1995,0,0.0183,0.7504
4446-2275-0026,2094,0,-0.0258,0.777
4446-2275-0026,237,0,0.0333,0.6867
4446-2275-0026,2961,0,0.2259,0.6951
4446-2275-0026,3570,0,0.1278,0.6065
4446-2275-0026,3575,0,0.1408,0.5273
4446-2275-0026,3729,0,0.0789,0.7549
4446-2275-0026,4446,1,-0.0239,0.8422
4446-2275-0026,4507,0,0.0876,0.6751
4446-2275-0026,4970,0,0.0199,0.5053
4446-2275-0026,4992,0,0.2457,0.7477
4446-2275-0026,5142,0,0.0683,0.6262
4446-2275-0026,5683,0,0.0741,0.6913
4446-2275-0026,6829,0,0.0522,0.6793
4446-2275-0026,8463,0,0.0688,0.7217
4446-2275-0026,8555,0,0.0744,0.5422
4446-2275-0029,121,0,0.0376,0.7752
4446-2275-0029,1221,0,0.0891,0.7117
4446-2275-0029,1284,0,0.0659,0.8915
4446-2275-0029,1580,0,0.0694,0.8035
4446-2275-0029,1995,0,0.167,0.7851
4446-2275-0029,2094,0,0.0496,0.7809
4446-2275-0029,237,0,0.0241,0.6885
4446-2275-0029,2961,0,0.1497,0.7467
4446-2275-0029,3570,0,0.1118,0.6252
4446-2275-0029,3575,0,0.0475,0.5199
4446-2275-0029,3729,0,0.1603,0.7696
4446-2275-0029,4446,1,-0.0427,0.8298
4446-2275-0029,4507,0,0.135,0.6841
4446-2275-0029,4970,0,-0.0752,0.4972
4446-2275-0029,4992,0,0.0914,0.7614
4446-2275-0029,5142,0,0.1691,0.652
4446-2275-0029,5683,0,0.0694,0.6819
4446-2275-0029,6829,0,0.0104,0.6843
4446-2275-0029,8463,0,-0.006,0.7477
4446-2275-0029,8555,0,0.055,0.5606
4446-2275-0035,121,0,0.0502,0.7187
4446-2275-0035,1221,0,0.1011,0.6416
4446-2275-0035,1284,0,0.0865,0.8756
4446-2275-0035,1580,0,0.092,0.8088
4446-2275-0035,1995,0,0.1791,0.739
4446-2275-0035,2094,0,-0.044,0.7395
4446-2275-0035,237,0,0.0309,0.6585
4446-2275-0035,2961,0,0.1661,0.6767
4446-2275-0035,3570,0,0.1103,0.5847
4446-2275-0035,3575,0,0.0285,0.5744
4446-2275-0035,3729,0,-0.0111,0.6656
4446-2275-0035,4446,1,-0.0309,0.7647
4446-2275-0035,4507,0,0.0173,0.616
4446-2275-0035,4970,0,-0.0827,0.4951
4446-2275-0035,4992,0,0.0524,0.6639
4446-2275-0035,5142,0,0.095,0.5389
4446-2275-0035,5683,0,0.1067,0.6747
4446-2275-0035,6829,0,-0.03,0.602
4446-2275-0035,8463,0,-0.0511,0.6378
4446-2275-0035,8555,0,0.0195,0.5082
4446-2275-0041,121,0,-0.0213,0.6869
4446-2275-0041,1221,0,0.0752,0.5903
4446-2275-0041,1284,0,0.0683,0.8206
4446-2275-0041,1580,0,0.1283,0.6752
4446-2275-0041,1995,0,0.2172,0.7624
4446-2275-0041,2094,0,0.1126,0.6881
4446-2275-0041,237,0,-0.074,0.6053
4446-2275-0041,2961,0,0.1441,0.6973
4446-2275-0041,3570,0,0.1742,0.5573
4446-2275-0041,3575,0,0.0561,0.4551
4446-2275-0041,3729,0,0.1758,0.6412
4446-2275-0041,4446,1,0.0066,0.7177
4446-2275-0041,4507,0,0.1424,0.5526
4446-2275-0041,4970,0,-0.0903,0.4062
4446-2275-0041,4992,0,0.0547,0.6551
4446-2275-0041,5142,0,0.1532,0.5373
4446-2275-0041,5683,0,0.0523,0.5658
4446-2275-0041,6829,0,-0.0475,0.5721
4446-2275-0041,8463,0,-0.0224,0.643
4446-2275-0041,8555,0,0.0321,0.4657
4446-2275-0043,121,0,-0.0056,0.7774
4446-2275-0043,1221,0,0.0918,0.7085
4446-2275-0043,1284,0,0.1712,0.8989
4446-2275-0043,1580,0,0.1348,0.7982
4446-2275-0043,1995,0,0.099,0.7959
4446-2275-0043,2094,0,0.0659,0.7828
4446-2275-0043,237,0,0.0434,0.6972
4446-2275-0043,2961,0,0.1933,0.749
4446-2275-0043,3570,0,0.1494,0.6364
4446-2275-0043,3575,0,0.0923,0.5263
4446-2275-0043,3729,0,0.139,0.7721
4446-2275-0043,4446,1,0.0298,0.8356
4446-2275-0043,4507,0,0.0684,0.6727
4446-2275-0043,4970,0,-0.0355,0.4927
4446-2275-0043,4992,0,0.1407,0.7622
4446-2275-0043,5142,0,0.0912,0.6376
4446-2275-0043,5683,0,0.029,0.6737
4446-2275-0043,6829,0,0.0025,0.6828
4446-2275-0043,8463,0,-0.0237,0.7444
4446-2275-0043,8555,0,0.0396,0.5513
4507-16021-0001,121,0,0.0021,0.7208
4507-16021-0001,1221,0,0.0682,0.5483
4507-16021-0001,1284,0,-0.0416,0.74
4507-16021-0001,1580,0,-0.02,0.6342
4507-16021-0001,1995,0,0.0564,0.7432
4507-16021-0001,2094,0,-0.0779,0.6466
4507-16021-0001,237,0,-0.0471,0.5686
4507-16021-0001,2961,0,0.0375,0.7911
4507-16021-0001,3570,0,0.0114,0.6301
4507-16021-0001,3575,0,-0.0012,0.4596
4507-16021-0001,3729,0,0.1247,0.6402
4507-16021-0001,4446,0,-0.1026,0.6436
4507-16021-0001,4507,1,0.0903,0.5722
4507-16021-0001,4970,0,-0.0308,0.3653
4507-16021-0001,4992,0,0.1961,0.6141
4507-16021-0001,5142,0,0.0706,0.4806
4507-16021-0001,5683,0,0.0529,0.531
4507-16021-0001,6829,0,0.0317,0.5548
4507-16021-0001,8463,0,-0.031,0.6092
4507-16021-0001,8555,0,0.0467,0.4311
4507-16021-0005,121,0,0.0044,0.7816
4507-16021-0005,1221,0,0.0489,0.5814
4507-16021-0005,1284,0,0.0553,0.7878
4507-16021-0005,1580,0,0.0673,0.7278
4507-16021-0005,1995,0,0.003,0.7421
4507-16021-0005,2094,0,0.022,0.6917
4507-16021-0005,237,0,0.0186,0.6356
4507-16021-0005,2961,0,0.1408,0.7876
4507-16021-0005,3570,0,0.0397,0.6844
4507-16021-0005,3575,0,0.1274,0.5131
4507-16021-0005,3729,0,-0.0056,0.6896
4507-16021-0005,4446,0,0.0118,0.7017
4507-16021-0005,4507,1,0.1095,0.6238
4507-16021-0005,4970,0,0.0039,0.3836
4507-16021-0005,4992,0,0.1479,0.6346
4507-16021-0005,5142,0,0.0472,0.4756
4507-16021-0005,5683,0,0.066,0.6052
4507-16021-0005,6829,0,0.0222,0.549
4507-16021-0005,8463,0,0.0698,0.6062
4507-16021-0005,8555,0,-0.052,0.4628
4507-16021-0021,121,0,-0.0147,0.7523
4507-16021-0021,1221,0,0.0687,0.6792
4507-16021-0021,1284,0,0.1009,0.8811
4507-16021-0021,1580,0,0.1636,0.7718
4507-16021-0021,1995,0,0.1707,0.7998
4507-16021-0021,2094,0,0.0349,0.7703
4507-16021-0021,237,0,0.0524,0.674
4507-16021-0021,2961,0,0.154,0.7266
4507-16021-0021,3570,0,0.0946,0.6101
4507-16021-0021,3575,0,0.004,0.5196
4507-16021-0021,3729,0,0.1922,0.7266
4507-16021-0021,4446,0,0.0175,0.7957
4507-16021-0021,4507,1,0.1417,0.6496
4507-16021-0021,4970,0,-0.0412,0.4703
4507-16021-0021,4992,0,0.182,0.7319
4507-16021-0021,5142,0,0.1247,0.6105
4507-16021-0021,5683,0,-0.0055,0.6507
4507-16021-0021,6829,0,0.0237,0.6576
4507-16021-0021,8463,0,0.0314,0.713
4507-16021-0021,8555,0,0.0348,0.5289
4507-16021-0030,121,0,0.0256,0.7787
4507-16021-0030,1221,0,0.073,0.6479
4507-16021-0030,1284,0,0.0521,0.8401
4507-16021-0030,1580,0,0.0596,0.7498
4507-16021-0030,1995,0,0.1069,0.7608
4507-16021-0030,2094,0,-0.042,0.7226
4507-16021-0030,237,0,-0.0408,0.6339
4507-16021-0030,2961,0,0.1416,0.7826
4507-16021-0030,3570,0,0.0627,0.6615
4507-16021-0030,3575,0,0.0387,0.5088
4507-16021-0030,3729,0,0.1033,0.7291
4507-16021-0030,4446,0,-0.0116,0.7622
4507-16021-0030,4507,1,0.1309,0.6496
4507-16021-0030,4970,0,-0.0311,0.4395
4507-16021-0030,4992,0,0.1873,0.6924
4507-16021-0030,5142,0,0.0886,0.5555
4507-16021-0030,5683,0,0.0853,0.6279
4507-16021-0030,6829,0,0.0074,0.6207
4507-16021-0030,8463,0,-0.0176,0.6804
4507-16021-0030,8555,0,0.0323,0.4972
4507-16021-0031,121,0,0.0884,0.7804
4507-16021-0031,1221,0,0.0939,0.6029
4507-16021-0031,1284,0,0.074,0.7977
4507-16021-0031,1580,0,0.0836,0.6985
4507-16021-0031,1995,0,0.091,0.7986
4507-16021-0031,2094,0,0.0038,0.7009
4507-16021-0031,237,0,-0.0312,0.6333
4507-16021-0031,2961,0,0.2029,0.8058
4507-16021-0031,3570,0,0.1079,0.6746
4507-16021-0031,3575,0,0.0809,0.505
4507-16021-0031,3729,0,0.1018,0.6866
4507-16021-0031,4446,0,-0.0454,0.7062
4507-16021-0031,4507,1,0.1469,0.6053
4507-16021-0031,4970,0,-0.0274,0.3968
4507-16021-0031,4992,0,0.1677,0.6715
4507-16021-0031,5142,0,0.0899,0.507
4507-16021-0031,5683,0,0.0914,0.5783
4507-16021-0031,6829,0,0.0215,0.5752
4507-16021-0031,8463,0,0.0232,0.6605
4507-16021-0031,8555,0,0.0575,0.4724
4507-16021-0046,121,0,0.0749,0.7831
4507-16021-0046,1221,0,0.0554,0.6359
4507-16021-0046,1284,0,0.064,0.8284
4507-16021-0046,1580,0,0.0552,0.7283
4507-16021-0046,1995,0,0.0454,0.8103
4507-16021-0046,2094,0,-0.035,0.7444
4507-16021-0046,237,0,0.014,0.6741
4507-16021-0046,2961,0,0.1011,0.7634
4507-16021-0046,3570,0,0.0572,0.6517
4507-16021-0046,3575,0,0.0343,0.5097
4507-16021-0046,3729,0,0.1079,0.725
4507-16021-0046,4446,0,0.059,0.7578
4507-16021-0046,4507,1,0.1357,0.6326
4507-16021-0046,4970,0,-0.0351,0.4451
4507-16021-0046,4992,0,0.1589,0.7157
4507-16021-0046,5142,0,0.0438,0.5822
4507-16021-0046,5683,0,0.0274,0.6189
4507-16021-0046,6829,0,0.024,0.608
4507-16021-0046,8463,0,-0.0302,0.7138
4507-16021-0046,8555,0,0.0963,0.5226
4507-16021-0052,121,0,-0.0005,0.7142
4507-16021-0052,1221,0,-0.0339,0.5482
4507-16021-0052,1284,0,0.0204,0.7474
4507-16021-0052,1580,0,0.0502,0.647
4507-16021-0052,1995,0,0.1494,0.7101
4507-16021-0052,2094,0,-0.0086,0.6497
4507-16021-0052,237,0,-0.0083,0.5593
4507-16021-0052,2961,0,0.1173,0.7576
4507-16021-0052,3570,0,0.0866,0.64
4507-16021-0052,3575,0,0.0128,0.456
4507-16021-0052,3729,0,0.1239,0.6353
4507-16021-0052,4446,0,-0.0731,0.6558
4507-16021-0052,4507,1,0.1343,0.5882
4507-16021-0052,4970,0,-0.0098,0.3698
4507-16021-0052,4992,0,0.1186,0.5995
4507-16021-0052,5142,0,0.1413,0.472
4507-16021-0052,5683,0,0.0674,0.5185
4507-16021-0052,6829,0,0.0024,0.555
4507-16021-0052,8463,0,-0.0461,0.5917
4507-16021-0052,8555,0,-0.0366,0.4232
4507-16021-0053,121,0,0.034,0.7784
4507-16021-0053,1221,0,0.0872,0.6688
4507-16021-0053,1284,0,0.1302,0.8585
4507-16021-0053,1580,0,0.102,0.7845
4507-16021-0053,1995,0,0.0554,0.7595
4507-16021-0053,2094,0,-0.0279,0.7523
4507-16021-0053,237,0,-0.0441,0.642
4507-16021-0053,2961,0,0.0974,0.7449
4507-16021-0053,3570,0,0.0031,0.6287
4507-16021-0053,3575,0,0.093,0.526
4507-16021-0053,3729,0,0.0658,0.7463
4507-16021-0053,4446,0,-0.0298,0.7782
4507-16021-0053,4507,1,0.1393,0.6676
4507-16021-0053,4970,0,0.0328,0.4599
4507-16021-0053,4992,0,0.2216,0.7202
4507-16021-0053,5142,0,0.1107,0.5869
4507-16021-0053,5683,0,0.059,0.6651
4507-16021-0053,6829,0,0.0901,0.6453
4507-16021-0053,8463,0,0.0692,0.7073
4507-16021-0053,8555,0,0.0692,0.5156
4507-16021-0056,121,0,-0.0368,0.7316
4507-16021-0056,1221,0,0.0598,0.6643
4507-16021-0056,1284,0,-0.0135,0.8612
4507-16021-0056,1580,0,0.1146,0.7555
4507-16021-0056,1995,0,0.0516,0.7779
4507-16021-0056,2094,0,-0.0379,0.7473
4507-16021-0056,237,0,-0.0982,0.6445
4507-16021-0056,2961,0,0.1772,0.6984
4507-16021-0056,3570,0,0.101,0.5857
4507-16021-0056,3575,0,-0.0129,0.4992
4507-16021-0056,3729,0,0.1764,0.7129
4507-16021-0056,4446,0,-0.0411,0.7788
4507-16021-0056,4507,1,0.151,0.6356
4507-16021-0056,4970,0,-0.1483,0.462
4507-16021-0056,4992,0,0.1976,0.722
4507-16021-0056,5142,0,0.0193,0.6091
4507-16021-0056,5683,0,0.0129,0.6378
4507-16021-0056,6829,0,0.0224,0.6372
4507-16021-0056,8463,0,0.0459,0.7021
4507-16021-0056,8555,0,-0.0168,0.5299
4507-16021-0057,121,0,-0.0803,0.6732
4507-16021-0057,1221,0,0.0091,0.5755
4507-16021-0057,1284,0,0.0506,0.797
4507-16021-0057,1580,0,0.0108,0.6752
4507-16021-0057,1995,0,0.1889,0.7098
4507-16021-0057,2094,0,-0.0071,0.6537
4507-16021-0057,237,0,0.0472,0.5576
4507-16021-0057,2961,0,0.097,0.6816
4507-16021-0057,3570,0,0.059,0.5566
4507-16021-0057,3575,0,0.0712,0.4762
4507-16021-0057,3729,0,0.0673,0.6255
4507-16021-0057,4446,0,-0.015,0.6793
4507-16021-0057,4507,1,0.1353,0.5641
4507-16021-0057,4970,0,-0.0167,0.4263
4507-16021-0057,4992,0,0.2122,0.6139
4507-16021-0057,5142,0,0.1808,0.521
4507-16021-0057,5683,0,0.1097,0.5804
4507-16021-0057,6829,0,0.0604,0.5491
4507-16021-0057,8463,0,0.079,0.604
4507-16021-0057,8555,0,0.0445,0.4683
4970-29093-0002,121,0,-0.0037,0.7848
4970-29093-0002,1221,0,0.0827,0.6165
4970-29093-0002,1284,0,0.0773,0.8164
4970-29093-0002,1580,0,0.0693,0.7166
4970-29093-0002,1995,0,0.1274,0.8035
4970-29093-0002,2094,0,-0.0221,0.7326
4970-29093-0002,237,0,-0.0154,0.6469
4970-29093-0002,2961,0,0.1761,0.8103
4970-29093-0002,3570,0,0.1142,0.6689
4970-29093-0002,3575,0,0.0239,0.5225
4970-29093-0002,3729,0,0.123,0.7106
4970-29093-0002,4446,0,-0.0271,0.7286
4970-29093-0002,4507,0,0.1031,0.627
4970-29093-0002,4970,1,-0.0585,0.4224
4970-29093-0002,4992,0,0.1874,0.6887
4970-29093-0002,5142,0,0.1226,0.5435
4970-29093-0002,5683,0,0.0234,0.6034
4970-29093-0002,6829,0,0.0209,0.6088
4970-29093-0002,8463,0,-0.0286,0.6768
4970-29093-0002,8555,0,0.0452,0.4929
4970-29093-0013,121,0,0.0414,0.7998
4970-29093-0013,1221,0,0.0873,0.683
4970-29093-0013,1284,0,0.091,0.8761
4970-29093-0013,1580,0,0.0838,0.8225
4970-29093-0013,1995,0,0.0326,0.7738
4970-29093-0013,2094,0,-0.0241,0.7822
4970-29093-0013,237,0,-0.0495,0.6765
4970-29093-0013,2961,0,0.2148,0.7823
4970-29093-0013,3570,0,0.1034,0.671
4970-29093-0013,3575,0,0.0508,0.5721
4970-29093-0013,3729,0,0.1065,0.7546
4970-29093-0013,4446,0,-0.0849,0.7975
4970-29093-0013,4507,0,0.0815,0.6842
4970-29093-0013,4970,1,-0.0387,0.4831
4970-29093-0013,4992,0,0.1493,0.7253
4970-29093-0013,5142,0,0.1031,0.5812
4970-29093-0013,5683,0,0.0487,0.6871
4970-29093-0013,6829,0,0.0547,0.659
4970-29093-0013,8463,0,-0.0391,0.7037
4970-29093-0013,8555,0,0.1048,0.5322
4970-29093-0020,121,0,0.0176,0.7115
4970-29093-0020,1221,0,0.0513,0.5579
4970-29093-0020,1284,0,-0.0228,0.7614
4970-29093-0020,1580,0,0.0032,0.6466
4970-29093-0020,1995,0,0.1234,0.7359
4970-29093-0020,2094,0,0.0235,0.6517
4970-29093-0020,237,0,-0.0345,0.5627
4970-29093-0020,2961,0,0.1893,0.7837
4970-29093-0020,3570,0,0.0842,0.6048
4970-29093-0020,3575,0,0.008,0.4285
4970-29093-0020,3729,0,0.1548,0.6484
4970-29093-0020,4446,0,-0.058,0.6729
4970-29093-0020,4507,0,0.0955,0.5623
4970-29093-0020,4970,1,-0.0571,0.3503
4970-29093-0020,4992,0,0.1335,0.6226
4970-29093-0020,5142,0,0.1239,0.4894
4970-29093-0020,5683,0,0.1237,0.5319
4970-29093-0020,6829,0,0.092,0.5578
4970-29093-0020,8463,0,-0.0466,0.6053
4970-29093-0020,8555,0,0.1288,0.4236
4970-29095-0006,121,0,-0.0644,0.7066
4970-29095-0006,1221,0,0.1074,0.584
4970-29095-0006,1284,0,-0.0132,0.8215
4970-29095-0006,1580,0,0.05,0.7152
4970-29095-0006,1995,0,0.0247,0.7169
4970-29095-0006,2094,0,0.0145,0.6957
4970-29095-0006,237,0,0.0163,0.584
4970-29095-0006,2961,0,0.1021,0.7166
4970-29095-0006,3570,0,0.095,0.5849
4970-29095-0006,3575,0,0.0091,0.506
4970-29095-0006,3729,0,0.0058,0.6507
4970-29095-0006,4446,0,-0.0162,0.7048
4970-29095-0006,4507,0,0.0138,0.5838
4970-29095-0006,4970,1,-0.0702,0.4324
4970-29095-0006,4992,0,0.1655,0.6277
4970-29095-0006,5142,0,0.0701,0.5099
4970-29095-0006,5683,0,0.0549,0.5949
4970-29095-0006,6829,0,0.0606,0.571
4970-29095-0006,8463,0,0.0151,0.6181
4970-29095-0006,8555,0,0.0238,0.4545
4970-29095-0007,121,0,-0.0241,0.7457
4970-29095-0007,1221,0,0.1413,0.6737
4970-29095-0007,1284,0,0.1587,0.8939
4970-29095-0007,1580,0,0.1569,0.8006
4970-29095-0007,1995,0,0.1432,0.7665
4970-29095-0007,2094,0,-0.0262,0.7667
4970-29095-0007,237,0,-0.005,0.6747
4970-29095-0007,2961,0,0.1546,0.6909
4970-29095-0007,3570,0,0.0706,0.6067
4970-29095-0007,3575,0,0.082,0.5728
4970-29095-0007,3729,0,0.0751,0.7159
4970-29095-0007,4446,0,0.0326,0.7916
4970-29095-0007,4507,0,0.0628,0.642
4970-29095-0007,4970,1,0.0124,0.5053
4970-29095-0007,4992,0,0.1932,0.7043
4970-29095-0007,5142,0,0.1065,0.5836
4970-29095-0007,5683,0,0.0876,0.6938
4970-29095-0007,6829,0,0.0394,0.6334
4970-29095-0007,8463,0,0.0468,0.6856
4970-29095-0007,8555,0,0.0822,0.5342
4970-29095-0020,121,0,0.0286,0.7374
4970-29095-0020,1221,0,0.1182,0.6524
4970-29095-0020,1284,0,0.052,0.8715
4970-29095-0020,1580,0,0.0851,0.7724
4970-29095-0020,1995,0,0.1244,0.7416
4970-29095-0020,2094,0,-0.0369,0.7358
4970-29095-0020,237,0,0.0373,0.6398
4970-29095-0020,2961,0,0.1621,0.7156
4970-29095-0020,3570,0,0.0518,0.606
4970-29095-0020,3575,0,0.0641,0.525
4970-29095-0020,3729,0,0.0819,0.7038
4970-29095-0020,4446,0,0.0046,0.7718
4970-29095-0020,4507,0,0.0373,0.6266
4970-29095-0020,4970,1,-0.0364,0.4662
4970-29095-0020,4992,0,0.1804,0.6865
4970-29095-0020,5142,0,0.1314,0.5606
4970-29095-0020,5683,0,0.1011,0.6486
4970-29095-0020,6829,0,0.0272,0.6206
4970-29095-0020,8463,0,0.0133,0.6709
4970-29095-0020,8555,0,0.0268,0.496
4970-29095-0024,121,0,0.0336,0.8287
4970-29095-0024,1221,0,0.1365,0.6908
4970-29095-0024,1284,0,0.1593,0.8672
4970-29095-0024,1580,0,0.1215,0.8061
4970-29095-0024,1995,0,0.1383,0.8017
4970-29095-0024,2094,0,-0.0682,0.771
4970-29095-0024,237,0,-0.0074,0.6897
4970-29095-0024,2961,0,0.1756,0.8068
4970-29095-0024,3570,0,0.1392,0.6932
4970-29095-0024,3575,0,0.0551,0.5881
4970-29095-0024,3729,0,0.1715,0.7747
4970-29095-0024,4446,0,-0.0005,0.7963
4970-29095-0024,4507,0,0.1613,0.689
4970-29095-0024,4970,1,-0.0291,0.5051
4970-29095-0024,4992,0,0.1611,0.7425
4970-29095-0024,5142,0,0.0857,0.6027
4970-29095-0024,5683,0,0.0742,0.6949
4970-29095-0024,6829,0,0.0037,0.6503
4970-29095-0024,8463,0,0.0089,0.7406
4970-29095-0024,8555,0,0.088,0.561
4970-29095-0026,121,0,-0.0082,0.7916
4970-29095-0026,1221,0,0.099,0.6576
4970-29095-0026,1284,0,0.0754,0.852
4970-29095-0026,1580,0,0.0758,0.7715
4970-29095-0026,1995,0,0.1233,0.7566
4970-29095-0026,2094,0,0.0704,0.7529
4970-29095-0026,237,0,-0.0237,0.6455
4970-29095-0026,2961,0,0.2313,0.7964
4970-29095-0026,3570,0,0.1129,0.6522
4970-29095-0026,3575,0,0.0362,0.5307
4970-29095-0026,3729,0,0.116,0.7511
4970-29095-0026,4446,0,-0.0602,0.7793
4970-29095-0026,4507,0,0.1107,0.66
4970-29095-0026,4970,1,-0.0151,0.4617
4970-29095-0026,4992,0,0.1718,0.708
4970-29095-0026,5142,0,0.1107,0.5695
4970-29095-0026,5683,0,0.0856,0.6514
4970-29095-0026,6829,0,0.0484,0.6457
4970-29095-0026,8463,0,-0.0382,0.7077
4970-29095-0026,8555,0,0.1214,0.4949
4970-29095-0027,121,0,0.019,0.784
4970-29095-0027,1221,0,0.0577,0.6901
4970-29095-0027,1284,0,0.0343,0.8855
4970-29095-0027,1580,0,0.0496,0.7863
4970-29095-0027,1995,0,0.075,0.7843
4970-29095-0027,2094,0,0.032,0.7718
4970-29095-0027,237,0,0.0003,0.6866
4970-29095-0027,2961,0,0.1973,0.7743
4970-29095-0027,3570,0,0.1245,0.665
4970-29095-0027,3575,0,0.0557,0.5715
4970-29095-0027,3729,0,0.0905,0.7567
4970-29095-0027,4446,0,-0.0688,0.8028
4970-29095-0027,4507,0,0.072,0.6707
4970-29095-0027,4970,1,-0.0107,0.5132
4970-29095-0027,4992,0,0.1147,0.7288
4970-29095-0027,5142,0,0.1287,0.6051
4970-29095-0027,5683,0,0.0405,0.6832
4970-29095-0027,6829,0,0.0674,0.6685
4970-29095-0027,8463,0,-0.0211,0.7233
4970-29095-0027,8555,0,0.1552,0.5441
4970-29095-0036,121,0,0.0282,0.7976
4970-29095-0036,1221,0,0.0804,0.643
4970-29095-0036,1284,0,0.1446,0.853
4970-29095-0036,1580,0,0.0984,0.788
4970-29095-0036,1995,0,0.0704,0.7906
4970-29095-0036,2094,0,0.0216,0.76
4970-29095-0036,237,0,0.0109,0.6798
4970-29095-0036,2961,0,0.2063,0.7788
4970-29095-0036,3570,0,0.156,0.6665
4970-29095-0036,3575,0,0.0759,0.5597
4970-29095-0036,3729,0,0.086,0.7303
4970-29095-0036,4446,0,-0.0232,0.7661
4970-29095-0036,4507,0,0.0891,0.64
4970-29095-0036,4970,1,-0.0072,0.4417
4970-29095-0036,4992,0,0.1641,0.7023
4970-29095-0036,5142,0,0.106,0.5368
4970-29095-0036,5683,0,0.0328,0.6688
4970-29095-0036,6829,0,0.0461,0.612
4970-29095-0036,8463,0,-0.0196,0.6819
4970-29095-0036,8555,0,0.135,0.5064
4992-23283-0004,121,0,0.0261,0.7361
4992-23283-0004,1221,0,0.0643,0.6118
4992-23283-0004,1284,0,0.0575,0.8336
4992-23283-0004,1580,0,0.0546,0.7375
4992-23283-0004,1995,0,0.188,0.7509
4992-23283-0004,2094,0,-0.0195,0.6993
4992-23283-0004,237,0,-0.0958,0.6161
4992-23283-0004,2961,0,0.0896,0.7315
4992-23283-0004,3570,0,0.0407,0.6102
4992-23283-0004,3575,0,-0.0189,0.4982
4992-23283-0004,3729,0,0.0967,0.6805
4992-23283-0004,4446,0,-0.0537,0.731
4992-23283-0004,4507,0,0.1265,0.6095
4992-23283-0004,4970,0,-0.0896,0.4232
4992-23283-0004,4992,1,0.1475,0.656
4992-23283-0004,5142,0,0.1202,0.5362
4992-23283-0004,5683,0,0.045,0.6293
4992-23283-0004,6829,0,0.0538,0.5723
4992-23283-0004,8463,0,0.0507,0.6398
4992-23283-0004,8555,0,0.0,0.493
4992-23283-0011,121,0,0.0671,0.7479
4992-23283-0011,1221,0,0.0724,0.6506
4992-23283-0011,1284,0,0.0996,0.8677
4992-23283-0011,1580,0,0.0844,0.7871
4992-23283-0011,1995,0,-0.0123,0.7538
4992-23283-0011,2094,0,-0.0591,0.7579
4992-23283-0011,237,0,-0.0378,0.6471
4992-23283-0011,2961,0,0.1208,0.6965
4992-23283-0011,3570,0,0.0372,0.5962
4992-23283-0011,3575,0,0.0152,0.5498
4992-23283-0011,3729,0,0.0979,0.7066
4992-23283-0011,4446,0,-0.0338,0.7675
4992-23283-0011,4507,0,0.0723,0.6449
4992-23283-0011,4970,0,-0.0202,0.4733
4992-23283-0011,4992,1,0.0901,0.6896
4992-23283-0011,5142,0,0.0381,0.5746
4992-23283-0011,5683,0,0.013,0.6699
4992-23283-0011,6829,0,0.138,0.6166
4992-23283-0011,8463,0,0.0005,0.6716
4992-23283-0011,8555,0,0.0614,0.5198
4992-23283-0013,121,0,-0.0551,0.761
4992-23283-0013,1221,0,0.0794,0.7087
4992-23283-0013,1284,0,0.1177,0.8828
4992-23283-0013,1580,0,0.0994,0.7787
4992-23283-0013,1995,0,0.1004,0.7688
4992-23283-0013,2094,0,0.0349,0.7843
4992-23283-0013,237,0,-0.0714,0.6657
4992-23283-0013,2961,0,0.1253,0.7207
4992-23283-0013,3570,0,0.0772,0.6016
4992-23283-0013,3575,0,-0.0042,0.4934
4992-23283-0013,3729,0,0.1806,0.7638
4992-23283-0013,4446,0,-0.0265,0.8237
4992-23283-0013,4507,0,0.1397,0.6721
4992-23283-0013,4970,0,-0.0611,0.4831
4992-23283-0013,4992,1,0.2071,0.7621
4992-23283-0013,5142,0,0.0519,0.6486
4992-23283-0013,5683,0,0.0056,0.6578
4992-23283-0013,6829,0,-0.0011,0.6851
4992-23283-0013,8463,0,0.0338,0.7513
4992-23283-0013,8555,0,0.0779,0.5341
4992-41797-0007,121,0,0.0612,0.7276
4992-41797-0007,1221,0,0.0635,0.6228
4992-41797-0007,1284,0,-0.0126,0.8299
4992-41797-0007,1580,0,0.0496,0.716
4992-41797-0007,1995,0,0.1068,0.778
4992-41797-0007,2094,0,-0.024,0.7099
4992-41797-0007,237,0,-0.1149,0.6112
4992-41797-0007,2961,0,0.123,0.7428
4992-41797-0007,3570,0,0.0938,0.5947
4992-41797-0007,3575,0,-0.016,0.5023
4992-41797-0007,3729,0,0.0501,0.6783
4992-41797-0007,4446,0,-0.0854,0.7306
4992-41797-0007,4507,0,0.1335,0.6012
4992-41797-0007,4970,0,-0.0504,0.4469
4992-41797-0007,4992,1,0.1167,0.6817
4992-41797-0007,5142,0,0.1355,0.565
4992-41797-0007,5683,0,0.1536,0.6058
4992-41797-0007,6829,0,0.0146,0.603
4992-41797-0007,8463,0,0.0355,0.6802
4992-41797-0007,8555,0,0.0774,0.5006
4992-41797-0010,121,0,0.0545,0.7472
4992-41797-0010,1221,0,0.1322,0.667
4992-41797-0010,1284,0,0.0971,0.8616
4992-41797-0010,1580,0,0.0688,0.7467
4992-41797-0010,1995,0,0.1358,0.7762
4992-41797-0010,2094,0,0.034,0.7526
4992-41797-0010,237,0,-0.0221,0.6527
4992-41797-0010,2961,0,0.137,0.734
4992-41797-0010,3570,0,0.1165,0.6077
4992-41797-0010,3575,0,0.0469,0.4905
4992-41797-0010,3729,0,0.0966,0.7294
4992-41797-0010,4446,0,-0.0132,0.7874
4992-41797-0010,4507,0,0.1257,0.6425
4992-41797-0010,4970,0,-0.0393,0.4606
4992-41797-0010,4992,1,0.1747,0.7273
4992-41797-0010,5142,0,0.1234,0.6209
4992-41797-0010,5683,0,0.0357,0.6262
4992-41797-0010,6829,0,0.0425,0.6462
4992-41797-0010,8463,0,-0.0297,0.7281
4992-41797-0010,8555,0,0.1407,0.527
4992-41797-0017,121,0,-0.0025,0.6678
4992-41797-0017,1221,0,0.095,0.6233
4992-41797-0017,1284,0,0.0547,0.8376
4992-41797-0017,1580,0,0.1244,0.697
4992-41797-0017,1995,0,0.1085,0.7281
4992-41797-0017,2094,0,0.1264,0.6909
4992-41797-0017,237,0,-0.0175,0.5872
4992-41797-0017,2961,0,0.1564,0.6432
4992-41797-0017,3570,0,0.1208,0.5251
4992-41797-0017,3575,0,0.0282,0.4609
4992-41797-0017,3729,0,0.1677,0.6596
4992-41797-0017,4446,0,-0.0022,0.7372
4992-41797-0017,4507,0,0.1486,0.5822
4992-41797-0017,4970,0,0.0013,0.4511
4992-41797-0017,4992,1,0.168,0.6687
4992-41797-0017,5142,0,0.1694,0.584
4992-41797-0017,5683,0,0.0815,0.5944
4992-41797-0017,6829,0,0.0445,0.6002
4992-41797-0017,8463,0,0.0056,0.6667
4992-41797-0017,8555,0,0.0721,0.4899
4992-41806-0003,121,0,0.049,0.7939
4992-41806-0003,1221,0,0.0486,0.7055
4992-41806-0003,1284,0,0.0841,0.8915
4992-41806-0003,1580,0,0.0286,0.8072
4992-41806-0003,1995,0,0.0628,0.796
4992-41806-0003,2094,0,0.0815,0.7755
4992-41806-0003,237,0,-0.0476,0.6949
4992-41806-0003,2961,0,0.1938,0.7515
4992-41806-0003,3570,0,0.1245,0.6519
4992-41806-0003,3575,0,0.0401,0.5538
4992-41806-0003,3729,0,0.1665,0.7604
4992-41806-0003,4446,0,0.0089,0.8161
4992-41806-0003,4507,0,0.1974,0.6734
4992-41806-0003,4970,0,-0.0157,0.5032
4992-41806-0003,4992,1,0.1459,0.7487
4992-41806-0003,5142,0,0.1407,0.6176
4992-41806-0003,5683,0,0.0429,0.6932
4992-41806-0003,6829,0,0.0528,0.6516
4992-41806-0003,8463,0,0.0313,0.745
4992-41806-0003,8555,0,0.0658,0.5593
4992-41806-0008,121,0,0.0482,0.7013
4992-41806-0008,1221,0,0.1268,0.6282
4992-41806-0008,1284,0,0.0666,0.8455
4992-41806-0008,1580,0,0.0729,0.7109
4992-41806-0008,1995,0,0.1389,0.7352
4992-41806-0008,2094,0,-0.0914,0.7071
4992-41806-0008,237,0,-0.0312,0.6005
4992-41806-0008,2961,0,0.1266,0.6729
4992-41806-0008,3570,0,0.0902,0.552
4992-41806-0008,3575,0,0.0313,0.4635
4992-41806-0008,3729,0,0.19,0.6804
4992-41806-0008,4446,0,-0.0216,0.7518
4992-41806-0008,4507,0,0.1229,0.5906
4992-41806-0008,4970,0,-0.0972,0.4247
4992-41806-0008,4992,1,0.1989,0.6768
4992-41806-0008,5142,0,0.1394,0.5639
4992-41806-0008,5683,0,0.0952,0.5962
4992-41806-0008,6829,0,0.0281,0.5963
4992-41806-0008,8463,0,-0.0129,0.6648
4992-41806-0008,8555,0,0.1271,0.4749
4992-41806-0013,121,0,0.064,0.8036
4992-41806-0013,1221,0,0.0924,0.654
4992-41806-0013,1284,0,0.0669,0.8553
4992-41806-0013,1580,0,0.1486,0.7783
4992-41806-0013,1995,0,0.1272,0.8026
4992-41806-0013,2094,0,0.0988,0.7578
4992-41806-0013,237,0,-0.044,0.6641
4992-41806-0013,2961,0,0.2248,0.7863
4992-41806-0013,3570,0,0.1389,0.6607
4992-41806-0013,3575,0,0.0355,0.5283
4992-41806-0013,3729,0,0.175,0.7395
4992-41806-0013,4446,0,-0.0587,0.7719
4992-41806-0013,4507,0,0.1425,0.6468
4992-41806-0013,4970,0,-0.0712,0.427
4992-41806-0013,4992,1,0.2086,0.7219
4992-41806-0013,5142,0,0.0363,0.5587
4992-41806-0013,5683,0,0.1009,0.6496
4992-41806-0013,6829,0,0.0398,0.6172
4992-41806-0013,8463,0,0.0573,0.7038
4992-41806-0013,8555,0,0.0858,0.5083
4992-41806-0017,121,0,0.0006,0.7475
4992-41806-0017,1221,0,0.1524,0.6641
4992-41806-0017,1284,0,0.1052,0.8783
4992-41806-0017,1580,0,0.1324,0.7703
4992-41806-0017,1995,0,0.1101,0.7861
4992-41806-0017,2094,0,0.0172,0.7532
4992-41806-0017,237,0,0.0634,0.6662
4992-41806-0017,2961,0,0.1875,0.71
4992-41806-0017,3570,0,0.0977,0.5976
4992-41806-0017,3575,0,0.0973,0.5447
4992-41806-0017,3729,0,0.1894,0.7007
4992-41806-0017,4446,0,-0.0021,0.7755
4992-41806-0017,4507,0,0.1483,0.6206
4992-41806-0017,4970,0,-0.0477,0.4858
4992-41806-0017,4992,1,0.1846,0.7141
4992-41806-0017,5142,0,0.0949,0.5799
4992-41806-0017,5683,0,0.138,0.6466
4992-41806-0017,6829,0,0.0319,0.6339
4992-41806-0017,8463,0,0.0213,0.7133
4992-41806-0017,8555,0,0.0771,0.5094
5105-28233-0001,1089,0,0.202,0.8424
5105-28233-0001,1188,0,0.2067,0.8405
5105-28233-0001,1320,0,0.2281,0.7342
5105-28233-0001,2300,0,0.1282,0.5021
5105-28233-0001,260,0,0.0159,0.8693
5105-28233-0001,2830,0,0.125,0.8016
5105-28233-0001,4077,0,0.0023,0.7957
5105-28233-0001,5105,1,0.0463,0.7405
5105-28233-0001,5639,0,0.2062,0.8909
5105-28233-0001,61,0,-0.0399,0.8219
5105-28233-0001,672,0,0.1809,0.8852
5105-28233-0001,6930,0,0.0672,0.81
5105-28233-0001,7021,0,0.0619,0.6674
5105-28233-0001,7127,0,0.1484,0.6931
5105-28233-0001,7176,0,-0.0521,0.8424
5105-28233-0001,7729,0,0.2028,0.7922
5105-28233-0001,8224,0,0.0606,0.769
5105-28233-0001,8230,0,0.1254,0.8641
5105-28233-0001,8455,0,0.1898,0.7597
5105-28233-0001,908,0,-0.1025,0.8203
5105-28233-0004,1089,0,0.1823,0.7397
5105-28233-0004,1188,0,0.2498,0.7701
5105-28233-0004,1320,0,0.2338,0.6274
5105-28233-0004,2300,0,0.2498,0.3648
5105-28233-0004,260,0,0.0264,0.8064
5105-28233-0004,2830,0,0.222,0.7452
5105-28233-0004,4077,0,0.1125,0.6865
5105-28233-0004,5105,1,0.0721,0.6626
5105-28233-0004,5639,0,0.3071,0.8841
5105-28233-0004,61,0,0.1698,0.759
5105-28233-0004,672,0,0.2237,0.8279
5105-28233-0004,6930,0,-0.0247,0.7416
5105-28233-0004,7021,0,0.0712,0.569
5105-28233-0004,7127,0,0.1937,0.5692
5105-28233-0004,7176,0,-0.0308,0.7615
5105-28233-0004,7729,0,0.255,0.6977
5105-28233-0004,8224,0,0.0155,0.8087
5105-28233-0004,8230,0,0.1155,0.7945
5105-28233-0004,8455,0,0.1247,0.6411
5105-28233-0004,908,0,-0.1208,0.7627
5105-28240-0006,1089,0,0.0946,0.8871
5105-28240-0006,1188,0,0.1156,0.8952
5105-28240-0006,1320,0,0.1276,0.8083
5105-28240-0006,2300,0,0.1574,0.6084
5105-28240-0006,260,0,0.1122,0.9344
5105-28240-0006,2830,0,0.0963,0.8471
5105-28240-0006,4077,0,0.1186,0.8589
5105-28240-0006,5105,1,-0.0066,0.8296
5105-28240-0006,5639,0,0.1377,0.9185
5105-28240-0006,61,0,0.0291,0.8911
5105-28240-0006,672,0,0.2,0.924
5105-28240-0006,6930,0,0.0047,0.8356
5105-28240-0006,7021,0,-0.013,0.7713
5105-28240-0006,7127,0,0.206,0.7656
5105-28240-0006,7176,0,-0.1477,0.8815
5105-28240-0006,7729,0,0.1927,0.8855
5105-28240-0006,8224,0,0.1532,0.7843
5105-28240-0006,8230,0,-0.0251,0.8898
5105-28240-0006,8455,0,0.1434,0.7979
5105-28240-0006,908,0,-0.0756,0.9013
5105-28240-0007,1089,0,0.0992,0.7821
5105-28240-0007,1188,0,0.0603,0.7958
5105-28240-0007,1320,0,0.0272,0.6583
5105-28240-0007,2300,0,0.2286,0.3842
5105-28240-0007,260,0,0.0577,0.8302
5105-28240-0007,2830,0,0.0971,0.7738
5105-28240-0007,4077,0,0.0189,0.7459
5105-28240-0007,5105,1,0.0097,0.6912
5105-28240-0007,5639,0,0.2619,0.9209
5105-28240-0007,61,0,-0.077,0.7731
5105-28240-0007,672,0,0.1436,0.8433
5105-28240-0007,6930,0,0.0165,0.7419
5105-28240-0007,7021,0,0.0763,0.5913
5105-28240-0007,7127,0,0.1975,0.6332
5105-28240-0007,7176,0,-0.1825,0.7823
5105-28240-0007,7729,0,0.0817,0.7507
5105-28240-0007,8224,0,0.117,0.7712
5105-28240-0007,8230,0,-0.0117,0.828
5105-28240-0007,8455,0,0.1565,0.6574
5105-28240-0007,908,0,-0.1029,0.7775
5105-28240-0009,1089,0,0.1813,0.8152
5105-28240-0009,1188,0,0.1435,0.8396
5105-28240-0009,1320,0,0.1281,0.7004
5105-28240-0009,2300,0,0.1943,0.4263
5105-28240-0009,260,0,0.086,0.8846
5105-28240-0009,2830,0,0.2135,0.8194
5105-28240-0009,4077,0,0.0946,0.7723
5105-28240-0009,5105,1,0.0288,0.7384
5105-28240-0009,5639,0,0.2973,0.9153
5105-28240-0009,61,0,0.081,0.8523
5105-28240-0009,672,0,0.249,0.8761
5105-28240-0009,6930,0,-0.0479,0.7889
5105-28240-0009,7021,0,0.0705,0.6402
5105-28240-0009,7127,0,0.1242,0.6594
5105-28240-0009,7176,0,-0.0538,0.8685
5105-28240-0009,7729,0,0.1642,0.7766
5105-28240-0009,8224,0,0.1266,0.7714
5105-28240-0009,8230,0,0.1555,0.888
5105-28240-0009,8455,0,0.1616,0.7032
5105-28240-0009,908,0,-0.1074,0.814
5105-28240-0012,1089,0,0.2041,0.905
5105-28240-0012,1188,0,0.1395,0.8798
5105-28240-0012,1320,0,0.125,0.8408
5105-28240-0012,2300,0,0.0949,0.6833
5105-28240-0012,260,0,0.0978,0.8975
5105-28240-0012,2830,0,0.1273,0.7859
5105-28240-0012,4077,0,0.0883,0.8718
5105-28240-0012,5105,1,-0.0046,0.8526
5105-28240-0012,5639,0,0.1418,0.894
5105-28240-0012,61,0,0.0435,0.8539
5105-28240-0012,672,0,0.1388,0.9313
5105-28240-0012,6930,0,-0.1063,0.827
5105-28240-0012,7021,0,-0.0267,0.8143
5105-28240-0012,7127,0,0.2258,0.7848
5105-28240-0012,7176,0,-0.0797,0.8526
5105-28240-0012,7729,0,0.1499,0.8862
5105-28240-0012,8224,0,-0.0414,0.8148
5105-28240-0012,8230,0,0.1311,0.8518
5105-28240-0012,8455,0,0.2048,0.8442
5105-28240-0012,908,0,-0.1702,0.9064
5105-28240-0016,1089,0,0.2204,0.9094
5105-28240-0016,1188,0,0.1947,0.914
5105-28240-0016,1320,0,0.1801,0.8246
5105-28240-0016,2300,0,0.2373,0.5988
5105-28240-0016,260,0,0.2157,0.943
5105-28240-0016,2830,0,0.273,0.865
5105-28240-0016,4077,0,0.0698,0.8435
5105-28240-0016,5105,1,0.1131,0.8411
5105-28240-0016,5639,0,0.146,0.8777
5105-28240-0016,61,0,0.1124,0.9019
5105-28240-0016,672,0,0.2624,0.9299
5105-28240-0016,6930,0,0.0022,0.8439
5105-28240-0016,7021,0,0.1333,0.785
5105-28240-0016,7127,0,0.2773,0.7768
5105-28240-0016,7176,0,0.0566,0.9106
5105-28240-0016,7729,0,0.2125,0.854
5105-28240-0016,8224,0,0.0946,0.7504
5105-28240-0016,8230,0,0.1703,0.9233
5105-28240-0016,8455,0,0.1712,0.8159
5105-28240-0016,908,0,-0.0096,0.8986
5105-28240-0022,1089,0,0.2407,0.8477
5105-28240-0022,1188,0,0.1553,0.854
5105-28240-0022,1320,0,0.0981,0.7726
5105-28240-0022,2300,0,0.0368,0.5926
5105-28240-0022,260,0,0.0804,0.8819
5105-28240-0022,2830,0,0.2155,0.7925
5105-28240-0022,4077,0,0.1734,0.8505
5105-28240-0022,5105,1,0.0582,0.8176
5105-28240-0022,5639,0,0.206,0.9537
5105-28240-0022,61,0,0.0484,0.8344
5105-28240-0022,672,0,0.1555,0.8978
5105-28240-0022,6930,0,-0.0327,0.7745
5105-28240-0022,7021,0,0.0843,0.7536
5105-28240-0022,7127,0,0.1547,0.7498
5105-28240-0022,7176,0,-0.008,0.8111
5105-28240-0022,7729,0,0.1776,0.884
5105-28240-0022,8224,0,-0.0824,0.8136
5105-28240-0022,8230,0,0.0895,0.8294
5105-28240-0022,8455,0,0.1402,0.7438
5105-28240-0022,908,0,-0.0181,0.8651
5105-28240-0024,1089,0,0.2165,0.8647
5105-28240-0024,1188,0,0.1596,0.9022
5105-28240-0024,1320,0,0.1871,0.7924
5105-28240-0024,2300,0,0.1167,0.5579
5105-28240-0024,260,0,0.0893,0.9053
5105-28240-0024,2830,0,0.224,0.8483
5105-28240-0024,4077,0,0.0761,0.8449
5105-28240-0024,5105,1,0.049,0.823
5105-28240-0024,5639,0,0.1821,0.9374
5105-28240-0024,61,0,0.0612,0.8519
5105-28240-0024,672,0,0.1903,0.9091
5105-28240-0024,6930,0,-0.0654,0.7922
5105-28240-0024,7021,0,0.0613,0.7427
5105-28240-0024,7127,0,0.1968,0.7698
5105-28240-0024,7176,0,-0.1145,0.858
5105-28240-0024,7729,0,0.1591,0.874
5105-28240-0024,8224,0,0.1487,0.803
5105-28240-0024,8230,0,0.0936,0.8715
5105-28240-0024,8455,0,0.1581,0.7688
5105-28240-0024,908,0,-0.091,0.862
5105-28241-0005,1089,0,0.2493,0.8805
5105-28241-0005,1188,0,0.1458,0.9007
5105-28241-0005,1320,0,0.2585,0.8014
5105-28241-0005,2300,0,0.1667,0.5845
5105-28241-0005,260,0,0.2014,0.9258
5105-28241-0005,2830,0,0.149,0.8482
5105-28241-0005,4077,0,0.047,0.8304
5105-28241-0005,5105,1,0.0052,0.8234
5105-28241-0005,5639,0,0.1486,0.8976
5105-28241-0005,61,0,-0.0227,0.8755
5105-28241-0005,672,0,0.322,0.9294
5105-28241-0005,6930,0,0.0259,0.845
5105-28241-0005,7021,0,0.0667,0.7561
5105-28241-0005,7127,0,0.2432,0.7481
5105-28241-0005,7176,0,-0.093,0.8856
5105-28241-0005,7729,0,0.2078,0.8325
5105-28241-0005,8224,0,0.0641,0.8085
5105-28241-0005,8230,0,0.0396,0.9016
5105-28241-0005,8455,0,0.2312,0.8136
5105-28241-0005,908,0,-0.0734,0.8703
5142-33396-0012,121,0,0.0427,0.7123
5142-33396-0012,1221,0,0.135,0.6627
5142-33396-0012,1284,0,0.1362,0.8669
5142-33396-0012,1580,0,0.102,0.7313
5142-33396-0012,1995,0,0.2574,0.7776
5142-33396-0012,2094,0,0.0271,0.7157
5142-33396-0012,237,0,0.0866,0.6436
5142-33396-0012,2961,0,0.1011,0.7268
5142-33396-0012,3570,0,0.0949,0.5738
5142-33396-0012,3575,0,0.0687,0.4756
5142-33396-0012,3729,0,0.0409,0.6972
5142-33396-0012,4446,0,-0.0247,0.7756
5142-33396-0012,4507,0,0.0733,0.6013
5142-33396-0012,4970,0,-0.0212,0.479
5142-33396-0012,4992,0,0.1177,0.7158
5142-33396-0012,5142,1,0.0959,0.6203
5142-33396-0012,5683,0,0.0872,0.6249
5142-33396-0012,6829,0,0.0435,0.6336
5142-33396-0012,8463,0,0.0106,0.7221
5142-33396-0012,8555,0,0.0787,0.5252
5142-33396-0015,121,0,-0.0151,0.7657
5142-33396-0015,1221,0,0.1029,0.6525
5142-33396-0015,1284,0,0.1932,0.8549
5142-33396-0015,1580,0,0.1153,0.7867
5142-33396-0015,1995,0,0.1397,0.7446
5142-33396-0015,2094,0,-0.0018,0.741
5142-33396-0015,237,0,0.007,0.6296
5142-33396-0015,2961,0,0.1971,0.7307
5142-33396-0015,3570,0,0.1057,0.6166
5142-33396-0015,3575,0,0.0668,0.5449
5142-33396-0015,3729,0,0.1647,0.7235
5142-33396-0015,4446,0,-0.0105,0.7644
5142-33396-0015,4507,0,0.1625,0.6388
5142-33396-0015,4970,0,-0.0137,0.4576
5142-33396-0015,4992,0,0.1915,0.6947
5142-33396-0015,5142,1,0.125,0.5573
5142-33396-0015,5683,0,0.0384,0.6771
5142-33396-0015,6829,0,0.0373,0.6138
5142-33396-0015,8463,0,0.0334,0.6754
5142-33396-0015,8555,0,0.0848,0.5079
5142-33396-0019,121,0,-0.0168,0.7663
5142-33396-0019,1221,0,0.0664,0.6629
5142-33396-0019,1284,0,0.1713,0.8656
5142-33396-0019,1580,0,0.1168,0.7529
5142-33396-0019,1995,0,0.27,0.8247
5142-33396-0019,2094,0,0.0427,0.7491
5142-33396-0019,237,0,-0.0251,0.6705
5142-33396-0019,2961,0,0.1619,0.7621
5142-33396-0019,3570,0,0.1151,0.6155
5142-33396-0019,3575,0,0.0654,0.5038
5142-33396-0019,3729,0,0.1211,0.7238
5142-33396-0019,4446,0,0.0196,0.7818
5142-33396-0019,4507,0,0.0977,0.6267
5142-33396-0019,4970,0,-0.0184,0.4506
5142-33396-0019,4992,0,0.2123,0.7342
5142-33396-0019,5142,1,0.0845,0.6063
5142-33396-0019,5683,0,0.0224,0.6415
5142-33396-0019,6829,0,0.0265,0.6283
5142-33396-0019,8463,0,0.0819,0.7181
5142-33396-0019,8555,0,0.0913,0.5382
5142-33396-0024,121,0,-0.1088,0.7057
5142-33396-0024,1221,0,0.0257,0.7228
5142-33396-0024,1284,0,0.0663,0.9091
5142-33396-0024,1580,0,0.1149,0.7758
5142-33396-0024,1995,0,0.0781,0.7388
5142-33396-0024,2094,0,0.0664,0.762
5142-33396-0024,237,0,-0.034,0.6683
5142-33396-0024,2961,0,0.2016,0.6483
5142-33396-0024,3570,0,0.1306,0.5559
5142-33396-0024,3575,0,0.0343,0.4994
5142-33396-0024,3729,0,0.0687,0.7345
5142-33396-0024,4446,0,0.0097,0.8334
5142-33396-0024,4507,0,0.131,0.6525
5142-33396-0024,4970,0,-0.0667,0.5258
5142-33396-0024,4992,0,0.1805,0.7375
5142-33396-0024,5142,1,0.1268,0.6667
5142-33396-0024,5683,0,0.0027,0.667
5142-33396-0024,6829,0,-0.0208,0.6741
5142-33396-0024,8463,0,0.0959,0.7248
5142-33396-0024,8555,0,0.0327,0.554
5142-33396-0032,121,0,-0.0345,0.7721
5142-33396-0032,1221,0,0.1284,0.6772
5142-33396-0032,1284,0,0.1054,0.8794
5142-33396-0032,1580,0,0.1045,0.7854
5142-33396-0032,1995,0,0.1836,0.7721
5142-33396-0032,2094,0,0.0465,0.761
5142-33396-0032,237,0,-0.0039,0.6591
5142-33396-0032,2961,0,0.1666,0.7584
5142-33396-0032,3570,0,0.1237,0.6309
5142-33396-0032,3575,0,0.0581,0.5459
5142-33396-0032,3729,0,0.1204,0.7427
5142-33396-0032,4446,0,-0.0483,0.7919
5142-33396-0032,4507,0,0.0747,0.6578
5142-33396-0032,4970,0,-0.0226,0.4903
5142-33396-0032,4992,0,0.1833,0.7183
5142-33396-0032,5142,1,0.1347,0.5949
5142-33396-0032,5683,0,0.0991,0.6749
5142-33396-0032,6829,0,-0.0115,0.6531
5142-33396-0032,8463,0,-0.0086,0.7154
5142-33396-0032,8555,0,0.0698,0.5237
5142-33396-0054,121,0,-0.0166,0.7764
5142-33396-0054,1221,0,0.1859,0.6602
5142-33396-0054,1284,0,0.1823,0.8689
5142-33396-0054,1580,0,0.0918,0.7771
5142-33396-0054,1995,0,0.2154,0.7851
5142-33396-0054,2094,0,0.098,0.759
5142-33396-0054,237,0,0.0456,0.6639
5142-33396-0054,2961,0,0.142,0.7738
5142-33396-0054,3570,0,0.118,0.6401
5142-33396-0054,3575,0,0.0297,0.5368
5142-33396-0054,3729,0,0.1867,0.7316
5142-33396-0054,4446,0,0.0472,0.7835
5142-33396-0054,4507,0,0.1123,0.6524
5142-33396-0054,4970,0,-0.0553,0.4678
5142-33396-0054,4992,0,0.183,0.7143
5142-33396-0054,5142,1,0.1217,0.5879
5142-33396-0054,5683,0,0.1017,0.6496
5142-33396-0054,6829,0,0.0267,0.6459
5142-33396-0054,8463,0,0.0172,0.7082
5142-33396-0054,8555,0,0.029,0.5183
5142-36377-0001,121,0,0.0069,0.8035
5142-36377-0001,1221,0,0.1655,0.6386
5142-36377-0001,1284,0,0.1479,0.8415
5142-36377-0001,1580,0,0.1681,0.7672
5142-36377-0001,1995,0,0.2131,0.7799
5142-36377-0001,2094,0,-0.0028,0.7334
5142-36377-0001,237,0,0.0212,0.6737
5142-36377-0001,2961,0,0.1795,0.829
5142-36377-0001,3570,0,0.1651,0.7034
5142-36377-0001,3575,0,0.0204,0.5433
5142-36377-0001,3729,0,0.0802,0.7386
5142-36377-0001,4446,0,-0.0344,0.7594
5142-36377-0001,4507,0,0.1503,0.6522
5142-36377-0001,4970,0,-0.042,0.4507
5142-36377-0001,4992,0,0.1282,0.6922
5142-36377-0001,5142,1,0.1081,0.5451
5142-36377-0001,5683,0,0.0691,0.6401
5142-36377-0001,6829,0,0.0663,0.6185
5142-36377-0001,8463,0,0.0326,0.6875
5142-36377-0001,8555,0,0.0105,0.5044
5142-36377-0006,121,0,0.0102,0.7034
5142-36377-0006,1221,0,0.0674,0.5875
5142-36377-0006,1284,0,0.074,0.8228
5142-36377-0006,1580,0,0.0755,0.7047
5142-36377-0006,1995,0,0.1564,0.7243
5142-36377-0006,2094,0,-0.0334,0.6826
5142-36377-0006,237,0,0.0374,0.5908
5142-36377-0006,2961,0,0.1009,0.711
5142-36377-0006,3570,0,0.1158,0.5816
5142-36377-0006,3575,0,0.0204,0.4644
5142-36377-0006,3729,0,0.1009,0.6528
5142-36377-0006,4446,0,-0.0436,0.7134
5142-36377-0006,4507,0,0.1395,0.5867
5142-36377-0006,4970,0,0.0355,0.4005
5142-36377-0006,4992,0,0.1542,0.6301
5142-36377-0006,5142,1,0.1281,0.5187
5142-36377-0006,5683,0,0.0457,0.579
5142-36377-0006,6829,0,0.1088,0.5729
5142-36377-0006,8463,0,-0.0193,0.6095
5142-36377-0006,8555,0,0.0077,0.4495
5142-36377-0018,121,0,-0.018,0.7229
5142-36377-0018,1221,0,0.0383,0.6336
5142-36377-0018,1284,0,0.1316,0.8493
5142-36377-0018,1580,0,0.0912,0.7248
5142-36377-0018,1995,0,0.2262,0.7384
5142-36377-0018,2094,0,0.0425,0.7369
5142-36377-0018,237,0,-0.0051,0.6024
5142-36377-0018,2961,0,0.1503,0.6883
5142-36377-0018,3570,0,0.1661,0.5685
5142-36377-0018,3575,0,0.0502,0.5245
5142-36377-0018,3729,0,0.1133,0.6976
5142-36377-0018,4446,0,-0.0067,0.7445
5142-36377-0018,4507,0,0.1429,0.6053
5142-36377-0018,4970,0,0.0164,0.4698
5142-36377-0018,4992,0,0.1701,0.6828
5142-36377-0018,5142,1,0.1281,0.5716
5142-36377-0018,5683,0,0.0509,0.636
5142-36377-0018,6829,0,0.0695,0.6134
5142-36377-0018,8463,0,0.0152,0.6822
5142-36377-0018,8555,0,0.0708,0.4906
5142-36377-0023,121,0,-0.0292,0.7627
5142-36377-0023,1221,0,0.0809,0.6609
5142-36377-0023,1284,0,0.1009,0.8675
5142-36377-0023,1580,0,0.1191,0.8012
5142-36377-0023,1995,0,0.168,0.7271
5142-36377-0023,2094,0,0.0889,0.7527
5142-36377-0023,237,0,0.041,0.6493
5142-36377-0023,2961,0,0.1886,0.7492
5142-36377-0023,3570,0,0.0934,0.6325
5142-36377-0023,3575,0,-0.008,0.5354
5142-36377-0023,3729,0,0.0833,0.733
5142-36377-0023,4446,0,-0.0038,0.7816
5142-36377-0023,4507,0,0.0876,0.6701
5142-36377-0023,4970,0,-0.0054,0.4708
5142-36377-0023,4992,0,0.1433,0.6912
5142-36377-0023,5142,1,0.0886,0.5695
5142-36377-0023,5683,0,0.0743,0.6687
5142-36377-0023,6829,0,0.0545,0.6488
5142-36377-0023,8463,0,-0.0058,0.6714
5142-36377-0023,8555,0,0.0699,0.4996
5639-40744-0002,1089,0,0.1595,0.8158
5639-40744-0002,1188,0,0.1498,0.8252
5639-40744-0002,1320,0,0.1657,0.7165
5639-40744-0002,2300,0,0.195,0.4828
5639-40744-0002,260,0,0.0577,0.8683
5639-40744-0002,2830,0,0.1426,0.7735
5639-40744-0002,4077,0,0.173,0.8113
5639-40744-0002,5105,0,0.0738,0.7445
5639-40744-0002,5639,1,0.2733,0.9316
5639-40744-0002,61,0,0.056,0.822
5639-40744-0002,672,0,0.1823,0.8768
5639-40744-0002,6930,0,-0.024,0.7759
5639-40744-0002,7021,0,0.0901,0.6617
5639-40744-0002,7127,0,0.2224,0.6798
5639-40744-0002,7176,0,-0.0858,0.8289
5639-40744-0002,7729,0,0.2068,0.8196
5639-40744-0002,8224,0,0.0873,0.7964
5639-40744-0002,8230,0,0.028,0.8281
5639-40744-0002,8455,0,0.2168,0.7222
5639-40744-0002,908,0,-0.0959,0.8426
5639-40744-0007,1089,0,0.2095,0.8123
5639-40744-0007,1188,0,0.2054,0.8158
5639-40744-0007,1320,0,0.1676,0.6917
5639-40744-0007,2300,0,0.1506,0.4262
5639-40744-0007,260,0,0.1822,0.8601
5639-40744-0007,2830,0,0.1958,0.7777
5639-40744-0007,4077,0,0.0965,0.7756
5639-40744-0007,5105,0,-0.0209,0.7114
5639-40744-0007,5639,1,0.2613,0.9139
5639-40744-0007,61,0,0.0804,0.8048
5639-40744-0007,672,0,0.2244,0.8638
5639-40744-0007,6930,0,0.0106,0.7755
5639-40744-0007,7021,0,0.0481,0.6221
5639-40744-0007,7127,0,0.1603,0.6546
5639-40744-0007,7176,0,-0.0779,0.8256
5639-40744-0007,7729,0,0.1237,0.7635
5639-40744-0007,8224,0,0.0847,0.7621
5639-40744-0007,8230,0,0.0561,0.855
5639-40744-0007,8455,0,0.1607,0.7102
5639-40744-0007,908,0,-0.1142,0.8075
5639-40744-0012,1089,0,0.1864,0.7877
5639-40744-0012,1188,0,0.1549,0.8113
5639-40744-0012,1320,0,0.1925,0.6905
5639-40744-0012,2300,0,0.2056,0.4349
5639-40744-0012,260,0,0.1014,0.8673
5639-40744-0012,2830,0,0.181,0.7773
5639-40744-0012,4077,0,0.0477,0.7429
5639-40744-0012,5105,0,0.0116,0.7237
5639-40744-0012,5639,1,0.2717,0.9102
5639-40744-0012,61,0,0.0632,0.8113
5639-40744-0012,672,0,0.2584,0.8711
5639-40744-0012,6930,0,-0.032,0.7915
5639-40744-0012,7021,0,0.0388,0.6382
5639-40744-0012,7127,0,0.2571,0.6223
5639-40744-0012,7176,0,-0.0842,0.8122
5639-40744-0012,7729,0,0.1753,0.7439
5639-40744-0012,8224,0,0.1475,0.8109
5639-40744-0012,8230,0,0.0835,0.8342
5639-40744-0012,8455,0,0.1146,0.7056
5639-40744-0012,908,0,-0.0454,0.8179
5639-40744-0013,1089,0,0.1515,0.7147
5639-40744-0013,1188,0,0.1623,0.7045
5639-40744-0013,1320,0,0.1039,0.5865
5639-40744-0013,2300,0,0.1672,0.3517
5639-40744-0013,260,0,0.0437,0.7342
5639-40744-0013,2830,0,0.1462,0.6486
5639-40744-0013,4077,0,-0.0052,0.6437
5639-40744-0013,5105,0,0.0625,0.6271
5639-40744-0013,5639,1,0.2171,0.8772
5639-40744-0013,61,0,-0.0162,0.68
5639-40744-0013,672,0,0.1928,0.8042
5639-40744-0013,6930,0,-0.0525,0.6517
5639-40744-0013,7021,0,0.0701,0.5533
5639-40744-0013,7127,0,0.2569,0.5185
5639-40744-0013,7176,0,-0.1718,0.6601
5639-40744-0013,7729,0,0.0548,0.6568
5639-40744-0013,8224,0,0.0567,0.8081
5639-40744-0013,8230,0,0.0427,0.7161
5639-40744-0013,8455,0,0.1805,0.5777
5639-40744-0013,908,0,-0.14,0.7421
5639-40744-0014,1089,0,0.2492,0.8101
5639-40744-0014,1188,0,0.193,0.8425
5639-40744-0014,1320,0,0.1916,0.7306
5639-40744-0014,2300,0,0.2426,0.5121
5639-40744-0014,260,0,0.1308,0.8895
5639-40744-0014,2830,0,0.2453,0.796
5639-40744-0014,4077,0,0.0683,0.8012
5639-40744-0014,5105,0,0.0368,0.7689
5639-40744-0014,5639,1,0.2326,0.9294
5639-40744-0014,61,0,0.0921,0.8562
5639-40744-0014,672,0,0.2394,0.8884
5639-40744-0014,6930,0,0.0346,0.7999
5639-40744-0014,7021,0,0.0665,0.6866
5639-40744-0014,7127,0,0.2522,0.6731
5639-40744-0014,7176,0,-0.0517,0.8404
5639-40744-0014,7729,0,0.1479,0.8219
5639-40744-0014,8224,0,0.068,0.8221
5639-40744-0014,8230,0,0.095,0.8489
5639-40744-0014,8455,0,0.1834,0.7408
5639-40744-0014,908,0,-0.0505,0.8434
5639-40744-0017,1089,0,0.2259,0.6688
5639-40744-0017,1188,0,0.1199,0.6806
5639-40744-0017,1320,0,0.1001,0.5476
5639-40744-0017,2300,0,0.1814,0.2933
5639-40744-0017,260,0,0.0809,0.7124
5639-40744-0017,2830,0,0.198,0.6489
5639-40744-0017,4077,0,0.0335,0.6002
5639-40744-0017,5105,0,-0.021,0.596
5639-40744-0017,5639,1,0.3272,0.8668
5639-40744-0017,61,0,0.0523,0.6586
5639-40744-0017,672,0,0.232,0.7704
5639-40744-0017,6930,0,-0.0774,0.6355
5639-40744-0017,7021,0,0.0255,0.5116
5639-40744-0017,7127,0,0.2112,0.4859
5639-40744-0017,7176,0,-0.0752,0.6424
5639-40744-0017,7729,0,0.1574,0.6172
5639-40744-0017,8224,0,0.0311,0.789
5639-40744-0017,8230,0,0.1502,0.698
5639-40744-0017,8455,0,0.1044,0.5363
5639-40744-0017,908,0,-0.1233,0.7073
5639-40744-0024,1089,0,0.2437,0.8751
5639-40744-0024,1188,0,0.1574,0.8509
5639-40744-0024,1320,0,0.1662,0.7666
5639-40744-0024,2300,0,0.1822,0.5353
5639-40744-0024,260,0,0.0527,0.8615
5639-40744-0024,2830,0,0.1957,0.7923
5639-40744-0024,4077,0,-0.0025,0.8152
5639-40744-0024,5105,0,0.0832,0.809
5639-40744-0024,5639,1,0.3407,0.952
5639-40744-0024,61,0,0.0048,0.8377
5639-40744-0024,672,0,0.2546,0.9207
5639-40744-0024,6930,0,-0.0655,0.76
5639-40744-0024,7021,0,0.0883,0.7389
5639-40744-0024,7127,0,0.1972,0.7276
5639-40744-0024,7176,0,-0.0477,0.8166
5639-40744-0024,7729,0,0.238,0.8486
5639-40744-0024,8224,0,0.0836,0.8256
5639-40744-0024,8230,0,0.0777,0.8545
5639-40744-0024,8455,0,0.0653,0.7215
5639-40744-0024,908,0,-0.047,0.8791
5639-40744-0029,1089,0,0.1754,0.7373
5639-40744-0029,1188,0,0.1334,0.7756
5639-40744-0029,1320,0,0.1568,0.6328
5639-40744-0029,2300,0,0.1932,0.3595
5639-40744-0029,260,0,0.1163,0.8025
5639-40744-0029,2830,0,0.1801,0.7454
5639-40744-0029,4077,0,0.12,0.6528
5639-40744-0029,5105,0,0.0066,0.6758
5639-40744-0029,5639,1,0.2089,0.8838
5639-40744-0029,61,0,0.066,0.7402
5639-40744-0029,672,0,0.3305,0.8297
5639-40744-0029,6930,0,-0.0006,0.7305
5639-40744-0029,7021,0,0.0325,0.5806
5639-40744-0029,7127,0,0.1104,0.5601
5639-40744-0029,7176,0,-0.088,0.7348
5639-40744-0029,7729,0,0.1537,0.6615
5639-40744-0029,8224,0,0.0931,0.8238
5639-40744-0029,8230,0,0.1102,0.7984
5639-40744-0029,8455,0,0.1561,0.6328
5639-40744-0029,908,0,-0.0571,0.7471
5639-40744-0034,1089,0,0.133,0.7766
5639-40744-0034,1188,0,0.1414,0.8215
5639-40744-0034,1320,0,0.0967,0.6724
5639-40744-0034,2300,0,0.1072,0.3979
5639-40744-0034,260,0,0.0143,0.8434
5639-40744-0034,2830,0,0.1983,0.8019
5639-40744-0034,4077,0,0.0155,0.7143
5639-40744-0034,5105,0,0.0359,0.7186
5639-40744-0034,5639,1,0.2062,0.9218
5639-40744-0034,61,0,0.0077,0.7837
5639-40744-0034,672,0,0.1954,0.8516
5639-40744-0034,6930,0,-0.0757,0.7488
5639-40744-0034,7021,0,0.0307,0.6256
5639-40744-0034,7127,0,0.1748,0.6297
5639-40744-0034,7176,0,-0.0804,0.7839
5639-40744-0034,7729,0,0.1055,0.7437
5639-40744-0034,8224,0,0.0592,0.8013
5639-40744-0034,8230,0,0.0704,0.8316
5639-40744-0034,8455,0,0.1139,0.6527
5639-40744-0034,908,0,-0.0753,0.7885
5639-40744-0040,1089,0,0.1922,0.8104
5639-40744-0040,1188,0,0.1812,0.8317
5639-40744-0040,1320,0,0.1773,0.7008
5639-40744-0040,2300,0,0.2031,0.4169
5639-40744-0040,260,0,0.0926,0.8627
5639-40744-0040,2830,0,0.2666,0.8171
5639-40744-0040,4077,0,0.0163,0.7464
5639-40744-0040,5105,0,0.0639,0.7511
5639-40744-0040,5639,1,0.3177,0.9352
5639-40744-0040,61,0,0.0183,0.8132
5639-40744-0040,672,0,0.2348,0.8718
5639-40744-0040,6930,0,-0.0054,0.7651
5639-40744-0040,7021,0,0.0838,0.6598
5639-40744-0040,7127,0,0.2546,0.6599
5639-40744-0040,7176,0,-0.0574,0.8088
5639-40744-0040,7729,0,0.1828,0.7797
5639-40744-0040,8224,0,-0.0304,0.7707
5639-40744-0040,8230,0,0.0928,0.8545
5639-40744-0040,8455,0,0.0719,0.6634
5639-40744-0040,908,0,-0.0868,0.8257
5683-32865-0010,121,0,-0.0953,0.8238
5683-32865-0010,1221,0,0.0618,0.6907
5683-32865-0010,1284,0,0.0697,0.8685
5683-32865-0010,1580,0,0.0752,0.8056
5683-32865-0010,1995,0,0.1725,0.8019
5683-32865-0010,2094,0,0.0715,0.7979
5683-32865-0010,237,0,0.0238,0.6951
5683-32865-0010,2961,0,0.2148,0.8201
5683-32865-0010,3570,0,0.084,0.6785
5683-32865-0010,3575,0,0.0415,0.553
5683-32865-0010,3729,0,0.1676,0.7765
5683-32865-0010,4446,0,-0.0464,0.8064
5683-32865-0010,4507,0,0.1316,0.6781
5683-32865-0010,4970,0,-0.0778,0.4595
5683-32865-0010,4992,0,0.1071,0.7496
5683-32865-0010,5142,0,0.0804,0.5862
5683-32865-0010,5683,1,0.1508,0.6803
5683-32865-0010,6829,0,0.0148,0.671
5683-32865-0010,8463,0,0.013,0.737
5683-32865-0010,8555,0,0.0366,0.5185
5683-32866-0006,121,0,0.0338,0.7609
5683-32866-0006,1221,0,0.1067,0.6119
5683-32866-0006,1284,0,0.0123,0.8369
5683-32866-0006,1580,0,0.1441,0.7379
5683-32866-0006,1995,0,0.2383,0.765
5683-32866-0006,2094,0,0.1016,0.7353
5683-32866-0006,237,0,0.0191,0.6306
5683-32866-0006,2961,0,0.1823,0.755
5683-32866-0006,3570,0,0.1067,0.6277
5683-32866-0006,3575,0,0.0809,0.5601
5683-32866-0006,3729,0,0.0683,0.6913
5683-32866-0006,4446,0,-0.0837,0.7297
5683-32866-0006,4507,0,0.0632,0.6074
5683-32866-0006,4970,0,0.0211,0.4521
5683-32866-0006,4992,0,0.152,0.6655
5683-32866-0006,5142,0,0.0773,0.5247
5683-32866-0006,5683,1,0.173,0.6306
5683-32866-0006,6829,0,0.0045,0.5953
5683-32866-0006,8463,0,0.0145,0.6596
5683-32866-0006,8555,0,-0.0135,0.4805
5683-32866-0012,121,0,0.0025,0.8471
5683-32866-0012,1221,0,0.0354,0.6875
5683-32866-0012,1284,0,0.0206,0.8553
5683-32866-0012,1580,0,0.0266,0.8
5683-32866-0012,1995,0,0.1032,0.7967
5683-32866-0012,2094,0,0.0067,0.7803
5683-32866-0012,237,0,-0.0673,0.692
5683-32866-0012,2961,0,0.1694,0.8385
5683-32866-0012,3570,0,0.0315,0.7184
5683-32866-0012,3575,0,-0.0071,0.5777
5683-32866-0012,3729,0,0.1152,0.791
5683-32866-0012,4446,0,-0.0464,0.7956
5683-32866-0012,4507,0,0.105,0.7031
5683-32866-0012,4970,0,-0.081,0.4813
5683-32866-0012,4992,0,0.1323,0.7411
5683-32866-0012,5142,0,0.0948,0.5885
5683-32866-0012,5683,1,0.0999,0.6882
5683-32866-0012,6829,0,-0.0141,0.6619
5683-32866-0012,8463,0,0.0002,0.7324
5683-32866-0012,8555,0,-0.0145,0.5423
5683-32866-0016,121,0,-0.0237,0.7877
5683-32866-0016,1221,0,-0.0086,0.6497
5683-32866-0016,1284,0,0.0434,0.8335
5683-32866-0016,1580,0,0.0315,0.7701
5683-32866-0016,1995,0,0.1249,0.7636
5683-32866-0016,2094,0,0.0043,0.7195
5683-32866-0016,237,0,-0.0119,0.6456
5683-32866-0016,2961,0,0.1001,0.8025
5683-32866-0016,3570,0,0.0566,0.6774
5683-32866-0016,3575,0,0.0524,0.5394
5683-32866-0016,3729,0,0.0503,0.7406
5683-32866-0016,4446,0,-0.0321,0.7647
5683-32866-0016,4507,0,0.0973,0.6595
5683-32866-0016,4970,0,-0.0675,0.4642
5683-32866-0016,4992,0,0.1226,0.6983
5683-32866-0016,5142,0,0.0938,0.5667
5683-32866-0016,5683,1,0.0908,0.6579
5683-32866-0016,6829,0,-0.0505,0.6208
5683-32866-0016,8463,0,-0.0414,0.69
5683-32866-0016,8555,0,0.0307,0.5299
5683-32866-0024,121,0,-0.0325,0.7935
5683-32866-0024,1221,0,0.0834,0.6419
5683-32866-0024,1284,0,0.0155,0.8432
5683-32866-0024,1580,0,0.1132,0.7743
5683-32866-0024,1995,0,0.0707,0.7526
5683-32866-0024,2094,0,0.0299,0.7351
5683-32866-0024,237,0,-0.0578,0.6472
5683-32866-0024,2961,0,0.1757,0.806
5683-32866-0024,3570,0,0.115,0.6783
5683-32866-0024,3575,0,-0.0265,0.5394
5683-32866-0024,3729,0,0.1872,0.7418
5683-32866-0024,4446,0,-0.033,0.7616
5683-32866-0024,4507,0,0.1912,0.6582
5683-32866-0024,4970,0,-0.1291,0.446
5683-32866-0024,4992,0,0.1465,0.6873
5683-32866-0024,5142,0,0.0465,0.5451
5683-32866-0024,5683,1,0.0794,0.6538
5683-32866-0024,6829,0,0.0232,0.6245
5683-32866-0024,8463,0,-0.0236,0.6743
5683-32866-0024,8555,0,0.0394,0.4976
5683-32879-0004,121,0,0.0444,0.779
5683-32879-0004,1221,0,0.1279,0.654
5683-32879-0004,1284,0,0.0654,0.8692
5683-32879-0004,1580,0,0.0902,0.7763
5683-32879-0004,1995,0,0.133,0.7765
5683-32879-0004,2094,0,0.016,0.7579
5683-32879-0004,237,0,-0.0425,0.6528
5683-32879-0004,2961,0,0.1684,0.7484
5683-32879-0004,3570,0,0.0916,0.6388
5683-32879-0004,3575,0,-0.0254,0.5485
5683-32879-0004,3729,0,0.1149,0.726
5683-32879-0004,4446,0,0.012,0.7742
5683-32879-0004,4507,0,0.1126,0.6391
5683-32879-0004,4970,0,-0.0974,0.4513
5683-32879-0004,4992,0,0.146,0.7026
5683-32879-0004,5142,0,0.0597,0.5511
5683-32879-0004,5683,1,0.038,0.6573
5683-32879-0004,6829,0,-0.0547,0.6254
5683-32879-0004,8463,0,0.0049,0.6796
5683-32879-0004,8555,0,0.0269,0.4993
5683-32879-0006,121,0,0.0873,0.8058
5683-32879-0006,1221,0,0.1086,0.6877
5683-32879-0006,1284,0,0.0707,0.8828
5683-32879-0006,1580,0,0.088,0.8223
5683-32879-0006,1995,0,0.1238,0.7894
5683-32879-0006,2094,0,0.0088,0.7785
5683-32879-0006,237,0,0.056,0.6986
5683-32879-0006,2961,0,0.1447,0.7658
5683-32879-0006,3570,0,0.0889,0.6821
5683-32879-0006,3575,0,0.0586,0.6048
5683-32879-0006,3729,0,0.1943,0.7598
5683-32879-0006,4446,0,0.0423,0.8014
5683-32879-0006,4507,0,0.0914,0.6855
5683-32879-0006,4970,0,-0.0753,0.5063
5683-32879-0006,4992,0,0.122,0.7247
5683-32879-0006,5142,0,0.0744,0.5825
5683-32879-0006,5683,1,0.0844,0.7141
5683-32879-0006,6829,0,-0.0012,0.6535
5683-32879-0006,8463,0,-0.0107,0.6915
5683-32879-0006,8555,0,0.0119,0.5539
5683-32879-0007,121,0,0.0086,0.8238
5683-32879-0007,1221,0,0.1319,0.7181
5683-32879-0007,1284,0,0.0335,0.8864
5683-32879-0007,1580,0,0.0209,0.7953
5683-32879-0007,1995,0,0.1238,0.83
5683-32879-0007,2094,0,0.0633,0.8086
5683-32879-0007,237,0,0.0475,0.7195
5683-32879-0007,2961,0,0.1952,0.7911
5683-32879-0007,3570,0,0.1409,0.6781
5683-32879-0007,3575,0,-0.0024,0.5757
5683-32879-0007,3729,0,0.1532,0.7989
5683-32879-0007,4446,0,0.0088,0.827
5683-32879-0007,4507,0,0.1228,0.7014
5683-32879-0007,4970,0,-0.1093,0.5194
5683-32879-0007,4992,0,0.1456,0.7765
5683-32879-0007,5142,0,0.0903,0.6537
5683-32879-0007,5683,1,0.1468,0.7086
5683-32879-0007,6829,0,-0.0204,0.6929
5683-32879-0007,8463,0,0.0136,0.7775
5683-32879-0007,8555,0,0.0816,0.583
5683-32879-0012,121,0,0.085,0.8675
5683-32879-0012,1221,0,0.094,0.6693
5683-32879-0012,1284,0,0.1324,0.7968
5683-32879-0012,1580,0,0.1465,0.7682
5683-32879-0012,1995,0,0.1392,0.852
5683-32879-0012,2094,0,-0.036,0.769
5683-32879-0012,237,0,0.1171,0.7109
5683-32879-0012,2961,0,0.2057,0.8729
5683-32879-0012,3570,0,0.121,0.7496
5683-32879-0012,3575,0,0.1477,0.5764
5683-32879-0012,3729,0,0.1391,0.7787
5683-32879-0012,4446,0,0.005,0.7542
5683-32879-0012,4507,0,0.1563,0.6972
5683-32879-0012,4970,0,0.01,0.4565
5683-32879-0012,4992,0,0.1172,0.7619
5683-32879-0012,5142,0,0.0228,0.588
5683-32879-0012,5683,1,0.2366,0.6639
5683-32879-0012,6829,0,0.052,0.6447
5683-32879-0012,8463,0,0.0516,0.7667
5683-32879-0012,8555,0,0.1252,0.5711
5683-32879-0013,121,0,0.0802,0.7507
5683-32879-0013,1221,0,0.0663,0.6614
5683-32879-0013,1284,0,0.0814,0.8818
5683-32879-0013,1580,0,0.1164,0.8025
5683-32879-0013,1995,0,0.0832,0.7538
5683-32879-0013,2094,0,-0.0486,0.7505
5683-32879-0013,237,0,0.0355,0.6635
5683-32879-0013,2961,0,0.1333,0.7126
5683-32879-0013,3570,0,0.0682,0.6178
5683-32879-0013,3575,0,0.0499,0.5564
5683-32879-0013,3729,0,0.1667,0.7109
5683-32879-0013,4446,0,0.0046,0.7864
5683-32879-0013,4507,0,0.1129,0.6409
5683-32879-0013,4970,0,-0.0342,0.4812
5683-32879-0013,4992,0,0.1325,0.6945
5683-32879-0013,5142,0,0.0729,0.5632
5683-32879-0013,5683,1,0.0652,0.6712
5683-32879-0013,6829,0,0.0059,0.6228
5683-32879-0013,8463,0,0.0074,0.6733
5683-32879-0013,8555,0,-0.002,0.5148
61-70968-0017,1089,0,0.3158,0.8366
61-70968-0017,1188,0,0.1426,0.858
61-70968-0017,1320,0,0.2347,0.7159
61-70968-0017,2300,0,0.2391,0.4307
61-70968-0017,260,0,0.1079,0.8796
61-70968-0017,2830,0,0.2405,0.8403
61-70968-0017,4077,0,0.1666,0.7661
61-70968-0017,5105,0,0.1461,0.753
61-70968-0017,5639,0,0.2514,0.9104
61-70968-0017,61,1,0.1713,0.8493
61-70968-0017,672,0,0.2143,0.8816
61-70968-0017,6930,0,0.0676,0.7637
61-70968-0017,7021,0,0.1505,0.664
61-70968-0017,7127,0,0.201,0.6851
61-70968-0017,7176,0,0.0509,0.8569
61-70968-0017,7729,0,0.172,0.8025
61-70968-0017,8224,0,0.1037,0.7441
61-70968-0017,8230,0,0.1849,0.8911
61-70968-0017,8455,0,0.1783,0.6817
61-70968-0017,908,0,0.0065,0.8423
61-70968-0020,1089,0,0.1913,0.8642
61-70968-0020,1188,0,0.0772,0.8815
61-70968-0020,1320,0,0.1061,0.7657
61-70968-0020,2300,0,0.2333,0.5015
61-70968-0020,260,0,0.0919,0.9045
61-70968-0020,2830,0,0.2044,0.8422
61-70968-0020,4077,0,0.0021,0.7893
61-70968-0020,5105,0,0.0186,0.7946
61-70968-0020,5639,0,0.2409,0.9282
61-70968-0020,61,1,0.0936,0.8528
61-70968-0020,672,0,0.1751,0.9052
61-70968-0020,6930,0,-0.1403,0.7948
61-70968-0020,7021,0,0.0722,0.7167
61-70968-0020,7127,0,0.2763,0.7153
61-70968-0020,7176,0,0.0215,0.8493
61-70968-0020,7729,0,0.1686,0.8238
61-70968-0020,8224,0,0.0466,0.7824
61-70968-0020,8230,0,0.1062,0.8925
61-70968-0020,8455,0,-0.0064,0.7344
61-70968-0020,908,0,-0.0853,0.8639
61-70968-0023,1089,0,0.2099,0.8785
61-70968-0023,1188,0,0.2184,0.8711
61-70968-0023,1320,0,0.1273,0.799
61-70968-0023,2300,0,0.2042,0.6057
61-70968-0023,260,0,0.1345,0.9172
61-70968-0023,2830,0,0.1873,0.7979
61-70968-0023,4077,0,0.0737,0.8624
61-70968-0023,5105,0,-0.0333,0.8263
61-70968-0023,5639,0,0.2171,0.922
61-70968-0023,61,1,0.1452,0.8916
61-70968-0023,672,0,0.1514,0.9204
61-70968-0023,6930,0,0.015,0.8327
61-70968-0023,7021,0,0.0507,0.77
61-70968-0023,7127,0,0.2232,0.7428
61-70968-0023,7176,0,0.0497,0.8897
61-70968-0023,7729,0,0.159,0.8727
61-70968-0023,8224,0,0.0132,0.8045
61-70968-0023,8230,0,0.1033,0.88
61-70968-0023,8455,0,0.1198,0.8099
61-70968-0023,908,0,-0.021,0.9001
61-70968-0030,1089,0,0.2504,0.8721
61-70968-0030,1188,0,0.2219,0.8773
61-70968-0030,1320,0,0.1202,0.7687
61-70968-0030,2300,0,0.1201,0.5271
61-70968-0030,260,0,0.1489,0.8931
61-70968-0030,2830,0,0.2667,0.8264
61-70968-0030,4077,0,0.091,0.8328
61-70968-0030,5105,0,0.0576,0.7848
61-70968-0030,5639,0,0.3269,0.9236
61-70968-0030,61,1,0.0622,0.834
61-70968-0030,672,0,0.1443,0.9077
61-70968-0030,6930,0,0.0229,0.7976
61-70968-0030,7021,0,0.0808,0.7085
61-70968-0030,7127,0,0.1648,0.745
61-70968-0030,7176,0,-0.048,0.8528
61-70968-0030,7729,0,0.1564,0.8251
61-70968-0030,8224,0,0.0042,0.7905
61-70968-0030,8230,0,0.1771,0.8792
61-70968-0030,8455,0,0.0844,0.7681
61-70968-0030,908,0,-0.1222,0.8466
61-70968-0041,1089,0,0.2665,0.7974
61-70968-0041,1188,0,0.1503,0.8486
61-70968-0041,1320,0,0.1321,0.6873
61-70968-0041,2300,0,0.2113,0.4054
61-70968-0041,260,0,0.0637,0.8596
61-70968-0041,2830,0,0.2438,0.8292
61-70968-0041,4077,0,0.0261,0.7154
61-70968-0041,5105,0,0.015,0.7335
61-70968-0041,5639,0,0.2626,0.9129
61-70968-0041,61,1,0.08,0.8057
61-70968-0041,672,0,0.1798,0.853
61-70968-0041,6930,0,-0.0155,0.7437
61-70968-0041,7021,0,0.0281,0.6462
61-70968-0041,7127,0,0.2129,0.646
61-70968-0041,7176,0,0.0473,0.8079
61-70968-0041,7729,0,0.2175,0.7627
61-70968-0041,8224,0,0.0913,0.7724
61-70968-0041,8230,0,0.1748,0.8542
61-70968-0041,8455,0,0.0658,0.6483
61-70968-0041,908,0,-0.0403,0.8088
61-70968-0043,1089,0,0.1008,0.7838
61-70968-0043,1188,0,0.1397,0.8356
61-70968-0043,1320,0,0.1964,0.685
61-70968-0043,2300,0,0.2236,0.4287
61-70968-0043,260,0,0.0594,0.8732
61-70968-0043,2830,0,0.1355,0.8112
61-70968-0043,4077,0,0.0838,0.7598
61-70968-0043,5105,0,0.0328,0.7364
61-70968-0043,5639,0,0.2574,0.9326
61-70968-0043,61,1,0.1166,0.8198
61-70968-0043,672,0,0.2328,0.8582
61-70968-0043,6930,0,-0.0286,0.752
61-70968-0043,7021,0,0.0309,0.6444
61-70968-0043,7127,0,0.1431,0.6506
61-70968-0043,7176,0,-0.1033,0.8143
61-70968-0043,7729,0,0.1688,0.7844
61-70968-0043,8224,0,0.0749,0.7843
61-70968-0043,8230,0,0.0438,0.8373
61-70968-0043,8455,0,0.0847,0.6677
61-70968-0043,908,0,-0.1111,0.805
61-70968-0050,1089,0,0.3034,0.8059
61-70968-0050,1188,0,0.2185,0.8359
61-70968-0050,1320,0,0.163,0.6864
61-70968-0050,2300,0,0.2121,0.4414
61-70968-0050,260,0,0.1603,0.8874
61-70968-0050,2830,0,0.247,0.8117
61-70968-0050,4077,0,0.1071,0.7779
61-70968-0050,5105,0,-0.0057,0.7214
61-70968-0050,5639,0,0.2217,0.8947
61-70968-0050,61,1,0.1872,0.863
61-70968-0050,672,0,0.2075,0.8511
61-70968-0050,6930,0,-0.0526,0.7746
61-70968-0050,7021,0,0.0213,0.6325
61-70968-0050,7127,0,0.187,0.6547
61-70968-0050,7176,0,0.0334,0.8644
61-70968-0050,7729,0,0.2211,0.8017
61-70968-0050,8224,0,0.0871,0.729
61-70968-0050,8230,0,0.2409,0.8865
61-70968-0050,8455,0,0.1271,0.7005
61-70968-0050,908,0,-0.0791,0.8084
61-70968-0057,1089,0,0.0836,0.8052
61-70968-0057,1188,0,0.1122,0.8506
61-70968-0057,1320,0,0.0822,0.7003
61-70968-0057,2300,0,0.2153,0.4431
61-70968-0057,260,0,0.0886,0.8802
61-70968-0057,2830,0,0.1852,0.8111
61-70968-0057,4077,0,-0.0222,0.757
61-70968-0057,5105,0,-0.0111,0.7391
61-70968-0057,5639,0,0.1641,0.9028
61-70968-0057,61,1,0.0333,0.8545
61-70968-0057,672,0,0.1651,0.8717
61-70968-0057,6930,0,-0.0457,0.77
61-70968-0057,7021,0,0.0905,0.6556
61-70968-0057,7127,0,0.124,0.647
61-70968-0057,7176,0,-0.0544,0.8786
61-70968-0057,7729,0,0.1547,0.7888
61-70968-0057,8224,0,0.0426,0.7842
61-70968-0057,8230,0,0.108,0.8822
61-70968-0057,8455,0,0.0951,0.7011
61-70968-0057,908,0,-0.035,0.8281
61-70970-0000,1089,0,0.1698,0.8666
61-70970-0000,1188,0,0.1593,0.9058
61-70970-0000,1320,0,0.1183,0.7952
61-70970-0000,2300,0,0.1316,0.5385
61-70970-0000,260,0,0.1098,0.9332
61-70970-0000,2830,0,0.2634,0.8882
61-70970-0000,4077,0,0.1258,0.8068
61-70970-0000,5105,0,0.0706,0.8167
61-70970-0000,5639,0,0.2125,0.8901
61-70970-0000,61,1,0.1061,0.8761
61-70970-0000,672,0,0.1345,0.9098
61-70970-0000,6930,0,-0.0301,0.8632
61-70970-0000,7021,0,-0.015,0.7279
61-70970-0000,7127,0,0.1347,0.7517
61-70970-0000,7176,0,0.0247,0.8878
61-70970-0000,7729,0,0.1897,0.7989
61-70970-0000,8224,0,-0.0257,0.7836
61-70970-0000,8230,0,0.0833,0.9179
61-70970-0000,8455,0,0.1085,0.7965
61-70970-0000,908,0,-0.1396,0.8377
61-70970-0011,1089,0,0.1008,0.8433
61-70970-0011,1188,0,0.1086,0.8729
61-70970-0011,1320,0,0.0563,0.754
61-70970-0011,2300,0,0.1213,0.5196
61-70970-0011,260,0,0.1621,0.8975
61-70970-0011,2830,0,0.2416,0.8539
61-70970-0011,4077,0,-0.0203,0.8012
61-70970-0011,5105,0,0.0583,0.779
61-70970-0011,5639,0,0.1476,0.9069
61-70970-0011,61,1,0.0543,0.8645
61-70970-0011,672,0,0.1361,0.8855
61-70970-0011,6930,0,-0.0376,0.8149
61-70970-0011,7021,0,0.0434,0.6996
61-70970-0011,7127,0,0.1269,0.72
61-70970-0011,7176,0,-0.0488,0.8664
61-70970-0011,7729,0,0.1893,0.8391
61-70970-0011,8224,0,0.0626,0.7649
61-70970-0011,8230,0,0.0815,0.886
61-70970-0011,8455,0,0.0209,0.7445
61-70970-0011,908,0,-0.0075,0.8518
672-122797-0003,1089,0,0.2285,0.8616
672-122797-0003,1188,0,0.2871,0.89
672-122797-0003,1320,0,0.1142,0.7978
672-122797-0003,2300,0,0.0993,0.5542
672-122797-0003,260,0,0.0528,0.8333
672-122797-0003,2830,0,0.1997,0.8161
672-122797-0003,4077,0,0.0563,0.7482
672-122797-0003,5105,0,0.0414,0.8127
672-122797-0003,5639,0,0.2636,0.8799
672-122797-0003,61,0,0.0371,0.7546
672-122797-0003,672,1,0.2471,0.8969
672-122797-0003,6930,0,-0.0816,0.752
672-122797-0003,7021,0,0.0678,0.7459
672-122797-0003,7127,0,0.1236,0.7542
672-122797-0003,7176,0,-0.0461,0.7573
672-122797-0003,7729,0,0.3097,0.7842
672-122797-0003,8224,0,-0.0003,0.8253
672-122797-0003,8230,0,0.1599,0.832
672-122797-0003,8455,0,-0.003,0.7508
672-122797-0003,908,0,-0.0571,0.8259
672-122797-0019,1089,0,0.2288,0.8379
672-122797-0019,1188,0,0.1061,0.8851
672-122797-0019,1320,0,0.1317,0.7771
672-122797-0019,2300,0,0.1661,0.4999
672-122797-0019,260,0,0.2109,0.8585
672-122797-0019,2830,0,0.1842,0.8478
672-122797-0019,4077,0,0.1141,0.7499
672-122797-0019,5105,0,0.107,0.8079
672-122797-0019,5639,0,0.1157,0.8944
672-122797-0019,61,0,0.0789,0.7883
672-122797-0019,672,1,0.1878,0.8919
672-122797-0019,6930,0,0.1054,0.7947
672-122797-0019,7021,0,0.072,0.7032
672-122797-0019,7127,0,0.2165,0.7335
672-122797-0019,7176,0,0.0322,0.8115
672-122797-0019,7729,0,0.0348,0.749
672-122797-0019,8224,0,0.1401,0.8609
672-122797-0019,8230,0,0.0907,0.8724
672-122797-0019,8455,0,0.1949,0.75
672-122797-0019,908,0,-0.0772,0.7863
672-122797-0052,1089,0,0.0999,0.84
672-122797-0052,1188,0,0.1839,0.8736
672-122797-0052,1320,0,0.1688,0.7384
672-122797-0052,2300,0,0.1464,0.4687
672-122797-0052,260,0,0.0891,0.8619
672-122797-0052,2830,0,0.164,0.8279
672-122797-0052,4077,0,0.0226,0.7548
672-122797-0052,5105,0,0.0832,0.7645
672-122797-0052,5639,0,0.1769,0.9057
672-122797-0052,61,0,0.0272,0.7983
672-122797-0052,672,1,0.1161,0.882
672-122797-0052,6930,0,0.0021,0.7742
672-122797-0052,7021,0,0.1214,0.6785
672-122797-0052,7127,0,0.1583,0.6999
672-122797-0052,7176,0,-0.0829,0.8165
672-122797-0052,7729,0,0.1731,0.7935
672-122797-0052,8224,0,0.0869,0.7984
672-122797-0052,8230,0,0.0937,0.8692
672-122797-0052,8455,0,0.1773,0.7201
672-122797-0052,908,0,0.0064,0.8197
672-122797-0054,1089,0,0.1443,0.7407
672-122797-0054,1188,0,0.1165,0.8367
672-122797-0054,1320,0,0.056,0.6619
672-122797-0054,2300,0,0.1853,0.4022
672-122797-0054,260,0,0.0776,0.8738
672-122797-0054,2830,0,0.1118,0.8229
672-122797-0054,4077,0,0.0783,0.7112
672-122797-0054,5105,0,-0.0836,0.7166
672-122797-0054,5639,0,0.2594,0.8945
672-122797-0054,61,0,0.0231,0.8218
672-122797-0054,672,1,0.1606,0.8237
672-122797-0054,6930,0,-0.0893,0.7628
672-122797-0054,7021,0,-0.0335,0.615
672-122797-0054,7127,0,0.1786,0.6163
672-122797-0054,7176,0,-0.0873,0.8284
672-122797-0054,7729,0,0.2245,0.7536
672-122797-0054,8224,0,0.0707,0.7931
672-122797-0054,8230,0,-0.031,0.8408
672-122797-0054,8455,0,0.0562,0.6573
672-122797-0054,908,0,-0.0932,0.7778
672-122797-0055,1089,0,0.2439,0.8944
672-122797-0055,1188,0,0.2542,0.8926
672-122797-0055,1320,0,0.1925,0.8128
672-122797-0055,2300,0,0.1679,0.5646
672-122797-0055,260,0,0.0725,0.9038
672-122797-0055,2830,0,0.2492,0.8539
672-122797-0055,4077,0,0.1005,0.841
672-122797-0055,5105,0,0.1373,0.8182
672-122797-0055,5639,0,0.2493,0.9092
672-122797-0055,61,0,-0.0359,0.8311
672-122797-0055,672,1,0.2495,0.9174
672-122797-0055,6930,0,0.0579,0.8232
672-122797-0055,7021,0,0.115,0.7431
672-122797-0055,7127,0,0.221,0.7933
672-122797-0055,7176,0,-0.1366,0.8389
672-122797-0055,7729,0,0.1191,0.8393
672-122797-0055,8224,0,0.1639,0.7585
672-122797-0055,8230,0,0.0823,0.8814
672-122797-0055,8455,0,0.144,0.7964
672-122797-0055,908,0,-0.0361,0.8605
672-122797-0058,1089,0,0.2255,0.8316
672-122797-0058,1188,0,0.1249,0.8093
672-122797-0058,1320,0,0.0633,0.7288
672-122797-0058,2300,0,0.191,0.5095
672-122797-0058,260,0,0.0925,0.8134
672-122797-0058,2830,0,0.1963,0.7461
672-122797-0058,4077,0,0.1153,0.8218
672-122797-0058,5105,0,0.0301,0.7782
672-122797-0058,5639,0,0.3226,0.9637
672-122797-0058,61,0,0.0924,0.7818
672-122797-0058,672,1,0.1946,0.8772
672-122797-0058,6930,0,-0.0349,0.6975
672-122797-0058,7021,0,0.0936,0.7
672-122797-0058,7127,0,0.2162,0.7281
672-122797-0058,7176,0,0.0449,0.7825
672-122797-0058,7729,0,0.2835,0.8352
672-122797-0058,8224,0,0.0409,0.8169
672-122797-0058,8230,0,0.1761,0.7937
672-122797-0058,8455,0,0.0695,0.6704
672-122797-0058,908,0,-0.0851,0.8318
672-122797-0061,1089,0,0.2077,0.8187
672-122797-0061,1188,0,0.1398,0.8328
672-122797-0061,1320,0,0.1793,0.699
672-122797-0061,2300,0,0.2355,0.4293
672-122797-0061,260,0,0.0597,0.8596
672-122797-0061,2830,0,0.1738,0.8022
672-122797-0061,4077,0,0.1174,0.7595
672-122797-0061,5105,0,0.0063,0.7394
672-122797-0061,5639,0,0.2846,0.9255
672-122797-0061,61,0,0.0755,0.8341
672-122797-0061,672,1,0.1713,0.884
672-122797-0061,6930,0,-0.0765,0.7623
672-122797-0061,7021,0,-0.0267,0.6467
672-122797-0061,7127,0,0.1734,0.6538
672-122797-0061,7176,0,-0.0344,0.8394
672-122797-0061,7729,0,0.2403,0.7772
672-122797-0061,8224,0,-0.0677,0.8031
672-122797-0061,8230,0,0.0878,0.8672
672-122797-0061,8455,0,0.1102,0.6836
672-122797-0061,908,0,-0.1049,0.8273
672-122797-0070,1089,0,0.2249,0.8126
672-122797-0070,1188,0,0.1831,0.8262
672-122797-0070,1320,0,0.139,0.727
672-122797-0070,2300,0,0.1887,0.5046
672-122797-0070,260,0,0.0717,0.8656
672-122797-0070,2830,0,0.1825,0.7661
672-122797-0070,4077,0,0.1144,0.7623
672-122797-0070,5105,0,0.028,0.7522
672-122797-0070,5639,0,0.3212,0.9054
672-122797-0070,61,0,0.0513,0.8027
672-122797-0070,672,1,0.2891,0.8941
672-122797-0070,6930,0,-0.0183,0.7912
672-122797-0070,7021,0,0.118,0.6822
672-122797-0070,7127,0,0.2611,0.6517
672-122797-0070,7176,0,-0.1078,0.7877
672-122797-0070,7729,0,0.1372,0.7773
672-122797-0070,8224,0,0.1133,0.8249
672-122797-0070,8230,0,0.1028,0.8244
672-122797-0070,8455,0,0.207,0.746
672-122797-0070,908,0,-0.1027,0.8349
672-122797-0072,1089,0,0.1364,0.7784
672-122797-0072,1188,0,0.1095,0.7944
672-122797-0072,1320,0,0.1167,0.7035
672-122797-0072,2300,0,0.2172,0.544
672-122797-0072,260,0,0.0981,0.8197
672-122797-0072,2830,0,0.0781,0.7112
672-122797-0072,4077,0,0.0561,0.7817
672-122797-0072,5105,0,0.0226,0.726
672-122797-0072,5639,0,0.2576,0.9049
672-122797-0072,61,0,0.0656,0.7537
672-122797-0072,672,1,0.2364,0.8425
672-122797-0072,6930,0,-0.039,0.7138
672-122797-0072,7021,0,0.0783,0.6763
672-122797-0072,7127,0,0.157,0.6609
672-122797-0072,7176,0,-0.1247,0.7209
672-122797-0072,7729,0,0.2268,0.804
672-122797-0072,8224,0,0.1092,0.8022
672-122797-0072,8230,0,0.0549,0.7453
672-122797-0072,8455,0,0.0529,0.7091
672-122797-0072,908,0,-0.1335,0.8081
672-122797-0073,1089,0,0.1901,0.7575
672-122797-0073,1188,0,0.1297,0.7759
672-122797-0073,1320,0,0.1238,0.654
672-122797-0073,2300,0,0.1787,0.4064
672-122797-0073,260,0,0.1538,0.8037
672-122797-0073,2830,0,0.2418,0.7285
672-122797-0073,4077,0,-0.0148,0.6892
672-122797-0073,5105,0,0.0008,0.6868
672-122797-0073,5639,0,0.2583,0.8987
672-122797-0073,61,0,-0.0138,0.7241
672-122797-0073,672,1,0.256,0.8384
672-122797-0073,6930,0,-0.0776,0.7178
672-122797-0073,7021,0,0.0479,0.6122
672-122797-0073,7127,0,0.2234,0.5891
672-122797-0073,7176,0,-0.1856,0.7167
672-122797-0073,7729,0,0.1277,0.7064
672-122797-0073,8224,0,0.0191,0.814
672-122797-0073,8230,0,0.0428,0.7661
672-122797-0073,8455,0,0.0727,0.6438
672-122797-0073,908,0,-0.1375,0.7779
6829-68769-0006,121,0,0.0694,0.7743
6829-68769-0006,1221,0,0.0822,0.6769
6829-68769-0006,1284,0,0.0747,0.8758
6829-68769-0006,1580,0,0.1185,0.7871
6829-68769-0006,1995,0,0.0893,0.7591
6829-68769-0006,2094,0,-0.0961,0.7544
6829-68769-0006,237,0,-0.056,0.6591
6829-68769-0006,2961,0,0.115,0.7219
6829-68769-0006,3570,0,0.0717,0.6267
6829-68769-0006,3575,0,0.0558,0.5386
6829-68769-0006,3729,0,0.0765,0.7502
6829-68769-0006,4446,0,-0.0203,0.7991
6829-68769-0006,4507,0,0.0703,0.6602
6829-68769-0006,4970,0,-0.0395,0.4831
6829-68769-0006,4992,0,0.1642,0.719
6829-68769-0006,5142,0,0.0504,0.5912
6829-68769-0006,5683,0,0.0671,0.675
6829-68769-0006,6829,1,0.0556,0.6351
6829-68769-0006,8463,0,0.0018,0.7083
6829-68769-0006,8555,0,0.1109,0.5275
6829-68769-0039,121,0,0.0382,0.6815
6829-68769-0039,1221,0,0.111,0.6093
6829-68769-0039,1284,0,0.1032,0.8325
6829-68769-0039,1580,0,0.0603,0.7224
6829-68769-0039,1995,0,0.0918,0.6917
6829-68769-0039,2094,0,0.1108,0.6882
6829-68769-0039,237,0,0.0073,0.5723
6829-68769-0039,2961,0,0.1212,0.6575
6829-68769-0039,3570,0,0.1235,0.5456
6829-68769-0039,3575,0,0.1276,0.4878
6829-68769-0039,3729,0,0.0844,0.6688
6829-68769-0039,4446,0,-0.0462,0.731
6829-68769-0039,4507,0,0.1234,0.597
6829-68769-0039,4970,0,-0.0231,0.4505
6829-68769-0039,4992,0,0.051,0.6415
6829-68769-0039,5142,0,0.0858,0.5574
6829-68769-0039,5683,0,0.0841,0.6243
6829-68769-0039,6829,1,0.0123,0.5836
6829-68769-0039,8463,0,-0.0354,0.6262
6829-68769-0039,8555,0,0.1469,0.4858
6829-68769-0049,121,0,0.0372,0.8594
6829-68769-0049,1221,0,0.1159,0.6989
6829-68769-0049,1284,0,0.0834,0.8552
6829-68769-0049,1580,0,0.0779,0.8391
6829-68769-0049,1995,0,0.0813,0.8022
6829-68769-0049,2094,0,-0.0086,0.7823
6829-68769-0049,237,0,-0.01,0.7207
6829-68769-0049,2961,0,0.1172,0.8295
6829-68769-0049,3570,0,0.0567,0.7492
6829-68769-0049,3575,0,0.0134,0.6186
6829-68769-0049,3729,0,0.0754,0.7952
6829-68769-0049,4446,0,-0.0197,0.8
6829-68769-0049,4507,0,0.0874,0.7227
6829-68769-0049,4970,0,-0.084,0.5043
6829-68769-0049,4992,0,0.1524,0.746
6829-68769-0049,5142,0,0.0568,0.5875
6829-68769-0049,5683,0,0.1354,0.7276
6829-68769-0049,6829,1,-0.0312,0.6587
6829-68769-0049,8463,0,-0.0603,0.7291
6829-68769-0049,8555,0,0.078,0.5761
6829-68771-0005,121,0,0.1239,0.7884
6829-68771-0005,1221,0,0.0495,0.5298
6829-68771-0005,1284,0,0.1098,0.6997
6829-68771-0005,1580,0,0.0212,0.6463
6829-68771-0005,1995,0,0.1272,0.7136
6829-68771-0005,2094,0,-0.0849,0.6222
6829-68771-0005,237,0,0.0074,0.5925
6829-68771-0005,2961,0,0.0932,0.8619
6829-68771-0005,3570,0,0.1475,0.7356
6829-68771-0005,3575,0,-0.0226,0.4743
6829-68771-0005,3729,0,0.1345,0.6712
6829-68771-0005,4446,0,0.0375,0.637
6829-68771-0005,4507,0,0.1271,0.5957
6829-68771-0005,4970,0,-0.0509,0.3309
6829-68771-0005,4992,0,0.1296,0.588
6829-68771-0005,5142,0,0.0487,0.4138
6829-68771-0005,5683,0,0.0018,0.5265
6829-68771-0005,6829,1,0.0401,0.5167
6829-68771-0005,8463,0,-0.01,0.5672
6829-68771-0005,8555,0,0.0133,0.4118
6829-68771-0011,121,0,0.0481,0.8306
6829-68771-0011,1221,0,0.0208,0.7554
6829-68771-0011,1284,0,0.1429,0.9246
6829-68771-0011,1580,0,0.02,0.8703
6829-68771-0011,1995,0,0.1615,0.8559
6829-68771-0011,2094,0,-0.0349,0.8228
6829-68771-0011,237,0,0.0414,0.767
6829-68771-0011,2961,0,0.0958,0.7563
6829-68771-0011,3570,0,0.0957,0.6938
6829-68771-0011,3575,0,0.0829,0.6281
6829-68771-0011,3729,0,0.1185,0.7952
6829-68771-0011,4446,0,0.0083,0.8565
6829-68771-0011,4507,0,0.0209,0.7129
6829-68771-0011,4970,0,0.0048,0.5416
6829-68771-0011,4992,0,0.1325,0.7973
6829-68771-0011,5142,0,0.0897,0.6474
6829-68771-0011,5683,0,0.0641,0.7578
6829-68771-0011,6829,1,0.0164,0.6949
6829-68771-0011,8463,0,0.027,0.7559
6829-68771-0011,8555,0,0.0212,0.6219
6829-68771-0014,121,0,0.0259,0.7541
6829-68771-0014,1221,0,0.0698,0.5603
6829-68771-0014,1284,0,0.0311,0.7792
6829-68771-0014,1580,0,0.0882,0.6937
6829-68771-0014,1995,0,0.1522,0.7619
6829-68771-0014,2094,0,-0.0094,0.6689
6829-68771-0014,237,0,-0.0878,0.6088
6829-68771-0014,2961,0,0.2056,0.7813
6829-68771-0014,3570,0,0.1042,0.6451
6829-68771-0014,3575,0,0.0202,0.5128
6829-68771-0014,3729,0,0.0666,0.6582
6829-68771-0014,4446,0,-0.0305,0.6791
6829-68771-0014,4507,0,0.0869,0.5799
6829-68771-0014,4970,0,-0.0918,0.3916
6829-68771-0014,4992,0,0.1926,0.6271
6829-68771-0014,5142,0,0.1149,0.4828
6829-68771-0014,5683,0,0.0394,0.5857
6829-68771-0014,6829,1,-0.0408,0.537
6829-68771-0014,8463,0,0.0175,0.6096
6829-68771-0014,8555,0,0.0525,0.4664
6829-68771-0019,121,0,0.0784,0.8286
6829-68771-0019,1221,0,0.0696,0.6905
6829-68771-0019,1284,0,0.0127,0.8767
6829-68771-0019,1580,0,-0.0108,0.7916
6829-68771-0019,1995,0,0.1515,0.8134
6829-68771-0019,2094,0,-0.0065,0.7847
6829-68771-0019,237,0,-0.0222,0.7018
6829-68771-0019,2961,0,0.1368,0.828
6829-68771-0019,3570,0,0.1314,0.7068
6829-68771-0019,3575,0,0.0022,0.5926
6829-68771-0019,3729,0,0.1402,0.773
6829-68771-0019,4446,0,-0.0602,0.7977
6829-68771-0019,4507,0,0.1387,0.6895
6829-68771-0019,4970,0,-0.1201,0.5101
6829-68771-0019,4992,0,0.0649,0.737
6829-68771-0019,5142,0,0.1244,0.5988
6829-68771-0019,5683,0,0.1487,0.6878
6829-68771-0019,6829,1,-0.0513,0.6746
6829-68771-0019,8463,0,-0.041,0.7292
6829-68771-0019,8555,0,0.0784,0.5468
6829-68771-0023,121,0,0.0124,0.851
6829-68771-0023,1221,0,0.0221,0.7243
6829-68771-0023,1284,0,0.0814,0.8812
6829-68771-0023,1580,0,0.0775,0.8193
6829-68771-0023,1995,0,0.1576,0.8176
6829-68771-0023,2094,0,-0.0107,0.811
6829-68771-0023,237,0,0.041,0.7238
6829-68771-0023,2961,0,0.1278,0.8255
6829-68771-0023,3570,0,0.1255,0.7084
6829-68771-0023,3575,0,0.1237,0.5664
6829-68771-0023,3729,0,0.1359,0.8195
6829-68771-0023,4446,0,-0.0223,0.8391
6829-68771-0023,4507,0,0.0489,0.7185
6829-68771-0023,4970,0,-0.056,0.4886
6829-68771-0023,4992,0,0.1601,0.7858
6829-68771-0023,5142,0,0.0282,0.6333
6829-68771-0023,5683,0,0.0633,0.692
6829-68771-0023,6829,1,0.0889,0.7007
6829-68771-0023,8463,0,-0.0151,0.7717
6829-68771-0023,8555,0,0.1092,0.5613
6829-68771-0025,121,0,0.099,0.7974
6829-68771-0025,1221,0,0.0461,0.6609
6829-68771-0025,1284,0,0.0741,0.8461
6829-68771-0025,1580,0,0.0671,0.7472
6829-68771-0025,1995,0,0.0873,0.7889
6829-68771-0025,2094,0,-0.0705,0.728
6829-68771-0025,237,0,-0.0229,0.6538
6829-68771-0025,2961,0,0.1607,0.8002
6829-68771-0025,3570,0,0.1235,0.6602
6829-68771-0025,3575,0,0.028,0.4894
6829-68771-0025,3729,0,0.0728,0.7456
6829-68771-0025,4446,0,-0.0523,0.7776
6829-68771-0025,4507,0,0.0865,0.6407
6829-68771-0025,4970,0,-0.1637,0.419
6829-68771-0025,4992,0,0.0339,0.7201
6829-68771-0025,5142,0,0.03,0.5692
6829-68771-0025,5683,0,0.0267,0.6159
6829-68771-0025,6829,1,-0.0183,0.621
6829-68771-0025,8463,0,-0.0075,0.7134
6829-68771-0025,8555,0,-0.001,0.4968
6829-68771-0035,121,0,0.0163,0.832
6829-68771-0035,1221,0,0.0369,0.7114
6829-68771-0035,1284,0,0.0527,0.8855
6829-68771-0035,1580,0,0.0234,0.8341
6829-68771-0035,1995,0,0.1139,0.7988
6829-68771-0035,2094,0,-0.0482,0.7782
6829-68771-0035,237,0,0.0158,0.7228
6829-68771-0035,2961,0,0.1398,0.8019
6829-68771-0035,3570,0,0.0903,0.7045
6829-68771-0035,3575,0,0.0276,0.5828
6829-68771-0035,3729,0,0.0637,0.7977
6829-68771-0035,4446,0,-0.058,0.8249
6829-68771-0035,4507,0,0.1263,0.7089
6829-68771-0035,4970,0,-0.0813,0.5151
6829-68771-0035,4992,0,0.1076,0.7568
6829-68771-0035,5142,0,0.0979,0.6195
6829-68771-0035,5683,0,0.1424,0.7279
6829-68771-0035,6829,1,0.0558,0.6701
6829-68771-0035,8463,0,0.0238,0.7442
6829-68771-0035,8555,0,0.0961,0.5765
6930-75918-0009,1089,0,0.1517,0.8508
6930-75918-0009,1188,0,0.1705,0.8591
6930-75918-0009,1320,0,0.1931,0.7712
6930-75918-0009,2300,0,0.2151,0.5796
6930-75918-0009,260,0,0.1326,0.8971
6930-75918-0009,2830,0,0.1623,0.7893
6930-75918-0009,4077,0,0.0917,0.8344
6930-75918-0009,5105,0,0.0769,0.8016
6930-75918-0009,5639,0,0.1953,0.9153
6930-75918-0009,61,0,0.0593,0.8506
6930-75918-0009,672,0,0.2304,0.9038
6930-75918-0009,6930,1,-0.0078,0.8095
6930-75918-0009,7021,0,0.0875,0.7411
6930-75918-0009,7127,0,0.1464,0.7187
6930-75918-0009,7176,0,-0.0926,0.8376
6930-75918-0009,7729,0,0.125,0.865
6930-75918-0009,8224,0,0.1183,0.8003
6930-75918-0009,8230,0,0.0613,0.8461
6930-75918-0009,8455,0,0.1712,0.7791
6930-75918-0009,908,0,-0.019,0.8767
6930-75918-0015,1089,0,0.2302,0.8514
6930-75918-0015,1188,0,0.1347,0.8886
6930-75918-0015,1320,0,0.2055,0.7698
6930-75918-0015,2300,0,0.157,0.5266
6930-75918-0015,260,0,0.2097,0.9127
6930-75918-0015,2830,0,0.1953,0.8714
6930-75918-0015,4077,0,0.0373,0.8042
6930-75918-0015,5105,0,0.0718,0.7989
6930-75918-0015,5639,0,0.259,0.8827
6930-75918-0015,61,0,0.0964,0.8956
6930-75918-0015,672,0,0.2217,0.8829
6930-75918-0015,6930,1,0.1306,0.8351
6930-75918-0015,7021,0,0.0891,0.7128
6930-75918-0015,7127,0,0.1908,0.7326
6930-75918-0015,7176,0,-0.0233,0.9066
6930-75918-0015,7729,0,0.2271,0.8428
6930-75918-0015,8224,0,0.0439,0.7495
6930-75918-0015,8230,0,0.1635,0.9182
6930-75918-0015,8455,0,0.1393,0.7641
6930-75918-0015,908,0,-0.0007,0.8452
6930-75918-0018,1089,0,0.2004,0.7894
6930-75918-0018,1188,0,0.1972,0.842
6930-75918-0018,1320,0,0.1382,0.6741
6930-75918-0018,2300,0,0.192,0.3932
6930-75918-0018,260,0,0.0646,0.8662
6930-75918-0018,2830,0,0.1408,0.8271
6930-75918-0018,4077,0,0.088,0.7344
6930-75918-0018,5105,0,0.0126,0.7097
6930-75918-0018,5639,0,0.2081,0.9025
6930-75918-0018,61,0,0.0801,0.8194
6930-75918-0018,672,0,0.228,0.8491
6930-75918-0018,6930,1,-0.0323,0.7594
6930-75918-0018,7021,0,0.079,0.6091
6930-75918-0018,7127,0,0.1448,0.6429
6930-75918-0018,7176,0,-0.11,0.8373
6930-75918-0018,7729,0,0.1863,0.753
6930-75918-0018,8224,0,-0.0057,0.7729
6930-75918-0018,8230,0,0.1249,0.8704
6930-75918-0018,8455,0,0.1203,0.6669
6930-75918-0018,908,0,-0.1692,0.7854
6930-75918-0019,1089,0,0.1969,0.8396
6930-75918-0019,1188,0,0.134,0.8403
6930-75918-0019,1320,0,0.1153,0.7247
6930-75918-0019,2300,0,0.1422,0.4741
6930-75918-0019,260,0,0.0824,0.884
6930-75918-0019,2830,0,0.2463,0.8021
6930-75918-0019,4077,0,0.0513,0.7766
6930-75918-0019,5105,0,0.021,0.7575
6930-75918-0019,5639,0,0.2558,0.9225
6930-75918-0019,61,0,0.0001,0.8349
6930-75918-0019,672,0,0.2171,0.8971
6930-75918-0019,6930,1,-0.0107,0.7951
6930-75918-0019,7021,0,0.0547,0.6852
6930-75918-0019,7127,0,0.1589,0.6686
6930-75918-0019,7176,0,-0.074,0.8309
6930-75918-0019,7729,0,0.1341,0.7965
6930-75918-0019,8224,0,0.035,0.7853
6930-75918-0019,8230,0,0.1486,0.8677
6930-75918-0019,8455,0,0.0628,0.7187
6930-75918-0019,908,0,-0.0373,0.8546
6930-76324-0008,1089,0,0.2013,0.821
6930-76324-0008,1188,0,0.1689,0.8786
6930-76324-0008,1320,0,0.2263,0.7615
6930-76324-0008,2300,0,0.14,0.5178
6930-76324-0008,260,0,0.1556,0.9073
6930-76324-0008,2830,0,0.2316,0.8481
6930-76324-0008,4077,0,0.095,0.8047
6930-76324-0008,5105,0,0.1156,0.8091
6930-76324-0008,5639,0,0.1878,0.917
6930-76324-0008,61,0,0.1021,0.8819
6930-76324-0008,672,0,0.2161,0.8793
6930-76324-0008,6930,1,-0.0027,0.7918
6930-76324-0008,7021,0,0.1482,0.7185
6930-76324-0008,7127,0,0.1832,0.7183
6930-76324-0008,7176,0,0.0494,0.8734
6930-76324-0008,7729,0,0.2119,0.8687
6930-76324-0008,8224,0,0.0882,0.7781
6930-76324-0008,8230,0,0.1591,0.8737
6930-76324-0008,8455,0,0.1808,0.7267
6930-76324-0008,908,0,-0.0761,0.8603
6930-76324-0011,1089,0,0.155,0.7679
6930-76324-0011,1188,0,0.1537,0.8134
6930-76324-0011,1320,0,0.2039,0.656
6930-76324-0011,2300,0,0.1343,0.3796
6930-76324-0011,260,0,0.1314,0.8546
6930-76324-0011,2830,0,0.17,0.7915
6930-76324-0011,4077,0,0.046,0.72
6930-76324-0011,5105,0,0.0447,0.6901
6930-76324-0011,5639,0,0.2687,0.9
6930-76324-0011,61,0,-0.0078,0.8059
6930-76324-0011,672,0,0.3084,0.8448
6930-76324-0011,6930,1,0.124,0.7568
6930-76324-0011,7021,0,0.0534,0.5936
6930-76324-0011,7127,0,0.0807,0.6071
6930-76324-0011,7176,0,-0.0572,0.8219
6930-76324-0011,7729,0,0.1486,0.7388
6930-76324-0011,8224,0,0.082,0.7644
6930-76324-0011,8230,0,0.1221,0.8525
6930-76324-0011,8455,0,0.1958,0.6658
6930-76324-0011,908,0,-0.0661,0.7847
6930-76324-0025,1089,0,0.1974,0.7152
6930-76324-0025,1188,0,0.1732,0.774
6930-76324-0025,1320,0,0.1263,0.6279
6930-76324-0025,2300,0,0.0917,0.385
6930-76324-0025,260,0,0.2147,0.83
6930-76324-0025,2830,0,0.2617,0.7654
6930-76324-0025,4077,0,0.0461,0.6728
6930-76324-0025,5105,0,0.0397,0.6778
6930-76324-0025,5639,0,0.184,0.8731
6930-76324-0025,61,0,0.048,0.7716
6930-76324-0025,672,0,0.1366,0.8063
6930-76324-0025,6930,1,0.053,0.7372
6930-76324-0025,7021,0,0.0221,0.5979
6930-76324-0025,7127,0,0.175,0.5614
6930-76324-0025,7176,0,-0.0573,0.7535
6930-76324-0025,7729,0,0.1558,0.7313
6930-76324-0025,8224,0,0.0286,0.7442
6930-76324-0025,8230,0,0.0747,0.7789
6930-76324-0025,8455,0,0.0285,0.6151
6930-76324-0025,908,0,-0.0348,0.7851
6930-76324-0028,1089,0,0.2126,0.8079
6930-76324-0028,1188,0,0.1642,0.8508
6930-76324-0028,1320,0,0.1522,0.7082
6930-76324-0028,2300,0,0.1598,0.4562
6930-76324-0028,260,0,0.1284,0.8865
6930-76324-0028,2830,0,0.1943,0.8207
6930-76324-0028,4077,0,0.055,0.7737
6930-76324-0028,5105,0,0.0116,0.7404
6930-76324-0028,5639,0,0.2193,0.9204
6930-76324-0028,61,0,0.1364,0.8434
6930-76324-0028,672,0,0.1795,0.8672
6930-76324-0028,6930,1,0.0229,0.7773
6930-76324-0028,7021,0,0.0716,0.6562
6930-76324-0028,7127,0,0.093,0.6656
6930-76324-0028,7176,0,-0.0242,0.847
6930-76324-0028,7729,0,0.2967,0.8105
6930-76324-0028,8224,0,0.0727,0.7677
6930-76324-0028,8230,0,0.1938,0.8653
6930-76324-0028,8455,0,0.076,0.7026
6930-76324-0028,908,0,-0.1124,0.8304
6930-81414-0011,1089,0,0.303,0.8826
6930-81414-0011,1188,0,0.1764,0.92
6930-81414-0011,1320,0,0.0849,0.8284
6930-81414-0011,2300,0,0.2052,0.6294
6930-81414-0011,260,0,0.1761,0.9462
6930-81414-0011,2830,0,0.1788,0.8808
6930-81414-0011,4077,0,0.0351,0.8502
6930-81414-0011,5105,0,-0.0408,0.8472
6930-81414-0011,5639,0,0.1725,0.877
6930-81414-0011,61,0,0.155,0.891
6930-81414-0011,672,0,0.2817,0.907
6930-81414-0011,6930,1,-0.0626,0.8682
6930-81414-0011,7021,0,0.0063,0.7862
6930-81414-0011,7127,0,0.1914,0.7911
6930-81414-0011,7176,0,-0.0982,0.906
6930-81414-0011,7729,0,0.1931,0.862
6930-81414-0011,8224,0,-0.0186,0.7644
6930-81414-0011,8230,0,0.1145,0.9071
6930-81414-0011,8455,0,0.0975,0.8309
6930-81414-0011,908,0,-0.0246,0.8682
6930-81414-0023,1089,0,0.1433,0.8018
6930-81414-0023,1188,0,0.1189,0.8494
6930-81414-0023,1320,0,0.1115,0.6909
6930-81414-0023,2300,0,0.1601,0.4255
6930-81414-0023,260,0,0.0022,0.8569
6930-81414-0023,2830,0,0.1762,0.8326
6930-81414-0023,4077,0,0.1018,0.7278
6930-81414-0023,5105,0,0.0902,0.7551
6930-81414-0023,5639,0,0.3182,0.9315
6930-81414-0023,61,0,0.1248,0.8195
6930-81414-0023,672,0,0.1958,0.8594
6930-81414-0023,6930,1,-0.0045,0.7474
6930-81414-0023,7021,0,0.0875,0.6653
6930-81414-0023,7127,0,0.0678,0.6587
6930-81414-0023,7176,0,0.0719,0.8199
6930-81414-0023,7729,0,0.2484,0.7914
6930-81414-0023,8224,0,-0.0124,0.7797
6930-81414-0023,8230,0,0.1569,0.8715
6930-81414-0023,8455,0,-0.0044,0.648
6930-81414-0023,908,0,-0.0581,0.8082
7021-79730-0006,1089,0,0.2451,0.8804
7021-79730-0006,1188,0,0.165,0.8794
7021-79730-0006,1320,0,0.0977,0.7911
7021-79730-0006,2300,0,0.2174,0.5775
7021-79730-0006,260,0,0.1395,0.9104
7021-79730-0006,2830,0,0.203,0.8334
7021-79730-0006,4077,0,0.072,0.8377
7021-79730-0006,5105,0,0.011,0.8062
7021-79730-0006,5639,0,0.244,0.9147
7021-79730-0006,61,0,0.09,0.8523
7021-79730-0006,672,0,0.1772,0.9229
7021-79730-0006,6930,0,0.0182,0.8279
7021-79730-0006,7021,1,0.1301,0.7454
7021-79730-0006,7127,0,0.2838,0.7522
7021-79730-0006,7176,0,-0.0542,0.8512
7021-79730-0006,7729,0,0.1639,0.8386
7021-79730-0006,8224,0,0.0706,0.782
7021-79730-0006,8230,0,0.1428,0.8813
7021-79730-0006,8455,0,0.1525,0.799
7021-79730-0006,908,0,-0.1309,0.8654
7021-79730-0009,1089,0,0.2422,0.8316
7021-79730-0009,1188,0,0.2483,0.8462
7021-79730-0009,1320,0,0.1507,0.7164
7021-79730-0009,2300,0,0.2412,0.4617
7021-79730-0009,260,0,0.1216,0.8792
7021-79730-0009,2830,0,0.2355,0.8133
7021-79730-0009,4077,0,0.1465,0.7996
7021-79730-0009,5105,0,0.0215,0.7601
7021-79730-0009,5639,0,0.2701,0.9421
7021-79730-0009,61,0,0.137,0.8424
7021-79730-0009,672,0,0.2374,0.8888
7021-79730-0009,6930,0,0.0005,0.7796
7021-79730-0009,7021,1,0.0942,0.6704
7021-79730-0009,7127,0,0.1914,0.6901
7021-79730-0009,7176,0,-0.1198,0.8444
7021-79730-0009,7729,0,0.1221,0.8148
7021-79730-0009,8224,0,0.1118,0.8005
7021-79730-0009,8230,0,0.1085,0.868
7021-79730-0009,8455,0,0.1882,0.7056
7021-79730-0009,908,0,-0.1139,0.8374
7021-79740-0001,1089,0,0.1451,0.7378
7021-79740-0001,1188,0,0.1529,0.7561
7021-79740-0001,1320,0,0.0945,0.6602
7021-79740-0001,2300,0,0.1997,0.4157
7021-79740-0001,260,0,0.0967,0.772
7021-79740-0001,2830,0,0.1808,0.7336
7021-79740-0001,4077,0,0.0449,0.6433
7021-79740-0001,5105,0,0.0224,0.7051
7021-79740-0001,5639,0,0.1797,0.864
7021-79740-0001,61,0,0.0557,0.7077
7021-79740-0001,672,0,0.2865,0.8363
7021-79740-0001,6930,0,-0.0516,0.7282
7021-79740-0001,7021,1,0.1185,0.6292
7021-79740-0001,7127,0,0.2206,0.5855
7021-79740-0001,7176,0,-0.0716,0.6966
7021-79740-0001,7729,0,0.1574,0.6528
7021-79740-0001,8224,0,0.1166,0.8318
7021-79740-0001,8230,0,0.07,0.751
7021-79740-0001,8455,0,0.1573,0.6321
7021-79740-0001,908,0,-0.133,0.7571
7021-79740-0002,1089,0,0.1835,0.8631
7021-79740-0002,1188,0,0.1417,0.8609
7021-79740-0002,1320,0,0.0686,0.7757
7021-79740-0002,2300,0,0.166,0.562
7021-79740-0002,260,0,0.1164,0.8996
7021-79740-0002,2830,0,0.212,0.7999
7021-79740-0002,4077,0,0.074,0.8602
7021-79740-0002,5105,0,0.0249,0.7934
7021-79740-0002,5639,0,0.2471,0.9386
7021-79740-0002,61,0,0.0228,0.8354
7021-79740-0002,672,0,0.182,0.9072
7021-79740-0002,6930,0,-0.0369,0.7923
7021-79740-0002,7021,1,0.0627,0.7268
7021-79740-0002,7127,0,0.2425,0.7496
7021-79740-0002,7176,0,-0.122,0.8403
7021-79740-0002,7729,0,0.1527,0.853
7021-79740-0002,8224,0,0.0185,0.7878
7021-79740-0002,8230,0,0.0712,0.8458
7021-79740-0002,8455,0,0.0632,0.7716
7021-79740-0002,908,0,-0.1274,0.8693
7021-79740-0003,1089,0,0.1944,0.8447
7021-79740-0003,1188,0,0.1625,0.8593
7021-79740-0003,1320,0,0.2356,0.7784
7021-79740-0003,2300,0,0.1696,0.5459
7021-79740-0003,260,0,0.1838,0.9085
7021-79740-0003,2830,0,0.2349,0.7949
7021-79740-0003,4077,0,0.091,0.8223
7021-79740-0003,5105,0,0.1009,0.8122
7021-79740-0003,5639,0,0.163,0.9255
7021-79740-0003,61,0,0.0261,0.8277
7021-79740-0003,672,0,0.2926,0.9188
7021-79740-0003,6930,0,0.0292,0.8015
7021-79740-0003,7021,1,0.1139,0.7394
7021-79740-0003,7127,0,0.2412,0.7181
7021-79740-0003,7176,0,-0.0588,0.8333
7021-79740-0003,7729,0,0.1691,0.8066
7021-79740-0003,8224,0,0.0625,0.8348
7021-79740-0003,8230,0,0.0138,0.834
7021-79740-0003,8455,0,0.26,0.7648
7021-79740-0003,908,0,-0.0734,0.8645
7021-79740-0004,1089,0,0.1294,0.8249
7021-79740-0004,1188,0,0.1016,0.8268
7021-79740-0004,1320,0,0.0744,0.7173
7021-79740-0004,2300,0,0.2091,0.487
7021-79740-0004,260,0,0.145,0.8638
7021-79740-0004,2830,0,0.1615,0.7733
7021-79740-0004,4077,0,0.0229,0.7676
7021-79740-0004,5105,0,-0.0594,0.7402
7021-79740-0004,5639,0,0.2222,0.9064
7021-79740-0004,61,0,0.0393,0.8081
7021-79740-0004,672,0,0.1941,0.8917
7021-79740-0004,6930,0,-0.0661,0.785
7021-79740-0004,7021,1,-0.0114,0.6727
7021-79740-0004,7127,0,0.2673,0.6531
7021-79740-0004,7176,0,-0.1357,0.8002
7021-79740-0004,7729,0,0.1134,0.7785
7021-79740-0004,8224,0,0.0309,0.8178
7021-79740-0004,8230,0,0.0524,0.8344
7021-79740-0004,8455,0,0.1295,0.7245
7021-79740-0004,908,0,-0.1308,0.8408
7021-79759-0003,1089,0,0.1453,0.7026
7021-79759-0003,1188,0,0.206,0.7128
7021-79759-0003,1320,0,0.1876,0.6388
7021-79759-0003,2300,0,0.2658,0.424
7021-79759-0003,260,0,0.0932,0.7507
7021-79759-0003,2830,0,0.1385,0.6453
7021-79759-0003,4077,0,0.1041,0.6407
7021-79759-0003,5105,0,0.0327,0.6767
7021-79759-0003,5639,0,0.1907,0.843
7021-79759-0003,61,0,0.0897,0.6611
7021-79759-0003,672,0,0.2906,0.817
7021-79759-0003,6930,0,-0.0091,0.6939
7021-79759-0003,7021,1,0.1292,0.6189
7021-79759-0003,7127,0,0.1853,0.5377
7021-79759-0003,7176,0,-0.0728,0.6425
7021-79759-0003,7729,0,0.0757,0.6426
7021-79759-0003,8224,0,0.0958,0.8228
7021-79759-0003,8230,0,0.0395,0.6758
7021-79759-0003,8455,0,0.1977,0.6383
7021-79759-0003,908,0,-0.1086,0.76
7021-79759-0005,1089,0,0.2727,0.8893
7021-79759-0005,1188,0,0.2072,0.9121
7021-79759-0005,1320,0,0.2312,0.8406
7021-79759-0005,2300,0,0.1805,0.6327
7021-79759-0005,260,0,0.0905,0.9314
7021-79759-0005,2830,0,0.254,0.8535
7021-79759-0005,4077,0,0.0691,0.8846
7021-79759-0005,5105,0,0.1515,0.8637
7021-79759-0005,5639,0,0.2245,0.922
7021-79759-0005,61,0,0.1269,0.8716
7021-79759-0005,672,0,0.1869,0.9336
7021-79759-0005,6930,0,-0.014,0.8347
7021-79759-0005,7021,1,0.1503,0.7935
7021-79759-0005,7127,0,0.2402,0.812
7021-79759-0005,7176,0,-0.0191,0.8737
7021-79759-0005,7729,0,0.263,0.883
7021-79759-0005,8224,0,0.0627,0.8084
7021-79759-0005,8230,0,0.1551,0.8712
7021-79759-0005,8455,0,0.1382,0.8278
7021-79759-0005,908,0,-0.0913,0.8851
7021-85628-0008,1089,0,0.2404,0.9006
7021-85628-0008,1188,0,0.1811,0.9077
7021-85628-0008,1320,0,0.1458,0.8244
7021-85628-0008,2300,0,0.1656,0.632
7021-85628-0008,260,0,0.0822,0.9155
7021-85628-0008,2830,0,0.2295,0.8547
7021-85628-0008,4077,0,0.0284,0.856
7021-85628-0008,5105,0,0.0536,0.8457
7021-85628-0008,5639,0,0.245,0.9124
7021-85628-0008,61,0,0.0253,0.8794
7021-85628-0008,672,0,0.2192,0.9335
7021-85628-0008,6930,0,-0.0125,0.8267
7021-85628-0008,7021,1,0.1357,0.7913
7021-85628-0008,7127,0,0.3062,0.7868
7021-85628-0008,7176,0,-0.0721,0.8658
7021-85628-0008,7729,0,0.1915,0.8912
7021-85628-0008,8224,0,0.1126,0.7971
7021-85628-0008,8230,0,0.0527,0.8872
7021-85628-0008,8455,0,0.1546,0.8072
7021-85628-0008,908,0,-0.0152,0.8944
7021-85628-0009,1089,0,0.2178,0.8215
7021-85628-0009,1188,0,0.1826,0.8522
7021-85628-0009,1320,0,0.1934,0.725
7021-85628-0009,2300,0,0.2114,0.4629
7021-85628-0009,260,0,0.1417,0.884
7021-85628-0009,2830,0,0.2255,0.8265
7021-85628-0009,4077,0,0.0129,0.7817
7021-85628-0009,5105,0,0.1074,0.768
7021-85628-0009,5639,0,0.2879,0.9324
7021-85628-0009,61,0,0.0286,0.8432
7021-85628-0009,672,0,0.3321,0.889
7021-85628-0009,6930,0,0.0027,0.7923
7021-85628-0009,7021,1,0.1802,0.6769
7021-85628-0009,7127,0,0.2943,0.6842
7021-85628-0009,7176,0,-0.0578,0.842
7021-85628-0009,7729,0,0.1563,0.814
7021-85628-0009,8224,0,0.1026,0.798
7021-85628-0009,8230,0,0.1506,0.8683
7021-85628-0009,8455,0,0.1754,0.7122
7021-85628-0009,908,0,-0.0543,0.8412
7127-75946-0002,1089,0,0.2404,0.8199
7127-75946-0002,1188,0,0.1858,0.8353
7127-75946-0002,1320,0,0.0258,0.6884
7127-75946-0002,2300,0,0.1982,0.4304
7127-75946-0002,260,0,0.0694,0.8673
7127-75946-0002,2830,0,0.2179,0.7936
7127-75946-0002,4077,0,0.0878,0.7672
7127-75946-0002,5105,0,-0.0022,0.7245
7127-75946-0002,5639,0,0.2397,0.9166
7127-75946-0002,61,0,0.0803,0.8282
7127-75946-0002,672,0,0.1107,0.8798
7127-75946-0002,6930,0,-0.0552,0.7563
7127-75946-0002,7021,0,0.0568,0.6352
7127-75946-0002,7127,1,0.3206,0.6497
7127-75946-0002,7176,0,-0.1127,0.8366
7127-75946-0002,7729,0,0.1548,0.7695
7127-75946-0002,8224,0,0.0744,0.8031
7127-75946-0002,8230,0,0.144,0.8691
7127-75946-0002,8455,0,0.1529,0.692
7127-75946-0002,908,0,-0.1326,0.812
7127-75946-0004,1089,0,0.1452,0.8966
7127-75946-0004,1188,0,0.1116,0.8997
7127-75946-0004,1320,0,0.1164,0.8631
7127-75946-0004,2300,0,0.1603,0.6858
7127-75946-0004,260,0,0.0526,0.9318
7127-75946-0004,2830,0,0.0967,0.8427
7127-75946-0004,4077,0,0.1097,0.9128
7127-75946-0004,5105,0,0.0752,0.876
7127-75946-0004,5639,0,0.0798,0.9088
7127-75946-0004,61,0,0.0976,0.871
7127-75946-0004,672,0,0.0765,0.9144
7127-75946-0004,6930,0,-0.0253,0.831
7127-75946-0004,7021,0,0.0361,0.8283
7127-75946-0004,7127,1,0.2541,0.8445
7127-75946-0004,7176,0,-0.0025,0.8683
7127-75946-0004,7729,0,0.1814,0.9179
7127-75946-0004,8224,0,0.0254,0.7427
7127-75946-0004,8230,0,0.0377,0.8511
7127-75946-0004,8455,0,0.1798,0.839
7127-75946-0004,908,0,-0.0248,0.906
7127-75946-0012,1089,0,0.2251,0.8107
7127-75946-0012,1188,0,0.1939,0.8492
7127-75946-0012,1320,0,0.1653,0.7022
7127-75946-0012,2300,0,0.1782,0.4589
7127-75946-0012,260,0,0.153,0.8672
7127-75946-0012,2830,0,0.2058,0.7976
7127-75946-0012,4077,0,0.0666,0.7762
7127-75946-0012,5105,0,0.0168,0.7466
7127-75946-0012,5639,0,0.2456,0.9259
7127-75946-0012,61,0,0.016,0.8229
7127-75946-0012,672,0,0.2368,0.8684
7127-75946-0012,6930,0,-0.0542,0.7446
7127-75946-0012,7021,0,0.0503,0.6669
7127-75946-0012,7127,1,0.2373,0.6687
7127-75946-0012,7176,0,-0.0594,0.8309
7127-75946-0012,7729,0,0.2591,0.8234
7127-75946-0012,8224,0,0.0839,0.7923
7127-75946-0012,8230,0,0.0848,0.8451
7127-75946-0012,8455,0,0.1431,0.6811
7127-75946-0012,908,0,-0.0482,0.8375
7127-75946-0024,1089,0,0.2221,0.7833
7127-75946-0024,1188,0,0.2194,0.8502
7127-75946-0024,1320,0,0.0987,0.6751
7127-75946-0024,2300,0,0.2379,0.4561
7127-75946-0024,260,0,0.0894,0.8814
7127-75946-0024,2830,0,0.295,0.8137
7127-75946-0024,4077,0,0.0893,0.7287
7127-75946-0024,5105,0,0.0708,0.7042
7127-75946-0024,5639,0,0.1766,0.8491
7127-75946-0024,61,0,0.1466,0.8428
7127-75946-0024,672,0,0.1417,0.827
7127-75946-0024,6930,0,-0.0125,0.765
7127-75946-0024,7021,0,0.0895,0.6356
7127-75946-0024,7127,1,0.1481,0.6298
7127-75946-0024,7176,0,0.0965,0.8493
7127-75946-0024,7729,0,0.2254,0.7716
7127-75946-0024,8224,0,0.1027,0.7188
7127-75946-0024,8230,0,0.1909,0.8742
7127-75946-0024,8455,0,0.1188,0.7026
7127-75946-0024,908,0,0.0052,0.7889
7127-75947-0001,1089,0,0.2195,0.8557
7127-75947-0001,1188,0,0.1955,0.8726
7127-75947-0001,1320,0,0.1992,0.7678
7127-75947-0001,2300,0,0.2328,0.5216
7127-75947-0001,260,0,0.1104,0.9035
7127-75947-0001,2830,0,0.1927,0.8544
7127-75947-0001,4077,0,0.1412,0.8188
7127-75947-0001,5105,0,0.0847,0.8025
7127-75947-0001,5639,0,0.3219,0.9299
7127-75947-0001,61,0,0.115,0.8646
7127-75947-0001,672,0,0.2826,0.9058
7127-75947-0001,6930,0,-0.0009,0.8183
7127-75947-0001,7021,0,0.1427,0.7192
7127-75947-0001,7127,1,0.1895,0.7369
7127-75947-0001,7176,0,-0.0625,0.8622
7127-75947-0001,7729,0,0.2088,0.8517
7127-75947-0001,8224,0,0.0778,0.7661
7127-75947-0001,8230,0,0.131,0.8878
7127-75947-0001,8455,0,0.1676,0.7492
7127-75947-0001,908,0,-0.1657,0.8608
7127-75947-0007,1089,0,0.1167,0.8218
7127-75947-0007,1188,0,0.2311,0.8312
7127-75947-0007,1320,0,0.1447,0.7469
7127-75947-0007,2300,0,0.2012,0.5673
7127-75947-0007,260,0,0.1912,0.9016
7127-75947-0007,2830,0,0.1686,0.7784
7127-75947-0007,4077,0,0.1041,0.8881
7127-75947-0007,5105,0,0.0639,0.7803
7127-75947-0007,5639,0,0.281,0.9223
7127-75947-0007,61,0,0.0159,0.8619
7127-75947-0007,672,0,0.2113,0.8795
7127-75947-0007,6930,0,0.0912,0.7654
7127-75947-0007,7021,0,0.1983,0.7167
7127-75947-0007,7127,1,0.2344,0.7352
7127-75947-0007,7176,0,-0.0645,0.8641
7127-75947-0007,7729,0,0.1826,0.8835
7127-75947-0007,8224,0,0.0889,0.7372
7127-75947-0007,8230,0,0.0506,0.8173
7127-75947-0007,8455,0,0.2122,0.7474
7127-75947-0007,908,0,-0.0679,0.8622
7127-75947-0023,1089,0,0.0731,0.7486
7127-75947-0023,1188,0,0.0591,0.759
7127-75947-0023,1320,0,0.1197,0.6605
7127-75947-0023,2300,0,0.2121,0.4238
7127-75947-0023,260,0,0.1304,0.8016
7127-75947-0023,2830,0,0.0203,0.7031
7127-75947-0023,4077,0,0.0416,0.7106
7127-75947-0023,5105,0,-0.0265,0.6826
7127-75947-0023,5639,0,0.185,0.8855
7127-75947-0023,61,0,0.0605,0.711
7127-75947-0023,672,0,0.2335,0.8338
7127-75947-0023,6930,0,0.0167,0.721
7127-75947-0023,7021,0,0.061,0.6127
7127-75947-0023,7127,1,0.1903,0.5939
7127-75947-0023,7176,0,-0.1191,0.6957
7127-75947-0023,7729,0,0.1677,0.7159
7127-75947-0023,8224,0,0.073,0.7799
7127-75947-0023,8230,0,0.0454,0.7342
7127-75947-0023,8455,0,0.1328,0.6618
7127-75947-0023,908,0,-0.0871,0.7833
7127-75947-0025,1089,0,0.2144,0.7973
7127-75947-0025,1188,0,0.2101,0.847
7127-75947-0025,1320,0,0.1359,0.7259
7127-75947-0025,2300,0,0.2112,0.4932
7127-75947-0025,260,0,0.1477,0.8922
7127-75947-0025,2830,0,0.2212,0.831
7127-75947-0025,4077,0,0.1162,0.8008
7127-75947-0025,5105,0,0.0642,0.7785
7127-75947-0025,5639,0,0.2905,0.9294
7127-75947-0025,61,0,0.0973,0.8486
7127-75947-0025,672,0,0.2265,0.8629
7127-75947-0025,6930,0,0.0007,0.813
7127-75947-0025,7021,0,0.0454,0.68
7127-75947-0025,7127,1,0.2052,0.698
7127-75947-0025,7176,0,-0.076,0.847
7127-75947-0025,7729,0,0.1713,0.8155
7127-75947-0025,8224,0,0.0601,0.8108
7127-75947-0025,8230,0,0.1574,0.8461
7127-75947-0025,8455,0,0.1874,0.7195
7127-75947-0025,908,0,-0.1506,0.816
7127-75947-0033,1089,0,0.0661,0.8151
7127-75947-0033,1188,0,0.0751,0.8351
7127-75947-0033,1320,0,0.0835,0.7181
7127-75947-0033,2300,0,0.2027,0.4603
7127-75947-0033,260,0,0.1227,0.8601
7127-75947-0033,2830,0,0.1138,0.7952
7127-75947-0033,4077,0,-0.0166,0.7696
7127-75947-0033,5105,0,-0.054,0.7527
7127-75947-0033,5639,0,0.2768,0.9352
7127-75947-0033,61,0,0.0037,0.8055
7127-75947-0033,672,0,0.2107,0.883
7127-75947-0033,6930,0,-0.0379,0.7793
7127-75947-0033,7021,0,0.0436,0.6621
7127-75947-0033,7127,1,0.207,0.6728
7127-75947-0033,7176,0,-0.1106,0.8142
7127-75947-0033,7729,0,0.2028,0.7801
7127-75947-0033,8224,0,0.0532,0.8366
7127-75947-0033,8230,0,0.0223,0.8396
7127-75947-0033,8455,0,0.063,0.7044
7127-75947-0033,908,0,-0.1012,0.8248
7127-75947-0040,1089,0,0.2002,0.8773
7127-75947-0040,1188,0,0.1946,0.8722
7127-75947-0040,1320,0,0.1515,0.7804
7127-75947-0040,2300,0,0.1725,0.5467
7127-75947-0040,260,0,0.0793,0.9038
7127-75947-0040,2830,0,0.1982,0.8311
7127-75947-0040,4077,0,0.0934,0.8505
7127-75947-0040,5105,0,0.0161,0.7987
7127-75947-0040,5639,0,0.2513,0.9267
7127-75947-0040,61,0,0.0908,0.8632
7127-75947-0040,672,0,0.2223,0.9129
7127-75947-0040,6930,0,-0.0289,0.8266
7127-75947-0040,7021,0,0.0277,0.7156
7127-75947-0040,7127,1,0.2196,0.7567
7127-75947-0040,7176,0,-0.0354,0.8648
7127-75947-0040,7729,0,0.2045,0.843
7127-75947-0040,8224,0,0.1616,0.7789
7127-75947-0040,8230,0,0.1079,0.8954
7127-75947-0040,8455,0,0.1791,0.7891
7127-75947-0040,908,0,-0.0884,0.8531
7176-88083-0000,1089,0,0.1447,0.7995
7176-88083-0000,1188,0,0.109,0.8795
7176-88083-0000,1320,0,0.1236,0.742
7176-88083-0000,2300,0,0.12,0.5067
7176-88083-0000,260,0,0.0567,0.9072
7176-88083-0000,2830,0,0.2496,0.8449
7176-88083-0000,4077,0,0.0656,0.7537
7176-88083-0000,5105,0,-0.0069,0.7769
7176-88083-0000,5639,0,0.1916,0.8704
7176-88083-0000,61,0,0.0387,0.8591
7176-88083-0000,672,0,0.1114,0.8699
7176-88083-0000,6930,0,-0.0415,0.8203
7176-88083-0000,7021,0,0.0538,0.6896
7176-88083-0000,7127,0,0.1355,0.6759
7176-88083-0000,7176,1,-0.0068,0.8808
7176-88083-0000,7729,0,0.114,0.7703
7176-88083-0000,8224,0,0.129,0.8295
7176-88083-0000,8230,0,0.1496,0.8778
7176-88083-0000,8455,0,0.0654,0.7479
7176-88083-0000,908,0,-0.0709,0.8165
7176-88083-0003,1089,0,0.1622,0.7523
7176-88083-0003,1188,0,0.1507,0.8207
7176-88083-0003,1320,0,0.1408,0.6392
7176-88083-0003,2300,0,0.1565,0.3481
7176-88083-0003,260,0,0.116,0.8282
7176-88083-0003,2830,0,0.2376,0.8114
7176-88083-0003,4077,0,0.006,0.677
7176-88083-0003,5105,0,0.0101,0.6839
7176-88083-0003,5639,0,0.2528,0.8884
7176-88083-0003,61,0,-0.0084,0.7808
7176-88083-0003,672,0,0.216,0.8247
7176-88083-0003,6930,0,0.0258,0.7379
7176-88083-0003,7021,0,0.0346,0.5794
7176-88083-0003,7127,0,0.1185,0.6009
7176-88083-0003,7176,1,-0.0809,0.8031
7176-88083-0003,7729,0,0.1179,0.7128
7176-88083-0003,8224,0,0.0915,0.7691
7176-88083-0003,8230,0,0.1166,0.8475
7176-88083-0003,8455,0,0.1159,0.628
7176-88083-0003,908,0,-0.0715,0.7538
7176-88083-0009,1089,0,0.2547,0.8146
7176-88083-0009,1188,0,0.2073,0.8526
7176-88083-0009,1320,0,0.1197,0.6957
7176-88083-0009,2300,0,0.1244,0.4138
7176-88083-0009,260,0,0.047,0.8607
7176-88083-0009,2830,0,0.2045,0.8294
7176-88083-0009,4077,0,0.2325,0.7832
7176-88083-0009,5105,0,0.1059,0.7353
7176-88083-0009,5639,0,0.257,0.9259
7176-88083-0009,61,0,0.0862,0.834
7176-88083-0009,672,0,0.2291,0.8526
7176-88083-0009,6930,0,-0.0178,0.7299
7176-88083-0009,7021,0,0.0462,0.6288
7176-88083-0009,7127,0,0.1801,0.6962
7176-88083-0009,7176,1,0.0371,0.8611
7176-88083-0009,7729,0,0.3498,0.8085
7176-88083-0009,8224,0,0.0451,0.7429
7176-88083-0009,8230,0,0.2041,0.8864
7176-88083-0009,8455,0,0.0931,0.6653
7176-88083-0009,908,0,-0.0517,0.7907
7176-88083-0025,1089,0,0.24,0.7623
7176-88083-0025,1188,0,0.2109,0.8141
7176-88083-0025,1320,0,0.2666,0.6455
7176-88083-0025,2300,0,0.2409,0.3922
7176-88083-0025,260,0,0.156,0.859
7176-88083-0025,2830,0,0.2074,0.7943
7176-88083-0025,4077,0,0.1069,0.7287
7176-88083-0025,5105,0,0.039,0.7161
7176-88083-0025,5639,0,0.2858,0.916
7176-88083-0025,61,0,0.1385,0.8551
7176-88083-0025,672,0,0.2567,0.8375
7176-88083-0025,6930,0,-0.0037,0.7334
7176-88083-0025,7021,0,0.0861,0.6273
7176-88083-0025,7127,0,0.1478,0.6005
7176-88083-0025,7176,1,-0.0064,0.8512
7176-88083-0025,7729,0,0.1659,0.784
7176-88083-0025,8224,0,0.0439,0.78
7176-88083-0025,8230,0,0.0908,0.8532
7176-88083-0025,8455,0,0.1418,0.6215
7176-88083-0025,908,0,-0.0494,0.8175
7176-88083-0026,1089,0,0.261,0.7992
7176-88083-0026,1188,0,0.1598,0.7961
7176-88083-0026,1320,0,0.1584,0.6771
7176-88083-0026,2300,0,0.2104,0.3917
7176-88083-0026,260,0,0.1128,0.8165
7176-88083-0026,2830,0,0.2232,0.7694
7176-88083-0026,4077,0,0.0195,0.7243
7176-88083-0026,5105,0,0.0036,0.7092
7176-88083-0026,5639,0,0.282,0.9203
7176-88083-0026,61,0,0.0497,0.7559
7176-88083-0026,672,0,0.2462,0.864
7176-88083-0026,6930,0,-0.0019,0.7461
7176-88083-0026,7021,0,0.0581,0.6116
7176-88083-0026,7127,0,0.2097,0.6364
7176-88083-0026,7176,1,-0.1619,0.7561
7176-88083-0026,7729,0,0.1507,0.7098
7176-88083-0026,8224,0,0.0536,0.8145
7176-88083-0026,8230,0,0.1394,0.8243
7176-88083-0026,8455,0,0.1947,0.6633
7176-88083-0026,908,0,-0.1462,0.7759
7176-92135-0005,1089,0,0.1979,0.8267
7176-92135-0005,1188,0,0.1604,0.8609
7176-92135-0005,1320,0,0.1664,0.738
7176-92135-0005,2300,0,0.1125,0.4961
7176-92135-0005,260,0,0.0406,0.9042
7176-92135-0005,2830,0,0.134,0.8154
7176-92135-0005,4077,0,0.0749,0.7839
7176-92135-0005,5105,0,0.0357,0.761
7176-92135-0005,5639,0,0.1205,0.8872
7176-92135-0005,61,0,0.0039,0.8439
7176-92135-0005,672,0,0.1349,0.8905
7176-92135-0005,6930,0,-0.0238,0.8219
7176-92135-0005,7021,0,0.0231,0.6822
7176-92135-0005,7127,0,0.1768,0.6784
7176-92135-0005,7176,1,-0.0789,0.8636
7176-92135-0005,7729,0,0.1296,0.7736
7176-92135-0005,8224,0,0.0713,0.7955
7176-92135-0005,8230,0,0.0868,0.8701
7176-92135-0005,8455,0,0.2395,0.7627
7176-92135-0005,908,0,-0.0844,0.8283
7176-92135-0006,1089,0,0.2571,0.8132
7176-92135-0006,1188,0,0.1728,0.8683
7176-92135-0006,1320,0,0.1765,0.6964
7176-92135-0006,2300,0,0.1355,0.4428
7176-92135-0006,260,0,0.0871,0.8887
7176-92135-0006,2830,0,0.2319,0.8468
7176-92135-0006,4077,0,0.0594,0.7558
7176-92135-0006,5105,0,0.0449,0.7244
7176-92135-0006,5639,0,0.1513,0.8849
7176-92135-0006,61,0,0.0501,0.8352
7176-92135-0006,672,0,0.0773,0.8464
7176-92135-0006,6930,0,-0.0559,0.7698
7176-92135-0006,7021,0,0.0436,0.6462
7176-92135-0006,7127,0,0.2476,0.6728
7176-92135-0006,7176,1,-0.0058,0.8607
7176-92135-0006,7729,0,0.1902,0.7797
7176-92135-0006,8224,0,0.0874,0.731
7176-92135-0006,8230,0,0.1774,0.8888
7176-92135-0006,8455,0,0.0561,0.696
7176-92135-0006,908,0,-0.03,0.7983
7176-92135-0009,1089,0,0.0954,0.6708
7176-92135-0009,1188,0,0.0353,0.6953
7176-92135-0009,1320,0,0.1096,0.5666
7176-92135-0009,2300,0,0.165,0.3177
7176-92135-0009,260,0,0.1095,0.7329
7176-92135-0009,2830,0,0.0674,0.645
7176-92135-0009,4077,0,0.0479,0.5673
7176-92135-0009,5105,0,0.0183,0.5957
7176-92135-0009,5639,0,0.1399,0.8117
7176-92135-0009,61,0,-0.0174,0.6483
7176-92135-0009,672,0,0.2212,0.7749
7176-92135-0009,6930,0,-0.1222,0.6643
7176-92135-0009,7021,0,0.0452,0.5321
7176-92135-0009,7127,0,0.1175,0.4658
7176-92135-0009,7176,1,-0.1416,0.6401
7176-92135-0009,7729,0,0.126,0.5871
7176-92135-0009,8224,0,-0.0029,0.7626
7176-92135-0009,8230,0,-0.0333,0.6988
7176-92135-0009,8455,0,0.1075,0.5789
7176-92135-0009,908,0,-0.0864,0.7157
7176-92135-0022,1089,0,0.1757,0.8462
7176-92135-0022,1188,0,0.1573,0.8735
7176-92135-0022,1320,0,0.1217,0.7356
7176-92135-0022,2300,0,0.1571,0.4781
7176-92135-0022,260,0,0.0242,0.8969
7176-92135-0022,2830,0,0.1747,0.8347
7176-92135-0022,4077,0,0.0026,0.7825
7176-92135-0022,5105,0,-0.0631,0.7613
7176-92135-0022,5639,0,0.1868,0.9044
7176-92135-0022,61,0,-0.0031,0.8507
7176-92135-0022,672,0,0.1582,0.8886
7176-92135-0022,6930,0,-0.0008,0.7859
7176-92135-0022,7021,0,0.0409,0.6839
7176-92135-0022,7127,0,0.211,0.6946
7176-92135-0022,7176,1,-0.1335,0.8629
7176-92135-0022,7729,0,0.1253,0.8064
7176-92135-0022,8224,0,0.0068,0.7581
7176-92135-0022,8230,0,0.0816,0.8927
7176-92135-0022,8455,0,0.096,0.7309
7176-92135-0022,908,0,-0.1465,0.8418
7176-92135-0042,1089,0,0.1297,0.7535
7176-92135-0042,1188,0,0.1682,0.7977
7176-92135-0042,1320,0,0.0795,0.6237
7176-92135-0042,2300,0,0.0999,0.3445
7176-92135-0042,260,0,-0.0346,0.8266
7176-92135-0042,2830,0,0.1093,0.7762
7176-92135-0042,4077,0,-0.0003,0.6738
7176-92135-0042,5105,0,-0.0538,0.6551
7176-92135-0042,5639,0,0.2171,0.8578
7176-92135-0042,61,0,0.0235,0.7797
7176-92135-0042,672,0,0.1665,0.8239
7176-92135-0042,6930,0,-0.0393,0.7392
7176-92135-0042,7021,0,0.0296,0.557
7176-92135-0042,7127,0,0.0547,0.5692
7176-92135-0042,7176,1,-0.1724,0.7969
7176-92135-0042,7729,0,0.032,0.6843
7176-92135-0042,8224,0,0.0247,0.7541
7176-92135-0042,8230,0,0.1414,0.8502
7176-92135-0042,8455,0,0.1189,0.6496
7176-92135-0042,908,0,-0.129,0.7388
7729-102255-0012,1089,0,0.1901,0.9146
7729-102255-0012,1188,0,0.1907,0.9177
7729-102255-0012,1320,0,0.3385,0.846
7729-102255-0012,2300,0,0.2138,0.6379
7729-102255-0012,260,0,0.1987,0.9119
7729-102255-0012,2830,0,0.1984,0.8592
7729-102255-0012,4077,0,0.0931,0.8713
7729-102255-0012,5105,0,0.0861,0.8465
7729-102255-0012,5639,0,0.109,0.8609
7729-102255-0012,61,0,0.0369,0.8673
7729-102255-0012,672,0,0.191,0.9127
7729-102255-0012,6930,0,-0.0246,0.8164
7729-102255-0012,7021,0,0.1315,0.7867
7729-102255-0012,7127,0,0.3883,0.8318
7729-102255-0012,7176,0,-0.0816,0.8877
7729-102255-0012,7729,1,0.3035,0.8802
7729-102255-0012,8224,0,0.0291,0.7226
7729-102255-0012,8230,0,0.0729,0.9013
7729-102255-0012,8455,0,0.1947,0.8345
7729-102255-0012,908,0,-0.0301,0.8676
7729-102255-0018,1089,0,0.2549,0.8661
7729-102255-0018,1188,0,0.216,0.8982
7729-102255-0018,1320,0,0.2063,0.803
7729-102255-0018,2300,0,0.1213,0.5864
7729-102255-0018,260,0,0.1854,0.9383
7729-102255-0018,2830,0,0.2732,0.8474
7729-102255-0018,4077,0,0.0212,0.8411
7729-102255-0018,5105,0,0.0993,0.83
7729-102255-0018,5639,0,0.1947,0.9163
7729-102255-0018,61,0,0.0422,0.8872
7729-102255-0018,672,0,0.3282,0.9217
7729-102255-0018,6930,0,-0.0005,0.8421
7729-102255-0018,7021,0,0.0451,0.7577
7729-102255-0018,7127,0,0.1926,0.7463
7729-102255-0018,7176,0,-0.1022,0.882
7729-102255-0018,7729,1,0.1404,0.8546
7729-102255-0018,8224,0,0.133,0.814
7729-102255-0018,8230,0,0.1168,0.8876
7729-102255-0018,8455,0,0.1769,0.802
7729-102255-0018,908,0,-0.0577,0.8809
7729-102255-0023,1089,0,0.1742,0.7556
7729-102255-0023,1188,0,0.1118,0.8179
7729-102255-0023,1320,0,0.1519,0.6492
7729-102255-0023,2300,0,0.2205,0.4315
7729-102255-0023,260,0,0.0626,0.8623
7729-102255-0023,2830,0,0.1659,0.7833
7729-102255-0023,4077,0,0.0898,0.7394
7729-102255-0023,5105,0,0.0059,0.6976
7729-102255-0023,5639,0,0.2448,0.8909
7729-102255-0023,61,0,0.0388,0.8472
7729-102255-0023,672,0,0.1647,0.8262
7729-102255-0023,6930,0,0.0494,0.7433
7729-102255-0023,7021,0,0.0934,0.6115
7729-102255-0023,7127,0,0.1579,0.6027
7729-102255-0023,7176,0,-0.0634,0.8409
7729-102255-0023,7729,1,0.1157,0.7922
7729-102255-0023,8224,0,0.1252,0.7815
7729-102255-0023,8230,0,0.0898,0.8433
7729-102255-0023,8455,0,0.2054,0.6579
7729-102255-0023,908,0,-0.0774,0.7979
7729-102255-0024,1089,0,0.1216,0.8257
7729-102255-0024,1188,0,0.1561,0.8545
7729-102255-0024,1320,0,0.169,0.7433
7729-102255-0024,2300,0,0.1406,0.5236
7729-102255-0024,260,0,0.0953,0.884
7729-102255-0024,2830,0,0.1435,0.7996
7729-102255-0024,4077,0,0.0388,0.7952
7729-102255-0024,5105,0,-0.0509,0.7556
7729-102255-0024,5639,0,0.2179,0.8957
7729-102255-0024,61,0,-0.0184,0.8083
7729-102255-0024,672,0,0.2467,0.8892
7729-102255-0024,6930,0,-0.0346,0.8019
7729-102255-0024,7021,0,0.0264,0.6836
7729-102255-0024,7127,0,0.1699,0.694
7729-102255-0024,7176,0,-0.1451,0.817
7729-102255-0024,7729,1,0.1502,0.7956
7729-102255-0024,8224,0,0.0639,0.7863
7729-102255-0024,8230,0,-0.0139,0.8414
7729-102255-0024,8455,0,0.1347,0.7698
7729-102255-0024,908,0,-0.123,0.8223
7729-102255-0030,1089,0,0.1027,0.7999
7729-102255-0030,1188,0,0.1229,0.8431
7729-102255-0030,1320,0,0.1051,0.6959
7729-102255-0030,2300,0,0.1385,0.4432
7729-102255-0030,260,0,0.0579,0.8574
7729-102255-0030,2830,0,0.193,0.8211
7729-102255-0030,4077,0,0.0692,0.7581
7729-102255-0030,5105,0,0.0156,0.7219
7729-102255-0030,5639,0,0.2113,0.9033
7729-102255-0030,61,0,0.0689,0.8089
7729-102255-0030,672,0,0.1972,0.8525
7729-102255-0030,6930,0,-0.0334,0.7735
7729-102255-0030,7021,0,0.0179,0.6244
7729-102255-0030,7127,0,0.142,0.6718
7729-102255-0030,7176,0,-0.0848,0.8154
7729-102255-0030,7729,1,0.2066,0.7802
7729-102255-0030,8224,0,0.1482,0.7803
7729-102255-0030,8230,0,0.0651,0.8551
7729-102255-0030,8455,0,0.1246,0.7009
7729-102255-0030,908,0,-0.0784,0.7889
7729-102255-0031,1089,0,0.236,0.8551
7729-102255-0031,1188,0,0.1381,0.8769
7729-102255-0031,1320,0,0.1223,0.78
7729-102255-0031,2300,0,0.1919,0.5683
7729-102255-0031,260,0,0.0199,0.9117
7729-102255-0031,2830,0,0.2074,0.8532
7729-102255-0031,4077,0,0.0598,0.8425
7729-102255-0031,5105,0,0.0456,0.8145
7729-102255-0031,5639,0,0.242,0.9064
7729-102255-0031,61,0,0.1503,0.8878
7729-102255-0031,672,0,0.0714,0.8883
7729-102255-0031,6930,0,0.0693,0.8386
7729-102255-0031,7021,0,0.0371,0.7375
7729-102255-0031,7127,0,0.1816,0.7528
7729-102255-0031,7176,0,-0.0364,0.8782
7729-102255-0031,7729,1,0.2055,0.8754
7729-102255-0031,8224,0,0.1019,0.7592
7729-102255-0031,8230,0,0.169,0.8834
7729-102255-0031,8455,0,0.1534,0.7714
7729-102255-0031,908,0,-0.1184,0.8649
7729-102255-0035,1089,0,0.2067,0.8879
7729-102255-0035,1188,0,0.2715,0.9159
7729-102255-0035,1320,0,0.1761,0.8194
7729-102255-0035,2300,0,0.2606,0.6256
7729-102255-0035,260,0,0.175,0.9387
7729-102255-0035,2830,0,0.1603,0.8683
7729-102255-0035,4077,0,0.1624,0.8701
7729-102255-0035,5105,0,0.1116,0.8463
7729-102255-0035,5639,0,0.188,0.8821
7729-102255-0035,61,0,0.2332,0.9088
7729-102255-0035,672,0,0.13,0.9001
7729-102255-0035,6930,0,-0.0478,0.8331
7729-102255-0035,7021,0,0.0856,0.7853
7729-102255-0035,7127,0,0.2143,0.7976
7729-102255-0035,7176,0,0.0501,0.914
7729-102255-0035,7729,1,0.2515,0.8905
7729-102255-0035,8224,0,0.1768,0.7474
7729-102255-0035,8230,0,0.1763,0.9093
7729-102255-0035,8455,0,0.2056,0.8101
7729-102255-0035,908,0,-0.042,0.8792
7729-102255-0037,1089,0,0.2119,0.8717
7729-102255-0037,1188,0,0.123,0.877
7729-102255-0037,1320,0,0.1224,0.7968
7729-102255-0037,2300,0,0.1837,0.5941
7729-102255-0037,260,0,0.0755,0.911
7729-102255-0037,2830,0,0.1436,0.8104
7729-102255-0037,4077,0,0.1071,0.869
7729-102255-0037,5105,0,0.0265,0.8171
7729-102255-0037,5639,0,0.2383,0.9206
7729-102255-0037,61,0,0.0993,0.8517
7729-102255-0037,672,0,0.1657,0.9092
7729-102255-0037,6930,0,0.0019,0.8126
7729-102255-0037,7021,0,0.0442,0.7566
7729-102255-0037,7127,0,0.246,0.7627
7729-102255-0037,7176,0,-0.0304,0.8524
7729-102255-0037,7729,1,0.2424,0.8811
7729-102255-0037,8224,0,0.0597,0.7739
7729-102255-0037,8230,0,0.0695,0.8554
7729-102255-0037,8455,0,0.0867,0.7964
7729-102255-0037,908,0,-0.0265,0.8834
7729-102255-0039,1089,0,0.2531,0.8984
7729-102255-0039,1188,0,0.2526,0.9039
7729-102255-0039,1320,0,0.1386,0.8243
7729-102255-0039,2300,0,0.2111,0.6276
7729-102255-0039,260,0,0.1424,0.9466
7729-102255-0039,2830,0,0.2755,0.8486
7729-102255-0039,4077,0,0.1444,0.8683
7729-102255-0039,5105,0,0.0531,0.8546
7729-102255-0039,5639,0,0.2242,0.899
7729-102255-0039,61,0,0.1383,0.9139
7729-102255-0039,672,0,0.2109,0.9315
7729-102255-0039,6930,0,-0.048,0.8433
7729-102255-0039,7021,0,0.1014,0.803
7729-102255-0039,7127,0,0.2616,0.7781
7729-102255-0039,7176,0,0.0825,0.9195
7729-102255-0039,7729,1,0.2902,0.8896
7729-102255-0039,8224,0,0.1258,0.7544
7729-102255-0039,8230,0,0.2358,0.9106
7729-102255-0039,8455,0,0.1843,0.82
7729-102255-0039,908,0,-0.0008,0.9128
7729-102255-0040,1089,0,0.2006,0.8381
7729-102255-0040,1188,0,0.1766,0.8552
7729-102255-0040,1320,0,0.0823,0.7496
7729-102255-0040,2300,0,0.1935,0.5249
7729-102255-0040,260,0,0.0954,0.8982
7729-102255-0040,2830,0,0.2187,0.8109
7729-102255-0040,4077,0,0.0698,0.7928
7729-102255-0040,5105,0,0.0625,0.7813
7729-102255-0040,5639,0,0.2399,0.9058
7729-102255-0040,61,0,0.1046,0.8596
7729-102255-0040,672,0,0.1457,0.8987
7729-102255-0040,6930,0,0.026,0.8415
7729-102255-0040,7021,0,0.0734,0.7072
7729-102255-0040,7127,0,0.1889,0.6823
7729-102255-0040,7176,0,-0.0486,0.8546
7729-102255-0040,7729,1,0.1606,0.8058
7729-102255-0040,8224,0,0.0505,0.8213
7729-102255-0040,8230,0,0.157,0.8707
7729-102255-0040,8455,0,0.1327,0.768
7729-102255-0040,908,0,-0.0865,0.8564
8224-274381-0007,1089,0,0.1469,0.7807
8224-274381-0007,1188,0,0.192,0.8199
8224-274381-0007,1320,0,0.146,0.6755
8224-274381-0007,2300,0,0.1513,0.3937
8224-274381-0007,260,0,0.0627,0.8248
8224-274381-0007,2830,0,0.2019,0.7701
8224-274381-0007,4077,0,0.0337,0.7211
8224-274381-0007,5105,0,-0.003,0.7036
8224-274381-0007,5639,0,0.2844,0.9086
8224-274381-0007,61,0,0.034,0.7605
8224-274381-0007,672,0,0.2833,0.8553
8224-274381-0007,6930,0,-0.0924,0.7177
8224-274381-0007,7021,0,0.011,0.6046
8224-274381-0007,7127,0,0.2049,0.6284
8224-274381-0007,7176,0,-0.1109,0.7766
8224-274381-0007,7729,0,0.142,0.7321
8224-274381-0007,8224,1,-0.0053,0.8139
8224-274381-0007,8230,0,0.0379,0.8181
8224-274381-0007,8455,0,0.0781,0.6621
8224-274381-0007,908,0,-0.082,0.7793
8224-274381-0010,1089,0,0.1747,0.7895
8224-274381-0010,1188,0,0.1044,0.8128
8224-274381-0010,1320,0,0.1387,0.679
8224-274381-0010,2300,0,0.1451,0.4344
8224-274381-0010,260,0,-0.0541,0.8078
8224-274381-0010,2830,0,0.2345,0.7685
8224-274381-0010,4077,0,0.0154,0.7233
8224-274381-0010,5105,0,0.017,0.7256
8224-274381-0010,5639,0,0.2829,0.9221
8224-274381-0010,61,0,0.0128,0.7615
8224-274381-0010,672,0,0.165,0.8572
8224-274381-0010,6930,0,-0.0416,0.7078
8224-274381-0010,7021,0,-0.0108,0.6365
8224-274381-0010,7127,0,0.1879,0.6423
8224-274381-0010,7176,0,-0.1323,0.7527
8224-274381-0010,7729,0,0.146,0.7524
8224-274381-0010,8224,1,0.1008,0.8516
8224-274381-0010,8230,0,0.0558,0.8045
8224-274381-0010,8455,0,0.0919,0.6427
8224-274381-0010,908,0,-0.1141,0.7856
8224-274381-0011,1089,0,0.1437,0.6837
8224-274381-0011,1188,0,0.1278,0.7019
8224-274381-0011,1320,0,0.149,0.5786
8224-274381-0011,2300,0,0.2426,0.3655
8224-274381-0011,260,0,0.0709,0.7458
8224-274381-0011,2830,0,0.1789,0.6518
8224-274381-0011,4077,0,0.0876,0.6727
8224-274381-0011,5105,0,-0.0399,0.6487
8224-274381-0011,5639,0,0.2688,0.9008
8224-274381-0011,61,0,0.1334,0.727
8224-274381-0011,672,0,0.2653,0.7957
8224-274381-0011,6930,0,-0.1066,0.6438
8224-274381-0011,7021,0,0.0477,0.5726
8224-274381-0011,7127,0,0.2281,0.5182
8224-274381-0011,7176,0,-0.0524,0.6963
8224-274381-0011,7729,0,0.2759,0.7153
8224-274381-0011,8224,1,0.037,0.816
8224-274381-0011,8230,0,0.1181,0.704
8224-274381-0011,8455,0,0.0806,0.558
8224-274381-0011,908,0,-0.1207,0.7694
8224-274381-0013,1089,0,0.1855,0.7629
8224-274381-0013,1188,0,0.1174,0.7638
8224-274381-0013,1320,0,0.1588,0.6448
8224-274381-0013,2300,0,0.2234,0.3982
8224-274381-0013,260,0,0.0863,0.7718
8224-274381-0013,2830,0,0.2101,0.7011
8224-274381-0013,4077,0,-0.0327,0.7025
8224-274381-0013,5105,0,-0.0382,0.6762
8224-274381-0013,5639,0,0.2596,0.8816
8224-274381-0013,61,0,0.0201,0.7291
8224-274381-0013,672,0,0.2163,0.8415
8224-274381-0013,6930,0,-0.0862,0.6767
8224-274381-0013,7021,0,0.0166,0.5915
8224-274381-0013,7127,0,0.2035,0.5931
8224-274381-0013,7176,0,-0.1524,0.7449
8224-274381-0013,7729,0,0.1356,0.6937
8224-274381-0013,8224,1,0.0824,0.8532
8224-274381-0013,8230,0,0.0791,0.7699
8224-274381-0013,8455,0,0.1137,0.629
8224-274381-0013,908,0,-0.1708,0.7614
8224-274384-0002,1089,0,0.191,0.7619
8224-274384-0002,1188,0,0.0924,0.7487
8224-274384-0002,1320,0,0.1615,0.6368
8224-274384-0002,2300,0,0.1859,0.4089
8224-274384-0002,260,0,0.0716,0.7859
8224-274384-0002,2830,0,0.1069,0.6853
8224-274384-0002,4077,0,0.0742,0.7311
8224-274384-0002,5105,0,-0.0306,0.6816
8224-274384-0002,5639,0,0.2126,0.924
8224-274384-0002,61,0,0.0361,0.7515
8224-274384-0002,672,0,0.1906,0.8446
8224-274384-0002,6930,0,-0.0507,0.6881
8224-274384-0002,7021,0,0.0311,0.6046
8224-274384-0002,7127,0,0.1576,0.5865
8224-274384-0002,7176,0,-0.1304,0.7417
8224-274384-0002,7729,0,0.1949,0.7402
8224-274384-0002,8224,1,0.1092,0.8238
8224-274384-0002,8230,0,0.049,0.7657
8224-274384-0002,8455,0,0.1559,0.6305
8224-274384-0002,908,0,-0.1897,0.7959
8224-274384-0006,1089,0,0.1769,0.8351
8224-274384-0006,1188,0,0.1692,0.8263
8224-274384-0006,1320,0,0.1814,0.7489
8224-274384-0006,2300,0,0.2441,0.5296
8224-274384-0006,260,0,0.0669,0.8128
8224-274384-0006,2830,0,0.1767,0.7366
8224-274384-0006,4077,0,0.026,0.7394
8224-274384-0006,5105,0,-0.03,0.7675
8224-274384-0006,5639,0,0.2096,0.8806
8224-274384-0006,61,0,-0.0285,0.7419
8224-274384-0006,672,0,0.2188,0.8899
8224-274384-0006,6930,0,-0.0679,0.7355
8224-274384-0006,7021,0,0.1002,0.717
8224-274384-0006,7127,0,0.2162,0.6786
8224-274384-0006,7176,0,-0.1175,0.7408
8224-274384-0006,7729,0,0.2107,0.7545
8224-274384-0006,8224,1,0.099,0.8317
8224-274384-0006,8230,0,0.0069,0.7885
8224-274384-0006,8455,0,0.1737,0.7283
8224-274384-0006,908,0,-0.1198,0.834
8224-274384-0007,1089,0,0.1621,0.8405
8224-274384-0007,1188,0,0.1,0.8537
8224-274384-0007,1320,0,0.0669,0.7542
8224-274384-0007,2300,0,0.2168,0.5516
8224-274384-0007,260,0,0.0733,0.8683
8224-274384-0007,2830,0,0.1605,0.7698
8224-274384-0007,4077,0,0.0569,0.8009
8224-274384-0007,5105,0,0.0352,0.7748
8224-274384-0007,5639,0,0.1418,0.9177
8224-274384-0007,61,0,0.0186,0.7942
8224-274384-0007,672,0,0.1305,0.8906
8224-274384-0007,6930,0,-0.1253,0.7539
8224-274384-0007,7021,0,0.0927,0.7232
8224-274384-0007,7127,0,0.1867,0.7056
8224-274384-0007,7176,0,-0.1053,0.7918
8224-274384-0007,7729,0,0.1688,0.8208
8224-274384-0007,8224,1,0.1128,0.8074
8224-274384-0007,8230,0,0.0286,0.8156
8224-274384-0007,8455,0,0.1742,0.7416
8224-274384-0007,908,0,-0.1463,0.855
8224-274384-0008,1089,0,0.2224,0.8132
8224-274384-0008,1188,0,0.1865,0.8078
8224-274384-0008,1320,0,0.1484,0.7147
8224-274384-0008,2300,0,0.1923,0.4667
8224-274384-0008,260,0,0.0574,0.806
8224-274384-0008,2830,0,0.2291,0.746
8224-274384-0008,4077,0,0.0358,0.7404
8224-274384-0008,5105,0,0.0519,0.7556
8224-274384-0008,5639,0,0.2271,0.9207
8224-274384-0008,61,0,0.031,0.7527
8224-274384-0008,672,0,0.2096,0.8833
8224-274384-0008,6930,0,-0.0494,0.7292
8224-274384-0008,7021,0,0.0597,0.6775
8224-274384-0008,7127,0,0.2003,0.6636
8224-274384-0008,7176,0,-0.0979,0.7553
8224-274384-0008,7729,0,0.2241,0.7507
8224-274384-0008,8224,1,0.0429,0.8546
8224-274384-0008,8230,0,0.1049,0.798
8224-274384-0008,8455,0,0.1003,0.6846
8224-274384-0008,908,0,-0.1281,0.8158
8224-274384-0009,1089,0,0.1798,0.7241
8224-274384-0009,1188,0,0.1595,0.6898
8224-274384-0009,1320,0,0.1487,0.6226
8224-274384-0009,2300,0,0.2247,0.3822
8224-274384-0009,260,0,0.1233,0.6991
8224-274384-0009,2830,0,0.2121,0.6171
8224-274384-0009,4077,0,-0.0114,0.6539
8224-274384-0009,5105,0,-0.0268,0.6583
8224-274384-0009,5639,0,0.2814,0.8556
8224-274384-0009,61,0,0.0915,0.6382
8224-274384-0009,672,0,0.3704,0.8187
8224-274384-0009,6930,0,-0.0685,0.6512
8224-274384-0009,7021,0,0.0963,0.5813
8224-274384-0009,7127,0,0.2735,0.5561
8224-274384-0009,7176,0,-0.0645,0.6511
8224-274384-0009,7729,0,0.1138,0.6253
8224-274384-0009,8224,1,0.1312,0.8569
8224-274384-0009,8230,0,0.1469,0.684
8224-274384-0009,8455,0,0.2241,0.6065
8224-274384-0009,908,0,-0.1714,0.731
8224-274384-0013,1089,0,0.2215,0.7469
8224-274384-0013,1188,0,0.1662,0.7657
8224-274384-0013,1320,0,0.0749,0.6227
8224-274384-0013,2300,0,0.256,0.3869
8224-274384-0013,260,0,0.0108,0.7804
8224-274384-0013,2830,0,0.2095,0.7214
8224-274384-0013,4077,0,0.1291,0.6736
8224-274384-0013,5105,0,0.0437,0.6836
8224-274384-0013,5639,0,0.2992,0.8968
8224-274384-0013,61,0,0.1074,0.746
8224-274384-0013,672,0,0.1798,0.8278
8224-274384-0013,6930,0,-0.064,0.6947
8224-274384-0013,7021,0,0.0715,0.6056
8224-274384-0013,7127,0,0.2096,0.5664
8224-274384-0013,7176,0,-0.1019,0.7192
8224-274384-0013,7729,0,0.1701,0.703
8224-274384-0013,8224,1,0.2284,0.8314
8224-274384-0013,8230,0,0.2022,0.7772
8224-274384-0013,8455,0,0.1868,0.6073
8224-274384-0013,908,0,-0.1393,0.7672
8230-279154-0000,1089,0,0.2596,0.8394
8230-279154-0000,1188,0,0.2362,0.8487
8230-279154-0000,1320,0,0.2023,0.7461
8230-279154-0000,2300,0,0.1934,0.4814
8230-279154-0000,260,0,0.1138,0.8869
8230-279154-0000,2830,0,0.2243,0.8226
8230-279154-0000,4077,0,0.1413,0.8185
8230-279154-0000,5105,0,0.085,0.7869
8230-279154-0000,5639,0,0.3687,0.9468
8230-279154-0000,61,0,0.0858,0.8479
8230-279154-0000,672,0,0.3312,0.8981
8230-279154-0000,6930,0,0.0022,0.7995
8230-279154-0000,7021,0,0.1596,0.6952
8230-279154-0000,7127,0,0.2682,0.7197
8230-279154-0000,7176,0,-0.0539,0.8572
8230-279154-0000,7729,0,0.2251,0.8369
8230-279154-0000,8224,0,0.0597,0.7738
8230-279154-0000,8230,1,0.1851,0.8713
8230-279154-0000,8455,0,0.2072,0.7264
8230-279154-0000,908,0,-0.1227,0.8581
8230-279154-0004,1089,0,0.2277,0.8087
8230-279154-0004,1188,0,0.155,0.8311
8230-279154-0004,1320,0,0.1301,0.6929
8230-279154-0004,2300,0,0.1302,0.4296
8230-279154-0004,260,0,0.0997,0.8758
8230-279154-0004,2830,0,0.2308,0.803
8230-279154-0004,4077,0,0.0978,0.7611
8230-279154-0004,5105,0,0.0117,0.7273
8230-279154-0004,5639,0,0.2322,0.9126
8230-279154-0004,61,0,0.0315,0.8263
8230-279154-0004,672,0,0.1736,0.8703
8230-279154-0004,6930,0,0.025,0.784
8230-279154-0004,7021,0,0.0639,0.6394
8230-279154-0004,7127,0,0.1611,0.6473
8230-279154-0004,7176,0,-0.0442,0.8318
8230-279154-0004,7729,0,0.1261,0.7692
8230-279154-0004,8224,0,0.0613,0.7841
8230-279154-0004,8230,1,0.156,0.8602
8230-279154-0004,8455,0,0.1435,0.6966
8230-279154-0004,908,0,-0.0704,0.82
8230-279154-0016,1089,0,0.2428,0.8288
8230-279154-0016,1188,0,0.1157,0.8641
8230-279154-0016,1320,0,0.132,0.7255
8230-279154-0016,2300,0,0.1184,0.4637
8230-279154-0016,260,0,0.1565,0.9072
8230-279154-0016,2830,0,0.2704,0.8533
8230-279154-0016,4077,0,0.0332,0.7838
8230-279154-0016,5105,0,0.1023,0.7572
8230-279154-0016,5639,0,0.2532,0.8814
8230-279154-0016,61,0,0.0292,0.8814
8230-279154-0016,672,0,0.1781,0.8755
8230-279154-0016,6930,0,0.0362,0.8066
8230-279154-0016,7021,0,0.0889,0.6706
8230-279154-0016,7127,0,0.1658,0.6894
8230-279154-0016,7176,0,-0.0307,0.8994
8230-279154-0016,7729,0,0.0992,0.7987
8230-279154-0016,8224,0,0.1247,0.727
8230-279154-0016,8230,1,0.2134,0.9073
8230-279154-0016,8455,0,0.142,0.7236
8230-279154-0016,908,0,-0.0282,0.8313
8230-279154-0018,1089,0,0.2173,0.8469
8230-279154-0018,1188,0,0.2354,0.8712
8230-279154-0018,1320,0,0.1454,0.7613
8230-279154-0018,2300,0,0.2234,0.5276
8230-279154-0018,260,0,0.0949,0.9155
8230-279154-0018,2830,0,0.2533,0.8378
8230-279154-0018,4077,0,0.1221,0.8375
8230-279154-0018,5105,0,0.0266,0.7936
8230-279154-0018,5639,0,0.2036,0.9244
8230-279154-0018,61,0,0.0918,0.874
8230-279154-0018,672,0,0.1924,0.8893
8230-279154-0018,6930,0,-0.062,0.8276
8230-279154-0018,7021,0,0.0642,0.71
8230-279154-0018,7127,0,0.2415,0.7311
8230-279154-0018,7176,0,-0.0597,0.8805
8230-279154-0018,7729,0,0.1764,0.8458
8230-279154-0018,8224,0,0.0967,0.7795
8230-279154-0018,8230,1,0.1923,0.8873
8230-279154-0018,8455,0,0.1977,0.7669
8230-279154-0018,908,0,-0.0913,0.8505
8230-279154-0020,1089,0,0.2415,0.8037
8230-279154-0020,1188,0,0.2217,0.852
8230-279154-0020,1320,0,0.1349,0.69
8230-279154-0020,2300,0,0.1792,0.4567
8230-279154-0020,260,0,0.1614,0.8838
8230-279154-0020,2830,0,0.2795,0.8273
8230-279154-0020,4077,0,0.0442,0.7613
8230-279154-0020,5105,0,-0.0021,0.7226
8230-279154-0020,5639,0,0.1643,0.879
8230-279154-0020,61,0,0.0835,0.8601
8230-279154-0020,672,0,0.1353,0.8465
8230-279154-0020,6930,0,0.0438,0.7783
8230-279154-0020,7021,0,0.0817,0.6478
8230-279154-0020,7127,0,0.1656,0.6551
8230-279154-0020,7176,0,0.007,0.8752
8230-279154-0020,7729,0,0.1501,0.8084
8230-279154-0020,8224,0,0.0835,0.7209
8230-279154-0020,8230,1,0.1872,0.8886
8230-279154-0020,8455,0,0.1491,0.7007
8230-279154-0020,908,0,-0.0335,0.8167
8230-279154-0022,1089,0,0.2854,0.7857
8230-279154-0022,1188,0,0.1421,0.8093
8230-279154-0022,1320,0,0.1544,0.6696
8230-279154-0022,2300,0,0.1696,0.4156
8230-279154-0022,260,0,0.088,0.8524
8230-279154-0022,2830,0,0.1845,0.77
8230-279154-0022,4077,0,0.0488,0.7281
8230-279154-0022,5105,0,0.0877,0.7081
8230-279154-0022,5639,0,0.247,0.9053
8230-279154-0022,61,0,0.095,0.8108
8230-279154-0022,672,0,0.1627,0.8639
8230-279154-0022,6930,0,0.0308,0.7595
8230-279154-0022,7021,0,0.138,0.6274
8230-279154-0022,7127,0,0.193,0.6044
8230-279154-0022,7176,0,-0.0334,0.8086
8230-279154-0022,7729,0,0.1247,0.759
8230-279154-0022,8224,0,0.1153,0.7936
8230-279154-0022,8230,1,0.2615,0.8367
8230-279154-0022,8455,0,0.2433,0.6722
8230-279154-0022,908,0,-0.0594,0.8184
8230-279154-0023,1089,0,0.1327,0.8783
8230-279154-0023,1188,0,0.0639,0.8813
8230-279154-0023,1320,0,0.1244,0.8191
8230-279154-0023,2300,0,0.1449,0.6131
8230-279154-0023,260,0,0.0864,0.9357
8230-279154-0023,2830,0,0.1019,0.8287
8230-279154-0023,4077,0,-0.0273,0.8461
8230-279154-0023,5105,0,0.0026,0.8326
8230-279154-0023,5639,0,0.1314,0.9007
8230-279154-0023,61,0,0.0513,0.8755
8230-279154-0023,672,0,0.137,0.9216
8230-279154-0023,6930,0,-0.0017,0.8674
8230-279154-0023,7021,0,0.0338,0.7772
8230-279154-0023,7127,0,0.1519,0.7511
8230-279154-0023,7176,0,-0.1604,0.873
8230-279154-0023,7729,0,0.1744,0.8525
8230-279154-0023,8224,0,0.0964,0.7822
8230-279154-0023,8230,1,0.0965,0.8761
8230-279154-0023,8455,0,0.2384,0.8285
8230-279154-0023,908,0,-0.1339,0.8939
8230-279154-0028,1089,0,0.2536,0.8557
8230-279154-0028,1188,0,0.1732,0.8863
8230-279154-0028,1320,0,0.1375,0.7615
8230-279154-0028,2300,0,0.179,0.5067
8230-279154-0028,260,0,0.1148,0.9173
8230-279154-0028,2830,0,0.272,0.8601
8230-279154-0028,4077,0,0.0385,0.8051
8230-279154-0028,5105,0,0.054,0.7877
8230-279154-0028,5639,0,0.3323,0.9051
8230-279154-0028,61,0,0.0598,0.8696
8230-279154-0028,672,0,0.1756,0.899
8230-279154-0028,6930,0,0.0062,0.8222
8230-279154-0028,7021,0,0.0697,0.709
8230-279154-0028,7127,0,0.2749,0.7227
8230-279154-0028,7176,0,0.0077,0.8836
8230-279154-0028,7729,0,0.2005,0.8252
8230-279154-0028,8224,0,0.0407,0.7548
8230-279154-0028,8230,1,0.1841,0.9038
8230-279154-0028,8455,0,0.1117,0.755
8230-279154-0028,908,0,-0.0765,0.8561
8230-279154-0029,1089,0,0.1698,0.7703
8230-279154-0029,1188,0,0.1491,0.8235
8230-279154-0029,1320,0,0.1202,0.6565
8230-279154-0029,2300,0,0.2708,0.3865
8230-279154-0029,260,0,0.0692,0.8697
8230-279154-0029,2830,0,0.224,0.8226
8230-279154-0029,4077,0,0.0773,0.7488
8230-279154-0029,5105,0,-0.0226,0.6807
8230-279154-0029,5639,0,0.2686,0.8919
8230-279154-0029,61,0,0.0898,0.8054
8230-279154-0029,672,0,0.1891,0.8219
8230-279154-0029,6930,0,-0.0323,0.7428
8230-279154-0029,7021,0,-0.0029,0.5869
8230-279154-0029,7127,0,0.2725,0.6464
8230-279154-0029,7176,0,-0.0718,0.8125
8230-279154-0029,7729,0,0.1508,0.7559
8230-279154-0029,8224,0,0.0598,0.6906
8230-279154-0029,8230,1,0.1727,0.8476
8230-279154-0029,8455,0,0.1722,0.6562
8230-279154-0029,908,0,-0.1364,0.7671
8230-279154-0030,1089,0,0.2936,0.828
8230-279154-0030,1188,0,0.254,0.8822
8230-279154-0030,1320,0,0.1626,0.7258
8230-279154-0030,2300,0,0.2559,0.4554
8230-279154-0030,260,0,0.1318,0.9074
8230-279154-0030,2830,0,0.3039,0.8676
8230-279154-0030,4077,0,0.1813,0.7904
8230-279154-0030,5105,0,0.0499,0.7611
8230-279154-0030,5639,0,0.2156,0.9043
8230-279154-0030,61,0,0.1295,0.8651
8230-279154-0030,672,0,0.1886,0.8688
8230-279154-0030,6930,0,0.0088,0.7782
8230-279154-0030,7021,0,0.0598,0.6695
8230-279154-0030,7127,0,0.2711,0.7074
8230-279154-0030,7176,0,-0.0312,0.8797
8230-279154-0030,7729,0,0.137,0.8176
8230-279154-0030,8224,0,0.1181,0.7333
8230-279154-0030,8230,1,0.2267,0.8972
8230-279154-0030,8455,0,0.2308,0.703
8230-279154-0030,908,0,-0.0616,0.828
8455-210777-0011,1089,0,0.3716,0.8975
8455-210777-0011,1188,0,0.2281,0.9139
8455-210777-0011,1320,0,0.2114,0.8284
8455-210777-0011,2300,0,0.1719,0.5531
8455-210777-0011,260,0,0.1703,0.9206
8455-210777-0011,2830,0,0.4116,0.8732
8455-210777-0011,4077,0,0.0821,0.7851
8455-210777-0011,5105,0,0.1581,0.8274
8455-210777-0011,5639,0,0.197,0.8658
8455-210777-0011,61,0,0.0544,0.8454
8455-210777-0011,672,0,0.2216,0.9331
8455-210777-0011,6930,0,-0.0813,0.8483
8455-210777-0011,7021,0,0.1554,0.7529
8455-210777-0011,7127,0,0.2916,0.7592
8455-210777-0011,7176,0,0.0505,0.8682
8455-210777-0011,7729,0,0.1736,0.7704
8455-210777-0011,8224,0,0.0991,0.7798
8455-210777-0011,8230,0,0.2469,0.9207
8455-210777-0011,8455,1,0.1748,0.8195
8455-210777-0011,908,0,-0.1116,0.8519
8455-210777-0014,1089,0,0.1906,0.8598
8455-210777-0014,1188,0,0.2074,0.8837
8455-210777-0014,1320,0,0.2063,0.8656
8455-210777-0014,2300,0,0.1467,0.6677
8455-210777-0014,260,0,0.1267,0.9415
8455-210777-0014,2830,0,0.2622,0.8328
8455-210777-0014,4077,0,0.1463,0.8991
8455-210777-0014,5105,0,0.0231,0.8866
8455-210777-0014,5639,0,0.1831,0.8841
8455-210777-0014,61,0,0.0177,0.8692
8455-210777-0014,672,0,0.2621,0.9169
8455-210777-0014,6930,0,-0.0491,0.8666
8455-210777-0014,7021,0,0.0591,0.8123
8455-210777-0014,7127,0,0.251,0.8228
8455-210777-0014,7176,0,-0.0558,0.8699
8455-210777-0014,7729,0,0.1077,0.8704
8455-210777-0014,8224,0,0.015,0.7872
8455-210777-0014,8230,0,0.0375,0.8269
8455-210777-0014,8455,1,0.1216,0.858
8455-210777-0014,908,0,-0.0682,0.8828
8455-210777-0018,1089,0,0.1785,0.8035
8455-210777-0018,1188,0,0.1731,0.8744
8455-210777-0018,1320,0,0.1082,0.7001
8455-210777-0018,2300,0,0.0583,0.431
8455-210777-0018,260,0,0.1416,0.8926
8455-210777-0018,2830,0,0.3121,0.856
8455-210777-0018,4077,0,0.0101,0.7654
8455-210777-0018,5105,0,0.0587,0.7427
8455-210777-0018,5639,0,0.1785,0.8872
8455-210777-0018,61,0,-0.0429,0.8659
8455-210777-0018,672,0,0.1149,0.8545
8455-210777-0018,6930,0,-0.0526,0.754
8455-210777-0018,7021,0,0.0618,0.6458
8455-210777-0018,7127,0,0.1743,0.6812
8455-210777-0018,7176,0,-0.0313,0.8829
8455-210777-0018,7729,0,0.1437,0.8059
8455-210777-0018,8224,0,0.115,0.735
8455-210777-0018,8230,0,0.1189,0.8951
8455-210777-0018,8455,1,0.143,0.6817
8455-210777-0018,908,0,-0.0839,0.8108
8455-210777-0024,1089,0,0.1522,0.8078
8455-210777-0024,1188,0,0.2346,0.8688
8455-210777-0024,1320,0,0.1782,0.7057
8455-210777-0024,2300,0,0.16,0.4518
8455-210777-0024,260,0,0.2077,0.8798
8455-210777-0024,2830,0,0.2778,0.843
8455-210777-0024,4077,0,0.053,0.7795
8455-210777-0024,5105,0,-0.0116,0.7466
8455-210777-0024,5639,0,0.2152,0.9205
8455-210777-0024,61,0,-0.031,0.8315
8455-210777-0024,672,0,0.2584,0.8505
8455-210777-0024,6930,0,0.0427,0.7349
8455-210777-0024,7021,0,0.0037,0.6632
8455-210777-0024,7127,0,0.1474,0.6985
8455-210777-0024,7176,0,-0.0708,0.8313
8455-210777-0024,7729,0,0.1615,0.8375
8455-210777-0024,8224,0,0.0542,0.7275
8455-210777-0024,8230,0,0.0465,0.8564
8455-210777-0024,8455,1,0.0874,0.6708
8455-210777-0024,908,0,-0.031,0.8241
8455-210777-0033,1089,0,0.2491,0.8542
8455-210777-0033,1188,0,0.2413,0.8919
8455-210777-0033,1320,0,0.2105,0.786
8455-210777-0033,2300,0,0.2168,0.5443
8455-210777-0033,260,0,0.06,0.8963
8455-210777-0033,2830,0,0.1874,0.8468
8455-210777-0033,4077,0,0.0677,0.7855
8455-210777-0033,5105,0,0.0712,0.794
8455-210777-0033,5639,0,0.2192,0.8804
8455-210777-0033,61,0,0.0606,0.8068
8455-210777-0033,672,0,0.2076,0.8951
8455-210777-0033,6930,0,-0.0229,0.828
8455-210777-0033,7021,0,0.1029,0.7231
8455-210777-0033,7127,0,0.2558,0.7399
8455-210777-0033,7176,0,-0.0315,0.8167
8455-210777-0033,7729,0,0.1934,0.7904
8455-210777-0033,8224,0,0.1039,0.7833
8455-210777-0033,8230,0,0.1269,0.8616
8455-210777-0033,8455,1,0.2019,0.7907
8455-210777-0033,908,0,-0.0882,0.8301
8455-210777-0034,1089,0,0.1776,0.7572
8455-210777-0034,1188,0,0.2091,0.8358
8455-210777-0034,1320,0,0.1282,0.6692
8455-210777-0034,2300,0,0.1585,0.461
8455-210777-0034,260,0,0.0591,0.8734
8455-210777-0034,2830,0,0.1694,0.8176
8455-210777-0034,4077,0,0.1026,0.784
8455-210777-0034,5105,0,0.0171,0.7019
8455-210777-0034,5639,0,0.198,0.8723
8455-210777-0034,61,0,0.0239,0.8239
8455-210777-0034,672,0,0.0882,0.8015
8455-210777-0034,6930,0,0.0522,0.7492
8455-210777-0034,7021,0,0.0375,0.6234
8455-210777-0034,7127,0,0.2071,0.6715
8455-210777-0034,7176,0,-0.0091,0.8423
8455-210777-0034,7729,0,0.2145,0.8185
8455-210777-0034,8224,0,0.0742,0.6965
8455-210777-0034,8230,0,0.0965,0.8237
8455-210777-0034,8455,1,0.1368,0.6772
8455-210777-0034,908,0,-0.0226,0.7791
8455-210777-0040,1089,0,0.0537,0.752
8455-210777-0040,1188,0,0.1789,0.8132
8455-210777-0040,1320,0,0.0935,0.6698
8455-210777-0040,2300,0,0.1416,0.4432
8455-210777-0040,260,0,-0.0548,0.8183
8455-210777-0040,2830,0,0.0253,0.7537
8455-210777-0040,4077,0,0.0703,0.7022
8455-210777-0040,5105,0,-0.0354,0.6877
8455-210777-0040,5639,0,0.0842,0.8569
8455-210777-0040,61,0,-0.0025,0.7479
8455-210777-0040,672,0,0.104,0.8346
8455-210777-0040,6930,0,-0.0933,0.7266
8455-210777-0040,7021,0,0.0134,0.6097
8455-210777-0040,7127,0,0.1279,0.6097
8455-210777-0040,7176,0,-0.197,0.759
8455-210777-0040,7729,0,0.1304,0.716
8455-210777-0040,8224,0,0.0479,0.8233
8455-210777-0040,8230,0,-0.0239,0.7849
8455-210777-0040,8455,1,0.2138,0.6845
8455-210777-0040,908,0,-0.1601,0.759
8455-210777-0041,1089,0,0.1426,0.8238
8455-210777-0041,1188,0,0.1666,0.8546
8455-210777-0041,1320,0,0.193,0.7094
8455-210777-0041,2300,0,0.2065,0.4805
8455-210777-0041,260,0,0.1151,0.894
8455-210777-0041,2830,0,0.1543,0.8166
8455-210777-0041,4077,0,0.0702,0.8009
8455-210777-0041,5105,0,0.0003,0.7192
8455-210777-0041,5639,0,0.1252,0.8719
8455-210777-0041,61,0,0.0709,0.8474
8455-210777-0041,672,0,0.2085,0.8562
8455-210777-0041,6930,0,-0.0201,0.773
8455-210777-0041,7021,0,0.0275,0.6436
8455-210777-0041,7127,0,0.289,0.6885
8455-210777-0041,7176,0,-0.1085,0.8603
8455-210777-0041,7729,0,0.1813,0.803
8455-210777-0041,8224,0,0.0565,0.7051
8455-210777-0041,8230,0,0.1242,0.8808
8455-210777-0041,8455,1,0.2191,0.7389
8455-210777-0041,908,0,-0.0883,0.8067
8455-210777-0046,1089,0,0.2565,0.8257
8455-210777-0046,1188,0,0.1861,0.8587
8455-210777-0046,1320,0,0.1312,0.7448
8455-210777-0046,2300,0,0.178,0.5053
8455-210777-0046,260,0,0.0305,0.8905
8455-210777-0046,2830,0,0.1847,0.8113
8455-210777-0046,4077,0,0.1041,0.7809
8455-210777-0046,5105,0,-0.0684,0.7511
8455-210777-0046,5639,0,0.1875,0.8781
8455-210777-0046,61,0,0.0452,0.813
8455-210777-0046,672,0,0.1229,0.8793
8455-210777-0046,6930,0,-0.0648,0.824
8455-210777-0046,7021,0,-0.0333,0.6738
8455-210777-0046,7127,0,0.1628,0.6883
8455-210777-0046,7176,0,-0.0483,0.8274
8455-210777-0046,7729,0,0.2014,0.7803
8455-210777-0046,8224,0,0.069,0.7763
8455-210777-0046,8230,0,0.178,0.855
8455-210777-0046,8455,1,0.1587,0.7762
8455-210777-0046,908,0,-0.087,0.8197
8455-210777-0056,1089,0,0.2084,0.8109
8455-210777-0056,1188,0,0.1837,0.8642
8455-210777-0056,1320,0,0.1515,0.7457
8455-210777-0056,2300,0,0.109,0.4693
8455-210777-0056,260,0,0.0714,0.8756
8455-210777-0056,2830,0,0.2474,0.8332
8455-210777-0056,4077,0,0.1212,0.777
8455-210777-0056,5105,0,0.1609,0.798
8455-210777-0056,5639,0,0.3426,0.9389
8455-210777-0056,61,0,0.1067,0.816
8455-210777-0056,672,0,0.2467,0.8905
8455-210777-0056,6930,0,-0.0558,0.7831
8455-210777-0056,7021,0,0.1959,0.6913
8455-210777-0056,7127,0,0.2274,0.7082
8455-210777-0056,7176,0,0.0533,0.8134
8455-210777-0056,7729,0,0.2278,0.7823
8455-210777-0056,8224,0,0.0278,0.8487
8455-210777-0056,8230,0,0.1327,0.8424
8455-210777-0056,8455,1,0.1147,0.7119
8455-210777-0056,908,0,-0.023,0.8145
8463-287645-0002,121,0,0.0277,0.7773
8463-287645-0002,1221,0,0.1314,0.6559
8463-287645-0002,1284,0,0.0596,0.8575
8463-287645-0002,1580,0,0.1471,0.747
8463-287645-0002,1995,0,0.1353,0.7849
8463-287645-0002,2094,0,-0.0356,0.7442
8463-287645-0002,237,0,0.0504,0.6573
8463-287645-0002,2961,0,0.1514,0.766
8463-287645-0002,3570,0,0.0639,0.6271
8463-287645-0002,3575,0,0.0322,0.492
8463-287645-0002,3729,0,0.1612,0.731
8463-287645-0002,4446,0,-0.0497,0.7789
8463-287645-0002,4507,0,0.1367,0.6305
8463-287645-0002,4970,0,-0.0878,0.4335
8463-287645-0002,4992,0,0.213,0.7207
8463-287645-0002,5142,0,0.0616,0.5721
8463-287645-0002,5683,0,0.0622,0.616
8463-287645-0002,6829,0,0.0629,0.6244
8463-287645-0002,8463,1,0.0659,0.7216
8463-287645-0002,8555,0,0.0337,0.4896
8463-287645-0003,121,0,0.0082,0.7405
8463-287645-0003,1221,0,0.0502,0.6458
8463-287645-0003,1284,0,0.0277,0.8511
8463-287645-0003,1580,0,0.0794,0.7265
8463-287645-0003,1995,0,0.0022,0.7957
8463-287645-0003,2094,0,0.0262,0.7433
8463-287645-0003,237,0,-0.0485,0.6398
8463-287645-0003,2961,0,0.1332,0.7111
8463-287645-0003,3570,0,0.0243,0.5841
8463-287645-0003,3575,0,0.0137,0.4836
8463-287645-0003,3729,0,0.0588,0.6961
8463-287645-0003,4446,0,-0.0168,0.7634
8463-287645-0003,4507,0,0.0538,0.6123
8463-287645-0003,4970,0,-0.0646,0.4343
8463-287645-0003,4992,0,0.1443,0.7151
8463-287645-0003,5142,0,0.0869,0.5955
8463-287645-0003,5683,0,0.0787,0.6072
8463-287645-0003,6829,0,0.0854,0.6139
8463-287645-0003,8463,1,0.0551,0.7053
8463-287645-0003,8555,0,0.0681,0.5116
8463-294825-0010,121,0,-0.0107,0.7793
8463-294825-0010,1221,0,0.0313,0.6758
8463-294825-0010,1284,0,0.0406,0.8624
8463-294825-0010,1580,0,0.0581,0.7854
8463-294825-0010,1995,0,0.1601,0.773
8463-294825-0010,2094,0,0.0295,0.7615
8463-294825-0010,237,0,-0.0702,0.6588
8463-294825-0010,2961,0,0.1494,0.759
8463-294825-0010,3570,0,0.042,0.6368
8463-294825-0010,3575,0,-0.0187,0.5366
8463-294825-0010,3729,0,0.0477,0.7538
8463-294825-0010,4446,0,-0.0396,0.79
8463-294825-0010,4507,0,0.0557,0.6749
8463-294825-0010,4970,0,-0.0334,0.4831
8463-294825-0010,4992,0,0.0615,0.7266
8463-294825-0010,5142,0,0.0501,0.6147
8463-294825-0010,5683,0,0.102,0.6839
8463-294825-0010,6829,0,0.0302,0.6515
8463-294825-0010,8463,1,-0.0179,0.7134
8463-294825-0010,8555,0,0.0692,0.5492
8463-294825-0016,121,0,0.0348,0.7628
8463-294825-0016,1221,0,0.123,0.5674
8463-294825-0016,1284,0,0.0725,0.7689
8463-294825-0016,1580,0,0.0513,0.6882
8463-294825-0016,1995,0,0.15,0.7343
8463-294825-0016,2094,0,-0.0213,0.6497
8463-294825-0016,237,0,0.0347,0.619
8463-294825-0016,2961,0,0.1394,0.7847
8463-294825-0016,3570,0,0.099,0.7059
8463-294825-0016,3575,0,0.0545,0.5293
8463-294825-0016,3729,0,0.0785,0.6719
8463-294825-0016,4446,0,-0.0747,0.6748
8463-294825-0016,4507,0,0.1093,0.599
8463-294825-0016,4970,0,0.0149,0.4058
8463-294825-0016,4992,0,0.074,0.6034
8463-294825-0016,5142,0,0.0931,0.4539
8463-294825-0016,5683,0,0.1659,0.5918
8463-294825-0016,6829,0,0.0438,0.528
8463-294825-0016,8463,1,-0.0026,0.5853
8463-294825-0016,8555,0,0.0595,0.4617
8463-294828-0002,121,0,0.0552,0.8128
8463-294828-0002,1221,0,0.1291,0.706
8463-294828-0002,1284,0,-0.0146,0.8919
8463-294828-0002,1580,0,0.1131,0.8324
8463-294828-0002,1995,0,0.0437,0.8207
8463-294828-0002,2094,0,-0.0105,0.796
8463-294828-0002,237,0,0.0644,0.7187
8463-294828-0002,2961,0,0.1545,0.7783
8463-294828-0002,3570,0,0.0388,0.6674
8463-294828-0002,3575,0,0.065,0.5655
8463-294828-0002,3729,0,0.1239,0.7643
8463-294828-0002,4446,0,-0.0577,0.8183
8463-294828-0002,4507,0,0.0417,0.6861
8463-294828-0002,4970,0,-0.092,0.4912
8463-294828-0002,4992,0,0.1551,0.7638
8463-294828-0002,5142,0,0.0826,0.6156
8463-294828-0002,5683,0,0.0902,0.7016
8463-294828-0002,6829,0,-0.0512,0.6643
8463-294828-0002,8463,1,0.0237,0.7447
8463-294828-0002,8555,0,0.0506,0.5619
8463-294828-0010,121,0,-0.0222,0.7671
8463-294828-0010,1221,0,0.0837,0.5977
8463-294828-0010,1284,0,0.0094,0.7968
8463-294828-0010,1580,0,0.028,0.6838
8463-294828-0010,1995,0,0.0522,0.7539
8463-294828-0010,2094,0,-0.0457,0.6836
8463-294828-0010,237,0,-0.0121,0.6082
8463-294828-0010,2961,0,0.0758,0.8072
8463-294828-0010,3570,0,0.0609,0.6547
8463-294828-0010,3575,0,0.0217,0.4836
8463-294828-0010,3729,0,0.1014,0.7098
8463-294828-0010,4446,0,-0.0217,0.7187
8463-294828-0010,4507,0,0.0966,0.6071
8463-294828-0010,4970,0,-0.0745,0.4192
8463-294828-0010,4992,0,0.1968,0.664
8463-294828-0010,5142,0,0.1027,0.5342
8463-294828-0010,5683,0,0.0652,0.5841
8463-294828-0010,6829,0,0.0258,0.584
8463-294828-0010,8463,1,0.0108,0.6822
8463-294828-0010,8555,0,0.0739,0.4702
8463-294828-0012,121,0,0.0712,0.7832
8463-294828-0012,1221,0,0.0997,0.6442
8463-294828-0012,1284,0,0.2097,0.8574
8463-294828-0012,1580,0,0.1425,0.786
8463-294828-0012,1995,0,0.1113,0.7562
8463-294828-0012,2094,0,-0.0346,0.7292
8463-294828-0012,237,0,0.0711,0.6505
8463-294828-0012,2961,0,0.1409,0.7763
8463-294828-0012,3570,0,0.1134,0.6514
8463-294828-0012,3575,0,0.1166,0.5381
8463-294828-0012,3729,0,0.1139,0.7214
8463-294828-0012,4446,0,0.0523,0.7657
8463-294828-0012,4507,0,0.0802,0.6279
8463-294828-0012,4970,0,-0.0562,0.4411
8463-294828-0012,4992,0,0.1166,0.6869
8463-294828-0012,5142,0,0.0971,0.5289
8463-294828-0012,5683,0,0.0038,0.6574
8463-294828-0012,6829,0,0.056,0.5995
8463-294828-0012,8463,1,-0.0396,0.6781
8463-294828-0012,8555,0,0.0407,0.4861
8463-294828-0014,121,0,0.0461,0.76
8463-294828-0014,1221,0,0.0138,0.6877
8463-294828-0014,1284,0,0.087,0.8802
8463-294828-0014,1580,0,0.0879,0.788
8463-294828-0014,1995,0,0.154,0.7835
8463-294828-0014,2094,0,-0.0348,0.7525
8463-294828-0014,237,0,0.0131,0.6682
8463-294828-0014,2961,0,0.1025,0.7322
8463-294828-0014,3570,0,0.095,0.6311
8463-294828-0014,3575,0,0.0879,0.5062
8463-294828-0014,3729,0,0.0924,0.7398
8463-294828-0014,4446,0,-0.0229,0.809
8463-294828-0014,4507,0,0.0908,0.6515
8463-294828-0014,4970,0,-0.0215,0.4561
8463-294828-0014,4992,0,0.147,0.7352
8463-294828-0014,5142,0,0.1428,0.603
8463-294828-0014,5683,0,0.0334,0.655
8463-294828-0014,6829,0,0.0392,0.6458
8463-294828-0014,8463,1,0.0027,0.6996
8463-294828-0014,8555,0,0.0481,0.537
8463-294828-0031,121,0,0.0282,0.7881
8463-294828-0031,1221,0,0.0475,0.63
8463-294828-0031,1284,0,-0.0189,0.8309
8463-294828-0031,1580,0,0.0635,0.7645
8463-294828-0031,1995,0,0.1032,0.7743
8463-294828-0031,2094,0,-0.0161,0.7187
8463-294828-0031,237,0,-0.055,0.6392
8463-294828-0031,2961,0,0.1602,0.7918
8463-294828-0031,3570,0,0.1166,0.6501
8463-294828-0031,3575,0,-0.0464,0.5094
8463-294828-0031,3729,0,0.1719,0.7136
8463-294828-0031,4446,0,-0.0526,0.745
8463-294828-0031,4507,0,0.1397,0.6226
8463-294828-0031,4970,0,-0.0564,0.408
8463-294828-0031,4992,0,0.1444,0.6913
8463-294828-0031,5142,0,0.0903,0.5275
8463-294828-0031,5683,0,0.012,0.6292
8463-294828-0031,6829,0,-0.0136,0.5864
8463-294828-0031,8463,1,0.0121,0.6822
8463-294828-0031,8555,0,0.0774,0.4849
8463-294828-0036,121,0,-0.0564,0.7735
8463-294828-0036,1221,0,0.0335,0.672
8463-294828-0036,1284,0,0.1303,0.8801
8463-294828-0036,1580,0,0.0486,0.7825
8463-294828-0036,1995,0,0.1631,0.7726
8463-294828-0036,2094,0,0.0867,0.7699
8463-294828-0036,237,0,0.0087,0.6644
8463-294828-0036,2961,0,0.1526,0.7339
8463-294828-0036,3570,0,0.1614,0.6211
8463-294828-0036,3575,0,0.0237,0.5317
8463-294828-0036,3729,0,0.1133,0.7466
8463-294828-0036,4446,0,0.0321,0.8013
8463-294828-0036,4507,0,0.085,0.649
8463-294828-0036,4970,0,-0.0302,0.4721
8463-294828-0036,4992,0,0.1122,0.7251
8463-294828-0036,5142,0,0.1462,0.5965
8463-294828-0036,5683,0,0.0775,0.6687
8463-294828-0036,6829,0,0.0497,0.6378
8463-294828-0036,8463,1,0.0028,0.7147
8463-294828-0036,8555,0,0.03,0.5245
8555-284447-0002,121,0,0.0344,0.8147
8555-284447-0002,1221,0,0.1163,0.608
8555-284447-0002,1284,0,0.043,0.7642
8555-284447-0002,1580,0,0.0835,0.7061
8555-284447-0002,1995,0,0.0437,0.7897
8555-284447-0002,2094,0,-0.0808,0.7165
8555-284447-0002,237,0,0.0331,0.639
8555-284447-0002,2961,0,0.1869,0.8774
8555-284447-0002,3570,0,0.0282,0.7261
8555-284447-0002,3575,0,0.0417,0.5285
8555-284447-0002,3729,0,0.1099,0.7228
8555-284447-0002,4446,0,-0.0199,0.6983
8555-284447-0002,4507,0,0.0626,0.6466
8555-284447-0002,4970,0,-0.0067,0.4052
8555-284447-0002,4992,0,0.2175,0.6814
8555-284447-0002,5142,0,0.126,0.5184
8555-284447-0002,5683,0,0.1088,0.5962
8555-284447-0002,6829,0,0.0975,0.6095
8555-284447-0002,8463,0,0.0595,0.672
8555-284447-0002,8555,1,0.1087,0.4871
8555-284447-0014,121,0,0.0376,0.7173
8555-284447-0014,1221,0,0.087,0.593
8555-284447-0014,1284,0,0.0533,0.8222
8555-284447-0014,1580,0,0.0838,0.7048
8555-284447-0014,1995,0,0.1836,0.7496
8555-284447-0014,2094,0,-0.0502,0.6761
8555-284447-0014,237,0,0.0207,0.6151
8555-284447-0014,2961,0,0.1256,0.7567
8555-284447-0014,3570,0,0.0371,0.6113
8555-284447-0014,3575,0,0.0365,0.4869
8555-284447-0014,3729,0,0.1233,0.658
8555-284447-0014,4446,0,-0.1086,0.7161
8555-284447-0014,4507,0,0.1186,0.5807
8555-284447-0014,4970,0,-0.0603,0.4258
8555-284447-0014,4992,0,0.1156,0.6397
8555-284447-0014,5142,0,0.0796,0.523
8555-284447-0014,5683,0,0.0812,0.5894
8555-284447-0014,6829,0,0.0101,0.5669
8555-284447-0014,8463,0,-0.0012,0.632
8555-284447-0014,8555,1,0.055,0.4741
8555-284447-0017,121,0,0.0557,0.7688
8555-284447-0017,1221,0,0.1242,0.5982
8555-284447-0017,1284,0,0.0644,0.7929
8555-284447-0017,1580,0,0.0776,0.6894
8555-284447-0017,1995,0,0.0754,0.7636
8555-284447-0017,2094,0,0.015,0.691
8555-284447-0017,237,0,0.037,0.6084
8555-284447-0017,2961,0,0.1096,0.8149
8555-284447-0017,3570,0,0.1141,0.6442
8555-284447-0017,3575,0,0.02,0.4701
8555-284447-0017,3729,0,0.1554,0.7014
8555-284447-0017,4446,0,-0.0283,0.7162
8555-284447-0017,4507,0,0.1698,0.6091
8555-284447-0017,4970,0,-0.0258,0.3953
8555-284447-0017,4992,0,0.2116,0.6662
8555-284447-0017,5142,0,0.1434,0.5356
8555-284447-0017,5683,0,0.0502,0.5784
8555-284447-0017,6829,0,0.0815,0.5858
8555-284447-0017,8463,0,0.0247,0.6729
8555-284447-0017,8555,1,0.1292,0.4681
8555-284447-0024,121,0,0.0054,0.7497
8555-284447-0024,1221,0,0.0506,0.6366
8555-284447-0024,1284,0,0.0794,0.8486
8555-284447-0024,1580,0,0.0078,0.7797
8555-284447-0024,1995,0,0.2056,0.7342
8555-284447-0024,2094,0,0.0863,0.7222
8555-284447-0024,237,0,-0.0478,0.6289
8555-284447-0024,2961,0,0.084,0.7368
8555-284447-0024,3570,0,0.0655,0.6201
8555-284447-0024,3575,0,-0.0705,0.529
8555-284447-0024,3729,0,0.0991,0.7053
8555-284447-0024,4446,0,-0.0234,0.7519
8555-284447-0024,4507,0,0.159,0.6373
8555-284447-0024,4970,0,0.0094,0.4476
8555-284447-0024,4992,0,0.1761,0.6725
8555-284447-0024,5142,0,0.1166,0.5422
8555-284447-0024,5683,0,-0.0016,0.6539
8555-284447-0024,6829,0,0.0913,0.6037
8555-284447-0024,8463,0,-0.0064,0.6466
8555-284447-0024,8555,1,0.1101,0.4942
8555-284449-0004,121,0,-0.0155,0.7447
8555-284449-0004,1221,0,0.1259,0.5573
8555-284449-0004,1284,0,0.0781,0.7622
8555-284449-0004,1580,0,0.1132,0.6658
8555-284449-0004,1995,0,0.1672,0.7572
8555-284449-0004,2094,0,0.0039,0.6414
8555-284449-0004,237,0,0.0322,0.6088
8555-284449-0004,2961,0,0.1822,0.799
8555-284449-0004,3570,0,0.1453,0.6687
8555-284449-0004,3575,0,0.0835,0.4892
8555-284449-0004,3729,0,0.0683,0.6484
8555-284449-0004,4446,0,-0.0025,0.665
8555-284449-0004,4507,0,0.0519,0.5798
8555-284449-0004,4970,0,-0.0487,0.3845
8555-284449-0004,4992,0,0.1758,0.6123
8555-284449-0004,5142,0,0.13,0.4765
8555-284449-0004,5683,0,0.0798,0.5565
8555-284449-0004,6829,0,0.0401,0.5318
8555-284449-0004,8463,0,0.0086,0.5971
8555-284449-0004,8555,1,0.063,0.4621
8555-284449-0019,121,0,0.037,0.7874
8555-284449-0019,1221,0,0.1177,0.7447
8555-284449-0019,1284,0,0.1505,0.9179
8555-284449-0019,1580,0,0.1114,0.8276
8555-284449-0019,1995,0,0.1003,0.8083
8555-284449-0019,2094,0,0.1139,0.8042
8555-284449-0019,237,0,0.0857,0.7183
8555-284449-0019,2961,0,0.1306,0.7358
8555-284449-0019,3570,0,0.143,0.6367
8555-284449-0019,3575,0,0.1383,0.5711
8555-284449-0019,3729,0,0.1219,0.7877
8555-284449-0019,4446,0,0.0061,0.8568
8555-284449-0019,4507,0,0.1348,0.6988
8555-284449-0019,4970,0,0.0158,0.5488
8555-284449-0019,4992,0,0.1,0.7864
8555-284449-0019,5142,0,0.1656,0.6819
8555-284449-0019,5683,0,0.1145,0.7254
8555-284449-0019,6829,0,-0.0058,0.7023
8555-284449-0019,8463,0,-0.0228,0.7737
8555-284449-0019,8555,1,0.115,0.6067
8555-284449-0020,121,0,0.0183,0.6814
8555-284449-0020,1221,0,0.098,0.5399
8555-284449-0020,1284,0,0.0858,0.7587
8555-284449-0020,1580,0,0.0986,0.6578
8555-284449-0020,1995,0,0.0719,0.6771
8555-284449-0020,2094,0,-0.0622,0.6104
8555-284449-0020,237,0,-0.0233,0.5403
8555-284449-0020,2961,0,0.1007,0.7198
8555-284449-0020,3570,0,0.0586,0.6057
8555-284449-0020,3575,0,0.0264,0.4467
8555-284449-0020,3729,0,0.0852,0.6102
8555-284449-0020,4446,0,0.0714,0.6521
8555-284449-0020,4507,0,0.1251,0.5626
8555-284449-0020,4970,0,0.0078,0.365
8555-284449-0020,4992,0,0.1897,0.5684
8555-284449-0020,5142,0,0.1582,0.4595
8555-284449-0020,5683,0,0.1043,0.5368
8555-284449-0020,6829,0,0.0144,0.5141
8555-284449-0020,8463,0,0.0551,0.5479
8555-284449-0020,8555,1,0.0742,0.4282
8555-292519-0005,121,0,-0.0127,0.7615
8555-292519-0005,1221,0,0.0871,0.693
8555-292519-0005,1284,0,0.0889,0.878
8555-292519-0005,1580,0,0.0648,0.7722
8555-292519-0005,1995,0,0.1584,0.7562
8555-292519-0005,2094,0,-0.0033,0.7445
8555-292519-0005,237,0,0.0255,0.6591
8555-292519-0005,2961,0,0.1737,0.7106
8555-292519-0005,3570,0,0.1712,0.6228
8555-292519-0005,3575,0,0.0686,0.546
8555-292519-0005,3729,0,0.1198,0.7444
8555-292519-0005,4446,0,0.02,0.7978
8555-292519-0005,4507,0,0.1636,0.6526
8555-292519-0005,4970,0,-0.013,0.5112
8555-292519-0005,4992,0,0.1729,0.7207
8555-292519-0005,5142,0,0.1854,0.6045
8555-292519-0005,5683,0,0.1318,0.6768
8555-292519-0005,6829,0,0.0744,0.6396
8555-292519-0005,8463,0,-0.0079,0.72
8555-292519-0005,8555,1,0.0682,0.5369
8555-292519-0007,121,0,0.0076,0.7446
8555-292519-0007,1221,0,0.1113,0.659
8555-292519-0007,1284,0,0.1032,0.8721
8555-292519-0007,1580,0,0.0779,0.7616
8555-292519-0007,1995,0,0.2197,0.7747
8555-292519-0007,2094,0,0.0568,0.7436
8555-292519-0007,237,0,0.0636,0.6514
8555-292519-0007,2961,0,0.187,0.7202
8555-292519-0007,3570,0,0.1493,0.606
8555-292519-0007,3575,0,0.0285,0.528
8555-292519-0007,3729,0,0.2246,0.7108
8555-292519-0007,4446,0,0.033,0.7745
8555-292519-0007,4507,0,0.163,0.6301
8555-292519-0007,4970,0,0.001,0.4713
8555-292519-0007,4992,0,0.1266,0.7038
8555-292519-0007,5142,0,0.1447,0.5784
8555-292519-0007,5683,0,0.071,0.6436
8555-292519-0007,6829,0,0.0583,0.6296
8555-292519-0007,8463,0,0.0029,0.695
8555-292519-0007,8555,1,0.0457,0.5084
8555-292519-0013,121,0,0.0102,0.6668
8555-292519-0013,1221,0,0.0742,0.5581
8555-292519-0013,1284,0,0.1296,0.8093
8555-292519-0013,1580,0,0.1538,0.6802
8555-292519-0013,1995,0,0.1608,0.7339
8555-292519-0013,2094,0,0.1494,0.6669
8555-292519-0013,237,0,0.065,0.5776
8555-292519-0013,2961,0,0.1887,0.6647
8555-292519-0013,3570,0,0.1425,0.5394
8555-292519-0013,3575,0,0.0827,0.4712
8555-292519-0013,3729,0,0.228,0.6061
8555-292519-0013,4446,0,0.0115,0.6865
8555-292519-0013,4507,0,0.1683,0.5254
8555-292519-0013,4970,0,0.0318,0.3961
8555-292519-0013,4992,0,0.1508,0.615
8555-292519-0013,5142,0,0.1025,0.4957
8555-292519-0013,5683,0,0.0463,0.5621
8555-292519-0013,6829,0,0.0418,0.5243
8555-292519-0013,8463,0,0.108,0.6054
8555-292519-0013,8555,1,0.0418,0.449
908-157963-0009,1089,0,0.1466,0.8448
908-157963-0009,1188,0,0.2046,0.8881
908-157963-0009,1320,0,0.2131,0.7907
908-157963-0009,2300,0,0.0974,0.5422
908-157963-0009,260,0,0.1909,0.9038
908-157963-0009,2830,0,0.1658,0.8477
908-157963-0009,4077,0,0.0245,0.8155
908-157963-0009,5105,0,0.097,0.8492
908-157963-0009,5639,0,0.2373,0.9375
908-157963-0009,61,0,0.0607,0.8479
908-157963-0009,672,0,0.2603,0.9056
908-157963-0009,6930,0,-0.0427,0.8158
908-157963-0009,7021,0,0.0154,0.757
908-157963-0009,7127,0,0.1984,0.7516
908-157963-0009,7176,0,-0.0005,0.8461
908-157963-0009,7729,0,0.1444,0.8386
908-157963-0009,8224,0,0.1761,0.8415
908-157963-0009,8230,0,0.0577,0.8637
908-157963-0009,8455,0,0.131,0.7523
908-157963-0009,908,1,-0.0809,0.8553
908-157963-0010,1089,0,0.2764,0.8991
908-157963-0010,1188,0,0.2378,0.8836
908-157963-0010,1320,0,0.0666,0.863
908-157963-0010,2300,0,0.1429,0.6777
908-157963-0010,260,0,0.0603,0.9396
908-157963-0010,2830,0,0.2408,0.8389
908-157963-0010,4077,0,-0.0087,0.8835
908-157963-0010,5105,0,-0.0314,0.8639
908-157963-0010,5639,0,0.094,0.8516
908-157963-0010,61,0,0.1127,0.9
908-157963-0010,672,0,0.1108,0.9203
908-157963-0010,6930,0,0.047,0.8998
908-157963-0010,7021,0,-0.0198,0.8076
908-157963-0010,7127,0,0.2743,0.8093
908-157963-0010,7176,0,-0.114,0.9063
908-157963-0010,7729,0,0.0734,0.8615
908-157963-0010,8224,0,0.0577,0.7519
908-157963-0010,8230,0,0.1945,0.8937
908-157963-0010,8455,0,0.1982,0.8834
908-157963-0010,908,1,-0.0278,0.8875
908-157963-0011,1089,0,0.2169,0.9206
908-157963-0011,1188,0,0.1651,0.9261
908-157963-0011,1320,0,0.2399,0.8394
908-157963-0011,2300,0,0.092,0.5956
908-157963-0011,260,0,0.1336,0.9267
908-157963-0011,2830,0,0.1797,0.8728
908-157963-0011,4077,0,0.1101,0.8368
908-157963-0011,5105,0,0.1344,0.8589
908-157963-0011,5639,0,0.2219,0.9001
908-157963-0011,61,0,0.0509,0.8856
908-157963-0011,672,0,0.2252,0.9467
908-157963-0011,6930,0,0.0564,0.8376
908-157963-0011,7021,0,0.071,0.7935
908-157963-0011,7127,0,0.2119,0.7908
908-157963-0011,7176,0,-0.0456,0.9012
908-157963-0011,7729,0,0.2074,0.8572
908-157963-0011,8224,0,0.0667,0.7916
908-157963-0011,8230,0,0.1252,0.9308
908-157963-0011,8455,0,0.2083,0.8174
908-157963-0011,908,1,-0.0358,0.8937
908-157963-0015,1089,0,0.1764,0.8721
908-157963-0015,1188,0,0.1387,0.8942
908-157963-0015,1320,0,0.1405,0.7806
908-157963-0015,2300,0,0.1199,0.5473
908-157963-0015,260,0,0.2088,0.9218
908-157963-0015,2830,0,0.1542,0.8497
908-157963-0015,4077,0,0.0729,0.8213
908-157963-0015,5105,0,0.0496,0.8073
908-157963-0015,5639,0,0.163,0.9264
908-157963-0015,61,0,0.0542,0.8741
908-157963-0015,672,0,0.1875,0.9107
908-157963-0015,6930,0,-0.0273,0.8144
908-157963-0015,7021,0,0.0293,0.7399
908-157963-0015,7127,0,0.1687,0.7374
908-157963-0015,7176,0,-0.123,0.8696
908-157963-0015,7729,0,0.2038,0.8564
908-157963-0015,8224,0,0.0908,0.778
908-157963-0015,8230,0,0.1015,0.8957
908-157963-0015,8455,0,0.1283,0.7656
908-157963-0015,908,1,-0.0731,0.8812
908-157963-0016,1089,0,0.1779,0.9144
908-157963-0016,1188,0,0.118,0.9109
908-157963-0016,1320,0,0.0622,0.8592
908-157963-0016,2300,0,0.075,0.6603
908-157963-0016,260,0,0.1576,0.9185
908-157963-0016,2830,0,0.2048,0.8508
908-157963-0016,4077,0,0.0116,0.8826
908-157963-0016,5105,0,0.0436,0.8604
908-157963-0016,5639,0,0.2339,0.887
908-157963-0016,61,0,0.0678,0.8681
908-157963-0016,672,0,0.2427,0.9286
908-157963-0016,6930,0,-0.0841,0.8489
908-157963-0016,7021,0,0.0023,0.7932
908-157963-0016,7127,0,0.1782,0.8299
908-157963-0016,7176,0,0.0122,0.8731
908-157963-0016,7729,0,0.2191,0.8694
908-157963-0016,8224,0,0.0572,0.7941
908-157963-0016,8230,0,0.188,0.8917
908-157963-0016,8455,0,0.1198,0.8542
908-157963-0016,908,1,-0.0723,0.8749
908-157963-0023,1089,0,0.2592,0.8455
908-157963-0023,1188,0,0.172,0.8476
908-157963-0023,1320,0,0.1971,0.7646
908-157963-0023,2300,0,0.1254,0.5315
908-157963-0023,260,0,0.1292,0.8731
908-157963-0023,2830,0,0.1884,0.7845
908-157963-0023,4077,0,0.06,0.7938
908-157963-0023,5105,0,0.0138,0.7954
908-157963-0023,5639,0,0.2854,0.9366
908-157963-0023,61,0,0.0621,0.8141
908-157963-0023,672,0,0.3683,0.9127
908-157963-0023,6930,0,-0.0763,0.7955
908-157963-0023,7021,0,0.0316,0.7248
908-157963-0023,7127,0,0.27,0.7002
908-157963-0023,7176,0,-0.0723,0.8053
908-157963-0023,7729,0,0.2305,0.8091
908-157963-0023,8224,0,0.0376,0.8429
908-157963-0023,8230,0,0.1011,0.8387
908-157963-0023,8455,0,0.1191,0.7552
908-157963-0023,908,1,-0.0553,0.8606
908-157963-0025,1089,0,0.183,0.8588
908-157963-0025,1188,0,0.1629,0.8484
908-157963-0025,1320,0,0.1429,0.7841
908-157963-0025,2300,0,0.2561,0.5808
908-157963-0025,260,0,0.157,0.8988
908-157963-0025,2830,0,0.176,0.7975
908-157963-0025,4077,0,0.084,0.8421
908-157963-0025,5105,0,-0.0022,0.809
908-157963-0025,5639,0,0.1903,0.9364
908-157963-0025,61,0,0.0924,0.8479
908-157963-0025,672,0,0.23,0.9155
908-157963-0025,6930,0,0.0311,0.8318
908-157963-0025,7021,0,0.1586,0.7494
908-157963-0025,7127,0,0.2518,0.7307
908-157963-0025,7176,0,-0.0765,0.83
908-157963-0025,7729,0,0.1935,0.854
908-157963-0025,8224,0,0.0939,0.8079
908-157963-0025,8230,0,0.0899,0.8409
908-157963-0025,8455,0,0.1748,0.7823
908-157963-0025,908,1,-0.0651,0.8912
908-31957-0005,1089,0,0.236,0.9016
908-31957-0005,1188,0,0.1798,0.9474
908-31957-0005,1320,0,0.1827,0.8576
908-31957-0005,2300,0,0.0687,0.6258
908-31957-0005,260,0,0.2371,0.9428
908-31957-0005,2830,0,0.2231,0.8998
908-31957-0005,4077,0,0.0432,0.8665
908-31957-0005,5105,0,0.0509,0.8852
908-31957-0005,5639,0,0.1652,0.8851
908-31957-0005,61,0,-0.0494,0.9007
908-31957-0005,672,0,0.2096,0.9248
908-31957-0005,6930,0,0.0037,0.8159
908-31957-0005,7021,0,0.0212,0.8102
908-31957-0005,7127,0,0.1767,0.8385
908-31957-0005,7176,0,-0.0489,0.9187
908-31957-0005,7729,0,0.136,0.8896
908-31957-0005,8224,0,0.0468,0.7603
908-31957-0005,8230,0,0.0233,0.9163
908-31957-0005,8455,0,0.1331,0.8153
908-31957-0005,908,1,-0.0811,0.8876
908-31957-0022,1089,0,0.2282,0.8861
908-31957-0022,1188,0,0.1434,0.8628
908-31957-0022,1320,0,0.1739,0.7903
908-31957-0022,2300,0,0.1625,0.5663
908-31957-0022,260,0,0.1318,0.8996
908-31957-0022,2830,0,0.1838,0.8101
908-31957-0022,4077,0,0.0579,0.8163
908-31957-0022,5105,0,0.0658,0.8171
908-31957-0022,5639,0,0.2652,0.9288
908-31957-0022,61,0,0.0638,0.8507
908-31957-0022,672,0,0.308,0.9352
908-31957-0022,6930,0,-0.0367,0.8203
908-31957-0022,7021,0,0.1116,0.7634
908-31957-0022,7127,0,0.2231,0.7261
908-31957-0022,7176,0,-0.116,0.8382
908-31957-0022,7729,0,0.2053,0.8335
908-31957-0022,8224,0,0.0823,0.803
908-31957-0022,8230,0,0.1301,0.8726
908-31957-0022,8455,0,0.1765,0.7717
908-31957-0022,908,1,-0.1137,0.8998
908-31957-0024,1089,0,0.1559,0.8798
908-31957-0024,1188,0,0.2102,0.8711
908-31957-0024,1320,0,0.1953,0.8313
908-31957-0024,2300,0,0.2219,0.6676
908-31957-0024,260,0,0.0529,0.8955
908-31957-0024,2830,0,0.1588,0.7957
908-31957-0024,4077,0,0.153,0.8398
908-31957-0024,5105,0,0.0303,0.8357
908-31957-0024,5639,0,0.2655,0.8962
908-31957-0024,61,0,0.1006,0.8362
908-31957-0024,672,0,0.2764,0.9325
908-31957-0024,6930,0,-0.0777,0.8511
908-31957-0024,7021,0,0.0925,0.7945
908-31957-0024,7127,0,0.1824,0.7545
908-31957-0024,7176,0,-0.0886,0.8202
908-31957-0024,7729,0,0.1624,0.847
908-31957-0024,8224,0,0.0951,0.8386
908-31957-0024,8230,0,0.0518,0.8374
908-31957-0024,8455,0,0.1569,0.8419
908-31957-0024,908,1,-0.1284,0.8933
