trial,model_spk,target,ecapa,wavlm
1089-134686-0006,1089,1,0.0758,0.7216
1089-134686-0006,1188,0,0.1352,0.7744
1089-134686-0006,1320,0,0.0233,0.6595
1089-134686-0006,2300,0,0.0383,0.5369
1089-134686-0006,260,0,-0.081,0.7787
1089-134686-0006,2830,0,0.0931,0.7141
1089-134686-0006,4077,0,0.0333,0.699
1089-134686-0006,5105,0,0.0852,0.7134
1089-134686-0006,5639,0,0.0927,0.8567
1089-134686-0006,61,0,0.1542,0.7781
1089-134686-0006,672,0,-0.0102,0.7837
1089-134686-0006,6930,0,-0.1072,0.6973
1089-134686-0006,7021,0,0.0057,0.6723
1089-134686-0006,7127,0,0.0776,0.6027
1089-134686-0006,7176,0,-0.0444,0.7333
1089-134686-0006,7729,0,0.2256,0.8126
1089-134686-0006,8224,0,0.0735,0.8079
1089-134686-0006,8230,0,0.0762,0.7385
1089-134686-0006,8455,0,-0.081,0.6373
1089-134686-0006,908,0,0.0032,0.8017
1089-134686-0007,1089,1,-0.1006,0.7445
1089-134686-0007,1188,0,0.1203,0.7708
1089-134686-0007,1320,0,-0.0019,0.6775
1089-134686-0007,2300,0,0.0729,0.4834
1089-134686-0007,260,0,-0.0224,0.8018
1089-134686-0007,2830,0,0.1202,0.7241
1089-134686-0007,4077,0,-0.0237,0.74
1089-134686-0007,5105,0,0.0282,0.7295
1089-134686-0007,5639,0,0.1278,0.9109
1089-134686-0007,61,0,0.0184,0.752
1089-134686-0007,672,0,0.2015,0.8293
1089-134686-0007,6930,0,0.0374,0.7549
1089-134686-0007,7021,0,-0.0362,0.6465
1089-134686-0007,7127,0,0.0168,0.6301
1089-134686-0007,7176,0,-0.1138,0.7203
1089-134686-0007,7729,0,0.0494,0.7659
1089-134686-0007,8224,0,0.1552,0.8596
1089-134686-0007,8230,0,-0.055,0.7447
1089-134686-0007,8455,0,-0.0309,0.6747
1089-134686-0007,908,0,-0.002,0.7833
1089-134686-0010,1089,1,0.0701,0.8068
1089-134686-0010,1188,0,0.2133,0.8345
1089-134686-0010,1320,0,0.0677,0.6992
1089-134686-0010,2300,0,0.0593,0.4822
1089-134686-0010,260,0,0.0464,0.8224
1089-134686-0010,2830,0,0.1123,0.7881
1089-134686-0010,4077,0,0.0548,0.7185
1089-134686-0010,5105,0,0.0715,0.7557
1089-134686-0010,5639,0,0.0854,0.9112
1089-134686-0010,61,0,0.1389,0.7927
1089-134686-0010,672,0,0.1019,0.8451
1089-134686-0010,6930,0,-0.176,0.7193
1089-134686-0010,7021,0,0.0201,0.697
1089-134686-0010,7127,0,0.0758,0.66
1089-134686-0010,7176,0,-0.0128,0.7626
1089-134686-0010,7729,0,0.2173,0.816
1089-134686-0010,8224,0,-0.0618,0.7828
1089-134686-0010,8230,0,0.0313,0.8217
1089-134686-0010,8455,0,-0.1032,0.6472
1089-134686-0010,908,0,0.0113,0.8345
1089-134686-0012,1089,1,0.1228,0.6982
1089-134686-0012,1188,0,0.2326,0.7517
1089-134686-0012,1320,0,-0.0334,0.6085
1089-134686-0012,2300,0,0.0019,0.4174
1089-134686-0012,260,0,0.0702,0.7802
1089-134686-0012,2830,0,0.2098,0.7179
1089-134686-0012,4077,0,0.0168,0.6442
1089-134686-0012,5105,0,0.078,0.6819
1089-134686-0012,5639,0,0.2697,0.8734
1089-134686-0012,61,0,0.0714,0.7593
1089-134686-0012,672,0,0.1853,0.7828
1089-134686-0012,6930,0,-0.067,0.6924
1089-134686-0012,7021,0,-0.0039,0.6215
1089-134686-0012,7127,0,0.0508,0.5405
1089-134686-0012,7176,0,-0.0931,0.7154
1089-134686-0012,7729,0,0.1735,0.7403
1089-134686-0012,8224,0,0.0998,0.799
1089-134686-0012,8230,0,0.0955,0.7439
1089-134686-0012,8455,0,0.0547,0.5792
1089-134686-0012,908,0,-0.0755,0.7822
1089-134686-0021,1089,1,0.1473,0.7818
1089-134686-0021,1188,0,0.2018,0.7527
1089-134686-0021,1320,0,0.0726,0.687
1089-134686-0021,2300,0,-0.0147,0.4873
1089-134686-0021,260,0,0.0602,0.7717
1089-134686-0021,2830,0,0.1713,0.6828
1089-134686-0021,4077,0,0.1201,0.7198
1089-134686-0021,5105,0,0.1421,0.7391
1089-134686-0021,5639,0,0.2257,0.901
1089-134686-0021,61,0,0.1764,0.7323
1089-134686-0021,672,0,0.2224,0.8664
1089-134686-0021,6930,0,-0.0312,0.7069
1089-134686-0021,7021,0,0.0445,0.6777
1089-134686-0021,7127,0,0.1592,0.6183
1089-134686-0021,7176,0,0.0401,0.7105
1089-134686-0021,7729,0,0.2388,0.7342
1089-134686-0021,8224,0,-0.0217,0.8743
1089-134686-0021,8230,0,0.126,0.7402
1089-134686-0021,8455,0,-0.0857,0.6538
1089-134686-0021,908,0,0.0506,0.8122
1089-134686-0026,1089,1,0.104,0.8365
1089-134686-0026,1188,0,0.1388,0.8543
1089-134686-0026,1320,0,-0.0987,0.7659
1089-134686-0026,2300,0,-0.0284,0.5782
1089-134686-0026,260,0,-0.0598,0.8446
1089-134686-0026,2830,0,0.0471,0.803
1089-134686-0026,4077,0,0.2342,0.8056
1089-134686-0026,5105,0,-0.0734,0.812
1089-134686-0026,5639,0,0.2384,0.9279
1089-134686-0026,61,0,0.0704,0.7911
1089-134686-0026,672,0,0.2045,0.874
1089-134686-0026,6930,0,-0.0636,0.7609
1089-134686-0026,7021,0,-0.1547,0.74
1089-134686-0026,7127,0,0.1509,0.7497
1089-134686-0026,7176,0,-0.0887,0.7567
1089-134686-0026,7729,0,0.0503,0.8462
1089-134686-0026,8224,0,0.0262,0.8364
1089-134686-0026,8230,0,0.1184,0.8111
1089-134686-0026,8455,0,-0.0486,0.7211
1089-134686-0026,908,0,-0.034,0.8268
1089-134686-0031,1089,1,0.2222,0.8175
1089-134686-0031,1188,0,0.1586,0.7864
1089-134686-0031,1320,0,0.0101,0.7275
1089-134686-0031,2300,0,-0.0387,0.5675
1089-134686-0031,260,0,-0.0842,0.8038
1089-134686-0031,2830,0,0.1789,0.7233
1089-134686-0031,4077,0,0.0604,0.7303
1089-134686-0031,5105,0,0.0852,0.7561
1089-134686-0031,5639,0,0.1203,0.8707
1089-134686-0031,61,0,0.0681,0.7498
1089-134686-0031,672,0,0.0765,0.8633
1089-134686-0031,6930,0,0.0365,0.7456
1089-134686-0031,7021,0,-0.0376,0.7384
1089-134686-0031,7127,0,0.1035,0.6567
1089-134686-0031,7176,0,0.0075,0.7166
1089-134686-0031,7729,0,0.1123,0.7851
1089-134686-0031,8224,0,-0.033,0.7924
1089-134686-0031,8230,0,0.0862,0.7611
1089-134686-0031,8455,0,-0.0941,0.6933
1089-134686-0031,908,0,0.0523,0.8577
1089-134691-0002,1089,1,0.1762,0.6857
1089-134691-0002,1188,0,0.2294,0.7099
1089-134691-0002,1320,0,-0.0183,0.5664
1089-134691-0002,2300,0,0.0836,0.3527
1089-134691-0002,260,0,-0.0338,0.7173
1089-134691-0002,2830,0,0.1843,0.6705
1089-134691-0002,4077,0,0.0039,0.59
1089-134691-0002,5105,0,-0.0004,0.6349
1089-134691-0002,5639,0,0.2383,0.851
1089-134691-0002,61,0,0.0737,0.6857
1089-134691-0002,672,0,0.1295,0.7651
1089-134691-0002,6930,0,-0.0684,0.623
1089-134691-0002,7021,0,0.0278,0.5811
1089-134691-0002,7127,0,0.1426,0.5033
1089-134691-0002,7176,0,0.0464,0.6492
1089-134691-0002,7729,0,0.156,0.6793
1089-134691-0002,8224,0,0.0452,0.7685
1089-134691-0002,8230,0,0.1575,0.7036
1089-134691-0002,8455,0,-0.0139,0.5182
1089-134691-0002,908,0,0.0375,0.7533
1089-134691-0008,1089,1,0.1184,0.7792
1089-134691-0008,1188,0,0.1706,0.793
1089-134691-0008,1320,0,-0.0506,0.7162
1089-134691-0008,2300,0,0.1153,0.5428
1089-134691-0008,260,0,-0.0063,0.7946
1089-134691-0008,2830,0,0.0695,0.7271
1089-134691-0008,4077,0,0.129,0.743
1089-134691-0008,5105,0,-0.0282,0.7724
1089-134691-0008,5639,0,0.1671,0.9077
1089-134691-0008,61,0,0.0842,0.7519
1089-134691-0008,672,0,0.1355,0.8487
1089-134691-0008,6930,0,-0.1312,0.7339
1089-134691-0008,7021,0,0.0002,0.7133
1089-134691-0008,7127,0,0.1585,0.6622
1089-134691-0008,7176,0,-0.1557,0.724
1089-134691-0008,7729,0,0.1771,0.7905
1089-134691-0008,8224,0,0.0759,0.8729
1089-134691-0008,8230,0,0.0806,0.7485
1089-134691-0008,8455,0,-0.0081,0.6794
1089-134691-0008,908,0,-0.1143,0.8193
1089-134691-0022,1089,1,0.1617,0.6972
1089-134691-0022,1188,0,0.2513,0.7424
1089-134691-0022,1320,0,0.0332,0.614
1089-134691-0022,2300,0,0.0067,0.3829
1089-134691-0022,260,0,0.1389,0.7564
1089-134691-0022,2830,0,0.2432,0.7164
1089-134691-0022,4077,0,0.1321,0.6566
1089-134691-0022,5105,0,0.1448,0.6827
1089-134691-0022,5639,0,0.2189,0.8966
1089-134691-0022,61,0,0.0536,0.6972
1089-134691-0022,672,0,0.1776,0.7786
1089-134691-0022,6930,0,-0.02,0.6616
1089-134691-0022,7021,0,0.0751,0.6029
1089-134691-0022,7127,0,0.1868,0.5783
1089-134691-0022,7176,0,-0.0663,0.6639
1089-134691-0022,7729,0,0.1749,0.7209
1089-134691-0022,8224,0,0.0128,0.7772
1089-134691-0022,8230,0,0.1787,0.7101
1089-134691-0022,8455,0,0.1363,0.5595
1089-134691-0022,908,0,-0.0406,0.7529
1188-133604-0003,1089,0,0.0985,0.8435
1188-133604-0003,1188,1,0.2799,0.8794
1188-133604-0003,1320,0,-0.0321,0.7763
1188-133604-0003,2300,0,-0.0228,0.5763
1188-133604-0003,260,0,0.0404,0.9016
1188-133604-0003,2830,0,0.1692,0.8389
1188-133604-0003,4077,0,0.0665,0.7796
1188-133604-0003,5105,0,0.0151,0.8153
1188-133604-0003,5639,0,0.0754,0.9052
1188-133604-0003,61,0,0.1672,0.8502
1188-133604-0003,672,0,0.0765,0.8957
1188-133604-0003,6930,0,-0.0557,0.8207
1188-133604-0003,7021,0,0.1213,0.7609
1188-133604-0003,7127,0,0.0706,0.7138
1188-133604-0003,7176,0,-0.0932,0.8238
1188-133604-0003,7729,0,0.1655,0.8385
1188-133604-0003,8224,0,0.0407,0.8075
1188-133604-0003,8230,0,0.1642,0.8532
1188-133604-0003,8455,0,-0.0284,0.7501
1188-133604-0003,908,0,-0.0035,0.8801
1188-133604-0004,1089,0,0.1568,0.7939
1188-133604-0004,1188,1,0.2146,0.8352
1188-133604-0004,1320,0,0.0275,0.7156
1188-133604-0004,2300,0,0.0498,0.5464
1188-133604-0004,260,0,-0.0085,0.8677
1188-133604-0004,2830,0,0.1668,0.7673
1188-133604-0004,4077,0,0.1548,0.7639
1188-133604-0004,5105,0,0.0329,0.7435
1188-133604-0004,5639,0,0.1117,0.8689
1188-133604-0004,61,0,0.1885,0.8426
1188-133604-0004,672,0,0.1679,0.848
1188-133604-0004,6930,0,-0.0521,0.8007
1188-133604-0004,7021,0,0.0386,0.6858
1188-133604-0004,7127,0,0.1914,0.6473
1188-133604-0004,7176,0,-0.0637,0.8285
1188-133604-0004,7729,0,0.1555,0.8101
1188-133604-0004,8224,0,0.1579,0.8161
1188-133604-0004,8230,0,0.2193,0.8303
1188-133604-0004,8455,0,0.0549,0.7465
1188-133604-0004,908,0,-0.0289,0.8354
1188-133604-0007,1089,0,0.1328,0.853
1188-133604-0007,1188,1,0.2175,0.848
1188-133604-0007,1320,0,-0.0108,0.8111
1188-133604-0007,2300,0,-0.0698,0.6986
1188-133604-0007,260,0,0.0206,0.8752
1188-133604-0007,2830,0,0.1089,0.7635
1188-133604-0007,4077,0,0.0476,0.8429
1188-133604-0007,5105,0,0.0528,0.8421
1188-133604-0007,5639,0,0.1262,0.8885
1188-133604-0007,61,0,0.1249,0.8362
1188-133604-0007,672,0,0.1104,0.8941
1188-133604-0007,6930,0,-0.0335,0.803
1188-133604-0007,7021,0,-0.0197,0.8137
1188-133604-0007,7127,0,0.0674,0.756
1188-133604-0007,7176,0,-0.0974,0.797
1188-133604-0007,7729,0,0.2357,0.8879
1188-133604-0007,8224,0,-0.0379,0.8121
1188-133604-0007,8230,0,0.1297,0.7982
1188-133604-0007,8455,0,-0.0491,0.7987
1188-133604-0007,908,0,-0.0236,0.8936
1188-133604-0012,1089,0,0.1197,0.7955
1188-133604-0012,1188,1,0.204,0.8482
1188-133604-0012,1320,0,0.01,0.7122
1188-133604-0012,2300,0,-0.0075,0.5102
1188-133604-0012,260,0,0.0837,0.8698
1188-133604-0012,2830,0,0.1567,0.7928
1188-133604-0012,4077,0,0.1416,0.7486
1188-133604-0012,5105,0,0.113,0.7498
1188-133604-0012,5639,0,0.1388,0.8912
1188-133604-0012,61,0,0.0987,0.8346
1188-133604-0012,672,0,0.1002,0.8634
1188-133604-0012,6930,0,-0.0217,0.7843
1188-133604-0012,7021,0,-0.0027,0.6818
1188-133604-0012,7127,0,0.0909,0.6494
1188-133604-0012,7176,0,-0.0407,0.8264
1188-133604-0012,7729,0,0.0997,0.8012
1188-133604-0012,8224,0,0.0567,0.8265
1188-133604-0012,8230,0,0.0733,0.8397
1188-133604-0012,8455,0,0.0201,0.7179
1188-133604-0012,908,0,0.0328,0.8379
1188-133604-0014,1089,0,0.0213,0.6543
1188-133604-0014,1188,1,0.1362,0.6588
1188-133604-0014,1320,0,-0.0437,0.5955
1188-133604-0014,2300,0,0.0061,0.4356
1188-133604-0014,260,0,0.0317,0.697
1188-133604-0014,2830,0,0.0109,0.5746
1188-133604-0014,4077,0,0.1581,0.628
1188-133604-0014,5105,0,0.0885,0.6331
1188-133604-0014,5639,0,0.1137,0.8185
1188-133604-0014,61,0,0.1343,0.6112
1188-133604-0014,672,0,0.1161,0.7557
1188-133604-0014,6930,0,0.0078,0.6396
1188-133604-0014,7021,0,0.1151,0.5931
1188-133604-0014,7127,0,0.0388,0.5129
1188-133604-0014,7176,0,-0.0479,0.5787
1188-133604-0014,7729,0,0.2143,0.643
1188-133604-0014,8224,0,-0.0374,0.7786
1188-133604-0014,8230,0,-0.0066,0.6054
1188-133604-0014,8455,0,0.0592,0.6007
1188-133604-0014,908,0,0.0973,0.7295
1188-133604-0018,1089,0,0.1121,0.854
1188-133604-0018,1188,1,0.2294,0.8682
1188-133604-0018,1320,0,-0.0446,0.7744
1188-133604-0018,2300,0,-0.0452,0.5768
1188-133604-0018,260,0,-0.0666,0.8684
1188-133604-0018,2830,0,0.1225,0.8126
1188-133604-0018,4077,0,0.1108,0.7938
1188-133604-0018,5105,0,0.0259,0.8152
1188-133604-0018,5639,0,0.2121,0.9208
1188-133604-0018,61,0,0.1841,0.8177
1188-133604-0018,672,0,-0.0068,0.89
1188-133604-0018,6930,0,-0.0376,0.7764
1188-133604-0018,7021,0,0.0377,0.7666
1188-133604-0018,7127,0,0.1427,0.7354
1188-133604-0018,7176,0,-0.0413,0.7949
1188-133604-0018,7729,0,0.2029,0.8618
1188-133604-0018,8224,0,-0.1171,0.795
1188-133604-0018,8230,0,0.1002,0.8346
1188-133604-0018,8455,0,-0.008,0.7309
1188-133604-0018,908,0,0.0069,0.8759
1188-133604-0025,1089,0,0.055,0.7813
1188-133604-0025,1188,1,0.2096,0.8412
1188-133604-0025,1320,0,-0.0019,0.7297
1188-133604-0025,2300,0,-0.0231,0.5529
1188-133604-0025,260,0,0.1466,0.8867
1188-133604-0025,2830,0,0.0563,0.7862
1188-133604-0025,4077,0,0.0722,0.7706
1188-133604-0025,5105,0,0.0689,0.7707
1188-133604-0025,5639,0,0.1705,0.8905
1188-133604-0025,61,0,0.1478,0.8422
1188-133604-0025,672,0,0.1902,0.8558
1188-133604-0025,6930,0,-0.0583,0.8071
1188-133604-0025,7021,0,0.0331,0.7048
1188-133604-0025,7127,0,0.0746,0.6598
1188-133604-0025,7176,0,-0.0983,0.8202
1188-133604-0025,7729,0,0.2009,0.8258
1188-133604-0025,8224,0,0.1189,0.8288
1188-133604-0025,8230,0,0.0943,0.8141
1188-133604-0025,8455,0,0.0847,0.736
1188-133604-0025,908,0,-0.0105,0.8445
1188-133604-0032,1089,0,0.0324,0.8422
1188-133604-0032,1188,1,0.168,0.844
1188-133604-0032,1320,0,0.0007,0.7984
1188-133604-0032,2300,0,0.0371,0.6519
1188-133604-0032,260,0,0.0036,0.8524
1188-133604-0032,2830,0,0.0576,0.7595
1188-133604-0032,4077,0,0.1079,0.8154
1188-133604-0032,5105,0,-0.0543,0.8324
1188-133604-0032,5639,0,0.1216,0.9079
1188-133604-0032,61,0,0.0602,0.7967
1188-133604-0032,672,0,0.2632,0.8875
1188-133604-0032,6930,0,-0.1132,0.7701
1188-133604-0032,7021,0,-0.0164,0.799
1188-133604-0032,7127,0,0.0484,0.7463
1188-133604-0032,7176,0,-0.1318,0.7594
1188-133604-0032,7729,0,0.1875,0.8575
1188-133604-0032,8224,0,0.0171,0.8293
1188-133604-0032,8230,0,0.0226,0.7773
1188-133604-0032,8455,0,0.0504,0.7627
1188-133604-0032,908,0,-0.0015,0.8773
1188-133604-0033,1089,0,0.0728,0.853
1188-133604-0033,1188,1,0.212,0.864
1188-133604-0033,1320,0,-0.0494,0.8204
1188-133604-0033,2300,0,-0.1093,0.7037
1188-133604-0033,260,0,0.0186,0.8649
1188-133604-0033,2830,0,0.1617,0.7756
1188-133604-0033,4077,0,0.1176,0.8242
1188-133604-0033,5105,0,0.0918,0.8398
1188-133604-0033,5639,0,0.0435,0.8709
1188-133604-0033,61,0,-0.0192,0.7932
1188-133604-0033,672,0,0.0892,0.8898
1188-133604-0033,6930,0,-0.1363,0.7839
1188-133604-0033,7021,0,-0.0627,0.8128
1188-133604-0033,7127,0,0.1026,0.769
1188-133604-0033,7176,0,-0.1728,0.7644
1188-133604-0033,7729,0,0.1062,0.8563
1188-133604-0033,8224,0,0.0395,0.821
1188-133604-0033,8230,0,0.0973,0.7841
1188-133604-0033,8455,0,-0.0004,0.7988
1188-133604-0033,908,0,0.0186,0.8644
1188-133604-0043,1089,0,0.0606,0.8115
1188-133604-0043,1188,1,0.2199,0.846
1188-133604-0043,1320,0,-0.0286,0.7384
1188-133604-0043,2300,0,0.0839,0.5664
1188-133604-0043,260,0,-0.0285,0.8689
1188-133604-0043,2830,0,0.1455,0.7886
1188-133604-0043,4077,0,0.0486,0.8047
1188-133604-0043,5105,0,0.1298,0.7873
1188-133604-0043,5639,0,0.1926,0.9231
1188-133604-0043,61,0,0.0853,0.8286
1188-133604-0043,672,0,0.1736,0.862
1188-133604-0043,6930,0,-0.031,0.7667
1188-133604-0043,7021,0,0.0413,0.7281
1188-133604-0043,7127,0,0.1374,0.704
1188-133604-0043,7176,0,-0.0396,0.7984
1188-133604-0043,7729,0,0.0936,0.8664
1188-133604-0043,8224,0,0.0695,0.7999
1188-133604-0043,8230,0,0.1223,0.8144
1188-133604-0043,8455,0,0.0493,0.7251
1188-133604-0043,908,0,0.0264,0.8487
121-121726-0002,121,1,0.1033,0.7384
121-121726-0002,1221,0,-0.0047,0.5856
121-121726-0002,1284,0,0.0495,0.7357
121-121726-0002,1580,0,-0.0236,0.6138
121-121726-0002,1995,0,0.0162,0.7449
121-121726-0002,2094,0,-0.0799,0.6721
121-121726-0002,237,0,0.0149,0.6077
121-121726-0002,2961,0,0.0696,0.7784
121-121726-0002,3570,0,-0.0433,0.6549
121-121726-0002,3575,0,0.0397,0.519
121-121726-0002,3729,0,0.0203,0.6592
121-121726-0002,4446,0,-0.1077,0.652
121-121726-0002,4507,0,0.1291,0.5908
121-121726-0002,4970,0,0.057,0.4661
121-121726-0002,4992,0,0.0965,0.637
121-121726-0002,5142,0,-0.0361,0.5195
121-121726-0002,5683,0,0.0583,0.5254
121-121726-0002,6829,0,0.0596,0.5803
121-121726-0002,8463,0,0.0741,0.6927
121-121726-0002,8555,0,0.0408,0.4575
121-121726-0004,121,1,0.0132,0.7888
121-121726-0004,1221,0,0.0307,0.5939
121-121726-0004,1284,0,0.0105,0.761
121-121726-0004,1580,0,0.1181,0.6738
121-121726-0004,1995,0,-0.011,0.7326
121-121726-0004,2094,0,0.0137,0.6925
121-121726-0004,237,0,-0.0318,0.6114
121-121726-0004,2961,0,0.1447,0.8001
121-121726-0004,3570,0,0.149,0.7067
121-121726-0004,3575,0,0.0638,0.5298
121-121726-0004,3729,0,0.0902,0.7131
121-121726-0004,4446,0,-0.0554,0.6776
121-121726-0004,4507,0,0.1688,0.6431
121-121726-0004,4970,0,0.0741,0.4181
121-121726-0004,4992,0,0.1876,0.6412
121-121726-0004,5142,0,0.0955,0.498
121-121726-0004,5683,0,0.0526,0.5878
121-121726-0004,6829,0,0.0941,0.5887
121-121726-0004,8463,0,0.1454,0.6478
121-121726-0004,8555,0,0.1838,0.455
121-121726-0007,121,1,0.2186,0.8008
121-121726-0007,1221,0,0.1179,0.5613
121-121726-0007,1284,0,-0.018,0.7011
121-121726-0007,1580,0,-0.0112,0.6618
121-121726-0007,1995,0,-0.0155,0.7448
121-121726-0007,2094,0,-0.0269,0.6535
121-121726-0007,237,0,-0.0611,0.6223
121-121726-0007,2961,0,0.0726,0.8289
121-121726-0007,3570,0,0.0088,0.7749
121-121726-0007,3575,0,-0.0153,0.5573
121-121726-0007,3729,0,-0.0224,0.6711
121-121726-0007,4446,0,-0.0063,0.6191
121-121726-0007,4507,0,0.1101,0.6383
121-121726-0007,4970,0,-0.0737,0.3994
121-121726-0007,4992,0,0.0683,0.6071
121-121726-0007,5142,0,-0.0192,0.4482
121-121726-0007,5683,0,0.1236,0.5728
121-121726-0007,6829,0,0.015,0.5396
121-121726-0007,8463,0,0.0803,0.5984
121-121726-0007,8555,0,0.0936,0.4765
121-121726-0010,121,1,0.0961,0.6897
121-121726-0010,1221,0,0.0638,0.5441
121-121726-0010,1284,0,-0.0304,0.7228
121-121726-0010,1580,0,-0.0238,0.6025
121-121726-0010,1995,0,0.091,0.7279
121-121726-0010,2094,0,0.0015,0.6289
121-121726-0010,237,0,-0.0056,0.5533
121-121726-0010,2961,0,0.0314,0.7595
121-121726-0010,3570,0,0.0559,0.6075
121-121726-0010,3575,0,-0.0075,0.4837
121-121726-0010,3729,0,0.009,0.6107
121-121726-0010,4446,0,-0.053,0.6214
121-121726-0010,4507,0,0.0927,0.5623
121-121726-0010,4970,0,-0.0456,0.4279
121-121726-0010,4992,0,0.0506,0.5964
121-121726-0010,5142,0,0.0446,0.509
121-121726-0010,5683,0,0.1369,0.5242
121-121726-0010,6829,0,0.0572,0.5535
121-121726-0010,8463,0,0.0405,0.6216
121-121726-0010,8555,0,0.0406,0.4575
121-121726-0012,121,1,0.1463,0.7279
121-121726-0012,1221,0,0.0522,0.5861
121-121726-0012,1284,0,-0.0185,0.7418
121-121726-0012,1580,0,-0.0359,0.6476
121-121726-0012,1995,0,-0.0204,0.7215
121-121726-0012,2094,0,-0.0227,0.667
121-121726-0012,237,0,0.0303,0.5795
121-121726-0012,2961,0,0.0288,0.7685
121-121726-0012,3570,0,-0.0076,0.6474
121-121726-0012,3575,0,-0.0118,0.4691
121-121726-0012,3729,0,-0.0348,0.6619
121-121726-0012,4446,0,-0.0006,0.6588
121-121726-0012,4507,0,0.0521,0.6179
121-121726-0012,4970,0,0.0391,0.4043
121-121726-0012,4992,0,0.054,0.6288
121-121726-0012,5142,0,0.0717,0.5208
121-121726-0012,5683,0,0.0662,0.5443
121-121726-0012,6829,0,0.06,0.5739
121-121726-0012,8463,0,0.1075,0.6351
121-121726-0012,8555,0,0.0543,0.4675
121-127105-0003,121,1,0.0983,0.7451
121-127105-0003,1221,0,0.0363,0.5663
121-127105-0003,1284,0,-0.0397,0.6967
121-127105-0003,1580,0,0.0709,0.5967
121-127105-0003,1995,0,-0.0001,0.7602
121-127105-0003,2094,0,-0.0258,0.6532
121-127105-0003,237,0,0.0038,0.5842
121-127105-0003,2961,0,0.1057,0.8178
121-127105-0003,3570,0,0.0306,0.675
121-127105-0003,3575,0,0.0587,0.4782
121-127105-0003,3729,0,-0.0332,0.6544
121-127105-0003,4446,0,-0.0966,0.6268
121-127105-0003,4507,0,0.1109,0.6087
121-127105-0003,4970,0,0.0511,0.4095
121-127105-0003,4992,0,0.0792,0.6327
121-127105-0003,5142,0,0.0748,0.527
121-127105-0003,5683,0,0.0969,0.5157
121-127105-0003,6829,0,-0.0033,0.5735
121-127105-0003,8463,0,0.1294,0.6464
121-127105-0003,8555,0,0.0087,0.4813
121-127105-0006,121,1,0.1473,0.7104
121-127105-0006,1221,0,0.0448,0.4934
121-127105-0006,1284,0,-0.1452,0.6594
121-127105-0006,1580,0,0.0226,0.5494
121-127105-0006,1995,0,0.1111,0.7171
121-127105-0006,2094,0,-0.0378,0.6161
121-127105-0006,237,0,-0.103,0.5155
121-127105-0006,2961,0,-0.0225,0.8035
121-127105-0006,3570,0,-0.0536,0.6197
121-127105-0006,3575,0,-0.0675,0.4379
121-127105-0006,3729,0,0.0127,0.602
121-127105-0006,4446,0,-0.0942,0.5722
121-127105-0006,4507,0,0.1065,0.5325
121-127105-0006,4970,0,-0.0735,0.3324
121-127105-0006,4992,0,-0.0129,0.5716
121-127105-0006,5142,0,-0.0843,0.4427
121-127105-0006,5683,0,0.0842,0.4606
121-127105-0006,6829,0,0.0271,0.5158
121-127105-0006,8463,0,0.1428,0.5922
121-127105-0006,8555,0,-0.0538,0.3847
121-127105-0020,121,1,0.1379,0.8085
121-127105-0020,1221,0,-0.0199,0.707
121-127105-0020,1284,0,-0.0863,0.8376
121-127105-0020,1580,0,0.0103,0.7407
121-127105-0020,1995,0,-0.013,0.8145
121-127105-0020,2094,0,-0.0641,0.7884
121-127105-0020,237,0,-0.0262,0.6868
121-127105-0020,2961,0,0.0714,0.8023
121-127105-0020,3570,0,-0.0678,0.683
121-127105-0020,3575,0,0.0528,0.5646
121-127105-0020,3729,0,-0.0293,0.7735
121-127105-0020,4446,0,-0.1736,0.785
121-127105-0020,4507,0,0.0997,0.7163
121-127105-0020,4970,0,-0.0271,0.5334
121-127105-0020,4992,0,0.0548,0.7604
121-127105-0020,5142,0,-0.0299,0.6649
121-127105-0020,5683,0,0.0508,0.6502
121-127105-0020,6829,0,0.0607,0.7073
121-127105-0020,8463,0,0.0947,0.7799
121-127105-0020,8555,0,-0.0118,0.5771
121-127105-0023,121,1,0.1209,0.7545
121-127105-0023,1221,0,0.0787,0.5488
121-127105-0023,1284,0,-0.0481,0.6917
121-127105-0023,1580,0,0.0609,0.5871
121-127105-0023,1995,0,0.0644,0.7596
121-127105-0023,2094,0,-0.0203,0.6546
121-127105-0023,237,0,0.0176,0.5796
121-127105-0023,2961,0,0.1295,0.8364
121-127105-0023,3570,0,0.0127,0.6805
121-127105-0023,3575,0,0.015,0.4626
121-127105-0023,3729,0,0.0176,0.6585
121-127105-0023,4446,0,-0.0997,0.6223
121-127105-0023,4507,0,0.1029,0.5909
121-127105-0023,4970,0,-0.0384,0.3759
121-127105-0023,4992,0,0.073,0.6302
121-127105-0023,5142,0,0.0043,0.501
121-127105-0023,5683,0,0.0662,0.4939
121-127105-0023,6829,0,0.0623,0.5675
121-127105-0023,8463,0,0.076,0.6498
121-127105-0023,8555,0,-0.019,0.4424
121-127105-0036,121,1,0.0523,0.6805
121-127105-0036,1221,0,-0.0496,0.4688
121-127105-0036,1284,0,-0.1106,0.6429
121-127105-0036,1580,0,-0.0491,0.5386
121-127105-0036,1995,0,0.0441,0.6861
121-127105-0036,2094,0,0.0017,0.5887
121-127105-0036,237,0,-0.0165,0.4998
121-127105-0036,2961,0,0.0474,0.7707
121-127105-0036,3570,0,0.047,0.5936
121-127105-0036,3575,0,-0.0376,0.4068
121-127105-0036,3729,0,-0.0022,0.5717
121-127105-0036,4446,0,-0.0316,0.5494
121-127105-0036,4507,0,0.0686,0.5144
121-127105-0036,4970,0,0.059,0.2971
121-127105-0036,4992,0,0.0563,0.5394
121-127105-0036,5142,0,0.0021,0.4063
121-127105-0036,5683,0,0.0697,0.4431
121-127105-0036,6829,0,0.0006,0.4862
121-127105-0036,8463,0,0.0543,0.5464
121-127105-0036,8555,0,0.0265,0.3543
1221-135766-0002,121,0,-0.0158,0.6829
1221-135766-0002,1221,1,0.0374,0.4363
1221-135766-0002,1284,0,-0.0065,0.6344
1221-135766-0002,1580,0,-0.0307,0.541
1221-135766-0002,1995,0,-0.016,0.6625
1221-135766-0002,2094,0,-0.131,0.5652
1221-135766-0002,237,0,-0.0453,0.4896
1221-135766-0002,2961,0,0.0903,0.7869
1221-135766-0002,3570,0,-0.1319,0.6256
1221-135766-0002,3575,0,-0.0952,0.4157
1221-135766-0002,3729,0,-0.0878,0.5575
1221-135766-0002,4446,0,-0.0555,0.5354
1221-135766-0002,4507,0,0.0009,0.5019
1221-135766-0002,4970,0,-0.017,0.2806
1221-135766-0002,4992,0,0.0979,0.5029
1221-135766-0002,5142,0,-0.0187,0.364
1221-135766-0002,5683,0,0.0442,0.4259
1221-135766-0002,6829,0,-0.0409,0.4499
1221-135766-0002,8463,0,0.0394,0.5029
1221-135766-0002,8555,0,-0.0916,0.3417
1221-135766-0009,121,0,0.1099,0.6672
1221-135766-0009,1221,1,0.0665,0.5872
1221-135766-0009,1284,0,-0.0083,0.7594
1221-135766-0009,1580,0,0.0288,0.6059
1221-135766-0009,1995,0,-0.0286,0.7243
1221-135766-0009,2094,0,-0.0199,0.6513
1221-135766-0009,237,0,-0.055,0.5591
1221-135766-0009,2961,0,0.0772,0.716
1221-135766-0009,3570,0,0.0036,0.5485
1221-135766-0009,3575,0,0.0071,0.4032
1221-135766-0009,3729,0,0.0714,0.6425
1221-135766-0009,4446,0,-0.0714,0.6835
1221-135766-0009,4507,0,0.1167,0.5693
1221-135766-0009,4970,0,-0.0162,0.4187
1221-135766-0009,4992,0,0.1208,0.646
1221-135766-0009,5142,0,-0.0002,0.575
1221-135766-0009,5683,0,0.0096,0.5129
1221-135766-0009,6829,0,0.0445,0.5951
1221-135766-0009,8463,0,0.0767,0.6732
1221-135766-0009,8555,0,0.0468,0.4591
1221-135767-0001,121,0,0.0962,0.7266
1221-135767-0001,1221,1,0.0996,0.5776
1221-135767-0001,1284,0,-0.0607,0.7614
1221-135767-0001,1580,0,0.1072,0.6324
1221-135767-0001,1995,0,-0.0423,0.7498
1221-135767-0001,2094,0,-0.097,0.6684
1221-135767-0001,237,0,-0.0439,0.5699
1221-135767-0001,2961,0,0.1272,0.7654
1221-135767-0001,3570,0,-0.0233,0.6044
1221-135767-0001,3575,0,0.0566,0.4442
1221-135767-0001,3729,0,-0.007,0.6576
1221-135767-0001,4446,0,-0.0492,0.6759
1221-135767-0001,4507,0,0.1073,0.5773
1221-135767-0001,4970,0,-0.0301,0.3875
1221-135767-0001,4992,0,0.1029,0.6465
1221-135767-0001,5142,0,-0.0311,0.5261
1221-135767-0001,5683,0,0.043,0.5268
1221-135767-0001,6829,0,0.0115,0.5687
1221-135767-0001,8463,0,0.0738,0.6648
1221-135767-0001,8555,0,-0.0239,0.4465
1221-135767-0005,121,0,0.102,0.6897
1221-135767-0005,1221,1,0.1059,0.486
1221-135767-0005,1284,0,-0.0594,0.6994
1221-135767-0005,1580,0,0.155,0.5684
1221-135767-0005,1995,0,0.0019,0.6853
1221-135767-0005,2094,0,-0.0535,0.6068
1221-135767-0005,237,0,0.1143,0.5277
1221-135767-0005,2961,0,0.0452,0.7771
1221-135767-0005,3570,0,0.0028,0.6033
1221-135767-0005,3575,0,-0.02,0.4214
1221-135767-0005,3729,0,0.0277,0.5907
1221-135767-0005,4446,0,0.0002,0.5919
1221-135767-0005,4507,0,0.0438,0.5145
1221-135767-0005,4970,0,0.0316,0.3235
1221-135767-0005,4992,0,0.1412,0.547
1221-135767-0005,5142,0,-0.0758,0.4065
1221-135767-0005,5683,0,0.1134,0.4644
1221-135767-0005,6829,0,0.0608,0.4976
1221-135767-0005,8463,0,0.0616,0.5611
1221-135767-0005,8555,0,-0.0301,0.3462
1221-135767-0007,121,0,0.1035,0.7718
1221-135767-0007,1221,1,0.1205,0.6151
1221-135767-0007,1284,0,-0.0573,0.7656
1221-135767-0007,1580,0,0.0197,0.6757
1221-135767-0007,1995,0,0.0178,0.7572
1221-135767-0007,2094,0,-0.0432,0.7014
1221-135767-0007,237,0,0.0057,0.6103
1221-135767-0007,2961,0,0.1353,0.8248
1221-135767-0007,3570,0,0.0344,0.6749
1221-135767-0007,3575,0,0.0195,0.5136
1221-135767-0007,3729,0,0.0213,0.7026
1221-135767-0007,4446,0,-0.0765,0.6973
1221-135767-0007,4507,0,0.0763,0.6427
1221-135767-0007,4970,0,-0.0266,0.4492
1221-135767-0007,4992,0,0.1088,0.6654
1221-135767-0007,5142,0,0.0881,0.5532
1221-135767-0007,5683,0,0.1568,0.5767
1221-135767-0007,6829,0,-0.0019,0.6146
1221-135767-0007,8463,0,0.0706,0.6832
1221-135767-0007,8555,0,0.0413,0.4907
1221-135767-0009,121,0,0.0627,0.7738
1221-135767-0009,1221,1,0.0983,0.6267
1221-135767-0009,1284,0,-0.0235,0.7803
1221-135767-0009,1580,0,0.1054,0.685
1221-135767-0009,1995,0,0.068,0.8001
1221-135767-0009,2094,0,-0.0385,0.7071
1221-135767-0009,237,0,0.0363,0.6425
1221-135767-0009,2961,0,0.0652,0.8161
1221-135767-0009,3570,0,0.013,0.6659
1221-135767-0009,3575,0,-0.0501,0.5341
1221-135767-0009,3729,0,0.0844,0.7005
1221-135767-0009,4446,0,-0.0667,0.7048
1221-135767-0009,4507,0,0.1124,0.6482
1221-135767-0009,4970,0,-0.0098,0.4771
1221-135767-0009,4992,0,0.1051,0.6872
1221-135767-0009,5142,0,-0.0284,0.5897
1221-135767-0009,5683,0,0.1561,0.5971
1221-135767-0009,6829,0,0.0134,0.6259
1221-135767-0009,8463,0,0.0882,0.7069
1221-135767-0009,8555,0,-0.1102,0.5333
1221-135767-0010,121,0,0.1199,0.7241
1221-135767-0010,1221,1,0.0996,0.6314
1221-135767-0010,1284,0,0.0007,0.7911
1221-135767-0010,1580,0,-0.0325,0.6577
1221-135767-0010,1995,0,0.1614,0.776
1221-135767-0010,2094,0,-0.0295,0.6724
1221-135767-0010,237,0,0.0248,0.6127
1221-135767-0010,2961,0,0.1543,0.736
1221-135767-0010,3570,0,0.0524,0.6193
1221-135767-0010,3575,0,-0.0286,0.5094
1221-135767-0010,3729,0,0.0539,0.6824
1221-135767-0010,4446,0,-0.0918,0.7044
1221-135767-0010,4507,0,0.0649,0.6195
1221-135767-0010,4970,0,-0.0448,0.49
1221-135767-0010,4992,0,0.1344,0.6742
1221-135767-0010,5142,0,0.0586,0.6041
1221-135767-0010,5683,0,0.0697,0.5958
1221-135767-0010,6829,0,0.0213,0.6094
1221-135767-0010,8463,0,0.112,0.6912
1221-135767-0010,8555,0,0.0058,0.5413
1221-135767-0013,121,0,0.0809,0.7621
1221-135767-0013,1221,1,0.0896,0.6451
1221-135767-0013,1284,0,-0.0521,0.8008
1221-135767-0013,1580,0,0.0333,0.6786
1221-135767-0013,1995,0,-0.0169,0.8075
1221-135767-0013,2094,0,-0.0299,0.728
1221-135767-0013,237,0,-0.0279,0.6531
1221-135767-0013,2961,0,0.0267,0.7874
1221-135767-0013,3570,0,-0.045,0.6564
1221-135767-0013,3575,0,-0.0414,0.5113
1221-135767-0013,3729,0,0.0512,0.7068
1221-135767-0013,4446,0,0.023,0.7225
1221-135767-0013,4507,0,0.1616,0.6387
1221-135767-0013,4970,0,0.0317,0.472
1221-135767-0013,4992,0,0.1679,0.7095
1221-135767-0013,5142,0,0.0396,0.6016
1221-135767-0013,5683,0,0.1076,0.5934
1221-135767-0013,6829,0,0.0577,0.6369
1221-135767-0013,8463,0,0.1319,0.7239
1221-135767-0013,8555,0,-0.0453,0.5283
1221-135767-0018,121,0,0.0801,0.7513
1221-135767-0018,1221,1,0.0407,0.5922
1221-135767-0018,1284,0,-0.0213,0.7567
1221-135767-0018,1580,0,-0.0042,0.6405
1221-135767-0018,1995,0,0.095,0.7508
1221-135767-0018,2094,0,0.0804,0.6727
1221-135767-0018,237,0,0.0095,0.6044
1221-135767-0018,2961,0,0.0604,0.8186
1221-135767-0018,3570,0,-0.0092,0.668
1221-135767-0018,3575,0,-0.0031,0.4669
1221-135767-0018,3729,0,0.0436,0.6949
1221-135767-0018,4446,0,-0.0773,0.6887
1221-135767-0018,4507,0,0.0832,0.6257
1221-135767-0018,4970,0,-0.0375,0.4229
1221-135767-0018,4992,0,0.0333,0.6545
1221-135767-0018,5142,0,-0.0031,0.5547
1221-135767-0018,5683,0,0.0667,0.5476
1221-135767-0018,6829,0,0.007,0.6073
1221-135767-0018,8463,0,0.0996,0.6721
1221-135767-0018,8555,0,-0.0437,0.4788
1221-135767-0022,121,0,0.0167,0.7114
1221-135767-0022,1221,1,0.089,0.5835
1221-135767-0022,1284,0,-0.0292,0.7519
1221-135767-0022,1580,0,-0.0342,0.6141
1221-135767-0022,1995,0,0.0438,0.7781
1221-135767-0022,2094,0,-0.0222,0.6658
1221-135767-0022,237,0,0.0277,0.6071
1221-135767-0022,2961,0,0.1624,0.7677
1221-135767-0022,3570,0,-0.0215,0.6211
1221-135767-0022,3575,0,-0.0777,0.4673
1221-135767-0022,3729,0,0.0545,0.6473
1221-135767-0022,4446,0,-0.0819,0.664
1221-135767-0022,4507,0,0.1499,0.5735
1221-135767-0022,4970,0,-0.0447,0.429
1221-135767-0022,4992,0,0.1099,0.6526
1221-135767-0022,5142,0,-0.001,0.5465
1221-135767-0022,5683,0,0.1315,0.5306
1221-135767-0022,6829,0,0.0628,0.588
1221-135767-0022,8463,0,0.0753,0.6727
1221-135767-0022,8555,0,-0.0381,0.4756
1284-1180-0005,121,0,0.0535,0.72
1284-1180-0005,1221,0,0.0364,0.5715
1284-1180-0005,1284,1,0.0724,0.778
1284-1180-0005,1580,0,0.0505,0.6829
1284-1180-0005,1995,0,0.0991,0.7475
1284-1180-0005,2094,0,0.0217,0.7042
1284-1180-0005,237,0,-0.0241,0.5882
1284-1180-0005,2961,0,0.0992,0.7697
1284-1180-0005,3570,0,0.1069,0.6148
1284-1180-0005,3575,0,-0.0458,0.5647
1284-1180-0005,3729,0,0.0487,0.6321
1284-1180-0005,4446,0,-0.1394,0.6506
1284-1180-0005,4507,0,0.122,0.5903
1284-1180-0005,4970,0,0.0283,0.4558
1284-1180-0005,4992,0,0.0604,0.6227
1284-1180-0005,5142,0,-0.0114,0.4999
1284-1180-0005,5683,0,0.0594,0.5774
1284-1180-0005,6829,0,0.0495,0.6089
1284-1180-0005,8463,0,-0.0163,0.6384
1284-1180-0005,8555,0,0.0687,0.4441
1284-1180-0017,121,0,0.1045,0.7831
1284-1180-0017,1221,0,0.057,0.6286
1284-1180-0017,1284,1,-0.0727,0.7902
1284-1180-0017,1580,0,0.0248,0.6932
1284-1180-0017,1995,0,-0.0921,0.7739
1284-1180-0017,2094,0,-0.0897,0.7184
1284-1180-0017,237,0,-0.0152,0.6206
1284-1180-0017,2961,0,0.1315,0.8204
1284-1180-0017,3570,0,-0.0241,0.6623
1284-1180-0017,3575,0,-0.0185,0.5
1284-1180-0017,3729,0,0.0199,0.7214
1284-1180-0017,4446,0,-0.1336,0.7195
1284-1180-0017,4507,0,0.066,0.6484
1284-1180-0017,4970,0,-0.0294,0.4357
1284-1180-0017,4992,0,0.0285,0.6933
1284-1180-0017,5142,0,-0.0601,0.5645
1284-1180-0017,5683,0,0.0544,0.5803
1284-1180-0017,6829,0,0.0579,0.6339
1284-1180-0017,8463,0,0.1284,0.7103
1284-1180-0017,8555,0,0.0084,0.4832
1284-1180-0026,121,0,0.1223,0.7493
1284-1180-0026,1221,0,0.0015,0.5798
1284-1180-0026,1284,1,-0.0162,0.7807
1284-1180-0026,1580,0,-0.0218,0.6597
1284-1180-0026,1995,0,0.0243,0.7598
1284-1180-0026,2094,0,-0.0134,0.6824
1284-1180-0026,237,0,-0.0467,0.6084
1284-1180-0026,2961,0,0.1249,0.8043
1284-1180-0026,3570,0,0.017,0.6421
1284-1180-0026,3575,0,0.0031,0.4733
1284-1180-0026,3729,0,0.0072,0.6737
1284-1180-0026,4446,0,-0.1497,0.6899
1284-1180-0026,4507,0,0.0355,0.5862
1284-1180-0026,4970,0,-0.0488,0.4073
1284-1180-0026,4992,0,0.01,0.651
1284-1180-0026,5142,0,-0.0255,0.521
1284-1180-0026,5683,0,0.0025,0.545
1284-1180-0026,6829,0,0.0474,0.5763
1284-1180-0026,8463,0,0.0615,0.6737
1284-1180-0026,8555,0,-0.0201,0.4516
1284-1180-0031,121,0,-0.0398,0.7782
1284-1180-0031,1221,0,0.1123,0.6273
1284-1180-0031,1284,1,-0.0319,0.7974
1284-1180-0031,1580,0,0.1535,0.6967
1284-1180-0031,1995,0,0.1017,0.7942
1284-1180-0031,2094,0,0.0258,0.7252
1284-1180-0031,237,0,0.0184,0.6305
1284-1180-0031,2961,0,0.1092,0.8213
1284-1180-0031,3570,0,0.0543,0.6449
1284-1180-0031,3575,0,-0.0634,0.4938
1284-1180-0031,3729,0,0.0871,0.7198
1284-1180-0031,4446,0,-0.0391,0.7302
1284-1180-0031,4507,0,0.1283,0.6234
1284-1180-0031,4970,0,-0.0845,0.4404
1284-1180-0031,4992,0,0.1957,0.7091
1284-1180-0031,5142,0,-0.0716,0.5828
1284-1180-0031,5683,0,0.0942,0.5927
1284-1180-0031,6829,0,0.0002,0.6222
1284-1180-0031,8463,0,0.158,0.7399
1284-1180-0031,8555,0,-0.0175,0.5006
1284-1181-0004,121,0,0.0321,0.7445
1284-1181-0004,1221,0,0.1302,0.6398
1284-1181-0004,1284,1,-0.041,0.8076
1284-1181-0004,1580,0,0.1645,0.6966
1284-1181-0004,1995,0,-0.012,0.8071
1284-1181-0004,2094,0,-0.0415,0.7203
1284-1181-0004,237,0,0.0268,0.6435
1284-1181-0004,2961,0,0.1647,0.7773
1284-1181-0004,3570,0,-0.0343,0.626
1284-1181-0004,3575,0,0.0109,0.4777
1284-1181-0004,3729,0,0.0182,0.6939
1284-1181-0004,4446,0,-0.0913,0.7286
1284-1181-0004,4507,0,0.1289,0.6327
1284-1181-0004,4970,0,0.0943,0.4466
1284-1181-0004,4992,0,0.0637,0.7121
1284-1181-0004,5142,0,-0.0068,0.6047
1284-1181-0004,5683,0,0.0588,0.5834
1284-1181-0004,6829,0,0.1109,0.6468
1284-1181-0004,8463,0,0.0919,0.7167
1284-1181-0004,8555,0,-0.0959,0.5161
1284-1181-0007,121,0,0.0139,0.7412
1284-1181-0007,1221,0,0.0821,0.565
1284-1181-0007,1284,1,0.0145,0.7309
1284-1181-0007,1580,0,-0.0361,0.6069
1284-1181-0007,1995,0,-0.005,0.7465
1284-1181-0007,2094,0,-0.0,0.6741
1284-1181-0007,237,0,0.0732,0.5676
1284-1181-0007,2961,0,0.1684,0.784
1284-1181-0007,3570,0,0.0146,0.6331
1284-1181-0007,3575,0,0.0508,0.4661
1284-1181-0007,3729,0,0.0203,0.6696
1284-1181-0007,4446,0,-0.019,0.6426
1284-1181-0007,4507,0,0.0856,0.5952
1284-1181-0007,4970,0,0.0011,0.3905
1284-1181-0007,4992,0,0.1049,0.6354
1284-1181-0007,5142,0,0.0099,0.5116
1284-1181-0007,5683,0,0.1168,0.5279
1284-1181-0007,6829,0,0.0221,0.5822
1284-1181-0007,8463,0,0.0842,0.6468
1284-1181-0007,8555,0,0.0307,0.4342
1284-1181-0011,121,0,0.0959,0.7895
1284-1181-0011,1221,0,-0.0218,0.6147
1284-1181-0011,1284,1,-0.152,0.7678
1284-1181-0011,1580,0,-0.067,0.6898
1284-1181-0011,1995,0,-0.0566,0.7587
1284-1181-0011,2094,0,-0.0496,0.7143
1284-1181-0011,237,0,-0.0926,0.6002
1284-1181-0011,2961,0,0.1915,0.8161
1284-1181-0011,3570,0,-0.0533,0.6435
1284-1181-0011,3575,0,-0.0488,0.4746
1284-1181-0011,3729,0,0.0172,0.7251
1284-1181-0011,4446,0,-0.211,0.7133
1284-1181-0011,4507,0,0.1249,0.6377
1284-1181-0011,4970,0,-0.0544,0.4067
1284-1181-0011,4992,0,0.006,0.6971
1284-1181-0011,5142,0,0.0282,0.5637
1284-1181-0011,5683,0,0.032,0.5749
1284-1181-0011,6829,0,0.0148,0.6139
1284-1181-0011,8463,0,0.0171,0.7227
1284-1181-0011,8555,0,0.0113,0.4771
1284-1181-0016,121,0,0.0623,0.732
1284-1181-0016,1221,0,0.1535,0.6092
1284-1181-0016,1284,1,0.016,0.7685
1284-1181-0016,1580,0,0.0595,0.6486
1284-1181-0016,1995,0,0.0266,0.7428
1284-1181-0016,2094,0,-0.0195,0.689
1284-1181-0016,237,0,0.0132,0.6071
1284-1181-0016,2961,0,0.0939,0.7951
1284-1181-0016,3570,0,0.0395,0.6563
1284-1181-0016,3575,0,-0.0176,0.4886
1284-1181-0016,3729,0,0.1084,0.6917
1284-1181-0016,4446,0,-0.0098,0.6956
1284-1181-0016,4507,0,0.1331,0.6371
1284-1181-0016,4970,0,0.0234,0.4545
1284-1181-0016,4992,0,0.1625,0.6546
1284-1181-0016,5142,0,0.0323,0.5696
1284-1181-0016,5683,0,0.1757,0.5615
1284-1181-0016,6829,0,0.0751,0.6357
1284-1181-0016,8463,0,0.1159,0.6671
1284-1181-0016,8555,0,0.0422,0.4868
1284-1181-0017,121,0,0.0686,0.7166
1284-1181-0017,1221,0,0.0397,0.5998
1284-1181-0017,1284,1,-0.0476,0.748
1284-1181-0017,1580,0,-0.0518,0.6195
1284-1181-0017,1995,0,-0.0165,0.7553
1284-1181-0017,2094,0,-0.1163,0.6623
1284-1181-0017,237,0,-0.0419,0.6091
1284-1181-0017,2961,0,0.0992,0.77
1284-1181-0017,3570,0,-0.0515,0.6379
1284-1181-0017,3575,0,-0.0513,0.4663
1284-1181-0017,3729,0,-0.0468,0.672
1284-1181-0017,4446,0,-0.0884,0.6804
1284-1181-0017,4507,0,0.0964,0.6195
1284-1181-0017,4970,0,-0.0055,0.4597
1284-1181-0017,4992,0,0.0345,0.6513
1284-1181-0017,5142,0,0.0036,0.5865
1284-1181-0017,5683,0,0.098,0.544
1284-1181-0017,6829,0,-0.0488,0.6065
1284-1181-0017,8463,0,0.0486,0.6712
1284-1181-0017,8555,0,-0.0651,0.5119
1284-134647-0004,121,0,0.1356,0.7604
1284-134647-0004,1221,0,0.0171,0.6121
1284-134647-0004,1284,1,-0.0633,0.7671
1284-134647-0004,1580,0,0.0028,0.6589
1284-134647-0004,1995,0,-0.0787,0.7822
1284-134647-0004,2094,0,-0.1369,0.7055
1284-134647-0004,237,0,-0.04,0.6039
1284-134647-0004,2961,0,0.0674,0.8033
1284-134647-0004,3570,0,-0.0981,0.6289
1284-134647-0004,3575,0,-0.0968,0.4821
1284-134647-0004,3729,0,-0.0145,0.6982
1284-134647-0004,4446,0,-0.1048,0.7007
1284-134647-0004,4507,0,0.1044,0.6185
1284-134647-0004,4970,0,-0.0313,0.4391
1284-134647-0004,4992,0,0.0488,0.6935
1284-134647-0004,5142,0,-0.0413,0.5793
1284-134647-0004,5683,0,0.1036,0.5548
1284-134647-0004,6829,0,0.0039,0.6242
1284-134647-0004,8463,0,0.0528,0.7299
1284-134647-0004,8555,0,-0.0536,0.4871
1320-122612-0003,1089,0,0.0932,0.8031
1320-122612-0003,1188,0,0.2284,0.8412
1320-122612-0003,1320,1,0.0855,0.7419
1320-122612-0003,2300,0,0.0704,0.6053
1320-122612-0003,260,0,0.0409,0.8746
1320-122612-0003,2830,0,0.081,0.7695
1320-122612-0003,4077,0,0.163,0.7923
1320-122612-0003,5105,0,0.01,0.7837
1320-122612-0003,5639,0,0.1081,0.8972
1320-122612-0003,61,0,0.1332,0.8339
1320-122612-0003,672,0,0.2126,0.8626
1320-122612-0003,6930,0,-0.0323,0.7721
1320-122612-0003,7021,0,-0.0124,0.7448
1320-122612-0003,7127,0,0.1457,0.6827
1320-122612-0003,7176,0,-0.0679,0.7963
1320-122612-0003,7729,0,0.2059,0.8602
1320-122612-0003,8224,0,-0.0298,0.8185
1320-122612-0003,8230,0,0.0294,0.7992
1320-122612-0003,8455,0,0.0842,0.7321
1320-122612-0003,908,0,-0.051,0.8666
1320-122612-0005,1089,0,0.1434,0.6978
1320-122612-0005,1188,0,0.2491,0.7486
1320-122612-0005,1320,1,0.0812,0.6444
1320-122612-0005,2300,0,0.0549,0.4257
1320-122612-0005,260,0,0.0406,0.7315
1320-122612-0005,2830,0,0.0733,0.7267
1320-122612-0005,4077,0,0.0302,0.5981
1320-122612-0005,5105,0,-0.035,0.6934
1320-122612-0005,5639,0,0.1017,0.8262
1320-122612-0005,61,0,0.2089,0.6663
1320-122612-0005,672,0,0.172,0.785
1320-122612-0005,6930,0,-0.0401,0.7013
1320-122612-0005,7021,0,-0.0216,0.6212
1320-122612-0005,7127,0,0.0798,0.5728
1320-122612-0005,7176,0,-0.0563,0.6361
1320-122612-0005,7729,0,0.1456,0.6511
1320-122612-0005,8224,0,-0.0168,0.8338
1320-122612-0005,8230,0,0.1278,0.7038
1320-122612-0005,8455,0,-0.0035,0.6017
1320-122612-0005,908,0,-0.171,0.7238
1320-122612-0013,1089,0,0.1162,0.759
1320-122612-0013,1188,0,0.1845,0.7989
1320-122612-0013,1320,1,-0.0466,0.6838
1320-122612-0013,2300,0,-0.0074,0.5019
1320-122612-0013,260,0,-0.0559,0.8119
1320-122612-0013,2830,0,0.1053,0.7446
1320-122612-0013,4077,0,0.0295,0.7207
1320-122612-0013,5105,0,-0.0078,0.7354
1320-122612-0013,5639,0,0.2782,0.8981
1320-122612-0013,61,0,0.023,0.7701
1320-122612-0013,672,0,0.0906,0.8295
1320-122612-0013,6930,0,-0.0298,0.7318
1320-122612-0013,7021,0,0.0236,0.6783
1320-122612-0013,7127,0,0.0747,0.6286
1320-122612-0013,7176,0,-0.1273,0.7316
1320-122612-0013,7729,0,0.1699,0.7939
1320-122612-0013,8224,0,-0.0169,0.8199
1320-122612-0013,8230,0,0.1244,0.7663
1320-122612-0013,8455,0,-0.0578,0.6637
1320-122612-0013,908,0,-0.0418,0.8125
1320-122617-0005,1089,0,0.0244,0.7926
1320-122617-0005,1188,0,0.1866,0.8032
1320-122617-0005,1320,1,-0.0029,0.7579
1320-122617-0005,2300,0,-0.01,0.6611
1320-122617-0005,260,0,0.0714,0.8075
1320-122617-0005,2830,0,0.1426,0.7261
1320-122617-0005,4077,0,0.0189,0.7727
1320-122617-0005,5105,0,0.0239,0.8085
1320-122617-0005,5639,0,0.1147,0.862
1320-122617-0005,61,0,0.107,0.784
1320-122617-0005,672,0,0.0796,0.8305
1320-122617-0005,6930,0,-0.0206,0.7533
1320-122617-0005,7021,0,-0.0771,0.7881
1320-122617-0005,7127,0,0.0915,0.7
1320-122617-0005,7176,0,-0.0219,0.7337
1320-122617-0005,7729,0,0.1652,0.864
1320-122617-0005,8224,0,-0.006,0.8197
1320-122617-0005,8230,0,0.0348,0.7429
1320-122617-0005,8455,0,-0.035,0.7231
1320-122617-0005,908,0,-0.0446,0.8514
1320-122617-0011,1089,0,0.0458,0.8195
1320-122617-0011,1188,0,0.2369,0.8648
1320-122617-0011,1320,1,0.0921,0.7539
1320-122617-0011,2300,0,0.0298,0.572
1320-122617-0011,260,0,0.023,0.8724
1320-122617-0011,2830,0,0.1744,0.8203
1320-122617-0011,4077,0,0.1226,0.7875
1320-122617-0011,5105,0,0.1302,0.7949
1320-122617-0011,5639,0,0.1511,0.9096
1320-122617-0011,61,0,0.0711,0.8112
1320-122617-0011,672,0,0.081,0.8608
1320-122617-0011,6930,0,-0.0658,0.7602
1320-122617-0011,7021,0,0.1049,0.7461
1320-122617-0011,7127,0,0.0658,0.7243
1320-122617-0011,7176,0,-0.0381,0.7878
1320-122617-0011,7729,0,0.2445,0.8561
1320-122617-0011,8224,0,-0.0135,0.7826
1320-122617-0011,8230,0,-0.0256,0.8137
1320-122617-0011,8455,0,-0.1309,0.7104
1320-122617-0011,908,0,0.1103,0.8515
1320-122617-0018,1089,0,0.1184,0.8196
1320-122617-0018,1188,0,0.2365,0.8546
1320-122617-0018,1320,1,0.0588,0.7669
1320-122617-0018,2300,0,0.0899,0.5522
1320-122617-0018,260,0,0.0242,0.8908
1320-122617-0018,2830,0,0.1275,0.8114
1320-122617-0018,4077,0,0.0808,0.7966
1320-122617-0018,5105,0,0.053,0.8114
1320-122617-0018,5639,0,0.2991,0.9255
1320-122617-0018,61,0,0.1805,0.8416
1320-122617-0018,672,0,0.1377,0.8995
1320-122617-0018,6930,0,-0.0711,0.8269
1320-122617-0018,7021,0,0.0144,0.7347
1320-122617-0018,7127,0,0.1908,0.7041
1320-122617-0018,7176,0,0.0411,0.8337
1320-122617-0018,7729,0,0.2424,0.816
1320-122617-0018,8224,0,0.1159,0.8596
1320-122617-0018,8230,0,0.1095,0.8364
1320-122617-0018,8455,0,-0.0648,0.7581
1320-122617-0018,908,0,-0.0797,0.8569
1320-122617-0027,1089,0,0.0452,0.7928
1320-122617-0027,1188,0,0.1226,0.8341
1320-122617-0027,1320,1,-0.1184,0.7371
1320-122617-0027,2300,0,-0.0216,0.5918
1320-122617-0027,260,0,-0.0337,0.848
1320-122617-0027,2830,0,0.0335,0.7815
1320-122617-0027,4077,0,-0.0395,0.7808
1320-122617-0027,5105,0,-0.0915,0.7862
1320-122617-0027,5639,0,0.2657,0.9003
1320-122617-0027,61,0,0.1011,0.8044
1320-122617-0027,672,0,0.0059,0.8439
1320-122617-0027,6930,0,-0.0046,0.7718
1320-122617-0027,7021,0,-0.1276,0.7329
1320-122617-0027,7127,0,0.0524,0.6989
1320-122617-0027,7176,0,-0.0951,0.7619
1320-122617-0027,7729,0,0.1385,0.8472
1320-122617-0027,8224,0,-0.0375,0.8306
1320-122617-0027,8230,0,0.0174,0.7828
1320-122617-0027,8455,0,-0.0868,0.7164
1320-122617-0027,908,0,-0.0809,0.8293
1320-122617-0032,1089,0,0.1279,0.7847
1320-122617-0032,1188,0,0.2805,0.845
1320-122617-0032,1320,1,-0.0383,0.7007
1320-122617-0032,2300,0,0.0113,0.5057
1320-122617-0032,260,0,0.0798,0.8784
1320-122617-0032,2830,0,0.2884,0.8314
1320-122617-0032,4077,0,0.0262,0.7267
1320-122617-0032,5105,0,0.0552,0.7501
1320-122617-0032,5639,0,0.1601,0.8763
1320-122617-0032,61,0,0.2221,0.864
1320-122617-0032,672,0,-0.0348,0.8384
1320-122617-0032,6930,0,0.0515,0.8062
1320-122617-0032,7021,0,-0.0373,0.6855
1320-122617-0032,7127,0,0.1131,0.6385
1320-122617-0032,7176,0,0.0362,0.8464
1320-122617-0032,7729,0,0.2042,0.8109
1320-122617-0032,8224,0,-0.001,0.7817
1320-122617-0032,8230,0,0.1771,0.8617
1320-122617-0032,8455,0,-0.0002,0.6903
1320-122617-0032,908,0,-0.0164,0.8295
1320-122617-0037,1089,0,0.0566,0.8114
1320-122617-0037,1188,0,0.2095,0.8561
1320-122617-0037,1320,1,0.1098,0.7763
1320-122617-0037,2300,0,0.105,0.6216
1320-122617-0037,260,0,0.0857,0.8967
1320-122617-0037,2830,0,0.0784,0.801
1320-122617-0037,4077,0,0.1439,0.8475
1320-122617-0037,5105,0,0.1187,0.8254
1320-122617-0037,5639,0,0.1669,0.9175
1320-122617-0037,61,0,0.1316,0.8714
1320-122617-0037,672,0,0.1903,0.8802
1320-122617-0037,6930,0,-0.0307,0.8118
1320-122617-0037,7021,0,0.0251,0.7584
1320-122617-0037,7127,0,0.155,0.7343
1320-122617-0037,7176,0,-0.0443,0.847
1320-122617-0037,7729,0,0.283,0.8909
1320-122617-0037,8224,0,0.0536,0.8361
1320-122617-0037,8230,0,-0.0156,0.815
1320-122617-0037,8455,0,0.0874,0.7655
1320-122617-0037,908,0,-0.0047,0.8718
1320-122617-0041,1089,0,-0.0399,0.8101
1320-122617-0041,1188,0,0.1842,0.8568
1320-122617-0041,1320,1,0.0295,0.7597
1320-122617-0041,2300,0,0.0716,0.5995
1320-122617-0041,260,0,0.09,0.8755
1320-122617-0041,2830,0,0.1316,0.8244
1320-122617-0041,4077,0,0.0802,0.7787
1320-122617-0041,5105,0,0.1444,0.8198
1320-122617-0041,5639,0,0.0793,0.8888
1320-122617-0041,61,0,0.3322,0.8693
1320-122617-0041,672,0,0.0619,0.8432
1320-122617-0041,6930,0,0.0291,0.7799
1320-122617-0041,7021,0,0.0048,0.7745
1320-122617-0041,7127,0,0.0774,0.714
1320-122617-0041,7176,0,0.0035,0.8253
1320-122617-0041,7729,0,0.174,0.8913
1320-122617-0041,8224,0,-0.0004,0.7707
1320-122617-0041,8230,0,0.1021,0.8229
1320-122617-0041,8455,0,-0.1341,0.6983
1320-122617-0041,908,0,0.0096,0.8775
1580-141083-0006,121,0,0.1092,0.7923
1580-141083-0006,1221,0,0.189,0.6389
1580-141083-0006,1284,0,0.0008,0.7948
1580-141083-0006,1580,1,0.1484,0.709
1580-141083-0006,1995,0,0.0162,0.7847
1580-141083-0006,2094,0,-0.0595,0.6985
1580-141083-0006,237,0,0.0687,0.6453
1580-141083-0006,2961,0,0.0684,0.8408
1580-141083-0006,3570,0,0.0259,0.7027
1580-141083-0006,3575,0,-0.0166,0.5468
1580-141083-0006,3729,0,0.1103,0.7208
1580-141083-0006,4446,0,-0.0577,0.7192
1580-141083-0006,4507,0,0.2176,0.6596
1580-141083-0006,4970,0,-0.0226,0.4847
1580-141083-0006,4992,0,0.0925,0.685
1580-141083-0006,5142,0,-0.069,0.5785
1580-141083-0006,5683,0,0.1106,0.619
1580-141083-0006,6829,0,0.0448,0.6209
1580-141083-0006,8463,0,0.107,0.7053
1580-141083-0006,8555,0,-0.0189,0.5369
1580-141083-0007,121,0,0.0505,0.7768
1580-141083-0007,1221,0,-0.002,0.6289
1580-141083-0007,1284,0,-0.0617,0.7994
1580-141083-0007,1580,1,-0.0145,0.6817
1580-141083-0007,1995,0,0.0787,0.7939
1580-141083-0007,2094,0,0.0269,0.7278
1580-141083-0007,237,0,-0.0956,0.6237
1580-141083-0007,2961,0,0.0944,0.8098
1580-141083-0007,3570,0,-0.0216,0.6371
1580-141083-0007,3575,0,-0.0743,0.4818
1580-141083-0007,3729,0,0.0355,0.7203
1580-141083-0007,4446,0,0.0047,0.7304
1580-141083-0007,4507,0,0.1346,0.6239
1580-141083-0007,4970,0,-0.1335,0.4343
1580-141083-0007,4992,0,0.1374,0.7067
1580-141083-0007,5142,0,-0.0213,0.5817
1580-141083-0007,5683,0,0.0079,0.584
1580-141083-0007,6829,0,0.0619,0.6255
1580-141083-0007,8463,0,0.0793,0.7237
1580-141083-0007,8555,0,0.0161,0.4915
1580-141083-0010,121,0,0.0594,0.7552
1580-141083-0010,1221,0,0.0714,0.6269
1580-141083-0010,1284,0,0.0258,0.7922
1580-141083-0010,1580,1,-0.0119,0.6945
1580-141083-0010,1995,0,0.0039,0.8004
1580-141083-0010,2094,0,-0.074,0.7644
1580-141083-0010,237,0,-0.0649,0.6164
1580-141083-0010,2961,0,0.1004,0.7767
1580-141083-0010,3570,0,0.0774,0.6036
1580-141083-0010,3575,0,0.0212,0.4832
1580-141083-0010,3729,0,0.0943,0.7041
1580-141083-0010,4446,0,-0.0945,0.7251
1580-141083-0010,4507,0,0.1471,0.6225
1580-141083-0010,4970,0,-0.0206,0.4121
1580-141083-0010,4992,0,0.074,0.7193
1580-141083-0010,5142,0,0.0138,0.5826
1580-141083-0010,5683,0,-0.0659,0.5703
1580-141083-0010,6829,0,0.0385,0.6503
1580-141083-0010,8463,0,0.1033,0.7234
1580-141083-0010,8555,0,0.0446,0.4801
1580-141083-0016,121,0,0.0778,0.6668
1580-141083-0016,1221,0,0.1049,0.524
1580-141083-0016,1284,0,0.0004,0.7186
1580-141083-0016,1580,1,0.0972,0.5774
1580-141083-0016,1995,0,0.1127,0.7136
1580-141083-0016,2094,0,0.0218,0.6094
1580-141083-0016,237,0,0.0575,0.5412
1580-141083-0016,2961,0,0.1199,0.7386
1580-141083-0016,3570,0,0.0723,0.5789
1580-141083-0016,3575,0,-0.0171,0.4011
1580-141083-0016,3729,0,0.0797,0.5931
1580-141083-0016,4446,0,-0.077,0.6168
1580-141083-0016,4507,0,0.0877,0.5325
1580-141083-0016,4970,0,-0.014,0.3474
1580-141083-0016,4992,0,0.093,0.5857
1580-141083-0016,5142,0,0.0372,0.4761
1580-141083-0016,5683,0,0.0361,0.4661
1580-141083-0016,6829,0,0.0784,0.5299
1580-141083-0016,8463,0,0.122,0.5863
1580-141083-0016,8555,0,0.0116,0.4027
1580-141083-0027,121,0,0.1004,0.7159
1580-141083-0027,1221,0,0.066,0.5954
1580-141083-0027,1284,0,-0.0336,0.8234
1580-141083-0027,1580,1,0.0708,0.7182
1580-141083-0027,1995,0,-0.033,0.746
1580-141083-0027,2094,0,-0.0324,0.6997
1580-141083-0027,237,0,-0.0036,0.5925
1580-141083-0027,2961,0,0.139,0.7268
1580-141083-0027,3570,0,0.0364,0.6011
1580-141083-0027,3575,0,-0.0152,0.5302
1580-141083-0027,3729,0,-0.0435,0.6522
1580-141083-0027,4446,0,-0.1305,0.699
1580-141083-0027,4507,0,0.1327,0.594
1580-141083-0027,4970,0,-0.0922,0.4499
1580-141083-0027,4992,0,-0.0036,0.6394
1580-141083-0027,5142,0,-0.0021,0.5284
1580-141083-0027,5683,0,0.0101,0.6064
1580-141083-0027,6829,0,-0.0163,0.5846
1580-141083-0027,8463,0,0.0555,0.6424
1580-141083-0027,8555,0,-0.0212,0.4793
1580-141083-0044,121,0,0.0921,0.7379
1580-141083-0044,1221,0,0.0755,0.6203
1580-141083-0044,1284,0,-0.0338,0.7729
1580-141083-0044,1580,1,0.0275,0.6704
1580-141083-0044,1995,0,0.0225,0.7923
1580-141083-0044,2094,0,-0.11,0.695
1580-141083-0044,237,0,-0.0022,0.6303
1580-141083-0044,2961,0,0.1174,0.7844
1580-141083-0044,3570,0,0.0615,0.652
1580-141083-0044,3575,0,0.083,0.5504
1580-141083-0044,3729,0,0.0066,0.6606
1580-141083-0044,4446,0,-0.1673,0.6733
1580-141083-0044,4507,0,0.1755,0.6258
1580-141083-0044,4970,0,-0.0077,0.5025
1580-141083-0044,4992,0,0.0382,0.6721
1580-141083-0044,5142,0,0.0322,0.582
1580-141083-0044,5683,0,0.0988,0.5808
1580-141083-0044,6829,0,0.017,0.6218
1580-141083-0044,8463,0,0.095,0.7034
1580-141083-0044,8555,0,0.0627,0.5316
1580-141084-0002,121,0,0.0948,0.7685
1580-141084-0002,1221,0,0.1185,0.6188
1580-141084-0002,1284,0,0.0511,0.8177
1580-141084-0002,1580,1,0.0158,0.7189
1580-141084-0002,1995,0,0.0215,0.7894
1580-141084-0002,2094,0,0.0035,0.7291
1580-141084-0002,237,0,0.0471,0.6346
1580-141084-0002,2961,0,0.0381,0.7895
1580-141084-0002,3570,0,-0.0758,0.6491
1580-141084-0002,3575,0,0.0652,0.5216
1580-141084-0002,3729,0,0.0157,0.6959
1580-141084-0002,4446,0,-0.0321,0.726
1580-141084-0002,4507,0,0.1358,0.6279
1580-141084-0002,4970,0,-0.047,0.4481
1580-141084-0002,4992,0,0.1116,0.6845
1580-141084-0002,5142,0,0.0074,0.5545
1580-141084-0002,5683,0,0.1067,0.5951
1580-141084-0002,6829,0,0.0958,0.6133
1580-141084-0002,8463,0,0.1452,0.6955
1580-141084-0002,8555,0,0.0472,0.4946
1580-141084-0009,121,0,0.0534,0.6234
1580-141084-0009,1221,0,0.1143,0.4759
1580-141084-0009,1284,0,-0.0737,0.6506
1580-141084-0009,1580,1,-0.0366,0.5408
1580-141084-0009,1995,0,0.0469,0.6393
1580-141084-0009,2094,0,-0.036,0.5493
1580-141084-0009,237,0,-0.0326,0.4649
1580-141084-0009,2961,0,0.0762,0.7464
1580-141084-0009,3570,0,-0.0019,0.5634
1580-141084-0009,3575,0,-0.0258,0.4107
1580-141084-0009,3729,0,-0.1108,0.55
1580-141084-0009,4446,0,-0.1466,0.5516
1580-141084-0009,4507,0,0.0453,0.5187
1580-141084-0009,4970,0,-0.0753,0.3652
1580-141084-0009,4992,0,-0.0216,0.5111
1580-141084-0009,5142,0,0.0603,0.4471
1580-141084-0009,5683,0,0.0288,0.4582
1580-141084-0009,6829,0,-0.0093,0.5012
1580-141084-0009,8463,0,0.0223,0.5323
1580-141084-0009,8555,0,0.0319,0.3925
1580-141084-0010,121,0,-0.0242,0.6457
1580-141084-0010,1221,0,0.0582,0.5292
1580-141084-0010,1284,0,0.01,0.6951
1580-141084-0010,1580,1,-0.0401,0.55
1580-141084-0010,1995,0,0.1812,0.6472
1580-141084-0010,2094,0,0.1188,0.6012
1580-141084-0010,237,0,0.0293,0.5143
1580-141084-0010,2961,0,0.0579,0.7052
1580-141084-0010,3570,0,0.0545,0.5747
1580-141084-0010,3575,0,-0.0269,0.4091
1580-141084-0010,3729,0,0.0144,0.6084
1580-141084-0010,4446,0,-0.0392,0.6136
1580-141084-0010,4507,0,0.1306,0.5629
1580-141084-0010,4970,0,-0.0088,0.4062
1580-141084-0010,4992,0,0.0546,0.5612
1580-141084-0010,5142,0,0.0564,0.5015
1580-141084-0010,5683,0,0.1459,0.4721
1580-141084-0010,6829,0,-0.0163,0.5484
1580-141084-0010,8463,0,0.0272,0.5881
1580-141084-0010,8555,0,0.002,0.41
1580-141084-0042,121,0,0.1141,0.7615
1580-141084-0042,1221,0,0.0928,0.5644
1580-141084-0042,1284,0,0.0865,0.7703
1580-141084-0042,1580,1,0.0633,0.683
1580-141084-0042,1995,0,-0.0141,0.7587
1580-141084-0042,2094,0,0.0289,0.6646
1580-141084-0042,237,0,0.0543,0.5907
1580-141084-0042,2961,0,0.0724,0.8041
1580-141084-0042,3570,0,0.0083,0.6671
1580-141084-0042,3575,0,0.0836,0.5162
1580-141084-0042,3729,0,0.1102,0.6533
1580-141084-0042,4446,0,-0.0583,0.658
1580-141084-0042,4507,0,0.1338,0.5829
1580-141084-0042,4970,0,-0.049,0.3855
1580-141084-0042,4992,0,-0.0083,0.6176
1580-141084-0042,5142,0,-0.0022,0.4612
1580-141084-0042,5683,0,0.0815,0.5722
1580-141084-0042,6829,0,-0.0061,0.5392
1580-141084-0042,8463,0,0.1378,0.611
1580-141084-0042,8555,0,-0.0374,0.4422
1995-1826-0002,121,0,0.16,0.7019
1995-1826-0002,1221,0,0.0313,0.5726
1995-1826-0002,1284,0,0.0282,0.7909
1995-1826-0002,1580,0,-0.0157,0.6686
1995-1826-0002,1995,1,0.1034,0.7162
1995-1826-0002,2094,0,-0.0909,0.6565
1995-1826-0002,237,0,0.053,0.5703
1995-1826-0002,2961,0,0.0959,0.731
1995-1826-0002,3570,0,0.032,0.586
1995-1826-0002,3575,0,-0.1031,0.4887
1995-1826-0002,3729,0,0.1125,0.6355
1995-1826-0002,4446,0,-0.036,0.6764
1995-1826-0002,4507,0,0.1764,0.5776
1995-1826-0002,4970,0,-0.0361,0.4461
1995-1826-0002,4992,0,0.0712,0.612
1995-1826-0002,5142,0,-0.0689,0.5299
1995-1826-0002,5683,0,0.0706,0.569
1995-1826-0002,6829,0,0.0597,0.5502
1995-1826-0002,8463,0,0.0584,0.6317
1995-1826-0002,8555,0,-0.0354,0.4701
1995-1826-0009,121,0,0.0261,0.6814
1995-1826-0009,1221,0,0.0884,0.5803
1995-1826-0009,1284,0,-0.0616,0.7496
1995-1826-0009,1580,0,-0.0289,0.6016
1995-1826-0009,1995,1,-0.0018,0.7513
1995-1826-0009,2094,0,-0.0734,0.665
1995-1826-0009,237,0,-0.0086,0.5741
1995-1826-0009,2961,0,0.094,0.7516
1995-1826-0009,3570,0,-0.0253,0.5758
1995-1826-0009,3575,0,-0.0243,0.4403
1995-1826-0009,3729,0,-0.0099,0.6396
1995-1826-0009,4446,0,-0.1324,0.6651
1995-1826-0009,4507,0,0.091,0.5648
1995-1826-0009,4970,0,-0.0054,0.4263
1995-1826-0009,4992,0,0.0316,0.6478
1995-1826-0009,5142,0,0.0395,0.5538
1995-1826-0009,5683,0,0.1294,0.518
1995-1826-0009,6829,0,0.0587,0.6135
1995-1826-0009,8463,0,0.0788,0.675
1995-1826-0009,8555,0,-0.044,0.4453
1995-1826-0018,121,0,-0.1084,0.6676
1995-1826-0018,1221,0,0.0363,0.539
1995-1826-0018,1284,0,-0.1272,0.7277
1995-1826-0018,1580,0,-0.0373,0.5819
1995-1826-0018,1995,1,0.0233,0.7289
1995-1826-0018,2094,0,-0.0027,0.6198
1995-1826-0018,237,0,-0.0037,0.529
1995-1826-0018,2961,0,0.1086,0.7494
1995-1826-0018,3570,0,-0.0473,0.551
1995-1826-0018,3575,0,-0.0367,0.3876
1995-1826-0018,3729,0,0.017,0.6152
1995-1826-0018,4446,0,-0.1393,0.6401
1995-1826-0018,4507,0,0.0442,0.532
1995-1826-0018,4970,0,-0.047,0.3632
1995-1826-0018,4992,0,0.0466,0.6147
1995-1826-0018,5142,0,0.0217,0.5196
1995-1826-0018,5683,0,0.1274,0.4879
1995-1826-0018,6829,0,-0.005,0.5556
1995-1826-0018,8463,0,0.0472,0.629
1995-1826-0018,8555,0,0.0435,0.422
1995-1826-0021,121,0,0.094,0.7728
1995-1826-0021,1221,0,0.084,0.6524
1995-1826-0021,1284,0,-0.1121,0.8174
1995-1826-0021,1580,0,-0.0133,0.705
1995-1826-0021,1995,1,0.0269,0.7769
1995-1826-0021,2094,0,0.031,0.7398
1995-1826-0021,237,0,0.0031,0.6331
1995-1826-0021,2961,0,0.0142,0.7964
1995-1826-0021,3570,0,-0.0627,0.6518
1995-1826-0021,3575,0,-0.0242,0.5298
1995-1826-0021,3729,0,0.0609,0.7354
1995-1826-0021,4446,0,-0.0805,0.746
1995-1826-0021,4507,0,0.1084,0.668
1995-1826-0021,4970,0,0.0243,0.487
1995-1826-0021,4992,0,0.1268,0.7064
1995-1826-0021,5142,0,0.0371,0.6067
1995-1826-0021,5683,0,0.0933,0.6144
1995-1826-0021,6829,0,0.0528,0.673
1995-1826-0021,8463,0,0.0936,0.7257
1995-1826-0021,8555,0,0.0726,0.5133
1995-1826-0023,121,0,0.0224,0.7978
1995-1826-0023,1221,0,0.0834,0.6375
1995-1826-0023,1284,0,-0.0737,0.7265
1995-1826-0023,1580,0,-0.014,0.6545
1995-1826-0023,1995,1,0.13,0.8033
1995-1826-0023,2094,0,0.0551,0.714
1995-1826-0023,237,0,0.1074,0.6344
1995-1826-0023,2961,0,-0.0035,0.8392
1995-1826-0023,3570,0,-0.0512,0.6951
1995-1826-0023,3575,0,0.0602,0.5448
1995-1826-0023,3729,0,0.0222,0.7354
1995-1826-0023,4446,0,-0.0599,0.6809
1995-1826-0023,4507,0,0.1108,0.6868
1995-1826-0023,4970,0,0.0526,0.4809
1995-1826-0023,4992,0,0.1137,0.7037
1995-1826-0023,5142,0,0.0726,0.6133
1995-1826-0023,5683,0,0.1946,0.6136
1995-1826-0023,6829,0,0.0046,0.6457
1995-1826-0023,8463,0,0.1411,0.7177
1995-1826-0023,8555,0,0.0146,0.565
1995-1836-0005,121,0,0.0797,0.7131
1995-1836-0005,1221,0,0.0844,0.6023
1995-1836-0005,1284,0,-0.0562,0.7614
1995-1836-0005,1580,0,-0.0119,0.6257
1995-1836-0005,1995,1,0.0227,0.77
1995-1836-0005,2094,0,-0.0149,0.6672
1995-1836-0005,237,0,0.0709,0.6073
1995-1836-0005,2961,0,0.1077,0.7693
1995-1836-0005,3570,0,-0.0169,0.6125
1995-1836-0005,3575,0,-0.0316,0.4679
1995-1836-0005,3729,0,0.0281,0.6709
1995-1836-0005,4446,0,-0.0919,0.687
1995-1836-0005,4507,0,0.1154,0.6021
1995-1836-0005,4970,0,-0.0197,0.4663
1995-1836-0005,4992,0,0.1054,0.6696
1995-1836-0005,5142,0,0.0088,0.6017
1995-1836-0005,5683,0,0.0896,0.553
1995-1836-0005,6829,0,0.0536,0.6074
1995-1836-0005,8463,0,0.1248,0.7101
1995-1836-0005,8555,0,-0.0147,0.5161
1995-1837-0001,121,0,0.036,0.7851
1995-1837-0001,1221,0,0.0939,0.6118
1995-1837-0001,1284,0,-0.0387,0.7803
1995-1837-0001,1580,0,0.0582,0.7245
1995-1837-0001,1995,1,0.0762,0.7706
1995-1837-0001,2094,0,-0.0181,0.7211
1995-1837-0001,237,0,0.0251,0.6271
1995-1837-0001,2961,0,0.1017,0.8388
1995-1837-0001,3570,0,0.0075,0.688
1995-1837-0001,3575,0,-0.0192,0.5718
1995-1837-0001,3729,0,0.0701,0.7029
1995-1837-0001,4446,0,-0.1398,0.6921
1995-1837-0001,4507,0,0.1292,0.661
1995-1837-0001,4970,0,-0.032,0.4739
1995-1837-0001,4992,0,0.0662,0.6651
1995-1837-0001,5142,0,0.0798,0.5566
1995-1837-0001,5683,0,0.114,0.6353
1995-1837-0001,6829,0,0.0314,0.6215
1995-1837-0001,8463,0,0.1157,0.6773
1995-1837-0001,8555,0,0.0096,0.5234
1995-1837-0014,121,0,0.0763,0.6344
1995-1837-0014,1221,0,0.0592,0.5443
1995-1837-0014,1284,0,-0.1056,0.7077
1995-1837-0014,1580,0,0.0409,0.5534
1995-1837-0014,1995,1,0.0222,0.7023
1995-1837-0014,2094,0,-0.0237,0.6103
1995-1837-0014,237,0,0.015,0.5324
1995-1837-0014,2961,0,0.0872,0.7169
1995-1837-0014,3570,0,0.0012,0.5545
1995-1837-0014,3575,0,0.0156,0.4172
1995-1837-0014,3729,0,0.0301,0.5972
1995-1837-0014,4446,0,-0.0727,0.6229
1995-1837-0014,4507,0,0.1171,0.5433
1995-1837-0014,4970,0,0.0027,0.4259
1995-1837-0014,4992,0,0.1167,0.5967
1995-1837-0014,5142,0,0.0515,0.5414
1995-1837-0014,5683,0,0.1321,0.4777
1995-1837-0014,6829,0,-0.0076,0.5749
1995-1837-0014,8463,0,0.096,0.6259
1995-1837-0014,8555,0,-0.0355,0.4438
1995-1837-0018,121,0,0.1152,0.7061
1995-1837-0018,1221,0,0.0798,0.6434
1995-1837-0018,1284,0,-0.0419,0.7986
1995-1837-0018,1580,0,0.0418,0.6514
1995-1837-0018,1995,1,0.0737,0.7878
1995-1837-0018,2094,0,-0.0255,0.7016
1995-1837-0018,237,0,0.0523,0.627
1995-1837-0018,2961,0,0.0942,0.7204
1995-1837-0018,3570,0,0.0525,0.5662
1995-1837-0018,3575,0,-0.0172,0.471
1995-1837-0018,3729,0,0.0208,0.6749
1995-1837-0018,4446,0,-0.0366,0.7206
1995-1837-0018,4507,0,0.2024,0.6023
1995-1837-0018,4970,0,0.038,0.4906
1995-1837-0018,4992,0,0.1255,0.7093
1995-1837-0018,5142,0,0.0634,0.6351
1995-1837-0018,5683,0,0.1487,0.5707
1995-1837-0018,6829,0,0.061,0.6382
1995-1837-0018,8463,0,0.1081,0.7514
1995-1837-0018,8555,0,0.0882,0.5226
1995-1837-0026,121,0,0.095,0.6877
1995-1837-0026,1221,0,0.0663,0.5984
1995-1837-0026,1284,0,-0.0403,0.7877
1995-1837-0026,1580,0,0.0938,0.6469
1995-1837-0026,1995,1,-0.0087,0.7687
1995-1837-0026,2094,0,-0.018,0.6847
1995-1837-0026,237,0,-0.0189,0.5828
1995-1837-0026,2961,0,0.0142,0.6824
1995-1837-0026,3570,0,-0.0201,0.5328
1995-1837-0026,3575,0,0.0203,0.4441
1995-1837-0026,3729,0,0.0198,0.6376
1995-1837-0026,4446,0,-0.0598,0.6893
1995-1837-0026,4507,0,0.1887,0.5614
1995-1837-0026,4970,0,-0.011,0.4205
1995-1837-0026,4992,0,0.1735,0.679
1995-1837-0026,5142,0,-0.0003,0.5769
1995-1837-0026,5683,0,0.0168,0.5478
1995-1837-0026,6829,0,0.0419,0.5853
1995-1837-0026,8463,0,0.1419,0.6981
1995-1837-0026,8555,0,0.0332,0.4767
2094-142345-0001,121,0,0.0937,0.7176
2094-142345-0001,1221,0,0.0028,0.5715
2094-142345-0001,1284,0,-0.0236,0.7547
2094-142345-0001,1580,0,0.0644,0.6259
2094-142345-0001,1995,0,0.1374,0.7555
2094-142345-0001,2094,1,0.0307,0.6825
2094-142345-0001,237,0,0.0618,0.5621
2094-142345-0001,2961,0,0.0647,0.7666
2094-142345-0001,3570,0,-0.0341,0.5844
2094-142345-0001,3575,0,0.0364,0.4538
2094-142345-0001,3729,0,0.0976,0.6515
2094-142345-0001,4446,0,-0.0709,0.6637
2094-142345-0001,4507,0,0.1119,0.5769
2094-142345-0001,4970,0,-0.001,0.3892
2094-142345-0001,4992,0,0.0464,0.6457
2094-142345-0001,5142,0,-0.0899,0.5306
2094-142345-0001,5683,0,0.0876,0.5261
2094-142345-0001,6829,0,0.016,0.5877
2094-142345-0001,8463,0,0.0463,0.6567
2094-142345-0001,8555,0,-0.0738,0.4392
2094-142345-0013,121,0,0.0853,0.7362
2094-142345-0013,1221,0,0.0799,0.6272
2094-142345-0013,1284,0,0.0072,0.7984
2094-142345-0013,1580,0,0.0374,0.6585
2094-142345-0013,1995,0,0.0263,0.7775
2094-142345-0013,2094,1,0.0005,0.7033
2094-142345-0013,237,0,-0.0288,0.6332
2094-142345-0013,2961,0,0.1638,0.7772
2094-142345-0013,3570,0,0.0433,0.6326
2094-142345-0013,3575,0,-0.0087,0.4904
2094-142345-0013,3729,0,0.0207,0.6966
2094-142345-0013,4446,0,-0.1361,0.7179
2094-142345-0013,4507,0,0.136,0.6196
2094-142345-0013,4970,0,-0.0586,0.4673
2094-142345-0013,4992,0,0.0729,0.685
2094-142345-0013,5142,0,0.0313,0.5891
2094-142345-0013,5683,0,0.0476,0.5732
2094-142345-0013,6829,0,-0.0202,0.632
2094-142345-0013,8463,0,0.1092,0.7097
2094-142345-0013,8555,0,-0.054,0.4992
2094-142345-0021,121,0,0.0741,0.6447
2094-142345-0021,1221,0,-0.0132,0.5078
2094-142345-0021,1284,0,-0.1421,0.7068
2094-142345-0021,1580,0,-0.0705,0.5464
2094-142345-0021,1995,0,0.0173,0.7052
2094-142345-0021,2094,1,-0.04,0.6099
2094-142345-0021,237,0,-0.1061,0.4982
2094-142345-0021,2961,0,0.0932,0.6977
2094-142345-0021,3570,0,-0.0133,0.5146
2094-142345-0021,3575,0,-0.0256,0.4225
2094-142345-0021,3729,0,-0.0675,0.5732
2094-142345-0021,4446,0,-0.0625,0.598
2094-142345-0021,4507,0,0.0614,0.5023
2094-142345-0021,4970,0,-0.0331,0.3872
2094-142345-0021,4992,0,0.0587,0.5735
2094-142345-0021,5142,0,0.0253,0.4978
2094-142345-0021,5683,0,0.0581,0.4655
2094-142345-0021,6829,0,-0.0056,0.5215
2094-142345-0021,8463,0,0.0127,0.6117
2094-142345-0021,8555,0,-0.0097,0.4008
2094-142345-0024,121,0,0.0784,0.552
2094-142345-0024,1221,0,0.0202,0.4896
2094-142345-0024,1284,0,-0.0795,0.655
2094-142345-0024,1580,0,-0.029,0.4891
2094-142345-0024,1995,0,0.1197,0.6778
2094-142345-0024,2094,1,-0.0144,0.5329
2094-142345-0024,237,0,-0.0065,0.4726
2094-142345-0024,2961,0,0.04,0.625
2094-142345-0024,3570,0,-0.0574,0.4698
2094-142345-0024,3575,0,0.0054,0.3646
2094-142345-0024,3729,0,-0.0416,0.5014
2094-142345-0024,4446,0,-0.0827,0.5485
2094-142345-0024,4507,0,0.0235,0.4611
2094-142345-0024,4970,0,-0.0699,0.3763
2094-142345-0024,4992,0,0.0853,0.5368
2094-142345-0024,5142,0,0.0151,0.4929
2094-142345-0024,5683,0,0.0764,0.4262
2094-142345-0024,6829,0,0.0327,0.4906
2094-142345-0024,8463,0,0.0394,0.5523
2094-142345-0024,8555,0,-0.0051,0.4154
2094-142345-0028,121,0,0.1234,0.7896
2094-142345-0028,1221,0,0.0634,0.6419
2094-142345-0028,1284,0,-0.0233,0.8106
2094-142345-0028,1580,0,0.0531,0.7073
2094-142345-0028,1995,0,-0.0461,0.7671
2094-142345-0028,2094,1,-0.1115,0.7316
2094-142345-0028,237,0,-0.0488,0.6463
2094-142345-0028,2961,0,0.033,0.8326
2094-142345-0028,3570,0,-0.0727,0.6768
2094-142345-0028,3575,0,-0.1199,0.4864
2094-142345-0028,3729,0,0.0294,0.749
2094-142345-0028,4446,0,0.1193,0.7468
2094-142345-0028,4507,0,0.1138,0.6573
2094-142345-0028,4970,0,-0.037,0.4376
2094-142345-0028,4992,0,0.1491,0.6984
2094-142345-0028,5142,0,0.0007,0.5762
2094-142345-0028,5683,0,-0.0153,0.6108
2094-142345-0028,6829,0,0.1063,0.6451
2094-142345-0028,8463,0,0.1512,0.7048
2094-142345-0028,8555,0,-0.0096,0.4874
2094-142345-0034,121,0,0.0549,0.8031
2094-142345-0034,1221,0,0.05,0.6197
2094-142345-0034,1284,0,-0.039,0.7875
2094-142345-0034,1580,0,0.0689,0.692
2094-142345-0034,1995,0,0.0755,0.8099
2094-142345-0034,2094,1,-0.0248,0.7303
2094-142345-0034,237,0,-0.0804,0.6388
2094-142345-0034,2961,0,0.1087,0.8371
2094-142345-0034,3570,0,0.1202,0.6769
2094-142345-0034,3575,0,-0.1027,0.4898
2094-142345-0034,3729,0,0.0849,0.7151
2094-142345-0034,4446,0,-0.0497,0.7134
2094-142345-0034,4507,0,0.1874,0.6247
2094-142345-0034,4970,0,0.0166,0.3988
2094-142345-0034,4992,0,0.0789,0.7049
2094-142345-0034,5142,0,0.029,0.5459
2094-142345-0034,5683,0,-0.0265,0.5685
2094-142345-0034,6829,0,0.0527,0.6036
2094-142345-0034,8463,0,0.0839,0.7223
2094-142345-0034,8555,0,0.0503,0.4781
2094-142345-0036,121,0,0.049,0.6811
2094-142345-0036,1221,0,0.0543,0.5871
2094-142345-0036,1284,0,-0.0069,0.7868
2094-142345-0036,1580,0,0.0735,0.6472
2094-142345-0036,1995,0,-0.0508,0.7348
2094-142345-0036,2094,1,-0.0141,0.6917
2094-142345-0036,237,0,0.0358,0.5684
2094-142345-0036,2961,0,0.1035,0.7196
2094-142345-0036,3570,0,0.0292,0.5596
2094-142345-0036,3575,0,-0.0071,0.4608
2094-142345-0036,3729,0,-0.0213,0.6371
2094-142345-0036,4446,0,-0.0909,0.6795
2094-142345-0036,4507,0,0.097,0.5728
2094-142345-0036,4970,0,0.0175,0.4295
2094-142345-0036,4992,0,0.1146,0.6431
2094-142345-0036,5142,0,0.0065,0.5494
2094-142345-0036,5683,0,0.0316,0.5474
2094-142345-0036,6829,0,0.0411,0.6024
2094-142345-0036,8463,0,0.1226,0.6572
2094-142345-0036,8555,0,-0.0145,0.4513
2094-142345-0037,121,0,0.1422,0.652
2094-142345-0037,1221,0,0.1369,0.5831
2094-142345-0037,1284,0,-0.0523,0.7771
2094-142345-0037,1580,0,0.0522,0.6312
2094-142345-0037,1995,0,-0.0175,0.6784
2094-142345-0037,2094,1,0.0516,0.6612
2094-142345-0037,237,0,0.0258,0.54
2094-142345-0037,2961,0,0.1069,0.6749
2094-142345-0037,3570,0,0.0807,0.5338
2094-142345-0037,3575,0,-0.01,0.4481
2094-142345-0037,3729,0,0.0614,0.6401
2094-142345-0037,4446,0,-0.1175,0.6822
2094-142345-0037,4507,0,0.1658,0.5871
2094-142345-0037,4970,0,-0.0279,0.4543
2094-142345-0037,4992,0,0.1038,0.6216
2094-142345-0037,5142,0,0.0836,0.5643
2094-142345-0037,5683,0,0.0409,0.5309
2094-142345-0037,6829,0,0.0546,0.6028
2094-142345-0037,8463,0,0.1299,0.648
2094-142345-0037,8555,0,0.1032,0.4529
2094-142345-0049,121,0,0.034,0.7651
2094-142345-0049,1221,0,0.0136,0.6401
2094-142345-0049,1284,0,-0.014,0.7849
2094-142345-0049,1580,0,-0.0288,0.6692
2094-142345-0049,1995,0,0.1812,0.7979
2094-142345-0049,2094,1,0.105,0.7205
2094-142345-0049,237,0,0.0165,0.655
2094-142345-0049,2961,0,0.0748,0.7966
2094-142345-0049,3570,0,-0.0422,0.6763
2094-142345-0049,3575,0,-0.0832,0.4903
2094-142345-0049,3729,0,0.0861,0.7212
2094-142345-0049,4446,0,-0.0863,0.7257
2094-142345-0049,4507,0,0.1096,0.651
2094-142345-0049,4970,0,-0.0407,0.4436
2094-142345-0049,4992,0,0.1608,0.7006
2094-142345-0049,5142,0,-0.0549,0.5893
2094-142345-0049,5683,0,0.0036,0.5832
2094-142345-0049,6829,0,0.009,0.6332
2094-142345-0049,8463,0,0.1542,0.6931
2094-142345-0049,8555,0,-0.1734,0.5207
2094-142345-0052,121,0,0.1122,0.6672
2094-142345-0052,1221,0,0.0371,0.5031
2094-142345-0052,1284,0,-0.1051,0.6641
2094-142345-0052,1580,0,0.0115,0.5086
2094-142345-0052,1995,0,-0.0001,0.7036
2094-142345-0052,2094,1,-0.0409,0.5815
2094-142345-0052,237,0,0.0227,0.516
2094-142345-0052,2961,0,0.1018,0.736
2094-142345-0052,3570,0,0.0089,0.5843
2094-142345-0052,3575,0,0.0431,0.4002
2094-142345-0052,3729,0,0.0273,0.5842
2094-142345-0052,4446,0,-0.0847,0.5803
2094-142345-0052,4507,0,0.0202,0.509
2094-142345-0052,4970,0,0.0524,0.3575
2094-142345-0052,4992,0,0.0341,0.567
2094-142345-0052,5142,0,0.006,0.4695
2094-142345-0052,5683,0,0.0568,0.435
2094-142345-0052,6829,0,-0.0167,0.4984
2094-142345-0052,8463,0,0.0117,0.5935
2094-142345-0052,8555,0,0.0292,0.401
2300-131720-0001,1089,0,0.0929,0.7621
2300-131720-0001,1188,0,0.2014,0.7944
2300-131720-0001,1320,0,0.0299,0.7107
2300-131720-0001,2300,1,0.0944,0.57
2300-131720-0001,260,0,-0.0783,0.8102
2300-131720-0001,2830,0,0.0518,0.7239
2300-131720-0001,4077,0,0.0566,0.7487
2300-131720-0001,5105,0,0.0365,0.7678
2300-131720-0001,5639,0,0.1325,0.8899
2300-131720-0001,61,0,0.0786,0.7873
2300-131720-0001,672,0,0.0817,0.8372
2300-131720-0001,6930,0,-0.0845,0.7412
2300-131720-0001,7021,0,0.0615,0.7233
2300-131720-0001,7127,0,0.1284,0.6462
2300-131720-0001,7176,0,-0.0997,0.7632
2300-131720-0001,7729,0,0.2,0.8155
2300-131720-0001,8224,0,0.0684,0.8572
2300-131720-0001,8230,0,0.0254,0.7515
2300-131720-0001,8455,0,-0.0,0.6881
2300-131720-0001,908,0,-0.0772,0.8359
2300-131720-0002,1089,0,0.1126,0.754
2300-131720-0002,1188,0,0.3096,0.7997
2300-131720-0002,1320,0,0.0162,0.7009
2300-131720-0002,2300,1,0.028,0.5653
2300-131720-0002,260,0,-0.0849,0.7985
2300-131720-0002,2830,0,0.1472,0.7359
2300-131720-0002,4077,0,0.096,0.7617
2300-131720-0002,5105,0,0.0586,0.7518
2300-131720-0002,5639,0,0.1702,0.892
2300-131720-0002,61,0,0.1401,0.7634
2300-131720-0002,672,0,0.0184,0.8019
2300-131720-0002,6930,0,-0.1108,0.6907
2300-131720-0002,7021,0,0.0345,0.7076
2300-131720-0002,7127,0,0.2113,0.6781
2300-131720-0002,7176,0,-0.0551,0.7309
2300-131720-0002,7729,0,0.2732,0.8506
2300-131720-0002,8224,0,0.02,0.797
2300-131720-0002,8230,0,0.0668,0.7256
2300-131720-0002,8455,0,0.013,0.6516
2300-131720-0002,908,0,0.0075,0.8189
2300-131720-0005,1089,0,0.0058,0.7868
2300-131720-0005,1188,0,0.1675,0.807
2300-131720-0005,1320,0,0.0446,0.7321
2300-131720-0005,2300,1,0.0744,0.5735
2300-131720-0005,260,0,0.1363,0.8469
2300-131720-0005,2830,0,0.1554,0.7654
2300-131720-0005,4077,0,0.078,0.7727
2300-131720-0005,5105,0,0.0809,0.7878
2300-131720-0005,5639,0,0.1427,0.9008
2300-131720-0005,61,0,0.041,0.8018
2300-131720-0005,672,0,0.1678,0.8455
2300-131720-0005,6930,0,0.0552,0.7816
2300-131720-0005,7021,0,0.0562,0.7399
2300-131720-0005,7127,0,0.1178,0.6816
2300-131720-0005,7176,0,-0.1045,0.7633
2300-131720-0005,7729,0,0.184,0.8436
2300-131720-0005,8224,0,0.035,0.8048
2300-131720-0005,8230,0,-0.0466,0.7685
2300-131720-0005,8455,0,-0.008,0.6978
2300-131720-0005,908,0,0.0143,0.8579
2300-131720-0010,1089,0,0.0991,0.7138
2300-131720-0010,1188,0,0.2143,0.7301
2300-131720-0010,1320,0,-0.0096,0.6702
2300-131720-0010,2300,1,0.0618,0.549
2300-131720-0010,260,0,-0.0223,0.756
2300-131720-0010,2830,0,0.0968,0.6477
2300-131720-0010,4077,0,0.0641,0.7017
2300-131720-0010,5105,0,-0.0344,0.7109
2300-131720-0010,5639,0,0.1589,0.8478
2300-131720-0010,61,0,0.0455,0.7045
2300-131720-0010,672,0,0.0972,0.7932
2300-131720-0010,6930,0,-0.1041,0.7101
2300-131720-0010,7021,0,-0.0088,0.6735
2300-131720-0010,7127,0,0.1034,0.5951
2300-131720-0010,7176,0,-0.0502,0.6576
2300-131720-0010,7729,0,0.1917,0.7553
2300-131720-0010,8224,0,0.0464,0.8267
2300-131720-0010,8230,0,0.0439,0.6689
2300-131720-0010,8455,0,-0.0014,0.6688
2300-131720-0010,908,0,-0.1231,0.7899
2300-131720-0012,1089,0,0.1208,0.8248
2300-131720-0012,1188,0,0.1637,0.8565
2300-131720-0012,1320,0,-0.0044,0.805
2300-131720-0012,2300,1,0.1224,0.7024
2300-131720-0012,260,0,-0.0604,0.8605
2300-131720-0012,2830,0,0.0528,0.7618
2300-131720-0012,4077,0,0.0735,0.7807
2300-131720-0012,5105,0,-0.0001,0.829
2300-131720-0012,5639,0,0.1634,0.8346
2300-131720-0012,61,0,0.2112,0.814
2300-131720-0012,672,0,0.094,0.8683
2300-131720-0012,6930,0,-0.0682,0.8144
2300-131720-0012,7021,0,0.0139,0.8058
2300-131720-0012,7127,0,0.0977,0.7212
2300-131720-0012,7176,0,-0.1154,0.7773
2300-131720-0012,7729,0,0.1356,0.8317
2300-131720-0012,8224,0,0.0932,0.8479
2300-131720-0012,8230,0,0.0719,0.7937
2300-131720-0012,8455,0,-0.0188,0.8115
2300-131720-0012,908,0,-0.0937,0.8507
2300-131720-0013,1089,0,0.08,0.7939
2300-131720-0013,1188,0,0.1992,0.8197
2300-131720-0013,1320,0,0.0435,0.7236
2300-131720-0013,2300,1,0.0696,0.552
2300-131720-0013,260,0,0.0481,0.857
2300-131720-0013,2830,0,0.0797,0.7657
2300-131720-0013,4077,0,0.0904,0.7729
2300-131720-0013,5105,0,0.0325,0.7681
2300-131720-0013,5639,0,0.107,0.9098
2300-131720-0013,61,0,0.1146,0.8146
2300-131720-0013,672,0,0.133,0.8583
2300-131720-0013,6930,0,-0.042,0.7768
2300-131720-0013,7021,0,0.0218,0.7179
2300-131720-0013,7127,0,0.2106,0.665
2300-131720-0013,7176,0,-0.138,0.7752
2300-131720-0013,7729,0,0.1796,0.8376
2300-131720-0013,8224,0,0.0775,0.8005
2300-131720-0013,8230,0,0.06,0.7958
2300-131720-0013,8455,0,0.0668,0.7129
2300-131720-0013,908,0,0.0144,0.8523
2300-131720-0021,1089,0,0.1578,0.7812
2300-131720-0021,1188,0,0.1447,0.7962
2300-131720-0021,1320,0,-0.0587,0.7228
2300-131720-0021,2300,1,0.0398,0.6183
2300-131720-0021,260,0,-0.0869,0.8085
2300-131720-0021,2830,0,0.0795,0.7031
2300-131720-0021,4077,0,0.0611,0.7617
2300-131720-0021,5105,0,-0.0283,0.7528
2300-131720-0021,5639,0,0.1118,0.867
2300-131720-0021,61,0,0.063,0.7669
2300-131720-0021,672,0,0.025,0.8359
2300-131720-0021,6930,0,-0.1074,0.7387
2300-131720-0021,7021,0,0.0135,0.7248
2300-131720-0021,7127,0,0.1723,0.658
2300-131720-0021,7176,0,-0.0869,0.7273
2300-131720-0021,7729,0,0.1919,0.8235
2300-131720-0021,8224,0,-0.0377,0.8363
2300-131720-0021,8230,0,0.064,0.738
2300-131720-0021,8455,0,-0.0216,0.7222
2300-131720-0021,908,0,-0.0274,0.8307
2300-131720-0034,1089,0,0.0453,0.7558
2300-131720-0034,1188,0,0.1652,0.7717
2300-131720-0034,1320,0,0.0057,0.6821
2300-131720-0034,2300,1,0.0828,0.5118
2300-131720-0034,260,0,0.0479,0.8197
2300-131720-0034,2830,0,0.1183,0.711
2300-131720-0034,4077,0,0.1363,0.7244
2300-131720-0034,5105,0,0.1139,0.7148
2300-131720-0034,5639,0,0.1696,0.8765
2300-131720-0034,61,0,0.1408,0.7549
2300-131720-0034,672,0,0.0692,0.8335
2300-131720-0034,6930,0,0.0128,0.7623
2300-131720-0034,7021,0,0.0767,0.67
2300-131720-0034,7127,0,0.1605,0.6068
2300-131720-0034,7176,0,-0.047,0.7299
2300-131720-0034,7729,0,0.1534,0.7574
2300-131720-0034,8224,0,-0.0083,0.81
2300-131720-0034,8230,0,0.0002,0.7478
2300-131720-0034,8455,0,0.0348,0.6954
2300-131720-0034,908,0,-0.0916,0.8178
2300-131720-0037,1089,0,0.071,0.7386
2300-131720-0037,1188,0,0.0834,0.7638
2300-131720-0037,1320,0,-0.043,0.658
2300-131720-0037,2300,1,-0.0546,0.4754
2300-131720-0037,260,0,-0.0324,0.7824
2300-131720-0037,2830,0,0.0483,0.7332
2300-131720-0037,4077,0,0.1234,0.6792
2300-131720-0037,5105,0,0.1061,0.7108
2300-131720-0037,5639,0,0.1763,0.8743
2300-131720-0037,61,0,0.0223,0.7404
2300-131720-0037,672,0,0.0299,0.8069
2300-131720-0037,6930,0,-0.0284,0.7316
2300-131720-0037,7021,0,0.0232,0.65
2300-131720-0037,7127,0,0.0403,0.6004
2300-131720-0037,7176,0,-0.0723,0.6952
2300-131720-0037,7729,0,0.0707,0.755
2300-131720-0037,8224,0,0.1094,0.8057
2300-131720-0037,8230,0,0.0399,0.7475
2300-131720-0037,8455,0,0.0198,0.6354
2300-131720-0037,908,0,-0.0247,0.786
2300-131720-0040,1089,0,0.0588,0.8076
2300-131720-0040,1188,0,0.1167,0.8187
2300-131720-0040,1320,0,0.0693,0.7416
2300-131720-0040,2300,1,0.0647,0.6137
2300-131720-0040,260,0,0.0799,0.8639
2300-131720-0040,2830,0,0.0847,0.764
2300-131720-0040,4077,0,0.1536,0.8054
2300-131720-0040,5105,0,0.0286,0.779
2300-131720-0040,5639,0,0.1319,0.8974
2300-131720-0040,61,0,0.1782,0.828
2300-131720-0040,672,0,0.0751,0.8497
2300-131720-0040,6930,0,-0.0264,0.782
2300-131720-0040,7021,0,0.0827,0.7419
2300-131720-0040,7127,0,0.072,0.6964
2300-131720-0040,7176,0,0.0211,0.7812
2300-131720-0040,7729,0,0.2875,0.8715
2300-131720-0040,8224,0,-0.0478,0.7743
2300-131720-0040,8230,0,0.0064,0.7933
2300-131720-0040,8455,0,-0.0003,0.7341
2300-131720-0040,908,0,0.0565,0.8614
237-126133-0006,121,0,0.1057,0.7553
237-126133-0006,1221,0,0.074,0.5584
237-126133-0006,1284,0,-0.0184,0.723
237-126133-0006,1580,0,0.004,0.6567
237-126133-0006,1995,0,0.059,0.7001
237-126133-0006,2094,0,-0.0675,0.6605
237-126133-0006,237,1,0.007,0.5846
237-126133-0006,2961,0,0.0427,0.7854
237-126133-0006,3570,0,-0.0558,0.7081
237-126133-0006,3575,0,-0.0329,0.5437
237-126133-0006,3729,0,0.012,0.6627
237-126133-0006,4446,0,-0.1373,0.6331
237-126133-0006,4507,0,0.123,0.6346
237-126133-0006,4970,0,-0.0423,0.4314
237-126133-0006,4992,0,0.0896,0.5938
237-126133-0006,5142,0,-0.0799,0.4751
237-126133-0006,5683,0,0.0861,0.5672
237-126133-0006,6829,0,0.0089,0.5619
237-126133-0006,8463,0,0.0449,0.6108
237-126133-0006,8555,0,-0.1047,0.4588
237-126133-0019,121,0,0.0971,0.7891
237-126133-0019,1221,0,0.0041,0.6561
237-126133-0019,1284,0,-0.0669,0.8135
237-126133-0019,1580,0,-0.0668,0.7265
237-126133-0019,1995,0,0.0059,0.7652
237-126133-0019,2094,0,-0.0278,0.744
237-126133-0019,237,1,-0.0163,0.6358
237-126133-0019,2961,0,0.1725,0.8229
237-126133-0019,3570,0,-0.0352,0.667
237-126133-0019,3575,0,-0.0729,0.5298
237-126133-0019,3729,0,0.0036,0.7509
237-126133-0019,4446,0,-0.1837,0.746
237-126133-0019,4507,0,0.0407,0.6852
237-126133-0019,4970,0,-0.0363,0.4717
237-126133-0019,4992,0,0.0423,0.7047
237-126133-0019,5142,0,-0.01,0.5965
237-126133-0019,5683,0,0.0039,0.6309
237-126133-0019,6829,0,-0.0165,0.6739
237-126133-0019,8463,0,-0.0111,0.7128
237-126133-0019,8555,0,0.0199,0.51
237-126133-0021,121,0,0.0946,0.767
237-126133-0021,1221,0,0.0611,0.6209
237-126133-0021,1284,0,-0.0497,0.7883
237-126133-0021,1580,0,0.0717,0.662
237-126133-0021,1995,0,0.0705,0.7931
237-126133-0021,2094,0,-0.0868,0.7382
237-126133-0021,237,1,0.0437,0.6253
237-126133-0021,2961,0,0.1291,0.7783
237-126133-0021,3570,0,0.0118,0.618
237-126133-0021,3575,0,-0.0375,0.4803
237-126133-0021,3729,0,-0.0232,0.7082
237-126133-0021,4446,0,-0.1068,0.7156
237-126133-0021,4507,0,0.0665,0.6237
237-126133-0021,4970,0,-0.1042,0.4268
237-126133-0021,4992,0,0.1393,0.7043
237-126133-0021,5142,0,0.0257,0.5788
237-126133-0021,5683,0,0.0255,0.5642
237-126133-0021,6829,0,0.0161,0.6227
237-126133-0021,8463,0,0.0759,0.7229
237-126133-0021,8555,0,-0.0155,0.4783
237-126133-0022,121,0,0.0723,0.8345
237-126133-0022,1221,0,0.1712,0.6931
237-126133-0022,1284,0,0.0206,0.8273
237-126133-0022,1580,0,0.1398,0.7579
237-126133-0022,1995,0,-0.0566,0.8144
237-126133-0022,2094,0,-0.0823,0.7882
237-126133-0022,237,1,-0.0058,0.6884
237-126133-0022,2961,0,0.1968,0.833
237-126133-0022,3570,0,0.0347,0.6994
237-126133-0022,3575,0,0.0361,0.5404
237-126133-0022,3729,0,0.1015,0.7771
237-126133-0022,4446,0,-0.18,0.7782
237-126133-0022,4507,0,0.1226,0.6976
237-126133-0022,4970,0,0.0401,0.4774
237-126133-0022,4992,0,0.1529,0.765
237-126133-0022,5142,0,0.0045,0.6227
237-126133-0022,5683,0,0.0623,0.6368
237-126133-0022,6829,0,0.1687,0.6803
237-126133-0022,8463,0,0.1372,0.7874
237-126133-0022,8555,0,0.1293,0.5407
237-134493-0016,121,0,0.1318,0.7292
237-134493-0016,1221,0,0.0769,0.5146
237-134493-0016,1284,0,-0.0269,0.6461
237-134493-0016,1580,0,0.0275,0.5382
237-134493-0016,1995,0,0.0022,0.6935
237-134493-0016,2094,0,-0.0454,0.584
237-134493-0016,237,1,0.1227,0.5366
237-134493-0016,2961,0,0.0659,0.8208
237-134493-0016,3570,0,0.0129,0.6763
237-134493-0016,3575,0,0.0019,0.434
237-134493-0016,3729,0,0.0118,0.6335
237-134493-0016,4446,0,-0.0258,0.5804
237-134493-0016,4507,0,0.0927,0.5586
237-134493-0016,4970,0,0.0013,0.3576
237-134493-0016,4992,0,0.0584,0.5734
237-134493-0016,5142,0,-0.0624,0.448
237-134493-0016,5683,0,0.1108,0.4603
237-134493-0016,6829,0,0.0788,0.5223
237-134493-0016,8463,0,0.0819,0.6014
237-134493-0016,8555,0,-0.042,0.3971
237-134493-0018,121,0,0.1131,0.6037
237-134493-0018,1221,0,0.1026,0.5623
237-134493-0018,1284,0,0.0133,0.7335
237-134493-0018,1580,0,-0.039,0.5646
237-134493-0018,1995,0,0.09,0.6858
237-134493-0018,2094,0,0.0067,0.6194
237-134493-0018,237,1,-0.0109,0.5192
237-134493-0018,2961,0,0.0565,0.6273
237-134493-0018,3570,0,-0.0064,0.4715
237-134493-0018,3575,0,-0.0102,0.371
237-134493-0018,3729,0,0.0639,0.5909
237-134493-0018,4446,0,-0.0221,0.652
237-134493-0018,4507,0,0.1077,0.532
237-134493-0018,4970,0,-0.0477,0.4228
237-134493-0018,4992,0,0.1382,0.6213
237-134493-0018,5142,0,0.0875,0.5856
237-134493-0018,5683,0,0.0372,0.4769
237-134493-0018,6829,0,0.0418,0.5707
237-134493-0018,8463,0,0.0753,0.6594
237-134493-0018,8555,0,0.0082,0.4512
237-134500-0010,121,0,0.0629,0.7777
237-134500-0010,1221,0,0.1452,0.5498
237-134500-0010,1284,0,0.0569,0.7471
237-134500-0010,1580,0,0.1013,0.6645
237-134500-0010,1995,0,0.0536,0.7779
237-134500-0010,2094,0,-0.0385,0.6893
237-134500-0010,237,1,0.0737,0.6037
237-134500-0010,2961,0,0.1203,0.8205
237-134500-0010,3570,0,0.0104,0.67
237-134500-0010,3575,0,-0.0146,0.5138
237-134500-0010,3729,0,0.0197,0.6618
237-134500-0010,4446,0,-0.0846,0.6455
237-134500-0010,4507,0,0.0757,0.5916
237-134500-0010,4970,0,0.0126,0.3744
237-134500-0010,4992,0,0.1066,0.6322
237-134500-0010,5142,0,0.031,0.4765
237-134500-0010,5683,0,0.1253,0.5584
237-134500-0010,6829,0,0.0449,0.5487
237-134500-0010,8463,0,0.1093,0.6419
237-134500-0010,8555,0,-0.018,0.4461
237-134500-0013,121,0,0.0418,0.6972
237-134500-0013,1221,0,0.0661,0.5618
237-134500-0013,1284,0,-0.025,0.7277
237-134500-0013,1580,0,-0.0462,0.6011
237-134500-0013,1995,0,0.0045,0.7348
237-134500-0013,2094,0,-0.1067,0.6261
237-134500-0013,237,1,0.0204,0.5767
237-134500-0013,2961,0,0.0974,0.7603
237-134500-0013,3570,0,-0.0418,0.6212
237-134500-0013,3575,0,-0.0993,0.452
237-134500-0013,3729,0,0.0288,0.6291
237-134500-0013,4446,0,-0.0796,0.6436
237-134500-0013,4507,0,0.1016,0.5733
237-134500-0013,4970,0,-0.0297,0.4185
237-134500-0013,4992,0,0.0812,0.6159
237-134500-0013,5142,0,-0.0127,0.5193
237-134500-0013,5683,0,0.0766,0.4976
237-134500-0013,6829,0,0.0051,0.5688
237-134500-0013,8463,0,0.0367,0.6399
237-134500-0013,8555,0,-0.0738,0.4498
237-134500-0014,121,0,-0.0092,0.6277
237-134500-0014,1221,0,-0.0028,0.5248
237-134500-0014,1284,0,-0.0952,0.6613
237-134500-0014,1580,0,0.0443,0.5073
237-134500-0014,1995,0,0.0864,0.6593
237-134500-0014,2094,0,-0.1226,0.5847
237-134500-0014,237,1,0.0238,0.4955
237-134500-0014,2961,0,0.0254,0.7179
237-134500-0014,3570,0,-0.0297,0.5544
237-134500-0014,3575,0,0.0608,0.3808
237-134500-0014,3729,0,-0.0995,0.5858
237-134500-0014,4446,0,-0.1349,0.5953
237-134500-0014,4507,0,0.0837,0.5277
237-134500-0014,4970,0,-0.0505,0.4064
237-134500-0014,4992,0,0.0297,0.5745
237-134500-0014,5142,0,-0.0911,0.5218
237-134500-0014,5683,0,0.0637,0.426
237-134500-0014,6829,0,-0.0343,0.5551
237-134500-0014,8463,0,0.0664,0.6244
237-134500-0014,8555,0,-0.0804,0.4099
237-134500-0018,121,0,0.1134,0.7917
237-134500-0018,1221,0,0.0781,0.6483
237-134500-0018,1284,0,-0.0958,0.7981
237-134500-0018,1580,0,-0.0325,0.6892
237-134500-0018,1995,0,0.0674,0.8144
237-134500-0018,2094,0,-0.0231,0.7344
237-134500-0018,237,1,0.0282,0.6654
237-134500-0018,2961,0,0.0578,0.8089
237-134500-0018,3570,0,-0.0249,0.6846
237-134500-0018,3575,0,-0.0632,0.534
237-134500-0018,3729,0,0.0193,0.7378
237-134500-0018,4446,0,-0.09,0.7339
237-134500-0018,4507,0,0.1783,0.6717
237-134500-0018,4970,0,-0.0748,0.4847
237-134500-0018,4992,0,0.0142,0.7162
237-134500-0018,5142,0,-0.0213,0.6149
237-134500-0018,5683,0,0.1582,0.6065
237-134500-0018,6829,0,0.0086,0.6475
237-134500-0018,8463,0,0.1029,0.7294
237-134500-0018,8555,0,-0.0361,0.5479
260-123286-0000,1089,0,0.069,0.7448
260-123286-0000,1188,0,0.1432,0.7738
260-123286-0000,1320,0,-0.0315,0.6951
260-123286-0000,2300,0,0.0381,0.5022
260-123286-0000,260,1,-0.0871,0.7867
260-123286-0000,2830,0,0.1074,0.7153
260-123286-0000,4077,0,0.0651,0.6663
260-123286-0000,5105,0,0.0465,0.7438
260-123286-0000,5639,0,0.1304,0.8559
260-123286-0000,61,0,0.1739,0.7219
260-123286-0000,672,0,0.1463,0.8285
260-123286-0000,6930,0,-0.0413,0.7317
260-123286-0000,7021,0,0.0344,0.6946
260-123286-0000,7127,0,0.0446,0.6075
260-123286-0000,7176,0,-0.0416,0.6854
260-123286-0000,7729,0,0.0552,0.7213
260-123286-0000,8224,0,0.0565,0.8303
260-123286-0000,8230,0,0.1149,0.7259
260-123286-0000,8455,0,-0.0291,0.6616
260-123286-0000,908,0,-0.0202,0.8082
260-123286-0003,1089,0,-0.002,0.7156
260-123286-0003,1188,0,0.14,0.74
260-123286-0003,1320,0,0.0326,0.6536
260-123286-0003,2300,0,0.0692,0.5078
260-123286-0003,260,1,0.0472,0.7754
260-123286-0003,2830,0,0.1412,0.6773
260-123286-0003,4077,0,-0.0377,0.6755
260-123286-0003,5105,0,0.0011,0.7058
260-123286-0003,5639,0,0.1754,0.8558
260-123286-0003,61,0,0.1114,0.7408
260-123286-0003,672,0,0.2052,0.8089
260-123286-0003,6930,0,-0.0352,0.707
260-123286-0003,7021,0,-0.0815,0.6714
260-123286-0003,7127,0,0.0939,0.5651
260-123286-0003,7176,0,-0.0623,0.694
260-123286-0003,7729,0,0.0573,0.7495
260-123286-0003,8224,0,0.0665,0.8222
260-123286-0003,8230,0,0.0371,0.7004
260-123286-0003,8455,0,0.002,0.6323
260-123286-0003,908,0,-0.0154,0.817
260-123286-0028,1089,0,0.0658,0.8294
260-123286-0028,1188,0,0.1064,0.861
260-123286-0028,1320,0,-0.0239,0.8077
260-123286-0028,2300,0,0.0586,0.6484
260-123286-0028,260,1,-0.024,0.8806
260-123286-0028,2830,0,0.0425,0.7805
260-123286-0028,4077,0,0.0851,0.7599
260-123286-0028,5105,0,0.0109,0.826
260-123286-0028,5639,0,0.0469,0.8453
260-123286-0028,61,0,-0.0098,0.8022
260-123286-0028,672,0,0.0761,0.8906
260-123286-0028,6930,0,-0.1139,0.8202
260-123286-0028,7021,0,-0.0425,0.8024
260-123286-0028,7127,0,0.1541,0.7027
260-123286-0028,7176,0,-0.1375,0.7792
260-123286-0028,7729,0,0.1572,0.8164
260-123286-0028,8224,0,0.0001,0.8158
260-123286-0028,8230,0,-0.0152,0.7936
260-123286-0028,8455,0,0.0391,0.794
260-123286-0028,908,0,-0.1095,0.8857
260-123286-0030,1089,0,0.1099,0.7079
260-123286-0030,1188,0,0.1753,0.7445
260-123286-0030,1320,0,-0.0849,0.5869
260-123286-0030,2300,0,0.1143,0.3846
260-123286-0030,260,1,0.0003,0.7466
260-123286-0030,2830,0,0.0985,0.7042
260-123286-0030,4077,0,0.0856,0.6199
260-123286-0030,5105,0,-0.0026,0.64
260-123286-0030,5639,0,0.2506,0.8587
260-123286-0030,61,0,0.1761,0.7207
260-123286-0030,672,0,0.1344,0.7872
260-123286-0030,6930,0,-0.0735,0.6601
260-123286-0030,7021,0,-0.0241,0.5788
260-123286-0030,7127,0,0.1259,0.5245
260-123286-0030,7176,0,-0.0409,0.6908
260-123286-0030,7729,0,0.0287,0.6976
260-123286-0030,8224,0,0.1317,0.8113
260-123286-0030,8230,0,0.1493,0.7448
260-123286-0030,8455,0,-0.0398,0.5643
260-123286-0030,908,0,-0.0472,0.7506
260-123286-0031,1089,0,0.0266,0.7499
260-123286-0031,1188,0,0.1369,0.7378
260-123286-0031,1320,0,-0.0357,0.7263
260-123286-0031,2300,0,-0.0728,0.6435
260-123286-0031,260,1,0.0683,0.7702
260-123286-0031,2830,0,0.0733,0.6474
260-123286-0031,4077,0,0.0038,0.7021
260-123286-0031,5105,0,0.0733,0.768
260-123286-0031,5639,0,0.0682,0.7977
260-123286-0031,61,0,0.0472,0.7232
260-123286-0031,672,0,0.0427,0.8069
260-123286-0031,6930,0,-0.0613,0.7358
260-123286-0031,7021,0,-0.0427,0.7694
260-123286-0031,7127,0,0.1815,0.6294
260-123286-0031,7176,0,-0.1228,0.6593
260-123286-0031,7729,0,0.0361,0.7624
260-123286-0031,8224,0,0.1047,0.8006
260-123286-0031,8230,0,-0.0622,0.6701
260-123286-0031,8455,0,0.0292,0.7043
260-123286-0031,908,0,0.1709,0.8336
260-123288-0001,1089,0,0.0535,0.7795
260-123288-0001,1188,0,0.09,0.7979
260-123288-0001,1320,0,-0.0763,0.7312
260-123288-0001,2300,0,-0.0015,0.5791
260-123288-0001,260,1,0.0223,0.7913
260-123288-0001,2830,0,0.1162,0.7279
260-123288-0001,4077,0,0.0451,0.7237
260-123288-0001,5105,0,0.0429,0.7909
260-123288-0001,5639,0,0.1658,0.8728
260-123288-0001,61,0,0.1085,0.7733
260-123288-0001,672,0,0.1184,0.8539
260-123288-0001,6930,0,-0.1236,0.7318
260-123288-0001,7021,0,-0.0081,0.7385
260-123288-0001,7127,0,0.0864,0.6673
260-123288-0001,7176,0,0.0438,0.7454
260-123288-0001,7729,0,0.1311,0.7641
260-123288-0001,8224,0,0.135,0.9167
260-123288-0001,8230,0,0.0631,0.7573
260-123288-0001,8455,0,-0.1254,0.6897
260-123288-0001,908,0,0.0387,0.8158
260-123288-0025,1089,0,0.1459,0.8158
260-123288-0025,1188,0,0.2239,0.8405
260-123288-0025,1320,0,0.021,0.7361
260-123288-0025,2300,0,0.0529,0.541
260-123288-0025,260,1,0.0451,0.8611
260-123288-0025,2830,0,0.2031,0.7848
260-123288-0025,4077,0,0.0527,0.7656
260-123288-0025,5105,0,0.0449,0.7746
260-123288-0025,5639,0,0.148,0.9094
260-123288-0025,61,0,0.1359,0.8297
260-123288-0025,672,0,0.1281,0.87
260-123288-0025,6930,0,-0.0604,0.7853
260-123288-0025,7021,0,0.0148,0.7171
260-123288-0025,7127,0,0.1436,0.6731
260-123288-0025,7176,0,-0.0962,0.8104
260-123288-0025,7729,0,0.1085,0.8281
260-123288-0025,8224,0,0.0904,0.8304
260-123288-0025,8230,0,0.1769,0.8255
260-123288-0025,8455,0,0.0411,0.7207
260-123288-0025,908,0,-0.041,0.8631
260-123440-0012,1089,0,0.0192,0.7457
260-123440-0012,1188,0,0.0923,0.818
260-123440-0012,1320,0,-0.0411,0.6573
260-123440-0012,2300,0,0.0295,0.4006
260-123440-0012,260,1,0.0377,0.855
260-123440-0012,2830,0,0.117,0.8181
260-123440-0012,4077,0,0.0829,0.7298
260-123440-0012,5105,0,-0.012,0.7019
260-123440-0012,5639,0,0.22,0.8992
260-123440-0012,61,0,0.0023,0.806
260-123440-0012,672,0,0.1063,0.8129
260-123440-0012,6930,0,0.0289,0.7693
260-123440-0012,7021,0,-0.0679,0.6019
260-123440-0012,7127,0,0.0152,0.6313
260-123440-0012,7176,0,0.0241,0.8119
260-123440-0012,7729,0,0.0565,0.7626
260-123440-0012,8224,0,-0.0178,0.7552
260-123440-0012,8230,0,-0.0335,0.8268
260-123440-0012,8455,0,-0.0692,0.6527
260-123440-0012,908,0,-0.0681,0.7733
260-123440-0015,1089,0,0.1438,0.7494
260-123440-0015,1188,0,0.1422,0.7932
260-123440-0015,1320,0,0.0392,0.6652
260-123440-0015,2300,0,-0.0141,0.4608
260-123440-0015,260,1,0.043,0.8005
260-123440-0015,2830,0,0.0479,0.752
260-123440-0015,4077,0,0.047,0.6836
260-123440-0015,5105,0,0.0407,0.7199
260-123440-0015,5639,0,0.1099,0.8772
260-123440-0015,61,0,0.0431,0.7847
260-123440-0015,672,0,0.1557,0.8313
260-123440-0015,6930,0,-0.107,0.7618
260-123440-0015,7021,0,-0.0686,0.6403
260-123440-0015,7127,0,0.1303,0.5956
260-123440-0015,7176,0,-0.1199,0.766
260-123440-0015,7729,0,0.1875,0.7452
260-123440-0015,8224,0,0.0471,0.8705
260-123440-0015,8230,0,0.085,0.8016
260-123440-0015,8455,0,0.0628,0.6681
260-123440-0015,908,0,-0.0955,0.7836
260-123440-0016,1089,0,-0.0068,0.7744
260-123440-0016,1188,0,0.0601,0.8313
260-123440-0016,1320,0,-0.0811,0.7403
260-123440-0016,2300,0,-0.0447,0.5874
260-123440-0016,260,1,0.0108,0.8458
260-123440-0016,2830,0,0.1205,0.7929
260-123440-0016,4077,0,0.0267,0.7574
260-123440-0016,5105,0,-0.0214,0.796
260-123440-0016,5639,0,0.0056,0.8928
260-123440-0016,61,0,0.0068,0.7889
260-123440-0016,672,0,-0.1045,0.8273
260-123440-0016,6930,0,0.0875,0.7609
260-123440-0016,7021,0,-0.0933,0.7421
260-123440-0016,7127,0,-0.0409,0.7036
260-123440-0016,7176,0,-0.0273,0.7424
260-123440-0016,7729,0,0.0159,0.8363
260-123440-0016,8224,0,-0.0998,0.8008
260-123440-0016,8230,0,0.0429,0.7698
260-123440-0016,8455,0,-0.127,0.696
260-123440-0016,908,0,-0.04,0.8179
2830-3979-0006,1089,0,0.1288,0.7223
2830-3979-0006,1188,0,0.169,0.7565
2830-3979-0006,1320,0,-0.0359,0.6384
2830-3979-0006,2300,0,0.0373,0.4633
2830-3979-0006,260,0,0.1174,0.791
2830-3979-0006,2830,1,0.0828,0.6831
2830-3979-0006,4077,0,0.1402,0.7075
2830-3979-0006,5105,0,0.0404,0.6771
2830-3979-0006,5639,0,0.1874,0.8779
2830-3979-0006,61,0,0.0422,0.715
2830-3979-0006,672,0,0.133,0.808
2830-3979-0006,6930,0,-0.0273,0.6964
2830-3979-0006,7021,0,0.0235,0.6186
2830-3979-0006,7127,0,0.2041,0.582
2830-3979-0006,7176,0,-0.081,0.6768
2830-3979-0006,7729,0,0.1101,0.7335
2830-3979-0006,8224,0,0.045,0.8025
2830-3979-0006,8230,0,0.0267,0.715
2830-3979-0006,8455,0,0.1475,0.6532
2830-3979-0006,908,0,-0.017,0.7632
2830-3979-0011,1089,0,0.0735,0.8077
2830-3979-0011,1188,0,0.1552,0.8264
2830-3979-0011,1320,0,-0.019,0.7828
2830-3979-0011,2300,0,0.0598,0.6864
2830-3979-0011,260,0,-0.0326,0.8498
2830-3979-0011,2830,1,0.0441,0.7391
2830-3979-0011,4077,0,0.2295,0.8629
2830-3979-0011,5105,0,-0.0279,0.8049
2830-3979-0011,5639,0,0.1535,0.8803
2830-3979-0011,61,0,0.1031,0.7944
2830-3979-0011,672,0,0.1154,0.8565
2830-3979-0011,6930,0,-0.0042,0.775
2830-3979-0011,7021,0,-0.1196,0.761
2830-3979-0011,7127,0,0.1,0.7588
2830-3979-0011,7176,0,-0.1043,0.7656
2830-3979-0011,7729,0,0.1419,0.8617
2830-3979-0011,8224,0,0.0201,0.8279
2830-3979-0011,8230,0,0.0258,0.7423
2830-3979-0011,8455,0,0.099,0.7905
2830-3979-0011,908,0,-0.0628,0.8321
2830-3980-0029,1089,0,0.0073,0.7002
2830-3980-0029,1188,0,0.1599,0.7218
2830-3980-0029,1320,0,-0.0076,0.6069
2830-3980-0029,2300,0,0.1066,0.4017
2830-3980-0029,260,0,0.0545,0.733
2830-3980-0029,2830,1,0.1225,0.6696
2830-3980-0029,4077,0,0.0815,0.6659
2830-3980-0029,5105,0,-0.035,0.6537
2830-3980-0029,5639,0,0.2039,0.8814
2830-3980-0029,61,0,0.1224,0.6737
2830-3980-0029,672,0,0.1862,0.7828
2830-3980-0029,6930,0,-0.0384,0.6499
2830-3980-0029,7021,0,-0.0441,0.5867
2830-3980-0029,7127,0,0.1306,0.5643
2830-3980-0029,7176,0,-0.1471,0.6427
2830-3980-0029,7729,0,0.1064,0.6987
2830-3980-0029,8224,0,0.0027,0.8047
2830-3980-0029,8230,0,0.0353,0.6832
2830-3980-0029,8455,0,0.01,0.5812
2830-3980-0029,908,0,-0.1518,0.7433
2830-3980-0039,1089,0,-0.0467,0.8003
2830-3980-0039,1188,0,0.1493,0.8238
2830-3980-0039,1320,0,0.0443,0.747
2830-3980-0039,2300,0,0.0021,0.5597
2830-3980-0039,260,0,0.1032,0.8809
2830-3980-0039,2830,1,0.0455,0.7496
2830-3980-0039,4077,0,0.1995,0.833
2830-3980-0039,5105,0,0.1381,0.7649
2830-3980-0039,5639,0,0.1221,0.921
2830-3980-0039,61,0,0.0069,0.8091
2830-3980-0039,672,0,0.1606,0.8766
2830-3980-0039,6930,0,-0.0377,0.7796
2830-3980-0039,7021,0,0.0318,0.7003
2830-3980-0039,7127,0,-0.0411,0.6975
2830-3980-0039,7176,0,0.0759,0.7973
2830-3980-0039,7729,0,0.2199,0.8218
2830-3980-0039,8224,0,-0.0408,0.8049
2830-3980-0039,8230,0,-0.0542,0.7846
2830-3980-0039,8455,0,-0.0744,0.7611
2830-3980-0039,908,0,0.0262,0.8499
2830-3980-0050,1089,0,0.115,0.8101
2830-3980-0050,1188,0,0.1889,0.8078
2830-3980-0050,1320,0,0.0179,0.7577
2830-3980-0050,2300,0,0.0615,0.6214
2830-3980-0050,260,0,-0.0864,0.8577
2830-3980-0050,2830,1,0.0854,0.7213
2830-3980-0050,4077,0,0.0189,0.805
2830-3980-0050,5105,0,-0.028,0.7838
2830-3980-0050,5639,0,0.1223,0.8875
2830-3980-0050,61,0,0.1397,0.8103
2830-3980-0050,672,0,0.0716,0.8718
2830-3980-0050,6930,0,-0.0884,0.791
2830-3980-0050,7021,0,0.004,0.7566
2830-3980-0050,7127,0,0.1118,0.6814
2830-3980-0050,7176,0,-0.1346,0.784
2830-3980-0050,7729,0,0.1819,0.8496
2830-3980-0050,8224,0,0.0568,0.8063
2830-3980-0050,8230,0,0.1357,0.7678
2830-3980-0050,8455,0,0.0687,0.7653
2830-3980-0050,908,0,-0.045,0.8875
2830-3980-0054,1089,0,0.0844,0.834
2830-3980-0054,1188,0,0.2896,0.8681
2830-3980-0054,1320,0,0.0136,0.7597
2830-3980-0054,2300,0,0.0351,0.5719
2830-3980-0054,260,0,0.0689,0.9014
2830-3980-0054,2830,1,0.2538,0.8238
2830-3980-0054,4077,0,0.0679,0.8119
2830-3980-0054,5105,0,0.0243,0.8093
2830-3980-0054,5639,0,0.187,0.9235
2830-3980-0054,61,0,0.0848,0.8847
2830-3980-0054,672,0,0.1101,0.886
2830-3980-0054,6930,0,-0.0426,0.815
2830-3980-0054,7021,0,-0.0027,0.7466
2830-3980-0054,7127,0,0.1781,0.7117
2830-3980-0054,7176,0,-0.045,0.8713
2830-3980-0054,7729,0,0.2031,0.8705
2830-3980-0054,8224,0,-0.0155,0.8265
2830-3980-0054,8230,0,0.0352,0.8622
2830-3980-0054,8455,0,0.0197,0.7396
2830-3980-0054,908,0,-0.0861,0.8859
2830-3980-0055,1089,0,0.0965,0.8234
2830-3980-0055,1188,0,0.2269,0.8344
2830-3980-0055,1320,0,-0.004,0.7978
2830-3980-0055,2300,0,0.011,0.6846
2830-3980-0055,260,0,0.0994,0.8505
2830-3980-0055,2830,1,0.1643,0.7583
2830-3980-0055,4077,0,0.0633,0.7698
2830-3980-0055,5105,0,-0.0009,0.8255
2830-3980-0055,5639,0,0.0339,0.8391
2830-3980-0055,61,0,0.1188,0.7809
2830-3980-0055,672,0,0.0987,0.8601
2830-3980-0055,6930,0,0.0528,0.7906
2830-3980-0055,7021,0,-0.0342,0.8186
2830-3980-0055,7127,0,0.1458,0.722
2830-3980-0055,7176,0,-0.0838,0.7341
2830-3980-0055,7729,0,0.0556,0.8312
2830-3980-0055,8224,0,0.0202,0.7938
2830-3980-0055,8230,0,0.0211,0.7612
2830-3980-0055,8455,0,0.0485,0.7683
2830-3980-0055,908,0,-0.0836,0.8683
2830-3980-0057,1089,0,-0.004,0.8036
2830-3980-0057,1188,0,0.2139,0.8292
2830-3980-0057,1320,0,0.0304,0.7361
2830-3980-0057,2300,0,0.0165,0.563
2830-3980-0057,260,0,0.021,0.8793
2830-3980-0057,2830,1,0.21,0.7632
2830-3980-0057,4077,0,0.1958,0.7864
2830-3980-0057,5105,0,0.0681,0.7669
2830-3980-0057,5639,0,0.1936,0.8962
2830-3980-0057,61,0,0.1262,0.8297
2830-3980-0057,672,0,0.155,0.8718
2830-3980-0057,6930,0,-0.0544,0.8054
2830-3980-0057,7021,0,-0.031,0.7136
2830-3980-0057,7127,0,0.0949,0.6662
2830-3980-0057,7176,0,-0.0564,0.8036
2830-3980-0057,7729,0,0.2052,0.8193
2830-3980-0057,8224,0,-0.0055,0.8174
2830-3980-0057,8230,0,0.0389,0.8082
2830-3980-0057,8455,0,0.0237,0.7525
2830-3980-0057,908,0,0.005,0.8592
2830-3980-0062,1089,0,0.0235,0.7787
2830-3980-0062,1188,0,0.1617,0.7868
2830-3980-0062,1320,0,0.1448,0.7246
2830-3980-0062,2300,0,-0.0134,0.5656
2830-3980-0062,260,0,0.1173,0.8304
2830-3980-0062,2830,1,0.1328,0.7182
2830-3980-0062,4077,0,0.1848,0.747
2830-3980-0062,5105,0,0.1691,0.7635
2830-3980-0062,5639,0,0.1347,0.8744
2830-3980-0062,61,0,0.1119,0.7725
2830-3980-0062,672,0,0.1765,0.8485
2830-3980-0062,6930,0,0.0455,0.7602
2830-3980-0062,7021,0,0.0725,0.7272
2830-3980-0062,7127,0,0.0455,0.6434
2830-3980-0062,7176,0,-0.0957,0.727
2830-3980-0062,7729,0,0.0804,0.795
2830-3980-0062,8224,0,0.0563,0.8223
2830-3980-0062,8230,0,0.0378,0.7406
2830-3980-0062,8455,0,0.0225,0.706
2830-3980-0062,908,0,-0.001,0.8536
2830-3980-0066,1089,0,0.0663,0.8232
2830-3980-0066,1188,0,0.0809,0.8284
2830-3980-0066,1320,0,-0.0124,0.7839
2830-3980-0066,2300,0,-0.0377,0.6374
2830-3980-0066,260,0,-0.0002,0.8652
2830-3980-0066,2830,1,0.1358,0.7896
2830-3980-0066,4077,0,0.0474,0.7956
2830-3980-0066,5105,0,0.0528,0.8251
2830-3980-0066,5639,0,0.0578,0.8905
2830-3980-0066,61,0,-0.0227,0.8112
2830-3980-0066,672,0,0.1458,0.8708
2830-3980-0066,6930,0,-0.0307,0.822
2830-3980-0066,7021,0,-0.0235,0.7867
2830-3980-0066,7127,0,0.063,0.7284
2830-3980-0066,7176,0,-0.1007,0.7684
2830-3980-0066,7729,0,0.179,0.8618
2830-3980-0066,8224,0,0.044,0.7905
2830-3980-0066,8230,0,-0.0035,0.7907
2830-3980-0066,8455,0,-0.0201,0.7566
2830-3980-0066,908,0,-0.0769,0.8693
2961-960-0004,121,0,0.0537,0.6371
2961-960-0004,1221,0,0.052,0.4223
2961-960-0004,1284,0,-0.0745,0.5914
2961-960-0004,1580,0,-0.0217,0.4777
2961-960-0004,1995,0,-0.0674,0.635
2961-960-0004,2094,0,-0.0794,0.522
2961-960-0004,237,0,-0.0632,0.4533
2961-960-0004,2961,1,0.0777,0.7635
2961-960-0004,3570,0,-0.029,0.5944
2961-960-0004,3575,0,-0.0328,0.3664
2961-960-0004,3729,0,0.0107,0.5351
2961-960-0004,4446,0,-0.073,0.5023
2961-960-0004,4507,0,0.0838,0.4815
2961-960-0004,4970,0,-0.0114,0.2769
2961-960-0004,4992,0,0.0746,0.4843
2961-960-0004,5142,0,-0.0255,0.3728
2961-960-0004,5683,0,0.0872,0.3961
2961-960-0004,6829,0,0.0056,0.4496
2961-960-0004,8463,0,0.0604,0.4907
2961-960-0004,8555,0,-0.0464,0.3313
2961-960-0016,121,0,0.1439,0.7536
2961-960-0016,1221,0,0.0344,0.6475
2961-960-0016,1284,0,-0.0854,0.779
2961-960-0016,1580,0,-0.0652,0.6467
2961-960-0016,1995,0,0.1382,0.8435
2961-960-0016,2094,0,0.0237,0.7263
2961-960-0016,237,0,-0.069,0.6509
2961-960-0016,2961,1,0.1217,0.7536
2961-960-0016,3570,0,-0.0231,0.6154
2961-960-0016,3575,0,-0.0529,0.4997
2961-960-0016,3729,0,0.0666,0.7037
2961-960-0016,4446,0,-0.1157,0.7173
2961-960-0016,4507,0,0.1267,0.6216
2961-960-0016,4970,0,-0.0821,0.4795
2961-960-0016,4992,0,0.0534,0.738
2961-960-0016,5142,0,-0.0016,0.6468
2961-960-0016,5683,0,0.0367,0.5819
2961-960-0016,6829,0,-0.0403,0.632
2961-960-0016,8463,0,0.1007,0.7673
2961-960-0016,8555,0,-0.0834,0.5621
2961-961-0001,121,0,-0.0561,0.699
2961-961-0001,1221,0,0.061,0.5208
2961-961-0001,1284,0,0.0171,0.6841
2961-961-0001,1580,0,0.0282,0.5805
2961-961-0001,1995,0,0.0066,0.7274
2961-961-0001,2094,0,0.0567,0.6168
2961-961-0001,237,0,0.0028,0.5565
2961-961-0001,2961,1,0.1681,0.7938
2961-961-0001,3570,0,0.0584,0.6444
2961-961-0001,3575,0,0.0353,0.4488
2961-961-0001,3729,0,0.0763,0.6104
2961-961-0001,4446,0,0.029,0.5986
2961-961-0001,4507,0,0.1148,0.5554
2961-961-0001,4970,0,-0.0024,0.3652
2961-961-0001,4992,0,0.0853,0.5847
2961-961-0001,5142,0,0.0357,0.4706
2961-961-0001,5683,0,0.1472,0.4944
2961-961-0001,6829,0,-0.013,0.5351
2961-961-0001,8463,0,0.0403,0.5879
2961-961-0001,8555,0,0.0136,0.4336
2961-961-0003,121,0,0.1012,0.7367
2961-961-0003,1221,0,-0.0224,0.6667
2961-961-0003,1284,0,-0.0607,0.8136
2961-961-0003,1580,0,0.0162,0.7235
2961-961-0003,1995,0,-0.056,0.7144
2961-961-0003,2094,0,-0.0351,0.7353
2961-961-0003,237,0,-0.0639,0.6318
2961-961-0003,2961,1,0.1381,0.7523
2961-961-0003,3570,0,0.067,0.6276
2961-961-0003,3575,0,0.0286,0.4731
2961-961-0003,3729,0,0.0017,0.7326
2961-961-0003,4446,0,-0.0296,0.7602
2961-961-0003,4507,0,0.1328,0.678
2961-961-0003,4970,0,0.0393,0.4753
2961-961-0003,4992,0,0.0773,0.7037
2961-961-0003,5142,0,0.0042,0.6105
2961-961-0003,5683,0,-0.0248,0.5958
2961-961-0003,6829,0,0.1108,0.6763
2961-961-0003,8463,0,0.1024,0.719
2961-961-0003,8555,0,0.0636,0.496
2961-961-0004,121,0,0.0698,0.7235
2961-961-0004,1221,0,0.0972,0.5209
2961-961-0004,1284,0,-0.045,0.6515
2961-961-0004,1580,0,0.0588,0.5425
2961-961-0004,1995,0,0.1099,0.7433
2961-961-0004,2094,0,-0.0167,0.6015
2961-961-0004,237,0,0.0937,0.5627
2961-961-0004,2961,1,0.1285,0.8181
2961-961-0004,3570,0,0.0125,0.6648
2961-961-0004,3575,0,0.0474,0.428
2961-961-0004,3729,0,0.0758,0.624
2961-961-0004,4446,0,-0.0364,0.5844
2961-961-0004,4507,0,0.0519,0.5565
2961-961-0004,4970,0,0.0083,0.3541
2961-961-0004,4992,0,0.1447,0.5974
2961-961-0004,5142,0,0.016,0.4771
2961-961-0004,5683,0,0.1063,0.4677
2961-961-0004,6829,0,0.0333,0.5217
2961-961-0004,8463,0,0.0961,0.6171
2961-961-0004,8555,0,-0.0289,0.4339
2961-961-0009,121,0,0.0841,0.6153
2961-961-0009,1221,0,0.0177,0.5146
2961-961-0009,1284,0,-0.1112,0.6885
2961-961-0009,1580,0,-0.0655,0.5507
2961-961-0009,1995,0,0.0702,0.6241
2961-961-0009,2094,0,-0.0005,0.6013
2961-961-0009,237,0,0.0291,0.4903
2961-961-0009,2961,1,0.1111,0.6832
2961-961-0009,3570,0,0.0353,0.5263
2961-961-0009,3575,0,-0.084,0.3901
2961-961-0009,3729,0,0.0417,0.5922
2961-961-0009,4446,0,-0.0917,0.6086
2961-961-0009,4507,0,0.1462,0.5562
2961-961-0009,4970,0,0.0213,0.3912
2961-961-0009,4992,0,0.0494,0.5525
2961-961-0009,5142,0,0.0581,0.5071
2961-961-0009,5683,0,0.0277,0.465
2961-961-0009,6829,0,0.0137,0.5648
2961-961-0009,8463,0,0.0473,0.5729
2961-961-0009,8555,0,0.032,0.3946
2961-961-0010,121,0,0.0984,0.7516
2961-961-0010,1221,0,0.0455,0.5183
2961-961-0010,1284,0,-0.0344,0.6614
2961-961-0010,1580,0,0.0043,0.6046
2961-961-0010,1995,0,-0.031,0.7125
2961-961-0010,2094,0,-0.0927,0.644
2961-961-0010,237,0,0.0539,0.5403
2961-961-0010,2961,1,0.1585,0.8314
2961-961-0010,3570,0,0.0233,0.6684
2961-961-0010,3575,0,0.0392,0.4947
2961-961-0010,3729,0,0.0527,0.6402
2961-961-0010,4446,0,-0.0824,0.5874
2961-961-0010,4507,0,0.1019,0.5907
2961-961-0010,4970,0,0.0259,0.3592
2961-961-0010,4992,0,0.0537,0.5821
2961-961-0010,5142,0,-0.0233,0.4502
2961-961-0010,5683,0,0.0382,0.5197
2961-961-0010,6829,0,0.0233,0.5353
2961-961-0010,8463,0,-0.02,0.5937
2961-961-0010,8555,0,-0.0431,0.4217
2961-961-0011,121,0,0.0991,0.6922
2961-961-0011,1221,0,0.0588,0.5305
2961-961-0011,1284,0,-0.1747,0.6989
2961-961-0011,1580,0,-0.0755,0.5821
2961-961-0011,1995,0,-0.0004,0.7183
2961-961-0011,2094,0,-0.065,0.6243
2961-961-0011,237,0,-0.0425,0.523
2961-961-0011,2961,1,0.1262,0.7546
2961-961-0011,3570,0,-0.0514,0.5901
2961-961-0011,3575,0,-0.0221,0.4099
2961-961-0011,3729,0,0.111,0.6226
2961-961-0011,4446,0,-0.0577,0.6186
2961-961-0011,4507,0,0.005,0.556
2961-961-0011,4970,0,-0.0978,0.3435
2961-961-0011,4992,0,0.1328,0.6051
2961-961-0011,5142,0,-0.0569,0.5001
2961-961-0011,5683,0,0.0275,0.4895
2961-961-0011,6829,0,0.0321,0.5411
2961-961-0011,8463,0,0.035,0.6121
2961-961-0011,8555,0,-0.0098,0.4287
2961-961-0014,121,0,0.0675,0.6586
2961-961-0014,1221,0,-0.0126,0.5769
2961-961-0014,1284,0,-0.0123,0.7512
2961-961-0014,1580,0,0.0369,0.6115
2961-961-0014,1995,0,0.0051,0.7025
2961-961-0014,2094,0,-0.1162,0.6456
2961-961-0014,237,0,-0.0687,0.5603
2961-961-0014,2961,1,0.0697,0.7061
2961-961-0014,3570,0,0.0198,0.5655
2961-961-0014,3575,0,-0.1005,0.421
2961-961-0014,3729,0,-0.0183,0.6345
2961-961-0014,4446,0,0.0094,0.6671
2961-961-0014,4507,0,0.1007,0.5835
2961-961-0014,4970,0,0.0084,0.4178
2961-961-0014,4992,0,0.0942,0.6198
2961-961-0014,5142,0,-0.0086,0.5507
2961-961-0014,5683,0,0.0819,0.5249
2961-961-0014,6829,0,0.0761,0.595
2961-961-0014,8463,0,-0.0176,0.6246
2961-961-0014,8555,0,0.0082,0.4526
2961-961-0017,121,0,0.0774,0.7912
2961-961-0017,1221,0,0.0606,0.5805
2961-961-0017,1284,0,0.0221,0.7333
2961-961-0017,1580,0,-0.0468,0.6337
2961-961-0017,1995,0,0.063,0.7622
2961-961-0017,2094,0,0.0161,0.6752
2961-961-0017,237,0,0.0482,0.6059
2961-961-0017,2961,1,0.1499,0.8715
2961-961-0017,3570,0,0.033,0.7197
2961-961-0017,3575,0,0.031,0.503
2961-961-0017,3729,0,0.0106,0.7018
2961-961-0017,4446,0,-0.0546,0.6626
2961-961-0017,4507,0,0.1343,0.6276
2961-961-0017,4970,0,0.0562,0.4113
2961-961-0017,4992,0,0.1223,0.6441
2961-961-0017,5142,0,0.1005,0.5124
2961-961-0017,5683,0,0.1263,0.5547
2961-961-0017,6829,0,0.1062,0.5926
2961-961-0017,8463,0,0.0826,0.6595
2961-961-0017,8555,0,-0.0141,0.4624
3570-5694-0006,121,0,0.1105,0.7174
3570-5694-0006,1221,0,0.1284,0.5108
3570-5694-0006,1284,0,-0.0467,0.6758
3570-5694-0006,1580,0,-0.0466,0.5644
3570-5694-0006,1995,0,-0.017,0.7244
3570-5694-0006,2094,0,-0.0745,0.6108
3570-5694-0006,237,0,0.0262,0.5467
3570-5694-0006,2961,0,0.0895,0.8144
3570-5694-0006,3570,1,-0.0975,0.6627
3570-5694-0006,3575,0,-0.0243,0.4547
3570-5694-0006,3729,0,-0.0303,0.6179
3570-5694-0006,4446,0,-0.0835,0.5903
3570-5694-0006,4507,0,0.0598,0.5608
3570-5694-0006,4970,0,-0.0342,0.3656
3570-5694-0006,4992,0,0.068,0.5781
3570-5694-0006,5142,0,-0.041,0.4557
3570-5694-0006,5683,0,0.1419,0.4743
3570-5694-0006,6829,0,0.0302,0.5322
3570-5694-0006,8463,0,0.0008,0.5929
3570-5694-0006,8555,0,-0.0085,0.4129
3570-5694-0007,121,0,0.0687,0.7388
3570-5694-0007,1221,0,0.124,0.5265
3570-5694-0007,1284,0,-0.0017,0.6796
3570-5694-0007,1580,0,-0.0093,0.5874
3570-5694-0007,1995,0,0.0277,0.7265
3570-5694-0007,2094,0,0.0758,0.6188
3570-5694-0007,237,0,0.081,0.5725
3570-5694-0007,2961,0,0.1934,0.8454
3570-5694-0007,3570,1,0.0677,0.701
3570-5694-0007,3575,0,0.0131,0.4824
3570-5694-0007,3729,0,0.089,0.6372
3570-5694-0007,4446,0,-0.0674,0.6
3570-5694-0007,4507,0,0.1719,0.5872
3570-5694-0007,4970,0,0.0008,0.3949
3570-5694-0007,4992,0,0.0698,0.5859
3570-5694-0007,5142,0,0.0251,0.4723
3570-5694-0007,5683,0,0.1555,0.5056
3570-5694-0007,6829,0,0.0065,0.546
3570-5694-0007,8463,0,0.0237,0.6039
3570-5694-0007,8555,0,-0.0213,0.443
3570-5694-0009,121,0,0.043,0.7629
3570-5694-0009,1221,0,0.0871,0.5185
3570-5694-0009,1284,0,-0.1332,0.6507
3570-5694-0009,1580,0,0.002,0.5739
3570-5694-0009,1995,0,-0.1491,0.7373
3570-5694-0009,2094,0,-0.0562,0.6382
3570-5694-0009,237,0,-0.0069,0.5669
3570-5694-0009,2961,0,0.0697,0.865
3570-5694-0009,3570,1,-0.052,0.7147
3570-5694-0009,3575,0,-0.03,0.4867
3570-5694-0009,3729,0,-0.0135,0.6467
3570-5694-0009,4446,0,-0.0755,0.5851
3570-5694-0009,4507,0,0.0639,0.5927
3570-5694-0009,4970,0,-0.0059,0.3727
3570-5694-0009,4992,0,0.0515,0.5939
3570-5694-0009,5142,0,-0.0119,0.4617
3570-5694-0009,5683,0,0.1392,0.4914
3570-5694-0009,6829,0,0.0239,0.5427
3570-5694-0009,8463,0,-0.0359,0.6124
3570-5694-0009,8555,0,0.0614,0.4342
3570-5694-0010,121,0,0.0917,0.762
3570-5694-0010,1221,0,0.1602,0.5558
3570-5694-0010,1284,0,-0.0113,0.6956
3570-5694-0010,1580,0,-0.0015,0.6076
3570-5694-0010,1995,0,-0.0078,0.7439
3570-5694-0010,2094,0,0.005,0.6349
3570-5694-0010,237,0,0.0634,0.591
3570-5694-0010,2961,0,0.2295,0.8655
3570-5694-0010,3570,1,0.037,0.7169
3570-5694-0010,3575,0,0.0328,0.4696
3570-5694-0010,3729,0,0.0121,0.6627
3570-5694-0010,4446,0,-0.0718,0.6299
3570-5694-0010,4507,0,0.0957,0.5977
3570-5694-0010,4970,0,0.0088,0.3793
3570-5694-0010,4992,0,0.1102,0.6171
3570-5694-0010,5142,0,0.0139,0.4754
3570-5694-0010,5683,0,0.1535,0.5015
3570-5694-0010,6829,0,0.0001,0.5618
3570-5694-0010,8463,0,0.0462,0.6327
3570-5694-0010,8555,0,-0.0388,0.4367
3570-5694-0015,121,0,0.0644,0.7298
3570-5694-0015,1221,0,0.1084,0.5414
3570-5694-0015,1284,0,0.0092,0.7126
3570-5694-0015,1580,0,0.0333,0.5986
3570-5694-0015,1995,0,0.0588,0.7693
3570-5694-0015,2094,0,0.0055,0.6428
3570-5694-0015,237,0,0.0971,0.5915
3570-5694-0015,2961,0,0.0671,0.8031
3570-5694-0015,3570,1,0.0427,0.6622
3570-5694-0015,3575,0,0.0307,0.4793
3570-5694-0015,3729,0,0.0321,0.6219
3570-5694-0015,4446,0,-0.0229,0.6157
3570-5694-0015,4507,0,0.1314,0.562
3570-5694-0015,4970,0,0.0733,0.3917
3570-5694-0015,4992,0,0.0618,0.6145
3570-5694-0015,5142,0,0.0372,0.4879
3570-5694-0015,5683,0,0.2028,0.5064
3570-5694-0015,6829,0,0.0638,0.543
3570-5694-0015,8463,0,0.0828,0.6318
3570-5694-0015,8555,0,0.0993,0.4495
3570-5694-0018,121,0,0.1159,0.7801
3570-5694-0018,1221,0,0.1075,0.5327
3570-5694-0018,1284,0,-0.0658,0.67
3570-5694-0018,1580,0,-0.0603,0.5947
3570-5694-0018,1995,0,0.0472,0.7488
3570-5694-0018,2094,0,0.0979,0.6382
3570-5694-0018,237,0,0.0301,0.5791
3570-5694-0018,2961,0,0.136,0.8732
3570-5694-0018,3570,1,0.0048,0.7188
3570-5694-0018,3575,0,0.022,0.4707
3570-5694-0018,3729,0,0.0335,0.6585
3570-5694-0018,4446,0,-0.1542,0.6065
3570-5694-0018,4507,0,0.0649,0.5805
3570-5694-0018,4970,0,-0.0861,0.3502
3570-5694-0018,4992,0,0.0298,0.6147
3570-5694-0018,5142,0,-0.0589,0.4476
3570-5694-0018,5683,0,0.1317,0.495
3570-5694-0018,6829,0,-0.0295,0.5416
3570-5694-0018,8463,0,0.0621,0.6297
3570-5694-0018,8555,0,-0.0315,0.4178
3570-5695-0001,121,0,0.1403,0.7687
3570-5695-0001,1221,0,0.1568,0.5288
3570-5695-0001,1284,0,-0.0493,0.667
3570-5695-0001,1580,0,0.0227,0.581
3570-5695-0001,1995,0,-0.0117,0.7651
3570-5695-0001,2094,0,0.0004,0.63
3570-5695-0001,237,0,0.0847,0.6055
3570-5695-0001,2961,0,0.2527,0.8615
3570-5695-0001,3570,1,0.0178,0.7343
3570-5695-0001,3575,0,0.0914,0.5136
3570-5695-0001,3729,0,0.0361,0.6408
3570-5695-0001,4446,0,-0.0974,0.5903
3570-5695-0001,4507,0,0.0568,0.5715
3570-5695-0001,4970,0,-0.0048,0.3894
3570-5695-0001,4992,0,0.0954,0.6017
3570-5695-0001,5142,0,-0.034,0.4507
3570-5695-0001,5683,0,0.1759,0.501
3570-5695-0001,6829,0,0.0127,0.5307
3570-5695-0001,8463,0,0.0821,0.6217
3570-5695-0001,8555,0,0.0004,0.4456
3570-5695-0014,121,0,0.1162,0.756
3570-5695-0014,1221,0,0.0795,0.5236
3570-5695-0014,1284,0,-0.0119,0.6479
3570-5695-0014,1580,0,-0.0415,0.5842
3570-5695-0014,1995,0,-0.0549,0.6788
3570-5695-0014,2094,0,-0.0643,0.5997
3570-5695-0014,237,0,0.0073,0.5622
3570-5695-0014,2961,0,0.0998,0.8399
3570-5695-0014,3570,1,-0.007,0.75
3570-5695-0014,3575,0,-0.0189,0.4862
3570-5695-0014,3729,0,0.0424,0.6575
3570-5695-0014,4446,0,-0.0526,0.588
3570-5695-0014,4507,0,0.1816,0.6185
3570-5695-0014,4970,0,0.0181,0.3807
3570-5695-0014,4992,0,0.0541,0.5632
3570-5695-0014,5142,0,-0.0207,0.4397
3570-5695-0014,5683,0,0.0894,0.5038
3570-5695-0014,6829,0,-0.0156,0.54
3570-5695-0014,8463,0,0.1214,0.5741
3570-5695-0014,8555,0,-0.0512,0.4278
3570-5696-0000,121,0,0.0484,0.704
3570-5696-0000,1221,0,0.1102,0.4941
3570-5696-0000,1284,0,-0.0159,0.6546
3570-5696-0000,1580,0,-0.0237,0.5437
3570-5696-0000,1995,0,-0.003,0.7302
3570-5696-0000,2094,0,0.0241,0.5993
3570-5696-0000,237,0,0.0309,0.5375
3570-5696-0000,2961,0,0.1337,0.8082
3570-5696-0000,3570,1,0.0018,0.6325
3570-5696-0000,3575,0,0.0095,0.4288
3570-5696-0000,3729,0,0.0028,0.5959
3570-5696-0000,4446,0,-0.0388,0.5722
3570-5696-0000,4507,0,0.0427,0.5338
3570-5696-0000,4970,0,-0.0394,0.3401
3570-5696-0000,4992,0,0.0989,0.5735
3570-5696-0000,5142,0,0.0186,0.4519
3570-5696-0000,5683,0,0.1474,0.4552
3570-5696-0000,6829,0,-0.0118,0.5146
3570-5696-0000,8463,0,0.0567,0.5922
3570-5696-0000,8555,0,0.0117,0.4047
3570-5696-0008,121,0,0.0282,0.7873
3570-5696-0008,1221,0,0.0753,0.5598
3570-5696-0008,1284,0,-0.1304,0.6907
3570-5696-0008,1580,0,-0.0305,0.6177
3570-5696-0008,1995,0,-0.055,0.751
3570-5696-0008,2094,0,0.0079,0.6432
3570-5696-0008,237,0,0.0431,0.6016
3570-5696-0008,2961,0,0.1414,0.8952
3570-5696-0008,3570,1,-0.0064,0.7416
3570-5696-0008,3575,0,-0.0655,0.4911
3570-5696-0008,3729,0,0.0085,0.6893
3570-5696-0008,4446,0,-0.0856,0.6345
3570-5696-0008,4507,0,0.0866,0.6134
3570-5696-0008,4970,0,0.034,0.3963
3570-5696-0008,4992,0,0.0799,0.6265
3570-5696-0008,5142,0,0.0709,0.4938
3570-5696-0008,5683,0,0.0925,0.5386
3570-5696-0008,6829,0,0.1206,0.5661
3570-5696-0008,8463,0,0.0386,0.645
3570-5696-0008,8555,0,0.0203,0.4678
3575-170457-0000,121,0,0.0639,0.8021
3575-170457-0000,1221,0,0.0543,0.634
3575-170457-0000,1284,0,-0.0111,0.812
3575-170457-0000,1580,0,0.059,0.7433
3575-170457-0000,1995,0,0.0194,0.7652
3575-170457-0000,2094,0,-0.0454,0.7326
3575-170457-0000,237,0,-0.0524,0.6503
3575-170457-0000,2961,0,0.1267,0.8096
3575-170457-0000,3570,0,-0.0637,0.6945
3575-170457-0000,3575,1,-0.0086,0.5609
3575-170457-0000,3729,0,0.084,0.7396
3575-170457-0000,4446,0,-0.146,0.7315
3575-170457-0000,4507,0,0.0537,0.6724
3575-170457-0000,4970,0,-0.0598,0.4645
3575-170457-0000,4992,0,0.0658,0.6827
3575-170457-0000,5142,0,-0.0452,0.5532
3575-170457-0000,5683,0,-0.0198,0.6496
3575-170457-0000,6829,0,0.0247,0.616
3575-170457-0000,8463,0,0.0477,0.6828
3575-170457-0000,8555,0,-0.069,0.5167
3575-170457-0005,121,0,0.0569,0.7644
3575-170457-0005,1221,0,0.0909,0.5737
3575-170457-0005,1284,0,-0.1102,0.7633
3575-170457-0005,1580,0,0.0222,0.6768
3575-170457-0005,1995,0,0.002,0.7587
3575-170457-0005,2094,0,-0.0358,0.6829
3575-170457-0005,237,0,0.0112,0.6002
3575-170457-0005,2961,0,0.1379,0.8234
3575-170457-0005,3570,0,-0.069,0.6726
3575-170457-0005,3575,1,0.0414,0.5225
3575-170457-0005,3729,0,0.0587,0.6786
3575-170457-0005,4446,0,-0.1904,0.6738
3575-170457-0005,4507,0,0.0657,0.6125
3575-170457-0005,4970,0,-0.0791,0.4277
3575-170457-0005,4992,0,-0.0279,0.6372
3575-170457-0005,5142,0,0.0074,0.5183
3575-170457-0005,5683,0,0.1076,0.5795
3575-170457-0005,6829,0,-0.0002,0.5805
3575-170457-0005,8463,0,0.0427,0.6495
3575-170457-0005,8555,0,-0.0779,0.4793
3575-170457-0008,121,0,0.09,0.8475
3575-170457-0008,1221,0,0.1254,0.6795
3575-170457-0008,1284,0,-0.0123,0.7955
3575-170457-0008,1580,0,-0.0004,0.7377
3575-170457-0008,1995,0,0.0357,0.8251
3575-170457-0008,2094,0,-0.1011,0.7515
3575-170457-0008,237,0,-0.001,0.699
3575-170457-0008,2961,0,0.0858,0.8926
3575-170457-0008,3570,0,-0.0095,0.7679
3575-170457-0008,3575,1,0.0444,0.5845
3575-170457-0008,3729,0,0.0283,0.7802
3575-170457-0008,4446,0,-0.056,0.7435
3575-170457-0008,4507,0,0.0732,0.7175
3575-170457-0008,4970,0,-0.0702,0.5061
3575-170457-0008,4992,0,0.1258,0.7397
3575-170457-0008,5142,0,-0.0133,0.61
3575-170457-0008,5683,0,0.1154,0.6512
3575-170457-0008,6829,0,0.0274,0.6735
3575-170457-0008,8463,0,0.1492,0.7476
3575-170457-0008,8555,0,0.0297,0.5766
3575-170457-0011,121,0,0.1374,0.7196
3575-170457-0011,1221,0,0.1093,0.5115
3575-170457-0011,1284,0,-0.0097,0.6817
3575-170457-0011,1580,0,0.0161,0.6131
3575-170457-0011,1995,0,0.0225,0.6941
3575-170457-0011,2094,0,-0.065,0.604
3575-170457-0011,237,0,0.0544,0.5601
3575-170457-0011,2961,0,0.1145,0.8136
3575-170457-0011,3570,0,-0.0559,0.6955
3575-170457-0011,3575,1,-0.0157,0.4601
3575-170457-0011,3729,0,-0.0463,0.6115
3575-170457-0011,4446,0,-0.0857,0.594
3575-170457-0011,4507,0,0.0386,0.5757
3575-170457-0011,4970,0,-0.0596,0.3401
3575-170457-0011,4992,0,0.0547,0.5551
3575-170457-0011,5142,0,0.0204,0.4168
3575-170457-0011,5683,0,0.1473,0.4995
3575-170457-0011,6829,0,-0.0146,0.5204
3575-170457-0011,8463,0,0.0515,0.5408
3575-170457-0011,8555,0,-0.0387,0.4071
3575-170457-0014,121,0,0.1,0.8359
3575-170457-0014,1221,0,0.1008,0.6301
3575-170457-0014,1284,0,-0.0713,0.7794
3575-170457-0014,1580,0,-0.0178,0.7263
3575-170457-0014,1995,0,-0.079,0.7796
3575-170457-0014,2094,0,-0.0269,0.7452
3575-170457-0014,237,0,-0.0176,0.6465
3575-170457-0014,2961,0,0.1313,0.866
3575-170457-0014,3570,0,-0.0102,0.7179
3575-170457-0014,3575,1,-0.0029,0.5508
3575-170457-0014,3729,0,0.0809,0.755
3575-170457-0014,4446,0,-0.1403,0.7176
3575-170457-0014,4507,0,0.1083,0.6755
3575-170457-0014,4970,0,-0.1043,0.4336
3575-170457-0014,4992,0,0.0622,0.7019
3575-170457-0014,5142,0,-0.0899,0.5387
3575-170457-0014,5683,0,0.0905,0.6175
3575-170457-0014,6829,0,0.0634,0.6374
3575-170457-0014,8463,0,0.0808,0.7127
3575-170457-0014,8555,0,0.0093,0.4865
3575-170457-0020,121,0,0.0637,0.7254
3575-170457-0020,1221,0,-0.0042,0.5617
3575-170457-0020,1284,0,-0.0494,0.7334
3575-170457-0020,1580,0,-0.0813,0.6173
3575-170457-0020,1995,0,-0.0428,0.7668
3575-170457-0020,2094,0,-0.0524,0.6499
3575-170457-0020,237,0,-0.0198,0.5872
3575-170457-0020,2961,0,0.0963,0.8014
3575-170457-0020,3570,0,-0.0473,0.6346
3575-170457-0020,3575,1,-0.0101,0.4891
3575-170457-0020,3729,0,0.0611,0.6383
3575-170457-0020,4446,0,-0.1736,0.6368
3575-170457-0020,4507,0,0.095,0.5786
3575-170457-0020,4970,0,-0.0195,0.4373
3575-170457-0020,4992,0,-0.0076,0.6291
3575-170457-0020,5142,0,-0.0128,0.5368
3575-170457-0020,5683,0,0.0779,0.5381
3575-170457-0020,6829,0,0.0222,0.565
3575-170457-0020,8463,0,0.0016,0.6664
3575-170457-0020,8555,0,-0.0649,0.483
3575-170457-0031,121,0,0.0488,0.6572
3575-170457-0031,1221,0,0.06,0.5449
3575-170457-0031,1284,0,-0.0013,0.7332
3575-170457-0031,1580,0,0.0955,0.5786
3575-170457-0031,1995,0,0.0312,0.731
3575-170457-0031,2094,0,-0.0429,0.6267
3575-170457-0031,237,0,0.0172,0.5367
3575-170457-0031,2961,0,0.0446,0.7007
3575-170457-0031,3570,0,-0.0226,0.5461
3575-170457-0031,3575,1,0.009,0.4152
3575-170457-0031,3729,0,-0.0244,0.6006
3575-170457-0031,4446,0,-0.1386,0.6334
3575-170457-0031,4507,0,-0.0016,0.528
3575-170457-0031,4970,0,-0.0457,0.3912
3575-170457-0031,4992,0,0.0585,0.6158
3575-170457-0031,5142,0,-0.0228,0.5277
3575-170457-0031,5683,0,0.0197,0.4924
3575-170457-0031,6829,0,0.012,0.5346
3575-170457-0031,8463,0,0.1597,0.6388
3575-170457-0031,8555,0,0.0238,0.4481
3575-170457-0040,121,0,0.0987,0.7631
3575-170457-0040,1221,0,0.0202,0.6605
3575-170457-0040,1284,0,-0.0363,0.8215
3575-170457-0040,1580,0,-0.0468,0.7072
3575-170457-0040,1995,0,0.1363,0.8135
3575-170457-0040,2094,0,-0.0131,0.7312
3575-170457-0040,237,0,-0.0522,0.6381
3575-170457-0040,2961,0,0.1402,0.7645
3575-170457-0040,3570,0,-0.0405,0.6218
3575-170457-0040,3575,1,-0.0605,0.523
3575-170457-0040,3729,0,0.0784,0.7237
3575-170457-0040,4446,0,-0.093,0.7402
3575-170457-0040,4507,0,0.0916,0.6425
3575-170457-0040,4970,0,-0.004,0.4838
3575-170457-0040,4992,0,0.1173,0.7266
3575-170457-0040,5142,0,0.0102,0.6301
3575-170457-0040,5683,0,0.0616,0.6322
3575-170457-0040,6829,0,-0.0003,0.6408
3575-170457-0040,8463,0,0.0403,0.7429
3575-170457-0040,8555,0,-0.0219,0.5544
3575-170457-0044,121,0,0.0735,0.7565
3575-170457-0044,1221,0,0.1163,0.5841
3575-170457-0044,1284,0,-0.0017,0.7663
3575-170457-0044,1580,0,0.0295,0.6578
3575-170457-0044,1995,0,0.0944,0.7608
3575-170457-0044,2094,0,0.0109,0.6987
3575-170457-0044,237,0,-0.023,0.604
3575-170457-0044,2961,0,0.1424,0.8195
3575-170457-0044,3570,0,0.0314,0.6488
3575-170457-0044,3575,1,-0.0793,0.4819
3575-170457-0044,3729,0,0.0535,0.682
3575-170457-0044,4446,0,-0.1532,0.6858
3575-170457-0044,4507,0,0.1298,0.5995
3575-170457-0044,4970,0,-0.0226,0.4082
3575-170457-0044,4992,0,0.09,0.6548
3575-170457-0044,5142,0,0.0597,0.5168
3575-170457-0044,5683,0,0.0967,0.541
3575-170457-0044,6829,0,0.0938,0.6001
3575-170457-0044,8463,0,0.1263,0.6844
3575-170457-0044,8555,0,-0.0149,0.4374
3575-170457-0045,121,0,0.0863,0.7791
3575-170457-0045,1221,0,0.1053,0.5218
3575-170457-0045,1284,0,0.0399,0.6436
3575-170457-0045,1580,0,0.0357,0.5922
3575-170457-0045,1995,0,-0.0458,0.7491
3575-170457-0045,2094,0,-0.1096,0.6308
3575-170457-0045,237,0,-0.0695,0.5765
3575-170457-0045,2961,0,0.0726,0.8775
3575-170457-0045,3570,0,0.0083,0.7302
3575-170457-0045,3575,1,0.0053,0.5149
3575-170457-0045,3729,0,-0.0078,0.6453
3575-170457-0045,4446,0,-0.1168,0.5762
3575-170457-0045,4507,0,0.0747,0.5898
3575-170457-0045,4970,0,0.0049,0.3776
3575-170457-0045,4992,0,0.0666,0.599
3575-170457-0045,5142,0,0.001,0.4503
3575-170457-0045,5683,0,0.0637,0.5106
3575-170457-0045,6829,0,0.0076,0.5327
3575-170457-0045,8463,0,0.1185,0.6255
3575-170457-0045,8555,0,0.0153,0.445
3729-6852-0002,121,0,0.1268,0.6969
3729-6852-0002,1221,0,0.0149,0.5508
3729-6852-0002,1284,0,-0.1321,0.7017
3729-6852-0002,1580,0,-0.0173,0.5667
3729-6852-0002,1995,0,-0.0613,0.7371
3729-6852-0002,2094,0,-0.0413,0.6388
3729-6852-0002,237,0,-0.0455,0.5637
3729-6852-0002,2961,0,0.1435,0.7633
3729-6852-0002,3570,0,-0.0081,0.6191
3729-6852-0002,3575,0,-0.0247,0.4504
3729-6852-0002,3729,1,0.0415,0.6259
3729-6852-0002,4446,0,-0.12,0.6188
3729-6852-0002,4507,0,0.0708,0.5784
3729-6852-0002,4970,0,-0.0202,0.4155
3729-6852-0002,4992,0,0.1032,0.615
3729-6852-0002,5142,0,-0.0389,0.5325
3729-6852-0002,5683,0,0.0148,0.494
3729-6852-0002,6829,0,0.0178,0.5688
3729-6852-0002,8463,0,0.0291,0.6416
3729-6852-0002,8555,0,0.0153,0.4581
3729-6852-0011,121,0,0.0752,0.6991
3729-6852-0011,1221,0,0.0423,0.529
3729-6852-0011,1284,0,-0.088,0.6478
3729-6852-0011,1580,0,0.0359,0.5336
3729-6852-0011,1995,0,-0.0188,0.7319
3729-6852-0011,2094,0,-0.0017,0.6078
3729-6852-0011,237,0,-0.0148,0.5329
3729-6852-0011,2961,0,0.0602,0.7871
3729-6852-0011,3570,0,-0.0063,0.606
3729-6852-0011,3575,0,0.0284,0.4023
3729-6852-0011,3729,1,0.0881,0.6227
3729-6852-0011,4446,0,-0.1468,0.5922
3729-6852-0011,4507,0,0.1155,0.5524
3729-6852-0011,4970,0,-0.0779,0.3613
3729-6852-0011,4992,0,-0.0464,0.617
3729-6852-0011,5142,0,-0.0879,0.5157
3729-6852-0011,5683,0,0.0624,0.4534
3729-6852-0011,6829,0,-0.0454,0.5503
3729-6852-0011,8463,0,0.0001,0.6552
3729-6852-0011,8555,0,-0.0603,0.4318
3729-6852-0014,121,0,0.0798,0.6626
3729-6852-0014,1221,0,0.046,0.5681
3729-6852-0014,1284,0,-0.0927,0.6602
3729-6852-0014,1580,0,0.0473,0.5175
3729-6852-0014,1995,0,-0.0636,0.7306
3729-6852-0014,2094,0,-0.0444,0.594
3729-6852-0014,237,0,0.0127,0.5499
3729-6852-0014,2961,0,0.038,0.7162
3729-6852-0014,3570,0,0.0719,0.578
3729-6852-0014,3575,0,0.0201,0.3971
3729-6852-0014,3729,1,0.0686,0.6192
3729-6852-0014,4446,0,0.0062,0.6083
3729-6852-0014,4507,0,0.1649,0.5522
3729-6852-0014,4970,0,0.0319,0.4179
3729-6852-0014,4992,0,0.0512,0.6337
3729-6852-0014,5142,0,0.0394,0.5665
3729-6852-0014,5683,0,0.0869,0.4692
3729-6852-0014,6829,0,0.004,0.5586
3729-6852-0014,8463,0,0.0515,0.6739
3729-6852-0014,8555,0,-0.0391,0.4775
3729-6852-0016,121,0,0.0601,0.7895
3729-6852-0016,1221,0,0.1618,0.5706
3729-6852-0016,1284,0,0.0359,0.7258
3729-6852-0016,1580,0,0.0766,0.6653
3729-6852-0016,1995,0,-0.0136,0.7625
3729-6852-0016,2094,0,-0.0508,0.6828
3729-6852-0016,237,0,0.0065,0.5914
3729-6852-0016,2961,0,0.1559,0.8451
3729-6852-0016,3570,0,-0.0384,0.6946
3729-6852-0016,3575,0,0.0104,0.5288
3729-6852-0016,3729,1,-0.0065,0.6855
3729-6852-0016,4446,0,-0.0915,0.6432
3729-6852-0016,4507,0,0.132,0.6191
3729-6852-0016,4970,0,-0.0411,0.4026
3729-6852-0016,4992,0,0.1111,0.645
3729-6852-0016,5142,0,-0.0092,0.4969
3729-6852-0016,5683,0,0.0727,0.5689
3729-6852-0016,6829,0,0.0584,0.5742
3729-6852-0016,8463,0,0.1212,0.6657
3729-6852-0016,8555,0,-0.0117,0.4661
3729-6852-0022,121,0,0.1225,0.7061
3729-6852-0022,1221,0,0.0476,0.5438
3729-6852-0022,1284,0,-0.038,0.7444
3729-6852-0022,1580,0,0.0111,0.6351
3729-6852-0022,1995,0,-0.0392,0.7053
3729-6852-0022,2094,0,-0.0251,0.6478
3729-6852-0022,237,0,0.0219,0.5554
3729-6852-0022,2961,0,0.0981,0.767
3729-6852-0022,3570,0,0.0336,0.6301
3729-6852-0022,3575,0,0.0241,0.5056
3729-6852-0022,3729,1,0.0237,0.6276
3729-6852-0022,4446,0,-0.0817,0.6362
3729-6852-0022,4507,0,0.086,0.5846
3729-6852-0022,4970,0,0.0085,0.4278
3729-6852-0022,4992,0,0.0757,0.5828
3729-6852-0022,5142,0,0.0909,0.4892
3729-6852-0022,5683,0,0.1551,0.5403
3729-6852-0022,6829,0,0.0082,0.5542
3729-6852-0022,8463,0,0.1401,0.5989
3729-6852-0022,8555,0,0.0344,0.4454
3729-6852-0026,121,0,0.0752,0.6106
3729-6852-0026,1221,0,0.0889,0.5026
3729-6852-0026,1284,0,-0.1358,0.6589
3729-6852-0026,1580,0,0.0005,0.4982
3729-6852-0026,1995,0,-0.0898,0.6409
3729-6852-0026,2094,0,-0.0905,0.5574
3729-6852-0026,237,0,-0.0038,0.4704
3729-6852-0026,2961,0,0.0608,0.6616
3729-6852-0026,3570,0,0.0078,0.5173
3729-6852-0026,3575,0,-0.0236,0.3514
3729-6852-0026,3729,1,-0.0187,0.5726
3729-6852-0026,4446,0,-0.1071,0.5833
3729-6852-0026,4507,0,0.1538,0.5179
3729-6852-0026,4970,0,-0.0149,0.3623
3729-6852-0026,4992,0,0.0245,0.5484
3729-6852-0026,5142,0,0.0347,0.4957
3729-6852-0026,5683,0,0.1138,0.43
3729-6852-0026,6829,0,0.0215,0.5121
3729-6852-0026,8463,0,0.0718,0.5788
3729-6852-0026,8555,0,0.0332,0.393
3729-6852-0037,121,0,0.0861,0.7526
3729-6852-0037,1221,0,0.1146,0.5956
3729-6852-0037,1284,0,-0.026,0.758
3729-6852-0037,1580,0,-0.0117,0.6391
3729-6852-0037,1995,0,0.0081,0.7781
3729-6852-0037,2094,0,-0.0141,0.7102
3729-6852-0037,237,0,0.0194,0.6021
3729-6852-0037,2961,0,0.0079,0.7993
3729-6852-0037,3570,0,-0.062,0.6294
3729-6852-0037,3575,0,0.0504,0.4609
3729-6852-0037,3729,1,0.0526,0.6876
3729-6852-0037,4446,0,-0.1594,0.6881
3729-6852-0037,4507,0,0.0504,0.6042
3729-6852-0037,4970,0,-0.0155,0.3991
3729-6852-0037,4992,0,0.0616,0.6806
3729-6852-0037,5142,0,0.0158,0.5497
3729-6852-0037,5683,0,0.0673,0.5238
3729-6852-0037,6829,0,0.0229,0.618
3729-6852-0037,8463,0,0.0821,0.7023
3729-6852-0037,8555,0,0.0034,0.4508
3729-6852-0039,121,0,0.0926,0.779
3729-6852-0039,1221,0,0.0793,0.6003
3729-6852-0039,1284,0,-0.0917,0.7665
3729-6852-0039,1580,0,0.0247,0.6764
3729-6852-0039,1995,0,-0.0113,0.7593
3729-6852-0039,2094,0,0.0141,0.6862
3729-6852-0039,237,0,0.0048,0.6202
3729-6852-0039,2961,0,0.211,0.8424
3729-6852-0039,3570,0,0.0419,0.7005
3729-6852-0039,3575,0,0.009,0.4904
3729-6852-0039,3729,1,0.0068,0.7082
3729-6852-0039,4446,0,-0.0829,0.6928
3729-6852-0039,4507,0,0.1271,0.6374
3729-6852-0039,4970,0,-0.0866,0.4134
3729-6852-0039,4992,0,0.0894,0.662
3729-6852-0039,5142,0,0.0331,0.532
3729-6852-0039,5683,0,0.1092,0.5718
3729-6852-0039,6829,0,0.0423,0.6045
3729-6852-0039,8463,0,0.0902,0.6645
3729-6852-0039,8555,0,-0.0261,0.4773
3729-6852-0040,121,0,0.0685,0.667
3729-6852-0040,1221,0,0.0459,0.4966
3729-6852-0040,1284,0,0.0067,0.6447
3729-6852-0040,1580,0,-0.055,0.5117
3729-6852-0040,1995,0,0.0326,0.6957
3729-6852-0040,2094,0,-0.0568,0.5817
3729-6852-0040,237,0,0.0355,0.5031
3729-6852-0040,2961,0,0.0307,0.7637
3729-6852-0040,3570,0,-0.0433,0.5872
3729-6852-0040,3575,0,-0.0134,0.4044
3729-6852-0040,3729,1,0.0767,0.5844
3729-6852-0040,4446,0,-0.0233,0.5627
3729-6852-0040,4507,0,0.085,0.518
3729-6852-0040,4970,0,0.0276,0.3543
3729-6852-0040,4992,0,0.1542,0.5667
3729-6852-0040,5142,0,-0.0532,0.4671
3729-6852-0040,5683,0,0.1071,0.4342
3729-6852-0040,6829,0,0.0711,0.5257
3729-6852-0040,8463,0,0.0792,0.6031
3729-6852-0040,8555,0,0.0093,0.3874
3729-6852-0046,121,0,0.1201,0.7273
3729-6852-0046,1221,0,0.0325,0.5801
3729-6852-0046,1284,0,-0.0833,0.7342
3729-6852-0046,1580,0,-0.0349,0.6018
3729-6852-0046,1995,0,0.0462,0.7496
3729-6852-0046,2094,0,0.0253,0.6669
3729-6852-0046,237,0,0.0031,0.5857
3729-6852-0046,2961,0,0.0763,0.7941
3729-6852-0046,3570,0,0.0193,0.6325
3729-6852-0046,3575,0,-0.0381,0.4523
3729-6852-0046,3729,1,0.0731,0.6681
3729-6852-0046,4446,0,-0.0958,0.661
3729-6852-0046,4507,0,0.1814,0.5947
3729-6852-0046,4970,0,-0.0399,0.4129
3729-6852-0046,4992,0,0.0288,0.6463
3729-6852-0046,5142,0,-0.0279,0.5382
3729-6852-0046,5683,0,0.0593,0.5139
3729-6852-0046,6829,0,-0.0273,0.5988
3729-6852-0046,8463,0,0.0712,0.6743
3729-6852-0046,8555,0,-0.0462,0.4477
4077-13751-0002,1089,0,0.1534,0.819
4077-13751-0002,1188,0,0.2917,0.8749
4077-13751-0002,1320,0,0.0718,0.7427
4077-13751-0002,2300,0,0.0568,0.5387
4077-13751-0002,260,0,0.0487,0.9019
4077-13751-0002,2830,0,0.1611,0.8425
4077-13751-0002,4077,1,0.2043,0.7731
4077-13751-0002,5105,0,0.1227,0.7672
4077-13751-0002,5639,0,0.1025,0.8778
4077-13751-0002,61,0,0.3419,0.8685
4077-13751-0002,672,0,0.0762,0.868
4077-13751-0002,6930,0,-0.0391,0.8154
4077-13751-0002,7021,0,0.0344,0.6964
4077-13751-0002,7127,0,0.0938,0.6927
4077-13751-0002,7176,0,0.0372,0.8694
4077-13751-0002,7729,0,0.2633,0.7968
4077-13751-0002,8224,0,-0.0078,0.8139
4077-13751-0002,8230,0,0.21,0.8833
4077-13751-0002,8455,0,0.0439,0.7451
4077-13751-0002,908,0,0.0243,0.8255
4077-13751-0006,1089,0,0.0363,0.6963
4077-13751-0006,1188,0,0.1817,0.6984
4077-13751-0006,1320,0,0.0762,0.6132
4077-13751-0006,2300,0,-0.005,0.462
4077-13751-0006,260,0,-0.0221,0.7328
4077-13751-0006,2830,0,0.1322,0.628
4077-13751-0006,4077,1,0.1998,0.6724
4077-13751-0006,5105,0,0.0379,0.6554
4077-13751-0006,5639,0,0.2178,0.8607
4077-13751-0006,61,0,0.0498,0.6876
4077-13751-0006,672,0,0.0928,0.7909
4077-13751-0006,6930,0,-0.0418,0.6653
4077-13751-0006,7021,0,0.0099,0.6138
4077-13751-0006,7127,0,0.1145,0.5386
4077-13751-0006,7176,0,-0.1082,0.6524
4077-13751-0006,7729,0,0.1605,0.7118
4077-13751-0006,8224,0,-0.0528,0.825
4077-13751-0006,8230,0,0.0026,0.665
4077-13751-0006,8455,0,0.0232,0.606
4077-13751-0006,908,0,-0.0796,0.7758
4077-13751-0008,1089,0,0.0472,0.75
4077-13751-0008,1188,0,0.1116,0.7656
4077-13751-0008,1320,0,0.0176,0.6699
4077-13751-0008,2300,0,-0.0307,0.5229
4077-13751-0008,260,0,-0.0247,0.8077
4077-13751-0008,2830,0,0.069,0.695
4077-13751-0008,4077,1,0.1456,0.7292
4077-13751-0008,5105,0,-0.0393,0.7079
4077-13751-0008,5639,0,0.1546,0.8785
4077-13751-0008,61,0,0.1052,0.7732
4077-13751-0008,672,0,0.1027,0.8267
4077-13751-0008,6930,0,-0.0652,0.7396
4077-13751-0008,7021,0,-0.0016,0.6706
4077-13751-0008,7127,0,0.0737,0.5952
4077-13751-0008,7176,0,-0.097,0.75
4077-13751-0008,7729,0,0.2504,0.7835
4077-13751-0008,8224,0,-0.0185,0.8175
4077-13751-0008,8230,0,0.0851,0.746
4077-13751-0008,8455,0,-0.0329,0.6764
4077-13751-0008,908,0,-0.0284,0.8313
4077-13751-0010,1089,0,0.0905,0.7745
4077-13751-0010,1188,0,0.1093,0.7679
4077-13751-0010,1320,0,-0.0165,0.7355
4077-13751-0010,2300,0,0.0067,0.5946
4077-13751-0010,260,0,-0.0826,0.7872
4077-13751-0010,2830,0,0.0495,0.6972
4077-13751-0010,4077,1,0.0883,0.7786
4077-13751-0010,5105,0,0.0415,0.7952
4077-13751-0010,5639,0,0.1922,0.9012
4077-13751-0010,61,0,0.0306,0.7533
4077-13751-0010,672,0,0.0964,0.8362
4077-13751-0010,6930,0,-0.0703,0.7208
4077-13751-0010,7021,0,-0.0758,0.748
4077-13751-0010,7127,0,0.1379,0.6915
4077-13751-0010,7176,0,-0.03,0.7043
4077-13751-0010,7729,0,0.1728,0.8344
4077-13751-0010,8224,0,0.0524,0.8302
4077-13751-0010,8230,0,-0.0302,0.7089
4077-13751-0010,8455,0,-0.0533,0.6869
4077-13751-0010,908,0,-0.0496,0.8394
4077-13751-0013,1089,0,-0.0644,0.7157
4077-13751-0013,1188,0,0.2159,0.7316
4077-13751-0013,1320,0,-0.0116,0.6813
4077-13751-0013,2300,0,0.0597,0.6179
4077-13751-0013,260,0,-0.1174,0.7404
4077-13751-0013,2830,0,0.0649,0.6629
4077-13751-0013,4077,1,0.1059,0.7226
4077-13751-0013,5105,0,0.0165,0.7304
4077-13751-0013,5639,0,0.0984,0.825
4077-13751-0013,61,0,0.1578,0.7175
4077-13751-0013,672,0,0.027,0.7545
4077-13751-0013,6930,0,-0.1046,0.6754
4077-13751-0013,7021,0,0.0581,0.719
4077-13751-0013,7127,0,0.0644,0.6418
4077-13751-0013,7176,0,-0.0011,0.6566
4077-13751-0013,7729,0,0.2668,0.8279
4077-13751-0013,8224,0,0.0143,0.7622
4077-13751-0013,8230,0,0.0125,0.6528
4077-13751-0013,8455,0,-0.0337,0.639
4077-13751-0013,908,0,0.0161,0.8011
4077-13751-0015,1089,0,0.14,0.8208
4077-13751-0015,1188,0,0.2096,0.8255
4077-13751-0015,1320,0,-0.01,0.7495
4077-13751-0015,2300,0,-0.0069,0.5754
4077-13751-0015,260,0,-0.0447,0.8711
4077-13751-0015,2830,0,0.1282,0.7664
4077-13751-0015,4077,1,0.1107,0.8073
4077-13751-0015,5105,0,0.0608,0.7893
4077-13751-0015,5639,0,0.1752,0.9182
4077-13751-0015,61,0,0.094,0.847
4077-13751-0015,672,0,0.0208,0.8811
4077-13751-0015,6930,0,-0.0789,0.8075
4077-13751-0015,7021,0,-0.0604,0.7316
4077-13751-0015,7127,0,0.1175,0.6864
4077-13751-0015,7176,0,-0.0305,0.8291
4077-13751-0015,7729,0,0.1935,0.8402
4077-13751-0015,8224,0,-0.0337,0.8478
4077-13751-0015,8230,0,0.1073,0.8198
4077-13751-0015,8455,0,-0.0591,0.7485
4077-13751-0015,908,0,-0.0614,0.8766
4077-13751-0020,1089,0,0.0731,0.7881
4077-13751-0020,1188,0,0.2035,0.8226
4077-13751-0020,1320,0,0.0697,0.7268
4077-13751-0020,2300,0,0.0017,0.5503
4077-13751-0020,260,0,0.076,0.8507
4077-13751-0020,2830,0,0.1095,0.7607
4077-13751-0020,4077,1,0.1221,0.7774
4077-13751-0020,5105,0,0.0592,0.7738
4077-13751-0020,5639,0,0.2182,0.9165
4077-13751-0020,61,0,0.1055,0.805
4077-13751-0020,672,0,0.16,0.8551
4077-13751-0020,6930,0,-0.0365,0.7425
4077-13751-0020,7021,0,0.0169,0.7217
4077-13751-0020,7127,0,0.0791,0.6758
4077-13751-0020,7176,0,0.0106,0.7791
4077-13751-0020,7729,0,0.2465,0.8371
4077-13751-0020,8224,0,-0.0125,0.8137
4077-13751-0020,8230,0,0.0358,0.7773
4077-13751-0020,8455,0,-0.0642,0.6941
4077-13751-0020,908,0,-0.017,0.8585
4077-13754-0000,1089,0,-0.0036,0.7621
4077-13754-0000,1188,0,0.1975,0.8047
4077-13754-0000,1320,0,-0.0466,0.7097
4077-13754-0000,2300,0,0.0271,0.5837
4077-13754-0000,260,0,0.0053,0.8021
4077-13754-0000,2830,0,0.1412,0.7659
4077-13754-0000,4077,1,-0.0149,0.6913
4077-13754-0000,5105,0,-0.0153,0.7708
4077-13754-0000,5639,0,0.1394,0.8408
4077-13754-0000,61,0,0.0813,0.7755
4077-13754-0000,672,0,0.1358,0.8107
4077-13754-0000,6930,0,-0.0609,0.7602
4077-13754-0000,7021,0,-0.0574,0.7315
4077-13754-0000,7127,0,0.0024,0.6466
4077-13754-0000,7176,0,-0.0675,0.7237
4077-13754-0000,7729,0,0.1773,0.8037
4077-13754-0000,8224,0,-0.0124,0.8147
4077-13754-0000,8230,0,0.0607,0.7708
4077-13754-0000,8455,0,-0.0735,0.6754
4077-13754-0000,908,0,-0.0598,0.8026
4077-13754-0003,1089,0,-0.0357,0.7542
4077-13754-0003,1188,0,0.1167,0.8206
4077-13754-0003,1320,0,-0.0106,0.7018
4077-13754-0003,2300,0,-0.0245,0.5647
4077-13754-0003,260,0,-0.0161,0.8236
4077-13754-0003,2830,0,0.004,0.7724
4077-13754-0003,4077,1,0.0136,0.7378
4077-13754-0003,5105,0,0.0402,0.7625
4077-13754-0003,5639,0,0.1744,0.8833
4077-13754-0003,61,0,0.1265,0.7842
4077-13754-0003,672,0,-0.019,0.8107
4077-13754-0003,6930,0,-0.056,0.7108
4077-13754-0003,7021,0,-0.0524,0.7194
4077-13754-0003,7127,0,0.0503,0.6688
4077-13754-0003,7176,0,-0.0102,0.7645
4077-13754-0003,7729,0,0.1063,0.8332
4077-13754-0003,8224,0,0.0347,0.7844
4077-13754-0003,8230,0,0.0592,0.764
4077-13754-0003,8455,0,0.0382,0.6543
4077-13754-0003,908,0,-0.0413,0.8127
4077-13754-0010,1089,0,0.1099,0.7845
4077-13754-0010,1188,0,0.1907,0.82
4077-13754-0010,1320,0,-0.0508,0.7174
4077-13754-0010,2300,0,-0.0764,0.5656
4077-13754-0010,260,0,0.0393,0.8444
4077-13754-0010,2830,0,0.1391,0.7738
4077-13754-0010,4077,1,0.01,0.7721
4077-13754-0010,5105,0,-0.0303,0.7739
4077-13754-0010,5639,0,0.1352,0.9076
4077-13754-0010,61,0,0.0782,0.815
4077-13754-0010,672,0,0.0941,0.8359
4077-13754-0010,6930,0,-0.087,0.7466
4077-13754-0010,7021,0,-0.0261,0.7256
4077-13754-0010,7127,0,0.0156,0.6787
4077-13754-0010,7176,0,-0.071,0.7683
4077-13754-0010,7729,0,0.1613,0.8576
4077-13754-0010,8224,0,0.0876,0.793
4077-13754-0010,8230,0,0.1051,0.7819
4077-13754-0010,8455,0,-0.033,0.6788
4077-13754-0010,908,0,-0.0217,0.8466
4446-2273-0001,121,0,0.1784,0.6379
4446-2273-0001,1221,0,0.1055,0.4761
4446-2273-0001,1284,0,-0.0078,0.6907
4446-2273-0001,1580,0,0.0968,0.5538
4446-2273-0001,1995,0,-0.0694,0.6644
4446-2273-0001,2094,0,-0.0983,0.5953
4446-2273-0001,237,0,-0.0452,0.4899
4446-2273-0001,2961,0,0.012,0.6985
4446-2273-0001,3570,0,-0.0484,0.5558
4446-2273-0001,3575,0,0.0364,0.4058
4446-2273-0001,3729,0,-0.012,0.5577
4446-2273-0001,4446,1,-0.0858,0.5826
4446-2273-0001,4507,0,0.0486,0.5083
4446-2273-0001,4970,0,0.0041,0.3337
4446-2273-0001,4992,0,-0.0254,0.5339
4446-2273-0001,5142,0,-0.0674,0.4321
4446-2273-0001,5683,0,0.0627,0.4396
4446-2273-0001,6829,0,0.0705,0.4956
4446-2273-0001,8463,0,0.0098,0.5466
4446-2273-0001,8555,0,0.0257,0.3667
4446-2273-0008,121,0,0.1014,0.795
4446-2273-0008,1221,0,0.0956,0.6091
4446-2273-0008,1284,0,-0.0752,0.7622
4446-2273-0008,1580,0,-0.0216,0.669
4446-2273-0008,1995,0,-0.0114,0.7946
4446-2273-0008,2094,0,-0.0055,0.701
4446-2273-0008,237,0,-0.0306,0.6256
4446-2273-0008,2961,0,0.1591,0.8596
4446-2273-0008,3570,0,-0.0027,0.7016
4446-2273-0008,3575,0,0.0347,0.5006
4446-2273-0008,3729,0,0.0968,0.7072
4446-2273-0008,4446,1,-0.1512,0.6971
4446-2273-0008,4507,0,0.1006,0.6301
4446-2273-0008,4970,0,-0.1062,0.4225
4446-2273-0008,4992,0,0.0696,0.6831
4446-2273-0008,5142,0,-0.0152,0.5414
4446-2273-0008,5683,0,0.0092,0.5609
4446-2273-0008,6829,0,0.002,0.6088
4446-2273-0008,8463,0,0.0818,0.6988
4446-2273-0008,8555,0,-0.0208,0.4877
4446-2273-0022,121,0,0.1473,0.7842
4446-2273-0022,1221,0,0.0218,0.6261
4446-2273-0022,1284,0,-0.0929,0.811
4446-2273-0022,1580,0,-0.0239,0.7183
4446-2273-0022,1995,0,0.0214,0.7669
4446-2273-0022,2094,0,0.0166,0.7411
4446-2273-0022,237,0,-0.0855,0.6258
4446-2273-0022,2961,0,0.0617,0.8009
4446-2273-0022,3570,0,-0.0224,0.6529
4446-2273-0022,3575,0,-0.0033,0.537
4446-2273-0022,3729,0,-0.0342,0.7199
4446-2273-0022,4446,1,-0.1719,0.7213
4446-2273-0022,4507,0,0.0884,0.652
4446-2273-0022,4970,0,-0.0694,0.4622
4446-2273-0022,4992,0,0.0433,0.6888
4446-2273-0022,5142,0,0.0063,0.5658
4446-2273-0022,5683,0,0.0943,0.6161
4446-2273-0022,6829,0,0.1149,0.6339
4446-2273-0022,8463,0,0.1215,0.714
4446-2273-0022,8555,0,0.0608,0.4903
4446-2273-0032,121,0,0.0995,0.808
4446-2273-0032,1221,0,-0.0126,0.6669
4446-2273-0032,1284,0,-0.0409,0.8138
4446-2273-0032,1580,0,0.0054,0.7151
4446-2273-0032,1995,0,0.0437,0.7908
4446-2273-0032,2094,0,0.045,0.7645
4446-2273-0032,237,0,-0.0263,0.6638
4446-2273-0032,2961,0,0.1905,0.837
4446-2273-0032,3570,0,-0.0086,0.6824
4446-2273-0032,3575,0,-0.0049,0.5204
4446-2273-0032,3729,0,0.0408,0.7712
4446-2273-0032,4446,1,-0.1508,0.7637
4446-2273-0032,4507,0,0.084,0.6855
4446-2273-0032,4970,0,0.0604,0.4763
4446-2273-0032,4992,0,0.0546,0.7275
4446-2273-0032,5142,0,0.0393,0.6161
4446-2273-0032,5683,0,0.028,0.6322
4446-2273-0032,6829,0,0.0388,0.6682
4446-2273-0032,8463,0,0.0244,0.737
4446-2273-0032,8555,0,0.0138,0.5277
4446-2275-0007,121,0,0.0733,0.6578
4446-2275-0007,1221,0,0.1056,0.6096
4446-2275-0007,1284,0,-0.1052,0.7946
4446-2275-0007,1580,0,0.0374,0.636
4446-2275-0007,1995,0,-0.1459,0.7276
4446-2275-0007,2094,0,-0.0882,0.6821
4446-2275-0007,237,0,-0.0026,0.5682
4446-2275-0007,2961,0,0.1809,0.6913
4446-2275-0007,3570,0,-0.0648,0.5237
4446-2275-0007,3575,0,0.0635,0.4435
4446-2275-0007,3729,0,0.0494,0.6463
4446-2275-0007,4446,1,-0.1206,0.7082
4446-2275-0007,4507,0,0.0292,0.5774
4446-2275-0007,4970,0,-0.0301,0.4698
4446-2275-0007,4992,0,0.0732,0.6672
4446-2275-0007,5142,0,0.0049,0.6085
4446-2275-0007,5683,0,0.0778,0.5408
4446-2275-0007,6829,0,-0.0387,0.6346
4446-2275-0007,8463,0,0.0917,0.7058
4446-2275-0007,8555,0,0.0745,0.4776
4446-2275-0026,121,0,0.0706,0.6676
4446-2275-0026,1221,0,0.086,0.6321
4446-2275-0026,1284,0,0.0474,0.8159
4446-2275-0026,1580,0,0.1433,0.6838
4446-2275-0026,1995,0,-0.0189,0.7118
4446-2275-0026,2094,0,-0.0331,0.6814
4446-2275-0026,237,0,0.0155,0.6055
4446-2275-0026,2961,0,0.1755,0.6865
4446-2275-0026,3570,0,0.0539,0.5748
4446-2275-0026,3575,0,0.0309,0.4783
4446-2275-0026,3729,0,0.0104,0.6607
4446-2275-0026,4446,1,-0.0168,0.7195
4446-2275-0026,4507,0,0.1557,0.6161
4446-2275-0026,4970,0,0.0663,0.4875
4446-2275-0026,4992,0,0.0735,0.6525
4446-2275-0026,5142,0,-0.0202,0.5827
4446-2275-0026,5683,0,0.0588,0.579
4446-2275-0026,6829,0,0.0601,0.6458
4446-2275-0026,8463,0,0.112,0.6594
4446-2275-0026,8555,0,-0.0104,0.4814
4446-2275-0029,121,0,0.1298,0.721
4446-2275-0029,1221,0,0.0516,0.5822
4446-2275-0029,1284,0,-0.1687,0.7464
4446-2275-0029,1580,0,-0.0787,0.6252
4446-2275-0029,1995,0,0.0332,0.733
4446-2275-0029,2094,0,0.0086,0.6657
4446-2275-0029,237,0,-0.0405,0.5641
4446-2275-0029,2961,0,0.1114,0.7877
4446-2275-0029,3570,0,-0.0069,0.6052
4446-2275-0029,3575,0,-0.028,0.4127
4446-2275-0029,3729,0,0.0633,0.6715
4446-2275-0029,4446,1,-0.158,0.6794
4446-2275-0029,4507,0,0.118,0.5909
4446-2275-0029,4970,0,-0.0943,0.376
4446-2275-0029,4992,0,0.0392,0.6506
4446-2275-0029,5142,0,0.1279,0.5388
4446-2275-0029,5683,0,0.0382,0.5163
4446-2275-0029,6829,0,0.0057,0.5921
4446-2275-0029,8463,0,0.0633,0.6648
4446-2275-0029,8555,0,0.0061,0.439
4446-2275-0035,121,0,0.0339,0.7591
4446-2275-0035,1221,0,0.0602,0.6286
4446-2275-0035,1284,0,-0.0902,0.8315
4446-2275-0035,1580,0,0.0731,0.7287
4446-2275-0035,1995,0,0.0103,0.8083
4446-2275-0035,2094,0,-0.1167,0.7203
4446-2275-0035,237,0,-0.0831,0.65
4446-2275-0035,2961,0,0.0674,0.7605
4446-2275-0035,3570,0,-0.0473,0.6248
4446-2275-0035,3575,0,-0.0636,0.5175
4446-2275-0035,3729,0,-0.1094,0.6892
4446-2275-0035,4446,1,-0.0885,0.7374
4446-2275-0035,4507,0,0.0573,0.622
4446-2275-0035,4970,0,-0.0414,0.4458
4446-2275-0035,4992,0,-0.0457,0.6918
4446-2275-0035,5142,0,0.0388,0.5712
4446-2275-0035,5683,0,0.0703,0.621
4446-2275-0035,6829,0,-0.0479,0.6038
4446-2275-0035,8463,0,-0.0206,0.6791
4446-2275-0035,8555,0,-0.0552,0.5219
4446-2275-0041,121,0,0.051,0.7166
4446-2275-0041,1221,0,0.072,0.5764
4446-2275-0041,1284,0,-0.0085,0.7499
4446-2275-0041,1580,0,0.0578,0.6038
4446-2275-0041,1995,0,0.0243,0.7768
4446-2275-0041,2094,0,0.0745,0.6665
4446-2275-0041,237,0,-0.0804,0.5808
4446-2275-0041,2961,0,0.0639,0.7637
4446-2275-0041,3570,0,0.0397,0.5911
4446-2275-0041,3575,0,-0.0556,0.4143
4446-2275-0041,3729,0,0.1022,0.6576
4446-2275-0041,4446,1,-0.0862,0.6732
4446-2275-0041,4507,0,0.0936,0.5601
4446-2275-0041,4970,0,-0.0923,0.3702
4446-2275-0041,4992,0,0.0224,0.6621
4446-2275-0041,5142,0,0.0255,0.5445
4446-2275-0041,5683,0,0.0139,0.517
4446-2275-0041,6829,0,-0.0561,0.5683
4446-2275-0041,8463,0,0.015,0.6725
4446-2275-0041,8555,0,0.0165,0.4558
4446-2275-0043,121,0,0.0692,0.8075
4446-2275-0043,1221,0,0.0731,0.6297
4446-2275-0043,1284,0,0.0715,0.8023
4446-2275-0043,1580,0,0.0651,0.6985
4446-2275-0043,1995,0,0.0222,0.7717
4446-2275-0043,2094,0,0.0647,0.7305
4446-2275-0043,237,0,0.0088,0.6313
4446-2275-0043,2961,0,0.1206,0.8432
4446-2275-0043,3570,0,0.0029,0.6854
4446-2275-0043,3575,0,0.0602,0.5105
4446-2275-0043,3729,0,0.0435,0.7481
4446-2275-0043,4446,1,-0.1144,0.7394
4446-2275-0043,4507,0,0.0598,0.6449
4446-2275-0043,4970,0,-0.0072,0.434
4446-2275-0043,4992,0,0.061,0.6926
4446-2275-0043,5142,0,0.0161,0.5562
4446-2275-0043,5683,0,0.0916,0.5941
4446-2275-0043,6829,0,0.0574,0.6236
4446-2275-0043,8463,0,0.0798,0.7098
4446-2275-0043,8555,0,-0.0065,0.4773
4507-16021-0001,121,0,0.0912,0.6514
4507-16021-0001,1221,0,-0.0078,0.4719
4507-16021-0001,1284,0,-0.1436,0.6025
4507-16021-0001,1580,0,-0.0518,0.4903
4507-16021-0001,1995,0,-0.0658,0.6856
4507-16021-0001,2094,0,-0.1027,0.5572
4507-16021-0001,237,0,-0.0574,0.4823
4507-16021-0001,2961,0,-0.0177,0.7637
4507-16021-0001,3570,0,-0.092,0.5824
4507-16021-0001,3575,0,0.052,0.3951
4507-16021-0001,3729,0,-0.0068,0.5578
4507-16021-0001,4446,0,-0.1754,0.5273
4507-16021-0001,4507,1,0.0757,0.5144
4507-16021-0001,4970,0,-0.0091,0.341
4507-16021-0001,4992,0,0.0242,0.5474
4507-16021-0001,5142,0,-0.0373,0.4571
4507-16021-0001,5683,0,0.0869,0.4121
4507-16021-0001,6829,0,0.0175,0.502
4507-16021-0001,8463,0,0.004,0.5813
4507-16021-0001,8555,0,0.0051,0.3945
4507-16021-0005,121,0,0.0903,0.7066
4507-16021-0005,1221,0,-0.0532,0.5356
4507-16021-0005,1284,0,-0.1334,0.6851
4507-16021-0005,1580,0,-0.0869,0.6007
4507-16021-0005,1995,0,-0.1046,0.6901
4507-16021-0005,2094,0,-0.0146,0.5846
4507-16021-0005,237,0,0.0204,0.5967
4507-16021-0005,2961,0,0.1039,0.7697
4507-16021-0005,3570,0,-0.0532,0.6982
4507-16021-0005,3575,0,0.0961,0.4492
4507-16021-0005,3729,0,-0.1183,0.6299
4507-16021-0005,4446,0,-0.1256,0.6111
4507-16021-0005,4507,1,0.0431,0.5958
4507-16021-0005,4970,0,0.0082,0.3718
4507-16021-0005,4992,0,-0.0422,0.5672
4507-16021-0005,5142,0,-0.088,0.4576
4507-16021-0005,5683,0,0.0691,0.5051
4507-16021-0005,6829,0,-0.0277,0.5208
4507-16021-0005,8463,0,0.0756,0.5416
4507-16021-0005,8555,0,-0.0882,0.4492
4507-16021-0021,121,0,0.0868,0.7018
4507-16021-0021,1221,0,0.0242,0.6015
4507-16021-0021,1284,0,-0.0183,0.7778
4507-16021-0021,1580,0,0.0784,0.6515
4507-16021-0021,1995,0,0.0812,0.7376
4507-16021-0021,2094,0,-0.067,0.6914
4507-16021-0021,237,0,-0.0091,0.581
4507-16021-0021,2961,0,0.0784,0.7332
4507-16021-0021,3570,0,-0.0335,0.5885
4507-16021-0021,3575,0,-0.0294,0.4845
4507-16021-0021,3729,0,0.0614,0.66
4507-16021-0021,4446,0,-0.036,0.6894
4507-16021-0021,4507,1,0.1489,0.6076
4507-16021-0021,4970,0,-0.0042,0.4514
4507-16021-0021,4992,0,0.1173,0.6514
4507-16021-0021,5142,0,-0.0148,0.564
4507-16021-0021,5683,0,0.0805,0.5531
4507-16021-0021,6829,0,0.0438,0.6208
4507-16021-0021,8463,0,0.112,0.677
4507-16021-0021,8555,0,-0.0442,0.4681
4507-16021-0030,121,0,0.077,0.7392
4507-16021-0030,1221,0,0.0297,0.5913
4507-16021-0030,1284,0,-0.1232,0.7467
4507-16021-0030,1580,0,-0.0181,0.6412
4507-16021-0030,1995,0,0.0335,0.7374
4507-16021-0030,2094,0,-0.1247,0.6571
4507-16021-0030,237,0,-0.0299,0.5825
4507-16021-0030,2961,0,0.1026,0.7904
4507-16021-0030,3570,0,-0.0041,0.654
4507-16021-0030,3575,0,-0.0379,0.4697
4507-16021-0030,3729,0,0.0035,0.6749
4507-16021-0030,4446,0,-0.1039,0.6729
4507-16021-0030,4507,1,0.145,0.6187
4507-16021-0030,4970,0,-0.0535,0.4262
4507-16021-0030,4992,0,0.0795,0.642
4507-16021-0030,5142,0,0.0033,0.5446
4507-16021-0030,5683,0,0.1015,0.5438
4507-16021-0030,6829,0,0.0074,0.5862
4507-16021-0030,8463,0,0.0293,0.6605
4507-16021-0030,8555,0,-0.0509,0.4813
4507-16021-0031,121,0,0.1165,0.7062
4507-16021-0031,1221,0,0.074,0.5346
4507-16021-0031,1284,0,-0.074,0.6871
4507-16021-0031,1580,0,0.0049,0.568
4507-16021-0031,1995,0,-0.0283,0.7379
4507-16021-0031,2094,0,-0.0504,0.6134
4507-16021-0031,237,0,-0.0096,0.5582
4507-16021-0031,2961,0,0.1348,0.7804
4507-16021-0031,3570,0,-0.0264,0.6424
4507-16021-0031,3575,0,0.0297,0.448
4507-16021-0031,3729,0,0.0145,0.613
4507-16021-0031,4446,0,-0.0895,0.6026
4507-16021-0031,4507,1,0.1112,0.5582
4507-16021-0031,4970,0,0.0044,0.382
4507-16021-0031,4992,0,0.0923,0.6014
4507-16021-0031,5142,0,-0.0032,0.4852
4507-16021-0031,5683,0,0.1231,0.4771
4507-16021-0031,6829,0,-0.014,0.5368
4507-16021-0031,8463,0,0.0788,0.6221
4507-16021-0031,8555,0,0.0048,0.4379
4507-16021-0046,121,0,0.1219,0.6751
4507-16021-0046,1221,0,0.0245,0.5308
4507-16021-0046,1284,0,-0.0791,0.7004
4507-16021-0046,1580,0,0.0545,0.5676
4507-16021-0046,1995,0,-0.0442,0.7189
4507-16021-0046,2094,0,-0.078,0.626
4507-16021-0046,237,0,-0.069,0.5533
4507-16021-0046,2961,0,0.0756,0.7215
4507-16021-0046,3570,0,-0.019,0.588
4507-16021-0046,3575,0,-0.0686,0.4172
4507-16021-0046,3729,0,0.0587,0.6039
4507-16021-0046,4446,0,-0.0329,0.6206
4507-16021-0046,4507,1,0.0876,0.544
4507-16021-0046,4970,0,0.0137,0.3794
4507-16021-0046,4992,0,0.14,0.6012
4507-16021-0046,5142,0,-0.0344,0.4923
4507-16021-0046,5683,0,0.0005,0.4606
4507-16021-0046,6829,0,0.0188,0.5405
4507-16021-0046,8463,0,0.054,0.6251
4507-16021-0046,8555,0,0.0404,0.414
4507-16021-0052,121,0,0.0041,0.7307
4507-16021-0052,1221,0,-0.0372,0.5148
4507-16021-0052,1284,0,-0.0983,0.6339
4507-16021-0052,1580,0,-0.1037,0.5603
4507-16021-0052,1995,0,0.033,0.7256
4507-16021-0052,2094,0,-0.0904,0.6335
4507-16021-0052,237,0,-0.0533,0.5548
4507-16021-0052,2961,0,0.0744,0.8198
4507-16021-0052,3570,0,-0.0448,0.6659
4507-16021-0052,3575,0,-0.0649,0.435
4507-16021-0052,3729,0,-0.0109,0.6259
4507-16021-0052,4446,0,-0.1311,0.5807
4507-16021-0052,4507,1,0.1238,0.5798
4507-16021-0052,4970,0,-0.0608,0.3442
4507-16021-0052,4992,0,0.03,0.5986
4507-16021-0052,5142,0,0.0595,0.4642
4507-16021-0052,5683,0,0.0467,0.4538
4507-16021-0052,6829,0,-0.0088,0.5451
4507-16021-0052,8463,0,-0.0666,0.6167
4507-16021-0052,8555,0,-0.0323,0.4128
4507-16021-0053,121,0,0.1286,0.7184
4507-16021-0053,1221,0,0.0285,0.6458
4507-16021-0053,1284,0,-0.0032,0.7997
4507-16021-0053,1580,0,-0.0131,0.6744
4507-16021-0053,1995,0,-0.0196,0.7637
4507-16021-0053,2094,0,-0.0005,0.7295
4507-16021-0053,237,0,-0.0081,0.6014
4507-16021-0053,2961,0,-0.0317,0.6928
4507-16021-0053,3570,0,-0.1488,0.5591
4507-16021-0053,3575,0,0.0342,0.4633
4507-16021-0053,3729,0,0.004,0.7013
4507-16021-0053,4446,0,-0.0556,0.7311
4507-16021-0053,4507,1,0.155,0.6299
4507-16021-0053,4970,0,0.0332,0.4591
4507-16021-0053,4992,0,0.1565,0.7189
4507-16021-0053,5142,0,-0.0428,0.6279
4507-16021-0053,5683,0,0.1111,0.5756
4507-16021-0053,6829,0,0.0678,0.6487
4507-16021-0053,8463,0,0.15,0.7402
4507-16021-0053,8555,0,-0.0556,0.5059
4507-16021-0056,121,0,-0.02,0.6776
4507-16021-0056,1221,0,-0.017,0.5932
4507-16021-0056,1284,0,-0.0757,0.7552
4507-16021-0056,1580,0,0.0461,0.6095
4507-16021-0056,1995,0,-0.013,0.7484
4507-16021-0056,2094,0,-0.0749,0.6626
4507-16021-0056,237,0,-0.0676,0.5606
4507-16021-0056,2961,0,0.09,0.6876
4507-16021-0056,3570,0,-0.0211,0.5422
4507-16021-0056,3575,0,-0.0869,0.4119
4507-16021-0056,3729,0,0.0514,0.6444
4507-16021-0056,4446,0,-0.1199,0.6784
4507-16021-0056,4507,1,0.1651,0.5688
4507-16021-0056,4970,0,-0.025,0.3989
4507-16021-0056,4992,0,0.1419,0.6633
4507-16021-0056,5142,0,-0.0625,0.5641
4507-16021-0056,5683,0,0.0318,0.5162
4507-16021-0056,6829,0,0.0549,0.58
4507-16021-0056,8463,0,0.043,0.6747
4507-16021-0056,8555,0,-0.0441,0.4622
4507-16021-0057,121,0,0.038,0.7021
4507-16021-0057,1221,0,0.0183,0.5598
4507-16021-0057,1284,0,-0.0498,0.7228
4507-16021-0057,1580,0,-0.0427,0.6103
4507-16021-0057,1995,0,0.1036,0.7483
4507-16021-0057,2094,0,-0.0839,0.6709
4507-16021-0057,237,0,-0.0136,0.5667
4507-16021-0057,2961,0,-0.0351,0.7575
4507-16021-0057,3570,0,-0.043,0.6008
4507-16021-0057,3575,0,0.0103,0.4713
4507-16021-0057,3729,0,-0.0428,0.6245
4507-16021-0057,4446,0,-0.1045,0.6311
4507-16021-0057,4507,1,0.045,0.5811
4507-16021-0057,4970,0,-0.0012,0.4036
4507-16021-0057,4992,0,0.1348,0.6299
4507-16021-0057,5142,0,0.0897,0.5177
4507-16021-0057,5683,0,0.1055,0.5062
4507-16021-0057,6829,0,0.0373,0.5808
4507-16021-0057,8463,0,0.0807,0.6494
4507-16021-0057,8555,0,0.0345,0.4469
4970-29093-0002,121,0,0.0888,0.7331
4970-29093-0002,1221,0,0.039,0.526
4970-29093-0002,1284,0,-0.0533,0.6896
4970-29093-0002,1580,0,-0.0487,0.581
4970-29093-0002,1995,0,0.0143,0.7606
4970-29093-0002,2094,0,-0.0622,0.6444
4970-29093-0002,237,0,-0.0238,0.5599
4970-29093-0002,2961,0,0.1179,0.8152
4970-29093-0002,3570,0,-0.0192,0.6487
4970-29093-0002,3575,0,-0.023,0.4773
4970-29093-0002,3729,0,0.0096,0.6235
4970-29093-0002,4446,0,-0.0969,0.6004
4970-29093-0002,4507,0,0.075,0.5576
4970-29093-0002,4970,1,-0.0491,0.3751
4970-29093-0002,4992,0,0.1196,0.6045
4970-29093-0002,5142,0,-0.0157,0.4764
4970-29093-0002,5683,0,0.0799,0.4947
4970-29093-0002,6829,0,-0.0102,0.5382
4970-29093-0002,8463,0,0.045,0.6245
4970-29093-0002,8555,0,-0.0269,0.4344
4970-29093-0013,121,0,0.095,0.8002
4970-29093-0013,1221,0,0.0611,0.6745
4970-29093-0013,1284,0,-0.022,0.8166
4970-29093-0013,1580,0,0.0001,0.7473
4970-29093-0013,1995,0,-0.0831,0.7948
4970-29093-0013,2094,0,-0.0351,0.7629
4970-29093-0013,237,0,-0.0495,0.6616
4970-29093-0013,2961,0,0.152,0.831
4970-29093-0013,3570,0,-0.027,0.6933
4970-29093-0013,3575,0,-0.0589,0.5503
4970-29093-0013,3729,0,0.0047,0.7505
4970-29093-0013,4446,0,-0.1612,0.7501
4970-29093-0013,4507,0,0.0837,0.7022
4970-29093-0013,4970,1,-0.0214,0.4905
4970-29093-0013,4992,0,0.0434,0.7294
4970-29093-0013,5142,0,0.0251,0.6167
4970-29093-0013,5683,0,0.0496,0.6439
4970-29093-0013,6829,0,0.0946,0.6802
4970-29093-0013,8463,0,0.001,0.7331
4970-29093-0013,8555,0,0.0546,0.5515
4970-29093-0020,121,0,0.0367,0.7064
4970-29093-0020,1221,0,-0.0609,0.5285
4970-29093-0020,1284,0,-0.1416,0.6799
4970-29093-0020,1580,0,-0.1079,0.5864
4970-29093-0020,1995,0,0.0105,0.7151
4970-29093-0020,2094,0,-0.0415,0.6501
4970-29093-0020,237,0,-0.0404,0.5233
4970-29093-0020,2961,0,0.0868,0.7964
4970-29093-0020,3570,0,-0.0708,0.6087
4970-29093-0020,3575,0,0.0061,0.4433
4970-29093-0020,3729,0,0.0009,0.6328
4970-29093-0020,4446,0,-0.1231,0.6035
4970-29093-0020,4507,0,0.0876,0.5776
4970-29093-0020,4970,1,-0.1175,0.3546
4970-29093-0020,4992,0,0.027,0.6047
4970-29093-0020,5142,0,-0.0081,0.4893
4970-29093-0020,5683,0,0.1007,0.4977
4970-29093-0020,6829,0,0.0115,0.5735
4970-29093-0020,8463,0,-0.0252,0.6138
4970-29093-0020,8555,0,-0.0007,0.4145
4970-29095-0006,121,0,-0.0082,0.7057
4970-29095-0006,1221,0,0.0121,0.5798
4970-29095-0006,1284,0,-0.0694,0.759
4970-29095-0006,1580,0,0.0341,0.6382
4970-29095-0006,1995,0,-0.0244,0.7319
4970-29095-0006,2094,0,-0.0429,0.6827
4970-29095-0006,237,0,0.0105,0.5708
4970-29095-0006,2961,0,0.0712,0.7314
4970-29095-0006,3570,0,0.0107,0.5771
4970-29095-0006,3575,0,-0.0999,0.4561
4970-29095-0006,3729,0,-0.0767,0.6497
4970-29095-0006,4446,0,-0.1176,0.6712
4970-29095-0006,4507,0,0.0988,0.5908
4970-29095-0006,4970,1,-0.0191,0.4254
4970-29095-0006,4992,0,0.1224,0.6483
4970-29095-0006,5142,0,-0.0467,0.5533
4970-29095-0006,5683,0,0.0702,0.535
4970-29095-0006,6829,0,0.0489,0.5867
4970-29095-0006,8463,0,0.0923,0.6793
4970-29095-0006,8555,0,0.0054,0.4596
4970-29095-0007,121,0,-0.0022,0.7427
4970-29095-0007,1221,0,0.0628,0.6448
4970-29095-0007,1284,0,0.0688,0.8453
4970-29095-0007,1580,0,0.1172,0.7204
4970-29095-0007,1995,0,0.0533,0.7745
4970-29095-0007,2094,0,-0.0662,0.7325
4970-29095-0007,237,0,-0.0676,0.6527
4970-29095-0007,2961,0,0.1135,0.7375
4970-29095-0007,3570,0,0.0191,0.6245
4970-29095-0007,3575,0,-0.0254,0.5323
4970-29095-0007,3729,0,-0.0004,0.7088
4970-29095-0007,4446,0,0.0063,0.7495
4970-29095-0007,4507,0,0.1239,0.6376
4970-29095-0007,4970,1,0.0383,0.4897
4970-29095-0007,4992,0,0.1754,0.6881
4970-29095-0007,5142,0,-0.0113,0.5932
4970-29095-0007,5683,0,0.0487,0.6406
4970-29095-0007,6829,0,0.029,0.6298
4970-29095-0007,8463,0,0.1659,0.6896
4970-29095-0007,8555,0,-0.0171,0.5265
4970-29095-0020,121,0,0.0923,0.6995
4970-29095-0020,1221,0,0.0799,0.6093
4970-29095-0020,1284,0,-0.0866,0.7928
4970-29095-0020,1580,0,-0.0052,0.6583
4970-29095-0020,1995,0,-0.0257,0.7282
4970-29095-0020,2094,0,-0.0515,0.6778
4970-29095-0020,237,0,0.0278,0.599
4970-29095-0020,2961,0,0.1233,0.7252
4970-29095-0020,3570,0,-0.0077,0.59
4970-29095-0020,3575,0,-0.0217,0.4566
4970-29095-0020,3729,0,-0.0008,0.6709
4970-29095-0020,4446,0,-0.0358,0.7075
4970-29095-0020,4507,0,0.0745,0.6058
4970-29095-0020,4970,1,0.0236,0.4432
4970-29095-0020,4992,0,0.1267,0.6532
4970-29095-0020,5142,0,0.0698,0.57
4970-29095-0020,5683,0,0.1307,0.5661
4970-29095-0020,6829,0,0.0224,0.6083
4970-29095-0020,8463,0,0.0864,0.6652
4970-29095-0020,8555,0,-0.0184,0.4748
4970-29095-0024,121,0,0.118,0.6896
4970-29095-0024,1221,0,0.1124,0.5477
4970-29095-0024,1284,0,0.0117,0.7228
4970-29095-0024,1580,0,0.0746,0.5874
4970-29095-0024,1995,0,0.0682,0.72
4970-29095-0024,2094,0,-0.1194,0.6283
4970-29095-0024,237,0,-0.036,0.5329
4970-29095-0024,2961,0,0.1597,0.7537
4970-29095-0024,3570,0,0.0384,0.5797
4970-29095-0024,3575,0,0.0115,0.4349
4970-29095-0024,3729,0,0.0733,0.6247
4970-29095-0024,4446,0,-0.0713,0.6305
4970-29095-0024,4507,0,0.178,0.5564
4970-29095-0024,4970,1,0.0246,0.4009
4970-29095-0024,4992,0,0.0845,0.6174
4970-29095-0024,5142,0,-0.047,0.5188
4970-29095-0024,5683,0,0.0747,0.4891
4970-29095-0024,6829,0,0.0188,0.5694
4970-29095-0024,8463,0,0.0563,0.6582
4970-29095-0024,8555,0,-0.0199,0.4233
4970-29095-0026,121,0,0.0956,0.7782
4970-29095-0026,1221,0,0.0823,0.6014
4970-29095-0026,1284,0,-0.0492,0.7688
4970-29095-0026,1580,0,0.035,0.6774
4970-29095-0026,1995,0,0.0202,0.7571
4970-29095-0026,2094,0,-0.003,0.7216
4970-29095-0026,237,0,-0.0313,0.6074
4970-29095-0026,2961,0,0.212,0.8339
4970-29095-0026,3570,0,0.0383,0.6575
4970-29095-0026,3575,0,-0.0243,0.5134
4970-29095-0026,3729,0,0.0871,0.7073
4970-29095-0026,4446,0,-0.128,0.6946
4970-29095-0026,4507,0,0.1006,0.6422
4970-29095-0026,4970,1,-0.0151,0.4392
4970-29095-0026,4992,0,0.1187,0.6684
4970-29095-0026,5142,0,0.0061,0.549
4970-29095-0026,5683,0,0.0925,0.5737
4970-29095-0026,6829,0,0.0166,0.63
4970-29095-0026,8463,0,0.0642,0.6977
4970-29095-0026,8555,0,0.0645,0.4644
4970-29095-0027,121,0,0.106,0.7239
4970-29095-0027,1221,0,0.0311,0.6175
4970-29095-0027,1284,0,-0.0654,0.7987
4970-29095-0027,1580,0,0.0294,0.6751
4970-29095-0027,1995,0,0.012,0.762
4970-29095-0027,2094,0,0.0047,0.7074
4970-29095-0027,237,0,0.0133,0.6111
4970-29095-0027,2961,0,0.1405,0.7633
4970-29095-0027,3570,0,0.0748,0.6108
4970-29095-0027,3575,0,0.0261,0.5206
4970-29095-0027,3729,0,0.0257,0.6851
4970-29095-0027,4446,0,-0.1398,0.7067
4970-29095-0027,4507,0,0.1068,0.6197
4970-29095-0027,4970,1,0.0373,0.49
4970-29095-0027,4992,0,0.0533,0.6751
4970-29095-0027,5142,0,0.0601,0.5906
4970-29095-0027,5683,0,0.0433,0.5949
4970-29095-0027,6829,0,0.0563,0.6358
4970-29095-0027,8463,0,0.084,0.7033
4970-29095-0027,8555,0,0.0799,0.5083
4970-29095-0036,121,0,0.0892,0.7417
4970-29095-0036,1221,0,0.0466,0.5612
4970-29095-0036,1284,0,0.039,0.7203
4970-29095-0036,1580,0,0.0146,0.6114
4970-29095-0036,1995,0,-0.0063,0.7718
4970-29095-0036,2094,0,-0.0675,0.6365
4970-29095-0036,237,0,0.0188,0.6121
4970-29095-0036,2961,0,0.1151,0.8034
4970-29095-0036,3570,0,-0.0152,0.685
4970-29095-0036,3575,0,0.0273,0.4725
4970-29095-0036,3729,0,-0.0043,0.6536
4970-29095-0036,4446,0,-0.0936,0.6441
4970-29095-0036,4507,0,0.0844,0.5853
4970-29095-0036,4970,1,0.0009,0.4029
4970-29095-0036,4992,0,0.0866,0.6275
4970-29095-0036,5142,0,-0.0215,0.5119
4970-29095-0036,5683,0,0.0541,0.5321
4970-29095-0036,6829,0,0.0045,0.5414
4970-29095-0036,8463,0,0.1465,0.6384
4970-29095-0036,8555,0,0.0083,0.487
4992-23283-0004,121,0,0.0662,0.6942
4992-23283-0004,1221,0,-0.0134,0.5525
4992-23283-0004,1284,0,-0.0559,0.7729
4992-23283-0004,1580,0,0.0057,0.6445
4992-23283-0004,1995,0,0.0862,0.729
4992-23283-0004,2094,0,-0.0672,0.6586
4992-23283-0004,237,0,-0.1469,0.5544
4992-23283-0004,2961,0,0.0489,0.7276
4992-23283-0004,3570,0,-0.0135,0.5615
4992-23283-0004,3575,0,-0.0749,0.445
4992-23283-0004,3729,0,0.0363,0.6326
4992-23283-0004,4446,0,-0.0968,0.6667
4992-23283-0004,4507,0,0.116,0.561
4992-23283-0004,4970,0,-0.1286,0.3832
4992-23283-0004,4992,1,0.1628,0.6143
4992-23283-0004,5142,0,0.0312,0.5111
4992-23283-0004,5683,0,-0.0236,0.5457
4992-23283-0004,6829,0,0.0521,0.5511
4992-23283-0004,8463,0,0.0632,0.6233
4992-23283-0004,8555,0,-0.0275,0.4339
4992-23283-0011,121,0,0.1232,0.7025
4992-23283-0011,1221,0,-0.0086,0.5951
4992-23283-0011,1284,0,0.0196,0.8093
4992-23283-0011,1580,0,0.0197,0.7078
4992-23283-0011,1995,0,-0.0679,0.7473
4992-23283-0011,2094,0,-0.083,0.6963
4992-23283-0011,237,0,-0.0957,0.5962
4992-23283-0011,2961,0,0.0978,0.6739
4992-23283-0011,3570,0,-0.0616,0.5679
4992-23283-0011,3575,0,-0.027,0.5194
4992-23283-0011,3729,0,-0.0407,0.6325
4992-23283-0011,4446,0,-0.156,0.6943
4992-23283-0011,4507,0,0.0309,0.586
4992-23283-0011,4970,0,-0.0181,0.4457
4992-23283-0011,4992,1,0.0623,0.6393
4992-23283-0011,5142,0,-0.0019,0.5459
4992-23283-0011,5683,0,-0.015,0.6053
4992-23283-0011,6829,0,0.0922,0.5502
4992-23283-0011,8463,0,0.0843,0.6333
4992-23283-0011,8555,0,0.0033,0.5101
4992-23283-0013,121,0,0.0458,0.7767
4992-23283-0013,1221,0,-0.0007,0.6774
4992-23283-0013,1284,0,-0.0785,0.8143
4992-23283-0013,1580,0,0.072,0.6956
4992-23283-0013,1995,0,0.0464,0.8165
4992-23283-0013,2094,0,0.0724,0.7701
4992-23283-0013,237,0,-0.0772,0.6611
4992-23283-0013,2961,0,0.1048,0.7723
4992-23283-0013,3570,0,-0.0375,0.6259
4992-23283-0013,3575,0,-0.0799,0.4756
4992-23283-0013,3729,0,0.0727,0.7498
4992-23283-0013,4446,0,-0.1056,0.7645
4992-23283-0013,4507,0,0.1295,0.6595
4992-23283-0013,4970,0,-0.0297,0.4517
4992-23283-0013,4992,1,0.1079,0.7608
4992-23283-0013,5142,0,-0.0821,0.6392
4992-23283-0013,5683,0,-0.0235,0.5968
4992-23283-0013,6829,0,0.0382,0.6798
4992-23283-0013,8463,0,0.0758,0.7688
4992-23283-0013,8555,0,-0.019,0.5204
4992-41797-0007,121,0,0.0946,0.7388
4992-41797-0007,1221,0,0.0383,0.5885
4992-41797-0007,1284,0,-0.078,0.7385
4992-41797-0007,1580,0,-0.0246,0.6408
4992-41797-0007,1995,0,-0.0466,0.7777
4992-41797-0007,2094,0,-0.1122,0.6661
4992-41797-0007,237,0,-0.1048,0.5986
4992-41797-0007,2961,0,0.0708,0.7992
4992-41797-0007,3570,0,-0.0083,0.663
4992-41797-0007,3575,0,-0.0586,0.5212
4992-41797-0007,3729,0,-0.0459,0.6536
4992-41797-0007,4446,0,-0.0887,0.6524
4992-41797-0007,4507,0,0.1199,0.6084
4992-41797-0007,4970,0,0.0246,0.4652
4992-41797-0007,4992,1,0.0553,0.6517
4992-41797-0007,5142,0,0.0403,0.5558
4992-41797-0007,5683,0,0.0821,0.5575
4992-41797-0007,6829,0,-0.0009,0.5865
4992-41797-0007,8463,0,0.0736,0.6859
4992-41797-0007,8555,0,-0.0174,0.5184
4992-41797-0010,121,0,0.0711,0.7259
4992-41797-0010,1221,0,0.0856,0.6671
4992-41797-0010,1284,0,-0.0244,0.8128
4992-41797-0010,1580,0,-0.045,0.6766
4992-41797-0010,1995,0,-0.0527,0.7743
4992-41797-0010,2094,0,-0.0482,0.7229
4992-41797-0010,237,0,-0.0252,0.6273
4992-41797-0010,2961,0,0.0294,0.7239
4992-41797-0010,3570,0,-0.046,0.5836
4992-41797-0010,3575,0,-0.0008,0.4556
4992-41797-0010,3729,0,-0.0506,0.7179
4992-41797-0010,4446,0,-0.0333,0.7554
4992-41797-0010,4507,0,0.0503,0.6378
4992-41797-0010,4970,0,0.019,0.4717
4992-41797-0010,4992,1,0.112,0.7331
4992-41797-0010,5142,0,0.0948,0.6594
4992-41797-0010,5683,0,-0.0038,0.5835
4992-41797-0010,6829,0,0.1282,0.6552
4992-41797-0010,8463,0,0.1233,0.7594
4992-41797-0010,8555,0,0.118,0.5395
4992-41797-0017,121,0,0.0864,0.6881
4992-41797-0017,1221,0,0.1293,0.6163
4992-41797-0017,1284,0,0.026,0.78
4992-41797-0017,1580,0,0.0358,0.6297
4992-41797-0017,1995,0,0.0611,0.7765
4992-41797-0017,2094,0,0.0713,0.6811
4992-41797-0017,237,0,0.069,0.6015
4992-41797-0017,2961,0,0.1424,0.7126
4992-41797-0017,3570,0,0.0415,0.5621
4992-41797-0017,3575,0,0.0047,0.4507
4992-41797-0017,3729,0,0.0651,0.6648
4992-41797-0017,4446,0,0.0017,0.7022
4992-41797-0017,4507,0,0.1528,0.5862
4992-41797-0017,4970,0,0.0233,0.4576
4992-41797-0017,4992,1,0.1613,0.6839
4992-41797-0017,5142,0,0.0765,0.6112
4992-41797-0017,5683,0,0.186,0.5622
4992-41797-0017,6829,0,0.0878,0.613
4992-41797-0017,8463,0,0.0936,0.7029
4992-41797-0017,8555,0,-0.0503,0.5118
4992-41806-0003,121,0,0.1447,0.6935
4992-41806-0003,1221,0,0.029,0.6319
4992-41806-0003,1284,0,0.0012,0.7619
4992-41806-0003,1580,0,-0.0348,0.6204
4992-41806-0003,1995,0,0.0148,0.7585
4992-41806-0003,2094,0,0.0158,0.6571
4992-41806-0003,237,0,-0.0257,0.6077
4992-41806-0003,2961,0,0.1651,0.7213
4992-41806-0003,3570,0,0.0862,0.5856
4992-41806-0003,3575,0,0.04,0.4525
4992-41806-0003,3729,0,0.0241,0.6753
4992-41806-0003,4446,0,-0.0623,0.6979
4992-41806-0003,4507,0,0.1949,0.6115
4992-41806-0003,4970,0,0.0639,0.494
4992-41806-0003,4992,1,0.065,0.6839
4992-41806-0003,5142,0,0.034,0.6389
4992-41806-0003,5683,0,0.0378,0.5623
4992-41806-0003,6829,0,0.084,0.6179
4992-41806-0003,8463,0,0.1047,0.7249
4992-41806-0003,8555,0,-0.0061,0.5432
4992-41806-0008,121,0,0.1422,0.6758
4992-41806-0008,1221,0,0.1411,0.5722
4992-41806-0008,1284,0,-0.0864,0.7476
4992-41806-0008,1580,0,-0.0172,0.5939
4992-41806-0008,1995,0,-0.0333,0.7327
4992-41806-0008,2094,0,-0.1236,0.6489
4992-41806-0008,237,0,-0.0372,0.549
4992-41806-0008,2961,0,0.0041,0.6975
4992-41806-0008,3570,0,-0.0708,0.5503
4992-41806-0008,3575,0,0.0395,0.4208
4992-41806-0008,3729,0,0.0926,0.6315
4992-41806-0008,4446,0,-0.0973,0.6593
4992-41806-0008,4507,0,0.0942,0.5569
4992-41806-0008,4970,0,-0.0549,0.4076
4992-41806-0008,4992,1,0.0926,0.6409
4992-41806-0008,5142,0,0.0507,0.5519
4992-41806-0008,5683,0,0.0799,0.4991
4992-41806-0008,6829,0,0.0397,0.5742
4992-41806-0008,8463,0,0.0998,0.6677
4992-41806-0008,8555,0,0.033,0.447
4992-41806-0013,121,0,0.2042,0.7621
4992-41806-0013,1221,0,0.0906,0.5646
4992-41806-0013,1284,0,-0.0099,0.7563
4992-41806-0013,1580,0,0.1047,0.6446
4992-41806-0013,1995,0,0.0182,0.7697
4992-41806-0013,2094,0,0.023,0.6939
4992-41806-0013,237,0,0.0177,0.5862
4992-41806-0013,2961,0,0.1474,0.7978
4992-41806-0013,3570,0,0.0759,0.6296
4992-41806-0013,3575,0,-0.035,0.48
4992-41806-0013,3729,0,0.1156,0.6687
4992-41806-0013,4446,0,-0.0819,0.6628
4992-41806-0013,4507,0,0.1824,0.5766
4992-41806-0013,4970,0,-0.054,0.3717
4992-41806-0013,4992,1,0.1045,0.6473
4992-41806-0013,5142,0,-0.0495,0.4898
4992-41806-0013,5683,0,0.0818,0.5413
4992-41806-0013,6829,0,0.0446,0.5658
4992-41806-0013,8463,0,0.1446,0.6685
4992-41806-0013,8555,0,-0.0066,0.4199
4992-41806-0017,121,0,0.1011,0.7118
4992-41806-0017,1221,0,0.1581,0.6017
4992-41806-0017,1284,0,0.0055,0.7861
4992-41806-0017,1580,0,0.064,0.6479
4992-41806-0017,1995,0,-0.037,0.7591
4992-41806-0017,2094,0,-0.0837,0.6844
4992-41806-0017,237,0,0.0801,0.609
4992-41806-0017,2961,0,0.126,0.7363
4992-41806-0017,3570,0,0.0289,0.5994
4992-41806-0017,3575,0,0.0347,0.4932
4992-41806-0017,3729,0,0.048,0.6571
4992-41806-0017,4446,0,-0.0283,0.6866
4992-41806-0017,4507,0,0.1541,0.5884
4992-41806-0017,4970,0,-0.0165,0.4602
4992-41806-0017,4992,1,0.1759,0.6547
4992-41806-0017,5142,0,0.0291,0.5537
4992-41806-0017,5683,0,0.1469,0.561
4992-41806-0017,6829,0,0.096,0.6051
4992-41806-0017,8463,0,0.1106,0.6822
4992-41806-0017,8555,0,0.0353,0.4668
5105-28233-0001,1089,0,0.054,0.815
5105-28233-0001,1188,0,0.2107,0.7971
5105-28233-0001,1320,0,0.1144,0.7555
5105-28233-0001,2300,0,0.048,0.6038
5105-28233-0001,260,0,0.0488,0.8271
5105-28233-0001,2830,0,0.0491,0.7246
5105-28233-0001,4077,0,0.0433,0.7956
5105-28233-0001,5105,1,0.0327,0.7833
5105-28233-0001,5639,0,0.0974,0.9035
5105-28233-0001,61,0,0.0335,0.7615
5105-28233-0001,672,0,0.095,0.8699
5105-28233-0001,6930,0,-0.0167,0.7784
5105-28233-0001,7021,0,0.0873,0.7465
5105-28233-0001,7127,0,0.0872,0.6959
5105-28233-0001,7176,0,-0.0852,0.7311
5105-28233-0001,7729,0,0.121,0.8166
5105-28233-0001,8224,0,0.0365,0.8109
5105-28233-0001,8230,0,0.0556,0.7477
5105-28233-0001,8455,0,0.018,0.7466
5105-28233-0001,908,0,-0.0863,0.8485
5105-28233-0004,1089,0,0.11,0.78
5105-28233-0004,1188,0,0.3158,0.8153
5105-28233-0004,1320,0,0.1451,0.7262
5105-28233-0004,2300,0,0.0724,0.5647
5105-28233-0004,260,0,-0.0001,0.8389
5105-28233-0004,2830,0,0.1482,0.7797
5105-28233-0004,4077,0,0.1065,0.7593
5105-28233-0004,5105,1,0.0894,0.772
5105-28233-0004,5639,0,0.2167,0.8836
5105-28233-0004,61,0,0.1717,0.8174
5105-28233-0004,672,0,0.1444,0.8419
5105-28233-0004,6930,0,-0.0357,0.8032
5105-28233-0004,7021,0,0.039,0.7102
5105-28233-0004,7127,0,0.0749,0.6695
5105-28233-0004,7176,0,-0.0044,0.7843
5105-28233-0004,7729,0,0.3144,0.8229
5105-28233-0004,8224,0,-0.0146,0.8193
5105-28233-0004,8230,0,0.0847,0.7948
5105-28233-0004,8455,0,-0.0318,0.7198
5105-28233-0004,908,0,-0.0637,0.83
5105-28240-0006,1089,0,0.0296,0.7889
5105-28240-0006,1188,0,0.1265,0.8014
5105-28240-0006,1320,0,-0.0109,0.743
5105-28240-0006,2300,0,0.0104,0.6069
5105-28240-0006,260,0,-0.0077,0.8275
5105-28240-0006,2830,0,0.0488,0.7437
5105-28240-0006,4077,0,0.1129,0.7317
5105-28240-0006,5105,1,0.03,0.7878
5105-28240-0006,5639,0,0.078,0.8593
5105-28240-0006,61,0,0.1057,0.7854
5105-28240-0006,672,0,0.1163,0.8457
5105-28240-0006,6930,0,-0.0378,0.7687
5105-28240-0006,7021,0,-0.0362,0.7654
5105-28240-0006,7127,0,0.1043,0.663
5105-28240-0006,7176,0,-0.124,0.7328
5105-28240-0006,7729,0,0.2148,0.821
5105-28240-0006,8224,0,0.0619,0.7915
5105-28240-0006,8230,0,-0.0393,0.7571
5105-28240-0006,8455,0,-0.0406,0.7077
5105-28240-0006,908,0,0.0179,0.8673
5105-28240-0007,1089,0,0.0255,0.7141
5105-28240-0007,1188,0,0.0173,0.7086
5105-28240-0007,1320,0,-0.1466,0.6246
5105-28240-0007,2300,0,0.0175,0.4226
5105-28240-0007,260,0,0.0077,0.7505
5105-28240-0007,2830,0,0.0176,0.6783
5105-28240-0007,4077,0,0.044,0.6951
5105-28240-0007,5105,1,0.0269,0.6793
5105-28240-0007,5639,0,0.2836,0.9001
5105-28240-0007,61,0,-0.0558,0.6991
5105-28240-0007,672,0,0.1145,0.7912
5105-28240-0007,6930,0,0.03,0.7053
5105-28240-0007,7021,0,-0.1015,0.6089
5105-28240-0007,7127,0,0.0274,0.5821
5105-28240-0007,7176,0,-0.0913,0.6645
5105-28240-0007,7729,0,0.0761,0.7337
5105-28240-0007,8224,0,0.1036,0.7898
5105-28240-0007,8230,0,0.0251,0.6991
5105-28240-0007,8455,0,-0.0296,0.5998
5105-28240-0007,908,0,-0.0994,0.7728
5105-28240-0009,1089,0,0.1073,0.852
5105-28240-0009,1188,0,0.1885,0.8535
5105-28240-0009,1320,0,0.008,0.7672
5105-28240-0009,2300,0,0.0381,0.5537
5105-28240-0009,260,0,0.0569,0.8847
5105-28240-0009,2830,0,0.1805,0.8087
5105-28240-0009,4077,0,0.0998,0.7876
5105-28240-0009,5105,1,0.0947,0.8147
5105-28240-0009,5639,0,0.2579,0.927
5105-28240-0009,61,0,0.1493,0.8543
5105-28240-0009,672,0,0.1555,0.9108
5105-28240-0009,6930,0,-0.0566,0.8202
5105-28240-0009,7021,0,0.0097,0.7544
5105-28240-0009,7127,0,0.0848,0.6994
5105-28240-0009,7176,0,-0.0854,0.8413
5105-28240-0009,7729,0,0.1164,0.8303
5105-28240-0009,8224,0,0.0627,0.8369
5105-28240-0009,8230,0,0.1345,0.8622
5105-28240-0009,8455,0,0.0287,0.7415
5105-28240-0009,908,0,-0.0606,0.8884
5105-28240-0012,1089,0,0.04,0.8182
5105-28240-0012,1188,0,0.1519,0.7944
5105-28240-0012,1320,0,-0.0375,0.7516
5105-28240-0012,2300,0,-0.0868,0.641
5105-28240-0012,260,0,-0.0663,0.8049
5105-28240-0012,2830,0,0.05,0.7001
5105-28240-0012,4077,0,0.1476,0.7967
5105-28240-0012,5105,1,0.0487,0.7833
5105-28240-0012,5639,0,0.0668,0.8842
5105-28240-0012,61,0,0.0303,0.7584
5105-28240-0012,672,0,0.0523,0.8535
5105-28240-0012,6930,0,-0.1158,0.7139
5105-28240-0012,7021,0,-0.0943,0.7658
5105-28240-0012,7127,0,0.1194,0.7056
5105-28240-0012,7176,0,-0.0718,0.7056
5105-28240-0012,7729,0,0.1281,0.8578
5105-28240-0012,8224,0,-0.0495,0.7875
5105-28240-0012,8230,0,0.0863,0.7311
5105-28240-0012,8455,0,0.0697,0.7182
5105-28240-0012,908,0,-0.0759,0.8599
5105-28240-0016,1089,0,0.0148,0.8532
5105-28240-0016,1188,0,0.1331,0.8768
5105-28240-0016,1320,0,-0.0257,0.7665
5105-28240-0016,2300,0,0.0418,0.5869
5105-28240-0016,260,0,0.0795,0.8981
5105-28240-0016,2830,0,0.1524,0.8295
5105-28240-0016,4077,0,0.0952,0.8054
5105-28240-0016,5105,1,0.0666,0.8273
5105-28240-0016,5639,0,0.1327,0.9144
5105-28240-0016,61,0,0.1206,0.9044
5105-28240-0016,672,0,0.249,0.9037
5105-28240-0016,6930,0,0.0227,0.8055
5105-28240-0016,7021,0,0.0075,0.7706
5105-28240-0016,7127,0,0.0556,0.7142
5105-28240-0016,7176,0,-0.0942,0.8768
5105-28240-0016,7729,0,0.1591,0.8748
5105-28240-0016,8224,0,0.0203,0.8321
5105-28240-0016,8230,0,0.0641,0.8797
5105-28240-0016,8455,0,0.0417,0.7341
5105-28240-0016,908,0,-0.0771,0.8929
5105-28240-0022,1089,0,0.1362,0.8163
5105-28240-0022,1188,0,0.1536,0.8148
5105-28240-0022,1320,0,-0.0118,0.7572
5105-28240-0022,2300,0,-0.018,0.6252
5105-28240-0022,260,0,0.028,0.8264
5105-28240-0022,2830,0,0.0626,0.7604
5105-28240-0022,4077,0,0.198,0.8169
5105-28240-0022,5105,1,0.0266,0.8025
5105-28240-0022,5639,0,0.1707,0.916
5105-28240-0022,61,0,0.0678,0.7821
5105-28240-0022,672,0,0.0853,0.8502
5105-28240-0022,6930,0,-0.0183,0.7312
5105-28240-0022,7021,0,-0.0149,0.7635
5105-28240-0022,7127,0,0.0975,0.7457
5105-28240-0022,7176,0,-0.037,0.7395
5105-28240-0022,7729,0,0.1179,0.8901
5105-28240-0022,8224,0,-0.0999,0.7752
5105-28240-0022,8230,0,-0.0176,0.7597
5105-28240-0022,8455,0,0.045,0.7
5105-28240-0022,908,0,-0.0303,0.8549
5105-28240-0024,1089,0,0.1008,0.8165
5105-28240-0024,1188,0,0.0752,0.8577
5105-28240-0024,1320,0,0.0383,0.7574
5105-28240-0024,2300,0,0.0517,0.5915
5105-28240-0024,260,0,-0.0322,0.8739
5105-28240-0024,2830,0,0.1024,0.7861
5105-28240-0024,4077,0,0.0699,0.8158
5105-28240-0024,5105,1,0.0067,0.7856
5105-28240-0024,5639,0,0.1489,0.9079
5105-28240-0024,61,0,0.0938,0.822
5105-28240-0024,672,0,0.0778,0.8734
5105-28240-0024,6930,0,-0.0985,0.7883
5105-28240-0024,7021,0,0.0113,0.7269
5105-28240-0024,7127,0,0.1726,0.7155
5105-28240-0024,7176,0,-0.1568,0.8105
5105-28240-0024,7729,0,0.0827,0.8532
5105-28240-0024,8224,0,0.1041,0.8253
5105-28240-0024,8230,0,0.0245,0.8117
5105-28240-0024,8455,0,0.0431,0.7618
5105-28240-0024,908,0,-0.0571,0.8479
5105-28241-0005,1089,0,0.0155,0.8142
5105-28241-0005,1188,0,0.0989,0.8338
5105-28241-0005,1320,0,0.0511,0.7785
5105-28241-0005,2300,0,0.0931,0.6698
5105-28241-0005,260,0,0.0236,0.859
5105-28241-0005,2830,0,-0.0163,0.7516
5105-28241-0005,4077,0,0.0535,0.7971
5105-28241-0005,5105,1,-0.0479,0.8196
5105-28241-0005,5639,0,0.049,0.875
5105-28241-0005,61,0,0.0182,0.814
5105-28241-0005,672,0,0.2086,0.8739
5105-28241-0005,6930,0,-0.0127,0.7999
5105-28241-0005,7021,0,-0.0229,0.7937
5105-28241-0005,7127,0,0.122,0.7067
5105-28241-0005,7176,0,-0.1402,0.7758
5105-28241-0005,7729,0,0.147,0.8447
5105-28241-0005,8224,0,0.0673,0.8492
5105-28241-0005,8230,0,-0.0486,0.7736
5105-28241-0005,8455,0,0.0567,0.7747
5105-28241-0005,908,0,-0.075,0.8701
5142-33396-0012,121,0,0.0476,0.675
5142-33396-0012,1221,0,0.1025,0.5908
5142-33396-0012,1284,0,0.011,0.7851
5142-33396-0012,1580,0,0.1209,0.6353
5142-33396-0012,1995,0,0.2229,0.7912
5142-33396-0012,2094,0,0.0137,0.6607
5142-33396-0012,237,0,-0.0536,0.5955
5142-33396-0012,2961,0,0.0675,0.7172
5142-33396-0012,3570,0,-0.01,0.5442
5142-33396-0012,3575,0,-0.0348,0.4628
5142-33396-0012,3729,0,0.0482,0.6136
5142-33396-0012,4446,0,0.002,0.672
5142-33396-0012,4507,0,0.114,0.5355
5142-33396-0012,4970,0,-0.1135,0.4375
5142-33396-0012,4992,0,0.1669,0.659
5142-33396-0012,5142,1,-0.0578,0.5614
5142-33396-0012,5683,0,0.0328,0.5591
5142-33396-0012,6829,0,0.0072,0.5683
5142-33396-0012,8463,0,0.1103,0.676
5142-33396-0012,8555,0,0.0536,0.4889
5142-33396-0015,121,0,0.0503,0.6714
5142-33396-0015,1221,0,0.0184,0.6171
5142-33396-0015,1284,0,0.0195,0.8199
5142-33396-0015,1580,0,-0.0164,0.6883
5142-33396-0015,1995,0,0.0037,0.7243
5142-33396-0015,2094,0,-0.0195,0.7036
5142-33396-0015,237,0,0.0086,0.5712
5142-33396-0015,2961,0,0.1994,0.6543
5142-33396-0015,3570,0,-0.0238,0.5096
5142-33396-0015,3575,0,0.0479,0.4542
5142-33396-0015,3729,0,0.0507,0.6586
5142-33396-0015,4446,0,-0.1016,0.7259
5142-33396-0015,4507,0,0.1332,0.5904
5142-33396-0015,4970,0,-0.0425,0.4555
5142-33396-0015,4992,0,0.1278,0.6754
5142-33396-0015,5142,1,0.0236,0.6047
5142-33396-0015,5683,0,0.0308,0.5808
5142-33396-0015,6829,0,0.0956,0.6164
5142-33396-0015,8463,0,0.1114,0.6908
5142-33396-0015,8555,0,0.057,0.4887
5142-33396-0019,121,0,0.0171,0.6664
5142-33396-0019,1221,0,0.049,0.6138
5142-33396-0019,1284,0,0.114,0.8009
5142-33396-0019,1580,0,0.0463,0.6185
5142-33396-0019,1995,0,0.1492,0.7685
5142-33396-0019,2094,0,-0.0001,0.6828
5142-33396-0019,237,0,-0.0021,0.5974
5142-33396-0019,2961,0,0.0585,0.6782
5142-33396-0019,3570,0,-0.0081,0.5207
5142-33396-0019,3575,0,0.0222,0.4255
5142-33396-0019,3729,0,-0.0084,0.6509
5142-33396-0019,4446,0,-0.0382,0.7099
5142-33396-0019,4507,0,0.0768,0.5498
5142-33396-0019,4970,0,-0.0086,0.4383
5142-33396-0019,4992,0,0.1404,0.6806
5142-33396-0019,5142,1,0.0016,0.5928
5142-33396-0019,5683,0,0.0649,0.5446
5142-33396-0019,6829,0,0.077,0.6064
5142-33396-0019,8463,0,0.1815,0.7
5142-33396-0019,8555,0,0.049,0.4717
5142-33396-0024,121,0,-0.0082,0.7061
5142-33396-0024,1221,0,-0.014,0.5937
5142-33396-0024,1284,0,0.0005,0.7849
5142-33396-0024,1580,0,0.0122,0.6343
5142-33396-0024,1995,0,0.0134,0.7452
5142-33396-0024,2094,0,0.108,0.6812
5142-33396-0024,237,0,-0.0036,0.5915
5142-33396-0024,2961,0,0.1814,0.7604
5142-33396-0024,3570,0,0.0384,0.5877
5142-33396-0024,3575,0,-0.0015,0.4431
5142-33396-0024,3729,0,-0.0605,0.6624
5142-33396-0024,4446,0,-0.0894,0.6943
5142-33396-0024,4507,0,0.1373,0.5815
5142-33396-0024,4970,0,0.0061,0.4311
5142-33396-0024,4992,0,0.0783,0.6549
5142-33396-0024,5142,1,0.0448,0.5659
5142-33396-0024,5683,0,0.0716,0.5387
5142-33396-0024,6829,0,0.0266,0.605
5142-33396-0024,8463,0,0.1466,0.6847
5142-33396-0024,8555,0,-0.0158,0.4559
5142-33396-0032,121,0,0.054,0.7628
5142-33396-0032,1221,0,0.1489,0.6253
5142-33396-0032,1284,0,0.0154,0.8153
5142-33396-0032,1580,0,0.0333,0.7181
5142-33396-0032,1995,0,0.0586,0.7608
5142-33396-0032,2094,0,-0.0147,0.7216
5142-33396-0032,237,0,-0.0447,0.6151
5142-33396-0032,2961,0,0.1261,0.7811
5142-33396-0032,3570,0,0.016,0.6262
5142-33396-0032,3575,0,0.0214,0.5272
5142-33396-0032,3729,0,0.0464,0.7029
5142-33396-0032,4446,0,-0.1199,0.7216
5142-33396-0032,4507,0,0.1197,0.6274
5142-33396-0032,4970,0,0.0045,0.4529
5142-33396-0032,4992,0,0.1593,0.6786
5142-33396-0032,5142,1,0.0781,0.5559
5142-33396-0032,5683,0,0.1064,0.6165
5142-33396-0032,6829,0,-0.0306,0.6165
5142-33396-0032,8463,0,0.1144,0.6979
5142-33396-0032,8555,0,0.0369,0.4845
5142-33396-0054,121,0,0.0925,0.6825
5142-33396-0054,1221,0,0.1004,0.5609
5142-33396-0054,1284,0,0.0865,0.7501
5142-33396-0054,1580,0,-0.0276,0.6144
5142-33396-0054,1995,0,0.0753,0.7162
5142-33396-0054,2094,0,0.0191,0.665
5142-33396-0054,237,0,0.0154,0.5472
5142-33396-0054,2961,0,0.1019,0.7371
5142-33396-0054,3570,0,-0.0355,0.553
5142-33396-0054,3575,0,-0.0357,0.4274
5142-33396-0054,3729,0,0.0724,0.6386
5142-33396-0054,4446,0,-0.1153,0.6649
5142-33396-0054,4507,0,0.0966,0.5717
5142-33396-0054,4970,0,-0.1311,0.4071
5142-33396-0054,4992,0,0.0746,0.6292
5142-33396-0054,5142,1,-0.0176,0.5441
5142-33396-0054,5683,0,0.0815,0.505
5142-33396-0054,6829,0,0.014,0.5965
5142-33396-0054,8463,0,0.1175,0.6676
5142-33396-0054,8555,0,-0.0237,0.4255
5142-36377-0001,121,0,0.1396,0.7489
5142-36377-0001,1221,0,0.1247,0.5542
5142-36377-0001,1284,0,-0.0135,0.7472
5142-36377-0001,1580,0,0.0791,0.6547
5142-36377-0001,1995,0,0.0908,0.7564
5142-36377-0001,2094,0,-0.0362,0.6743
5142-36377-0001,237,0,0.0101,0.5829
5142-36377-0001,2961,0,0.1752,0.8297
5142-36377-0001,3570,0,0.0169,0.6577
5142-36377-0001,3575,0,-0.0327,0.5232
5142-36377-0001,3729,0,0.0112,0.6496
5142-36377-0001,4446,0,-0.2165,0.6444
5142-36377-0001,4507,0,0.0803,0.5916
5142-36377-0001,4970,0,-0.1512,0.4242
5142-36377-0001,4992,0,0.0167,0.6216
5142-36377-0001,5142,1,-0.039,0.505
5142-36377-0001,5683,0,0.0627,0.5541
5142-36377-0001,6829,0,0.0784,0.5693
5142-36377-0001,8463,0,0.0745,0.6474
5142-36377-0001,8555,0,-0.0331,0.4634
5142-36377-0006,121,0,0.088,0.6618
5142-36377-0006,1221,0,0.1003,0.5511
5142-36377-0006,1284,0,0.0026,0.7594
5142-36377-0006,1580,0,0.0541,0.6116
5142-36377-0006,1995,0,0.0797,0.7492
5142-36377-0006,2094,0,-0.0254,0.6809
5142-36377-0006,237,0,0.0787,0.5658
5142-36377-0006,2961,0,0.0977,0.6949
5142-36377-0006,3570,0,-0.0259,0.5452
5142-36377-0006,3575,0,0.0387,0.4682
5142-36377-0006,3729,0,0.0026,0.5901
5142-36377-0006,4446,0,-0.142,0.6416
5142-36377-0006,4507,0,0.0704,0.5319
5142-36377-0006,4970,0,0.0459,0.4162
5142-36377-0006,4992,0,0.0734,0.6212
5142-36377-0006,5142,1,0.0076,0.5147
5142-36377-0006,5683,0,0.1083,0.5027
5142-36377-0006,6829,0,0.076,0.5683
5142-36377-0006,8463,0,0.0473,0.6416
5142-36377-0006,8555,0,-0.0065,0.4292
5142-36377-0018,121,0,0.0544,0.6519
5142-36377-0018,1221,0,0.0024,0.5656
5142-36377-0018,1284,0,0.0178,0.7476
5142-36377-0018,1580,0,0.0302,0.5809
5142-36377-0018,1995,0,0.0514,0.7434
5142-36377-0018,2094,0,0.0345,0.6641
5142-36377-0018,237,0,0.0112,0.5481
5142-36377-0018,2961,0,0.061,0.6912
5142-36377-0018,3570,0,-0.0087,0.5183
5142-36377-0018,3575,0,-0.0331,0.4505
5142-36377-0018,3729,0,-0.0596,0.6075
5142-36377-0018,4446,0,-0.0473,0.6418
5142-36377-0018,4507,0,0.0813,0.5336
5142-36377-0018,4970,0,-0.0278,0.4444
5142-36377-0018,4992,0,0.0621,0.6402
5142-36377-0018,5142,1,-0.0316,0.5597
5142-36377-0018,5683,0,0.0825,0.5082
5142-36377-0018,6829,0,0.0946,0.5927
5142-36377-0018,8463,0,0.1264,0.6787
5142-36377-0018,8555,0,-0.0098,0.4452
5142-36377-0023,121,0,0.0288,0.7257
5142-36377-0023,1221,0,0.0079,0.6001
5142-36377-0023,1284,0,-0.0413,0.7862
5142-36377-0023,1580,0,0.0164,0.6823
5142-36377-0023,1995,0,0.0371,0.723
5142-36377-0023,2094,0,0.0084,0.6833
5142-36377-0023,237,0,0.0479,0.594
5142-36377-0023,2961,0,0.108,0.7836
5142-36377-0023,3570,0,-0.0417,0.6301
5142-36377-0023,3575,0,-0.0664,0.4597
5142-36377-0023,3729,0,-0.0264,0.6778
5142-36377-0023,4446,0,-0.073,0.7028
5142-36377-0023,4507,0,0.059,0.621
5142-36377-0023,4970,0,0.0572,0.4176
5142-36377-0023,4992,0,0.0215,0.6457
5142-36377-0023,5142,1,0.0383,0.533
5142-36377-0023,5683,0,0.0965,0.5554
5142-36377-0023,6829,0,0.0623,0.6212
5142-36377-0023,8463,0,0.0038,0.6468
5142-36377-0023,8555,0,-0.0158,0.4448
5639-40744-0002,1089,0,0.0181,0.707
5639-40744-0002,1188,0,0.0946,0.6908
5639-40744-0002,1320,0,-0.0268,0.6361
5639-40744-0002,2300,0,0.0086,0.5287
5639-40744-0002,260,0,0.0129,0.7444
5639-40744-0002,2830,0,0.0114,0.6141
5639-40744-0002,4077,0,0.1479,0.7623
5639-40744-0002,5105,0,0.0185,0.6917
5639-40744-0002,5639,1,0.15,0.8887
5639-40744-0002,61,0,0.0969,0.7252
5639-40744-0002,672,0,0.1015,0.7757
5639-40744-0002,6930,0,-0.0909,0.6664
5639-40744-0002,7021,0,-0.0559,0.6528
5639-40744-0002,7127,0,0.1169,0.6016
5639-40744-0002,7176,0,-0.0753,0.6844
5639-40744-0002,7729,0,0.2258,0.8199
5639-40744-0002,8224,0,0.0364,0.782
5639-40744-0002,8230,0,-0.034,0.6527
5639-40744-0002,8455,0,0.0197,0.6206
5639-40744-0002,908,0,-0.0747,0.8087
5639-40744-0007,1089,0,0.0903,0.773
5639-40744-0007,1188,0,0.1922,0.7484
5639-40744-0007,1320,0,0.0046,0.6922
5639-40744-0007,2300,0,0.0063,0.5401
5639-40744-0007,260,0,0.1174,0.789
5639-40744-0007,2830,0,0.0798,0.6659
5639-40744-0007,4077,0,0.1652,0.7257
5639-40744-0007,5105,0,-0.0039,0.7217
5639-40744-0007,5639,1,0.2216,0.8641
5639-40744-0007,61,0,0.1073,0.7269
5639-40744-0007,672,0,0.1826,0.8302
5639-40744-0007,6930,0,0.0676,0.7356
5639-40744-0007,7021,0,0.0611,0.6906
5639-40744-0007,7127,0,0.0458,0.6116
5639-40744-0007,7176,0,-0.0611,0.6859
5639-40744-0007,7729,0,0.0591,0.761
5639-40744-0007,8224,0,0.0611,0.791
5639-40744-0007,8230,0,0.0503,0.7211
5639-40744-0007,8455,0,0.096,0.69
5639-40744-0007,908,0,-0.0243,0.8268
5639-40744-0012,1089,0,0.0743,0.7583
5639-40744-0012,1188,0,0.1898,0.777
5639-40744-0012,1320,0,0.1256,0.6831
5639-40744-0012,2300,0,0.0847,0.4882
5639-40744-0012,260,0,0.0,0.8185
5639-40744-0012,2830,0,0.1004,0.7306
5639-40744-0012,4077,0,0.0374,0.7462
5639-40744-0012,5105,0,0.0496,0.7352
5639-40744-0012,5639,1,0.243,0.921
5639-40744-0012,61,0,0.1621,0.7789
5639-40744-0012,672,0,0.2018,0.8412
5639-40744-0012,6930,0,-0.0057,0.7474
5639-40744-0012,7021,0,-0.0204,0.6682
5639-40744-0012,7127,0,0.1488,0.6272
5639-40744-0012,7176,0,-0.0339,0.7623
5639-40744-0012,7729,0,0.138,0.7855
5639-40744-0012,8224,0,0.0749,0.848
5639-40744-0012,8230,0,0.0667,0.7608
5639-40744-0012,8455,0,-0.0376,0.6618
5639-40744-0012,908,0,0.0136,0.8293
5639-40744-0013,1089,0,0.088,0.6774
5639-40744-0013,1188,0,0.2201,0.7069
5639-40744-0013,1320,0,-0.0168,0.5997
5639-40744-0013,2300,0,0.0483,0.397
5639-40744-0013,260,0,0.0363,0.7216
5639-40744-0013,2830,0,0.1526,0.6631
5639-40744-0013,4077,0,0.0537,0.6127
5639-40744-0013,5105,0,0.1097,0.6479
5639-40744-0013,5639,1,0.1942,0.8478
5639-40744-0013,61,0,0.1113,0.6618
5639-40744-0013,672,0,0.1781,0.7777
5639-40744-0013,6930,0,-0.0542,0.6798
5639-40744-0013,7021,0,0.0506,0.5792
5639-40744-0013,7127,0,0.1753,0.5231
5639-40744-0013,7176,0,-0.1494,0.6292
5639-40744-0013,7729,0,0.0364,0.6507
5639-40744-0013,8224,0,0.1275,0.8427
5639-40744-0013,8230,0,0.1223,0.6784
5639-40744-0013,8455,0,0.0499,0.5841
5639-40744-0013,908,0,-0.1166,0.7281
5639-40744-0014,1089,0,0.1422,0.7307
5639-40744-0014,1188,0,0.2175,0.7635
5639-40744-0014,1320,0,0.0679,0.6317
5639-40744-0014,2300,0,0.1361,0.441
5639-40744-0014,260,0,0.0377,0.7938
5639-40744-0014,2830,0,0.1708,0.7063
5639-40744-0014,4077,0,0.0942,0.6826
5639-40744-0014,5105,0,0.051,0.6875
5639-40744-0014,5639,1,0.1763,0.8901
5639-40744-0014,61,0,0.2409,0.7636
5639-40744-0014,672,0,0.1439,0.8226
5639-40744-0014,6930,0,0.027,0.7048
5639-40744-0014,7021,0,-0.0048,0.6293
5639-40744-0014,7127,0,0.1686,0.5596
5639-40744-0014,7176,0,-0.0253,0.7303
5639-40744-0014,7729,0,0.0784,0.7391
5639-40744-0014,8224,0,0.0869,0.8299
5639-40744-0014,8230,0,0.0681,0.7564
5639-40744-0014,8455,0,0.0611,0.6273
5639-40744-0014,908,0,0.0151,0.7956
5639-40744-0017,1089,0,0.1553,0.6422
5639-40744-0017,1188,0,0.1746,0.655
5639-40744-0017,1320,0,-0.0346,0.5593
5639-40744-0017,2300,0,0.0334,0.3945
5639-40744-0017,260,0,-0.0107,0.6659
5639-40744-0017,2830,0,0.1752,0.5989
5639-40744-0017,4077,0,0.0642,0.5699
5639-40744-0017,5105,0,0.0226,0.6081
5639-40744-0017,5639,1,0.2561,0.8074
5639-40744-0017,61,0,0.1575,0.6155
5639-40744-0017,672,0,0.094,0.7346
5639-40744-0017,6930,0,-0.063,0.6249
5639-40744-0017,7021,0,-0.0079,0.5672
5639-40744-0017,7127,0,0.0594,0.4795
5639-40744-0017,7176,0,-0.0064,0.5737
5639-40744-0017,7729,0,0.1428,0.6277
5639-40744-0017,8224,0,0.0291,0.7925
5639-40744-0017,8230,0,0.2011,0.6287
5639-40744-0017,8455,0,-0.024,0.547
5639-40744-0017,908,0,-0.0353,0.7071
5639-40744-0024,1089,0,0.1027,0.7284
5639-40744-0024,1188,0,0.1284,0.7363
5639-40744-0024,1320,0,-0.0288,0.657
5639-40744-0024,2300,0,0.0137,0.5141
5639-40744-0024,260,0,-0.0764,0.7341
5639-40744-0024,2830,0,0.0695,0.6777
5639-40744-0024,4077,0,-0.0354,0.6764
5639-40744-0024,5105,0,0.0478,0.7212
5639-40744-0024,5639,1,0.2023,0.8691
5639-40744-0024,61,0,0.0549,0.7133
5639-40744-0024,672,0,0.0904,0.7932
5639-40744-0024,6930,0,-0.0334,0.6609
5639-40744-0024,7021,0,-0.0041,0.6835
5639-40744-0024,7127,0,0.0898,0.6024
5639-40744-0024,7176,0,-0.0539,0.6556
5639-40744-0024,7729,0,0.1796,0.7782
5639-40744-0024,8224,0,0.0433,0.809
5639-40744-0024,8230,0,0.0525,0.69
5639-40744-0024,8455,0,-0.1843,0.5972
5639-40744-0024,908,0,0.0159,0.7961
5639-40744-0029,1089,0,0.0507,0.6923
5639-40744-0029,1188,0,0.1541,0.6958
5639-40744-0029,1320,0,0.0198,0.612
5639-40744-0029,2300,0,-0.0377,0.3987
5639-40744-0029,260,0,0.0313,0.7329
5639-40744-0029,2830,0,0.0527,0.6569
5639-40744-0029,4077,0,0.1353,0.5978
5639-40744-0029,5105,0,0.0186,0.6603
5639-40744-0029,5639,1,0.1066,0.8327
5639-40744-0029,61,0,0.1757,0.6829
5639-40744-0029,672,0,0.1993,0.7952
5639-40744-0029,6930,0,0.0063,0.7136
5639-40744-0029,7021,0,-0.026,0.5989
5639-40744-0029,7127,0,0.0048,0.5081
5639-40744-0029,7176,0,-0.0728,0.6506
5639-40744-0029,7729,0,0.0433,0.6244
5639-40744-0029,8224,0,0.0366,0.831
5639-40744-0029,8230,0,0.0709,0.7028
5639-40744-0029,8455,0,0.0497,0.604
5639-40744-0029,908,0,-0.0122,0.7501
5639-40744-0034,1089,0,0.0408,0.713
5639-40744-0034,1188,0,0.1132,0.7443
5639-40744-0034,1320,0,-0.0661,0.6214
5639-40744-0034,2300,0,-0.0624,0.4405
5639-40744-0034,260,0,-0.0776,0.7606
5639-40744-0034,2830,0,0.0587,0.7044
5639-40744-0034,4077,0,0.0522,0.6659
5639-40744-0034,5105,0,-0.001,0.6857
5639-40744-0034,5639,1,0.1489,0.8862
5639-40744-0034,61,0,0.0744,0.7384
5639-40744-0034,672,0,0.0687,0.788
5639-40744-0034,6930,0,-0.0809,0.6811
5639-40744-0034,7021,0,-0.1085,0.631
5639-40744-0034,7127,0,0.0638,0.5642
5639-40744-0034,7176,0,-0.0357,0.705
5639-40744-0034,7729,0,0.0758,0.7519
5639-40744-0034,8224,0,0.0231,0.8186
5639-40744-0034,8230,0,0.0771,0.7281
5639-40744-0034,8455,0,-0.0594,0.5802
5639-40744-0034,908,0,-0.0421,0.7893
5639-40744-0040,1089,0,0.0888,0.7965
5639-40744-0040,1188,0,0.1975,0.8094
5639-40744-0040,1320,0,0.0228,0.7107
5639-40744-0040,2300,0,0.0456,0.5175
5639-40744-0040,260,0,0.0197,0.8468
5639-40744-0040,2830,0,0.1611,0.7775
5639-40744-0040,4077,0,0.0669,0.7434
5639-40744-0040,5105,0,0.0351,0.7709
5639-40744-0040,5639,1,0.2843,0.9096
5639-40744-0040,61,0,0.1242,0.826
5639-40744-0040,672,0,0.1582,0.8524
5639-40744-0040,6930,0,-0.0435,0.7761
5639-40744-0040,7021,0,-0.0313,0.7172
5639-40744-0040,7127,0,0.177,0.649
5639-40744-0040,7176,0,0.0166,0.7931
5639-40744-0040,7729,0,0.1686,0.8278
5639-40744-0040,8224,0,-0.0515,0.7976
5639-40744-0040,8230,0,0.0514,0.8143
5639-40744-0040,8455,0,-0.0805,0.6713
5639-40744-0040,908,0,-0.045,0.8652
5683-32865-0010,121,0,0.008,0.7713
5683-32865-0010,1221,0,0.0201,0.5702
5683-32865-0010,1284,0,-0.072,0.7399
5683-32865-0010,1580,0,0.0387,0.6544
5683-32865-0010,1995,0,0.0427,0.7756
5683-32865-0010,2094,0,0.0096,0.7057
5683-32865-0010,237,0,-0.0119,0.6123
5683-32865-0010,2961,0,0.12,0.8551
5683-32865-0010,3570,0,-0.0852,0.6917
5683-32865-0010,3575,0,-0.0398,0.5098
5683-32865-0010,3729,0,0.0285,0.6733
5683-32865-0010,4446,0,-0.137,0.6564
5683-32865-0010,4507,0,0.0984,0.6003
5683-32865-0010,4970,0,-0.0601,0.3912
5683-32865-0010,4992,0,0.062,0.6478
5683-32865-0010,5142,0,-0.0389,0.4856
5683-32865-0010,5683,1,0.1341,0.5386
5683-32865-0010,6829,0,0.0641,0.5941
5683-32865-0010,8463,0,0.0867,0.6529
5683-32865-0010,8555,0,-0.0178,0.4387
5683-32866-0006,121,0,0.1102,0.7581
5683-32866-0006,1221,0,0.0758,0.5224
5683-32866-0006,1284,0,0.0077,0.6903
5683-32866-0006,1580,0,0.1226,0.6003
5683-32866-0006,1995,0,0.1411,0.731
5683-32866-0006,2094,0,0.0576,0.6343
5683-32866-0006,237,0,0.0353,0.5777
5683-32866-0006,2961,0,0.1811,0.8537
5683-32866-0006,3570,0,0.1028,0.6998
5683-32866-0006,3575,0,0.1123,0.4971
5683-32866-0006,3729,0,-0.0024,0.647
5683-32866-0006,4446,0,-0.0822,0.6063
5683-32866-0006,4507,0,0.1548,0.5782
5683-32866-0006,4970,0,0.0406,0.3739
5683-32866-0006,4992,0,0.0827,0.5854
5683-32866-0006,5142,0,0.0176,0.4448
5683-32866-0006,5683,1,0.1197,0.5144
5683-32866-0006,6829,0,-0.0373,0.5421
5683-32866-0006,8463,0,0.0923,0.5938
5683-32866-0006,8555,0,0.0221,0.4168
5683-32866-0012,121,0,0.0778,0.8191
5683-32866-0012,1221,0,0.0533,0.6063
5683-32866-0012,1284,0,-0.0488,0.7743
5683-32866-0012,1580,0,-0.0502,0.7046
5683-32866-0012,1995,0,0.0538,0.7578
5683-32866-0012,2094,0,0.0076,0.7221
5683-32866-0012,237,0,0.0204,0.6352
5683-32866-0012,2961,0,0.1772,0.866
5683-32866-0012,3570,0,-0.0622,0.7287
5683-32866-0012,3575,0,0.0356,0.5572
5683-32866-0012,3729,0,0.0278,0.7333
5683-32866-0012,4446,0,-0.1218,0.6986
5683-32866-0012,4507,0,0.0461,0.6613
5683-32866-0012,4970,0,-0.0321,0.4461
5683-32866-0012,4992,0,0.0973,0.6624
5683-32866-0012,5142,0,0.0398,0.5179
5683-32866-0012,5683,1,0.0998,0.609
5683-32866-0012,6829,0,0.0252,0.6212
5683-32866-0012,8463,0,0.0897,0.6833
5683-32866-0012,8555,0,-0.0618,0.4707
5683-32866-0016,121,0,-0.0265,0.728
5683-32866-0016,1221,0,-0.0447,0.5183
5683-32866-0016,1284,0,-0.0695,0.6763
5683-32866-0016,1580,0,-0.0544,0.5716
5683-32866-0016,1995,0,0.0098,0.7325
5683-32866-0016,2094,0,-0.0187,0.6124
5683-32866-0016,237,0,-0.0632,0.5546
5683-32866-0016,2961,0,0.1,0.831
5683-32866-0016,3570,0,-0.0098,0.6674
5683-32866-0016,3575,0,-0.1046,0.4571
5683-32866-0016,3729,0,-0.0891,0.6252
5683-32866-0016,4446,0,-0.0547,0.5969
5683-32866-0016,4507,0,0.049,0.5602
5683-32866-0016,4970,0,-0.0457,0.3721
5683-32866-0016,4992,0,0.0568,0.5873
5683-32866-0016,5142,0,0.0516,0.4618
5683-32866-0016,5683,1,0.0062,0.4819
5683-32866-0016,6829,0,-0.0607,0.5312
5683-32866-0016,8463,0,-0.0191,0.6022
5683-32866-0016,8555,0,-0.0795,0.4236
5683-32866-0024,121,0,0.0111,0.7969
5683-32866-0024,1221,0,0.1669,0.6185
5683-32866-0024,1284,0,-0.0101,0.7928
5683-32866-0024,1580,0,0.0859,0.716
5683-32866-0024,1995,0,-0.0318,0.7675
5683-32866-0024,2094,0,-0.0023,0.721
5683-32866-0024,237,0,0.05,0.627
5683-32866-0024,2961,0,0.147,0.8456
5683-32866-0024,3570,0,0.0111,0.6963
5683-32866-0024,3575,0,-0.0092,0.542
5683-32866-0024,3729,0,0.1352,0.7242
5683-32866-0024,4446,0,-0.1294,0.7094
5683-32866-0024,4507,0,0.1056,0.6597
5683-32866-0024,4970,0,-0.0589,0.4541
5683-32866-0024,4992,0,0.0909,0.6746
5683-32866-0024,5142,0,-0.024,0.5487
5683-32866-0024,5683,1,0.1281,0.6167
5683-32866-0024,6829,0,0.0683,0.6226
5683-32866-0024,8463,0,0.0691,0.688
5683-32866-0024,8555,0,0.0005,0.499
5683-32879-0004,121,0,0.09,0.7517
5683-32879-0004,1221,0,0.1436,0.5994
5683-32879-0004,1284,0,-0.0073,0.7601
5683-32879-0004,1580,0,0.0767,0.635
5683-32879-0004,1995,0,0.0699,0.797
5683-32879-0004,2094,0,0.0042,0.6903
5683-32879-0004,237,0,-0.0331,0.6118
5683-32879-0004,2961,0,0.145,0.7813
5683-32879-0004,3570,0,0.0446,0.637
5683-32879-0004,3575,0,-0.0359,0.4756
5683-32879-0004,3729,0,0.0914,0.6702
5683-32879-0004,4446,0,-0.051,0.6787
5683-32879-0004,4507,0,0.1857,0.5905
5683-32879-0004,4970,0,-0.0406,0.4048
5683-32879-0004,4992,0,0.1241,0.6755
5683-32879-0004,5142,0,-0.0239,0.5374
5683-32879-0004,5683,1,0.0923,0.5362
5683-32879-0004,6829,0,-0.0096,0.5873
5683-32879-0004,8463,0,0.1257,0.6898
5683-32879-0004,8555,0,0.0059,0.4713
5683-32879-0006,121,0,0.1424,0.8092
5683-32879-0006,1221,0,0.0919,0.6639
5683-32879-0006,1284,0,-0.0488,0.8451
5683-32879-0006,1580,0,0.0434,0.7597
5683-32879-0006,1995,0,0.0687,0.8239
5683-32879-0006,2094,0,-0.0194,0.7737
5683-32879-0006,237,0,0.0416,0.6799
5683-32879-0006,2961,0,0.1333,0.8069
5683-32879-0006,3570,0,-0.0378,0.6821
5683-32879-0006,3575,0,0.0237,0.5813
5683-32879-0006,3729,0,0.0756,0.743
5683-32879-0006,4446,0,-0.0348,0.7587
5683-32879-0006,4507,0,0.0543,0.6735
5683-32879-0006,4970,0,-0.0656,0.486
5683-32879-0006,4992,0,0.0767,0.7278
5683-32879-0006,5142,0,-0.0266,0.5858
5683-32879-0006,5683,1,0.0959,0.656
5683-32879-0006,6829,0,0.0436,0.6614
5683-32879-0006,8463,0,0.0903,0.7228
5683-32879-0006,8555,0,-0.0713,0.5334
5683-32879-0007,121,0,0.0558,0.7486
5683-32879-0007,1221,0,0.0859,0.6608
5683-32879-0007,1284,0,-0.1285,0.8223
5683-32879-0007,1580,0,-0.0358,0.6925
5683-32879-0007,1995,0,-0.004,0.7954
5683-32879-0007,2094,0,0.0187,0.7596
5683-32879-0007,237,0,0.0173,0.6372
5683-32879-0007,2961,0,0.1385,0.7445
5683-32879-0007,3570,0,0.0243,0.6028
5683-32879-0007,3575,0,-0.0884,0.5197
5683-32879-0007,3729,0,0.0451,0.7294
5683-32879-0007,4446,0,-0.0894,0.7486
5683-32879-0007,4507,0,0.0798,0.654
5683-32879-0007,4970,0,-0.0771,0.4995
5683-32879-0007,4992,0,0.0281,0.7286
5683-32879-0007,5142,0,-0.0142,0.6507
5683-32879-0007,5683,1,0.074,0.6207
5683-32879-0007,6829,0,-0.004,0.6723
5683-32879-0007,8463,0,0.0825,0.7476
5683-32879-0007,8555,0,-0.0253,0.5473
5683-32879-0012,121,0,0.0677,0.757
5683-32879-0012,1221,0,0.1064,0.5025
5683-32879-0012,1284,0,0.0101,0.6181
5683-32879-0012,1580,0,0.0504,0.5571
5683-32879-0012,1995,0,0.0583,0.7164
5683-32879-0012,2094,0,0.0065,0.6105
5683-32879-0012,237,0,0.1104,0.5413
5683-32879-0012,2961,0,0.1431,0.8564
5683-32879-0012,3570,0,0.0251,0.6913
5683-32879-0012,3575,0,0.0557,0.4791
5683-32879-0012,3729,0,0.0944,0.6508
5683-32879-0012,4446,0,-0.1147,0.5645
5683-32879-0012,4507,0,0.2071,0.5862
5683-32879-0012,4970,0,0.0647,0.3714
5683-32879-0012,4992,0,0.0212,0.5885
5683-32879-0012,5142,0,-0.0272,0.4621
5683-32879-0012,5683,1,0.2299,0.4942
5683-32879-0012,6829,0,0.0599,0.5339
5683-32879-0012,8463,0,0.0702,0.6274
5683-32879-0012,8555,0,0.0277,0.432
5683-32879-0013,121,0,0.1753,0.7824
5683-32879-0013,1221,0,0.0928,0.6259
5683-32879-0013,1284,0,0.0091,0.8167
5683-32879-0013,1580,0,0.0996,0.7302
5683-32879-0013,1995,0,0.0196,0.7949
5683-32879-0013,2094,0,-0.0624,0.7315
5683-32879-0013,237,0,0.0525,0.6439
5683-32879-0013,2961,0,0.1021,0.8046
5683-32879-0013,3570,0,-0.0168,0.6667
5683-32879-0013,3575,0,0.0485,0.5495
5683-32879-0013,3729,0,0.0798,0.7004
5683-32879-0013,4446,0,-0.0731,0.7238
5683-32879-0013,4507,0,0.1293,0.6402
5683-32879-0013,4970,0,0.0113,0.4562
5683-32879-0013,4992,0,0.0591,0.6864
5683-32879-0013,5142,0,-0.0574,0.551
5683-32879-0013,5683,1,0.1445,0.6132
5683-32879-0013,6829,0,0.0773,0.619
5683-32879-0013,8463,0,0.0704,0.6923
5683-32879-0013,8555,0,-0.0348,0.5035
61-70968-0017,1089,0,0.1718,0.8386
61-70968-0017,1188,0,0.158,0.8418
61-70968-0017,1320,0,0.058,0.765
61-70968-0017,2300,0,0.0402,0.5912
61-70968-0017,260,0,-0.0053,0.853
61-70968-0017,2830,0,0.1364,0.7635
61-70968-0017,4077,0,0.2049,0.8021
61-70968-0017,5105,0,0.167,0.8031
61-70968-0017,5639,0,0.1821,0.9214
61-70968-0017,61,1,0.2191,0.8136
61-70968-0017,672,0,0.1477,0.895
61-70968-0017,6930,0,0.0309,0.7613
61-70968-0017,7021,0,0.1511,0.7566
61-70968-0017,7127,0,0.1181,0.7102
61-70968-0017,7176,0,0.0128,0.7828
61-70968-0017,7729,0,0.2178,0.853
61-70968-0017,8224,0,0.0976,0.8307
61-70968-0017,8230,0,0.1593,0.8021
61-70968-0017,8455,0,0.0347,0.7349
61-70968-0017,908,0,0.1404,0.8804
61-70968-0020,1089,0,0.0954,0.8411
61-70968-0020,1188,0,0.0433,0.8565
61-70968-0020,1320,0,-0.03,0.7685
61-70968-0020,2300,0,0.0835,0.5562
61-70968-0020,260,0,0.0213,0.8698
61-70968-0020,2830,0,0.1021,0.8083
61-70968-0020,4077,0,0.0068,0.7207
61-70968-0020,5105,0,0.0103,0.8023
61-70968-0020,5639,0,0.1775,0.8772
61-70968-0020,61,1,0.1451,0.8107
61-70968-0020,672,0,0.0787,0.8936
61-70968-0020,6930,0,-0.0305,0.8081
61-70968-0020,7021,0,0.065,0.7597
61-70968-0020,7127,0,0.1613,0.6799
61-70968-0020,7176,0,0.0007,0.7868
61-70968-0020,7729,0,0.0759,0.7811
61-70968-0020,8224,0,0.0046,0.8235
61-70968-0020,8230,0,0.0845,0.8422
61-70968-0020,8455,0,-0.0875,0.7349
61-70968-0020,908,0,-0.0003,0.8655
61-70968-0023,1089,0,0.1413,0.7694
61-70968-0023,1188,0,0.2973,0.7841
61-70968-0023,1320,0,-0.0409,0.7054
61-70968-0023,2300,0,0.0025,0.5254
61-70968-0023,260,0,0.0108,0.8009
61-70968-0023,2830,0,0.122,0.726
61-70968-0023,4077,0,0.0539,0.7199
61-70968-0023,5105,0,0.0394,0.7648
61-70968-0023,5639,0,0.2227,0.8916
61-70968-0023,61,1,0.2025,0.753
61-70968-0023,672,0,0.09,0.8322
61-70968-0023,6930,0,-0.1159,0.7203
61-70968-0023,7021,0,0.089,0.7236
61-70968-0023,7127,0,0.2041,0.6488
61-70968-0023,7176,0,0.053,0.7123
61-70968-0023,7729,0,0.2654,0.7927
61-70968-0023,8224,0,-0.0074,0.801
61-70968-0023,8230,0,0.1344,0.7423
61-70968-0023,8455,0,-0.1091,0.6563
61-70968-0023,908,0,-0.0144,0.8388
61-70968-0030,1089,0,0.1458,0.8149
61-70968-0030,1188,0,0.285,0.8578
61-70968-0030,1320,0,-0.066,0.7397
61-70968-0030,2300,0,0.035,0.5403
61-70968-0030,260,0,0.043,0.8792
61-70968-0030,2830,0,0.1942,0.8084
61-70968-0030,4077,0,0.1113,0.7711
61-70968-0030,5105,0,0.1008,0.7762
61-70968-0030,5639,0,0.3121,0.9022
61-70968-0030,61,1,0.1678,0.8219
61-70968-0030,672,0,0.0023,0.8843
61-70968-0030,6930,0,0.0286,0.8048
61-70968-0030,7021,0,0.0019,0.7112
61-70968-0030,7127,0,0.1171,0.6852
61-70968-0030,7176,0,-0.029,0.8102
61-70968-0030,7729,0,0.0945,0.7934
61-70968-0030,8224,0,0.0013,0.8564
61-70968-0030,8230,0,0.1866,0.8337
61-70968-0030,8455,0,-0.031,0.7437
61-70968-0030,908,0,-0.0816,0.832
61-70968-0041,1089,0,0.1811,0.7356
61-70968-0041,1188,0,0.2275,0.7923
61-70968-0041,1320,0,0.0137,0.6556
61-70968-0041,2300,0,0.0072,0.4249
61-70968-0041,260,0,-0.0017,0.7984
61-70968-0041,2830,0,0.2127,0.7688
61-70968-0041,4077,0,0.0417,0.6617
61-70968-0041,5105,0,0.1012,0.7165
61-70968-0041,5639,0,0.2166,0.8824
61-70968-0041,61,1,0.2048,0.7489
61-70968-0041,672,0,0.0366,0.809
61-70968-0041,6930,0,-0.0128,0.7165
61-70968-0041,7021,0,-0.0274,0.6447
61-70968-0041,7127,0,0.1302,0.6004
61-70968-0041,7176,0,0.0875,0.7192
61-70968-0041,7729,0,0.2314,0.7353
61-70968-0041,8224,0,-0.0145,0.7997
61-70968-0041,8230,0,0.1797,0.7671
61-70968-0041,8455,0,-0.1389,0.61
61-70968-0041,908,0,0.0497,0.7852
61-70968-0043,1089,0,0.0093,0.6949
61-70968-0043,1188,0,0.1653,0.7382
61-70968-0043,1320,0,0.0849,0.6384
61-70968-0043,2300,0,0.0798,0.4514
61-70968-0043,260,0,0.0512,0.7586
61-70968-0043,2830,0,0.0499,0.7088
61-70968-0043,4077,0,0.0717,0.6342
61-70968-0043,5105,0,-0.0107,0.7013
61-70968-0043,5639,0,0.1094,0.8492
61-70968-0043,61,1,0.1897,0.7178
61-70968-0043,672,0,0.1241,0.7835
61-70968-0043,6930,0,-0.0804,0.7157
61-70968-0043,7021,0,-0.0041,0.6392
61-70968-0043,7127,0,0.0783,0.5603
61-70968-0043,7176,0,-0.0852,0.6755
61-70968-0043,7729,0,0.1654,0.7067
61-70968-0043,8224,0,0.0529,0.8268
61-70968-0043,8230,0,0.0493,0.7106
61-70968-0043,8455,0,-0.0385,0.6062
61-70968-0043,908,0,-0.0599,0.7679
61-70968-0050,1089,0,0.1474,0.7567
61-70968-0050,1188,0,0.2002,0.804
61-70968-0050,1320,0,-0.0371,0.6564
61-70968-0050,2300,0,0.0024,0.4534
61-70968-0050,260,0,0.0501,0.8343
61-70968-0050,2830,0,0.1725,0.7687
61-70968-0050,4077,0,0.1054,0.75
61-70968-0050,5105,0,0.0259,0.7144
61-70968-0050,5639,0,0.2516,0.9246
61-70968-0050,61,1,0.1599,0.8212
61-70968-0050,672,0,0.1439,0.8276
61-70968-0050,6930,0,-0.0148,0.7179
61-70968-0050,7021,0,-0.0202,0.6327
61-70968-0050,7127,0,0.0436,0.6264
61-70968-0050,7176,0,-0.0228,0.793
61-70968-0050,7729,0,0.1142,0.818
61-70968-0050,8224,0,0.0158,0.795
61-70968-0050,8230,0,0.2017,0.8091
61-70968-0050,8455,0,-0.0399,0.6421
61-70968-0050,908,0,-0.0302,0.8029
61-70968-0057,1089,0,-0.0515,0.7531
61-70968-0057,1188,0,0.1696,0.7827
61-70968-0057,1320,0,0.0134,0.6749
61-70968-0057,2300,0,0.0464,0.5216
61-70968-0057,260,0,-0.0213,0.801
61-70968-0057,2830,0,0.0791,0.718
61-70968-0057,4077,0,0.0536,0.7296
61-70968-0057,5105,0,0.0405,0.7382
61-70968-0057,5639,0,0.1468,0.8944
61-70968-0057,61,1,0.1418,0.7961
61-70968-0057,672,0,0.1178,0.8361
61-70968-0057,6930,0,-0.017,0.7099
61-70968-0057,7021,0,0.0106,0.6823
61-70968-0057,7127,0,0.0308,0.6161
61-70968-0057,7176,0,-0.0705,0.7787
61-70968-0057,7729,0,0.2132,0.8028
61-70968-0057,8224,0,-0.0633,0.8721
61-70968-0057,8230,0,0.0448,0.765
61-70968-0057,8455,0,-0.0683,0.6489
61-70968-0057,908,0,0.0668,0.8248
61-70970-0000,1089,0,0.0407,0.7742
61-70970-0000,1188,0,0.1787,0.798
61-70970-0000,1320,0,-0.0742,0.6925
61-70970-0000,2300,0,-0.0025,0.5115
61-70970-0000,260,0,-0.0356,0.7983
61-70970-0000,2830,0,0.1005,0.7425
61-70970-0000,4077,0,0.068,0.7265
61-70970-0000,5105,0,0.0417,0.7458
61-70970-0000,5639,0,0.1584,0.9098
61-70970-0000,61,1,0.0982,0.7551
61-70970-0000,672,0,0.0172,0.8329
61-70970-0000,6930,0,-0.1646,0.7072
61-70970-0000,7021,0,-0.0836,0.6855
61-70970-0000,7127,0,0.128,0.6518
61-70970-0000,7176,0,-0.0692,0.7107
61-70970-0000,7729,0,0.0658,0.7966
61-70970-0000,8224,0,-0.1524,0.8253
61-70970-0000,8230,0,0.0048,0.7619
61-70970-0000,8455,0,-0.0706,0.6506
61-70970-0000,908,0,-0.1343,0.8064
61-70970-0011,1089,0,0.0706,0.7557
61-70970-0011,1188,0,0.0921,0.7958
61-70970-0011,1320,0,-0.0883,0.6376
61-70970-0011,2300,0,-0.0528,0.4434
61-70970-0011,260,0,0.0991,0.82
61-70970-0011,2830,0,0.1117,0.7774
61-70970-0011,4077,0,-0.0054,0.7428
61-70970-0011,5105,0,0.0162,0.6984
61-70970-0011,5639,0,0.1656,0.9167
61-70970-0011,61,1,0.0497,0.8032
61-70970-0011,672,0,0.0555,0.8029
61-70970-0011,6930,0,-0.0288,0.7098
61-70970-0011,7021,0,-0.0046,0.625
61-70970-0011,7127,0,0.0847,0.6306
61-70970-0011,7176,0,-0.1179,0.7746
61-70970-0011,7729,0,0.0996,0.8197
61-70970-0011,8224,0,0.1122,0.7574
61-70970-0011,8230,0,0.0983,0.8028
61-70970-0011,8455,0,-0.0275,0.6135
61-70970-0011,908,0,0.0032,0.7935
672-122797-0003,1089,0,0.0851,0.7244
672-122797-0003,1188,0,0.2902,0.7599
672-122797-0003,1320,0,0.0392,0.6638
672-122797-0003,2300,0,0.0384,0.4748
672-122797-0003,260,0,-0.087,0.7269
672-122797-0003,2830,0,0.1214,0.6892
672-122797-0003,4077,0,0.0873,0.6433
672-122797-0003,5105,0,0.0388,0.7054
672-122797-0003,5639,0,0.1562,0.836
672-122797-0003,61,0,0.0973,0.6628
672-122797-0003,672,1,0.1512,0.7905
672-122797-0003,6930,0,-0.1671,0.6456
672-122797-0003,7021,0,0.0327,0.6631
672-122797-0003,7127,0,0.0557,0.6104
672-122797-0003,7176,0,-0.006,0.6325
672-122797-0003,7729,0,0.2925,0.7122
672-122797-0003,8224,0,-0.0486,0.7915
672-122797-0003,8230,0,0.0882,0.6827
672-122797-0003,8455,0,-0.034,0.612
672-122797-0003,908,0,-0.0269,0.7653
672-122797-0019,1089,0,0.1172,0.7698
672-122797-0019,1188,0,0.037,0.7974
672-122797-0019,1320,0,0.0968,0.7597
672-122797-0019,2300,0,0.0084,0.6158
672-122797-0019,260,0,0.2067,0.8137
672-122797-0019,2830,0,0.0671,0.7423
672-122797-0019,4077,0,0.1511,0.7661
672-122797-0019,5105,0,0.0837,0.8144
672-122797-0019,5639,0,0.0076,0.8763
672-122797-0019,61,0,0.1333,0.7612
672-122797-0019,672,1,0.1425,0.8326
672-122797-0019,6930,0,0.1444,0.7752
672-122797-0019,7021,0,-0.0216,0.7527
672-122797-0019,7127,0,0.156,0.7086
672-122797-0019,7176,0,0.02,0.7204
672-122797-0019,7729,0,0.0027,0.8071
672-122797-0019,8224,0,0.1116,0.8547
672-122797-0019,8230,0,-0.0546,0.7334
672-122797-0019,8455,0,0.066,0.7227
672-122797-0019,908,0,0.051,0.8122
672-122797-0052,1089,0,-0.0765,0.7964
672-122797-0052,1188,0,0.1362,0.8497
672-122797-0052,1320,0,0.0198,0.7566
672-122797-0052,2300,0,-0.0096,0.5548
672-122797-0052,260,0,-0.041,0.864
672-122797-0052,2830,0,0.0804,0.8133
672-122797-0052,4077,0,0.0125,0.7739
672-122797-0052,5105,0,0.0958,0.7963
672-122797-0052,5639,0,0.255,0.9048
672-122797-0052,61,0,0.068,0.7829
672-122797-0052,672,1,0.0674,0.8504
672-122797-0052,6930,0,0.0305,0.7999
672-122797-0052,7021,0,0.0167,0.7294
672-122797-0052,7127,0,0.008,0.7178
672-122797-0052,7176,0,-0.0973,0.774
672-122797-0052,7729,0,0.1052,0.8211
672-122797-0052,8224,0,0.1442,0.8071
672-122797-0052,8230,0,0.0244,0.7939
672-122797-0052,8455,0,0.034,0.7317
672-122797-0052,908,0,0.012,0.8211
672-122797-0054,1089,0,0.1134,0.7356
672-122797-0054,1188,0,0.1474,0.8166
672-122797-0054,1320,0,-0.0216,0.6523
672-122797-0054,2300,0,0.0019,0.4578
672-122797-0054,260,0,0.0711,0.8293
672-122797-0054,2830,0,0.0499,0.8001
672-122797-0054,4077,0,0.1156,0.7152
672-122797-0054,5105,0,-0.0187,0.728
672-122797-0054,5639,0,0.1996,0.8893
672-122797-0054,61,0,0.0929,0.8282
672-122797-0054,672,1,0.0539,0.8013
672-122797-0054,6930,0,-0.0683,0.7417
672-122797-0054,7021,0,-0.0768,0.6391
672-122797-0054,7127,0,0.0651,0.622
672-122797-0054,7176,0,-0.0995,0.8006
672-122797-0054,7729,0,0.1034,0.8018
672-122797-0054,8224,0,0.0847,0.8192
672-122797-0054,8230,0,-0.0271,0.8231
672-122797-0054,8455,0,-0.0651,0.6334
672-122797-0054,908,0,-0.0919,0.7764
672-122797-0055,1089,0,0.0672,0.8098
672-122797-0055,1188,0,0.2411,0.7955
672-122797-0055,1320,0,0.0541,0.7306
672-122797-0055,2300,0,0.0502,0.5577
672-122797-0055,260,0,0.0388,0.8074
672-122797-0055,2830,0,0.174,0.7323
672-122797-0055,4077,0,0.1622,0.7394
672-122797-0055,5105,0,0.1558,0.7516
672-122797-0055,5639,0,0.1732,0.8712
672-122797-0055,61,0,0.0787,0.7441
672-122797-0055,672,1,0.2521,0.8688
672-122797-0055,6930,0,0.0686,0.766
672-122797-0055,7021,0,0.0871,0.7143
672-122797-0055,7127,0,0.1254,0.6665
672-122797-0055,7176,0,-0.1277,0.7151
672-122797-0055,7729,0,0.1151,0.7643
672-122797-0055,8224,0,0.0912,0.8052
672-122797-0055,8230,0,0.0413,0.7616
672-122797-0055,8455,0,0.0142,0.7242
672-122797-0055,908,0,0.0592,0.8334
672-122797-0058,1089,0,0.0318,0.72
672-122797-0058,1188,0,0.135,0.7169
672-122797-0058,1320,0,0.0284,0.6349
672-122797-0058,2300,0,0.0752,0.4655
672-122797-0058,260,0,0.0825,0.7139
672-122797-0058,2830,0,0.1355,0.678
672-122797-0058,4077,0,0.1546,0.6599
672-122797-0058,5105,0,0.0658,0.6984
672-122797-0058,5639,0,0.2157,0.8741
672-122797-0058,61,0,0.0801,0.6854
672-122797-0058,672,1,0.106,0.7794
672-122797-0058,6930,0,0.0455,0.649
672-122797-0058,7021,0,0.0921,0.6446
672-122797-0058,7127,0,0.1243,0.6003
672-122797-0058,7176,0,0.0365,0.645
672-122797-0058,7729,0,0.2225,0.7339
672-122797-0058,8224,0,0.115,0.8005
672-122797-0058,8230,0,0.1372,0.6939
672-122797-0058,8455,0,0.1101,0.5689
672-122797-0058,908,0,-0.0358,0.7614
672-122797-0061,1089,0,0.0315,0.7231
672-122797-0061,1188,0,0.1755,0.7677
672-122797-0061,1320,0,0.0209,0.6442
672-122797-0061,2300,0,0.0347,0.4361
672-122797-0061,260,0,0.0459,0.7859
672-122797-0061,2830,0,0.0707,0.7328
672-122797-0061,4077,0,0.0915,0.6977
672-122797-0061,5105,0,-0.0352,0.7085
672-122797-0061,5639,0,0.2075,0.9035
672-122797-0061,61,0,0.1649,0.7637
672-122797-0061,672,1,0.1457,0.8053
672-122797-0061,6930,0,-0.0331,0.7176
672-122797-0061,7021,0,-0.1471,0.6226
672-122797-0061,7127,0,0.0041,0.5993
672-122797-0061,7176,0,-0.022,0.7352
672-122797-0061,7729,0,0.1915,0.7694
672-122797-0061,8224,0,-0.0446,0.834
672-122797-0061,8230,0,-0.0156,0.7565
672-122797-0061,8455,0,-0.0409,0.6192
672-122797-0061,908,0,-0.0443,0.7844
672-122797-0070,1089,0,0.1199,0.7446
672-122797-0070,1188,0,0.1886,0.7344
672-122797-0070,1320,0,0.0542,0.6729
672-122797-0070,2300,0,0.0583,0.5335
672-122797-0070,260,0,0.0353,0.789
672-122797-0070,2830,0,0.115,0.6592
672-122797-0070,4077,0,0.0739,0.7196
672-122797-0070,5105,0,-0.0281,0.7204
672-122797-0070,5639,0,0.1825,0.8701
672-122797-0070,61,0,0.0909,0.742
672-122797-0070,672,1,0.2573,0.8247
672-122797-0070,6930,0,-0.0283,0.7149
672-122797-0070,7021,0,0.0473,0.6923
672-122797-0070,7127,0,0.1571,0.5933
672-122797-0070,7176,0,-0.1119,0.6877
672-122797-0070,7729,0,0.1452,0.7779
672-122797-0070,8224,0,0.0906,0.7775
672-122797-0070,8230,0,0.067,0.7069
672-122797-0070,8455,0,0.0388,0.6658
672-122797-0070,908,0,-0.0259,0.8331
672-122797-0072,1089,0,0.013,0.6894
672-122797-0072,1188,0,0.0803,0.7405
672-122797-0072,1320,0,0.0181,0.6376
672-122797-0072,2300,0,0.1467,0.5422
672-122797-0072,260,0,-0.0443,0.7623
672-122797-0072,2830,0,-0.0071,0.6605
672-122797-0072,4077,0,-0.008,0.7036
672-122797-0072,5105,0,-0.0377,0.6677
672-122797-0072,5639,0,0.1105,0.8332
672-122797-0072,61,0,0.0799,0.724
672-122797-0072,672,1,0.109,0.7757
672-122797-0072,6930,0,-0.0641,0.6818
672-122797-0072,7021,0,-0.0296,0.6239
672-122797-0072,7127,0,0.0488,0.5775
672-122797-0072,7176,0,-0.1669,0.6766
672-122797-0072,7729,0,0.1001,0.7621
672-122797-0072,8224,0,0.0585,0.819
672-122797-0072,8230,0,-0.0378,0.6781
672-122797-0072,8455,0,-0.0045,0.6589
672-122797-0072,908,0,-0.1418,0.751
672-122797-0073,1089,0,0.1344,0.7631
672-122797-0073,1188,0,0.1322,0.7884
672-122797-0073,1320,0,-0.0659,0.6812
672-122797-0073,2300,0,0.0334,0.4991
672-122797-0073,260,0,0.03,0.7939
672-122797-0073,2830,0,0.1974,0.7529
672-122797-0073,4077,0,-0.0084,0.6784
672-122797-0073,5105,0,0.0115,0.7324
672-122797-0073,5639,0,0.1751,0.8742
672-122797-0073,61,0,0.1098,0.7518
672-122797-0073,672,1,0.1462,0.8235
672-122797-0073,6930,0,-0.0584,0.7327
672-122797-0073,7021,0,-0.0557,0.6859
672-122797-0073,7127,0,0.0851,0.6195
672-122797-0073,7176,0,-0.167,0.7103
672-122797-0073,7729,0,0.0332,0.7602
672-122797-0073,8224,0,0.0195,0.8149
672-122797-0073,8230,0,0.1255,0.7604
672-122797-0073,8455,0,-0.087,0.6369
672-122797-0073,908,0,-0.1284,0.8108
6829-68769-0006,121,0,0.1235,0.7861
6829-68769-0006,1221,0,0.0938,0.6507
6829-68769-0006,1284,0,-0.0651,0.8007
6829-68769-0006,1580,0,0.0426,0.6901
6829-68769-0006,1995,0,-0.0858,0.7932
6829-68769-0006,2094,0,-0.1311,0.7311
6829-68769-0006,237,0,-0.0811,0.6403
6829-68769-0006,2961,0,0.0887,0.7994
6829-68769-0006,3570,0,-0.0792,0.6511
6829-68769-0006,3575,0,0.0025,0.5025
6829-68769-0006,3729,0,0.0006,0.74
6829-68769-0006,4446,0,-0.0528,0.7431
6829-68769-0006,4507,0,0.0528,0.6549
6829-68769-0006,4970,0,-0.034,0.476
6829-68769-0006,4992,0,0.0717,0.7249
6829-68769-0006,5142,0,0.0018,0.616
6829-68769-0006,5683,0,0.0694,0.594
6829-68769-0006,6829,1,0.0385,0.6484
6829-68769-0006,8463,0,0.0546,0.76
6829-68769-0006,8555,0,0.0835,0.5247
6829-68769-0039,121,0,0.0307,0.6377
6829-68769-0039,1221,0,0.0954,0.5052
6829-68769-0039,1284,0,0.0269,0.6721
6829-68769-0039,1580,0,0.0313,0.5415
6829-68769-0039,1995,0,-0.0129,0.68
6829-68769-0039,2094,0,-0.0019,0.5929
6829-68769-0039,237,0,0.0409,0.4859
6829-68769-0039,2961,0,0.075,0.7103
6829-68769-0039,3570,0,-0.0023,0.544
6829-68769-0039,3575,0,0.0554,0.4102
6829-68769-0039,3729,0,-0.0689,0.5771
6829-68769-0039,4446,0,-0.0552,0.5765
6829-68769-0039,4507,0,0.068,0.5301
6829-68769-0039,4970,0,0.0539,0.3728
6829-68769-0039,4992,0,0.0492,0.567
6829-68769-0039,5142,0,0.0048,0.4971
6829-68769-0039,5683,0,0.1257,0.4695
6829-68769-0039,6829,1,-0.0041,0.5372
6829-68769-0039,8463,0,0.0946,0.5863
6829-68769-0039,8555,0,0.0677,0.4141
6829-68769-0049,121,0,0.0814,0.8413
6829-68769-0049,1221,0,0.1359,0.6888
6829-68769-0049,1284,0,0.0092,0.8394
6829-68769-0049,1580,0,0.0571,0.7711
6829-68769-0049,1995,0,0.0904,0.8234
6829-68769-0049,2094,0,-0.0659,0.7901
6829-68769-0049,237,0,0.0059,0.6934
6829-68769-0049,2961,0,0.1022,0.8392
6829-68769-0049,3570,0,-0.013,0.7207
6829-68769-0049,3575,0,-0.0192,0.5913
6829-68769-0049,3729,0,-0.0554,0.7695
6829-68769-0049,4446,0,-0.0567,0.7721
6829-68769-0049,4507,0,0.13,0.7004
6829-68769-0049,4970,0,-0.0645,0.5044
6829-68769-0049,4992,0,0.0857,0.7484
6829-68769-0049,5142,0,-0.024,0.607
6829-68769-0049,5683,0,0.1452,0.6561
6829-68769-0049,6829,1,-0.0072,0.6798
6829-68769-0049,8463,0,0.1099,0.7669
6829-68769-0049,8555,0,-0.0256,0.5464
6829-68771-0005,121,0,0.1264,0.7803
6829-68771-0005,1221,0,0.0614,0.5374
6829-68771-0005,1284,0,-0.0036,0.6844
6829-68771-0005,1580,0,0.0146,0.5979
6829-68771-0005,1995,0,0.0477,0.7603
6829-68771-0005,2094,0,-0.1259,0.6419
6829-68771-0005,237,0,0.0393,0.6021
6829-68771-0005,2961,0,0.0371,0.8721
6829-68771-0005,3570,0,-0.0285,0.7246
6829-68771-0005,3575,0,-0.0077,0.4701
6829-68771-0005,3729,0,0.1192,0.6606
6829-68771-0005,4446,0,-0.0938,0.6203
6829-68771-0005,4507,0,0.1389,0.5867
6829-68771-0005,4970,0,0.0825,0.3622
6829-68771-0005,4992,0,0.0809,0.6194
6829-68771-0005,5142,0,-0.0124,0.464
6829-68771-0005,5683,0,0.0848,0.4887
6829-68771-0005,6829,1,0.0671,0.5385
6829-68771-0005,8463,0,0.036,0.637
6829-68771-0005,8555,0,-0.0497,0.4339
6829-68771-0011,121,0,0.1276,0.8266
6829-68771-0011,1221,0,0.0714,0.671
6829-68771-0011,1284,0,-0.0017,0.8286
6829-68771-0011,1580,0,-0.0478,0.7498
6829-68771-0011,1995,0,0.0301,0.8532
6829-68771-0011,2094,0,-0.0404,0.7616
6829-68771-0011,237,0,0.0179,0.6984
6829-68771-0011,2961,0,0.075,0.8509
6829-68771-0011,3570,0,-0.0465,0.7178
6829-68771-0011,3575,0,0.0628,0.5883
6829-68771-0011,3729,0,0.037,0.7395
6829-68771-0011,4446,0,-0.0898,0.749
6829-68771-0011,4507,0,0.0605,0.6709
6829-68771-0011,4970,0,0.0214,0.4922
6829-68771-0011,4992,0,0.023,0.7358
6829-68771-0011,5142,0,-0.0673,0.5894
6829-68771-0011,5683,0,0.0399,0.6442
6829-68771-0011,6829,1,0.0042,0.6486
6829-68771-0011,8463,0,0.1335,0.748
6829-68771-0011,8555,0,-0.0699,0.557
6829-68771-0014,121,0,0.0961,0.6984
6829-68771-0014,1221,0,0.0363,0.4772
6829-68771-0014,1284,0,-0.0127,0.6449
6829-68771-0014,1580,0,0.0202,0.5345
6829-68771-0014,1995,0,0.0554,0.7241
6829-68771-0014,2094,0,-0.0564,0.5938
6829-68771-0014,237,0,-0.0681,0.5216
6829-68771-0014,2961,0,0.173,0.8168
6829-68771-0014,3570,0,0.0062,0.6371
6829-68771-0014,3575,0,-0.0041,0.4445
6829-68771-0014,3729,0,-0.0392,0.5776
6829-68771-0014,4446,0,-0.0728,0.5514
6829-68771-0014,4507,0,0.0468,0.5103
6829-68771-0014,4970,0,-0.068,0.3322
6829-68771-0014,4992,0,0.1276,0.5548
6829-68771-0014,5142,0,0.0179,0.4238
6829-68771-0014,5683,0,0.0216,0.4481
6829-68771-0014,6829,1,0.0179,0.4916
6829-68771-0014,8463,0,0.0259,0.5707
6829-68771-0014,8555,0,0.01,0.3924
6829-68771-0019,121,0,0.0846,0.8093
6829-68771-0019,1221,0,0.0316,0.6656
6829-68771-0019,1284,0,-0.1472,0.8066
6829-68771-0019,1580,0,-0.0678,0.7145
6829-68771-0019,1995,0,-0.0153,0.8396
6829-68771-0019,2094,0,-0.0474,0.7482
6829-68771-0019,237,0,-0.0595,0.669
6829-68771-0019,2961,0,0.0531,0.8351
6829-68771-0019,3570,0,0.0051,0.6909
6829-68771-0019,3575,0,-0.0898,0.5782
6829-68771-0019,3729,0,0.0078,0.7445
6829-68771-0019,4446,0,-0.1366,0.7363
6829-68771-0019,4507,0,0.1702,0.6755
6829-68771-0019,4970,0,-0.0761,0.5207
6829-68771-0019,4992,0,-0.0028,0.7363
6829-68771-0019,5142,0,0.0341,0.6369
6829-68771-0019,5683,0,0.1056,0.6432
6829-68771-0019,6829,1,-0.0274,0.6647
6829-68771-0019,8463,0,0.0855,0.7683
6829-68771-0019,8555,0,0.008,0.5789
6829-68771-0023,121,0,0.0243,0.8664
6829-68771-0023,1221,0,0.0196,0.6615
6829-68771-0023,1284,0,-0.0479,0.7847
6829-68771-0023,1580,0,-0.0192,0.7416
6829-68771-0023,1995,0,0.128,0.8257
6829-68771-0023,2094,0,-0.0937,0.7788
6829-68771-0023,237,0,-0.0401,0.7047
6829-68771-0023,2961,0,0.0502,0.9007
6829-68771-0023,3570,0,-0.0366,0.765
6829-68771-0023,3575,0,0.008,0.5625
6829-68771-0023,3729,0,0.0316,0.7839
6829-68771-0023,4446,0,-0.0736,0.7475
6829-68771-0023,4507,0,0.0073,0.7062
6829-68771-0023,4970,0,-0.0419,0.4415
6829-68771-0023,4992,0,0.1311,0.7396
6829-68771-0023,5142,0,-0.0915,0.5754
6829-68771-0023,5683,0,0.0444,0.6277
6829-68771-0023,6829,1,0.0349,0.6592
6829-68771-0023,8463,0,0.1285,0.7404
6829-68771-0023,8555,0,0.0488,0.5307
6829-68771-0025,121,0,0.116,0.785
6829-68771-0025,1221,0,0.0967,0.6127
6829-68771-0025,1284,0,-0.0222,0.7584
6829-68771-0025,1580,0,0.0707,0.661
6829-68771-0025,1995,0,0.0038,0.7985
6829-68771-0025,2094,0,-0.0912,0.6963
6829-68771-0025,237,0,-0.0214,0.6213
6829-68771-0025,2961,0,0.0374,0.8391
6829-68771-0025,3570,0,0.0348,0.6723
6829-68771-0025,3575,0,0.0095,0.4774
6829-68771-0025,3729,0,0.0163,0.6995
6829-68771-0025,4446,0,-0.1075,0.6963
6829-68771-0025,4507,0,0.1792,0.6243
6829-68771-0025,4970,0,-0.0785,0.408
6829-68771-0025,4992,0,-0.0305,0.6912
6829-68771-0025,5142,0,-0.0668,0.5573
6829-68771-0025,5683,0,0.0606,0.5485
6829-68771-0025,6829,1,0.0166,0.6
6829-68771-0025,8463,0,0.0971,0.7146
6829-68771-0025,8555,0,-0.0157,0.4932
6829-68771-0035,121,0,0.0091,0.8371
6829-68771-0035,1221,0,-0.0329,0.7067
6829-68771-0035,1284,0,-0.0277,0.84
6829-68771-0035,1580,0,0.0183,0.7923
6829-68771-0035,1995,0,-0.0417,0.814
6829-68771-0035,2094,0,-0.021,0.8002
6829-68771-0035,237,0,-0.0869,0.7001
6829-68771-0035,2961,0,0.0962,0.8241
6829-68771-0035,3570,0,0.0136,0.7189
6829-68771-0035,3575,0,-0.0928,0.6357
6829-68771-0035,3729,0,-0.0006,0.7899
6829-68771-0035,4446,0,-0.1413,0.7815
6829-68771-0035,4507,0,0.0916,0.7445
6829-68771-0035,4970,0,-0.1446,0.5724
6829-68771-0035,4992,0,-0.0036,0.7611
6829-68771-0035,5142,0,-0.0374,0.6634
6829-68771-0035,5683,0,0.0691,0.7151
6829-68771-0035,6829,1,-0.0189,0.7034
6829-68771-0035,8463,0,0.0779,0.7834
6829-68771-0035,8555,0,-0.0668,0.617
6930-75918-0009,1089,0,0.0569,0.7682
6930-75918-0009,1188,0,0.1928,0.7602
6930-75918-0009,1320,0,0.122,0.7433
6930-75918-0009,2300,0,0.0943,0.6464
6930-75918-0009,260,0,0.1094,0.8046
6930-75918-0009,2830,0,0.0805,0.6643
6930-75918-0009,4077,0,0.1788,0.7721
6930-75918-0009,5105,0,0.1406,0.7682
6930-75918-0009,5639,0,0.0933,0.847
6930-75918-0009,61,0,0.1125,0.7358
6930-75918-0009,672,0,0.1778,0.8285
6930-75918-0009,6930,1,0.0403,0.7343
6930-75918-0009,7021,0,0.101,0.7595
6930-75918-0009,7127,0,0.105,0.6679
6930-75918-0009,7176,0,-0.0562,0.6844
6930-75918-0009,7729,0,0.1256,0.8165
6930-75918-0009,8224,0,0.0446,0.7819
6930-75918-0009,8230,0,-0.0479,0.6778
6930-75918-0009,8455,0,0.0706,0.7301
6930-75918-0009,908,0,0.156,0.8528
6930-75918-0015,1089,0,0.1115,0.8568
6930-75918-0015,1188,0,0.155,0.8613
6930-75918-0015,1320,0,0.1407,0.7829
6930-75918-0015,2300,0,0.0692,0.5955
6930-75918-0015,260,0,0.1754,0.8844
6930-75918-0015,2830,0,0.1241,0.809
6930-75918-0015,4077,0,0.0885,0.7921
6930-75918-0015,5105,0,0.0978,0.8247
6930-75918-0015,5639,0,0.2067,0.9055
6930-75918-0015,61,0,0.1656,0.8732
6930-75918-0015,672,0,0.2401,0.9049
6930-75918-0015,6930,1,0.1357,0.8337
6930-75918-0015,7021,0,0.0588,0.776
6930-75918-0015,7127,0,0.1068,0.7096
6930-75918-0015,7176,0,-0.02,0.8483
6930-75918-0015,7729,0,0.2332,0.8586
6930-75918-0015,8224,0,-0.0061,0.8323
6930-75918-0015,8230,0,0.0886,0.8627
6930-75918-0015,8455,0,-0.0275,0.7622
6930-75918-0015,908,0,0.0294,0.9049
6930-75918-0018,1089,0,0.0944,0.748
6930-75918-0018,1188,0,0.2387,0.7746
6930-75918-0018,1320,0,-0.0091,0.6709
6930-75918-0018,2300,0,0.086,0.5348
6930-75918-0018,260,0,0.0206,0.8156
6930-75918-0018,2830,0,0.0447,0.714
6930-75918-0018,4077,0,0.1318,0.714
6930-75918-0018,5105,0,-0.0509,0.7217
6930-75918-0018,5639,0,0.117,0.8745
6930-75918-0018,61,0,0.204,0.7959
6930-75918-0018,672,0,0.1261,0.8271
6930-75918-0018,6930,1,-0.0585,0.7387
6930-75918-0018,7021,0,0.012,0.6859
6930-75918-0018,7127,0,0.1101,0.5919
6930-75918-0018,7176,0,-0.0818,0.7491
6930-75918-0018,7729,0,0.1926,0.7911
6930-75918-0018,8224,0,-0.0538,0.8208
6930-75918-0018,8230,0,0.0683,0.7581
6930-75918-0018,8455,0,-0.0263,0.6669
6930-75918-0018,908,0,-0.1067,0.8317
6930-75918-0019,1089,0,0.1113,0.7448
6930-75918-0019,1188,0,0.0714,0.7846
6930-75918-0019,1320,0,-0.052,0.6554
6930-75918-0019,2300,0,-0.061,0.4356
6930-75918-0019,260,0,0.0376,0.8182
6930-75918-0019,2830,0,0.117,0.7621
6930-75918-0019,4077,0,0.0821,0.6673
6930-75918-0019,5105,0,0.0291,0.7071
6930-75918-0019,5639,0,0.2093,0.8746
6930-75918-0019,61,0,0.047,0.7715
6930-75918-0019,672,0,0.2115,0.8241
6930-75918-0019,6930,1,-0.0174,0.7605
6930-75918-0019,7021,0,-0.0351,0.6389
6930-75918-0019,7127,0,0.1032,0.5826
6930-75918-0019,7176,0,-0.0647,0.7425
6930-75918-0019,7729,0,0.0999,0.732
6930-75918-0019,8224,0,0.0161,0.8057
6930-75918-0019,8230,0,0.1145,0.793
6930-75918-0019,8455,0,-0.0927,0.6427
6930-75918-0019,908,0,0.0379,0.7962
6930-76324-0008,1089,0,0.0538,0.7796
6930-76324-0008,1188,0,0.2974,0.8448
6930-76324-0008,1320,0,0.084,0.7213
6930-76324-0008,2300,0,-0.0524,0.5616
6930-76324-0008,260,0,0.0962,0.8691
6930-76324-0008,2830,0,0.1062,0.8187
6930-76324-0008,4077,0,0.0707,0.753
6930-76324-0008,5105,0,0.0634,0.7924
6930-76324-0008,5639,0,0.0334,0.8801
6930-76324-0008,61,0,0.1637,0.8781
6930-76324-0008,672,0,0.0751,0.8249
6930-76324-0008,6930,1,-0.0659,0.7643
6930-76324-0008,7021,0,0.0941,0.739
6930-76324-0008,7127,0,-0.0184,0.6755
6930-76324-0008,7176,0,0.0363,0.8342
6930-76324-0008,7729,0,0.24,0.8801
6930-76324-0008,8224,0,-0.014,0.7644
6930-76324-0008,8230,0,0.1117,0.8354
6930-76324-0008,8455,0,0.0163,0.6743
6930-76324-0008,908,0,0.0257,0.8511
6930-76324-0011,1089,0,-0.0075,0.754
6930-76324-0011,1188,0,0.1823,0.7928
6930-76324-0011,1320,0,0.1124,0.681
6930-76324-0011,2300,0,-0.0128,0.4827
6930-76324-0011,260,0,0.0533,0.8253
6930-76324-0011,2830,0,0.0881,0.7464
6930-76324-0011,4077,0,0.0861,0.7017
6930-76324-0011,5105,0,0.1072,0.7211
6930-76324-0011,5639,0,0.1717,0.8846
6930-76324-0011,61,0,0.072,0.7766
6930-76324-0011,672,0,0.2396,0.8366
6930-76324-0011,6930,1,0.1014,0.7613
6930-76324-0011,7021,0,-0.0338,0.6632
6930-76324-0011,7127,0,-0.0377,0.6009
6930-76324-0011,7176,0,-0.0547,0.7565
6930-76324-0011,7729,0,0.1104,0.7638
6930-76324-0011,8224,0,0.0579,0.8284
6930-76324-0011,8230,0,-0.0083,0.7759
6930-76324-0011,8455,0,0.075,0.6727
6930-76324-0011,908,0,-0.0077,0.822
6930-76324-0025,1089,0,0.0034,0.6885
6930-76324-0025,1188,0,0.1811,0.6789
6930-76324-0025,1320,0,-0.017,0.6658
6930-76324-0025,2300,0,-0.0371,0.5778
6930-76324-0025,260,0,0.1177,0.7216
6930-76324-0025,2830,0,0.1471,0.6195
6930-76324-0025,4077,0,0.0194,0.6629
6930-76324-0025,5105,0,0.0056,0.6991
6930-76324-0025,5639,0,0.0839,0.7925
6930-76324-0025,61,0,0.1235,0.6564
6930-76324-0025,672,0,0.0527,0.7574
6930-76324-0025,6930,1,0.0466,0.6993
6930-76324-0025,7021,0,-0.0807,0.6922
6930-76324-0025,7127,0,0.0783,0.5794
6930-76324-0025,7176,0,-0.0293,0.598
6930-76324-0025,7729,0,0.0828,0.7377
6930-76324-0025,8224,0,0.0809,0.7473
6930-76324-0025,8230,0,-0.0128,0.6077
6930-76324-0025,8455,0,-0.0109,0.6356
6930-76324-0025,908,0,0.028,0.792
6930-76324-0028,1089,0,0.1151,0.8112
6930-76324-0028,1188,0,0.2275,0.813
6930-76324-0028,1320,0,0.1081,0.7477
6930-76324-0028,2300,0,0.0382,0.5581
6930-76324-0028,260,0,0.0745,0.8481
6930-76324-0028,2830,0,0.1302,0.7565
6930-76324-0028,4077,0,0.1149,0.765
6930-76324-0028,5105,0,0.05,0.7934
6930-76324-0028,5639,0,0.2748,0.914
6930-76324-0028,61,0,0.2583,0.8093
6930-76324-0028,672,0,0.1994,0.8791
6930-76324-0028,6930,1,0.01,0.7723
6930-76324-0028,7021,0,0.0195,0.7484
6930-76324-0028,7127,0,0.0952,0.6749
6930-76324-0028,7176,0,0.0486,0.7772
6930-76324-0028,7729,0,0.2975,0.8146
6930-76324-0028,8224,0,0.0209,0.8292
6930-76324-0028,8230,0,0.0886,0.7883
6930-76324-0028,8455,0,-0.0835,0.7077
6930-76324-0028,908,0,-0.0257,0.8806
6930-81414-0011,1089,0,0.1637,0.8452
6930-81414-0011,1188,0,0.2578,0.8438
6930-81414-0011,1320,0,-0.1159,0.7643
6930-81414-0011,2300,0,-0.0129,0.6051
6930-81414-0011,260,0,0.0083,0.8286
6930-81414-0011,2830,0,0.1247,0.7877
6930-81414-0011,4077,0,0.0017,0.7127
6930-81414-0011,5105,0,-0.0301,0.812
6930-81414-0011,5639,0,0.0557,0.8566
6930-81414-0011,61,0,0.1949,0.7893
6930-81414-0011,672,0,0.0436,0.8706
6930-81414-0011,6930,1,-0.0891,0.7609
6930-81414-0011,7021,0,-0.0015,0.7957
6930-81414-0011,7127,0,-0.0194,0.6899
6930-81414-0011,7176,0,-0.0269,0.7487
6930-81414-0011,7729,0,0.1462,0.8089
6930-81414-0011,8224,0,-0.0686,0.7873
6930-81414-0011,8230,0,0.1833,0.8204
6930-81414-0011,8455,0,-0.1619,0.7046
6930-81414-0011,908,0,0.0827,0.8667
6930-81414-0023,1089,0,0.0191,0.6773
6930-81414-0023,1188,0,0.1001,0.7581
6930-81414-0023,1320,0,-0.0161,0.5854
6930-81414-0023,2300,0,0.0027,0.3742
6930-81414-0023,260,0,-0.0504,0.7956
6930-81414-0023,2830,0,0.1295,0.7545
6930-81414-0023,4077,0,0.0381,0.6001
6930-81414-0023,5105,0,0.0692,0.6451
6930-81414-0023,5639,0,0.2253,0.8288
6930-81414-0023,61,0,0.1625,0.7619
6930-81414-0023,672,0,-0.0065,0.7537
6930-81414-0023,6930,1,-0.0341,0.7214
6930-81414-0023,7021,0,-0.0052,0.573
6930-81414-0023,7127,0,-0.012,0.5173
6930-81414-0023,7176,0,0.1012,0.7363
6930-81414-0023,7729,0,0.2383,0.6959
6930-81414-0023,8224,0,-0.0605,0.7425
6930-81414-0023,8230,0,0.13,0.787
6930-81414-0023,8455,0,-0.1411,0.5819
6930-81414-0023,908,0,-0.0061,0.7322
7021-79730-0006,1089,0,0.143,0.7734
7021-79730-0006,1188,0,0.1997,0.7906
7021-79730-0006,1320,0,-0.027,0.7035
7021-79730-0006,2300,0,0.0797,0.5394
7021-79730-0006,260,0,0.0892,0.8205
7021-79730-0006,2830,0,0.1153,0.7297
7021-79730-0006,4077,0,0.1503,0.7413
7021-79730-0006,5105,0,0.0799,0.7452
7021-79730-0006,5639,0,0.1342,0.8888
7021-79730-0006,61,0,0.1051,0.764
7021-79730-0006,672,0,0.0543,0.8481
7021-79730-0006,6930,0,0.0418,0.7556
7021-79730-0006,7021,1,0.1677,0.7027
7021-79730-0006,7127,0,0.2464,0.6419
7021-79730-0006,7176,0,-0.0233,0.7444
7021-79730-0006,7729,0,0.2063,0.7788
7021-79730-0006,8224,0,-0.0068,0.8122
7021-79730-0006,8230,0,0.0718,0.762
7021-79730-0006,8455,0,0.1108,0.7036
7021-79730-0006,908,0,-0.0302,0.8242
7021-79730-0009,1089,0,0.1857,0.7392
7021-79730-0009,1188,0,0.2357,0.7487
7021-79730-0009,1320,0,0.0495,0.6459
7021-79730-0009,2300,0,0.1183,0.4841
7021-79730-0009,260,0,0.0488,0.7625
7021-79730-0009,2830,0,0.1778,0.6925
7021-79730-0009,4077,0,0.1618,0.7064
7021-79730-0009,5105,0,0.0342,0.7027
7021-79730-0009,5639,0,0.1888,0.8957
7021-79730-0009,61,0,0.1422,0.7364
7021-79730-0009,672,0,0.1534,0.8082
7021-79730-0009,6930,0,0.0022,0.6793
7021-79730-0009,7021,1,0.0887,0.6549
7021-79730-0009,7127,0,0.1579,0.5996
7021-79730-0009,7176,0,-0.0668,0.6961
7021-79730-0009,7729,0,0.1,0.7819
7021-79730-0009,8224,0,0.09,0.8168
7021-79730-0009,8230,0,0.1268,0.7219
7021-79730-0009,8455,0,0.0624,0.6102
7021-79730-0009,908,0,-0.0365,0.8018
7021-79740-0001,1089,0,0.006,0.6693
7021-79740-0001,1188,0,0.1707,0.7338
7021-79740-0001,1320,0,-0.0338,0.6017
7021-79740-0001,2300,0,0.0854,0.4088
7021-79740-0001,260,0,0.0159,0.7499
7021-79740-0001,2830,0,0.1846,0.7223
7021-79740-0001,4077,0,0.125,0.572
7021-79740-0001,5105,0,0.0522,0.6554
7021-79740-0001,5639,0,0.1723,0.793
7021-79740-0001,61,0,0.0966,0.7066
7021-79740-0001,672,0,0.1426,0.7638
7021-79740-0001,6930,0,-0.0396,0.7096
7021-79740-0001,7021,1,0.1379,0.6008
7021-79740-0001,7127,0,0.1078,0.5143
7021-79740-0001,7176,0,-0.021,0.6733
7021-79740-0001,7729,0,0.1465,0.644
7021-79740-0001,8224,0,0.0868,0.7684
7021-79740-0001,8230,0,0.099,0.7251
7021-79740-0001,8455,0,0.0555,0.5874
7021-79740-0001,908,0,-0.0602,0.7277
7021-79740-0002,1089,0,0.0515,0.7916
7021-79740-0002,1188,0,0.0902,0.7706
7021-79740-0002,1320,0,-0.0297,0.7261
7021-79740-0002,2300,0,-0.0235,0.6348
7021-79740-0002,260,0,-0.0453,0.8059
7021-79740-0002,2830,0,0.0738,0.6692
7021-79740-0002,4077,0,0.0919,0.8249
7021-79740-0002,5105,0,0.0077,0.7457
7021-79740-0002,5639,0,0.1911,0.8805
7021-79740-0002,61,0,0.0368,0.7635
7021-79740-0002,672,0,0.0828,0.8343
7021-79740-0002,6930,0,-0.0433,0.7181
7021-79740-0002,7021,1,-0.0488,0.7245
7021-79740-0002,7127,0,0.1483,0.6879
7021-79740-0002,7176,0,-0.1592,0.7292
7021-79740-0002,7729,0,0.1661,0.8622
7021-79740-0002,8224,0,-0.008,0.7775
7021-79740-0002,8230,0,-0.0064,0.7134
7021-79740-0002,8455,0,-0.0494,0.7305
7021-79740-0002,908,0,-0.1027,0.8502
7021-79740-0003,1089,0,0.0781,0.8148
7021-79740-0003,1188,0,0.1844,0.8202
7021-79740-0003,1320,0,0.0486,0.7781
7021-79740-0003,2300,0,0.095,0.6301
7021-79740-0003,260,0,0.0747,0.8597
7021-79740-0003,2830,0,0.1292,0.7649
7021-79740-0003,4077,0,0.092,0.8012
7021-79740-0003,5105,0,-0.0177,0.8218
7021-79740-0003,5639,0,0.0788,0.8944
7021-79740-0003,61,0,0.1209,0.8025
7021-79740-0003,672,0,0.1561,0.8795
7021-79740-0003,6930,0,-0.0284,0.8068
7021-79740-0003,7021,1,0.0178,0.7776
7021-79740-0003,7127,0,0.1483,0.7175
7021-79740-0003,7176,0,0.0168,0.7632
7021-79740-0003,7729,0,0.1727,0.8316
7021-79740-0003,8224,0,0.0098,0.8267
7021-79740-0003,8230,0,0.0035,0.7691
7021-79740-0003,8455,0,0.0714,0.7558
7021-79740-0003,908,0,-0.0436,0.8656
7021-79740-0004,1089,0,0.0559,0.6682
7021-79740-0004,1188,0,0.0658,0.6998
7021-79740-0004,1320,0,-0.0671,0.5935
7021-79740-0004,2300,0,0.0686,0.4222
7021-79740-0004,260,0,0.0685,0.7364
7021-79740-0004,2830,0,0.1261,0.6462
7021-79740-0004,4077,0,0.0704,0.6131
7021-79740-0004,5105,0,-0.0187,0.6363
7021-79740-0004,5639,0,0.1945,0.8226
7021-79740-0004,61,0,0.0893,0.6731
7021-79740-0004,672,0,0.0949,0.7755
7021-79740-0004,6930,0,-0.0939,0.6918
7021-79740-0004,7021,1,-0.0694,0.5823
7021-79740-0004,7127,0,0.1656,0.5027
7021-79740-0004,7176,0,-0.0954,0.6421
7021-79740-0004,7729,0,0.1393,0.6508
7021-79740-0004,8224,0,0.0421,0.8234
7021-79740-0004,8230,0,0.0587,0.6749
7021-79740-0004,8455,0,0.0057,0.6071
7021-79740-0004,908,0,-0.0954,0.7355
7021-79759-0003,1089,0,0.0708,0.5853
7021-79759-0003,1188,0,0.2446,0.6004
7021-79759-0003,1320,0,0.0984,0.529
7021-79759-0003,2300,0,0.1543,0.3589
7021-79759-0003,260,0,0.0471,0.6197
7021-79759-0003,2830,0,0.1043,0.5455
7021-79759-0003,4077,0,0.0729,0.5129
7021-79759-0003,5105,0,0.0855,0.5831
7021-79759-0003,5639,0,0.124,0.7564
7021-79759-0003,61,0,0.1292,0.5472
7021-79759-0003,672,0,0.2778,0.7011
7021-79759-0003,6930,0,-0.0411,0.5905
7021-79759-0003,7021,1,0.1761,0.5409
7021-79759-0003,7127,0,0.1059,0.434
7021-79759-0003,7176,0,-0.0216,0.5052
7021-79759-0003,7729,0,0.0761,0.5494
7021-79759-0003,8224,0,0.0688,0.7716
7021-79759-0003,8230,0,0.0324,0.5524
7021-79759-0003,8455,0,0.0394,0.5116
7021-79759-0003,908,0,0.0141,0.6656
7021-79759-0005,1089,0,0.2147,0.8153
7021-79759-0005,1188,0,0.1969,0.8372
7021-79759-0005,1320,0,0.1188,0.7608
7021-79759-0005,2300,0,0.0922,0.6032
7021-79759-0005,260,0,0.0146,0.844
7021-79759-0005,2830,0,0.1902,0.7747
7021-79759-0005,4077,0,0.1191,0.8157
7021-79759-0005,5105,0,0.1497,0.8111
7021-79759-0005,5639,0,0.1663,0.9287
7021-79759-0005,61,0,0.1891,0.8045
7021-79759-0005,672,0,0.1214,0.8651
7021-79759-0005,6930,0,-0.0568,0.7401
7021-79759-0005,7021,1,0.1432,0.7593
7021-79759-0005,7127,0,0.1936,0.7383
7021-79759-0005,7176,0,-0.0082,0.7668
7021-79759-0005,7729,0,0.2545,0.8674
7021-79759-0005,8224,0,-0.0022,0.8238
7021-79759-0005,8230,0,0.125,0.7757
7021-79759-0005,8455,0,0.0139,0.711
7021-79759-0005,908,0,-0.0348,0.8566
7021-85628-0008,1089,0,0.1386,0.8113
7021-85628-0008,1188,0,0.1577,0.8141
7021-85628-0008,1320,0,0.0611,0.7418
7021-85628-0008,2300,0,0.1113,0.6125
7021-85628-0008,260,0,-0.0118,0.8283
7021-85628-0008,2830,0,0.1256,0.7327
7021-85628-0008,4077,0,0.0318,0.791
7021-85628-0008,5105,0,0.034,0.7682
7021-85628-0008,5639,0,0.1847,0.8847
7021-85628-0008,61,0,0.1092,0.806
7021-85628-0008,672,0,0.166,0.8608
7021-85628-0008,6930,0,-0.0063,0.7479
7021-85628-0008,7021,1,0.0415,0.7372
7021-85628-0008,7127,0,0.2759,0.6843
7021-85628-0008,7176,0,-0.0887,0.7713
7021-85628-0008,7729,0,0.1719,0.8508
7021-85628-0008,8224,0,0.0405,0.8285
7021-85628-0008,8230,0,0.0257,0.7675
7021-85628-0008,8455,0,0.06,0.7275
7021-85628-0008,908,0,0.0727,0.8643
7021-85628-0009,1089,0,0.1621,0.756
7021-85628-0009,1188,0,0.1967,0.7879
7021-85628-0009,1320,0,0.0274,0.6622
7021-85628-0009,2300,0,0.067,0.4424
7021-85628-0009,260,0,0.151,0.8157
7021-85628-0009,2830,0,0.1983,0.7455
7021-85628-0009,4077,0,0.0855,0.7122
7021-85628-0009,5105,0,0.0874,0.717
7021-85628-0009,5639,0,0.2807,0.9141
7021-85628-0009,61,0,0.0889,0.7707
7021-85628-0009,672,0,0.2685,0.8397
7021-85628-0009,6930,0,-0.0205,0.7272
7021-85628-0009,7021,1,0.0983,0.6469
7021-85628-0009,7127,0,0.2025,0.6066
7021-85628-0009,7176,0,-0.0256,0.7537
7021-85628-0009,7729,0,0.1414,0.7608
7021-85628-0009,8224,0,0.0748,0.8285
7021-85628-0009,8230,0,0.1658,0.7764
7021-85628-0009,8455,0,0.046,0.6394
7021-85628-0009,908,0,-0.0366,0.8106
7127-75946-0002,1089,0,0.1007,0.7824
7127-75946-0002,1188,0,0.2665,0.8193
7127-75946-0002,1320,0,-0.1475,0.6947
7127-75946-0002,2300,0,0.0396,0.5165
7127-75946-0002,260,0,-0.0041,0.8408
7127-75946-0002,2830,0,0.1539,0.7711
7127-75946-0002,4077,0,0.118,0.7526
7127-75946-0002,5105,0,-0.0139,0.7393
7127-75946-0002,5639,0,0.175,0.903
7127-75946-0002,61,0,0.1744,0.8147
7127-75946-0002,672,0,-0.0477,0.847
7127-75946-0002,6930,0,-0.073,0.7583
7127-75946-0002,7021,0,0.029,0.6815
7127-75946-0002,7127,1,0.1747,0.6446
7127-75946-0002,7176,0,-0.0618,0.7974
7127-75946-0002,7729,0,0.1652,0.8155
7127-75946-0002,8224,0,0.0296,0.818
7127-75946-0002,8230,0,0.1681,0.8063
7127-75946-0002,8455,0,0.0239,0.6893
7127-75946-0002,908,0,-0.0353,0.8322
7127-75946-0004,1089,0,0.029,0.7771
7127-75946-0004,1188,0,0.0719,0.7656
7127-75946-0004,1320,0,-0.003,0.7219
7127-75946-0004,2300,0,-0.0005,0.5847
7127-75946-0004,260,0,-0.0273,0.7876
7127-75946-0004,2830,0,0.08,0.6655
7127-75946-0004,4077,0,0.1179,0.7818
7127-75946-0004,5105,0,0.0372,0.7335
7127-75946-0004,5639,0,0.0575,0.8589
7127-75946-0004,61,0,0.1217,0.7171
7127-75946-0004,672,0,0.0504,0.8118
7127-75946-0004,6930,0,-0.1219,0.6821
7127-75946-0004,7021,0,-0.0133,0.7105
7127-75946-0004,7127,1,0.0929,0.68
7127-75946-0004,7176,0,-0.0318,0.683
7127-75946-0004,7729,0,0.2079,0.8302
7127-75946-0004,8224,0,0.0154,0.7194
7127-75946-0004,8230,0,0.0047,0.6875
7127-75946-0004,8455,0,-0.0557,0.6988
7127-75946-0004,908,0,0.0029,0.8391
7127-75946-0012,1089,0,0.1375,0.7657
7127-75946-0012,1188,0,0.2602,0.8102
7127-75946-0012,1320,0,0.0179,0.6848
7127-75946-0012,2300,0,0.1251,0.5283
7127-75946-0012,260,0,0.0662,0.8069
7127-75946-0012,2830,0,0.1383,0.7428
7127-75946-0012,4077,0,0.1661,0.766
7127-75946-0012,5105,0,0.0863,0.7476
7127-75946-0012,5639,0,0.1898,0.9178
7127-75946-0012,61,0,0.1388,0.784
7127-75946-0012,672,0,0.0798,0.8149
7127-75946-0012,6930,0,-0.0697,0.6942
7127-75946-0012,7021,0,0.0578,0.6901
7127-75946-0012,7127,1,0.1802,0.6664
7127-75946-0012,7176,0,0.0163,0.7538
7127-75946-0012,7729,0,0.2797,0.8553
7127-75946-0012,8224,0,0.1227,0.8171
7127-75946-0012,8230,0,0.0937,0.7634
7127-75946-0012,8455,0,0.0922,0.6446
7127-75946-0012,908,0,-0.0011,0.8168
7127-75946-0024,1089,0,0.078,0.7096
7127-75946-0024,1188,0,0.1626,0.7635
7127-75946-0024,1320,0,-0.0138,0.6228
7127-75946-0024,2300,0,0.1175,0.4647
7127-75946-0024,260,0,-0.0159,0.7761
7127-75946-0024,2830,0,0.1648,0.6998
7127-75946-0024,4077,0,0.0765,0.6785
7127-75946-0024,5105,0,0.1378,0.6751
7127-75946-0024,5639,0,0.168,0.8686
7127-75946-0024,61,0,0.2367,0.733
7127-75946-0024,672,0,-0.022,0.773
7127-75946-0024,6930,0,0.0338,0.6843
7127-75946-0024,7021,0,0.0941,0.6242
7127-75946-0024,7127,1,0.0735,0.5772
7127-75946-0024,7176,0,0.1172,0.7068
7127-75946-0024,7729,0,0.197,0.7618
7127-75946-0024,8224,0,0.075,0.7892
7127-75946-0024,8230,0,0.0964,0.7323
7127-75946-0024,8455,0,0.0704,0.6205
7127-75946-0024,908,0,0.028,0.761
7127-75947-0001,1089,0,0.0868,0.7806
7127-75947-0001,1188,0,0.2002,0.8147
7127-75947-0001,1320,0,0.0323,0.7168
7127-75947-0001,2300,0,0.0626,0.5503
7127-75947-0001,260,0,0.0614,0.8547
7127-75947-0001,2830,0,0.0785,0.7642
7127-75947-0001,4077,0,0.1224,0.7645
7127-75947-0001,5105,0,0.0736,0.7487
7127-75947-0001,5639,0,0.1772,0.894
7127-75947-0001,61,0,0.1234,0.8019
7127-75947-0001,672,0,0.1461,0.8576
7127-75947-0001,6930,0,0.035,0.7722
7127-75947-0001,7021,0,0.0442,0.6987
7127-75947-0001,7127,1,0.0788,0.6555
7127-75947-0001,7176,0,-0.0944,0.768
7127-75947-0001,7729,0,0.0933,0.817
7127-75947-0001,8224,0,0.0376,0.7936
7127-75947-0001,8230,0,0.039,0.7895
7127-75947-0001,8455,0,0.0423,0.7221
7127-75947-0001,908,0,-0.0803,0.8324
7127-75947-0007,1089,0,-0.05,0.7585
7127-75947-0007,1188,0,0.2406,0.7654
7127-75947-0007,1320,0,-0.0085,0.7249
7127-75947-0007,2300,0,0.0497,0.6296
7127-75947-0007,260,0,0.1199,0.8263
7127-75947-0007,2830,0,0.1213,0.6754
7127-75947-0007,4077,0,0.066,0.8176
7127-75947-0007,5105,0,0.0157,0.7635
7127-75947-0007,5639,0,0.0967,0.8738
7127-75947-0007,61,0,-0.0183,0.7866
7127-75947-0007,672,0,0.111,0.84
7127-75947-0007,6930,0,0.0351,0.7496
7127-75947-0007,7021,0,0.0939,0.7357
7127-75947-0007,7127,1,0.116,0.6644
7127-75947-0007,7176,0,-0.0882,0.758
7127-75947-0007,7729,0,0.0801,0.855
7127-75947-0007,8224,0,0.0431,0.7996
7127-75947-0007,8230,0,-0.0786,0.7023
7127-75947-0007,8455,0,0.0367,0.7353
7127-75947-0007,908,0,-0.0591,0.8618
7127-75947-0023,1089,0,-0.0708,0.668
7127-75947-0023,1188,0,0.0079,0.6395
7127-75947-0023,1320,0,-0.0521,0.6286
7127-75947-0023,2300,0,0.047,0.5643
7127-75947-0023,260,0,-0.0019,0.6712
7127-75947-0023,2830,0,-0.0257,0.5425
7127-75947-0023,4077,0,0.1083,0.6754
7127-75947-0023,5105,0,0.0564,0.6679
7127-75947-0023,5639,0,0.0945,0.7993
7127-75947-0023,61,0,0.0901,0.6271
7127-75947-0023,672,0,0.0672,0.7479
7127-75947-0023,6930,0,0.0302,0.6365
7127-75947-0023,7021,0,-0.0121,0.6574
7127-75947-0023,7127,1,0.0579,0.5534
7127-75947-0023,7176,0,-0.0806,0.5708
7127-75947-0023,7729,0,0.2081,0.7216
7127-75947-0023,8224,0,0.1276,0.7954
7127-75947-0023,8230,0,0.0098,0.5692
7127-75947-0023,8455,0,-0.0007,0.6196
7127-75947-0023,908,0,-0.0134,0.7607
7127-75947-0025,1089,0,0.0124,0.735
7127-75947-0025,1188,0,0.1669,0.7867
7127-75947-0025,1320,0,0.0433,0.6935
7127-75947-0025,2300,0,0.0993,0.5265
7127-75947-0025,260,0,0.0305,0.8051
7127-75947-0025,2830,0,0.0455,0.741
7127-75947-0025,4077,0,0.1958,0.7321
7127-75947-0025,5105,0,0.0858,0.7434
7127-75947-0025,5639,0,0.2096,0.8892
7127-75947-0025,61,0,0.1337,0.7497
7127-75947-0025,672,0,0.1843,0.8168
7127-75947-0025,6930,0,0.0596,0.7466
7127-75947-0025,7021,0,0.0136,0.6786
7127-75947-0025,7127,1,0.037,0.6433
7127-75947-0025,7176,0,0.0086,0.7177
7127-75947-0025,7729,0,0.1672,0.7808
7127-75947-0025,8224,0,-0.0451,0.8461
7127-75947-0025,8230,0,0.0015,0.728
7127-75947-0025,8455,0,0.0014,0.6751
7127-75947-0025,908,0,-0.0514,0.7888
7127-75947-0033,1089,0,0.0106,0.6939
7127-75947-0033,1188,0,0.1295,0.7242
7127-75947-0033,1320,0,-0.019,0.616
7127-75947-0033,2300,0,0.0639,0.4282
7127-75947-0033,260,0,-0.0104,0.7356
7127-75947-0033,2830,0,0.1126,0.6707
7127-75947-0033,4077,0,0.0502,0.6401
7127-75947-0033,5105,0,-0.0298,0.6552
7127-75947-0033,5639,0,0.2288,0.8484
7127-75947-0033,61,0,0.0591,0.672
7127-75947-0033,672,0,0.1383,0.7716
7127-75947-0033,6930,0,-0.0502,0.6878
7127-75947-0033,7021,0,-0.0121,0.596
7127-75947-0033,7127,1,0.1088,0.5513
7127-75947-0033,7176,0,-0.1159,0.6473
7127-75947-0033,7729,0,0.1032,0.6917
7127-75947-0033,8224,0,0.0628,0.8119
7127-75947-0033,8230,0,0.0896,0.6873
7127-75947-0033,8455,0,0.0239,0.6074
7127-75947-0033,908,0,-0.0725,0.7464
7127-75947-0040,1089,0,0.0647,0.8341
7127-75947-0040,1188,0,0.2228,0.843
7127-75947-0040,1320,0,0.0123,0.7624
7127-75947-0040,2300,0,0.0324,0.6091
7127-75947-0040,260,0,-0.0564,0.8641
7127-75947-0040,2830,0,0.105,0.7883
7127-75947-0040,4077,0,0.1496,0.7914
7127-75947-0040,5105,0,0.0517,0.8007
7127-75947-0040,5639,0,0.1925,0.9057
7127-75947-0040,61,0,0.1774,0.8413
7127-75947-0040,672,0,0.1229,0.8826
7127-75947-0040,6930,0,-0.0437,0.8133
7127-75947-0040,7021,0,-0.0204,0.7501
7127-75947-0040,7127,1,0.1443,0.7064
7127-75947-0040,7176,0,-0.0127,0.8083
7127-75947-0040,7729,0,0.2713,0.8481
7127-75947-0040,8224,0,0.1324,0.8432
7127-75947-0040,8230,0,0.0902,0.8314
7127-75947-0040,8455,0,0.0192,0.7554
7127-75947-0040,908,0,-0.0267,0.8619
7176-88083-0000,1089,0,-0.023,0.7748
7176-88083-0000,1188,0,0.094,0.8598
7176-88083-0000,1320,0,-0.0128,0.7214
7176-88083-0000,2300,0,-0.0003,0.5598
7176-88083-0000,260,0,0.0957,0.8918
7176-88083-0000,2830,0,0.1271,0.8158
7176-88083-0000,4077,0,0.0572,0.774
7176-88083-0000,5105,0,0.0016,0.7736
7176-88083-0000,5639,0,0.1697,0.8803
7176-88083-0000,61,0,0.1258,0.8738
7176-88083-0000,672,0,0.0264,0.8449
7176-88083-0000,6930,0,0.001,0.7863
7176-88083-0000,7021,0,-0.0301,0.7057
7176-88083-0000,7127,0,-0.005,0.6709
7176-88083-0000,7176,1,0.0645,0.8657
7176-88083-0000,7729,0,0.1416,0.8197
7176-88083-0000,8224,0,0.0983,0.8425
7176-88083-0000,8230,0,0.045,0.8383
7176-88083-0000,8455,0,-0.1355,0.7175
7176-88083-0000,908,0,-0.02,0.8228
7176-88083-0003,1089,0,-0.0014,0.6686
7176-88083-0003,1188,0,0.1599,0.7258
7176-88083-0003,1320,0,-0.0207,0.5788
7176-88083-0003,2300,0,0.0394,0.3474
7176-88083-0003,260,0,0.0213,0.7128
7176-88083-0003,2830,0,0.1502,0.6837
7176-88083-0003,4077,0,0.0089,0.571
7176-88083-0003,5105,0,0.0693,0.6207
7176-88083-0003,5639,0,0.1421,0.824
7176-88083-0003,61,0,0.1305,0.6548
7176-88083-0003,672,0,0.1427,0.7606
7176-88083-0003,6930,0,0.0376,0.647
7176-88083-0003,7021,0,0.0093,0.5558
7176-88083-0003,7127,0,0.0529,0.5063
7176-88083-0003,7176,1,-0.085,0.6477
7176-88083-0003,7729,0,0.0792,0.6354
7176-88083-0003,8224,0,0.0375,0.7948
7176-88083-0003,8230,0,0.0432,0.6974
7176-88083-0003,8455,0,-0.0279,0.5562
7176-88083-0003,908,0,0.0269,0.7189
7176-88083-0009,1089,0,0.1066,0.7585
7176-88083-0009,1188,0,0.074,0.8039
7176-88083-0009,1320,0,-0.0375,0.6506
7176-88083-0009,2300,0,-0.0973,0.4355
7176-88083-0009,260,0,-0.1038,0.8143
7176-88083-0009,2830,0,0.0379,0.7735
7176-88083-0009,4077,0,0.2263,0.7351
7176-88083-0009,5105,0,0.1018,0.7269
7176-88083-0009,5639,0,0.1574,0.9363
7176-88083-0009,61,0,0.0838,0.8068
7176-88083-0009,672,0,0.1108,0.8098
7176-88083-0009,6930,0,-0.0299,0.6882
7176-88083-0009,7021,0,-0.0382,0.6445
7176-88083-0009,7127,0,-0.0099,0.6377
7176-88083-0009,7176,1,-0.0406,0.7823
7176-88083-0009,7729,0,0.164,0.8423
7176-88083-0009,8224,0,0.0178,0.7663
7176-88083-0009,8230,0,0.1388,0.81
7176-88083-0009,8455,0,0.017,0.5978
7176-88083-0009,908,0,-0.037,0.8082
7176-88083-0025,1089,0,0.0827,0.7754
7176-88083-0025,1188,0,0.2675,0.8295
7176-88083-0025,1320,0,0.0538,0.6941
7176-88083-0025,2300,0,0.0483,0.4996
7176-88083-0025,260,0,0.1314,0.8619
7176-88083-0025,2830,0,0.1194,0.804
7176-88083-0025,4077,0,0.1704,0.7615
7176-88083-0025,5105,0,0.0813,0.7817
7176-88083-0025,5639,0,0.1882,0.9203
7176-88083-0025,61,0,0.2183,0.8797
7176-88083-0025,672,0,0.1567,0.8479
7176-88083-0025,6930,0,-0.0122,0.7551
7176-88083-0025,7021,0,0.044,0.7091
7176-88083-0025,7127,0,0.0448,0.6537
7176-88083-0025,7176,1,0.0388,0.8592
7176-88083-0025,7729,0,0.1073,0.8394
7176-88083-0025,8224,0,0.0146,0.8231
7176-88083-0025,8230,0,0.0063,0.8436
7176-88083-0025,8455,0,-0.0397,0.6519
7176-88083-0025,908,0,0.0687,0.8508
7176-88083-0026,1089,0,0.1864,0.7773
7176-88083-0026,1188,0,0.104,0.7609
7176-88083-0026,1320,0,0.042,0.6786
7176-88083-0026,2300,0,0.0459,0.4519
7176-88083-0026,260,0,0.0143,0.8035
7176-88083-0026,2830,0,0.086,0.7198
7176-88083-0026,4077,0,0.0567,0.7436
7176-88083-0026,5105,0,0.0043,0.722
7176-88083-0026,5639,0,0.1965,0.9264
7176-88083-0026,61,0,0.0945,0.7639
7176-88083-0026,672,0,0.2264,0.8605
7176-88083-0026,6930,0,-0.0151,0.7429
7176-88083-0026,7021,0,-0.0173,0.6425
7176-88083-0026,7127,0,0.0805,0.6217
7176-88083-0026,7176,1,-0.1863,0.7351
7176-88083-0026,7729,0,0.086,0.7483
7176-88083-0026,8224,0,0.0812,0.8502
7176-88083-0026,8230,0,0.1094,0.7671
7176-88083-0026,8455,0,0.0643,0.6611
7176-88083-0026,908,0,-0.0831,0.8106
7176-92135-0005,1089,0,0.1411,0.7704
7176-92135-0005,1188,0,0.1915,0.8436
7176-92135-0005,1320,0,-0.0113,0.692
7176-92135-0005,2300,0,-0.0415,0.4765
7176-92135-0005,260,0,0.0131,0.8514
7176-92135-0005,2830,0,0.0918,0.8
7176-92135-0005,4077,0,0.0576,0.7083
7176-92135-0005,5105,0,-0.0074,0.7425
7176-92135-0005,5639,0,0.1547,0.8824
7176-92135-0005,61,0,0.0747,0.8056
7176-92135-0005,672,0,0.1045,0.8463
7176-92135-0005,6930,0,-0.0211,0.77
7176-92135-0005,7021,0,-0.0304,0.6628
7176-92135-0005,7127,0,0.1181,0.6267
7176-92135-0005,7176,1,-0.1059,0.7819
7176-92135-0005,7729,0,0.0576,0.7685
7176-92135-0005,8224,0,0.0984,0.8277
7176-92135-0005,8230,0,0.0923,0.8309
7176-92135-0005,8455,0,0.1198,0.694
7176-92135-0005,908,0,-0.1235,0.7901
7176-92135-0006,1089,0,0.1398,0.7457
7176-92135-0006,1188,0,0.2162,0.8201
7176-92135-0006,1320,0,-0.0143,0.6403
7176-92135-0006,2300,0,-0.0458,0.4348
7176-92135-0006,260,0,0.0962,0.8255
7176-92135-0006,2830,0,0.1549,0.7898
7176-92135-0006,4077,0,0.0601,0.6672
7176-92135-0006,5105,0,-0.0085,0.6648
7176-92135-0006,5639,0,0.1163,0.8359
7176-92135-0006,61,0,0.1543,0.7806
7176-92135-0006,672,0,0.0728,0.7944
7176-92135-0006,6930,0,0.0047,0.7284
7176-92135-0006,7021,0,-0.0693,0.6033
7176-92135-0006,7127,0,0.0781,0.591
7176-92135-0006,7176,1,0.0167,0.7804
7176-92135-0006,7729,0,0.1543,0.7314
7176-92135-0006,8224,0,0.0542,0.7554
7176-92135-0006,8230,0,0.2129,0.8262
7176-92135-0006,8455,0,-0.1046,0.6508
7176-92135-0006,908,0,0.0521,0.7545
7176-92135-0009,1089,0,0.0531,0.6654
7176-92135-0009,1188,0,-0.0182,0.6815
7176-92135-0009,1320,0,-0.0459,0.6151
7176-92135-0009,2300,0,-0.0339,0.4639
7176-92135-0009,260,0,0.039,0.7059
7176-92135-0009,2830,0,-0.0357,0.6326
7176-92135-0009,4077,0,0.0426,0.5663
7176-92135-0009,5105,0,0.0028,0.6614
7176-92135-0009,5639,0,0.1368,0.7661
7176-92135-0009,61,0,0.058,0.6481
7176-92135-0009,672,0,0.2148,0.7508
7176-92135-0009,6930,0,-0.1177,0.6933
7176-92135-0009,7021,0,-0.1049,0.6381
7176-92135-0009,7127,0,-0.0021,0.5038
7176-92135-0009,7176,1,-0.1221,0.5998
7176-92135-0009,7729,0,0.1372,0.6478
7176-92135-0009,8224,0,0.0144,0.7578
7176-92135-0009,8230,0,0.0359,0.6458
7176-92135-0009,8455,0,-0.0518,0.5941
7176-92135-0009,908,0,-0.0604,0.7576
7176-92135-0022,1089,0,0.1262,0.8265
7176-92135-0022,1188,0,0.1826,0.8563
7176-92135-0022,1320,0,-0.0053,0.7309
7176-92135-0022,2300,0,-0.0239,0.5085
7176-92135-0022,260,0,-0.1049,0.8711
7176-92135-0022,2830,0,0.1362,0.805
7176-92135-0022,4077,0,-0.0026,0.7644
7176-92135-0022,5105,0,-0.0452,0.7634
7176-92135-0022,5639,0,0.2072,0.9074
7176-92135-0022,61,0,0.0369,0.8228
7176-92135-0022,672,0,0.1185,0.8868
7176-92135-0022,6930,0,-0.0492,0.7745
7176-92135-0022,7021,0,-0.0368,0.6973
7176-92135-0022,7127,0,0.1567,0.6784
7176-92135-0022,7176,1,-0.1674,0.8174
7176-92135-0022,7729,0,0.1444,0.7922
7176-92135-0022,8224,0,-0.0803,0.8306
7176-92135-0022,8230,0,0.0637,0.8443
7176-92135-0022,8455,0,-0.0446,0.7193
7176-92135-0022,908,0,-0.1274,0.842
7176-92135-0042,1089,0,-0.0141,0.7365
7176-92135-0042,1188,0,0.1373,0.7763
7176-92135-0042,1320,0,-0.0401,0.6306
7176-92135-0042,2300,0,-0.1078,0.3944
7176-92135-0042,260,0,-0.055,0.8242
7176-92135-0042,2830,0,0.0166,0.7428
7176-92135-0042,4077,0,0.0627,0.6827
7176-92135-0042,5105,0,-0.0208,0.6658
7176-92135-0042,5639,0,0.1671,0.8767
7176-92135-0042,61,0,0.0339,0.7598
7176-92135-0042,672,0,0.1351,0.8232
7176-92135-0042,6930,0,-0.0233,0.7447
7176-92135-0042,7021,0,0.0034,0.5918
7176-92135-0042,7127,0,-0.0094,0.5612
7176-92135-0042,7176,1,-0.1988,0.7563
7176-92135-0042,7729,0,0.0054,0.7035
7176-92135-0042,8224,0,-0.0426,0.7919
7176-92135-0042,8230,0,0.075,0.7877
7176-92135-0042,8455,0,0.0686,0.6478
7176-92135-0042,908,0,-0.0634,0.7728
7729-102255-0012,1089,0,-0.0081,0.8174
7729-102255-0012,1188,0,0.212,0.836
7729-102255-0012,1320,0,0.1065,0.7848
7729-102255-0012,2300,0,0.0599,0.6836
7729-102255-0012,260,0,0.0129,0.8503
7729-102255-0012,2830,0,0.0462,0.757
7729-102255-0012,4077,0,0.0874,0.8016
7729-102255-0012,5105,0,0.0669,0.805
7729-102255-0012,5639,0,0.0191,0.8434
7729-102255-0012,61,0,0.0484,0.7717
7729-102255-0012,672,0,0.13,0.8398
7729-102255-0012,6930,0,-0.0853,0.7685
7729-102255-0012,7021,0,0.0677,0.7943
7729-102255-0012,7127,0,0.2578,0.7431
7729-102255-0012,7176,0,-0.1075,0.7294
7729-102255-0012,7729,1,0.2689,0.8519
7729-102255-0012,8224,0,-0.0017,0.7485
7729-102255-0012,8230,0,0.0358,0.748
7729-102255-0012,8455,0,0.0304,0.7706
7729-102255-0012,908,0,0.0691,0.8443
7729-102255-0018,1089,0,0.2137,0.8144
7729-102255-0018,1188,0,0.2219,0.8554
7729-102255-0018,1320,0,0.1097,0.7465
7729-102255-0018,2300,0,0.026,0.5685
7729-102255-0018,260,0,0.135,0.8893
7729-102255-0018,2830,0,0.1535,0.8035
7729-102255-0018,4077,0,0.0803,0.7886
7729-102255-0018,5105,0,0.1399,0.783
7729-102255-0018,5639,0,0.1253,0.9058
7729-102255-0018,61,0,0.1863,0.8452
7729-102255-0018,672,0,0.2449,0.8718
7729-102255-0018,6930,0,-0.0029,0.7836
7729-102255-0018,7021,0,0.0498,0.7371
7729-102255-0018,7127,0,0.1985,0.6923
7729-102255-0018,7176,0,-0.0096,0.8189
7729-102255-0018,7729,1,0.1642,0.8535
7729-102255-0018,8224,0,0.0585,0.7871
7729-102255-0018,8230,0,0.101,0.8275
7729-102255-0018,8455,0,0.1064,0.7302
7729-102255-0018,908,0,0.0174,0.8707
7729-102255-0023,1089,0,0.0112,0.649
7729-102255-0023,1188,0,0.1999,0.7403
7729-102255-0023,1320,0,-0.0119,0.5677
7729-102255-0023,2300,0,0.0491,0.4088
7729-102255-0023,260,0,-0.0161,0.7638
7729-102255-0023,2830,0,0.0889,0.7065
7729-102255-0023,4077,0,0.095,0.6237
7729-102255-0023,5105,0,-0.0175,0.6319
7729-102255-0023,5639,0,0.1419,0.8335
7729-102255-0023,61,0,0.11,0.7566
7729-102255-0023,672,0,0.0633,0.7394
7729-102255-0023,6930,0,-0.0064,0.6651
7729-102255-0023,7021,0,-0.0587,0.5683
7729-102255-0023,7127,0,0.0794,0.506
7729-102255-0023,7176,0,-0.0331,0.7171
7729-102255-0023,7729,1,0.0362,0.7293
7729-102255-0023,8224,0,0.0971,0.7867
7729-102255-0023,8230,0,-0.0172,0.7249
7729-102255-0023,8455,0,0.0623,0.5605
7729-102255-0023,908,0,-0.0015,0.7371
7729-102255-0024,1089,0,0.0232,0.7333
7729-102255-0024,1188,0,0.1428,0.7581
7729-102255-0024,1320,0,0.0465,0.6658
7729-102255-0024,2300,0,0.0808,0.4866
7729-102255-0024,260,0,0.1167,0.7792
7729-102255-0024,2830,0,0.0369,0.6901
7729-102255-0024,4077,0,0.099,0.689
7729-102255-0024,5105,0,-0.0578,0.6954
7729-102255-0024,5639,0,0.1056,0.8603
7729-102255-0024,61,0,0.0632,0.6984
7729-102255-0024,672,0,0.1617,0.8216
7729-102255-0024,6930,0,-0.0228,0.7102
7729-102255-0024,7021,0,-0.0109,0.6457
7729-102255-0024,7127,0,0.1616,0.594
7729-102255-0024,7176,0,-0.1414,0.6782
7729-102255-0024,7729,1,0.1216,0.7133
7729-102255-0024,8224,0,0.0053,0.8204
7729-102255-0024,8230,0,-0.0575,0.7108
7729-102255-0024,8455,0,0.055,0.6654
7729-102255-0024,908,0,-0.1028,0.779
7729-102255-0030,1089,0,0.0416,0.8059
7729-102255-0030,1188,0,0.0844,0.8331
7729-102255-0030,1320,0,0.0106,0.724
7729-102255-0030,2300,0,0.0229,0.5189
7729-102255-0030,260,0,0.1112,0.8295
7729-102255-0030,2830,0,0.1158,0.7832
7729-102255-0030,4077,0,0.0715,0.7536
7729-102255-0030,5105,0,0.0147,0.7678
7729-102255-0030,5639,0,0.2245,0.9195
7729-102255-0030,61,0,0.0595,0.7944
7729-102255-0030,672,0,0.1984,0.8611
7729-102255-0030,6930,0,-0.0141,0.7499
7729-102255-0030,7021,0,-0.0281,0.6982
7729-102255-0030,7127,0,0.0963,0.6819
7729-102255-0030,7176,0,-0.0719,0.7775
7729-102255-0030,7729,1,0.103,0.8192
7729-102255-0030,8224,0,0.1095,0.8416
7729-102255-0030,8230,0,-0.0131,0.8089
7729-102255-0030,8455,0,-0.002,0.6857
7729-102255-0030,908,0,-0.0444,0.8337
7729-102255-0031,1089,0,0.1263,0.8164
7729-102255-0031,1188,0,0.1238,0.8372
7729-102255-0031,1320,0,-0.0098,0.7627
7729-102255-0031,2300,0,0.0285,0.657
7729-102255-0031,260,0,-0.0303,0.8241
7729-102255-0031,2830,0,0.1372,0.7836
7729-102255-0031,4077,0,0.0785,0.793
7729-102255-0031,5105,0,0.0453,0.8238
7729-102255-0031,5639,0,0.1687,0.8674
7729-102255-0031,61,0,0.241,0.8344
7729-102255-0031,672,0,0.0987,0.8269
7729-102255-0031,6930,0,-0.0076,0.7419
7729-102255-0031,7021,0,0.0285,0.7941
7729-102255-0031,7127,0,0.0872,0.7387
7729-102255-0031,7176,0,-0.0856,0.7857
7729-102255-0031,7729,1,0.2535,0.9168
7729-102255-0031,8224,0,0.0517,0.7658
7729-102255-0031,8230,0,0.1439,0.7931
7729-102255-0031,8455,0,-0.0075,0.6983
7729-102255-0031,908,0,-0.0969,0.8606
7729-102255-0035,1089,0,0.0571,0.8889
7729-102255-0035,1188,0,0.232,0.9267
7729-102255-0035,1320,0,0.0781,0.8356
7729-102255-0035,2300,0,0.1143,0.6836
7729-102255-0035,260,0,0.0856,0.947
7729-102255-0035,2830,0,0.0561,0.8627
7729-102255-0035,4077,0,0.1387,0.8713
7729-102255-0035,5105,0,0.1634,0.865
7729-102255-0035,5639,0,0.044,0.8723
7729-102255-0035,61,0,0.3332,0.9404
7729-102255-0035,672,0,-0.0074,0.9048
7729-102255-0035,6930,0,-0.0045,0.8276
7729-102255-0035,7021,0,0.0413,0.8195
7729-102255-0035,7127,0,0.116,0.797
7729-102255-0035,7176,0,0.0775,0.9241
7729-102255-0035,7729,1,0.1477,0.9098
7729-102255-0035,8224,0,0.1221,0.781
7729-102255-0035,8230,0,0.0972,0.9087
7729-102255-0035,8455,0,0.0672,0.8194
7729-102255-0035,908,0,0.0526,0.9037
7729-102255-0037,1089,0,0.1324,0.7635
7729-102255-0037,1188,0,0.1789,0.7698
7729-102255-0037,1320,0,-0.0007,0.6967
7729-102255-0037,2300,0,0.0878,0.5945
7729-102255-0037,260,0,-0.0272,0.8056
7729-102255-0037,2830,0,0.0567,0.6947
7729-102255-0037,4077,0,0.1363,0.7632
7729-102255-0037,5105,0,0.0458,0.7483
7729-102255-0037,5639,0,0.1921,0.8725
7729-102255-0037,61,0,0.254,0.784
7729-102255-0037,672,0,0.1036,0.8093
7729-102255-0037,6930,0,-0.036,0.7221
7729-102255-0037,7021,0,-0.0198,0.7277
7729-102255-0037,7127,0,0.1775,0.6461
7729-102255-0037,7176,0,0.0734,0.73
7729-102255-0037,7729,1,0.2755,0.859
7729-102255-0037,8224,0,0.0878,0.7648
7729-102255-0037,8230,0,0.1341,0.7274
7729-102255-0037,8455,0,-0.0118,0.6742
7729-102255-0037,908,0,0.0518,0.8518
7729-102255-0039,1089,0,0.0739,0.8229
7729-102255-0039,1188,0,0.313,0.8501
7729-102255-0039,1320,0,-0.024,0.7435
7729-102255-0039,2300,0,0.0645,0.5673
7729-102255-0039,260,0,0.0902,0.897
7729-102255-0039,2830,0,0.199,0.8045
7729-102255-0039,4077,0,0.0657,0.808
7729-102255-0039,5105,0,0.038,0.7888
7729-102255-0039,5639,0,0.1779,0.9153
7729-102255-0039,61,0,0.1488,0.8636
7729-102255-0039,672,0,0.0797,0.8847
7729-102255-0039,6930,0,-0.0172,0.814
7729-102255-0039,7021,0,0.0667,0.7343
7729-102255-0039,7127,0,0.1209,0.6958
7729-102255-0039,7176,0,0.03,0.8473
7729-102255-0039,7729,1,0.194,0.8548
7729-102255-0039,8224,0,0.0818,0.8105
7729-102255-0039,8230,0,0.1928,0.8429
7729-102255-0039,8455,0,0.0195,0.7435
7729-102255-0039,908,0,0.008,0.8749
7729-102255-0040,1089,0,0.151,0.7607
7729-102255-0040,1188,0,0.3068,0.8263
7729-102255-0040,1320,0,-0.0287,0.6911
7729-102255-0040,2300,0,0.0505,0.4897
7729-102255-0040,260,0,0.0559,0.8504
7729-102255-0040,2830,0,0.1981,0.7877
7729-102255-0040,4077,0,0.0991,0.7093
7729-102255-0040,5105,0,0.083,0.7552
7729-102255-0040,5639,0,0.1392,0.8859
7729-102255-0040,61,0,0.2235,0.828
7729-102255-0040,672,0,0.047,0.8391
7729-102255-0040,6930,0,0.0042,0.7839
7729-102255-0040,7021,0,0.0565,0.6854
7729-102255-0040,7127,0,0.1481,0.6178
7729-102255-0040,7176,0,0.0849,0.8051
7729-102255-0040,7729,1,0.1856,0.7782
7729-102255-0040,8224,0,0.0162,0.8532
7729-102255-0040,8230,0,0.1455,0.8139
7729-102255-0040,8455,0,-0.0211,0.6761
7729-102255-0040,908,0,0.0423,0.827
8224-274381-0007,1089,0,0.0957,0.697
8224-274381-0007,1188,0,0.1838,0.7341
8224-274381-0007,1320,0,0.0048,0.6021
8224-274381-0007,2300,0,-0.0071,0.3911
8224-274381-0007,260,0,0.0148,0.7275
8224-274381-0007,2830,0,0.1527,0.6737
8224-274381-0007,4077,0,-0.009,0.6379
8224-274381-0007,5105,0,-0.0186,0.6425
8224-274381-0007,5639,0,0.208,0.8591
8224-274381-0007,61,0,0.0797,0.689
8224-274381-0007,672,0,0.1919,0.7821
8224-274381-0007,6930,0,-0.0841,0.6578
8224-274381-0007,7021,0,-0.0769,0.5715
8224-274381-0007,7127,0,0.1222,0.5406
8224-274381-0007,7176,0,-0.135,0.6809
8224-274381-0007,7729,0,0.1326,0.686
8224-274381-0007,8224,1,-0.0743,0.84
8224-274381-0007,8230,0,0.034,0.7101
8224-274381-0007,8455,0,-0.0552,0.5865
8224-274381-0007,908,0,-0.0647,0.744
8224-274381-0010,1089,0,0.0979,0.7456
8224-274381-0010,1188,0,0.1649,0.7632
8224-274381-0010,1320,0,-0.0085,0.6815
8224-274381-0010,2300,0,-0.0102,0.5175
8224-274381-0010,260,0,-0.1258,0.7608
8224-274381-0010,2830,0,0.1558,0.7054
8224-274381-0010,4077,0,0.0411,0.6896
8224-274381-0010,5105,0,0.0165,0.7379
8224-274381-0010,5639,0,0.1725,0.8764
8224-274381-0010,61,0,0.0388,0.7309
8224-274381-0010,672,0,-0.0002,0.8192
8224-274381-0010,6930,0,-0.0569,0.7107
8224-274381-0010,7021,0,-0.1166,0.685
8224-274381-0010,7127,0,0.0918,0.6157
8224-274381-0010,7176,0,-0.1621,0.6937
8224-274381-0010,7729,0,0.0794,0.7594
8224-274381-0010,8224,1,0.0839,0.8695
8224-274381-0010,8230,0,0.0265,0.7218
8224-274381-0010,8455,0,-0.0282,0.6394
8224-274381-0010,908,0,-0.0678,0.7994
8224-274381-0011,1089,0,0.024,0.6783
8224-274381-0011,1188,0,0.1062,0.706
8224-274381-0011,1320,0,0.0605,0.611
8224-274381-0011,2300,0,0.0648,0.4573
8224-274381-0011,260,0,0.1172,0.7143
8224-274381-0011,2830,0,0.1113,0.6552
8224-274381-0011,4077,0,0.0236,0.6178
8224-274381-0011,5105,0,0.033,0.6798
8224-274381-0011,5639,0,0.1646,0.8356
8224-274381-0011,61,0,0.141,0.6901
8224-274381-0011,672,0,0.1754,0.766
8224-274381-0011,6930,0,-0.0216,0.6498
8224-274381-0011,7021,0,0.0304,0.6369
8224-274381-0011,7127,0,0.1085,0.5371
8224-274381-0011,7176,0,-0.0648,0.6371
8224-274381-0011,7729,0,0.1808,0.7164
8224-274381-0011,8224,1,0.0657,0.8055
8224-274381-0011,8230,0,0.0781,0.6714
8224-274381-0011,8455,0,0.0024,0.5678
8224-274381-0011,908,0,-0.0241,0.7655
8224-274381-0013,1089,0,0.0553,0.7087
8224-274381-0013,1188,0,0.1573,0.7318
8224-274381-0013,1320,0,-0.0187,0.6065
8224-274381-0013,2300,0,0.0531,0.403
8224-274381-0013,260,0,0.0212,0.7373
8224-274381-0013,2830,0,0.1515,0.6839
8224-274381-0013,4077,0,-0.0185,0.635
8224-274381-0013,5105,0,-0.0783,0.6514
8224-274381-0013,5639,0,0.15,0.8503
8224-274381-0013,61,0,0.0785,0.7123
8224-274381-0013,672,0,0.1174,0.7993
8224-274381-0013,6930,0,-0.052,0.6796
8224-274381-0013,7021,0,-0.0595,0.5828
8224-274381-0013,7127,0,0.0628,0.5355
8224-274381-0013,7176,0,-0.1437,0.7069
8224-274381-0013,7729,0,0.1072,0.6732
8224-274381-0013,8224,1,0.0313,0.865
8224-274381-0013,8230,0,0.0542,0.7328
8224-274381-0013,8455,0,-0.0577,0.592
8224-274381-0013,908,0,-0.0805,0.7475
8224-274384-0002,1089,0,0.1384,0.7357
8224-274384-0002,1188,0,0.0976,0.7288
8224-274384-0002,1320,0,0.0449,0.6647
8224-274384-0002,2300,0,0.0754,0.5042
8224-274384-0002,260,0,-0.0076,0.7599
8224-274384-0002,2830,0,0.0658,0.6537
8224-274384-0002,4077,0,0.1515,0.7088
8224-274384-0002,5105,0,-0.0523,0.7094
8224-274384-0002,5639,0,0.1983,0.8791
8224-274384-0002,61,0,0.095,0.7219
8224-274384-0002,672,0,0.1248,0.8248
8224-274384-0002,6930,0,-0.0705,0.7168
8224-274384-0002,7021,0,0.0154,0.6602
8224-274384-0002,7127,0,0.0697,0.5877
8224-274384-0002,7176,0,-0.0881,0.6915
8224-274384-0002,7729,0,0.2051,0.7388
8224-274384-0002,8224,1,0.1144,0.8652
8224-274384-0002,8230,0,0.0511,0.6995
8224-274384-0002,8455,0,0.007,0.6586
8224-274384-0002,908,0,-0.1356,0.804
8224-274384-0006,1089,0,0.0072,0.7682
8224-274384-0006,1188,0,0.099,0.7462
8224-274384-0006,1320,0,0.0368,0.7424
8224-274384-0006,2300,0,0.0969,0.6492
8224-274384-0006,260,0,-0.0895,0.7385
8224-274384-0006,2830,0,0.0892,0.6428
8224-274384-0006,4077,0,0.0404,0.7434
8224-274384-0006,5105,0,-0.0239,0.7666
8224-274384-0006,5639,0,0.0443,0.8346
8224-274384-0006,61,0,-0.0447,0.6701
8224-274384-0006,672,0,0.024,0.8187
8224-274384-0006,6930,0,-0.0744,0.6816
8224-274384-0006,7021,0,0.0739,0.7558
8224-274384-0006,7127,0,0.0678,0.6869
8224-274384-0006,7176,0,-0.1069,0.6331
8224-274384-0006,7729,0,0.1108,0.7739
8224-274384-0006,8224,1,0.0129,0.8081
8224-274384-0006,8230,0,-0.0166,0.647
8224-274384-0006,8455,0,0.0192,0.7023
8224-274384-0006,908,0,-0.0897,0.8095
8224-274384-0007,1089,0,0.0136,0.6594
8224-274384-0007,1188,0,0.0435,0.6826
8224-274384-0007,1320,0,-0.0814,0.574
8224-274384-0007,2300,0,0.0753,0.4148
8224-274384-0007,260,0,0.0086,0.6936
8224-274384-0007,2830,0,0.1108,0.6049
8224-274384-0007,4077,0,-0.0079,0.5709
8224-274384-0007,5105,0,0.0055,0.6023
8224-274384-0007,5639,0,0.0254,0.785
8224-274384-0007,61,0,-0.0163,0.6229
8224-274384-0007,672,0,0.0129,0.7465
8224-274384-0007,6930,0,-0.1377,0.6316
8224-274384-0007,7021,0,-0.0139,0.573
8224-274384-0007,7127,0,0.0629,0.4833
8224-274384-0007,7176,0,-0.1259,0.5906
8224-274384-0007,7729,0,0.0095,0.6311
8224-274384-0007,8224,1,0.0781,0.7684
8224-274384-0007,8230,0,-0.0413,0.6421
8224-274384-0007,8455,0,0.0431,0.5799
8224-274384-0007,908,0,-0.1714,0.7219
8224-274384-0008,1089,0,0.1478,0.6898
8224-274384-0008,1188,0,0.1948,0.6886
8224-274384-0008,1320,0,0.0403,0.605
8224-274384-0008,2300,0,0.0607,0.4173
8224-274384-0008,260,0,0.0567,0.7129
8224-274384-0008,2830,0,0.1605,0.6392
8224-274384-0008,4077,0,0.1109,0.6119
8224-274384-0008,5105,0,0.0964,0.6593
8224-274384-0008,5639,0,0.1503,0.8346
8224-274384-0008,61,0,0.1241,0.6808
8224-274384-0008,672,0,0.0964,0.7894
8224-274384-0008,6930,0,0.0166,0.6781
8224-274384-0008,7021,0,0.0749,0.6096
8224-274384-0008,7127,0,0.0817,0.5145
8224-274384-0008,7176,0,-0.0254,0.6522
8224-274384-0008,7729,0,0.2056,0.6504
8224-274384-0008,8224,1,0.0067,0.8297
8224-274384-0008,8230,0,0.1247,0.6824
8224-274384-0008,8455,0,-0.0022,0.5851
8224-274384-0008,908,0,-0.0231,0.7597
8224-274384-0009,1089,0,0.1162,0.7185
8224-274384-0009,1188,0,0.1131,0.6774
8224-274384-0009,1320,0,0.0669,0.6394
8224-274384-0009,2300,0,0.1295,0.4541
8224-274384-0009,260,0,0.1836,0.6932
8224-274384-0009,2830,0,0.1577,0.6096
8224-274384-0009,4077,0,0.0265,0.6618
8224-274384-0009,5105,0,0.0568,0.6857
8224-274384-0009,5639,0,0.2633,0.8487
8224-274384-0009,61,0,0.1992,0.6526
8224-274384-0009,672,0,0.2697,0.82
8224-274384-0009,6930,0,-0.0186,0.6802
8224-274384-0009,7021,0,0.1508,0.6287
8224-274384-0009,7127,0,0.2286,0.5631
8224-274384-0009,7176,0,0.0607,0.6465
8224-274384-0009,7729,0,0.0995,0.6453
8224-274384-0009,8224,1,0.1882,0.8874
8224-274384-0009,8230,0,0.2077,0.661
8224-274384-0009,8455,0,0.0874,0.6223
8224-274384-0009,908,0,-0.0866,0.7506
8224-274384-0013,1089,0,0.1525,0.6382
8224-274384-0013,1188,0,0.1343,0.6766
8224-274384-0013,1320,0,-0.0548,0.5111
8224-274384-0013,2300,0,0.1165,0.311
8224-274384-0013,260,0,-0.0421,0.6758
8224-274384-0013,2830,0,0.2352,0.6567
8224-274384-0013,4077,0,0.1347,0.5561
8224-274384-0013,5105,0,0.0716,0.5995
8224-274384-0013,5639,0,0.2095,0.833
8224-274384-0013,61,0,0.1882,0.688
8224-274384-0013,672,0,0.0624,0.7156
8224-274384-0013,6930,0,0.0097,0.5803
8224-274384-0013,7021,0,0.0627,0.5372
8224-274384-0013,7127,0,0.1044,0.4659
8224-274384-0013,7176,0,0.0066,0.6342
8224-274384-0013,7729,0,0.1181,0.6735
8224-274384-0013,8224,1,0.2292,0.7581
8224-274384-0013,8230,0,0.2726,0.6885
8224-274384-0013,8455,0,0.077,0.4541
8224-274384-0013,908,0,-0.0426,0.7147
8230-279154-0000,1089,0,0.1729,0.7449
8230-279154-0000,1188,0,0.2458,0.7444
8230-279154-0000,1320,0,0.049,0.6675
8230-279154-0000,2300,0,0.0554,0.4704
8230-279154-0000,260,0,0.1027,0.7964
8230-279154-0000,2830,0,0.1609,0.6903
8230-279154-0000,4077,0,0.1676,0.7464
8230-279154-0000,5105,0,0.0909,0.7225
8230-279154-0000,5639,0,0.4166,0.9215
8230-279154-0000,61,0,0.1281,0.7356
8230-279154-0000,672,0,0.2626,0.8323
8230-279154-0000,6930,0,0.0005,0.7208
8230-279154-0000,7021,0,0.0842,0.6615
8230-279154-0000,7127,0,0.2282,0.6183
8230-279154-0000,7176,0,0.0065,0.7118
8230-279154-0000,7729,0,0.254,0.7737
8230-279154-0000,8224,0,-0.0018,0.8007
8230-279154-0000,8230,1,0.1359,0.72
8230-279154-0000,8455,0,0.06,0.6483
8230-279154-0000,908,0,-0.0831,0.8176
8230-279154-0004,1089,0,0.1414,0.773
8230-279154-0004,1188,0,0.1806,0.7895
8230-279154-0004,1320,0,-0.0089,0.6709
8230-279154-0004,2300,0,-0.0111,0.4605
8230-279154-0004,260,0,0.0737,0.8197
8230-279154-0004,2830,0,0.1758,0.7516
8230-279154-0004,4077,0,0.1636,0.719
8230-279154-0004,5105,0,0.0058,0.71
8230-279154-0004,5639,0,0.2425,0.8985
8230-279154-0004,61,0,0.1016,0.7651
8230-279154-0004,672,0,0.1661,0.8378
8230-279154-0004,6930,0,0.035,0.7398
8230-279154-0004,7021,0,-0.0485,0.65
8230-279154-0004,7127,0,0.0955,0.6188
8230-279154-0004,7176,0,-0.0691,0.7461
8230-279154-0004,7729,0,0.1393,0.7609
8230-279154-0004,8224,0,0.0272,0.7984
8230-279154-0004,8230,1,0.1067,0.782
8230-279154-0004,8455,0,-0.052,0.6536
8230-279154-0004,908,0,-0.0126,0.8123
8230-279154-0016,1089,0,0.154,0.8078
8230-279154-0016,1188,0,0.144,0.8322
8230-279154-0016,1320,0,-0.0641,0.6994
8230-279154-0016,2300,0,-0.0435,0.5058
8230-279154-0016,260,0,0.1046,0.847
8230-279154-0016,2830,0,0.1583,0.7907
8230-279154-0016,4077,0,0.0942,0.7412
8230-279154-0016,5105,0,0.0638,0.7437
8230-279154-0016,5639,0,0.2542,0.8863
8230-279154-0016,61,0,0.0968,0.8406
8230-279154-0016,672,0,0.0998,0.846
8230-279154-0016,6930,0,-0.0124,0.7778
8230-279154-0016,7021,0,-0.0324,0.6878
8230-279154-0016,7127,0,0.1026,0.6475
8230-279154-0016,7176,0,-0.0146,0.8214
8230-279154-0016,7729,0,0.1198,0.8321
8230-279154-0016,8224,0,0.0974,0.7715
8230-279154-0016,8230,1,0.1395,0.8537
8230-279154-0016,8455,0,-0.0324,0.6918
8230-279154-0016,908,0,0.0304,0.8438
8230-279154-0018,1089,0,0.0728,0.7641
8230-279154-0018,1188,0,0.2276,0.8181
8230-279154-0018,1320,0,-0.0216,0.6865
8230-279154-0018,2300,0,0.0226,0.508
8230-279154-0018,260,0,0.0316,0.8456
8230-279154-0018,2830,0,0.1501,0.7659
8230-279154-0018,4077,0,0.1521,0.7362
8230-279154-0018,5105,0,0.0187,0.7287
8230-279154-0018,5639,0,0.1467,0.8804
8230-279154-0018,61,0,0.1372,0.8135
8230-279154-0018,672,0,0.1322,0.8189
8230-279154-0018,6930,0,-0.08,0.7684
8230-279154-0018,7021,0,-0.0159,0.6693
8230-279154-0018,7127,0,0.0927,0.6301
8230-279154-0018,7176,0,-0.08,0.7925
8230-279154-0018,7729,0,0.2345,0.8031
8230-279154-0018,8224,0,0.0339,0.7989
8230-279154-0018,8230,1,0.1495,0.809
8230-279154-0018,8455,0,-0.0034,0.6958
8230-279154-0018,908,0,-0.0634,0.811
8230-279154-0020,1089,0,0.1296,0.7354
8230-279154-0020,1188,0,0.2582,0.7996
8230-279154-0020,1320,0,0.0153,0.6407
8230-279154-0020,2300,0,0.0887,0.4453
8230-279154-0020,260,0,0.0283,0.8241
8230-279154-0020,2830,0,0.1838,0.7644
8230-279154-0020,4077,0,0.0289,0.6879
8230-279154-0020,5105,0,0.0301,0.6922
8230-279154-0020,5639,0,0.1889,0.8724
8230-279154-0020,61,0,0.1075,0.7883
8230-279154-0020,672,0,0.1281,0.8124
8230-279154-0020,6930,0,0.0066,0.7479
8230-279154-0020,7021,0,0.0326,0.6282
8230-279154-0020,7127,0,0.1293,0.5815
8230-279154-0020,7176,0,-0.0156,0.7699
8230-279154-0020,7729,0,0.1797,0.7617
8230-279154-0020,8224,0,0.0796,0.8
8230-279154-0020,8230,1,0.1304,0.7958
8230-279154-0020,8455,0,0.0994,0.6492
8230-279154-0020,908,0,-0.0202,0.7895
8230-279154-0022,1089,0,0.1737,0.6163
8230-279154-0022,1188,0,0.1216,0.6198
8230-279154-0022,1320,0,0.0075,0.5037
8230-279154-0022,2300,0,0.0023,0.3244
8230-279154-0022,260,0,0.0743,0.6586
8230-279154-0022,2830,0,0.0844,0.5647
8230-279154-0022,4077,0,0.0727,0.5648
8230-279154-0022,5105,0,0.0977,0.5626
8230-279154-0022,5639,0,0.1447,0.8168
8230-279154-0022,61,0,0.1844,0.6274
8230-279154-0022,672,0,0.085,0.7232
8230-279154-0022,6930,0,0.0291,0.6003
8230-279154-0022,7021,0,0.0279,0.5084
8230-279154-0022,7127,0,0.0706,0.4224
8230-279154-0022,7176,0,-0.0663,0.5937
8230-279154-0022,7729,0,0.1039,0.6181
8230-279154-0022,8224,0,0.0001,0.7874
8230-279154-0022,8230,1,0.1487,0.6184
8230-279154-0022,8455,0,0.0376,0.4988
8230-279154-0022,908,0,-0.0441,0.7081
8230-279154-0023,1089,0,0.0149,0.7472
8230-279154-0023,1188,0,0.1277,0.7231
8230-279154-0023,1320,0,-0.0267,0.7136
8230-279154-0023,2300,0,-0.0388,0.6299
8230-279154-0023,260,0,-0.0225,0.7445
8230-279154-0023,2830,0,0.0537,0.6353
8230-279154-0023,4077,0,0.0768,0.7332
8230-279154-0023,5105,0,0.0414,0.7629
8230-279154-0023,5639,0,0.0869,0.8381
8230-279154-0023,61,0,0.1866,0.7171
8230-279154-0023,672,0,-0.0068,0.7908
8230-279154-0023,6930,0,-0.0532,0.6891
8230-279154-0023,7021,0,0.0174,0.7539
8230-279154-0023,7127,0,0.0355,0.6508
8230-279154-0023,7176,0,-0.048,0.6571
8230-279154-0023,7729,0,0.1631,0.8233
8230-279154-0023,8224,0,0.0551,0.7736
8230-279154-0023,8230,1,0.1136,0.663
8230-279154-0023,8455,0,0.0214,0.6684
8230-279154-0023,908,0,-0.0169,0.8303
8230-279154-0028,1089,0,0.2176,0.7972
8230-279154-0028,1188,0,0.2398,0.8169
8230-279154-0028,1320,0,-0.0141,0.7319
8230-279154-0028,2300,0,0.0632,0.5371
8230-279154-0028,260,0,0.0334,0.8365
8230-279154-0028,2830,0,0.1933,0.7734
8230-279154-0028,4077,0,0.0564,0.7438
8230-279154-0028,5105,0,0.0673,0.766
8230-279154-0028,5639,0,0.2812,0.8925
8230-279154-0028,61,0,0.1256,0.7646
8230-279154-0028,672,0,0.1145,0.8509
8230-279154-0028,6930,0,-0.0344,0.7605
8230-279154-0028,7021,0,-0.0047,0.7185
8230-279154-0028,7127,0,0.1829,0.678
8230-279154-0028,7176,0,0.0233,0.738
8230-279154-0028,7729,0,0.1969,0.795
8230-279154-0028,8224,0,-0.0965,0.7911
8230-279154-0028,8230,1,0.1214,0.7737
8230-279154-0028,8455,0,-0.0566,0.6932
8230-279154-0028,908,0,-0.0289,0.8417
8230-279154-0029,1089,0,0.0913,0.8224
8230-279154-0029,1188,0,0.2003,0.8556
8230-279154-0029,1320,0,0.0225,0.7372
8230-279154-0029,2300,0,0.1702,0.543
8230-279154-0029,260,0,0.0723,0.9069
8230-279154-0029,2830,0,0.173,0.8248
8230-279154-0029,4077,0,0.1547,0.7865
8230-279154-0029,5105,0,0.0724,0.7734
8230-279154-0029,5639,0,0.2665,0.9023
8230-279154-0029,61,0,0.2287,0.8805
8230-279154-0029,672,0,0.1341,0.8767
8230-279154-0029,6930,0,-0.0263,0.8145
8230-279154-0029,7021,0,0.014,0.7172
8230-279154-0029,7127,0,0.1891,0.6799
8230-279154-0029,7176,0,-0.0179,0.8593
8230-279154-0029,7729,0,0.1457,0.8413
8230-279154-0029,8224,0,0.0157,0.777
8230-279154-0029,8230,1,0.1569,0.8686
8230-279154-0029,8455,0,0.0201,0.7289
8230-279154-0029,908,0,-0.048,0.8711
8230-279154-0030,1089,0,0.1324,0.8335
8230-279154-0030,1188,0,0.2798,0.8471
8230-279154-0030,1320,0,0.0869,0.7441
8230-279154-0030,2300,0,0.0822,0.4999
8230-279154-0030,260,0,0.0708,0.8843
8230-279154-0030,2830,0,0.2098,0.8075
8230-279154-0030,4077,0,0.3052,0.8185
8230-279154-0030,5105,0,0.1225,0.7735
8230-279154-0030,5639,0,0.0994,0.9397
8230-279154-0030,61,0,0.1489,0.8279
8230-279154-0030,672,0,0.1826,0.8851
8230-279154-0030,6930,0,-0.0245,0.7883
8230-279154-0030,7021,0,0.0512,0.6941
8230-279154-0030,7127,0,0.1337,0.7144
8230-279154-0030,7176,0,-0.0404,0.8334
8230-279154-0030,7729,0,0.1819,0.828
8230-279154-0030,8224,0,0.0057,0.7827
8230-279154-0030,8230,1,0.1466,0.8423
8230-279154-0030,8455,0,0.1512,0.7251
8230-279154-0030,908,0,0.0297,0.8572
8455-210777-0011,1089,0,0.1944,0.8722
8455-210777-0011,1188,0,0.2686,0.8904
8455-210777-0011,1320,0,-0.0263,0.8126
8455-210777-0011,2300,0,-0.0084,0.5725
8455-210777-0011,260,0,0.1116,0.887
8455-210777-0011,2830,0,0.3232,0.841
8455-210777-0011,4077,0,0.1377,0.7759
8455-210777-0011,5105,0,0.0949,0.8388
8455-210777-0011,5639,0,0.177,0.9087
8455-210777-0011,61,0,0.085,0.8298
8455-210777-0011,672,0,0.2077,0.9278
8455-210777-0011,6930,0,-0.0584,0.8337
8455-210777-0011,7021,0,0.013,0.7673
8455-210777-0011,7127,0,0.1608,0.7419
8455-210777-0011,7176,0,0.0205,0.8295
8455-210777-0011,7729,0,0.0811,0.7938
8455-210777-0011,8224,0,0.0133,0.8755
8455-210777-0011,8230,0,0.1935,0.8701
8455-210777-0011,8455,1,-0.0319,0.7804
8455-210777-0011,908,0,-0.0122,0.8659
8455-210777-0014,1089,0,0.0422,0.8475
8455-210777-0014,1188,0,0.22,0.83
8455-210777-0014,1320,0,0.0595,0.9011
8455-210777-0014,2300,0,0.0043,0.8108
8455-210777-0014,260,0,0.1735,0.8543
8455-210777-0014,2830,0,0.1545,0.7558
8455-210777-0014,4077,0,0.1823,0.8688
8455-210777-0014,5105,0,0.0261,0.9231
8455-210777-0014,5639,0,0.1502,0.8171
8455-210777-0014,61,0,0.0835,0.7815
8455-210777-0014,672,0,0.2109,0.8744
8455-210777-0014,6930,0,0.0053,0.7938
8455-210777-0014,7021,0,-0.0353,0.9095
8455-210777-0014,7127,0,0.1905,0.8589
8455-210777-0014,7176,0,-0.0536,0.7425
8455-210777-0014,7729,0,0.1193,0.8831
8455-210777-0014,8224,0,0.0535,0.7408
8455-210777-0014,8230,0,0.0163,0.7171
8455-210777-0014,8455,1,0.0237,0.8299
8455-210777-0014,908,0,-0.0116,0.8881
8455-210777-0018,1089,0,0.0044,0.7179
8455-210777-0018,1188,0,0.2097,0.81
8455-210777-0018,1320,0,-0.0707,0.6354
8455-210777-0018,2300,0,-0.0515,0.415
8455-210777-0018,260,0,-0.0018,0.8447
8455-210777-0018,2830,0,0.1492,0.8075
8455-210777-0018,4077,0,0.1167,0.6847
8455-210777-0018,5105,0,0.0863,0.7065
8455-210777-0018,5639,0,0.0805,0.8684
8455-210777-0018,61,0,0.1058,0.8495
8455-210777-0018,672,0,0.0034,0.7974
8455-210777-0018,6930,0,-0.0008,0.7595
8455-210777-0018,7021,0,0.0326,0.6132
8455-210777-0018,7127,0,0.0033,0.5859
8455-210777-0018,7176,0,0.0189,0.8331
8455-210777-0018,7729,0,0.0919,0.7729
8455-210777-0018,8224,0,0.0108,0.792
8455-210777-0018,8230,0,0.0615,0.8321
8455-210777-0018,8455,1,-0.0479,0.6193
8455-210777-0018,908,0,0.0533,0.789
8455-210777-0024,1089,0,0.0803,0.7214
8455-210777-0024,1188,0,0.2503,0.7843
8455-210777-0024,1320,0,0.0733,0.6193
8455-210777-0024,2300,0,0.0529,0.4079
8455-210777-0024,260,0,0.0915,0.8085
8455-210777-0024,2830,0,0.1747,0.7527
8455-210777-0024,4077,0,0.1032,0.6764
8455-210777-0024,5105,0,0.0142,0.6784
8455-210777-0024,5639,0,0.2119,0.8745
8455-210777-0024,61,0,0.0764,0.785
8455-210777-0024,672,0,0.2497,0.7981
8455-210777-0024,6930,0,-0.0318,0.7115
8455-210777-0024,7021,0,-0.0582,0.607
8455-210777-0024,7127,0,0.0701,0.569
8455-210777-0024,7176,0,-0.0442,0.763
8455-210777-0024,7729,0,0.2605,0.7616
8455-210777-0024,8224,0,0.0155,0.7688
8455-210777-0024,8230,0,0.0428,0.7845
8455-210777-0024,8455,1,-0.0398,0.6082
8455-210777-0024,908,0,0.0302,0.7904
8455-210777-0033,1089,0,0.2087,0.7704
8455-210777-0033,1188,0,0.2828,0.8098
8455-210777-0033,1320,0,0.0555,0.7267
8455-210777-0033,2300,0,0.0471,0.5436
8455-210777-0033,260,0,-0.063,0.8186
8455-210777-0033,2830,0,0.1182,0.7596
8455-210777-0033,4077,0,0.1042,0.694
8455-210777-0033,5105,0,0.0686,0.7536
8455-210777-0033,5639,0,0.172,0.833
8455-210777-0033,61,0,0.1838,0.7451
8455-210777-0033,672,0,0.0666,0.8361
8455-210777-0033,6930,0,-0.0809,0.797
8455-210777-0033,7021,0,0.0501,0.7076
8455-210777-0033,7127,0,0.1861,0.645
8455-210777-0033,7176,0,0.0498,0.7228
8455-210777-0033,7729,0,0.1859,0.7385
8455-210777-0033,8224,0,0.0678,0.7992
8455-210777-0033,8230,0,0.1504,0.7663
8455-210777-0033,8455,1,0.086,0.7324
8455-210777-0033,908,0,0.0012,0.8032
8455-210777-0034,1089,0,0.0448,0.7793
8455-210777-0034,1188,0,0.2786,0.8303
8455-210777-0034,1320,0,-0.0534,0.7041
8455-210777-0034,2300,0,0.0308,0.5284
8455-210777-0034,260,0,-0.0345,0.867
8455-210777-0034,2830,0,0.0751,0.7792
8455-210777-0034,4077,0,0.145,0.7641
8455-210777-0034,5105,0,0.0327,0.7373
8455-210777-0034,5639,0,0.0759,0.882
8455-210777-0034,61,0,-0.0173,0.8126
8455-210777-0034,672,0,-0.0437,0.8393
8455-210777-0034,6930,0,0.0184,0.7682
8455-210777-0034,7021,0,0.0231,0.6912
8455-210777-0034,7127,0,0.1745,0.6543
8455-210777-0034,7176,0,0.0115,0.7953
8455-210777-0034,7729,0,0.1634,0.8262
8455-210777-0034,8224,0,-0.0316,0.7742
8455-210777-0034,8230,0,0.0098,0.791
8455-210777-0034,8455,1,0.0782,0.7002
8455-210777-0034,908,0,0.0728,0.8446
8455-210777-0040,1089,0,0.0495,0.6943
8455-210777-0040,1188,0,0.15,0.7676
8455-210777-0040,1320,0,-0.0745,0.617
8455-210777-0040,2300,0,-0.0408,0.4537
8455-210777-0040,260,0,-0.0708,0.7797
8455-210777-0040,2830,0,0.0244,0.7018
8455-210777-0040,4077,0,0.0728,0.66
8455-210777-0040,5105,0,-0.0231,0.6379
8455-210777-0040,5639,0,0.1038,0.8187
8455-210777-0040,61,0,0.0541,0.7224
8455-210777-0040,672,0,0.0399,0.7688
8455-210777-0040,6930,0,-0.0872,0.6924
8455-210777-0040,7021,0,-0.0131,0.5891
8455-210777-0040,7127,0,0.0262,0.5532
8455-210777-0040,7176,0,-0.1181,0.7111
8455-210777-0040,7729,0,0.1029,0.714
8455-210777-0040,8224,0,0.0343,0.786
8455-210777-0040,8230,0,0.0302,0.7265
8455-210777-0040,8455,1,0.04,0.6431
8455-210777-0040,908,0,-0.0338,0.7426
8455-210777-0041,1089,0,0.1034,0.8226
8455-210777-0041,1188,0,0.1543,0.8386
8455-210777-0041,1320,0,0.03,0.7534
8455-210777-0041,2300,0,0.0736,0.569
8455-210777-0041,260,0,0.0333,0.8762
8455-210777-0041,2830,0,0.0917,0.7841
8455-210777-0041,4077,0,0.142,0.8059
8455-210777-0041,5105,0,-0.0306,0.7707
8455-210777-0041,5639,0,0.1296,0.8971
8455-210777-0041,61,0,0.1137,0.8106
8455-210777-0041,672,0,0.1587,0.8781
8455-210777-0041,6930,0,0.0318,0.8167
8455-210777-0041,7021,0,0.0085,0.7126
8455-210777-0041,7127,0,0.2244,0.7027
8455-210777-0041,7176,0,-0.0883,0.7897
8455-210777-0041,7729,0,0.1931,0.8177
8455-210777-0041,8224,0,-0.074,0.8013
8455-210777-0041,8230,0,0.1091,0.8104
8455-210777-0041,8455,1,0.0603,0.7703
8455-210777-0041,908,0,0.0004,0.845
8455-210777-0046,1089,0,0.1661,0.7726
8455-210777-0046,1188,0,0.2465,0.7939
8455-210777-0046,1320,0,-0.0146,0.6968
8455-210777-0046,2300,0,0.0999,0.5182
8455-210777-0046,260,0,-0.0363,0.8249
8455-210777-0046,2830,0,0.122,0.7252
8455-210777-0046,4077,0,0.0865,0.7295
8455-210777-0046,5105,0,-0.0674,0.7183
8455-210777-0046,5639,0,0.1548,0.8681
8455-210777-0046,61,0,0.1496,0.755
8455-210777-0046,672,0,0.0424,0.8329
8455-210777-0046,6930,0,-0.057,0.7645
8455-210777-0046,7021,0,-0.0449,0.6722
8455-210777-0046,7127,0,0.1195,0.6267
8455-210777-0046,7176,0,-0.0321,0.7298
8455-210777-0046,7729,0,0.1715,0.7694
8455-210777-0046,8224,0,0.0616,0.7945
8455-210777-0046,8230,0,0.1587,0.7603
8455-210777-0046,8455,1,-0.0114,0.7099
8455-210777-0046,908,0,-0.0281,0.8218
8455-210777-0056,1089,0,0.0425,0.7479
8455-210777-0056,1188,0,0.2087,0.8016
8455-210777-0056,1320,0,-0.0102,0.7035
8455-210777-0056,2300,0,0.0341,0.5327
8455-210777-0056,260,0,0.0342,0.8204
8455-210777-0056,2830,0,0.1188,0.7617
8455-210777-0056,4077,0,0.0926,0.7381
8455-210777-0056,5105,0,0.0507,0.7674
8455-210777-0056,5639,0,0.3044,0.8982
8455-210777-0056,61,0,0.1971,0.7732
8455-210777-0056,672,0,0.1849,0.8238
8455-210777-0056,6930,0,-0.0001,0.7497
8455-210777-0056,7021,0,0.1283,0.7053
8455-210777-0056,7127,0,0.0692,0.6582
8455-210777-0056,7176,0,-0.0152,0.7336
8455-210777-0056,7729,0,0.0959,0.801
8455-210777-0056,8224,0,0.0127,0.8397
8455-210777-0056,8230,0,0.0099,0.7436
8455-210777-0056,8455,1,-0.0583,0.6661
8455-210777-0056,908,0,-0.062,0.8096
8463-287645-0002,121,0,0.0737,0.7463
8463-287645-0002,1221,0,0.1051,0.613
8463-287645-0002,1284,0,-0.0466,0.7828
8463-287645-0002,1580,0,0.1311,0.6547
8463-287645-0002,1995,0,0.0089,0.7814
8463-287645-0002,2094,0,-0.0836,0.6927
8463-287645-0002,237,0,0.0422,0.6125
8463-287645-0002,2961,0,0.1228,0.7808
8463-287645-0002,3570,0,-0.0368,0.6178
8463-287645-0002,3575,0,-0.0136,0.4715
8463-287645-0002,3729,0,0.0635,0.6853
8463-287645-0002,4446,0,-0.1322,0.7046
8463-287645-0002,4507,0,0.1321,0.601
8463-287645-0002,4970,0,-0.0805,0.4393
8463-287645-0002,4992,0,0.0986,0.6896
8463-287645-0002,5142,0,-0.051,0.5756
8463-287645-0002,5683,0,0.1059,0.5587
8463-287645-0002,6829,0,0.0469,0.6056
8463-287645-0002,8463,1,0.1113,0.7246
8463-287645-0002,8555,0,-0.013,0.4878
8463-287645-0003,121,0,0.0778,0.6978
8463-287645-0003,1221,0,0.0111,0.607
8463-287645-0003,1284,0,-0.1175,0.7613
8463-287645-0003,1580,0,-0.0103,0.6152
8463-287645-0003,1995,0,-0.0914,0.7748
8463-287645-0003,2094,0,-0.0636,0.6826
8463-287645-0003,237,0,-0.0897,0.5949
8463-287645-0003,2961,0,0.073,0.694
8463-287645-0003,3570,0,-0.0735,0.5478
8463-287645-0003,3575,0,-0.0527,0.4182
8463-287645-0003,3729,0,-0.0781,0.6503
8463-287645-0003,4446,0,-0.0894,0.6929
8463-287645-0003,4507,0,0.0536,0.5693
8463-287645-0003,4970,0,-0.0734,0.42
8463-287645-0003,4992,0,0.0464,0.6959
8463-287645-0003,5142,0,-0.0179,0.5938
8463-287645-0003,5683,0,0.0171,0.5127
8463-287645-0003,6829,0,0.0568,0.5912
8463-287645-0003,8463,1,0.0957,0.7261
8463-287645-0003,8555,0,0.0276,0.4815
8463-294825-0010,121,0,0.0617,0.6024
8463-294825-0010,1221,0,0.1027,0.5274
8463-294825-0010,1284,0,-0.1128,0.7161
8463-294825-0010,1580,0,0.0589,0.5538
8463-294825-0010,1995,0,0.0596,0.652
8463-294825-0010,2094,0,0.0279,0.6019
8463-294825-0010,237,0,-0.0193,0.4681
8463-294825-0010,2961,0,0.0784,0.664
8463-294825-0010,3570,0,-0.0153,0.4709
8463-294825-0010,3575,0,-0.0535,0.3774
8463-294825-0010,3729,0,0.0536,0.5847
8463-294825-0010,4446,0,-0.1314,0.6225
8463-294825-0010,4507,0,0.0488,0.5132
8463-294825-0010,4970,0,-0.0315,0.4007
8463-294825-0010,4992,0,0.0897,0.5855
8463-294825-0010,5142,0,0.0179,0.5355
8463-294825-0010,5683,0,0.1003,0.4709
8463-294825-0010,6829,0,0.0819,0.561
8463-294825-0010,8463,1,0.1197,0.6302
8463-294825-0010,8555,0,0.1229,0.4041
8463-294825-0016,121,0,0.0692,0.7195
8463-294825-0016,1221,0,-0.0308,0.5381
8463-294825-0016,1284,0,-0.0306,0.7107
8463-294825-0016,1580,0,-0.0397,0.6105
8463-294825-0016,1995,0,0.0472,0.7087
8463-294825-0016,2094,0,-0.114,0.6045
8463-294825-0016,237,0,-0.0564,0.578
8463-294825-0016,2961,0,0.1019,0.786
8463-294825-0016,3570,0,-0.0315,0.7018
8463-294825-0016,3575,0,-0.03,0.5052
8463-294825-0016,3729,0,-0.0334,0.6238
8463-294825-0016,4446,0,-0.1345,0.6114
8463-294825-0016,4507,0,0.1413,0.5829
8463-294825-0016,4970,0,-0.0459,0.4158
8463-294825-0016,4992,0,-0.0501,0.5671
8463-294825-0016,5142,0,-0.0913,0.4477
8463-294825-0016,5683,0,0.1184,0.5239
8463-294825-0016,6829,0,-0.0194,0.5342
8463-294825-0016,8463,1,0.0365,0.5686
8463-294825-0016,8555,0,-0.0622,0.4391
8463-294828-0002,121,0,0.1358,0.7241
8463-294828-0002,1221,0,0.1094,0.5928
8463-294828-0002,1284,0,-0.0983,0.7689
8463-294828-0002,1580,0,0.0616,0.6391
8463-294828-0002,1995,0,-0.0331,0.7866
8463-294828-0002,2094,0,-0.1017,0.6908
8463-294828-0002,237,0,0.0327,0.6077
8463-294828-0002,2961,0,0.1303,0.7654
8463-294828-0002,3570,0,-0.0533,0.598
8463-294828-0002,3575,0,0.0609,0.4464
8463-294828-0002,3729,0,-0.0078,0.6617
8463-294828-0002,4446,0,-0.1048,0.6898
8463-294828-0002,4507,0,0.0757,0.5824
8463-294828-0002,4970,0,-0.0339,0.4141
8463-294828-0002,4992,0,0.0708,0.6778
8463-294828-0002,5142,0,0.0067,0.5716
8463-294828-0002,5683,0,0.1123,0.535
8463-294828-0002,6829,0,0.0212,0.5912
8463-294828-0002,8463,1,0.0705,0.7039
8463-294828-0002,8555,0,-0.0151,0.4805
8463-294828-0010,121,0,0.0573,0.6561
8463-294828-0010,1221,0,0.0218,0.5185
8463-294828-0010,1284,0,-0.0752,0.6989
8463-294828-0010,1580,0,-0.0315,0.5401
8463-294828-0010,1995,0,-0.038,0.703
8463-294828-0010,2094,0,-0.0793,0.6023
8463-294828-0010,237,0,-0.0418,0.5109
8463-294828-0010,2961,0,-0.0124,0.7315
8463-294828-0010,3570,0,-0.0726,0.5564
8463-294828-0010,3575,0,-0.0527,0.4191
8463-294828-0010,3729,0,0.0245,0.6015
8463-294828-0010,4446,0,-0.064,0.6069
8463-294828-0010,4507,0,0.1259,0.5241
8463-294828-0010,4970,0,0.0021,0.4001
8463-294828-0010,4992,0,0.1666,0.5864
8463-294828-0010,5142,0,-0.0013,0.5137
8463-294828-0010,5683,0,0.0526,0.4765
8463-294828-0010,6829,0,0.133,0.5421
8463-294828-0010,8463,1,0.1522,0.6281
8463-294828-0010,8555,0,0.0225,0.4232
8463-294828-0012,121,0,0.1267,0.8079
8463-294828-0012,1221,0,0.0658,0.6028
8463-294828-0012,1284,0,0.0489,0.7958
8463-294828-0012,1580,0,-0.0081,0.7295
8463-294828-0012,1995,0,0.0251,0.7761
8463-294828-0012,2094,0,0.0434,0.7231
8463-294828-0012,237,0,-0.0248,0.6365
8463-294828-0012,2961,0,0.1193,0.8464
8463-294828-0012,3570,0,0.0351,0.7171
8463-294828-0012,3575,0,-0.0278,0.5491
8463-294828-0012,3729,0,0.1078,0.706
8463-294828-0012,4446,0,-0.0215,0.7018
8463-294828-0012,4507,0,0.1751,0.6333
8463-294828-0012,4970,0,-0.0288,0.4133
8463-294828-0012,4992,0,0.0946,0.6638
8463-294828-0012,5142,0,0.0373,0.4894
8463-294828-0012,5683,0,0.0385,0.6023
8463-294828-0012,6829,0,0.0518,0.5952
8463-294828-0012,8463,1,0.0548,0.6647
8463-294828-0012,8555,0,0.0596,0.4611
8463-294828-0014,121,0,0.1429,0.7739
8463-294828-0014,1221,0,-0.0304,0.6137
8463-294828-0014,1284,0,-0.0364,0.7878
8463-294828-0014,1580,0,0.0541,0.7066
8463-294828-0014,1995,0,0.0653,0.7836
8463-294828-0014,2094,0,-0.0656,0.7136
8463-294828-0014,237,0,-0.033,0.6092
8463-294828-0014,2961,0,0.1133,0.7887
8463-294828-0014,3570,0,-0.0253,0.6507
8463-294828-0014,3575,0,0.019,0.4976
8463-294828-0014,3729,0,-0.0035,0.6929
8463-294828-0014,4446,0,-0.1235,0.7053
8463-294828-0014,4507,0,0.0587,0.6223
8463-294828-0014,4970,0,-0.0731,0.4035
8463-294828-0014,4992,0,0.0163,0.6857
8463-294828-0014,5142,0,0.0471,0.5449
8463-294828-0014,5683,0,0.0377,0.5809
8463-294828-0014,6829,0,0.0275,0.5919
8463-294828-0014,8463,1,0.0388,0.6845
8463-294828-0014,8555,0,-0.0137,0.4916
8463-294828-0031,121,0,0.0698,0.7458
8463-294828-0031,1221,0,0.0941,0.6094
8463-294828-0031,1284,0,-0.0515,0.7945
8463-294828-0031,1580,0,0.0802,0.6866
8463-294828-0031,1995,0,0.0147,0.7816
8463-294828-0031,2094,0,-0.0504,0.6889
8463-294828-0031,237,0,-0.0334,0.6055
8463-294828-0031,2961,0,0.0815,0.7807
8463-294828-0031,3570,0,0.0444,0.6121
8463-294828-0031,3575,0,-0.0974,0.4658
8463-294828-0031,3729,0,0.1469,0.6754
8463-294828-0031,4446,0,-0.0944,0.7019
8463-294828-0031,4507,0,0.2041,0.5998
8463-294828-0031,4970,0,-0.0302,0.4137
8463-294828-0031,4992,0,0.0987,0.6815
8463-294828-0031,5142,0,0.013,0.5648
8463-294828-0031,5683,0,0.0212,0.5688
8463-294828-0031,6829,0,0.0128,0.5899
8463-294828-0031,8463,1,0.137,0.701
8463-294828-0031,8555,0,0.0475,0.4898
8463-294828-0036,121,0,0.0858,0.7877
8463-294828-0036,1221,0,0.0528,0.7096
8463-294828-0036,1284,0,-0.0207,0.8528
8463-294828-0036,1580,0,-0.027,0.7537
8463-294828-0036,1995,0,-0.0246,0.8069
8463-294828-0036,2094,0,0.0335,0.7881
8463-294828-0036,237,0,-0.0275,0.6728
8463-294828-0036,2961,0,0.0565,0.7956
8463-294828-0036,3570,0,0.0232,0.6494
8463-294828-0036,3575,0,0.0085,0.5533
8463-294828-0036,3729,0,-0.0304,0.7744
8463-294828-0036,4446,0,-0.0018,0.7958
8463-294828-0036,4507,0,0.0651,0.7002
8463-294828-0036,4970,0,-0.0422,0.5302
8463-294828-0036,4992,0,0.0509,0.7602
8463-294828-0036,5142,0,0.0234,0.6718
8463-294828-0036,5683,0,0.0669,0.6794
8463-294828-0036,6829,0,0.0821,0.7104
8463-294828-0036,8463,1,0.1533,0.7671
8463-294828-0036,8555,0,-0.039,0.5801
8555-284447-0002,121,0,0.0846,0.7837
8555-284447-0002,1221,0,0.0894,0.536
8555-284447-0002,1284,0,-0.0916,0.643
8555-284447-0002,1580,0,0.0122,0.6057
8555-284447-0002,1995,0,-0.003,0.7383
8555-284447-0002,2094,0,-0.0884,0.6534
8555-284447-0002,237,0,-0.0487,0.5654
8555-284447-0002,2961,0,0.1334,0.8852
8555-284447-0002,3570,0,-0.0568,0.7205
8555-284447-0002,3575,0,-0.0407,0.5019
8555-284447-0002,3729,0,-0.0062,0.6638
8555-284447-0002,4446,0,-0.1388,0.5916
8555-284447-0002,4507,0,0.0634,0.6087
8555-284447-0002,4970,0,-0.0776,0.3669
8555-284447-0002,4992,0,0.1223,0.6167
8555-284447-0002,5142,0,0.0157,0.4649
8555-284447-0002,5683,0,0.0972,0.5093
8555-284447-0002,6829,0,0.0255,0.5598
8555-284447-0002,8463,0,0.0817,0.635
8555-284447-0002,8555,1,0.0764,0.4422
8555-284447-0014,121,0,0.069,0.6501
8555-284447-0014,1221,0,0.105,0.4957
8555-284447-0014,1284,0,-0.0205,0.6973
8555-284447-0014,1580,0,0.0518,0.5545
8555-284447-0014,1995,0,0.0767,0.7081
8555-284447-0014,2094,0,-0.0669,0.5934
8555-284447-0014,237,0,0.073,0.5102
8555-284447-0014,2961,0,0.0563,0.7348
8555-284447-0014,3570,0,-0.0512,0.5467
8555-284447-0014,3575,0,-0.017,0.4034
8555-284447-0014,3729,0,0.0708,0.5573
8555-284447-0014,4446,0,-0.1662,0.5852
8555-284447-0014,4507,0,0.1048,0.4925
8555-284447-0014,4970,0,-0.0295,0.3508
8555-284447-0014,4992,0,0.0631,0.5666
8555-284447-0014,5142,0,-0.0219,0.4599
8555-284447-0014,5683,0,0.1457,0.4469
8555-284447-0014,6829,0,0.0325,0.5031
8555-284447-0014,8463,0,0.0627,0.6008
8555-284447-0014,8555,1,-0.0233,0.3821
8555-284447-0017,121,0,0.223,0.7159
8555-284447-0017,1221,0,0.0749,0.5815
8555-284447-0017,1284,0,-0.0292,0.746
8555-284447-0017,1580,0,-0.0155,0.6114
8555-284447-0017,1995,0,-0.0535,0.7373
8555-284447-0017,2094,0,-0.0437,0.6793
8555-284447-0017,237,0,0.0361,0.5678
8555-284447-0017,2961,0,-0.0606,0.7672
8555-284447-0017,3570,0,-0.0328,0.5904
8555-284447-0017,3575,0,-0.0678,0.4455
8555-284447-0017,3729,0,0.0653,0.6679
8555-284447-0017,4446,0,-0.0683,0.6726
8555-284447-0017,4507,0,0.1631,0.5948
8555-284447-0017,4970,0,0.0024,0.4207
8555-284447-0017,4992,0,0.0636,0.6515
8555-284447-0017,5142,0,-0.0141,0.5655
8555-284447-0017,5683,0,0.0464,0.5215
8555-284447-0017,6829,0,0.1357,0.605
8555-284447-0017,8463,0,0.086,0.689
8555-284447-0017,8555,1,0.0423,0.455
8555-284447-0024,121,0,0.0826,0.7437
8555-284447-0024,1221,0,0.0498,0.6588
8555-284447-0024,1284,0,0.0495,0.8325
8555-284447-0024,1580,0,-0.0208,0.7182
8555-284447-0024,1995,0,0.14,0.7823
8555-284447-0024,2094,0,-0.0129,0.7449
8555-284447-0024,237,0,0.0571,0.6365
8555-284447-0024,2961,0,0.0001,0.7488
8555-284447-0024,3570,0,-0.0438,0.5953
8555-284447-0024,3575,0,-0.0434,0.5088
8555-284447-0024,3729,0,-0.0035,0.7108
8555-284447-0024,4446,0,-0.0811,0.7505
8555-284447-0024,4507,0,0.1135,0.6403
8555-284447-0024,4970,0,0.0117,0.4752
8555-284447-0024,4992,0,0.0519,0.7142
8555-284447-0024,5142,0,-0.0656,0.6165
8555-284447-0024,5683,0,0.1069,0.6253
8555-284447-0024,6829,0,0.0346,0.6536
8555-284447-0024,8463,0,0.0537,0.7265
8555-284447-0024,8555,1,0.0686,0.5154
8555-284449-0004,121,0,0.0859,0.7539
8555-284449-0004,1221,0,0.1381,0.5743
8555-284449-0004,1284,0,-0.037,0.7364
8555-284449-0004,1580,0,0.0773,0.6436
8555-284449-0004,1995,0,0.1143,0.7902
8555-284449-0004,2094,0,0.0213,0.6617
8555-284449-0004,237,0,-0.0291,0.616
8555-284449-0004,2961,0,0.1444,0.8243
8555-284449-0004,3570,0,0.0559,0.6799
8555-284449-0004,3575,0,0.0145,0.4878
8555-284449-0004,3729,0,-0.007,0.651
8555-284449-0004,4446,0,-0.118,0.6526
8555-284449-0004,4507,0,0.0705,0.5942
8555-284449-0004,4970,0,-0.0734,0.3982
8555-284449-0004,4992,0,0.0745,0.6465
8555-284449-0004,5142,0,-0.0062,0.5169
8555-284449-0004,5683,0,0.0884,0.5374
8555-284449-0004,6829,0,0.0291,0.5665
8555-284449-0004,8463,0,0.059,0.6539
8555-284449-0004,8555,1,0.0219,0.4839
8555-284449-0019,121,0,0.0802,0.7706
8555-284449-0019,1221,0,0.0353,0.6802
8555-284449-0019,1284,0,-0.0831,0.8422
8555-284449-0019,1580,0,0.0677,0.7345
8555-284449-0019,1995,0,-0.0202,0.7834
8555-284449-0019,2094,0,0.0475,0.7634
8555-284449-0019,237,0,-0.0298,0.6397
8555-284449-0019,2961,0,0.0597,0.7528
8555-284449-0019,3570,0,-0.0504,0.6187
8555-284449-0019,3575,0,0.0699,0.5245
8555-284449-0019,3729,0,-0.0505,0.7534
8555-284449-0019,4446,0,-0.0685,0.777
8555-284449-0019,4507,0,0.1118,0.6764
8555-284449-0019,4970,0,0.0087,0.491
8555-284449-0019,4992,0,-0.0191,0.7377
8555-284449-0019,5142,0,0.0541,0.6428
8555-284449-0019,5683,0,0.1095,0.6453
8555-284449-0019,6829,0,0.0134,0.6792
8555-284449-0019,8463,0,0.0304,0.7368
8555-284449-0019,8555,1,-0.0388,0.5468
8555-284449-0020,121,0,0.0565,0.6456
8555-284449-0020,1221,0,0.0571,0.4613
8555-284449-0020,1284,0,-0.0861,0.639
8555-284449-0020,1580,0,0.0281,0.5393
8555-284449-0020,1995,0,-0.0197,0.6337
8555-284449-0020,2094,0,-0.1056,0.529
8555-284449-0020,237,0,0.0163,0.5132
8555-284449-0020,2961,0,0.0718,0.741
8555-284449-0020,3570,0,-0.0378,0.6539
8555-284449-0020,3575,0,-0.019,0.4351
8555-284449-0020,3729,0,-0.0153,0.5513
8555-284449-0020,4446,0,-0.0593,0.5448
8555-284449-0020,4507,0,0.0704,0.5267
8555-284449-0020,4970,0,-0.0346,0.3511
8555-284449-0020,4992,0,0.0597,0.4866
8555-284449-0020,5142,0,0.0065,0.3923
8555-284449-0020,5683,0,0.0907,0.4503
8555-284449-0020,6829,0,0.0285,0.4677
8555-284449-0020,8463,0,0.0641,0.4763
8555-284449-0020,8555,1,-0.0832,0.3916
8555-292519-0005,121,0,-0.0035,0.7077
8555-292519-0005,1221,0,0.0049,0.5788
8555-292519-0005,1284,0,0.0392,0.7771
8555-292519-0005,1580,0,0.0226,0.6477
8555-292519-0005,1995,0,0.0758,0.7589
8555-292519-0005,2094,0,-0.0512,0.6542
8555-292519-0005,237,0,0.033,0.583
8555-292519-0005,2961,0,0.1066,0.751
8555-292519-0005,3570,0,0.0841,0.5942
8555-292519-0005,3575,0,-0.0705,0.5073
8555-292519-0005,3729,0,0.0318,0.6317
8555-292519-0005,4446,0,-0.0517,0.6647
8555-292519-0005,4507,0,0.1556,0.5676
8555-292519-0005,4970,0,0.0125,0.4538
8555-292519-0005,4992,0,0.0767,0.6272
8555-292519-0005,5142,0,0.0769,0.5312
8555-292519-0005,5683,0,0.1424,0.5664
8555-292519-0005,6829,0,-0.0161,0.5623
8555-292519-0005,8463,0,0.0304,0.652
8555-292519-0005,8555,1,-0.0384,0.4766
8555-292519-0007,121,0,0.0511,0.6562
8555-292519-0007,1221,0,0.0466,0.5846
8555-292519-0007,1284,0,-0.0222,0.7841
8555-292519-0007,1580,0,0.0185,0.638
8555-292519-0007,1995,0,0.0725,0.7348
8555-292519-0007,2094,0,0.0089,0.6746
8555-292519-0007,237,0,-0.0434,0.5718
8555-292519-0007,2961,0,0.1024,0.6705
8555-292519-0007,3570,0,0.0585,0.5384
8555-292519-0007,3575,0,-0.0845,0.492
8555-292519-0007,3729,0,0.1525,0.6102
8555-292519-0007,4446,0,-0.0606,0.6694
8555-292519-0007,4507,0,0.1719,0.5594
8555-292519-0007,4970,0,0.0261,0.4673
8555-292519-0007,4992,0,0.0709,0.6271
8555-292519-0007,5142,0,0.0221,0.5499
8555-292519-0007,5683,0,0.0521,0.5482
8555-292519-0007,6829,0,-0.0174,0.5821
8555-292519-0007,8463,0,0.0715,0.6512
8555-292519-0007,8555,1,-0.0368,0.4682
8555-292519-0013,121,0,0.0329,0.6108
8555-292519-0013,1221,0,-0.0023,0.5074
8555-292519-0013,1284,0,0.0355,0.7062
8555-292519-0013,1580,0,0.0602,0.5393
8555-292519-0013,1995,0,0.0019,0.6945
8555-292519-0013,2094,0,0.0302,0.5888
8555-292519-0013,237,0,0.0491,0.4963
8555-292519-0013,2961,0,0.1452,0.6772
8555-292519-0013,3570,0,0.0246,0.4961
8555-292519-0013,3575,0,-0.0204,0.3736
8555-292519-0013,3729,0,-0.0375,0.5577
8555-292519-0013,4446,0,0.004,0.6018
8555-292519-0013,4507,0,0.0755,0.4882
8555-292519-0013,4970,0,-0.0114,0.3542
8555-292519-0013,4992,0,0.1192,0.5703
8555-292519-0013,5142,0,-0.0092,0.4918
8555-292519-0013,5683,0,0.0153,0.4531
8555-292519-0013,6829,0,0.016,0.5142
8555-292519-0013,8463,0,0.1326,0.5867
8555-292519-0013,8555,1,-0.0236,0.3945
908-157963-0009,1089,0,-0.0232,0.6707
908-157963-0009,1188,0,0.214,0.7124
908-157963-0009,1320,0,-0.0016,0.6158
908-157963-0009,2300,0,-0.1277,0.4404
908-157963-0009,260,0,0.1353,0.7366
908-157963-0009,2830,0,0.0713,0.656
908-157963-0009,4077,0,0.009,0.6627
908-157963-0009,5105,0,0.1424,0.6819
908-157963-0009,5639,0,0.1624,0.867
908-157963-0009,61,0,0.1525,0.6923
908-157963-0009,672,0,0.0845,0.7652
908-157963-0009,6930,0,-0.0425,0.6555
908-157963-0009,7021,0,-0.0391,0.6182
908-157963-0009,7127,0,0.0245,0.5614
908-157963-0009,7176,0,0.0432,0.6605
908-157963-0009,7729,0,0.0764,0.7264
908-157963-0009,8224,0,0.0697,0.8051
908-157963-0009,8230,0,-0.013,0.6697
908-157963-0009,8455,0,-0.1287,0.5863
908-157963-0009,908,1,0.0945,0.7568
908-157963-0010,1089,0,0.216,0.8928
908-157963-0010,1188,0,0.2822,0.8633
908-157963-0010,1320,0,0.0142,0.8701
908-157963-0010,2300,0,0.0424,0.7403
908-157963-0010,260,0,-0.0666,0.8949
908-157963-0010,2830,0,0.156,0.8026
908-157963-0010,4077,0,-0.0047,0.8635
908-157963-0010,5105,0,-0.0011,0.8853
908-157963-0010,5639,0,0.0883,0.8578
908-157963-0010,61,0,0.1306,0.8665
908-157963-0010,672,0,0.1331,0.9057
908-157963-0010,6930,0,-0.0354,0.8883
908-157963-0010,7021,0,-0.0233,0.8535
908-157963-0010,7127,0,0.1959,0.8073
908-157963-0010,7176,0,-0.086,0.842
908-157963-0010,7729,0,0.19,0.8879
908-157963-0010,8224,0,-0.0172,0.7964
908-157963-0010,8230,0,0.1794,0.8438
908-157963-0010,8455,0,0.022,0.8658
908-157963-0010,908,1,0.0076,0.9024
908-157963-0011,1089,0,0.1573,0.8917
908-157963-0011,1188,0,0.1708,0.8904
908-157963-0011,1320,0,0.0659,0.8542
908-157963-0011,2300,0,-0.0181,0.6852
908-157963-0011,260,0,0.077,0.8825
908-157963-0011,2830,0,0.1059,0.8048
908-157963-0011,4077,0,0.1509,0.8363
908-157963-0011,5105,0,0.1249,0.8857
908-157963-0011,5639,0,0.1791,0.9085
908-157963-0011,61,0,0.1277,0.8262
908-157963-0011,672,0,0.2349,0.9406
908-157963-0011,6930,0,0.0211,0.7971
908-157963-0011,7021,0,0.0717,0.8421
908-157963-0011,7127,0,0.1267,0.7977
908-157963-0011,7176,0,-0.0536,0.8131
908-157963-0011,7729,0,0.1686,0.8556
908-157963-0011,8224,0,0.0377,0.876
908-157963-0011,8230,0,0.0537,0.8293
908-157963-0011,8455,0,0.0136,0.8058
908-157963-0011,908,1,0.064,0.8964
908-157963-0015,1089,0,0.1351,0.8531
908-157963-0015,1188,0,0.1651,0.8627
908-157963-0015,1320,0,0.0783,0.793
908-157963-0015,2300,0,0.0162,0.6234
908-157963-0015,260,0,0.142,0.8746
908-157963-0015,2830,0,0.1254,0.7937
908-157963-0015,4077,0,0.1517,0.8105
908-157963-0015,5105,0,0.1192,0.8303
908-157963-0015,5639,0,0.2191,0.9145
908-157963-0015,61,0,0.2052,0.8353
908-157963-0015,672,0,0.1751,0.8927
908-157963-0015,6930,0,-0.0514,0.7834
908-157963-0015,7021,0,0.0163,0.7915
908-157963-0015,7127,0,0.0691,0.7393
908-157963-0015,7176,0,-0.0635,0.7997
908-157963-0015,7729,0,0.2014,0.8843
908-157963-0015,8224,0,0.0913,0.8023
908-157963-0015,8230,0,0.1733,0.8182
908-157963-0015,8455,0,-0.0051,0.7513
908-157963-0015,908,1,0.0311,0.9003
908-157963-0016,1089,0,0.0329,0.7578
908-157963-0016,1188,0,0.0444,0.7889
908-157963-0016,1320,0,-0.0864,0.6855
908-157963-0016,2300,0,0.0297,0.5219
908-157963-0016,260,0,0.0016,0.8139
908-157963-0016,2830,0,0.0452,0.729
908-157963-0016,4077,0,0.0148,0.7301
908-157963-0016,5105,0,-0.0202,0.7422
908-157963-0016,5639,0,0.2443,0.892
908-157963-0016,61,0,0.0392,0.7924
908-157963-0016,672,0,0.2113,0.8388
908-157963-0016,6930,0,-0.0689,0.7427
908-157963-0016,7021,0,0.0034,0.6811
908-157963-0016,7127,0,0.0702,0.618
908-157963-0016,7176,0,-0.0794,0.7465
908-157963-0016,7729,0,0.2054,0.791
908-157963-0016,8224,0,0.057,0.8636
908-157963-0016,8230,0,0.066,0.7664
908-157963-0016,8455,0,-0.0226,0.6769
908-157963-0016,908,1,-0.0957,0.819
908-157963-0023,1089,0,0.1807,0.7784
908-157963-0023,1188,0,0.2216,0.7661
908-157963-0023,1320,0,0.0545,0.7233
908-157963-0023,2300,0,0.0143,0.566
908-157963-0023,260,0,-0.0122,0.8011
908-157963-0023,2830,0,0.0721,0.6944
908-157963-0023,4077,0,0.0332,0.7199
908-157963-0023,5105,0,0.0427,0.7579
908-157963-0023,5639,0,0.2066,0.865
908-157963-0023,61,0,0.1758,0.7447
908-157963-0023,672,0,0.2794,0.8534
908-157963-0023,6930,0,-0.0449,0.7694
908-157963-0023,7021,0,-0.0075,0.7258
908-157963-0023,7127,0,0.1267,0.6282
908-157963-0023,7176,0,-0.0864,0.7031
908-157963-0023,7729,0,0.1883,0.7583
908-157963-0023,8224,0,0.0528,0.8298
908-157963-0023,8230,0,0.1641,0.7346
908-157963-0023,8455,0,0.0054,0.7193
908-157963-0023,908,1,-0.0725,0.834
908-157963-0025,1089,0,0.1049,0.7647
908-157963-0025,1188,0,0.1322,0.7506
908-157963-0025,1320,0,0.0201,0.6943
908-157963-0025,2300,0,0.1271,0.5338
908-157963-0025,260,0,0.0132,0.7942
908-157963-0025,2830,0,0.1437,0.693
908-157963-0025,4077,0,0.0845,0.7287
908-157963-0025,5105,0,-0.0342,0.7272
908-157963-0025,5639,0,0.126,0.876
908-157963-0025,61,0,0.1134,0.7317
908-157963-0025,672,0,0.0836,0.8317
908-157963-0025,6930,0,0.0254,0.7428
908-157963-0025,7021,0,0.0797,0.6956
908-157963-0025,7127,0,0.1865,0.6256
908-157963-0025,7176,0,-0.0942,0.6898
908-157963-0025,7729,0,0.1747,0.7639
908-157963-0025,8224,0,0.0943,0.7959
908-157963-0025,8230,0,0.06,0.7127
908-157963-0025,8455,0,0.0464,0.679
908-157963-0025,908,1,-0.0271,0.8321
908-31957-0005,1089,0,0.1561,0.8081
908-31957-0005,1188,0,0.2767,0.8646
908-31957-0005,1320,0,0.1586,0.7452
908-31957-0005,2300,0,0.0298,0.5797
908-31957-0005,260,0,0.1378,0.8792
908-31957-0005,2830,0,0.1954,0.8053
908-31957-0005,4077,0,0.124,0.7675
908-31957-0005,5105,0,0.0794,0.7816
908-31957-0005,5639,0,0.1098,0.88
908-31957-0005,61,0,0.0669,0.8348
908-31957-0005,672,0,0.2719,0.8694
908-31957-0005,6930,0,-0.0158,0.8036
908-31957-0005,7021,0,0.1011,0.7215
908-31957-0005,7127,0,0.0775,0.6863
908-31957-0005,7176,0,-0.0563,0.8044
908-31957-0005,7729,0,0.2328,0.8171
908-31957-0005,8224,0,0.0556,0.8352
908-31957-0005,8230,0,0.1402,0.8381
908-31957-0005,8455,0,0.0678,0.7585
908-31957-0005,908,1,-0.0399,0.8251
908-31957-0022,1089,0,0.2235,0.8349
908-31957-0022,1188,0,0.168,0.8296
908-31957-0022,1320,0,0.1023,0.7601
908-31957-0022,2300,0,0.0168,0.5753
908-31957-0022,260,0,0.1053,0.8449
908-31957-0022,2830,0,0.2022,0.7732
908-31957-0022,4077,0,0.0645,0.7676
908-31957-0022,5105,0,0.1299,0.802
908-31957-0022,5639,0,0.2125,0.9116
908-31957-0022,61,0,0.0992,0.8086
908-31957-0022,672,0,0.2218,0.8912
908-31957-0022,6930,0,-0.0608,0.7785
908-31957-0022,7021,0,0.0968,0.7577
908-31957-0022,7127,0,0.1776,0.694
908-31957-0022,7176,0,-0.0706,0.7739
908-31957-0022,7729,0,0.192,0.8298
908-31957-0022,8224,0,0.0729,0.821
908-31957-0022,8230,0,0.1523,0.8107
908-31957-0022,8455,0,0.0677,0.7237
908-31957-0022,908,1,-0.0454,0.8781
908-31957-0024,1089,0,0.0728,0.7844
908-31957-0024,1188,0,0.1578,0.7487
908-31957-0024,1320,0,0.0708,0.7502
908-31957-0024,2300,0,0.1404,0.6353
908-31957-0024,260,0,-0.0181,0.7635
908-31957-0024,2830,0,0.0992,0.6735
908-31957-0024,4077,0,0.1581,0.7587
908-31957-0024,5105,0,-0.0175,0.7833
908-31957-0024,5639,0,0.157,0.8635
908-31957-0024,61,0,0.1496,0.7138
908-31957-0024,672,0,0.1843,0.8479
908-31957-0024,6930,0,-0.0511,0.7458
908-31957-0024,7021,0,0.044,0.7569
908-31957-0024,7127,0,0.1011,0.6846
908-31957-0024,7176,0,-0.0481,0.6747
908-31957-0024,7729,0,0.113,0.7762
908-31957-0024,8224,0,0.0838,0.8459
908-31957-0024,8230,0,0.0853,0.6861
908-31957-0024,8455,0,0.0384,0.7204
908-31957-0024,908,1,-0.107,0.8255
