trial,model_spk,target,ecapa,wavlm
1089-134686-0006,1089,1,0.2292,0.7969
1089-134686-0006,1188,0,0.1324,0.8337
1089-134686-0006,1320,0,0.1273,0.7035
1089-134686-0006,2300,0,0.1422,0.5025
1089-134686-0006,260,0,0.0497,0.8461
1089-134686-0006,2830,0,0.1533,0.778
1089-134686-0006,4077,0,0.0402,0.7631
1089-134686-0006,5105,0,0.0702,0.7512
1089-134686-0006,5639,0,0.1634,0.9308
1089-134686-0006,61,0,0.0607,0.8192
1089-134686-0006,672,0,0.0985,0.8603
1089-134686-0006,6930,0,-0.0813,0.7411
1089-134686-0006,7021,0,0.0395,0.6824
1089-134686-0006,7127,0,0.1714,0.6569
1089-134686-0006,7176,0,-0.1242,0.8023
1089-134686-0006,7729,0,0.2084,0.8313
1089-134686-0006,8224,0,0.0849,0.8289
1089-134686-0006,8230,0,0.1127,0.8221
1089-134686-0006,8455,0,0.0323,0.6828
1089-134686-0006,908,0,-0.0821,0.835
1089-134686-0007,1089,1,0.026,0.7236
1089-134686-0007,1188,0,0.1143,0.7563
1089-134686-0007,1320,0,0.1367,0.6297
1089-134686-0007,2300,0,0.2768,0.3693
1089-134686-0007,260,0,0.0119,0.7758
1089-134686-0007,2830,0,0.1379,0.7118
1089-134686-0007,4077,0,-0.0046,0.6824
1089-134686-0007,5105,0,0.0104,0.6696
1089-134686-0007,5639,0,0.1972,0.8696
1089-134686-0007,61,0,0.0544,0.7264
1089-134686-0007,672,0,0.2987,0.8251
1089-134686-0007,6930,0,0.0579,0.7214
1089-134686-0007,7021,0,0.0104,0.5627
1089-134686-0007,7127,0,0.09,0.5713
1089-134686-0007,7176,0,-0.1188,0.743
1089-134686-0007,7729,0,0.1097,0.6616
1089-134686-0007,8224,0,0.1658,0.8826
1089-134686-0007,8230,0,-0.0281,0.7634
1089-134686-0007,8455,0,0.0729,0.6433
1089-134686-0007,908,0,-0.0368,0.7263
1089-134686-0010,1089,1,0.1593,0.8733
1089-134686-0010,1188,0,0.208,0.8981
1089-134686-0010,1320,0,0.2308,0.763
1089-134686-0010,2300,0,0.1387,0.5129
1089-134686-0010,260,0,0.1375,0.8917
1089-134686-0010,2830,0,0.1957,0.8548
1089-134686-0010,4077,0,0.0856,0.8032
1089-134686-0010,5105,0,0.1413,0.7988
1089-134686-0010,5639,0,0.1188,0.9341
1089-134686-0010,61,0,0.0421,0.855
1089-134686-0010,672,0,0.16,0.8992
1089-134686-0010,6930,0,-0.1096,0.7698
1089-134686-0010,7021,0,0.0355,0.7202
1089-134686-0010,7127,0,0.1965,0.7419
1089-134686-0010,7176,0,-0.0142,0.8586
1089-134686-0010,7729,0,0.2304,0.855
1089-134686-0010,8224,0,0.0264,0.7856
1089-134686-0010,8230,0,0.0717,0.9003
1089-134686-0010,8455,0,0.0989,0.7232
1089-134686-0010,908,0,-0.0791,0.8596
1089-134686-0012,1089,1,0.2357,0.8139
1089-134686-0012,1188,0,0.2065,0.8574
1089-134686-0012,1320,0,0.1183,0.7165
1089-134686-0012,2300,0,0.1464,0.4545
1089-134686-0012,260,0,0.119,0.8685
1089-134686-0012,2830,0,0.2263,0.8228
1089-134686-0012,4077,0,0.0644,0.7426
1089-134686-0012,5105,0,0.0492,0.7665
1089-134686-0012,5639,0,0.3316,0.9305
1089-134686-0012,61,0,0.0575,0.8237
1089-134686-0012,672,0,0.3131,0.876
1089-134686-0012,6930,0,-0.1008,0.7637
1089-134686-0012,7021,0,0.0851,0.6823
1089-134686-0012,7127,0,0.1438,0.6676
1089-134686-0012,7176,0,-0.0922,0.8157
1089-134686-0012,7729,0,0.2275,0.8004
1089-134686-0012,8224,0,0.1068,0.8051
1089-134686-0012,8230,0,0.1574,0.8605
1089-134686-0012,8455,0,0.1564,0.6836
1089-134686-0012,908,0,-0.1164,0.8338
1089-134686-0021,1089,1,0.1732,0.8439
1089-134686-0021,1188,0,0.169,0.8405
1089-134686-0021,1320,0,0.1805,0.7335
1089-134686-0021,2300,0,0.0999,0.4734
1089-134686-0021,260,0,0.1768,0.8528
1089-134686-0021,2830,0,0.1691,0.7814
1089-134686-0021,4077,0,0.0795,0.7542
1089-134686-0021,5105,0,0.105,0.7834
1089-134686-0021,5639,0,0.2767,0.9286
1089-134686-0021,61,0,0.0963,0.8097
1089-134686-0021,672,0,0.3298,0.9099
1089-134686-0021,6930,0,-0.0037,0.7358
1089-134686-0021,7021,0,0.1037,0.7082
1089-134686-0021,7127,0,0.2267,0.6736
1089-134686-0021,7176,0,-0.0448,0.8025
1089-134686-0021,7729,0,0.2688,0.7854
1089-134686-0021,8224,0,0.0523,0.8289
1089-134686-0021,8230,0,0.0474,0.8462
1089-134686-0021,8455,0,0.0621,0.6833
1089-134686-0021,908,0,-0.0321,0.8563
1089-134686-0026,1089,1,0.2894,0.9073
1089-134686-0026,1188,0,0.2022,0.8971
1089-134686-0026,1320,0,0.1194,0.8196
1089-134686-0026,2300,0,0.103,0.6014
1089-134686-0026,260,0,0.0639,0.8778
1089-134686-0026,2830,0,0.1946,0.8243
1089-134686-0026,4077,0,0.2202,0.863
1089-134686-0026,5105,0,0.0175,0.8415
1089-134686-0026,5639,0,0.2869,0.9242
1089-134686-0026,61,0,0.0256,0.8103
1089-134686-0026,672,0,0.305,0.9171
1089-134686-0026,6930,0,-0.0622,0.7635
1089-134686-0026,7021,0,-0.0443,0.7646
1089-134686-0026,7127,0,0.298,0.8216
1089-134686-0026,7176,0,-0.0536,0.8109
1089-134686-0026,7729,0,0.155,0.8502
1089-134686-0026,8224,0,0.1426,0.8107
1089-134686-0026,8230,0,0.1342,0.8639
1089-134686-0026,8455,0,0.1454,0.7839
1089-134686-0026,908,0,-0.0753,0.8417
1089-134686-0031,1089,1,0.2689,0.8898
1089-134686-0031,1188,0,0.1638,0.8843
1089-134686-0031,1320,0,0.1425,0.793
1089-134686-0031,2300,0,0.1199,0.5615
1089-134686-0031,260,0,0.0758,0.9048
1089-134686-0031,2830,0,0.2462,0.8278
1089-134686-0031,4077,0,0.1088,0.8305
1089-134686-0031,5105,0,0.1248,0.8136
1089-134686-0031,5639,0,0.1853,0.9222
1089-134686-0031,61,0,0.0115,0.8475
1089-134686-0031,672,0,0.2532,0.9297
1089-134686-0031,6930,0,0.0189,0.8036
1089-134686-0031,7021,0,0.084,0.7541
1089-134686-0031,7127,0,0.2423,0.7491
1089-134686-0031,7176,0,-0.0633,0.8538
1089-134686-0031,7729,0,0.1635,0.8404
1089-134686-0031,8224,0,0.064,0.8021
1089-134686-0031,8230,0,0.0826,0.8769
1089-134686-0031,8455,0,0.1158,0.7716
1089-134686-0031,908,0,-0.0364,0.8874
1089-134691-0002,1089,1,0.2547,0.7374
1089-134691-0002,1188,0,0.175,0.7594
1089-134691-0002,1320,0,0.1009,0.6058
1089-134691-0002,2300,0,0.1641,0.3476
1089-134691-0002,260,0,0.0474,0.7889
1089-134691-0002,2830,0,0.2236,0.7198
1089-134691-0002,4077,0,0.0137,0.6634
1089-134691-0002,5105,0,-0.015,0.6647
1089-134691-0002,5639,0,0.2504,0.9001
1089-134691-0002,61,0,-0.007,0.7419
1089-134691-0002,672,0,0.2021,0.8158
1089-134691-0002,6930,0,-0.0908,0.6634
1089-134691-0002,7021,0,0.0418,0.5899
1089-134691-0002,7127,0,0.2243,0.5514
1089-134691-0002,7176,0,-0.0302,0.7256
1089-134691-0002,7729,0,0.1468,0.7186
1089-134691-0002,8224,0,0.0743,0.7647
1089-134691-0002,8230,0,0.1619,0.7725
1089-134691-0002,8455,0,0.1119,0.5714
1089-134691-0002,908,0,-0.0627,0.785
1089-134691-0008,1089,1,0.2366,0.8782
1089-134691-0008,1188,0,0.21,0.8675
1089-134691-0008,1320,0,0.1586,0.7793
1089-134691-0008,2300,0,0.2521,0.5524
1089-134691-0008,260,0,0.0848,0.8766
1089-134691-0008,2830,0,0.1581,0.8037
1089-134691-0008,4077,0,0.141,0.8221
1089-134691-0008,5105,0,0.0057,0.8162
1089-134691-0008,5639,0,0.2485,0.9403
1089-134691-0008,61,0,0.067,0.837
1089-134691-0008,672,0,0.2975,0.9282
1089-134691-0008,6930,0,-0.0637,0.7961
1089-134691-0008,7021,0,0.0634,0.7437
1089-134691-0008,7127,0,0.2674,0.7345
1089-134691-0008,7176,0,-0.1686,0.8339
1089-134691-0008,7729,0,0.2026,0.8341
1089-134691-0008,8224,0,0.1055,0.8545
1089-134691-0008,8230,0,0.1033,0.8662
1089-134691-0008,8455,0,0.1755,0.7624
1089-134691-0008,908,0,-0.0999,0.8705
1089-134691-0022,1089,1,0.1925,0.7683
1089-134691-0022,1188,0,0.2062,0.7905
1089-134691-0022,1320,0,0.1339,0.6714
1089-134691-0022,2300,0,0.1205,0.3911
1089-134691-0022,260,0,0.2001,0.8182
1089-134691-0022,2830,0,0.2626,0.7762
1089-134691-0022,4077,0,0.0689,0.7156
1089-134691-0022,5105,0,0.0845,0.7233
1089-134691-0022,5639,0,0.2274,0.9259
1089-134691-0022,61,0,-0.0046,0.7486
1089-134691-0022,672,0,0.2269,0.8477
1089-134691-0022,6930,0,-0.0136,0.7393
1089-134691-0022,7021,0,0.0829,0.623
1089-134691-0022,7127,0,0.2273,0.6337
1089-134691-0022,7176,0,-0.0904,0.7401
1089-134691-0022,7729,0,0.1482,0.731
1089-134691-0022,8224,0,0.0287,0.7904
1089-134691-0022,8230,0,0.096,0.7936
1089-134691-0022,8455,0,0.1637,0.6377
1089-134691-0022,908,0,-0.0826,0.7816
1188-133604-0003,1089,0,0.1399,0.8944
1188-133604-0003,1188,1,0.1926,0.9198
1188-133604-0003,1320,0,0.0938,0.8232
1188-133604-0003,2300,0,0.1207,0.6049
1188-133604-0003,260,0,0.0882,0.9343
1188-133604-0003,2830,0,0.2036,0.871
1188-133604-0003,4077,0,0.0126,0.8441
1188-133604-0003,5105,0,-0.0208,0.8468
1188-133604-0003,5639,0,0.1226,0.912
1188-133604-0003,61,0,0.0474,0.8746
1188-133604-0003,672,0,0.133,0.923
1188-133604-0003,6930,0,-0.0324,0.8326
1188-133604-0003,7021,0,0.0652,0.7854
1188-133604-0003,7127,0,0.1359,0.7852
1188-133604-0003,7176,0,-0.1403,0.8666
1188-133604-0003,7729,0,0.2063,0.8758
1188-133604-0003,8224,0,0.098,0.7715
1188-133604-0003,8230,0,0.1639,0.8969
1188-133604-0003,8455,0,0.1106,0.803
1188-133604-0003,908,0,-0.0816,0.888
1188-133604-0004,1089,0,0.2076,0.8234
1188-133604-0004,1188,1,0.1908,0.8593
1188-133604-0004,1320,0,0.0939,0.744
1188-133604-0004,2300,0,0.1361,0.5608
1188-133604-0004,260,0,0.0742,0.9003
1188-133604-0004,2830,0,0.1928,0.8009
1188-133604-0004,4077,0,0.0965,0.8262
1188-133604-0004,5105,0,-0.02,0.765
1188-133604-0004,5639,0,0.1212,0.8737
1188-133604-0004,61,0,0.09,0.8734
1188-133604-0004,672,0,0.1769,0.8625
1188-133604-0004,6930,0,-0.0137,0.8191
1188-133604-0004,7021,0,-0.0192,0.6953
1188-133604-0004,7127,0,0.2208,0.7028
1188-133604-0004,7176,0,-0.1071,0.8692
1188-133604-0004,7729,0,0.0966,0.8401
1188-133604-0004,8224,0,0.1446,0.7735
1188-133604-0004,8230,0,0.1898,0.8631
1188-133604-0004,8455,0,0.1593,0.7828
1188-133604-0004,908,0,-0.0948,0.8341
1188-133604-0007,1089,0,0.2296,0.9008
1188-133604-0007,1188,1,0.1952,0.8965
1188-133604-0007,1320,0,0.153,0.8211
1188-133604-0007,2300,0,0.1266,0.6369
1188-133604-0007,260,0,0.1524,0.9302
1188-133604-0007,2830,0,0.1764,0.8349
1188-133604-0007,4077,0,0.0634,0.8747
1188-133604-0007,5105,0,0.0484,0.8466
1188-133604-0007,5639,0,0.1573,0.9164
1188-133604-0007,61,0,0.053,0.8989
1188-133604-0007,672,0,0.1806,0.931
1188-133604-0007,6930,0,0.0417,0.8339
1188-133604-0007,7021,0,0.0586,0.7966
1188-133604-0007,7127,0,0.1768,0.7822
1188-133604-0007,7176,0,-0.0903,0.8866
1188-133604-0007,7729,0,0.2406,0.9023
1188-133604-0007,8224,0,0.0525,0.7745
1188-133604-0007,8230,0,0.1323,0.8933
1188-133604-0007,8455,0,0.1074,0.8147
1188-133604-0007,908,0,-0.0396,0.9121
1188-133604-0012,1089,0,0.2015,0.8627
1188-133604-0012,1188,1,0.1651,0.893
1188-133604-0012,1320,0,0.2058,0.7939
1188-133604-0012,2300,0,0.1221,0.5782
1188-133604-0012,260,0,0.0955,0.9136
1188-133604-0012,2830,0,0.1889,0.8263
1188-133604-0012,4077,0,0.1081,0.8276
1188-133604-0012,5105,0,0.133,0.8212
1188-133604-0012,5639,0,0.1226,0.9082
1188-133604-0012,61,0,0.0269,0.8666
1188-133604-0012,672,0,0.192,0.918
1188-133604-0012,6930,0,-0.0438,0.8317
1188-133604-0012,7021,0,0.0551,0.7441
1188-133604-0012,7127,0,0.2142,0.7386
1188-133604-0012,7176,0,-0.0366,0.8703
1188-133604-0012,7729,0,0.1877,0.8356
1188-133604-0012,8224,0,0.0712,0.8376
1188-133604-0012,8230,0,0.0643,0.8794
1188-133604-0012,8455,0,0.1352,0.8027
1188-133604-0012,908,0,0.0163,0.8642
1188-133604-0014,1089,0,0.1242,0.7976
1188-133604-0014,1188,1,0.2092,0.8186
1188-133604-0014,1320,0,0.1484,0.7121
1188-133604-0014,2300,0,0.0873,0.4717
1188-133604-0014,260,0,0.1503,0.8337
1188-133604-0014,2830,0,0.1157,0.7542
1188-133604-0014,4077,0,0.1394,0.7273
1188-133604-0014,5105,0,0.1331,0.731
1188-133604-0014,5639,0,0.1034,0.8898
1188-133604-0014,61,0,0.0396,0.7414
1188-133604-0014,672,0,0.1733,0.8574
1188-133604-0014,6930,0,0.0058,0.7342
1188-133604-0014,7021,0,0.1807,0.6683
1188-133604-0014,7127,0,0.1457,0.6542
1188-133604-0014,7176,0,-0.046,0.7336
1188-133604-0014,7729,0,0.1255,0.7494
1188-133604-0014,8224,0,-0.013,0.7733
1188-133604-0014,8230,0,-0.0129,0.788
1188-133604-0014,8455,0,0.1638,0.6979
1188-133604-0014,908,0,0.0193,0.8119
1188-133604-0018,1089,0,0.1882,0.8554
1188-133604-0018,1188,1,0.1963,0.8907
1188-133604-0018,1320,0,0.1501,0.7534
1188-133604-0018,2300,0,0.0959,0.4973
1188-133604-0018,260,0,0.0846,0.9095
1188-133604-0018,2830,0,0.1767,0.855
1188-133604-0018,4077,0,0.0879,0.7974
1188-133604-0018,5105,0,0.0308,0.7809
1188-133604-0018,5639,0,0.2544,0.9141
1188-133604-0018,61,0,0.0716,0.8496
1188-133604-0018,672,0,0.1425,0.8891
1188-133604-0018,6930,0,0.0041,0.7845
1188-133604-0018,7021,0,0.0856,0.7069
1188-133604-0018,7127,0,0.1965,0.7238
1188-133604-0018,7176,0,-0.105,0.8608
1188-133604-0018,7729,0,0.2359,0.8349
1188-133604-0018,8224,0,-0.0172,0.7515
1188-133604-0018,8230,0,0.0814,0.8915
1188-133604-0018,8455,0,0.1334,0.7288
1188-133604-0018,908,0,-0.0517,0.8535
1188-133604-0025,1089,0,0.1843,0.8709
1188-133604-0025,1188,1,0.167,0.8886
1188-133604-0025,1320,0,0.1793,0.7908
1188-133604-0025,2300,0,0.0899,0.58
1188-133604-0025,260,0,0.2299,0.9136
1188-133604-0025,2830,0,0.123,0.818
1188-133604-0025,4077,0,0.081,0.8407
1188-133604-0025,5105,0,0.0657,0.8108
1188-133604-0025,5639,0,0.1853,0.9098
1188-133604-0025,61,0,0.0529,0.8652
1188-133604-0025,672,0,0.2801,0.9154
1188-133604-0025,6930,0,0.0244,0.8107
1188-133604-0025,7021,0,0.1021,0.7431
1188-133604-0025,7127,0,0.1535,0.7418
1188-133604-0025,7176,0,-0.0909,0.8713
1188-133604-0025,7729,0,0.1805,0.8609
1188-133604-0025,8224,0,0.1763,0.7981
1188-133604-0025,8230,0,0.1028,0.8795
1188-133604-0025,8455,0,0.2075,0.7936
1188-133604-0025,908,0,-0.0538,0.8738
1188-133604-0032,1089,0,0.1736,0.8442
1188-133604-0032,1188,1,0.1886,0.8614
1188-133604-0032,1320,0,0.0774,0.7618
1188-133604-0032,2300,0,0.1794,0.5471
1188-133604-0032,260,0,0.0309,0.8878
1188-133604-0032,2830,0,0.1455,0.7903
1188-133604-0032,4077,0,0.1068,0.8033
1188-133604-0032,5105,0,-0.0598,0.7813
1188-133604-0032,5639,0,0.2013,0.9116
1188-133604-0032,61,0,0.0005,0.8343
1188-133604-0032,672,0,0.2681,0.9065
1188-133604-0032,6930,0,-0.051,0.8087
1188-133604-0032,7021,0,0.0417,0.7146
1188-133604-0032,7127,0,0.1504,0.6954
1188-133604-0032,7176,0,-0.1121,0.8291
1188-133604-0032,7729,0,0.1836,0.8173
1188-133604-0032,8224,0,0.0966,0.8323
1188-133604-0032,8230,0,0.1201,0.8532
1188-133604-0032,8455,0,0.1911,0.779
1188-133604-0032,908,0,-0.0631,0.8564
1188-133604-0033,1089,0,0.1853,0.8947
1188-133604-0033,1188,1,0.2419,0.9221
1188-133604-0033,1320,0,0.0734,0.8373
1188-133604-0033,2300,0,-0.0003,0.6541
1188-133604-0033,260,0,0.1273,0.9327
1188-133604-0033,2830,0,0.2535,0.8598
1188-133604-0033,4077,0,0.0352,0.8609
1188-133604-0033,5105,0,0.0817,0.8639
1188-133604-0033,5639,0,0.0986,0.9018
1188-133604-0033,61,0,-0.0557,0.8809
1188-133604-0033,672,0,0.1805,0.9268
1188-133604-0033,6930,0,-0.1175,0.8467
1188-133604-0033,7021,0,-0.019,0.8028
1188-133604-0033,7127,0,0.2446,0.7981
1188-133604-0033,7176,0,-0.2076,0.8784
1188-133604-0033,7729,0,0.1128,0.8805
1188-133604-0033,8224,0,0.131,0.8143
1188-133604-0033,8230,0,0.1626,0.894
1188-133604-0033,8455,0,0.1424,0.8308
1188-133604-0033,908,0,-0.0524,0.8794
1188-133604-0043,1089,0,0.2154,0.8858
1188-133604-0043,1188,1,0.1741,0.8994
1188-133604-0043,1320,0,0.1396,0.7992
1188-133604-0043,2300,0,0.182,0.5725
1188-133604-0043,260,0,0.0611,0.927
1188-133604-0043,2830,0,0.188,0.868
1188-133604-0043,4077,0,0.135,0.8592
1188-133604-0043,5105,0,0.0736,0.8194
1188-133604-0043,5639,0,0.2419,0.906
1188-133604-0043,61,0,0.0571,0.8755
1188-133604-0043,672,0,0.2344,0.9064
1188-133604-0043,6930,0,-0.0112,0.8225
1188-133604-0043,7021,0,0.0573,0.7491
1188-133604-0043,7127,0,0.2178,0.7872
1188-133604-0043,7176,0,-0.0069,0.8789
1188-133604-0043,7729,0,0.1196,0.8645
1188-133604-0043,8224,0,0.0628,0.731
1188-133604-0043,8230,0,0.1531,0.8981
1188-133604-0043,8455,0,0.2011,0.792
1188-133604-0043,908,0,0.0252,0.8625
121-121726-0002,121,1,0.0659,0.8141
121-121726-0002,1221,0,0.1049,0.574
121-121726-0002,1284,0,0.1502,0.7382
121-121726-0002,1580,0,0.0457,0.68
121-121726-0002,1995,0,0.1534,0.7533
121-121726-0002,2094,0,-0.0231,0.6809
121-121726-0002,237,0,0.0264,0.6237
121-121726-0002,2961,0,0.1558,0.8823
121-121726-0002,3570,0,0.081,0.7443
121-121726-0002,3575,0,0.0639,0.5681
121-121726-0002,3729,0,0.0743,0.7021
121-121726-0002,4446,0,-0.096,0.6574
121-121726-0002,4507,0,0.102,0.6375
121-121726-0002,4970,0,-0.0099,0.4363
121-121726-0002,4992,0,0.1349,0.6288
121-121726-0002,5142,0,0.0184,0.4813
121-121726-0002,5683,0,0.0615,0.586
121-121726-0002,6829,0,0.0269,0.5709
121-121726-0002,8463,0,0.0086,0.6493
121-121726-0002,8555,0,0.062,0.4696
121-121726-0004,121,1,-0.006,0.8161
121-121726-0004,1221,0,0.13,0.7028
121-121726-0004,1284,0,0.1788,0.8684
121-121726-0004,1580,0,0.1862,0.8232
121-121726-0004,1995,0,0.0316,0.7578
121-121726-0004,2094,0,0.0775,0.8043
121-121726-0004,237,0,-0.0308,0.683
121-121726-0004,2961,0,0.1542,0.768
121-121726-0004,3570,0,0.195,0.6747
121-121726-0004,3575,0,0.0855,0.5896
121-121726-0004,3729,0,0.1267,0.8
121-121726-0004,4446,0,0.0144,0.808
121-121726-0004,4507,0,0.1736,0.7188
121-121726-0004,4970,0,0.0375,0.5055
121-121726-0004,4992,0,0.2583,0.7465
121-121726-0004,5142,0,0.1026,0.6027
121-121726-0004,5683,0,0.0518,0.7118
121-121726-0004,6829,0,0.1367,0.7001
121-121726-0004,8463,0,0.0474,0.7294
121-121726-0004,8555,0,0.2026,0.5328
121-121726-0007,121,1,0.1568,0.776
121-121726-0007,1221,0,0.1582,0.6138
121-121726-0007,1284,0,0.0686,0.8184
121-121726-0007,1580,0,0.0714,0.7209
121-121726-0007,1995,0,0.0384,0.7841
121-121726-0007,2094,0,-0.0377,0.713
121-121726-0007,237,0,0.0012,0.6345
121-121726-0007,2961,0,0.1193,0.7809
121-121726-0007,3570,0,0.0989,0.676
121-121726-0007,3575,0,0.0646,0.5371
121-121726-0007,3729,0,0.1066,0.6904
121-121726-0007,4446,0,0.0405,0.7132
121-121726-0007,4507,0,0.0749,0.612
121-121726-0007,4970,0,-0.0665,0.4194
121-121726-0007,4992,0,0.1531,0.6656
121-121726-0007,5142,0,0.0348,0.5006
121-121726-0007,5683,0,0.0932,0.6083
121-121726-0007,6829,0,0.0541,0.5853
121-121726-0007,8463,0,0.0446,0.643
121-121726-0007,8555,0,0.0709,0.4723
121-121726-0010,121,1,0.0974,0.6904
121-121726-0010,1221,0,0.0951,0.5452
121-121726-0010,1284,0,0.0245,0.7477
121-121726-0010,1580,0,0.0144,0.6111
121-121726-0010,1995,0,0.1828,0.7473
121-121726-0010,2094,0,0.0053,0.6429
121-121726-0010,237,0,0.0262,0.5665
121-121726-0010,2961,0,0.1035,0.7447
121-121726-0010,3570,0,0.1263,0.6025
121-121726-0010,3575,0,0.0519,0.4534
121-121726-0010,3729,0,0.1096,0.6149
121-121726-0010,4446,0,-0.0344,0.6446
121-121726-0010,4507,0,0.1502,0.5418
121-121726-0010,4970,0,-0.0734,0.3824
121-121726-0010,4992,0,0.1019,0.6104
121-121726-0010,5142,0,0.1159,0.4919
121-121726-0010,5683,0,0.109,0.5138
121-121726-0010,6829,0,0.0869,0.5405
121-121726-0010,8463,0,0.0138,0.6026
121-121726-0010,8555,0,0.0263,0.4413
121-121726-0012,121,1,0.0731,0.7415
121-121726-0012,1221,0,0.0535,0.5805
121-121726-0012,1284,0,0.0176,0.776
121-121726-0012,1580,0,0.0281,0.706
121-121726-0012,1995,0,0.1208,0.7073
121-121726-0012,2094,0,0.0028,0.6767
121-121726-0012,237,0,-0.0087,0.5895
121-121726-0012,2961,0,0.1166,0.7877
121-121726-0012,3570,0,0.1314,0.6669
121-121726-0012,3575,0,0.004,0.5115
121-121726-0012,3729,0,0.0357,0.6748
121-121726-0012,4446,0,-0.017,0.6826
121-121726-0012,4507,0,0.103,0.6286
121-121726-0012,4970,0,0.0068,0.4202
121-121726-0012,4992,0,0.0916,0.6141
121-121726-0012,5142,0,0.1923,0.5075
121-121726-0012,5683,0,0.0841,0.5989
121-121726-0012,6829,0,0.0006,0.5758
121-121726-0012,8463,0,0.0601,0.6047
121-121726-0012,8555,0,0.0342,0.4758
121-127105-0003,121,1,0.0242,0.7901
121-127105-0003,1221,0,0.101,0.61
121-127105-0003,1284,0,0.0248,0.7745
121-127105-0003,1580,0,0.0895,0.6802
121-127105-0003,1995,0,0.0836,0.788
121-127105-0003,2094,0,-0.0083,0.6963
121-127105-0003,237,0,-0.0098,0.6352
121-127105-0003,2961,0,0.1748,0.8449
121-127105-0003,3570,0,0.112,0.7081
121-127105-0003,3575,0,0.0835,0.5038
121-127105-0003,3729,0,0.0529,0.7149
121-127105-0003,4446,0,-0.0308,0.7051
121-127105-0003,4507,0,0.1011,0.6385
121-127105-0003,4970,0,-0.0499,0.4203
121-127105-0003,4992,0,0.1486,0.6758
121-127105-0003,5142,0,0.1508,0.5419
121-127105-0003,5683,0,0.095,0.5814
121-127105-0003,6829,0,-0.0391,0.5997
121-127105-0003,8463,0,0.0725,0.6737
121-127105-0003,8555,0,0.0285,0.5009
121-127105-0006,121,1,0.0729,0.7557
121-127105-0006,1221,0,0.0236,0.586
121-127105-0006,1284,0,0.0285,0.7835
121-127105-0006,1580,0,0.0781,0.6776
121-127105-0006,1995,0,0.1727,0.7701
121-127105-0006,2094,0,0.0175,0.6986
121-127105-0006,237,0,-0.0831,0.6015
121-127105-0006,2961,0,0.1282,0.7933
121-127105-0006,3570,0,0.0276,0.6369
121-127105-0006,3575,0,0.0446,0.4752
121-127105-0006,3729,0,-0.0036,0.683
121-127105-0006,4446,0,-0.0524,0.7029
121-127105-0006,4507,0,0.0872,0.5936
121-127105-0006,4970,0,-0.0394,0.3797
121-127105-0006,4992,0,0.1011,0.659
121-127105-0006,5142,0,0.027,0.514
121-127105-0006,5683,0,0.0936,0.5638
121-127105-0006,6829,0,-0.0029,0.5778
121-127105-0006,8463,0,0.1268,0.6483
121-127105-0006,8555,0,0.0356,0.4551
121-127105-0020,121,1,0.0707,0.8064
121-127105-0020,1221,0,0.0557,0.6696
121-127105-0020,1284,0,0.049,0.8604
121-127105-0020,1580,0,0.119,0.7736
121-127105-0020,1995,0,0.0615,0.7929
121-127105-0020,2094,0,-0.0567,0.7716
121-127105-0020,237,0,0.0255,0.6767
121-127105-0020,2961,0,0.1745,0.7965
121-127105-0020,3570,0,0.0475,0.6867
121-127105-0020,3575,0,0.1022,0.569
121-127105-0020,3729,0,0.069,0.7479
121-127105-0020,4446,0,-0.0383,0.7796
121-127105-0020,4507,0,0.0358,0.6802
121-127105-0020,4970,0,-0.0393,0.4887
121-127105-0020,4992,0,0.1573,0.7177
121-127105-0020,5142,0,0.0837,0.5891
121-127105-0020,5683,0,0.0407,0.654
121-127105-0020,6829,0,0.0439,0.6542
121-127105-0020,8463,0,0.0702,0.7128
121-127105-0020,8555,0,0.0016,0.5306
121-127105-0023,121,1,0.0526,0.8041
121-127105-0023,1221,0,0.0798,0.6093
121-127105-0023,1284,0,0.0948,0.7944
121-127105-0023,1580,0,0.0899,0.6959
121-127105-0023,1995,0,0.128,0.7961
121-127105-0023,2094,0,-0.054,0.7242
121-127105-0023,237,0,0.0508,0.6488
121-127105-0023,2961,0,0.1897,0.8358
121-127105-0023,3570,0,0.1142,0.6987
121-127105-0023,3575,0,0.0563,0.5017
121-127105-0023,3729,0,0.1296,0.7212
121-127105-0023,4446,0,-0.0162,0.7202
121-127105-0023,4507,0,0.1052,0.6302
121-127105-0023,4970,0,-0.0231,0.3955
121-127105-0023,4992,0,0.1713,0.683
121-127105-0023,5142,0,0.1114,0.5239
121-127105-0023,5683,0,0.0695,0.5819
121-127105-0023,6829,0,0.0465,0.5966
121-127105-0023,8463,0,0.0402,0.6747
121-127105-0023,8555,0,0.0131,0.4727
121-127105-0036,121,1,0.0434,0.6526
121-127105-0036,1221,0,-0.0098,0.5176
121-127105-0036,1284,0,-0.0655,0.7073
121-127105-0036,1580,0,-0.0158,0.5625
121-127105-0036,1995,0,0.1728,0.7195
121-127105-0036,2094,0,0.0912,0.6096
121-127105-0036,237,0,-0.0064,0.5438
121-127105-0036,2961,0,0.1362,0.7422
121-127105-0036,3570,0,0.1072,0.5753
121-127105-0036,3575,0,0.0734,0.4187
121-127105-0036,3729,0,0.0694,0.583
121-127105-0036,4446,0,-0.0342,0.609
121-127105-0036,4507,0,0.0702,0.5238
121-127105-0036,4970,0,0.0171,0.3719
121-127105-0036,4992,0,0.0709,0.5733
121-127105-0036,5142,0,0.0818,0.48
121-127105-0036,5683,0,0.0806,0.4741
121-127105-0036,6829,0,0.0282,0.5334
121-127105-0036,8463,0,0.0073,0.5727
121-127105-0036,8555,0,0.0275,0.4137
1221-135766-0002,121,0,-0.0626,0.7468
1221-135766-0002,1221,1,0.066,0.507
1221-135766-0002,1284,0,0.0344,0.7208
1221-135766-0002,1580,0,0.0158,0.6388
1221-135766-0002,1995,0,0.0344,0.7232
1221-135766-0002,2094,0,-0.0386,0.6316
1221-135766-0002,237,0,-0.0137,0.5523
1221-135766-0002,2961,0,0.0775,0.7999
1221-135766-0002,3570,0,-0.0218,0.6466
1221-135766-0002,3575,0,-0.022,0.4602
1221-135766-0002,3729,0,0.0304,0.6275
1221-135766-0002,4446,0,0.0371,0.6225
1221-135766-0002,4507,0,0.0498,0.5417
1221-135766-0002,4970,0,-0.0231,0.3077
1221-135766-0002,4992,0,0.1704,0.5796
1221-135766-0002,5142,0,0.0995,0.4071
1221-135766-0002,5683,0,0.0745,0.5159
1221-135766-0002,6829,0,-0.0652,0.4826
1221-135766-0002,8463,0,0.0073,0.5672
1221-135766-0002,8555,0,-0.0363,0.3895
1221-135766-0009,121,0,0.036,0.741
1221-135766-0009,1221,1,0.1111,0.6052
1221-135766-0009,1284,0,0.0556,0.8079
1221-135766-0009,1580,0,0.0861,0.6938
1221-135766-0009,1995,0,0.0729,0.7598
1221-135766-0009,2094,0,-0.0006,0.6872
1221-135766-0009,237,0,-0.0348,0.6223
1221-135766-0009,2961,0,0.1007,0.7705
1221-135766-0009,3570,0,0.0774,0.6372
1221-135766-0009,3575,0,0.0428,0.4665
1221-135766-0009,3729,0,0.1423,0.6848
1221-135766-0009,4446,0,-0.0011,0.7241
1221-135766-0009,4507,0,0.1396,0.6005
1221-135766-0009,4970,0,-0.0465,0.4014
1221-135766-0009,4992,0,0.2242,0.6621
1221-135766-0009,5142,0,0.1239,0.532
1221-135766-0009,5683,0,0.0258,0.5753
1221-135766-0009,6829,0,0.0644,0.5792
1221-135766-0009,8463,0,0.0426,0.649
1221-135766-0009,8555,0,0.0895,0.4749
1221-135767-0001,121,0,0.0392,0.735
1221-135767-0001,1221,1,0.1271,0.6179
1221-135767-0001,1284,0,0.0339,0.8254
1221-135767-0001,1580,0,0.119,0.7145
1221-135767-0001,1995,0,0.0181,0.7486
1221-135767-0001,2094,0,-0.0591,0.688
1221-135767-0001,237,0,-0.0169,0.6122
1221-135767-0001,2961,0,0.1945,0.7394
1221-135767-0001,3570,0,0.0687,0.6121
1221-135767-0001,3575,0,0.0834,0.477
1221-135767-0001,3729,0,0.088,0.681
1221-135767-0001,4446,0,-0.049,0.7339
1221-135767-0001,4507,0,0.1145,0.5995
1221-135767-0001,4970,0,-0.0709,0.4167
1221-135767-0001,4992,0,0.1842,0.6653
1221-135767-0001,5142,0,0.0851,0.5377
1221-135767-0001,5683,0,0.046,0.5928
1221-135767-0001,6829,0,-0.0167,0.5774
1221-135767-0001,8463,0,0.0368,0.6574
1221-135767-0001,8555,0,0.0295,0.4789
1221-135767-0005,121,0,0.0046,0.7333
1221-135767-0005,1221,1,0.1783,0.545
1221-135767-0005,1284,0,0.0068,0.7753
1221-135767-0005,1580,0,0.1762,0.6596
1221-135767-0005,1995,0,0.0774,0.7287
1221-135767-0005,2094,0,-0.0142,0.6631
1221-135767-0005,237,0,0.069,0.5799
1221-135767-0005,2961,0,0.0747,0.7673
1221-135767-0005,3570,0,0.1006,0.6237
1221-135767-0005,3575,0,0.0288,0.4614
1221-135767-0005,3729,0,0.1142,0.6403
1221-135767-0005,4446,0,0.0713,0.6613
1221-135767-0005,4507,0,0.0563,0.5576
1221-135767-0005,4970,0,0.0203,0.3512
1221-135767-0005,4992,0,0.2421,0.6058
1221-135767-0005,5142,0,0.0636,0.4485
1221-135767-0005,5683,0,0.0986,0.5368
1221-135767-0005,6829,0,0.0194,0.523
1221-135767-0005,8463,0,0.0424,0.6031
1221-135767-0005,8555,0,0.0501,0.4007
1221-135767-0007,121,0,0.0525,0.8144
1221-135767-0007,1221,1,0.1153,0.6645
1221-135767-0007,1284,0,0.0791,0.8478
1221-135767-0007,1580,0,0.0725,0.7839
1221-135767-0007,1995,0,0.0882,0.7824
1221-135767-0007,2094,0,-0.0469,0.7705
1221-135767-0007,237,0,-0.0189,0.6668
1221-135767-0007,2961,0,0.1852,0.818
1221-135767-0007,3570,0,0.083,0.6866
1221-135767-0007,3575,0,0.055,0.563
1221-135767-0007,3729,0,0.052,0.756
1221-135767-0007,4446,0,-0.02,0.7743
1221-135767-0007,4507,0,0.0669,0.682
1221-135767-0007,4970,0,-0.0595,0.4685
1221-135767-0007,4992,0,0.1874,0.716
1221-135767-0007,5142,0,0.1198,0.5722
1221-135767-0007,5683,0,0.1063,0.6616
1221-135767-0007,6829,0,-0.0214,0.6512
1221-135767-0007,8463,0,0.0344,0.7053
1221-135767-0007,8555,0,0.0622,0.517
1221-135767-0009,121,0,-0.0394,0.7828
1221-135767-0009,1221,1,0.1172,0.6673
1221-135767-0009,1284,0,0.0879,0.8703
1221-135767-0009,1580,0,0.1584,0.7787
1221-135767-0009,1995,0,0.1341,0.8112
1221-135767-0009,2094,0,-0.0005,0.7561
1221-135767-0009,237,0,0.0261,0.6799
1221-135767-0009,2961,0,0.0859,0.7604
1221-135767-0009,3570,0,0.0745,0.6413
1221-135767-0009,3575,0,-0.0275,0.5619
1221-135767-0009,3729,0,0.1538,0.7238
1221-135767-0009,4446,0,-0.016,0.7776
1221-135767-0009,4507,0,0.119,0.6476
1221-135767-0009,4970,0,0.0151,0.4832
1221-135767-0009,4992,0,0.2226,0.7161
1221-135767-0009,5142,0,0.0962,0.5882
1221-135767-0009,5683,0,0.1448,0.6752
1221-135767-0009,6829,0,-0.0189,0.6259
1221-135767-0009,8463,0,0.0724,0.7056
1221-135767-0009,8555,0,-0.0084,0.5455
1221-135767-0010,121,0,0.0306,0.7931
1221-135767-0010,1221,1,0.1276,0.6514
1221-135767-0010,1284,0,0.0686,0.8409
1221-135767-0010,1580,0,0.0241,0.7553
1221-135767-0010,1995,0,0.2126,0.7948
1221-135767-0010,2094,0,0.0292,0.7238
1221-135767-0010,237,0,0.0333,0.6554
1221-135767-0010,2961,0,0.1945,0.7729
1221-135767-0010,3570,0,0.1209,0.6693
1221-135767-0010,3575,0,0.0234,0.5699
1221-135767-0010,3729,0,0.1309,0.7262
1221-135767-0010,4446,0,-0.0407,0.7498
1221-135767-0010,4507,0,0.0672,0.6469
1221-135767-0010,4970,0,-0.0779,0.4755
1221-135767-0010,4992,0,0.1981,0.6961
1221-135767-0010,5142,0,0.1331,0.5682
1221-135767-0010,5683,0,0.067,0.6648
1221-135767-0010,6829,0,0.0222,0.6064
1221-135767-0010,8463,0,0.0417,0.6885
1221-135767-0010,8555,0,0.0984,0.5403
1221-135767-0013,121,0,-0.0252,0.768
1221-135767-0013,1221,1,0.103,0.6434
1221-135767-0013,1284,0,0.0751,0.8457
1221-135767-0013,1580,0,0.0697,0.7307
1221-135767-0013,1995,0,0.1078,0.7932
1221-135767-0013,2094,0,0.0128,0.7306
1221-135767-0013,237,0,0.0262,0.6603
1221-135767-0013,2961,0,0.0847,0.7657
1221-135767-0013,3570,0,0.0574,0.6544
1221-135767-0013,3575,0,-0.0082,0.5317
1221-135767-0013,3729,0,0.1711,0.7104
1221-135767-0013,4446,0,0.0594,0.7503
1221-135767-0013,4507,0,0.1969,0.6261
1221-135767-0013,4970,0,0.0164,0.4571
1221-135767-0013,4992,0,0.2354,0.6923
1221-135767-0013,5142,0,0.1521,0.5574
1221-135767-0013,5683,0,0.0788,0.6308
1221-135767-0013,6829,0,0.0051,0.607
1221-135767-0013,8463,0,0.0755,0.6838
1221-135767-0013,8555,0,0.0582,0.5103
1221-135767-0018,121,0,0.0249,0.7895
1221-135767-0018,1221,1,0.0351,0.6541
1221-135767-0018,1284,0,0.0586,0.8424
1221-135767-0018,1580,0,0.0452,0.7337
1221-135767-0018,1995,0,0.1603,0.77
1221-135767-0018,2094,0,0.105,0.7282
1221-135767-0018,237,0,-0.011,0.6515
1221-135767-0018,2961,0,0.1552,0.8013
1221-135767-0018,3570,0,0.1153,0.6684
1221-135767-0018,3575,0,0.0514,0.5046
1221-135767-0018,3729,0,0.1436,0.7512
1221-135767-0018,4446,0,-0.0256,0.7732
1221-135767-0018,4507,0,0.0815,0.6551
1221-135767-0018,4970,0,-0.1185,0.4498
1221-135767-0018,4992,0,0.1269,0.7065
1221-135767-0018,5142,0,0.0854,0.5804
1221-135767-0018,5683,0,0.0082,0.6254
1221-135767-0018,6829,0,-0.0081,0.6319
1221-135767-0018,8463,0,0.0376,0.7054
1221-135767-0018,8555,0,0.022,0.5068
1221-135767-0022,121,0,-0.0139,0.7511
1221-135767-0022,1221,1,0.0671,0.6055
1221-135767-0022,1284,0,0.0374,0.8192
1221-135767-0022,1580,0,0.0334,0.7029
1221-135767-0022,1995,0,0.1155,0.7837
1221-135767-0022,2094,0,-0.0303,0.7019
1221-135767-0022,237,0,0.0032,0.6288
1221-135767-0022,2961,0,0.1826,0.7736
1221-135767-0022,3570,0,0.0616,0.6375
1221-135767-0022,3575,0,-0.0242,0.4918
1221-135767-0022,3729,0,0.1264,0.6798
1221-135767-0022,4446,0,-0.0693,0.7223
1221-135767-0022,4507,0,0.1114,0.5946
1221-135767-0022,4970,0,-0.0914,0.4084
1221-135767-0022,4992,0,0.1526,0.6679
1221-135767-0022,5142,0,0.084,0.5253
1221-135767-0022,5683,0,0.0805,0.5836
1221-135767-0022,6829,0,0.0053,0.5828
1221-135767-0022,8463,0,0.0532,0.6597
1221-135767-0022,8555,0,0.0055,0.473
1284-1180-0005,121,0,0.0642,0.7509
1284-1180-0005,1221,0,0.0614,0.5934
1284-1180-0005,1284,1,0.1187,0.8185
1284-1180-0005,1580,0,0.0986,0.7342
1284-1180-0005,1995,0,0.1865,0.7532
1284-1180-0005,2094,0,0.0187,0.7164
1284-1180-0005,237,0,0.026,0.6043
1284-1180-0005,2961,0,0.148,0.7761
1284-1180-0005,3570,0,0.1807,0.6318
1284-1180-0005,3575,0,0.0344,0.5453
1284-1180-0005,3729,0,0.1057,0.6683
1284-1180-0005,4446,0,-0.0561,0.6985
1284-1180-0005,4507,0,0.144,0.5972
1284-1180-0005,4970,0,-0.0203,0.4198
1284-1180-0005,4992,0,0.0979,0.6433
1284-1180-0005,5142,0,0.0339,0.4924
1284-1180-0005,5683,0,0.0693,0.6126
1284-1180-0005,6829,0,0.0249,0.5923
1284-1180-0005,8463,0,-0.0747,0.6302
1284-1180-0005,8555,0,0.0817,0.4489
1284-1180-0017,121,0,0.064,0.7857
1284-1180-0017,1221,0,0.0824,0.672
1284-1180-0017,1284,1,0.0512,0.867
1284-1180-0017,1580,0,0.0984,0.7881
1284-1180-0017,1995,0,0.0174,0.7607
1284-1180-0017,2094,0,-0.0592,0.7548
1284-1180-0017,237,0,-0.015,0.655
1284-1180-0017,2961,0,0.1526,0.7625
1284-1180-0017,3570,0,0.0555,0.6399
1284-1180-0017,3575,0,0.0101,0.5356
1284-1180-0017,3729,0,0.1063,0.7481
1284-1180-0017,4446,0,-0.0897,0.7903
1284-1180-0017,4507,0,0.0621,0.6659
1284-1180-0017,4970,0,-0.0846,0.4686
1284-1180-0017,4992,0,0.1443,0.719
1284-1180-0017,5142,0,0.027,0.5848
1284-1180-0017,5683,0,-0.0048,0.6591
1284-1180-0017,6829,0,0.0134,0.6469
1284-1180-0017,8463,0,0.0373,0.7108
1284-1180-0017,8555,0,0.0764,0.5129
1284-1180-0026,121,0,0.0947,0.7923
1284-1180-0026,1221,0,0.0406,0.6206
1284-1180-0026,1284,1,0.0906,0.8326
1284-1180-0026,1580,0,0.0409,0.7563
1284-1180-0026,1995,0,0.1179,0.7696
1284-1180-0026,2094,0,0.0064,0.7307
1284-1180-0026,237,0,-0.0346,0.6479
1284-1180-0026,2961,0,0.1841,0.7915
1284-1180-0026,3570,0,0.1347,0.6656
1284-1180-0026,3575,0,0.0483,0.5324
1284-1180-0026,3729,0,0.1103,0.717
1284-1180-0026,4446,0,-0.0555,0.7435
1284-1180-0026,4507,0,0.0733,0.6261
1284-1180-0026,4970,0,-0.1066,0.4251
1284-1180-0026,4992,0,0.09,0.684
1284-1180-0026,5142,0,0.0684,0.5248
1284-1180-0026,5683,0,0.0083,0.6302
1284-1180-0026,6829,0,-0.0115,0.5891
1284-1180-0026,8463,0,0.0067,0.6828
1284-1180-0026,8555,0,0.0466,0.485
1284-1180-0031,121,0,-0.0921,0.7741
1284-1180-0031,1221,0,0.0862,0.6736
1284-1180-0031,1284,1,0.0798,0.8593
1284-1180-0031,1580,0,0.1893,0.7364
1284-1180-0031,1995,0,0.1862,0.8067
1284-1180-0031,2094,0,0.0893,0.7655
1284-1180-0031,237,0,-0.0257,0.6606
1284-1180-0031,2961,0,0.1766,0.7637
1284-1180-0031,3570,0,0.205,0.6176
1284-1180-0031,3575,0,0.0034,0.4859
1284-1180-0031,3729,0,0.1763,0.7456
1284-1180-0031,4446,0,-0.0293,0.7898
1284-1180-0031,4507,0,0.2323,0.632
1284-1180-0031,4970,0,-0.0655,0.4464
1284-1180-0031,4992,0,0.236,0.7484
1284-1180-0031,5142,0,0.0742,0.6146
1284-1180-0031,5683,0,0.0743,0.6235
1284-1180-0031,6829,0,-0.0268,0.6471
1284-1180-0031,8463,0,0.099,0.7556
1284-1180-0031,8555,0,0.0542,0.5145
1284-1181-0004,121,0,-0.0509,0.823
1284-1181-0004,1221,0,0.0727,0.6828
1284-1181-0004,1284,1,0.1251,0.863
1284-1181-0004,1580,0,0.1695,0.7738
1284-1181-0004,1995,0,0.134,0.8353
1284-1181-0004,2094,0,-0.0502,0.7856
1284-1181-0004,237,0,-0.0066,0.7098
1284-1181-0004,2961,0,0.1499,0.8236
1284-1181-0004,3570,0,0.0881,0.686
1284-1181-0004,3575,0,0.0185,0.5091
1284-1181-0004,3729,0,0.1063,0.7665
1284-1181-0004,4446,0,-0.0369,0.801
1284-1181-0004,4507,0,0.1069,0.6625
1284-1181-0004,4970,0,0.0128,0.4333
1284-1181-0004,4992,0,0.1785,0.7617
1284-1181-0004,5142,0,0.0784,0.5963
1284-1181-0004,5683,0,0.0563,0.6374
1284-1181-0004,6829,0,0.0302,0.6585
1284-1181-0004,8463,0,0.0293,0.7507
1284-1181-0004,8555,0,-0.0002,0.5193
1284-1181-0007,121,0,-0.0149,0.7385
1284-1181-0007,1221,0,0.1316,0.5483
1284-1181-0007,1284,1,0.0412,0.7448
1284-1181-0007,1580,0,0.0727,0.6318
1284-1181-0007,1995,0,0.0678,0.7466
1284-1181-0007,2094,0,0.0564,0.6544
1284-1181-0007,237,0,0.0712,0.5627
1284-1181-0007,2961,0,0.1657,0.7967
1284-1181-0007,3570,0,0.0429,0.6303
1284-1181-0007,3575,0,0.0552,0.4421
1284-1181-0007,3729,0,0.0617,0.6512
1284-1181-0007,4446,0,-0.016,0.647
1284-1181-0007,4507,0,0.0755,0.5653
1284-1181-0007,4970,0,-0.0045,0.3389
1284-1181-0007,4992,0,0.1793,0.6231
1284-1181-0007,5142,0,0.0234,0.4716
1284-1181-0007,5683,0,0.1177,0.5201
1284-1181-0007,6829,0,0.0386,0.5487
1284-1181-0007,8463,0,0.0734,0.6144
1284-1181-0007,8555,0,0.0418,0.4122
1284-1181-0011,121,0,0.0507,0.8072
1284-1181-0011,1221,0,0.0105,0.65
1284-1181-0011,1284,1,-0.0379,0.8278
1284-1181-0011,1580,0,-0.0098,0.7544
1284-1181-0011,1995,0,0.0197,0.7811
1284-1181-0011,2094,0,-0.0154,0.735
1284-1181-0011,237,0,-0.0991,0.6546
1284-1181-0011,2961,0,0.2806,0.8129
1284-1181-0011,3570,0,0.1178,0.6687
1284-1181-0011,3575,0,-0.0069,0.4965
1284-1181-0011,3729,0,0.0925,0.751
1284-1181-0011,4446,0,-0.1618,0.7675
1284-1181-0011,4507,0,0.085,0.6565
1284-1181-0011,4970,0,-0.0501,0.4272
1284-1181-0011,4992,0,0.1341,0.7216
1284-1181-0011,5142,0,0.1098,0.5779
1284-1181-0011,5683,0,0.0052,0.6253
1284-1181-0011,6829,0,-0.0023,0.6199
1284-1181-0011,8463,0,-0.033,0.7225
1284-1181-0011,8555,0,0.0838,0.5119
1284-1181-0016,121,0,-0.03,0.801
1284-1181-0016,1221,0,0.1092,0.67
1284-1181-0016,1284,1,0.0889,0.8546
1284-1181-0016,1580,0,0.0821,0.7474
1284-1181-0016,1995,0,0.1453,0.8015
1284-1181-0016,2094,0,0.008,0.7524
1284-1181-0016,237,0,0.0056,0.6887
1284-1181-0016,2961,0,0.1306,0.8181
1284-1181-0016,3570,0,0.1147,0.6987
1284-1181-0016,3575,0,-0.0185,0.5514
1284-1181-0016,3729,0,0.1773,0.7582
1284-1181-0016,4446,0,0.0194,0.7778
1284-1181-0016,4507,0,0.1302,0.6757
1284-1181-0016,4970,0,0.0004,0.4913
1284-1181-0016,4992,0,0.2358,0.7169
1284-1181-0016,5142,0,0.1389,0.5994
1284-1181-0016,5683,0,0.1127,0.6552
1284-1181-0016,6829,0,0.0144,0.6566
1284-1181-0016,8463,0,0.066,0.71
1284-1181-0016,8555,0,0.0958,0.5401
1284-1181-0017,121,0,-0.0057,0.7563
1284-1181-0017,1221,0,0.0222,0.5944
1284-1181-0017,1284,1,0.0583,0.7704
1284-1181-0017,1580,0,0.0142,0.6597
1284-1181-0017,1995,0,0.0528,0.7466
1284-1181-0017,2094,0,-0.0426,0.6604
1284-1181-0017,237,0,-0.0687,0.6198
1284-1181-0017,2961,0,0.1624,0.8059
1284-1181-0017,3570,0,0.0466,0.6782
1284-1181-0017,3575,0,-0.0144,0.4767
1284-1181-0017,3729,0,0.0222,0.6968
1284-1181-0017,4446,0,-0.0373,0.7005
1284-1181-0017,4507,0,0.089,0.6212
1284-1181-0017,4970,0,-0.0592,0.4255
1284-1181-0017,4992,0,0.1015,0.642
1284-1181-0017,5142,0,0.0988,0.5369
1284-1181-0017,5683,0,0.0465,0.5727
1284-1181-0017,6829,0,-0.0419,0.5798
1284-1181-0017,8463,0,-0.0091,0.6383
1284-1181-0017,8555,0,-0.019,0.4897
1284-134647-0004,121,0,0.0488,0.8053
1284-134647-0004,1221,0,0.049,0.6504
1284-134647-0004,1284,1,0.0611,0.8375
1284-134647-0004,1580,0,0.0649,0.7556
1284-134647-0004,1995,0,0.0365,0.7953
1284-134647-0004,2094,0,-0.0706,0.7409
1284-134647-0004,237,0,-0.021,0.6509
1284-134647-0004,2961,0,0.1423,0.7991
1284-134647-0004,3570,0,0.006,0.6568
1284-134647-0004,3575,0,-0.033,0.5182
1284-134647-0004,3729,0,0.097,0.741
1284-134647-0004,4446,0,-0.1112,0.7634
1284-134647-0004,4507,0,0.0746,0.645
1284-134647-0004,4970,0,-0.1124,0.4348
1284-134647-0004,4992,0,0.1789,0.7198
1284-134647-0004,5142,0,0.0551,0.5653
1284-134647-0004,5683,0,0.0579,0.6348
1284-134647-0004,6829,0,-0.0809,0.619
1284-134647-0004,8463,0,0.0183,0.717
1284-134647-0004,8555,0,0.0327,0.5048
1320-122612-0003,1089,0,0.2343,0.8796
1320-122612-0003,1188,0,0.2067,0.9155
1320-122612-0003,1320,1,0.2586,0.7962
1320-122612-0003,2300,0,0.1339,0.5819
1320-122612-0003,260,0,0.0964,0.9312
1320-122612-0003,2830,0,0.1785,0.8603
1320-122612-0003,4077,0,0.1295,0.8454
1320-122612-0003,5105,0,0.0316,0.8192
1320-122612-0003,5639,0,0.1741,0.9056
1320-122612-0003,61,0,0.0438,0.8911
1320-122612-0003,672,0,0.3362,0.9102
1320-122612-0003,6930,0,-0.0269,0.8052
1320-122612-0003,7021,0,0.0254,0.7523
1320-122612-0003,7127,0,0.2293,0.7655
1320-122612-0003,7176,0,-0.0523,0.8954
1320-122612-0003,7729,0,0.2458,0.8779
1320-122612-0003,8224,0,0.01,0.7643
1320-122612-0003,8230,0,0.064,0.9103
1320-122612-0003,8455,0,0.2133,0.7897
1320-122612-0003,908,0,-0.0574,0.8738
1320-122612-0005,1089,0,0.26,0.7863
1320-122612-0005,1188,0,0.1926,0.7991
1320-122612-0005,1320,1,0.1827,0.7205
1320-122612-0005,2300,0,0.1434,0.4688
1320-122612-0005,260,0,0.1215,0.8017
1320-122612-0005,2830,0,0.1594,0.7499
1320-122612-0005,4077,0,0.0214,0.6728
1320-122612-0005,5105,0,-0.0191,0.7442
1320-122612-0005,5639,0,0.2157,0.8644
1320-122612-0005,61,0,0.0688,0.7215
1320-122612-0005,672,0,0.3077,0.8675
1320-122612-0005,6930,0,-0.0668,0.7601
1320-122612-0005,7021,0,0.01,0.6716
1320-122612-0005,7127,0,0.1774,0.6287
1320-122612-0005,7176,0,-0.1023,0.7051
1320-122612-0005,7729,0,0.204,0.682
1320-122612-0005,8224,0,0.0414,0.8499
1320-122612-0005,8230,0,0.1362,0.7761
1320-122612-0005,8455,0,0.1311,0.7
1320-122612-0005,908,0,-0.17,0.7854
1320-122612-0013,1089,0,0.2357,0.7986
1320-122612-0013,1188,0,0.1502,0.8049
1320-122612-0013,1320,1,0.1405,0.6873
1320-122612-0013,2300,0,0.1434,0.4438
1320-122612-0013,260,0,0.0334,0.8292
1320-122612-0013,2830,0,0.1266,0.7442
1320-122612-0013,4077,0,0.0698,0.7242
1320-122612-0013,5105,0,-0.0053,0.7172
1320-122612-0013,5639,0,0.3025,0.8942
1320-122612-0013,61,0,-0.0104,0.7684
1320-122612-0013,672,0,0.1524,0.8726
1320-122612-0013,6930,0,-0.0397,0.7624
1320-122612-0013,7021,0,0.0283,0.644
1320-122612-0013,7127,0,0.1669,0.6182
1320-122612-0013,7176,0,-0.1506,0.7708
1320-122612-0013,7729,0,0.1904,0.7329
1320-122612-0013,8224,0,0.0276,0.817
1320-122612-0013,8230,0,0.0607,0.8184
1320-122612-0013,8455,0,0.1119,0.7074
1320-122612-0013,908,0,-0.1037,0.8051
1320-122617-0005,1089,0,0.1763,0.8304
1320-122617-0005,1188,0,0.2266,0.8516
1320-122617-0005,1320,1,0.1628,0.7591
1320-122617-0005,2300,0,0.1489,0.5727
1320-122617-0005,260,0,0.1315,0.8904
1320-122617-0005,2830,0,0.2285,0.804
1320-122617-0005,4077,0,0.0745,0.8185
1320-122617-0005,5105,0,0.0879,0.7943
1320-122617-0005,5639,0,0.1515,0.9083
1320-122617-0005,61,0,0.0281,0.8471
1320-122617-0005,672,0,0.1788,0.8797
1320-122617-0005,6930,0,-0.0334,0.8332
1320-122617-0005,7021,0,0.0768,0.7279
1320-122617-0005,7127,0,0.2147,0.7124
1320-122617-0005,7176,0,-0.084,0.835
1320-122617-0005,7729,0,0.2088,0.846
1320-122617-0005,8224,0,0.0033,0.8122
1320-122617-0005,8230,0,0.0642,0.8458
1320-122617-0005,8455,0,0.1312,0.776
1320-122617-0005,908,0,-0.041,0.8452
1320-122617-0011,1089,0,0.1629,0.8867
1320-122617-0011,1188,0,0.1876,0.9122
1320-122617-0011,1320,1,0.2751,0.8037
1320-122617-0011,2300,0,0.1543,0.5481
1320-122617-0011,260,0,0.1633,0.9182
1320-122617-0011,2830,0,0.2484,0.8743
1320-122617-0011,4077,0,0.0914,0.8394
1320-122617-0011,5105,0,0.1143,0.8248
1320-122617-0011,5639,0,0.2148,0.9172
1320-122617-0011,61,0,0.0171,0.8526
1320-122617-0011,672,0,0.2316,0.91
1320-122617-0011,6930,0,0.0059,0.7988
1320-122617-0011,7021,0,0.1271,0.7486
1320-122617-0011,7127,0,0.2036,0.7894
1320-122617-0011,7176,0,-0.0867,0.8689
1320-122617-0011,7729,0,0.2247,0.8529
1320-122617-0011,8224,0,0.097,0.7568
1320-122617-0011,8230,0,0.0378,0.894
1320-122617-0011,8455,0,0.1252,0.7677
1320-122617-0011,908,0,-0.0237,0.8677
1320-122617-0018,1089,0,0.2222,0.8365
1320-122617-0018,1188,0,0.2131,0.8719
1320-122617-0018,1320,1,0.1584,0.7577
1320-122617-0018,2300,0,0.1561,0.5203
1320-122617-0018,260,0,0.1248,0.9177
1320-122617-0018,2830,0,0.2119,0.8364
1320-122617-0018,4077,0,0.0767,0.814
1320-122617-0018,5105,0,0.0331,0.7905
1320-122617-0018,5639,0,0.3225,0.9229
1320-122617-0018,61,0,0.1039,0.8633
1320-122617-0018,672,0,0.2063,0.9041
1320-122617-0018,6930,0,-0.033,0.8184
1320-122617-0018,7021,0,0.0421,0.7072
1320-122617-0018,7127,0,0.2355,0.7105
1320-122617-0018,7176,0,-0.0027,0.8644
1320-122617-0018,7729,0,0.2305,0.8145
1320-122617-0018,8224,0,0.0867,0.7996
1320-122617-0018,8230,0,0.1871,0.8785
1320-122617-0018,8455,0,0.0953,0.7623
1320-122617-0018,908,0,-0.1053,0.845
1320-122617-0027,1089,0,0.1857,0.8455
1320-122617-0027,1188,0,0.1143,0.8697
1320-122617-0027,1320,1,0.0498,0.7701
1320-122617-0027,2300,0,0.1307,0.5702
1320-122617-0027,260,0,0.0762,0.9012
1320-122617-0027,2830,0,0.1295,0.8049
1320-122617-0027,4077,0,0.0532,0.8355
1320-122617-0027,5105,0,-0.0635,0.7932
1320-122617-0027,5639,0,0.3219,0.9193
1320-122617-0027,61,0,0.0727,0.8356
1320-122617-0027,672,0,0.1531,0.8939
1320-122617-0027,6930,0,0.0388,0.8025
1320-122617-0027,7021,0,-0.0021,0.7293
1320-122617-0027,7127,0,0.1823,0.7329
1320-122617-0027,7176,0,-0.1392,0.8272
1320-122617-0027,7729,0,0.138,0.8473
1320-122617-0027,8224,0,-0.0017,0.7981
1320-122617-0027,8230,0,0.0932,0.8422
1320-122617-0027,8455,0,0.1233,0.7786
1320-122617-0027,908,0,-0.1084,0.8552
1320-122617-0032,1089,0,0.1985,0.8106
1320-122617-0032,1188,0,0.1837,0.8519
1320-122617-0032,1320,1,0.0863,0.715
1320-122617-0032,2300,0,0.1838,0.4768
1320-122617-0032,260,0,0.1418,0.9043
1320-122617-0032,2830,0,0.3098,0.8497
1320-122617-0032,4077,0,0.0478,0.7584
1320-122617-0032,5105,0,0.0469,0.7473
1320-122617-0032,5639,0,0.2651,0.8677
1320-122617-0032,61,0,0.1433,0.8793
1320-122617-0032,672,0,0.0823,0.8606
1320-122617-0032,6930,0,0.0627,0.8397
1320-122617-0032,7021,0,0.0068,0.6639
1320-122617-0032,7127,0,0.1898,0.662
1320-122617-0032,7176,0,-0.0017,0.8909
1320-122617-0032,7729,0,0.1805,0.7773
1320-122617-0032,8224,0,0.0304,0.7558
1320-122617-0032,8230,0,0.2244,0.9016
1320-122617-0032,8455,0,0.1024,0.7322
1320-122617-0032,908,0,-0.1078,0.8145
1320-122617-0037,1089,0,0.1424,0.8068
1320-122617-0037,1188,0,0.1335,0.8671
1320-122617-0037,1320,1,0.163,0.7303
1320-122617-0037,2300,0,0.1812,0.5065
1320-122617-0037,260,0,0.1276,0.9127
1320-122617-0037,2830,0,0.0877,0.85
1320-122617-0037,4077,0,0.0843,0.8173
1320-122617-0037,5105,0,0.0008,0.7701
1320-122617-0037,5639,0,0.1895,0.8965
1320-122617-0037,61,0,0.0437,0.873
1320-122617-0037,672,0,0.2557,0.8616
1320-122617-0037,6930,0,0.0398,0.8114
1320-122617-0037,7021,0,-0.0267,0.6819
1320-122617-0037,7127,0,0.182,0.7121
1320-122617-0037,7176,0,-0.1717,0.8825
1320-122617-0037,7729,0,0.1903,0.8361
1320-122617-0037,8224,0,0.0797,0.7541
1320-122617-0037,8230,0,0.0059,0.8721
1320-122617-0037,8455,0,0.2081,0.7383
1320-122617-0037,908,0,-0.0953,0.8207
1320-122617-0041,1089,0,0.1127,0.8361
1320-122617-0041,1188,0,0.1385,0.8808
1320-122617-0041,1320,1,0.2141,0.7706
1320-122617-0041,2300,0,0.1743,0.5001
1320-122617-0041,260,0,0.1586,0.9221
1320-122617-0041,2830,0,0.214,0.9063
1320-122617-0041,4077,0,0.054,0.8111
1320-122617-0041,5105,0,0.0966,0.8173
1320-122617-0041,5639,0,0.2062,0.8923
1320-122617-0041,61,0,0.2297,0.906
1320-122617-0041,672,0,0.2092,0.8706
1320-122617-0041,6930,0,0.0517,0.8249
1320-122617-0041,7021,0,0.0171,0.7089
1320-122617-0041,7127,0,0.2195,0.7607
1320-122617-0041,7176,0,0.0121,0.9207
1320-122617-0041,7729,0,0.2395,0.8232
1320-122617-0041,8224,0,0.0569,0.7467
1320-122617-0041,8230,0,0.1604,0.9114
1320-122617-0041,8455,0,0.0323,0.7179
1320-122617-0041,908,0,-0.101,0.8333
1580-141083-0006,121,0,0.0165,0.824
1580-141083-0006,1221,0,0.1597,0.7026
1580-141083-0006,1284,0,0.1088,0.8806
1580-141083-0006,1580,1,0.1984,0.8271
1580-141083-0006,1995,0,0.1407,0.8139
1580-141083-0006,2094,0,-0.0412,0.7639
1580-141083-0006,237,0,0.1111,0.7226
1580-141083-0006,2961,0,0.1024,0.7993
1580-141083-0006,3570,0,0.1137,0.7173
1580-141083-0006,3575,0,0.0495,0.6244
1580-141083-0006,3729,0,0.2,0.764
1580-141083-0006,4446,0,0.03,0.8001
1580-141083-0006,4507,0,0.1768,0.6978
1580-141083-0006,4970,0,-0.0435,0.5331
1580-141083-0006,4992,0,0.1609,0.7348
1580-141083-0006,5142,0,0.0595,0.6001
1580-141083-0006,5683,0,0.0898,0.7234
1580-141083-0006,6829,0,0.0646,0.6489
1580-141083-0006,8463,0,0.0464,0.7238
1580-141083-0006,8555,0,0.0868,0.5914
1580-141083-0007,121,0,-0.0374,0.7584
1580-141083-0007,1221,0,0.0824,0.6635
1580-141083-0007,1284,0,0.1135,0.8729
1580-141083-0007,1580,1,0.1055,0.7587
1580-141083-0007,1995,0,0.2753,0.7887
1580-141083-0007,2094,0,0.0715,0.7562
1580-141083-0007,237,0,0.0315,0.6635
1580-141083-0007,2961,0,0.1257,0.7341
1580-141083-0007,3570,0,0.1133,0.5933
1580-141083-0007,3575,0,-0.0149,0.496
1580-141083-0007,3729,0,0.1852,0.7313
1580-141083-0007,4446,0,0.0118,0.7986
1580-141083-0007,4507,0,0.1495,0.6251
1580-141083-0007,4970,0,-0.107,0.456
1580-141083-0007,4992,0,0.1492,0.7275
1580-141083-0007,5142,0,0.0952,0.6082
1580-141083-0007,5683,0,0.0611,0.6472
1580-141083-0007,6829,0,0.0009,0.6304
1580-141083-0007,8463,0,-0.0139,0.7215
1580-141083-0007,8555,0,0.044,0.5222
1580-141083-0010,121,0,0.0149,0.7984
1580-141083-0010,1221,0,0.1065,0.6859
1580-141083-0010,1284,0,0.155,0.8611
1580-141083-0010,1580,1,0.0972,0.7766
1580-141083-0010,1995,0,0.194,0.8077
1580-141083-0010,2094,0,-0.0247,0.7877
1580-141083-0010,237,0,-0.002,0.6693
1580-141083-0010,2961,0,0.2394,0.7817
1580-141083-0010,3570,0,0.2321,0.6393
1580-141083-0010,3575,0,0.1323,0.5049
1580-141083-0010,3729,0,0.1218,0.7695
1580-141083-0010,4446,0,-0.0509,0.8049
1580-141083-0010,4507,0,0.1164,0.6694
1580-141083-0010,4970,0,-0.0289,0.4354
1580-141083-0010,4992,0,0.1742,0.7611
1580-141083-0010,5142,0,0.0647,0.6139
1580-141083-0010,5683,0,-0.0046,0.6451
1580-141083-0010,6829,0,0.0189,0.6741
1580-141083-0010,8463,0,-0.0101,0.7397
1580-141083-0010,8555,0,0.0741,0.5226
1580-141083-0016,121,0,0.0409,0.7153
1580-141083-0016,1221,0,0.0755,0.5722
1580-141083-0016,1284,0,-0.0089,0.767
1580-141083-0016,1580,1,0.077,0.6455
1580-141083-0016,1995,0,0.1739,0.7391
1580-141083-0016,2094,0,0.0019,0.6438
1580-141083-0016,237,0,0.0925,0.6049
1580-141083-0016,2961,0,0.1623,0.7551
1580-141083-0016,3570,0,0.1192,0.6375
1580-141083-0016,3575,0,0.0183,0.4449
1580-141083-0016,3729,0,0.125,0.6566
1580-141083-0016,4446,0,-0.0235,0.682
1580-141083-0016,4507,0,0.1193,0.5934
1580-141083-0016,4970,0,-0.017,0.3898
1580-141083-0016,4992,0,0.1217,0.6266
1580-141083-0016,5142,0,0.0863,0.5227
1580-141083-0016,5683,0,0.0102,0.5424
1580-141083-0016,6829,0,0.131,0.557
1580-141083-0016,8463,0,0.0738,0.6081
1580-141083-0016,8555,0,0.02,0.4724
1580-141083-0027,121,0,0.0642,0.7717
1580-141083-0027,1221,0,0.1018,0.6219
1580-141083-0027,1284,0,0.0759,0.8473
1580-141083-0027,1580,1,0.0709,0.77
1580-141083-0027,1995,0,0.0235,0.753
1580-141083-0027,2094,0,0.0046,0.7306
1580-141083-0027,237,0,0.0631,0.6343
1580-141083-0027,2961,0,0.1654,0.7575
1580-141083-0027,3570,0,0.0571,0.6449
1580-141083-0027,3575,0,0.0768,0.5415
1580-141083-0027,3729,0,0.0232,0.7079
1580-141083-0027,4446,0,-0.0753,0.7461
1580-141083-0027,4507,0,0.0608,0.6204
1580-141083-0027,4970,0,-0.0797,0.4321
1580-141083-0027,4992,0,0.1106,0.6724
1580-141083-0027,5142,0,0.1185,0.5145
1580-141083-0027,5683,0,0.0211,0.6416
1580-141083-0027,6829,0,0.0388,0.5896
1580-141083-0027,8463,0,0.0115,0.6572
1580-141083-0027,8555,0,0.1054,0.4777
1580-141083-0044,121,0,0.0009,0.7812
1580-141083-0044,1221,0,0.0951,0.6299
1580-141083-0044,1284,0,0.1025,0.8318
1580-141083-0044,1580,1,0.1124,0.7486
1580-141083-0044,1995,0,0.1221,0.7974
1580-141083-0044,2094,0,-0.0762,0.7365
1580-141083-0044,237,0,0.0209,0.6547
1580-141083-0044,2961,0,0.1977,0.7828
1580-141083-0044,3570,0,0.167,0.6653
1580-141083-0044,3575,0,0.0491,0.5477
1580-141083-0044,3729,0,0.1021,0.7051
1580-141083-0044,4446,0,-0.0276,0.7338
1580-141083-0044,4507,0,0.1707,0.6309
1580-141083-0044,4970,0,-0.0834,0.4313
1580-141083-0044,4992,0,0.1507,0.6894
1580-141083-0044,5142,0,0.1086,0.5367
1580-141083-0044,5683,0,0.0784,0.6315
1580-141083-0044,6829,0,0.0419,0.6066
1580-141083-0044,8463,0,0.0207,0.6671
1580-141083-0044,8555,0,0.0953,0.5031
1580-141084-0002,121,0,0.0292,0.7844
1580-141084-0002,1221,0,0.0441,0.6397
1580-141084-0002,1284,0,0.0656,0.8502
1580-141084-0002,1580,1,0.0188,0.7638
1580-141084-0002,1995,0,0.0912,0.7774
1580-141084-0002,2094,0,-0.0372,0.7494
1580-141084-0002,237,0,0.0061,0.6519
1580-141084-0002,2961,0,0.0788,0.7641
1580-141084-0002,3570,0,-0.0001,0.6382
1580-141084-0002,3575,0,0.05,0.5164
1580-141084-0002,3729,0,0.0941,0.727
1580-141084-0002,4446,0,-0.0323,0.7728
1580-141084-0002,4507,0,0.121,0.6314
1580-141084-0002,4970,0,-0.1431,0.4256
1580-141084-0002,4992,0,0.1237,0.7034
1580-141084-0002,5142,0,0.0794,0.5529
1580-141084-0002,5683,0,0.0252,0.6341
1580-141084-0002,6829,0,-0.0245,0.6053
1580-141084-0002,8463,0,0.0083,0.6874
1580-141084-0002,8555,0,0.0132,0.4963
1580-141084-0009,121,0,0.0061,0.7526
1580-141084-0009,1221,0,0.1381,0.6084
1580-141084-0009,1284,0,0.0296,0.8073
1580-141084-0009,1580,1,0.0114,0.7289
1580-141084-0009,1995,0,0.0711,0.7559
1580-141084-0009,2094,0,-0.0192,0.6979
1580-141084-0009,237,0,-0.0389,0.6122
1580-141084-0009,2961,0,0.114,0.7903
1580-141084-0009,3570,0,0.0465,0.6406
1580-141084-0009,3575,0,-0.0054,0.5023
1580-141084-0009,3729,0,-0.02,0.685
1580-141084-0009,4446,0,-0.0144,0.7155
1580-141084-0009,4507,0,0.0481,0.6198
1580-141084-0009,4970,0,-0.0979,0.4141
1580-141084-0009,4992,0,0.0596,0.6545
1580-141084-0009,5142,0,0.0939,0.5293
1580-141084-0009,5683,0,0.0052,0.6119
1580-141084-0009,6829,0,-0.0037,0.5873
1580-141084-0009,8463,0,-0.0328,0.6396
1580-141084-0009,8555,0,0.0386,0.4849
1580-141084-0010,121,0,-0.0416,0.7247
1580-141084-0010,1221,0,0.1081,0.5239
1580-141084-0010,1284,0,0.0166,0.7315
1580-141084-0010,1580,1,0.0391,0.6298
1580-141084-0010,1995,0,0.1921,0.6815
1580-141084-0010,2094,0,0.1245,0.6467
1580-141084-0010,237,0,-0.0102,0.5481
1580-141084-0010,2961,0,0.1814,0.766
1580-141084-0010,3570,0,0.1175,0.6463
1580-141084-0010,3575,0,0.0539,0.4735
1580-141084-0010,3729,0,0.0681,0.6456
1580-141084-0010,4446,0,-0.0636,0.6372
1580-141084-0010,4507,0,0.1109,0.5875
1580-141084-0010,4970,0,-0.0343,0.3717
1580-141084-0010,4992,0,0.0968,0.5712
1580-141084-0010,5142,0,0.1678,0.4526
1580-141084-0010,5683,0,0.1328,0.5301
1580-141084-0010,6829,0,-0.0046,0.5322
1580-141084-0010,8463,0,0.0037,0.5716
1580-141084-0010,8555,0,0.0535,0.4091
1580-141084-0042,121,0,0.0805,0.7737
1580-141084-0042,1221,0,0.121,0.6357
1580-141084-0042,1284,0,0.1378,0.8354
1580-141084-0042,1580,1,0.0637,0.7918
1580-141084-0042,1995,0,0.0567,0.7243
1580-141084-0042,2094,0,0.0217,0.7087
1580-141084-0042,237,0,0.0738,0.6372
1580-141084-0042,2961,0,0.0627,0.7444
1580-141084-0042,3570,0,0.0182,0.6556
1580-141084-0042,3575,0,0.1375,0.558
1580-141084-0042,3729,0,0.1648,0.7158
1580-141084-0042,4446,0,-0.0309,0.7452
1580-141084-0042,4507,0,0.0923,0.646
1580-141084-0042,4970,0,-0.0682,0.4542
1580-141084-0042,4992,0,0.0956,0.662
1580-141084-0042,5142,0,0.1009,0.524
1580-141084-0042,5683,0,0.0766,0.6789
1580-141084-0042,6829,0,0.0325,0.5789
1580-141084-0042,8463,0,0.0429,0.6353
1580-141084-0042,8555,0,0.0635,0.5098
1995-1826-0002,121,0,0.0227,0.7798
1995-1826-0002,1221,0,0.0606,0.6006
1995-1826-0002,1284,0,0.1511,0.8037
1995-1826-0002,1580,0,0.0567,0.7463
1995-1826-0002,1995,1,0.1827,0.74
1995-1826-0002,2094,0,-0.079,0.7131
1995-1826-0002,237,0,0.0385,0.615
1995-1826-0002,2961,0,0.1001,0.7819
1995-1826-0002,3570,0,0.1364,0.6575
1995-1826-0002,3575,0,-0.0744,0.5606
1995-1826-0002,3729,0,0.1988,0.6953
1995-1826-0002,4446,0,-0.0191,0.7057
1995-1826-0002,4507,0,0.1712,0.6389
1995-1826-0002,4970,0,-0.0788,0.4473
1995-1826-0002,4992,0,0.1212,0.6446
1995-1826-0002,5142,0,0.059,0.5181
1995-1826-0002,5683,0,0.0033,0.6345
1995-1826-0002,6829,0,-0.0151,0.5734
1995-1826-0002,8463,0,-0.0205,0.6409
1995-1826-0002,8555,0,0.0263,0.4951
1995-1826-0009,121,0,-0.0326,0.7797
1995-1826-0009,1221,0,0.0792,0.6806
1995-1826-0009,1284,0,0.0624,0.859
1995-1826-0009,1580,0,0.0085,0.7449
1995-1826-0009,1995,1,0.0971,0.7975
1995-1826-0009,2094,0,-0.042,0.7775
1995-1826-0009,237,0,-0.0154,0.6608
1995-1826-0009,2961,0,0.1644,0.7935
1995-1826-0009,3570,0,0.065,0.6455
1995-1826-0009,3575,0,-0.001,0.5253
1995-1826-0009,3729,0,0.0718,0.756
1995-1826-0009,4446,0,-0.0728,0.7882
1995-1826-0009,4507,0,0.0701,0.6662
1995-1826-0009,4970,0,-0.0203,0.4814
1995-1826-0009,4992,0,0.1709,0.7406
1995-1826-0009,5142,0,0.1111,0.6161
1995-1826-0009,5683,0,0.0922,0.6407
1995-1826-0009,6829,0,0.0745,0.6946
1995-1826-0009,8463,0,0.011,0.7411
1995-1826-0009,8555,0,0.0017,0.5141
1995-1826-0018,121,0,-0.0751,0.7392
1995-1826-0018,1221,0,0.0509,0.5983
1995-1826-0018,1284,0,0.0066,0.7922
1995-1826-0018,1580,0,0.0057,0.6774
1995-1826-0018,1995,1,0.049,0.7531
1995-1826-0018,2094,0,-0.0158,0.6791
1995-1826-0018,237,0,0.0052,0.5882
1995-1826-0018,2961,0,0.1755,0.7996
1995-1826-0018,3570,0,0.0871,0.618
1995-1826-0018,3575,0,0.0462,0.4456
1995-1826-0018,3729,0,0.0795,0.6845
1995-1826-0018,4446,0,-0.0778,0.7123
1995-1826-0018,4507,0,0.0074,0.5943
1995-1826-0018,4970,0,-0.0443,0.3972
1995-1826-0018,4992,0,0.119,0.665
1995-1826-0018,5142,0,0.1067,0.5397
1995-1826-0018,5683,0,0.0726,0.5604
1995-1826-0018,6829,0,-0.0303,0.5942
1995-1826-0018,8463,0,-0.0145,0.665
1995-1826-0018,8555,0,0.0637,0.4588
1995-1826-0021,121,0,0.0512,0.774
1995-1826-0021,1221,0,0.1155,0.6518
1995-1826-0021,1284,0,-0.0335,0.8464
1995-1826-0021,1580,0,0.0082,0.7301
1995-1826-0021,1995,1,0.1091,0.7794
1995-1826-0021,2094,0,0.054,0.7403
1995-1826-0021,237,0,-0.0319,0.6395
1995-1826-0021,2961,0,0.115,0.779
1995-1826-0021,3570,0,0.0341,0.6337
1995-1826-0021,3575,0,0.0128,0.5166
1995-1826-0021,3729,0,0.1042,0.7375
1995-1826-0021,4446,0,-0.0271,0.7688
1995-1826-0021,4507,0,0.1075,0.6431
1995-1826-0021,4970,0,-0.0694,0.4592
1995-1826-0021,4992,0,0.1757,0.7074
1995-1826-0021,5142,0,0.0987,0.5874
1995-1826-0021,5683,0,0.0732,0.631
1995-1826-0021,6829,0,0.0136,0.6399
1995-1826-0021,8463,0,0.0236,0.71
1995-1826-0021,8555,0,0.1057,0.5069
1995-1826-0023,121,0,-0.05,0.7493
1995-1826-0023,1221,0,0.1313,0.6114
1995-1826-0023,1284,0,-0.0407,0.782
1995-1826-0023,1580,0,0.0159,0.6721
1995-1826-0023,1995,1,0.1925,0.7784
1995-1826-0023,2094,0,0.0907,0.6942
1995-1826-0023,237,0,0.1268,0.6032
1995-1826-0023,2961,0,0.084,0.7754
1995-1826-0023,3570,0,0.0397,0.6236
1995-1826-0023,3575,0,0.0755,0.5047
1995-1826-0023,3729,0,0.1431,0.6948
1995-1826-0023,4446,0,-0.05,0.6985
1995-1826-0023,4507,0,0.1428,0.6211
1995-1826-0023,4970,0,0.0334,0.4436
1995-1826-0023,4992,0,0.2125,0.6766
1995-1826-0023,5142,0,0.1847,0.5795
1995-1826-0023,5683,0,0.2088,0.6044
1995-1826-0023,6829,0,0.0001,0.6048
1995-1826-0023,8463,0,0.1313,0.6834
1995-1826-0023,8555,0,0.0973,0.5189
1995-1836-0005,121,0,0.0173,0.7962
1995-1836-0005,1221,0,0.0795,0.6471
1995-1836-0005,1284,0,-0.0201,0.825
1995-1836-0005,1580,0,0.0007,0.7231
1995-1836-0005,1995,1,0.096,0.7895
1995-1836-0005,2094,0,-0.0033,0.7352
1995-1836-0005,237,0,-0.0084,0.6493
1995-1836-0005,2961,0,0.1811,0.8182
1995-1836-0005,3570,0,0.0808,0.6635
1995-1836-0005,3575,0,-0.0043,0.508
1995-1836-0005,3729,0,0.1158,0.7483
1995-1836-0005,4446,0,-0.1022,0.7582
1995-1836-0005,4507,0,0.1057,0.648
1995-1836-0005,4970,0,-0.0951,0.4494
1995-1836-0005,4992,0,0.1949,0.7191
1995-1836-0005,5142,0,0.0623,0.5856
1995-1836-0005,5683,0,0.0555,0.618
1995-1836-0005,6829,0,0.0262,0.6347
1995-1836-0005,8463,0,0.0306,0.7327
1995-1836-0005,8555,0,0.0485,0.5084
1995-1837-0001,121,0,-0.0076,0.7646
1995-1837-0001,1221,0,0.0733,0.6157
1995-1837-0001,1284,0,0.0295,0.8279
1995-1837-0001,1580,0,0.1219,0.7493
1995-1837-0001,1995,1,0.1703,0.7534
1995-1837-0001,2094,0,0.0469,0.7243
1995-1837-0001,237,0,0.0423,0.6265
1995-1837-0001,2961,0,0.1705,0.7758
1995-1837-0001,3570,0,0.1003,0.6426
1995-1837-0001,3575,0,0.0115,0.5449
1995-1837-0001,3729,0,0.185,0.7062
1995-1837-0001,4446,0,-0.081,0.7308
1995-1837-0001,4507,0,0.1077,0.6394
1995-1837-0001,4970,0,-0.0296,0.4552
1995-1837-0001,4992,0,0.1222,0.6637
1995-1837-0001,5142,0,0.0992,0.5481
1995-1837-0001,5683,0,0.1372,0.6475
1995-1837-0001,6829,0,0.0084,0.6041
1995-1837-0001,8463,0,0.042,0.6558
1995-1837-0001,8555,0,0.0458,0.5045
1995-1837-0014,121,0,-0.0072,0.7168
1995-1837-0014,1221,0,0.1007,0.6019
1995-1837-0014,1284,0,0.0394,0.8169
1995-1837-0014,1580,0,0.107,0.6898
1995-1837-0014,1995,1,0.1442,0.7472
1995-1837-0014,2094,0,0.0209,0.6982
1995-1837-0014,237,0,0.057,0.6031
1995-1837-0014,2961,0,0.1131,0.7587
1995-1837-0014,3570,0,0.1253,0.6101
1995-1837-0014,3575,0,0.0717,0.4913
1995-1837-0014,3729,0,0.1154,0.6662
1995-1837-0014,4446,0,-0.0033,0.7127
1995-1837-0014,4507,0,0.1194,0.5959
1995-1837-0014,4970,0,-0.0022,0.437
1995-1837-0014,4992,0,0.2316,0.6484
1995-1837-0014,5142,0,0.1577,0.5386
1995-1837-0014,5683,0,0.0976,0.5813
1995-1837-0014,6829,0,0.0195,0.6043
1995-1837-0014,8463,0,0.0498,0.6459
1995-1837-0014,8555,0,0.0395,0.4652
1995-1837-0018,121,0,0.0621,0.7404
1995-1837-0018,1221,0,0.1371,0.6579
1995-1837-0018,1284,0,0.0135,0.8571
1995-1837-0018,1580,0,0.0639,0.7257
1995-1837-0018,1995,1,0.1903,0.786
1995-1837-0018,2094,0,0.0475,0.7272
1995-1837-0018,237,0,0.0714,0.6438
1995-1837-0018,2961,0,0.1005,0.7318
1995-1837-0018,3570,0,0.1102,0.5979
1995-1837-0018,3575,0,0.0439,0.5103
1995-1837-0018,3729,0,0.1244,0.7026
1995-1837-0018,4446,0,-0.0456,0.7651
1995-1837-0018,4507,0,0.2302,0.616
1995-1837-0018,4970,0,-0.0235,0.4871
1995-1837-0018,4992,0,0.1847,0.7108
1995-1837-0018,5142,0,0.1336,0.6016
1995-1837-0018,5683,0,0.1599,0.6251
1995-1837-0018,6829,0,0.0105,0.6253
1995-1837-0018,8463,0,0.0483,0.7244
1995-1837-0018,8555,0,0.1154,0.5219
1995-1837-0026,121,0,-0.0012,0.6583
1995-1837-0026,1221,0,0.11,0.5982
1995-1837-0026,1284,0,0.0132,0.8295
1995-1837-0026,1580,0,0.1524,0.6904
1995-1837-0026,1995,1,0.0114,0.7072
1995-1837-0026,2094,0,0.0135,0.6762
1995-1837-0026,237,0,-0.0243,0.5591
1995-1837-0026,2961,0,0.0859,0.6246
1995-1837-0026,3570,0,0.0276,0.5001
1995-1837-0026,3575,0,0.0443,0.444
1995-1837-0026,3729,0,0.1052,0.6315
1995-1837-0026,4446,0,-0.0427,0.7158
1995-1837-0026,4507,0,0.1311,0.5493
1995-1837-0026,4970,0,-0.0176,0.4182
1995-1837-0026,4992,0,0.234,0.65
1995-1837-0026,5142,0,0.0798,0.5425
1995-1837-0026,5683,0,0.0169,0.5714
1995-1837-0026,6829,0,0.068,0.5674
1995-1837-0026,8463,0,0.1165,0.6514
1995-1837-0026,8555,0,0.0743,0.4484
2094-142345-0001,121,0,0.0229,0.7408
2094-142345-0001,1221,0,0.0493,0.5931
2094-142345-0001,1284,0,0.075,0.8073
2094-142345-0001,1580,0,0.119,0.7005
2094-142345-0001,1995,0,0.1988,0.7571
2094-142345-0001,2094,1,0.0858,0.6979
2094-142345-0001,237,0,0.0764,0.5947
2094-142345-0001,2961,0,0.1646,0.7745
2094-142345-0001,3570,0,0.0798,0.6094
2094-142345-0001,3575,0,0.1133,0.4776
2094-142345-0001,3729,0,0.1498,0.674
2094-142345-0001,4446,0,-0.0535,0.7086
2094-142345-0001,4507,0,0.1622,0.5887
2094-142345-0001,4970,0,0.0429,0.3933
2094-142345-0001,4992,0,0.1296,0.652
2094-142345-0001,5142,0,0.0937,0.5157
2094-142345-0001,5683,0,0.0837,0.5818
2094-142345-0001,6829,0,0.0274,0.5753
2094-142345-0001,8463,0,0.0281,0.6423
2094-142345-0001,8555,0,0.0378,0.4516
2094-142345-0013,121,0,0.0258,0.7219
2094-142345-0013,1221,0,0.1124,0.615
2094-142345-0013,1284,0,0.0955,0.8229
2094-142345-0013,1580,0,0.0796,0.6854
2094-142345-0013,1995,0,0.1621,0.75
2094-142345-0013,2094,1,0.0469,0.6965
2094-142345-0013,237,0,-0.0059,0.6084
2094-142345-0013,2961,0,0.22,0.7349
2094-142345-0013,3570,0,0.1325,0.5926
2094-142345-0013,3575,0,0.0782,0.4681
2094-142345-0013,3729,0,0.1389,0.6863
2094-142345-0013,4446,0,-0.0445,0.7322
2094-142345-0013,4507,0,0.1218,0.5977
2094-142345-0013,4970,0,-0.0631,0.4312
2094-142345-0013,4992,0,0.1601,0.6675
2094-142345-0013,5142,0,0.1546,0.5594
2094-142345-0013,5683,0,0.0742,0.5848
2094-142345-0013,6829,0,-0.0026,0.5968
2094-142345-0013,8463,0,0.0199,0.671
2094-142345-0013,8555,0,0.0664,0.4768
2094-142345-0021,121,0,-0.0026,0.6745
2094-142345-0021,1221,0,0.0263,0.5395
2094-142345-0021,1284,0,-0.038,0.7647
2094-142345-0021,1580,0,0.0038,0.6102
2094-142345-0021,1995,0,0.1718,0.6928
2094-142345-0021,2094,1,0.0375,0.6417
2094-142345-0021,237,0,-0.0132,0.533
2094-142345-0021,2961,0,0.1364,0.6851
2094-142345-0021,3570,0,0.0899,0.5477
2094-142345-0021,3575,0,-0.0203,0.4681
2094-142345-0021,3729,0,0.0564,0.6221
2094-142345-0021,4446,0,-0.0198,0.6544
2094-142345-0021,4507,0,0.0706,0.5381
2094-142345-0021,4970,0,-0.0616,0.4064
2094-142345-0021,4992,0,0.1043,0.5853
2094-142345-0021,5142,0,0.1143,0.4925
2094-142345-0021,5683,0,0.0346,0.5335
2094-142345-0021,6829,0,0.0521,0.5265
2094-142345-0021,8463,0,-0.0709,0.594
2094-142345-0021,8555,0,0.0198,0.4219
2094-142345-0024,121,0,0.0457,0.6547
2094-142345-0024,1221,0,0.0563,0.6098
2094-142345-0024,1284,0,-0.0102,0.8124
2094-142345-0024,1580,0,-0.0037,0.6538
2094-142345-0024,1995,0,0.1587,0.7524
2094-142345-0024,2094,1,0.021,0.671
2094-142345-0024,237,0,0.0172,0.5765
2094-142345-0024,2961,0,0.1164,0.672
2094-142345-0024,3570,0,0.0226,0.5195
2094-142345-0024,3575,0,0.0142,0.4691
2094-142345-0024,3729,0,0.0574,0.6289
2094-142345-0024,4446,0,-0.0878,0.7026
2094-142345-0024,4507,0,0.0704,0.5639
2094-142345-0024,4970,0,-0.0998,0.4685
2094-142345-0024,4992,0,0.1439,0.651
2094-142345-0024,5142,0,0.1179,0.5854
2094-142345-0024,5683,0,0.1125,0.572
2094-142345-0024,6829,0,0.0362,0.5978
2094-142345-0024,8463,0,0.0158,0.6638
2094-142345-0024,8555,0,0.0501,0.4924
2094-142345-0028,121,0,0.0044,0.7852
2094-142345-0028,1221,0,0.0585,0.694
2094-142345-0028,1284,0,0.1454,0.8888
2094-142345-0028,1580,0,0.1223,0.805
2094-142345-0028,1995,0,0.067,0.7877
2094-142345-0028,2094,1,-0.0718,0.7681
2094-142345-0028,237,0,0.0257,0.6899
2094-142345-0028,2961,0,0.091,0.7663
2094-142345-0028,3570,0,0.034,0.6457
2094-142345-0028,3575,0,-0.0776,0.5166
2094-142345-0028,3729,0,0.1396,0.7545
2094-142345-0028,4446,0,0.0957,0.8153
2094-142345-0028,4507,0,0.1383,0.6645
2094-142345-0028,4970,0,-0.0539,0.4657
2094-142345-0028,4992,0,0.1767,0.7402
2094-142345-0028,5142,0,0.0268,0.6001
2094-142345-0028,5683,0,0.0131,0.6686
2094-142345-0028,6829,0,0.0759,0.6531
2094-142345-0028,8463,0,0.0284,0.7248
2094-142345-0028,8555,0,0.0377,0.5276
2094-142345-0034,121,0,-0.0282,0.7913
2094-142345-0034,1221,0,0.0746,0.6547
2094-142345-0034,1284,0,0.1016,0.8567
2094-142345-0034,1580,0,0.0909,0.7554
2094-142345-0034,1995,0,0.2021,0.7885
2094-142345-0034,2094,1,0.0373,0.7533
2094-142345-0034,237,0,-0.0361,0.6604
2094-142345-0034,2961,0,0.1726,0.7914
2094-142345-0034,3570,0,0.1979,0.6585
2094-142345-0034,3575,0,-0.0563,0.5191
2094-142345-0034,3729,0,0.1254,0.7349
2094-142345-0034,4446,0,0.0495,0.7713
2094-142345-0034,4507,0,0.1905,0.64
2094-142345-0034,4970,0,-0.0307,0.4333
2094-142345-0034,4992,0,0.1558,0.7117
2094-142345-0034,5142,0,0.1017,0.555
2094-142345-0034,5683,0,0.0206,0.6326
2094-142345-0034,6829,0,0.0366,0.626
2094-142345-0034,8463,0,0.0085,0.7033
2094-142345-0034,8555,0,0.1272,0.4904
2094-142345-0036,121,0,-0.0196,0.6772
2094-142345-0036,1221,0,0.0785,0.6203
2094-142345-0036,1284,0,0.0845,0.845
2094-142345-0036,1580,0,0.1213,0.7005
2094-142345-0036,1995,0,0.121,0.7317
2094-142345-0036,2094,1,0.047,0.7166
2094-142345-0036,237,0,0.0294,0.5905
2094-142345-0036,2961,0,0.1512,0.6849
2094-142345-0036,3570,0,0.1276,0.5342
2094-142345-0036,3575,0,-0.0057,0.4749
2094-142345-0036,3729,0,0.1583,0.6521
2094-142345-0036,4446,0,0.0301,0.733
2094-142345-0036,4507,0,0.1456,0.5781
2094-142345-0036,4970,0,-0.0259,0.4491
2094-142345-0036,4992,0,0.2031,0.663
2094-142345-0036,5142,0,0.083,0.5632
2094-142345-0036,5683,0,0.0422,0.5837
2094-142345-0036,6829,0,0.0401,0.6131
2094-142345-0036,8463,0,0.0671,0.6661
2094-142345-0036,8555,0,0.0168,0.4603
2094-142345-0037,121,0,0.0401,0.6885
2094-142345-0037,1221,0,0.117,0.6356
2094-142345-0037,1284,0,0.0091,0.8562
2094-142345-0037,1580,0,0.0901,0.7279
2094-142345-0037,1995,0,0.0253,0.7055
2094-142345-0037,2094,1,0.1248,0.7371
2094-142345-0037,237,0,0.0271,0.6015
2094-142345-0037,2961,0,0.152,0.6469
2094-142345-0037,3570,0,0.12,0.5361
2094-142345-0037,3575,0,0.0489,0.5033
2094-142345-0037,3729,0,0.1112,0.6868
2094-142345-0037,4446,0,-0.091,0.7592
2094-142345-0037,4507,0,0.1326,0.6141
2094-142345-0037,4970,0,-0.0789,0.4784
2094-142345-0037,4992,0,0.1066,0.6712
2094-142345-0037,5142,0,0.1462,0.585
2094-142345-0037,5683,0,0.0596,0.6173
2094-142345-0037,6829,0,-0.0022,0.6307
2094-142345-0037,8463,0,0.0472,0.672
2094-142345-0037,8555,0,0.1018,0.4821
2094-142345-0049,121,0,0.0084,0.7745
2094-142345-0049,1221,0,0.0579,0.6394
2094-142345-0049,1284,0,0.0136,0.8254
2094-142345-0049,1580,0,0.0001,0.7216
2094-142345-0049,1995,0,0.2416,0.7756
2094-142345-0049,2094,1,0.1141,0.7583
2094-142345-0049,237,0,0.0266,0.635
2094-142345-0049,2961,0,0.1291,0.7765
2094-142345-0049,3570,0,0.0865,0.6438
2094-142345-0049,3575,0,0.0106,0.5141
2094-142345-0049,3729,0,0.2303,0.7368
2094-142345-0049,4446,0,-0.0351,0.7572
2094-142345-0049,4507,0,0.1467,0.6564
2094-142345-0049,4970,0,-0.1351,0.4346
2094-142345-0049,4992,0,0.1666,0.701
2094-142345-0049,5142,0,0.0498,0.5721
2094-142345-0049,5683,0,0.0283,0.6143
2094-142345-0049,6829,0,-0.0582,0.648
2094-142345-0049,8463,0,0.0736,0.6789
2094-142345-0049,8555,0,-0.0873,0.4941
2094-142345-0052,121,0,0.0543,0.6289
2094-142345-0052,1221,0,0.073,0.5277
2094-142345-0052,1284,0,-0.0107,0.7325
2094-142345-0052,1580,0,0.0265,0.5642
2094-142345-0052,1995,0,0.1131,0.68
2094-142345-0052,2094,1,0.0102,0.607
2094-142345-0052,237,0,0.0186,0.5236
2094-142345-0052,2961,0,0.1385,0.6512
2094-142345-0052,3570,0,0.1042,0.5203
2094-142345-0052,3575,0,0.0572,0.4058
2094-142345-0052,3729,0,0.1557,0.589
2094-142345-0052,4446,0,-0.0306,0.6364
2094-142345-0052,4507,0,0.0844,0.5131
2094-142345-0052,4970,0,-0.0195,0.3875
2094-142345-0052,4992,0,0.0975,0.5741
2094-142345-0052,5142,0,0.1317,0.5045
2094-142345-0052,5683,0,0.0419,0.4891
2094-142345-0052,6829,0,-0.0173,0.5081
2094-142345-0052,8463,0,-0.0439,0.5807
2094-142345-0052,8555,0,0.0371,0.4303
2300-131720-0001,1089,0,0.2024,0.8627
2300-131720-0001,1188,0,0.1967,0.8736
2300-131720-0001,1320,0,0.2182,0.7917
2300-131720-0001,2300,1,0.214,0.5827
2300-131720-0001,260,0,0.0441,0.8992
2300-131720-0001,2830,0,0.1514,0.8086
2300-131720-0001,4077,0,0.0564,0.8314
2300-131720-0001,5105,0,0.0599,0.8318
2300-131720-0001,5639,0,0.2145,0.9392
2300-131720-0001,61,0,0.0622,0.8503
2300-131720-0001,672,0,0.2386,0.9232
2300-131720-0001,6930,0,-0.0584,0.8042
2300-131720-0001,7021,0,0.097,0.7696
2300-131720-0001,7127,0,0.2537,0.7378
2300-131720-0001,7176,0,-0.1033,0.8416
2300-131720-0001,7729,0,0.2081,0.8507
2300-131720-0001,8224,0,0.0667,0.8498
2300-131720-0001,8230,0,0.0084,0.8478
2300-131720-0001,8455,0,0.1132,0.769
2300-131720-0001,908,0,-0.1359,0.8889
2300-131720-0002,1089,0,0.1918,0.8483
2300-131720-0002,1188,0,0.2598,0.8745
2300-131720-0002,1320,0,0.1652,0.7941
2300-131720-0002,2300,1,0.1265,0.6332
2300-131720-0002,260,0,0.0413,0.8902
2300-131720-0002,2830,0,0.1891,0.8067
2300-131720-0002,4077,0,0.1059,0.8655
2300-131720-0002,5105,0,0.0895,0.83
2300-131720-0002,5639,0,0.2681,0.9301
2300-131720-0002,61,0,0.1061,0.8438
2300-131720-0002,672,0,0.1771,0.8828
2300-131720-0002,6930,0,-0.0683,0.7789
2300-131720-0002,7021,0,0.0738,0.7763
2300-131720-0002,7127,0,0.2539,0.7754
2300-131720-0002,7176,0,-0.0906,0.8245
2300-131720-0002,7729,0,0.2517,0.9076
2300-131720-0002,8224,0,0.0093,0.8029
2300-131720-0002,8230,0,0.0664,0.817
2300-131720-0002,8455,0,0.1155,0.7652
2300-131720-0002,908,0,-0.0717,0.8752
2300-131720-0005,1089,0,0.0957,0.8462
2300-131720-0005,1188,0,0.1424,0.8673
2300-131720-0005,1320,0,0.1481,0.7686
2300-131720-0005,2300,1,0.1956,0.5914
2300-131720-0005,260,0,0.1465,0.8902
2300-131720-0005,2830,0,0.1774,0.8176
2300-131720-0005,4077,0,0.0578,0.8277
2300-131720-0005,5105,0,0.0407,0.7982
2300-131720-0005,5639,0,0.1711,0.9097
2300-131720-0005,61,0,-0.0036,0.8363
2300-131720-0005,672,0,0.1772,0.8786
2300-131720-0005,6930,0,0.0726,0.7961
2300-131720-0005,7021,0,0.0647,0.7436
2300-131720-0005,7127,0,0.1903,0.7395
2300-131720-0005,7176,0,-0.1257,0.8148
2300-131720-0005,7729,0,0.1653,0.8838
2300-131720-0005,8224,0,0.0925,0.7682
2300-131720-0005,8230,0,-0.0046,0.8354
2300-131720-0005,8455,0,0.1324,0.7519
2300-131720-0005,908,0,-0.0775,0.8654
2300-131720-0010,1089,0,0.1696,0.819
2300-131720-0010,1188,0,0.1674,0.8465
2300-131720-0010,1320,0,0.1317,0.7352
2300-131720-0010,2300,1,0.1487,0.5392
2300-131720-0010,260,0,0.0644,0.8718
2300-131720-0010,2830,0,0.1231,0.7781
2300-131720-0010,4077,0,0.0361,0.7768
2300-131720-0010,5105,0,-0.0154,0.768
2300-131720-0010,5639,0,0.1856,0.9043
2300-131720-0010,61,0,-0.0435,0.8223
2300-131720-0010,672,0,0.2233,0.8818
2300-131720-0010,6930,0,-0.0537,0.7868
2300-131720-0010,7021,0,0.0734,0.7084
2300-131720-0010,7127,0,0.1548,0.6704
2300-131720-0010,7176,0,-0.1283,0.8094
2300-131720-0010,7729,0,0.2217,0.8232
2300-131720-0010,8224,0,0.0711,0.8196
2300-131720-0010,8230,0,0.0092,0.8292
2300-131720-0010,8455,0,0.0948,0.7405
2300-131720-0010,908,0,-0.1111,0.8539
2300-131720-0012,1089,0,0.2321,0.8589
2300-131720-0012,1188,0,0.177,0.8879
2300-131720-0012,1320,0,0.1774,0.8025
2300-131720-0012,2300,1,0.2468,0.6332
2300-131720-0012,260,0,0.0537,0.9027
2300-131720-0012,2830,0,0.1731,0.8131
2300-131720-0012,4077,0,0.0643,0.8319
2300-131720-0012,5105,0,0.0424,0.8414
2300-131720-0012,5639,0,0.2272,0.9114
2300-131720-0012,61,0,0.149,0.8749
2300-131720-0012,672,0,0.2268,0.911
2300-131720-0012,6930,0,-0.082,0.819
2300-131720-0012,7021,0,0.0731,0.7844
2300-131720-0012,7127,0,0.2192,0.7427
2300-131720-0012,7176,0,-0.1084,0.8494
2300-131720-0012,7729,0,0.2149,0.8729
2300-131720-0012,8224,0,0.0659,0.8526
2300-131720-0012,8230,0,0.0709,0.858
2300-131720-0012,8455,0,0.1471,0.7954
2300-131720-0012,908,0,-0.1483,0.8818
2300-131720-0013,1089,0,0.1703,0.8809
2300-131720-0013,1188,0,0.1584,0.8703
2300-131720-0013,1320,0,0.1503,0.8166
2300-131720-0013,2300,1,0.1411,0.6435
2300-131720-0013,260,0,0.1338,0.9052
2300-131720-0013,2830,0,0.1467,0.7978
2300-131720-0013,4077,0,0.0473,0.859
2300-131720-0013,5105,0,-0.0053,0.8336
2300-131720-0013,5639,0,0.207,0.9118
2300-131720-0013,61,0,0.0009,0.8561
2300-131720-0013,672,0,0.2379,0.9254
2300-131720-0013,6930,0,0.0117,0.8444
2300-131720-0013,7021,0,0.0301,0.7811
2300-131720-0013,7127,0,0.2368,0.7581
2300-131720-0013,7176,0,-0.1889,0.8349
2300-131720-0013,7729,0,0.1382,0.8738
2300-131720-0013,8224,0,0.0934,0.8167
2300-131720-0013,8230,0,0.0608,0.8537
2300-131720-0013,8455,0,0.2072,0.8308
2300-131720-0013,908,0,-0.0618,0.8894
2300-131720-0021,1089,0,0.2083,0.8397
2300-131720-0021,1188,0,0.1319,0.8357
2300-131720-0021,1320,0,0.1001,0.7558
2300-131720-0021,2300,1,0.109,0.5954
2300-131720-0021,260,0,0.025,0.8621
2300-131720-0021,2830,0,0.1175,0.7378
2300-131720-0021,4077,0,0.0682,0.8155
2300-131720-0021,5105,0,0.0172,0.7702
2300-131720-0021,5639,0,0.174,0.8975
2300-131720-0021,61,0,-0.0044,0.8035
2300-131720-0021,672,0,0.1897,0.889
2300-131720-0021,6930,0,-0.0892,0.7697
2300-131720-0021,7021,0,0.0126,0.7301
2300-131720-0021,7127,0,0.1939,0.6958
2300-131720-0021,7176,0,-0.1699,0.7848
2300-131720-0021,7729,0,0.2083,0.8412
2300-131720-0021,8224,0,-0.0082,0.8022
2300-131720-0021,8230,0,0.0611,0.8046
2300-131720-0021,8455,0,0.0856,0.7744
2300-131720-0021,908,0,-0.1353,0.8633
2300-131720-0034,1089,0,0.1059,0.8196
2300-131720-0034,1188,0,0.149,0.8397
2300-131720-0034,1320,0,0.1457,0.7305
2300-131720-0034,2300,1,0.2083,0.4835
2300-131720-0034,260,0,0.096,0.8875
2300-131720-0034,2830,0,0.1947,0.803
2300-131720-0034,4077,0,0.1018,0.7664
2300-131720-0034,5105,0,0.0729,0.7504
2300-131720-0034,5639,0,0.1984,0.8993
2300-131720-0034,61,0,0.0778,0.8072
2300-131720-0034,672,0,0.176,0.8846
2300-131720-0034,6930,0,-0.0007,0.8081
2300-131720-0034,7021,0,0.1209,0.6802
2300-131720-0034,7127,0,0.2156,0.6695
2300-131720-0034,7176,0,-0.0918,0.809
2300-131720-0034,7729,0,0.1344,0.7712
2300-131720-0034,8224,0,-0.0063,0.7743
2300-131720-0034,8230,0,0.0114,0.8412
2300-131720-0034,8455,0,0.1452,0.7427
2300-131720-0034,908,0,-0.1506,0.8338
2300-131720-0037,1089,0,0.1347,0.7674
2300-131720-0037,1188,0,0.0805,0.808
2300-131720-0037,1320,0,0.0793,0.6563
2300-131720-0037,2300,1,0.1222,0.4176
2300-131720-0037,260,0,0.0778,0.8337
2300-131720-0037,2830,0,0.1329,0.7681
2300-131720-0037,4077,0,0.0412,0.719
2300-131720-0037,5105,0,0.0595,0.6988
2300-131720-0037,5639,0,0.2137,0.8952
2300-131720-0037,61,0,-0.0174,0.7963
2300-131720-0037,672,0,0.0946,0.8395
2300-131720-0037,6930,0,-0.0055,0.7482
2300-131720-0037,7021,0,0.0706,0.6083
2300-131720-0037,7127,0,0.1061,0.6047
2300-131720-0037,7176,0,-0.1373,0.7888
2300-131720-0037,7729,0,0.1561,0.7529
2300-131720-0037,8224,0,0.0477,0.8087
2300-131720-0037,8230,0,0.0305,0.8268
2300-131720-0037,8455,0,0.1044,0.669
2300-131720-0037,908,0,-0.09,0.7849
2300-131720-0040,1089,0,0.1694,0.8167
2300-131720-0040,1188,0,0.1599,0.8439
2300-131720-0040,1320,0,0.1246,0.7145
2300-131720-0040,2300,1,0.1992,0.4761
2300-131720-0040,260,0,0.1376,0.8789
2300-131720-0040,2830,0,0.1859,0.8192
2300-131720-0040,4077,0,0.1164,0.7817
2300-131720-0040,5105,0,0.0344,0.7427
2300-131720-0040,5639,0,0.2393,0.9184
2300-131720-0040,61,0,0.0905,0.8121
2300-131720-0040,672,0,0.1705,0.865
2300-131720-0040,6930,0,-0.0326,0.7875
2300-131720-0040,7021,0,0.0852,0.6588
2300-131720-0040,7127,0,0.152,0.6876
2300-131720-0040,7176,0,-0.019,0.8076
2300-131720-0040,7729,0,0.2878,0.8007
2300-131720-0040,8224,0,0.0299,0.7688
2300-131720-0040,8230,0,0.0687,0.8537
2300-131720-0040,8455,0,0.0713,0.7152
2300-131720-0040,908,0,-0.0627,0.8099
237-126133-0006,121,0,0.0234,0.7789
237-126133-0006,1221,0,0.0927,0.6003
237-126133-0006,1284,0,0.0901,0.8036
237-126133-0006,1580,0,0.0983,0.7304
237-126133-0006,1995,0,0.1246,0.7526
237-126133-0006,2094,0,0.0167,0.7095
237-126133-0006,237,1,0.0037,0.6239
237-126133-0006,2961,0,0.1288,0.7813
237-126133-0006,3570,0,0.0561,0.6821
237-126133-0006,3575,0,0.004,0.5316
237-126133-0006,3729,0,0.1262,0.6936
237-126133-0006,4446,0,-0.0804,0.7072
237-126133-0006,4507,0,0.1496,0.6308
237-126133-0006,4970,0,-0.0919,0.4087
237-126133-0006,4992,0,0.1655,0.6491
237-126133-0006,5142,0,0.0077,0.4973
237-126133-0006,5683,0,0.1153,0.6141
237-126133-0006,6829,0,-0.022,0.5758
237-126133-0006,8463,0,0.0257,0.64
237-126133-0006,8555,0,-0.0511,0.4697
237-126133-0019,121,0,0.0489,0.7832
237-126133-0019,1221,0,0.043,0.6885
237-126133-0019,1284,0,0.0827,0.8705
237-126133-0019,1580,0,0.0386,0.7913
237-126133-0019,1995,0,0.092,0.7565
237-126133-0019,2094,0,-0.006,0.7528
237-126133-0019,237,1,-0.0003,0.6661
237-126133-0019,2961,0,0.1962,0.7699
237-126133-0019,3570,0,0.0595,0.6531
237-126133-0019,3575,0,-0.023,0.5366
237-126133-0019,3729,0,0.0985,0.7626
237-126133-0019,4446,0,-0.1177,0.7981
237-126133-0019,4507,0,0.0511,0.6831
237-126133-0019,4970,0,-0.0603,0.4878
237-126133-0019,4992,0,0.1277,0.7221
237-126133-0019,5142,0,0.0745,0.6073
237-126133-0019,5683,0,-0.0047,0.6823
237-126133-0019,6829,0,-0.0067,0.6588
237-126133-0019,8463,0,-0.0346,0.7129
237-126133-0019,8555,0,0.0406,0.5361
237-126133-0021,121,0,0.0368,0.7629
237-126133-0021,1221,0,0.0645,0.6509
237-126133-0021,1284,0,0.0043,0.857
237-126133-0021,1580,0,0.0405,0.7256
237-126133-0021,1995,0,0.1229,0.7667
237-126133-0021,2094,0,-0.0039,0.7585
237-126133-0021,237,1,0.0432,0.6517
237-126133-0021,2961,0,0.1255,0.7435
237-126133-0021,3570,0,0.1022,0.6127
237-126133-0021,3575,0,0.0252,0.5002
237-126133-0021,3729,0,0.1145,0.727
237-126133-0021,4446,0,-0.0929,0.7742
237-126133-0021,4507,0,0.04,0.6286
237-126133-0021,4970,0,-0.117,0.4464
237-126133-0021,4992,0,0.1229,0.7019
237-126133-0021,5142,0,0.0982,0.5765
237-126133-0021,5683,0,0.0688,0.6246
237-126133-0021,6829,0,-0.0229,0.6241
237-126133-0021,8463,0,0.0033,0.6943
237-126133-0021,8555,0,0.0112,0.4854
237-126133-0022,121,0,0.0357,0.8458
237-126133-0022,1221,0,0.1524,0.6989
237-126133-0022,1284,0,0.1134,0.8557
237-126133-0022,1580,0,0.1046,0.7777
237-126133-0022,1995,0,0.0739,0.8034
237-126133-0022,2094,0,-0.0278,0.7959
237-126133-0022,237,1,0.0744,0.6902
237-126133-0022,2961,0,0.2212,0.836
237-126133-0022,3570,0,0.1179,0.6986
237-126133-0022,3575,0,0.0955,0.5371
237-126133-0022,3729,0,0.1448,0.7973
237-126133-0022,4446,0,-0.066,0.8069
237-126133-0022,4507,0,0.0764,0.6981
237-126133-0022,4970,0,0.0414,0.4607
237-126133-0022,4992,0,0.2623,0.7614
237-126133-0022,5142,0,0.0908,0.6008
237-126133-0022,5683,0,0.0796,0.6508
237-126133-0022,6829,0,0.1129,0.6801
237-126133-0022,8463,0,0.1218,0.7666
237-126133-0022,8555,0,0.1174,0.5159
237-134493-0016,121,0,0.0158,0.8116
237-134493-0016,1221,0,0.0656,0.6147
237-134493-0016,1284,0,-0.0035,0.7875
237-134493-0016,1580,0,0.0371,0.7002
237-134493-0016,1995,0,0.0246,0.768
237-134493-0016,2094,0,-0.0129,0.6963
237-134493-0016,237,1,0.0401,0.6418
237-134493-0016,2961,0,0.1297,0.8366
237-134493-0016,3570,0,0.0613,0.7125
237-134493-0016,3575,0,0.0264,0.525
237-134493-0016,3729,0,0.1057,0.7273
237-134493-0016,4446,0,-0.0003,0.7114
237-134493-0016,4507,0,0.0534,0.6388
237-134493-0016,4970,0,-0.068,0.4228
237-134493-0016,4992,0,0.1859,0.6675
237-134493-0016,5142,0,0.0132,0.5133
237-134493-0016,5683,0,0.096,0.606
237-134493-0016,6829,0,0.0237,0.5844
237-134493-0016,8463,0,0.0537,0.6675
237-134493-0016,8555,0,0.0165,0.4782
237-134493-0018,121,0,0.0513,0.7751
237-134493-0018,1221,0,0.1245,0.6896
237-134493-0018,1284,0,0.0909,0.8689
237-134493-0018,1580,0,0.0418,0.7629
237-134493-0018,1995,0,0.1364,0.7958
237-134493-0018,2094,0,0.0256,0.7563
237-134493-0018,237,1,-0.0063,0.6789
237-134493-0018,2961,0,0.1289,0.7667
237-134493-0018,3570,0,0.0664,0.6299
237-134493-0018,3575,0,0.0571,0.4928
237-134493-0018,3729,0,0.1106,0.7537
237-134493-0018,4446,0,0.003,0.8087
237-134493-0018,4507,0,0.1209,0.6648
237-134493-0018,4970,0,-0.054,0.4792
237-134493-0018,4992,0,0.1873,0.7518
237-134493-0018,5142,0,0.1331,0.6459
237-134493-0018,5683,0,0.0515,0.6379
237-134493-0018,6829,0,0.0373,0.6628
237-134493-0018,8463,0,0.0734,0.7573
237-134493-0018,8555,0,0.0242,0.5475
237-134500-0010,121,0,-0.0005,0.8352
237-134500-0010,1221,0,0.1584,0.65
237-134500-0010,1284,0,0.1529,0.8443
237-134500-0010,1580,0,0.1341,0.7871
237-134500-0010,1995,0,0.073,0.7966
237-134500-0010,2094,0,-0.0102,0.7738
237-134500-0010,237,1,0.0646,0.694
237-134500-0010,2961,0,0.1706,0.8312
237-134500-0010,3570,0,0.0987,0.7082
237-134500-0010,3575,0,0.0409,0.5695
237-134500-0010,3729,0,0.0939,0.7541
237-134500-0010,4446,0,-0.0915,0.7676
237-134500-0010,4507,0,0.0526,0.6658
237-134500-0010,4970,0,-0.0359,0.4488
237-134500-0010,4992,0,0.1353,0.7144
237-134500-0010,5142,0,0.1191,0.5439
237-134500-0010,5683,0,0.0874,0.6596
237-134500-0010,6829,0,-0.0413,0.6276
237-134500-0010,8463,0,0.0122,0.7155
237-134500-0010,8555,0,0.0563,0.5043
237-134500-0013,121,0,-0.0251,0.8013
237-134500-0013,1221,0,0.0836,0.6413
237-134500-0013,1284,0,0.0383,0.8384
237-134500-0013,1580,0,-0.0151,0.7648
237-134500-0013,1995,0,0.0885,0.7859
237-134500-0013,2094,0,-0.0272,0.7321
237-134500-0013,237,1,0.0049,0.6675
237-134500-0013,2961,0,0.1585,0.8126
237-134500-0013,3570,0,0.0671,0.691
237-134500-0013,3575,0,-0.0444,0.5365
237-134500-0013,3729,0,0.1145,0.7301
237-134500-0013,4446,0,-0.0251,0.757
237-134500-0013,4507,0,0.1198,0.6563
237-134500-0013,4970,0,-0.1042,0.4433
237-134500-0013,4992,0,0.1455,0.6929
237-134500-0013,5142,0,0.1257,0.5478
237-134500-0013,5683,0,0.055,0.6352
237-134500-0013,6829,0,-0.0314,0.6139
237-134500-0013,8463,0,-0.0001,0.684
237-134500-0013,8555,0,-0.013,0.5076
237-134500-0014,121,0,-0.0197,0.7712
237-134500-0014,1221,0,0.0614,0.5517
237-134500-0014,1284,0,-0.0653,0.7244
237-134500-0014,1580,0,0.0309,0.6409
237-134500-0014,1995,0,0.1284,0.734
237-134500-0014,2094,0,-0.0637,0.6319
237-134500-0014,237,1,0.0519,0.5939
237-134500-0014,2961,0,0.1201,0.8521
237-134500-0014,3570,0,0.0398,0.7138
237-134500-0014,3575,0,0.0384,0.484
237-134500-0014,3729,0,0.043,0.6634
237-134500-0014,4446,0,-0.1283,0.6478
237-134500-0014,4507,0,0.0692,0.597
237-134500-0014,4970,0,-0.0672,0.3892
237-134500-0014,4992,0,0.1229,0.6052
237-134500-0014,5142,0,0.052,0.4738
237-134500-0014,5683,0,0.0383,0.5341
237-134500-0014,6829,0,-0.0077,0.5332
237-134500-0014,8463,0,0.0284,0.6163
237-134500-0014,8555,0,-0.0473,0.4516
237-134500-0018,121,0,0.0186,0.8437
237-134500-0018,1221,0,0.099,0.7136
237-134500-0018,1284,0,0.0247,0.8806
237-134500-0018,1580,0,0.074,0.7975
237-134500-0018,1995,0,0.1633,0.8587
237-134500-0018,2094,0,-0.0186,0.8066
237-134500-0018,237,1,0.0711,0.7365
237-134500-0018,2961,0,0.137,0.8113
237-134500-0018,3570,0,0.0809,0.699
237-134500-0018,3575,0,0.0195,0.5751
237-134500-0018,3729,0,0.1174,0.7958
237-134500-0018,4446,0,-0.058,0.8238
237-134500-0018,4507,0,0.1428,0.7029
237-134500-0018,4970,0,-0.0742,0.5054
237-134500-0018,4992,0,0.1616,0.785
237-134500-0018,5142,0,0.0708,0.6491
237-134500-0018,5683,0,0.14,0.6931
237-134500-0018,6829,0,0.0089,0.6756
237-134500-0018,8463,0,0.0613,0.7815
237-134500-0018,8555,0,0.0431,0.5926
260-123286-0000,1089,0,0.2012,0.805
260-123286-0000,1188,0,0.1667,0.8472
260-123286-0000,1320,0,0.1262,0.7402
260-123286-0000,2300,0,0.1917,0.4994
260-123286-0000,260,1,0.0112,0.8713
260-123286-0000,2830,0,0.1216,0.7881
260-123286-0000,4077,0,0.0817,0.7469
260-123286-0000,5105,0,0.0018,0.7746
260-123286-0000,5639,0,0.216,0.899
260-123286-0000,61,0,0.1473,0.8005
260-123286-0000,672,0,0.2615,0.8808
260-123286-0000,6930,0,-0.0063,0.7808
260-123286-0000,7021,0,0.0947,0.7009
260-123286-0000,7127,0,0.134,0.6685
260-123286-0000,7176,0,-0.0506,0.787
260-123286-0000,7729,0,0.1982,0.7593
260-123286-0000,8224,0,0.0094,0.8326
260-123286-0000,8230,0,0.1187,0.8213
260-123286-0000,8455,0,0.0861,0.734
260-123286-0000,908,0,-0.0079,0.8312
260-123286-0003,1089,0,0.128,0.7748
260-123286-0003,1188,0,0.1755,0.849
260-123286-0003,1320,0,0.1269,0.6924
260-123286-0003,2300,0,0.2235,0.4442
260-123286-0003,260,1,0.103,0.8748
260-123286-0003,2830,0,0.2607,0.8298
260-123286-0003,4077,0,0.0035,0.7456
260-123286-0003,5105,0,0.0074,0.76
260-123286-0003,5639,0,0.2565,0.9213
260-123286-0003,61,0,0.0195,0.8645
260-123286-0003,672,0,0.3352,0.8532
260-123286-0003,6930,0,0.0219,0.7546
260-123286-0003,7021,0,0.0171,0.6652
260-123286-0003,7127,0,0.1773,0.649
260-123286-0003,7176,0,-0.0889,0.8551
260-123286-0003,7729,0,0.105,0.8093
260-123286-0003,8224,0,0.0686,0.814
260-123286-0003,8230,0,0.0956,0.8539
260-123286-0003,8455,0,0.138,0.6547
260-123286-0003,908,0,-0.063,0.8299
260-123286-0028,1089,0,0.1633,0.8655
260-123286-0028,1188,0,0.097,0.9091
260-123286-0028,1320,0,0.141,0.8148
260-123286-0028,2300,0,0.1832,0.5815
260-123286-0028,260,1,0.112,0.9222
260-123286-0028,2830,0,0.1225,0.8515
260-123286-0028,4077,0,0.0777,0.8111
260-123286-0028,5105,0,0.0946,0.8359
260-123286-0028,5639,0,0.1232,0.8993
260-123286-0028,61,0,-0.0576,0.843
260-123286-0028,672,0,0.1747,0.9167
260-123286-0028,6930,0,-0.055,0.837
260-123286-0028,7021,0,0.0611,0.7678
260-123286-0028,7127,0,0.2373,0.7534
260-123286-0028,7176,0,-0.1729,0.8481
260-123286-0028,7729,0,0.1591,0.8303
260-123286-0028,8224,0,0.0562,0.8083
260-123286-0028,8230,0,-0.0009,0.8745
260-123286-0028,8455,0,0.2003,0.8077
260-123286-0028,908,0,-0.1646,0.8644
260-123286-0030,1089,0,0.2114,0.7967
260-123286-0030,1188,0,0.1422,0.8337
260-123286-0030,1320,0,0.059,0.6569
260-123286-0030,2300,0,0.1829,0.3969
260-123286-0030,260,1,0.1275,0.8398
260-123286-0030,2830,0,0.1398,0.7985
260-123286-0030,4077,0,0.0661,0.7212
260-123286-0030,5105,0,0.0292,0.6981
260-123286-0030,5639,0,0.2584,0.9061
260-123286-0030,61,0,0.0413,0.8089
260-123286-0030,672,0,0.2787,0.8491
260-123286-0030,6930,0,-0.0222,0.7067
260-123286-0030,7021,0,0.0595,0.6095
260-123286-0030,7127,0,0.1756,0.6253
260-123286-0030,7176,0,-0.1355,0.805
260-123286-0030,7729,0,0.1227,0.7718
260-123286-0030,8224,0,0.1062,0.7678
260-123286-0030,8230,0,0.1391,0.8654
260-123286-0030,8455,0,0.103,0.6399
260-123286-0030,908,0,-0.1028,0.7886
260-123286-0031,1089,0,0.1208,0.7974
260-123286-0031,1188,0,0.1902,0.8099
260-123286-0031,1320,0,0.1177,0.7465
260-123286-0031,2300,0,0.1211,0.5723
260-123286-0031,260,1,0.1308,0.8556
260-123286-0031,2830,0,0.105,0.7267
260-123286-0031,4077,0,0.0344,0.7437
260-123286-0031,5105,0,0.0693,0.7858
260-123286-0031,5639,0,0.1743,0.8638
260-123286-0031,61,0,0.0232,0.8021
260-123286-0031,672,0,0.203,0.8855
260-123286-0031,6930,0,-0.039,0.8085
260-123286-0031,7021,0,0.0429,0.7381
260-123286-0031,7127,0,0.2474,0.6377
260-123286-0031,7176,0,-0.1107,0.7726
260-123286-0031,7729,0,0.0577,0.7642
260-123286-0031,8224,0,0.1143,0.8623
260-123286-0031,8230,0,0.0266,0.7859
260-123286-0031,8455,0,0.1878,0.7642
260-123286-0031,908,0,0.0255,0.8531
260-123288-0001,1089,0,0.2077,0.8818
260-123288-0001,1188,0,0.1047,0.9129
260-123288-0001,1320,0,0.0828,0.8002
260-123288-0001,2300,0,0.1404,0.5763
260-123288-0001,260,1,0.1762,0.9181
260-123288-0001,2830,0,0.1715,0.87
260-123288-0001,4077,0,0.1053,0.806
260-123288-0001,5105,0,0.0235,0.8503
260-123288-0001,5639,0,0.2384,0.914
260-123288-0001,61,0,0.0499,0.8798
260-123288-0001,672,0,0.2623,0.9238
260-123288-0001,6930,0,-0.1403,0.7994
260-123288-0001,7021,0,0.0398,0.783
260-123288-0001,7127,0,0.181,0.7591
260-123288-0001,7176,0,-0.0355,0.8698
260-123288-0001,7729,0,0.1468,0.835
260-123288-0001,8224,0,0.107,0.8517
260-123288-0001,8230,0,0.054,0.8995
260-123288-0001,8455,0,0.0362,0.7454
260-123288-0001,908,0,-0.0514,0.877
260-123288-0025,1089,0,0.1924,0.8706
260-123288-0025,1188,0,0.1534,0.8898
260-123288-0025,1320,0,0.1337,0.7775
260-123288-0025,2300,0,0.1488,0.5331
260-123288-0025,260,1,0.1353,0.9146
260-123288-0025,2830,0,0.1875,0.8526
260-123288-0025,4077,0,0.0205,0.8177
260-123288-0025,5105,0,-0.0309,0.8018
260-123288-0025,5639,0,0.1699,0.9116
260-123288-0025,61,0,0.001,0.8756
260-123288-0025,672,0,0.1803,0.904
260-123288-0025,6930,0,-0.0113,0.8197
260-123288-0025,7021,0,0.0196,0.7269
260-123288-0025,7127,0,0.2323,0.7379
260-123288-0025,7176,0,-0.1516,0.8839
260-123288-0025,7729,0,0.127,0.8443
260-123288-0025,8224,0,0.0615,0.7713
260-123288-0025,8230,0,0.1292,0.9035
260-123288-0025,8455,0,0.1811,0.7647
260-123288-0025,908,0,-0.0945,0.8712
260-123440-0012,1089,0,0.0936,0.7639
260-123440-0012,1188,0,0.0702,0.8147
260-123440-0012,1320,0,0.086,0.6641
260-123440-0012,2300,0,0.1797,0.4124
260-123440-0012,260,1,0.027,0.8636
260-123440-0012,2830,0,0.1571,0.7987
260-123440-0012,4077,0,0.0577,0.7744
260-123440-0012,5105,0,-0.0357,0.6937
260-123440-0012,5639,0,0.2348,0.8978
260-123440-0012,61,0,-0.0194,0.8203
260-123440-0012,672,0,0.171,0.8243
260-123440-0012,6930,0,0.044,0.762
260-123440-0012,7021,0,-0.0114,0.5935
260-123440-0012,7127,0,0.082,0.6468
260-123440-0012,7176,0,-0.0753,0.8415
260-123440-0012,7729,0,0.0403,0.7764
260-123440-0012,8224,0,0.0515,0.7418
260-123440-0012,8230,0,0.0277,0.8402
260-123440-0012,8455,0,0.1092,0.6806
260-123440-0012,908,0,-0.098,0.7753
260-123440-0015,1089,0,0.2036,0.8232
260-123440-0015,1188,0,0.1,0.8709
260-123440-0015,1320,0,0.2231,0.7488
260-123440-0015,2300,0,0.1111,0.501
260-123440-0015,260,1,0.0577,0.8751
260-123440-0015,2830,0,0.1035,0.8431
260-123440-0015,4077,0,0.0731,0.7519
260-123440-0015,5105,0,0.0548,0.7721
260-123440-0015,5639,0,0.1933,0.8765
260-123440-0015,61,0,0.0168,0.834
260-123440-0015,672,0,0.1522,0.8804
260-123440-0015,6930,0,-0.0573,0.8317
260-123440-0015,7021,0,0.0171,0.6805
260-123440-0015,7127,0,0.1558,0.6907
260-123440-0015,7176,0,-0.0412,0.8455
260-123440-0015,7729,0,0.2336,0.7708
260-123440-0015,8224,0,0.0333,0.8142
260-123440-0015,8230,0,0.1116,0.8831
260-123440-0015,8455,0,0.1716,0.7639
260-123440-0015,908,0,-0.1084,0.8024
260-123440-0016,1089,0,0.1227,0.8128
260-123440-0016,1188,0,0.0512,0.8773
260-123440-0016,1320,0,0.1519,0.7346
260-123440-0016,2300,0,0.1168,0.5098
260-123440-0016,260,1,0.058,0.9009
260-123440-0016,2830,0,0.1645,0.8502
260-123440-0016,4077,0,0.0339,0.7849
260-123440-0016,5105,0,0.0185,0.7772
260-123440-0016,5639,0,0.1015,0.9208
260-123440-0016,61,0,-0.0686,0.8414
260-123440-0016,672,0,0.0041,0.8603
260-123440-0016,6930,0,0.1278,0.7848
260-123440-0016,7021,0,-0.0087,0.6965
260-123440-0016,7127,0,0.0447,0.7067
260-123440-0016,7176,0,-0.0582,0.8329
260-123440-0016,7729,0,0.1044,0.8301
260-123440-0016,8224,0,0.003,0.7845
260-123440-0016,8230,0,0.0603,0.8594
260-123440-0016,8455,0,0.0683,0.7126
260-123440-0016,908,0,-0.0601,0.8237
2830-3979-0006,1089,0,0.1834,0.817
2830-3979-0006,1188,0,0.2212,0.8545
2830-3979-0006,1320,0,0.1297,0.7432
2830-3979-0006,2300,0,0.106,0.503
2830-3979-0006,260,0,0.1663,0.8936
2830-3979-0006,2830,1,0.1711,0.8173
2830-3979-0006,4077,0,0.0905,0.8029
2830-3979-0006,5105,0,0.043,0.7648
2830-3979-0006,5639,0,0.3,0.9097
2830-3979-0006,61,0,-0.0166,0.7885
2830-3979-0006,672,0,0.2211,0.8779
2830-3979-0006,6930,0,0.0046,0.8021
2830-3979-0006,7021,0,0.112,0.6833
2830-3979-0006,7127,0,0.2102,0.7156
2830-3979-0006,7176,0,-0.1453,0.8001
2830-3979-0006,7729,0,0.1155,0.7899
2830-3979-0006,8224,0,-0.0033,0.7714
2830-3979-0006,8230,0,0.018,0.8305
2830-3979-0006,8455,0,0.1674,0.753
2830-3979-0006,908,0,-0.0704,0.8077
2830-3979-0011,1089,0,0.2043,0.832
2830-3979-0011,1188,0,0.2432,0.8632
2830-3979-0011,1320,0,0.0938,0.7636
2830-3979-0011,2300,0,0.0654,0.5624
2830-3979-0011,260,0,0.096,0.8994
2830-3979-0011,2830,1,0.1774,0.8063
2830-3979-0011,4077,0,0.2215,0.827
2830-3979-0011,5105,0,0.0041,0.7915
2830-3979-0011,5639,0,0.2015,0.9113
2830-3979-0011,61,0,0.0428,0.8425
2830-3979-0011,672,0,0.1608,0.8991
2830-3979-0011,6930,0,0.0048,0.8228
2830-3979-0011,7021,0,-0.0819,0.7124
2830-3979-0011,7127,0,0.1692,0.7182
2830-3979-0011,7176,0,-0.0914,0.8376
2830-3979-0011,7729,0,0.1642,0.81
2830-3979-0011,8224,0,0.0377,0.8412
2830-3979-0011,8230,0,0.0752,0.8444
2830-3979-0011,8455,0,0.1959,0.7863
2830-3979-0011,908,0,-0.0438,0.8361
2830-3980-0029,1089,0,0.1312,0.8039
2830-3980-0029,1188,0,0.2092,0.8315
2830-3980-0029,1320,0,0.0876,0.6911
2830-3980-0029,2300,0,0.1963,0.4187
2830-3980-0029,260,0,0.1212,0.849
2830-3980-0029,2830,1,0.2344,0.8003
2830-3980-0029,4077,0,0.0792,0.7638
2830-3980-0029,5105,0,-0.0178,0.7342
2830-3980-0029,5639,0,0.2607,0.9431
2830-3980-0029,61,0,0.0914,0.7856
2830-3980-0029,672,0,0.2227,0.8593
2830-3980-0029,6930,0,-0.075,0.7345
2830-3980-0029,7021,0,0.0136,0.6365
2830-3980-0029,7127,0,0.2246,0.6751
2830-3980-0029,7176,0,-0.1073,0.7802
2830-3980-0029,7729,0,0.1469,0.7762
2830-3980-0029,8224,0,-0.0005,0.7838
2830-3980-0029,8230,0,0.1268,0.8306
2830-3980-0029,8455,0,0.0662,0.6629
2830-3980-0029,908,0,-0.128,0.799
2830-3980-0039,1089,0,0.1882,0.8404
2830-3980-0039,1188,0,0.1788,0.8781
2830-3980-0039,1320,0,0.1467,0.7734
2830-3980-0039,2300,0,0.082,0.5221
2830-3980-0039,260,0,0.1109,0.9289
2830-3980-0039,2830,1,0.1179,0.8267
2830-3980-0039,4077,0,0.2019,0.833
2830-3980-0039,5105,0,0.1161,0.795
2830-3980-0039,5639,0,0.209,0.9021
2830-3980-0039,61,0,0.0185,0.8611
2830-3980-0039,672,0,0.1601,0.9033
2830-3980-0039,6930,0,-0.0751,0.8332
2830-3980-0039,7021,0,0.0523,0.7054
2830-3980-0039,7127,0,0.1142,0.7288
2830-3980-0039,7176,0,-0.0028,0.8907
2830-3980-0039,7729,0,0.2003,0.7939
2830-3980-0039,8224,0,0.0569,0.793
2830-3980-0039,8230,0,0.0566,0.8847
2830-3980-0039,8455,0,0.147,0.7979
2830-3980-0039,908,0,-0.0456,0.84
2830-3980-0050,1089,0,0.2586,0.8885
2830-3980-0050,1188,0,0.2041,0.8668
2830-3980-0050,1320,0,0.0982,0.8031
2830-3980-0050,2300,0,0.1789,0.6234
2830-3980-0050,260,0,-0.0152,0.918
2830-3980-0050,2830,1,0.1405,0.7997
2830-3980-0050,4077,0,0.0342,0.8745
2830-3980-0050,5105,0,-0.0349,0.8139
2830-3980-0050,5639,0,0.1553,0.8987
2830-3980-0050,61,0,0.0735,0.8771
2830-3980-0050,672,0,0.0787,0.9212
2830-3980-0050,6930,0,-0.0728,0.8312
2830-3980-0050,7021,0,0.0246,0.7701
2830-3980-0050,7127,0,0.1695,0.7591
2830-3980-0050,7176,0,-0.0838,0.8852
2830-3980-0050,7729,0,0.1883,0.8757
2830-3980-0050,8224,0,0.0617,0.756
2830-3980-0050,8230,0,0.1621,0.8715
2830-3980-0050,8455,0,0.1271,0.8247
2830-3980-0050,908,0,-0.0771,0.9008
2830-3980-0054,1089,0,0.1462,0.8417
2830-3980-0054,1188,0,0.2237,0.8753
2830-3980-0054,1320,0,0.098,0.7439
2830-3980-0054,2300,0,0.0735,0.4937
2830-3980-0054,260,0,0.0937,0.9059
2830-3980-0054,2830,1,0.2346,0.8424
2830-3980-0054,4077,0,0.0413,0.7987
2830-3980-0054,5105,0,0.0024,0.7804
2830-3980-0054,5639,0,0.1874,0.9179
2830-3980-0054,61,0,-0.0186,0.8653
2830-3980-0054,672,0,0.1681,0.8893
2830-3980-0054,6930,0,-0.0521,0.8163
2830-3980-0054,7021,0,-0.0027,0.6942
2830-3980-0054,7127,0,0.1173,0.7054
2830-3980-0054,7176,0,-0.0969,0.8711
2830-3980-0054,7729,0,0.1634,0.8253
2830-3980-0054,8224,0,0.0119,0.7864
2830-3980-0054,8230,0,0.0755,0.8942
2830-3980-0054,8455,0,0.1482,0.7423
2830-3980-0054,908,0,-0.085,0.8499
2830-3980-0055,1089,0,0.1997,0.8759
2830-3980-0055,1188,0,0.1785,0.8969
2830-3980-0055,1320,0,0.0663,0.8116
2830-3980-0055,2300,0,0.1414,0.6168
2830-3980-0055,260,0,0.0892,0.9352
2830-3980-0055,2830,1,0.2263,0.8427
2830-3980-0055,4077,0,0.0607,0.8381
2830-3980-0055,5105,0,0.0081,0.8381
2830-3980-0055,5639,0,0.1208,0.8971
2830-3980-0055,61,0,0.0414,0.8881
2830-3980-0055,672,0,0.1602,0.9176
2830-3980-0055,6930,0,0.0626,0.8637
2830-3980-0055,7021,0,0.0058,0.7802
2830-3980-0055,7127,0,0.2443,0.7508
2830-3980-0055,7176,0,-0.0413,0.8796
2830-3980-0055,7729,0,0.1036,0.8559
2830-3980-0055,8224,0,0.0406,0.8126
2830-3980-0055,8230,0,0.0926,0.8899
2830-3980-0055,8455,0,0.1655,0.8199
2830-3980-0055,908,0,-0.0819,0.8865
2830-3980-0057,1089,0,0.1232,0.8211
2830-3980-0057,1188,0,0.2017,0.8572
2830-3980-0057,1320,0,0.1093,0.7196
2830-3980-0057,2300,0,0.0847,0.4702
2830-3980-0057,260,0,0.1323,0.8982
2830-3980-0057,2830,1,0.2179,0.8125
2830-3980-0057,4077,0,0.1222,0.7924
2830-3980-0057,5105,0,0.0351,0.7538
2830-3980-0057,5639,0,0.202,0.9215
2830-3980-0057,61,0,0.016,0.8472
2830-3980-0057,672,0,0.2492,0.8814
2830-3980-0057,6930,0,-0.0132,0.7796
2830-3980-0057,7021,0,0.0337,0.674
2830-3980-0057,7127,0,0.1618,0.679
2830-3980-0057,7176,0,-0.0978,0.856
2830-3980-0057,7729,0,0.1514,0.8125
2830-3980-0057,8224,0,0.0335,0.7698
2830-3980-0057,8230,0,0.0462,0.8678
2830-3980-0057,8455,0,0.1441,0.7209
2830-3980-0057,908,0,0.0047,0.8446
2830-3980-0062,1089,0,0.1314,0.8274
2830-3980-0062,1188,0,0.1351,0.8561
2830-3980-0062,1320,0,0.2141,0.762
2830-3980-0062,2300,0,0.1518,0.5123
2830-3980-0062,260,0,0.1727,0.8867
2830-3980-0062,2830,1,0.1974,0.801
2830-3980-0062,4077,0,0.0995,0.7855
2830-3980-0062,5105,0,0.1234,0.7912
2830-3980-0062,5639,0,0.1414,0.9037
2830-3980-0062,61,0,0.0222,0.8293
2830-3980-0062,672,0,0.2438,0.895
2830-3980-0062,6930,0,0.0258,0.8005
2830-3980-0062,7021,0,0.0858,0.7097
2830-3980-0062,7127,0,0.1249,0.6946
2830-3980-0062,7176,0,-0.0778,0.8369
2830-3980-0062,7729,0,0.1233,0.7954
2830-3980-0062,8224,0,0.1219,0.8429
2830-3980-0062,8230,0,0.0394,0.8351
2830-3980-0062,8455,0,0.075,0.7426
2830-3980-0062,908,0,-0.0326,0.859
2830-3980-0066,1089,0,0.138,0.8787
2830-3980-0066,1188,0,0.0759,0.8949
2830-3980-0066,1320,0,0.0526,0.8422
2830-3980-0066,2300,0,0.1008,0.6481
2830-3980-0066,260,0,0.1679,0.9275
2830-3980-0066,2830,1,0.2465,0.8623
2830-3980-0066,4077,0,-0.0244,0.854
2830-3980-0066,5105,0,0.0092,0.8651
2830-3980-0066,5639,0,0.1612,0.9092
2830-3980-0066,61,0,-0.0704,0.8558
2830-3980-0066,672,0,0.1858,0.9177
2830-3980-0066,6930,0,0.0332,0.873
2830-3980-0066,7021,0,0.0326,0.8052
2830-3980-0066,7127,0,0.1643,0.8
2830-3980-0066,7176,0,-0.1129,0.8441
2830-3980-0066,7729,0,0.1445,0.8697
2830-3980-0066,8224,0,0.1039,0.788
2830-3980-0066,8230,0,0.0407,0.8652
2830-3980-0066,8455,0,0.0998,0.8273
2830-3980-0066,908,0,-0.0909,0.8755
2961-960-0004,121,0,0.0047,0.6521
2961-960-0004,1221,0,0.0289,0.4718
2961-960-0004,1284,0,-0.0243,0.6773
2961-960-0004,1580,0,-0.0241,0.5577
2961-960-0004,1995,0,0.0566,0.6589
2961-960-0004,2094,0,-0.0034,0.5685
2961-960-0004,237,0,-0.0371,0.4859
2961-960-0004,2961,1,0.1076,0.7464
2961-960-0004,3570,0,0.0369,0.5812
2961-960-0004,3575,0,-0.0504,0.3761
2961-960-0004,3729,0,0.1461,0.5768
2961-960-0004,4446,0,-0.0093,0.5805
2961-960-0004,4507,0,0.0805,0.5068
2961-960-0004,4970,0,-0.0127,0.2886
2961-960-0004,4992,0,0.1874,0.5289
2961-960-0004,5142,0,0.0467,0.4052
2961-960-0004,5683,0,0.026,0.4557
2961-960-0004,6829,0,0.0403,0.4868
2961-960-0004,8463,0,0.0289,0.5095
2961-960-0004,8555,0,0.0206,0.3536
2961-960-0016,121,0,0.0528,0.807
2961-960-0016,1221,0,0.0824,0.6634
2961-960-0016,1284,0,0.0241,0.8217
2961-960-0016,1580,0,0.0427,0.7184
2961-960-0016,1995,0,0.2228,0.8393
2961-960-0016,2094,0,0.0692,0.7553
2961-960-0016,237,0,-0.0259,0.6751
2961-960-0016,2961,1,0.2036,0.8166
2961-960-0016,3570,0,0.1105,0.6828
2961-960-0016,3575,0,0.0141,0.531
2961-960-0016,3729,0,0.167,0.7499
2961-960-0016,4446,0,-0.0659,0.7613
2961-960-0016,4507,0,0.1721,0.6615
2961-960-0016,4970,0,-0.0543,0.4606
2961-960-0016,4992,0,0.1572,0.7367
2961-960-0016,5142,0,0.0828,0.6113
2961-960-0016,5683,0,0.0216,0.6289
2961-960-0016,6829,0,-0.0266,0.6429
2961-960-0016,8463,0,0.0267,0.7316
2961-960-0016,8555,0,-0.0139,0.5529
2961-961-0001,121,0,-0.0568,0.7502
2961-961-0001,1221,0,0.0226,0.5475
2961-961-0001,1284,0,0.0856,0.7283
2961-961-0001,1580,0,0.0301,0.6384
2961-961-0001,1995,0,0.0434,0.7735
2961-961-0001,2094,0,0.0665,0.6604
2961-961-0001,237,0,-0.0326,0.5945
2961-961-0001,2961,1,0.1755,0.8186
2961-961-0001,3570,0,0.1343,0.6642
2961-961-0001,3575,0,0.0565,0.4748
2961-961-0001,3729,0,0.1294,0.6576
2961-961-0001,4446,0,0.0316,0.6459
2961-961-0001,4507,0,0.1386,0.5813
2961-961-0001,4970,0,-0.0777,0.3605
2961-961-0001,4992,0,0.1399,0.6267
2961-961-0001,5142,0,0.1065,0.4879
2961-961-0001,5683,0,0.0804,0.5467
2961-961-0001,6829,0,-0.0278,0.5451
2961-961-0001,8463,0,-0.0216,0.6091
2961-961-0001,8555,0,0.0647,0.4624
2961-961-0003,121,0,0.0202,0.7455
2961-961-0003,1221,0,0.0291,0.7407
2961-961-0003,1284,0,0.0284,0.889
2961-961-0003,1580,0,0.1288,0.8128
2961-961-0003,1995,0,0.0488,0.7273
2961-961-0003,2094,0,-0.0116,0.7906
2961-961-0003,237,0,-0.025,0.6776
2961-961-0003,2961,1,0.1758,0.6833
2961-961-0003,3570,0,0.1418,0.5881
2961-961-0003,3575,0,0.0799,0.5014
2961-961-0003,3729,0,0.1065,0.7828
2961-961-0003,4446,0,-0.0541,0.8505
2961-961-0003,4507,0,0.1375,0.7052
2961-961-0003,4970,0,0.0274,0.5228
2961-961-0003,4992,0,0.1768,0.7714
2961-961-0003,5142,0,0.0963,0.684
2961-961-0003,5683,0,-0.0324,0.6883
2961-961-0003,6829,0,0.1082,0.7145
2961-961-0003,8463,0,0.0393,0.7602
2961-961-0003,8555,0,0.079,0.5613
2961-961-0004,121,0,-0.0007,0.7361
2961-961-0004,1221,0,0.1135,0.5465
2961-961-0004,1284,0,-0.0072,0.7196
2961-961-0004,1580,0,0.0838,0.6136
2961-961-0004,1995,0,0.1373,0.7554
2961-961-0004,2094,0,0.0421,0.6293
2961-961-0004,237,0,0.0198,0.5869
2961-961-0004,2961,1,0.1585,0.8151
2961-961-0004,3570,0,0.0642,0.6689
2961-961-0004,3575,0,0.0367,0.4517
2961-961-0004,3729,0,0.1167,0.6438
2961-961-0004,4446,0,0.0044,0.6391
2961-961-0004,4507,0,0.0813,0.5689
2961-961-0004,4970,0,-0.0191,0.3618
2961-961-0004,4992,0,0.222,0.6116
2961-961-0004,5142,0,0.1278,0.482
2961-961-0004,5683,0,0.1026,0.5233
2961-961-0004,6829,0,0.0498,0.5301
2961-961-0004,8463,0,0.074,0.6047
2961-961-0004,8555,0,0.0519,0.4539
2961-961-0009,121,0,-0.0187,0.6316
2961-961-0009,1221,0,-0.008,0.571
2961-961-0009,1284,0,-0.0619,0.7894
2961-961-0009,1580,0,-0.0051,0.6506
2961-961-0009,1995,0,0.1173,0.6548
2961-961-0009,2094,0,-0.0008,0.6543
2961-961-0009,237,0,0.0401,0.5373
2961-961-0009,2961,1,0.1236,0.6358
2961-961-0009,3570,0,0.0945,0.5107
2961-961-0009,3575,0,-0.0608,0.425
2961-961-0009,3729,0,0.0839,0.6304
2961-961-0009,4446,0,-0.0268,0.6979
2961-961-0009,4507,0,0.1932,0.5711
2961-961-0009,4970,0,-0.0619,0.416
2961-961-0009,4992,0,0.1061,0.6064
2961-961-0009,5142,0,0.1558,0.5394
2961-961-0009,5683,0,0.0177,0.5437
2961-961-0009,6829,0,0.0561,0.5793
2961-961-0009,8463,0,-0.0039,0.5955
2961-961-0009,8555,0,0.0141,0.4387
2961-961-0010,121,0,0.0381,0.7419
2961-961-0010,1221,0,0.0439,0.5461
2961-961-0010,1284,0,0.0096,0.7356
2961-961-0010,1580,0,0.0266,0.6438
2961-961-0010,1995,0,0.0521,0.7566
2961-961-0010,2094,0,0.0045,0.6534
2961-961-0010,237,0,-0.0212,0.5706
2961-961-0010,2961,1,0.2392,0.8047
2961-961-0010,3570,0,0.1368,0.6398
2961-961-0010,3575,0,0.0321,0.4956
2961-961-0010,3729,0,0.1481,0.6453
2961-961-0010,4446,0,-0.0435,0.6394
2961-961-0010,4507,0,0.1375,0.5728
2961-961-0010,4970,0,-0.024,0.3795
2961-961-0010,4992,0,0.112,0.6139
2961-961-0010,5142,0,0.077,0.4791
2961-961-0010,5683,0,0.01,0.5554
2961-961-0010,6829,0,-0.0353,0.5413
2961-961-0010,8463,0,-0.0327,0.6125
2961-961-0010,8555,0,-0.0084,0.4481
2961-961-0011,121,0,0.0536,0.7562
2961-961-0011,1221,0,0.1041,0.5742
2961-961-0011,1284,0,-0.0802,0.7593
2961-961-0011,1580,0,0.0119,0.6517
2961-961-0011,1995,0,0.1092,0.7698
2961-961-0011,2094,0,-0.0137,0.6689
2961-961-0011,237,0,-0.0447,0.5938
2961-961-0011,2961,1,0.1454,0.8049
2961-961-0011,3570,0,0.0596,0.6536
2961-961-0011,3575,0,0.0059,0.4613
2961-961-0011,3729,0,0.2058,0.6764
2961-961-0011,4446,0,-0.001,0.679
2961-961-0011,4507,0,0.0903,0.5888
2961-961-0011,4970,0,-0.1448,0.3696
2961-961-0011,4992,0,0.1945,0.6491
2961-961-0011,5142,0,0.0014,0.5085
2961-961-0011,5683,0,0.0279,0.5477
2961-961-0011,6829,0,0.0232,0.5584
2961-961-0011,8463,0,-0.0136,0.6444
2961-961-0011,8555,0,0.0341,0.4605
2961-961-0014,121,0,0.0281,0.7671
2961-961-0014,1221,0,0.0159,0.63
2961-961-0014,1284,0,0.0635,0.8279
2961-961-0014,1580,0,0.0386,0.7359
2961-961-0014,1995,0,0.0988,0.7768
2961-961-0014,2094,0,-0.0178,0.7432
2961-961-0014,237,0,-0.0255,0.6383
2961-961-0014,2961,1,0.1161,0.8001
2961-961-0014,3570,0,0.0821,0.6433
2961-961-0014,3575,0,-0.0527,0.515
2961-961-0014,3729,0,0.0684,0.7171
2961-961-0014,4446,0,0.0509,0.7446
2961-961-0014,4507,0,0.1322,0.6438
2961-961-0014,4970,0,-0.055,0.4386
2961-961-0014,4992,0,0.1353,0.6892
2961-961-0014,5142,0,0.0674,0.5611
2961-961-0014,5683,0,0.1054,0.6225
2961-961-0014,6829,0,0.0383,0.639
2961-961-0014,8463,0,-0.0467,0.6785
2961-961-0014,8555,0,0.0756,0.4904
2961-961-0017,121,0,0.0435,0.7629
2961-961-0017,1221,0,0.107,0.5618
2961-961-0017,1284,0,0.0808,0.7554
2961-961-0017,1580,0,0.0391,0.6541
2961-961-0017,1995,0,0.0991,0.7588
2961-961-0017,2094,0,0.0163,0.6521
2961-961-0017,237,0,0.0485,0.5963
2961-961-0017,2961,1,0.1819,0.8259
2961-961-0017,3570,0,0.1102,0.6865
2961-961-0017,3575,0,0.0943,0.5066
2961-961-0017,3729,0,0.1059,0.6668
2961-961-0017,4446,0,-0.0356,0.6597
2961-961-0017,4507,0,0.1182,0.591
2961-961-0017,4970,0,0.0171,0.3986
2961-961-0017,4992,0,0.1814,0.6172
2961-961-0017,5142,0,0.1502,0.4846
2961-961-0017,5683,0,0.0887,0.5679
2961-961-0017,6829,0,0.056,0.5437
2961-961-0017,8463,0,0.0159,0.615
2961-961-0017,8555,0,0.0751,0.4647
3570-5694-0006,121,0,0.0441,0.7543
3570-5694-0006,1221,0,0.0938,0.5139
3570-5694-0006,1284,0,0.0241,0.6919
3570-5694-0006,1580,0,-0.0147,0.6012
3570-5694-0006,1995,0,0.0434,0.7283
3570-5694-0006,2094,0,-0.0439,0.6132
3570-5694-0006,237,0,-0.0147,0.5674
3570-5694-0006,2961,0,0.1221,0.8392
3570-5694-0006,3570,1,0.0126,0.703
3570-5694-0006,3575,0,0.0709,0.4746
3570-5694-0006,3729,0,0.0032,0.6382
3570-5694-0006,4446,0,-0.0096,0.6063
3570-5694-0006,4507,0,0.0557,0.5672
3570-5694-0006,4970,0,-0.04,0.3459
3570-5694-0006,4992,0,0.1573,0.5742
3570-5694-0006,5142,0,0.064,0.4222
3570-5694-0006,5683,0,0.083,0.5079
3570-5694-0006,6829,0,-0.0141,0.5092
3570-5694-0006,8463,0,-0.0413,0.5685
3570-5694-0006,8555,0,0.0502,0.4121
3570-5694-0007,121,0,0.004,0.7517
3570-5694-0007,1221,0,0.156,0.5054
3570-5694-0007,1284,0,0.0321,0.6877
3570-5694-0007,1580,0,0.0156,0.5981
3570-5694-0007,1995,0,0.0857,0.7223
3570-5694-0007,2094,0,0.0857,0.6065
3570-5694-0007,237,0,0.0381,0.5642
3570-5694-0007,2961,0,0.2259,0.8447
3570-5694-0007,3570,1,0.133,0.6999
3570-5694-0007,3575,0,0.0295,0.4583
3570-5694-0007,3729,0,0.1058,0.6373
3570-5694-0007,4446,0,-0.0404,0.6017
3570-5694-0007,4507,0,0.1641,0.5594
3570-5694-0007,4970,0,-0.0282,0.3293
3570-5694-0007,4992,0,0.1667,0.5716
3570-5694-0007,5142,0,0.1117,0.4152
3570-5694-0007,5683,0,0.127,0.4997
3570-5694-0007,6829,0,-0.0235,0.5028
3570-5694-0007,8463,0,-0.0186,0.5673
3570-5694-0007,8555,0,0.0793,0.3996
3570-5694-0009,121,0,0.0232,0.7883
3570-5694-0009,1221,0,0.0852,0.5284
3570-5694-0009,1284,0,-0.0155,0.6883
3570-5694-0009,1580,0,0.0477,0.6232
3570-5694-0009,1995,0,-0.0812,0.7476
3570-5694-0009,2094,0,-0.0171,0.6348
3570-5694-0009,237,0,0.0259,0.5947
3570-5694-0009,2961,0,0.1265,0.8712
3570-5694-0009,3570,1,0.0348,0.7404
3570-5694-0009,3575,0,0.064,0.4903
3570-5694-0009,3729,0,0.037,0.6614
3570-5694-0009,4446,0,-0.031,0.6163
3570-5694-0009,4507,0,0.0644,0.5949
3570-5694-0009,4970,0,-0.0283,0.3495
3570-5694-0009,4992,0,0.1697,0.5975
3570-5694-0009,5142,0,0.0907,0.4375
3570-5694-0009,5683,0,0.1142,0.5225
3570-5694-0009,6829,0,0.0519,0.5192
3570-5694-0009,8463,0,-0.0635,0.594
3570-5694-0009,8555,0,0.0822,0.4374
3570-5694-0010,121,0,0.0737,0.8299
3570-5694-0010,1221,0,0.1405,0.5954
3570-5694-0010,1284,0,0.0755,0.7571
3570-5694-0010,1580,0,0.0452,0.6975
3570-5694-0010,1995,0,0.0737,0.7874
3570-5694-0010,2094,0,0.0158,0.692
3570-5694-0010,237,0,0.0086,0.652
3570-5694-0010,2961,0,0.2454,0.8927
3570-5694-0010,3570,1,0.1247,0.7606
3570-5694-0010,3575,0,0.0661,0.5321
3570-5694-0010,3729,0,0.0616,0.7183
3570-5694-0010,4446,0,-0.0388,0.687
3570-5694-0010,4507,0,0.0908,0.6344
3570-5694-0010,4970,0,-0.0186,0.3926
3570-5694-0010,4992,0,0.1803,0.66
3570-5694-0010,5142,0,0.0612,0.4808
3570-5694-0010,5683,0,0.1016,0.5874
3570-5694-0010,6829,0,0.0153,0.5779
3570-5694-0010,8463,0,-0.0272,0.651
3570-5694-0010,8555,0,0.0168,0.47
3570-5694-0015,121,0,0.0726,0.7737
3570-5694-0015,1221,0,0.1196,0.5434
3570-5694-0015,1284,0,0.0736,0.7262
3570-5694-0015,1580,0,0.0529,0.643
3570-5694-0015,1995,0,0.1218,0.7656
3570-5694-0015,2094,0,-0.0149,0.6499
3570-5694-0015,237,0,0.0735,0.6081
3570-5694-0015,2961,0,0.1086,0.8269
3570-5694-0015,3570,1,0.1308,0.7038
3570-5694-0015,3575,0,0.0525,0.5137
3570-5694-0015,3729,0,0.1068,0.6583
3570-5694-0015,4446,0,0.0315,0.6353
3570-5694-0015,4507,0,0.1461,0.5825
3570-5694-0015,4970,0,0.0032,0.3702
3570-5694-0015,4992,0,0.1999,0.6082
3570-5694-0015,5142,0,0.1281,0.4477
3570-5694-0015,5683,0,0.1665,0.5557
3570-5694-0015,6829,0,0.0459,0.5278
3570-5694-0015,8463,0,0.0178,0.5908
3570-5694-0015,8555,0,0.1268,0.4469
3570-5694-0018,121,0,0.0903,0.7795
3570-5694-0018,1221,0,0.1341,0.5433
3570-5694-0018,1284,0,-0.0106,0.7197
3570-5694-0018,1580,0,0.0309,0.6351
3570-5694-0018,1995,0,0.1295,0.7538
3570-5694-0018,2094,0,0.0705,0.6338
3570-5694-0018,237,0,0.0448,0.596
3570-5694-0018,2961,0,0.1827,0.8457
3570-5694-0018,3570,1,0.1247,0.7116
3570-5694-0018,3575,0,0.0718,0.4775
3570-5694-0018,3729,0,0.1163,0.6591
3570-5694-0018,4446,0,-0.068,0.6383
3570-5694-0018,4507,0,0.1067,0.5692
3570-5694-0018,4970,0,-0.0697,0.3459
3570-5694-0018,4992,0,0.1253,0.6102
3570-5694-0018,5142,0,0.0541,0.4312
3570-5694-0018,5683,0,0.1001,0.5222
3570-5694-0018,6829,0,0.0267,0.5213
3570-5694-0018,8463,0,0.0154,0.605
3570-5694-0018,8555,0,0.0062,0.4175
3570-5695-0001,121,0,0.1018,0.7891
3570-5695-0001,1221,0,0.159,0.5176
3570-5695-0001,1284,0,0.046,0.682
3570-5695-0001,1580,0,0.0674,0.6149
3570-5695-0001,1995,0,0.0614,0.7518
3570-5695-0001,2094,0,-0.0161,0.6304
3570-5695-0001,237,0,0.048,0.6113
3570-5695-0001,2961,0,0.2618,0.8635
3570-5695-0001,3570,1,0.1229,0.7529
3570-5695-0001,3575,0,0.095,0.5128
3570-5695-0001,3729,0,0.0611,0.6504
3570-5695-0001,4446,0,-0.0439,0.6021
3570-5695-0001,4507,0,0.048,0.5702
3570-5695-0001,4970,0,-0.0256,0.3445
3570-5695-0001,4992,0,0.1888,0.5854
3570-5695-0001,5142,0,0.0521,0.3989
3570-5695-0001,5683,0,0.1424,0.5178
3570-5695-0001,6829,0,0.0113,0.5031
3570-5695-0001,8463,0,0.0407,0.5787
3570-5695-0001,8555,0,0.064,0.416
3570-5695-0014,121,0,0.1131,0.7821
3570-5695-0014,1221,0,0.0766,0.5352
3570-5695-0014,1284,0,0.1075,0.6976
3570-5695-0014,1580,0,-0.005,0.6353
3570-5695-0014,1995,0,0.0493,0.7244
3570-5695-0014,2094,0,-0.0538,0.6238
3570-5695-0014,237,0,0.0196,0.6001
3570-5695-0014,2961,0,0.1294,0.8553
3570-5695-0014,3570,1,0.1044,0.7542
3570-5695-0014,3575,0,0.0037,0.4966
3570-5695-0014,3729,0,0.1025,0.6722
3570-5695-0014,4446,0,-0.0223,0.624
3570-5695-0014,4507,0,0.1624,0.6057
3570-5695-0014,4970,0,-0.0375,0.3519
3570-5695-0014,4992,0,0.1542,0.5873
3570-5695-0014,5142,0,0.1085,0.4248
3570-5695-0014,5683,0,0.0398,0.5389
3570-5695-0014,6829,0,0.0048,0.5276
3570-5695-0014,8463,0,0.0232,0.5665
3570-5695-0014,8555,0,-0.0072,0.4311
3570-5696-0000,121,0,0.0264,0.759
3570-5696-0000,1221,0,0.0999,0.5238
3570-5696-0000,1284,0,0.0468,0.7088
3570-5696-0000,1580,0,0.0058,0.6152
3570-5696-0000,1995,0,0.0263,0.7485
3570-5696-0000,2094,0,-0.0023,0.6378
3570-5696-0000,237,0,0.008,0.5744
3570-5696-0000,2961,0,0.1754,0.8406
3570-5696-0000,3570,1,0.068,0.6796
3570-5696-0000,3575,0,0.0628,0.4593
3570-5696-0000,3729,0,0.0606,0.6438
3570-5696-0000,4446,0,-0.0257,0.6237
3570-5696-0000,4507,0,0.0292,0.5625
3570-5696-0000,4970,0,-0.0479,0.3307
3570-5696-0000,4992,0,0.1596,0.598
3570-5696-0000,5142,0,0.1002,0.4324
3570-5696-0000,5683,0,0.1196,0.505
3570-5696-0000,6829,0,-0.0109,0.523
3570-5696-0000,8463,0,-0.0005,0.5919
3570-5696-0000,8555,0,0.0509,0.4039
3570-5696-0008,121,0,0.0051,0.7672
3570-5696-0008,1221,0,0.1086,0.5463
3570-5696-0008,1284,0,0.0408,0.7206
3570-5696-0008,1580,0,0.0382,0.635
3570-5696-0008,1995,0,0.0906,0.7489
3570-5696-0008,2094,0,0.0187,0.6394
3570-5696-0008,237,0,0.0292,0.5996
3570-5696-0008,2961,0,0.1426,0.8584
3570-5696-0008,3570,1,0.1205,0.7142
3570-5696-0008,3575,0,0.0124,0.4661
3570-5696-0008,3729,0,0.1101,0.6681
3570-5696-0008,4446,0,-0.0346,0.6478
3570-5696-0008,4507,0,0.1068,0.5846
3570-5696-0008,4970,0,-0.0315,0.353
3570-5696-0008,4992,0,0.1746,0.6127
3570-5696-0008,5142,0,0.115,0.4579
3570-5696-0008,5683,0,0.095,0.5308
3570-5696-0008,6829,0,0.0496,0.5404
3570-5696-0008,8463,0,0.0052,0.6047
3570-5696-0008,8555,0,0.0524,0.436
3575-170457-0000,121,0,-0.0088,0.7888
3575-170457-0000,1221,0,0.0497,0.6478
3575-170457-0000,1284,0,0.0012,0.8484
3575-170457-0000,1580,0,0.1257,0.7939
3575-170457-0000,1995,0,0.0812,0.7575
3575-170457-0000,2094,0,-0.0539,0.7541
3575-170457-0000,237,0,0.0192,0.6489
3575-170457-0000,2961,0,0.1733,0.7755
3575-170457-0000,3570,0,0.0465,0.6457
3575-170457-0000,3575,1,0.0012,0.5468
3575-170457-0000,3729,0,0.1765,0.7301
3575-170457-0000,4446,0,-0.1286,0.7638
3575-170457-0000,4507,0,0.0675,0.6514
3575-170457-0000,4970,0,-0.0872,0.448
3575-170457-0000,4992,0,0.1044,0.7009
3575-170457-0000,5142,0,0.0459,0.5501
3575-170457-0000,5683,0,0.0344,0.6583
3575-170457-0000,6829,0,0.032,0.6229
3575-170457-0000,8463,0,-0.0288,0.6899
3575-170457-0000,8555,0,0.0202,0.4958
3575-170457-0005,121,0,0.0204,0.7797
3575-170457-0005,1221,0,0.1059,0.6352
3575-170457-0005,1284,0,-0.0066,0.8321
3575-170457-0005,1580,0,0.1117,0.7504
3575-170457-0005,1995,0,0.0804,0.7671
3575-170457-0005,2094,0,0.0213,0.7237
3575-170457-0005,237,0,0.0625,0.6324
3575-170457-0005,2961,0,0.217,0.7795
3575-170457-0005,3570,0,0.0965,0.6404
3575-170457-0005,3575,1,0.0694,0.5044
3575-170457-0005,3729,0,0.1875,0.7288
3575-170457-0005,4446,0,-0.1238,0.7572
3575-170457-0005,4507,0,0.1238,0.6382
3575-170457-0005,4970,0,-0.075,0.4356
3575-170457-0005,4992,0,0.0944,0.7
3575-170457-0005,5142,0,0.0878,0.5693
3575-170457-0005,5683,0,0.0932,0.6305
3575-170457-0005,6829,0,0.0103,0.6107
3575-170457-0005,8463,0,-0.045,0.6972
3575-170457-0005,8555,0,0.007,0.5064
3575-170457-0008,121,0,0.0376,0.8379
3575-170457-0008,1221,0,0.132,0.7042
3575-170457-0008,1284,0,0.0766,0.8744
3575-170457-0008,1580,0,0.0662,0.8044
3575-170457-0008,1995,0,0.1235,0.8282
3575-170457-0008,2094,0,-0.0228,0.7924
3575-170457-0008,237,0,0.0256,0.7236
3575-170457-0008,2961,0,0.1636,0.8305
3575-170457-0008,3570,0,0.0986,0.7206
3575-170457-0008,3575,1,0.0731,0.5791
3575-170457-0008,3729,0,0.1228,0.7926
3575-170457-0008,4446,0,0.0315,0.8117
3575-170457-0008,4507,0,0.0992,0.7015
3575-170457-0008,4970,0,-0.0665,0.4914
3575-170457-0008,4992,0,0.2102,0.7588
3575-170457-0008,5142,0,0.0535,0.6102
3575-170457-0008,5683,0,0.0995,0.6965
3575-170457-0008,6829,0,0.0204,0.6746
3575-170457-0008,8463,0,0.0392,0.7409
3575-170457-0008,8555,0,0.0987,0.5662
3575-170457-0011,121,0,0.0867,0.7846
3575-170457-0011,1221,0,0.0993,0.6019
3575-170457-0011,1284,0,0.0687,0.8013
3575-170457-0011,1580,0,0.0841,0.7556
3575-170457-0011,1995,0,0.0584,0.7417
3575-170457-0011,2094,0,-0.0121,0.7034
3575-170457-0011,237,0,-0.0029,0.6414
3575-170457-0011,2961,0,0.1374,0.8135
3575-170457-0011,3570,0,-0.0055,0.7153
3575-170457-0011,3575,1,-0.0234,0.5582
3575-170457-0011,3729,0,0.0717,0.6944
3575-170457-0011,4446,0,-0.0627,0.7056
3575-170457-0011,4507,0,0.0401,0.65
3575-170457-0011,4970,0,-0.1125,0.4279
3575-170457-0011,4992,0,0.1583,0.6341
3575-170457-0011,5142,0,0.0425,0.4892
3575-170457-0011,5683,0,0.1276,0.6353
3575-170457-0011,6829,0,-0.0002,0.5825
3575-170457-0011,8463,0,0.0033,0.6085
3575-170457-0011,8555,0,0.0093,0.486
3575-170457-0014,121,0,0.0373,0.8472
3575-170457-0014,1221,0,0.0961,0.7184
3575-170457-0014,1284,0,0.0436,0.8761
3575-170457-0014,1580,0,0.088,0.8435
3575-170457-0014,1995,0,0.04,0.8002
3575-170457-0014,2094,0,-0.0425,0.7996
3575-170457-0014,237,0,-0.0207,0.7208
3575-170457-0014,2961,0,0.1669,0.8093
3575-170457-0014,3570,0,0.102,0.7133
3575-170457-0014,3575,1,0.0427,0.6063
3575-170457-0014,3729,0,0.1637,0.799
3575-170457-0014,4446,0,-0.0599,0.8149
3575-170457-0014,4507,0,0.1074,0.7176
3575-170457-0014,4970,0,-0.1026,0.5078
3575-170457-0014,4992,0,0.1163,0.7678
3575-170457-0014,5142,0,-0.0378,0.6031
3575-170457-0014,5683,0,0.101,0.7186
3575-170457-0014,6829,0,0.0353,0.6854
3575-170457-0014,8463,0,-0.0244,0.7563
3575-170457-0014,8555,0,0.0315,0.5597
3575-170457-0020,121,0,0.0407,0.8292
3575-170457-0020,1221,0,0.0455,0.6694
3575-170457-0020,1284,0,0.0547,0.8515
3575-170457-0020,1580,0,-0.0157,0.7917
3575-170457-0020,1995,0,0.0636,0.8094
3575-170457-0020,2094,0,0.0035,0.768
3575-170457-0020,237,0,0.0213,0.6983
3575-170457-0020,2961,0,0.1532,0.8305
3575-170457-0020,3570,0,0.0593,0.7117
3575-170457-0020,3575,1,0.0621,0.5901
3575-170457-0020,3729,0,0.1327,0.7638
3575-170457-0020,4446,0,-0.0931,0.7714
3575-170457-0020,4507,0,0.1257,0.6834
3575-170457-0020,4970,0,-0.0728,0.4864
3575-170457-0020,4992,0,0.0894,0.7231
3575-170457-0020,5142,0,0.0747,0.5759
3575-170457-0020,5683,0,0.0579,0.6893
3575-170457-0020,6829,0,0.0244,0.6435
3575-170457-0020,8463,0,-0.0138,0.7153
3575-170457-0020,8555,0,0.058,0.5463
3575-170457-0031,121,0,-0.0441,0.7456
3575-170457-0031,1221,0,0.1214,0.6509
3575-170457-0031,1284,0,0.0989,0.8371
3575-170457-0031,1580,0,0.1615,0.7144
3575-170457-0031,1995,0,-0.0155,0.7914
3575-170457-0031,2094,0,0.0461,0.7192
3575-170457-0031,237,0,0.0778,0.6445
3575-170457-0031,2961,0,0.1418,0.7238
3575-170457-0031,3570,0,0.051,0.6144
3575-170457-0031,3575,1,0.1206,0.5089
3575-170457-0031,3729,0,0.1059,0.7056
3575-170457-0031,4446,0,-0.1217,0.751
3575-170457-0031,4507,0,0.0597,0.6283
3575-170457-0031,4970,0,-0.0254,0.4675
3575-170457-0031,4992,0,0.1681,0.7091
3575-170457-0031,5142,0,0.1238,0.5987
3575-170457-0031,5683,0,0.0741,0.6087
3575-170457-0031,6829,0,-0.0059,0.6122
3575-170457-0031,8463,0,0.1197,0.7052
3575-170457-0031,8555,0,0.0937,0.5326
3575-170457-0040,121,0,0.0253,0.7868
3575-170457-0040,1221,0,0.081,0.6746
3575-170457-0040,1284,0,0.0542,0.8681
3575-170457-0040,1580,0,0.0137,0.7757
3575-170457-0040,1995,0,0.1373,0.7794
3575-170457-0040,2094,0,0.0202,0.7502
3575-170457-0040,237,0,0.006,0.6589
3575-170457-0040,2961,0,0.2078,0.7657
3575-170457-0040,3570,0,0.0334,0.6578
3575-170457-0040,3575,1,0.0481,0.5339
3575-170457-0040,3729,0,0.1639,0.7521
3575-170457-0040,4446,0,-0.0486,0.7851
3575-170457-0040,4507,0,0.1365,0.6625
3575-170457-0040,4970,0,-0.025,0.4595
3575-170457-0040,4992,0,0.1817,0.7201
3575-170457-0040,5142,0,0.0936,0.5811
3575-170457-0040,5683,0,0.0609,0.6637
3575-170457-0040,6829,0,0.0285,0.643
3575-170457-0040,8463,0,0.0244,0.7024
3575-170457-0040,8555,0,0.0667,0.5195
3575-170457-0044,121,0,0.0062,0.7969
3575-170457-0044,1221,0,0.1213,0.6345
3575-170457-0044,1284,0,0.0963,0.8379
3575-170457-0044,1580,0,0.0714,0.75
3575-170457-0044,1995,0,0.1559,0.7813
3575-170457-0044,2094,0,0.0366,0.7392
3575-170457-0044,237,0,-0.0102,0.6567
3575-170457-0044,2961,0,0.2489,0.8163
3575-170457-0044,3570,0,0.1581,0.678
3575-170457-0044,3575,1,0.01,0.5347
3575-170457-0044,3729,0,0.151,0.7325
3575-170457-0044,4446,0,-0.1191,0.7544
3575-170457-0044,4507,0,0.1263,0.6384
3575-170457-0044,4970,0,-0.0884,0.4385
3575-170457-0044,4992,0,0.1685,0.6931
3575-170457-0044,5142,0,0.0962,0.5365
3575-170457-0044,5683,0,0.0693,0.6294
3575-170457-0044,6829,0,0.0539,0.6173
3575-170457-0044,8463,0,0.0123,0.6912
3575-170457-0044,8555,0,0.0546,0.4833
3575-170457-0045,121,0,0.0743,0.8471
3575-170457-0045,1221,0,0.089,0.6365
3575-170457-0045,1284,0,0.0657,0.7918
3575-170457-0045,1580,0,0.0373,0.748
3575-170457-0045,1995,0,0.0193,0.8051
3575-170457-0045,2094,0,-0.1039,0.7374
3575-170457-0045,237,0,-0.0706,0.6747
3575-170457-0045,2961,0,0.1082,0.8621
3575-170457-0045,3570,0,0.085,0.7505
3575-170457-0045,3575,1,0.0365,0.5774
3575-170457-0045,3729,0,0.0697,0.7515
3575-170457-0045,4446,0,-0.0539,0.7264
3575-170457-0045,4507,0,0.0471,0.6779
3575-170457-0045,4970,0,-0.0448,0.4457
3575-170457-0045,4992,0,0.1363,0.7023
3575-170457-0045,5142,0,0.0361,0.5394
3575-170457-0045,5683,0,0.0557,0.6471
3575-170457-0045,6829,0,0.0131,0.6155
3575-170457-0045,8463,0,0.0623,0.697
3575-170457-0045,8555,0,0.0418,0.5272
3729-6852-0002,121,0,0.0578,0.8075
3729-6852-0002,1221,0,0.0513,0.6227
3729-6852-0002,1284,0,-0.0315,0.7906
3729-6852-0002,1580,0,0.0631,0.7068
3729-6852-0002,1995,0,-0.0209,0.7984
3729-6852-0002,2094,0,-0.0381,0.7196
3729-6852-0002,237,0,-0.0265,0.661
3729-6852-0002,2961,0,0.1692,0.8498
3729-6852-0002,3570,0,0.0678,0.7204
3729-6852-0002,3575,0,0.0075,0.5264
3729-6852-0002,3729,1,0.0991,0.7247
3729-6852-0002,4446,0,-0.0693,0.7169
3729-6852-0002,4507,0,0.0782,0.6634
3729-6852-0002,4970,0,-0.0532,0.4403
3729-6852-0002,4992,0,0.1718,0.6872
3729-6852-0002,5142,0,0.1104,0.555
3729-6852-0002,5683,0,0.031,0.6008
3729-6852-0002,6829,0,0.0318,0.6168
3729-6852-0002,8463,0,0.0048,0.6886
3729-6852-0002,8555,0,0.0121,0.5124
3729-6852-0011,121,0,0.0264,0.7395
3729-6852-0011,1221,0,0.0585,0.5866
3729-6852-0011,1284,0,-0.0074,0.7499
3729-6852-0011,1580,0,0.0375,0.635
3729-6852-0011,1995,0,-0.0192,0.7532
3729-6852-0011,2094,0,0.0704,0.6688
3729-6852-0011,237,0,-0.0578,0.5848
3729-6852-0011,2961,0,0.1135,0.7992
3729-6852-0011,3570,0,0.0609,0.6367
3729-6852-0011,3575,0,0.0439,0.4343
3729-6852-0011,3729,1,0.1598,0.6827
3729-6852-0011,4446,0,-0.0939,0.6848
3729-6852-0011,4507,0,0.1016,0.5954
3729-6852-0011,4970,0,-0.1214,0.3811
3729-6852-0011,4992,0,0.0815,0.6617
3729-6852-0011,5142,0,-0.0373,0.5365
3729-6852-0011,5683,0,0.0416,0.5251
3729-6852-0011,6829,0,-0.0243,0.5956
3729-6852-0011,8463,0,-0.015,0.6691
3729-6852-0011,8555,0,0.0076,0.4535
3729-6852-0014,121,0,0.069,0.698
3729-6852-0014,1221,0,0.0846,0.5667
3729-6852-0014,1284,0,-0.0126,0.7475
3729-6852-0014,1580,0,0.0846,0.6156
3729-6852-0014,1995,0,0.0614,0.7388
3729-6852-0014,2094,0,-0.0408,0.6277
3729-6852-0014,237,0,0.0275,0.568
3729-6852-0014,2961,0,0.0552,0.7531
3729-6852-0014,3570,0,0.1473,0.6048
3729-6852-0014,3575,0,0.0514,0.4165
3729-6852-0014,3729,1,0.0865,0.6411
3729-6852-0014,4446,0,0.0048,0.6589
3729-6852-0014,4507,0,0.1828,0.5673
3729-6852-0014,4970,0,0.0272,0.3706
3729-6852-0014,4992,0,0.1036,0.6221
3729-6852-0014,5142,0,0.0807,0.5126
3729-6852-0014,5683,0,0.075,0.5186
3729-6852-0014,6829,0,0.0176,0.553
3729-6852-0014,8463,0,0.0323,0.6177
3729-6852-0014,8555,0,0.0308,0.4425
3729-6852-0016,121,0,0.0519,0.8274
3729-6852-0016,1221,0,0.0844,0.624
3729-6852-0016,1284,0,0.0997,0.7873
3729-6852-0016,1580,0,0.069,0.7567
3729-6852-0016,1995,0,0.0874,0.783
3729-6852-0016,2094,0,-0.0068,0.729
3729-6852-0016,237,0,0.0006,0.6488
3729-6852-0016,2961,0,0.1656,0.837
3729-6852-0016,3570,0,0.0262,0.7382
3729-6852-0016,3575,0,0.0203,0.5881
3729-6852-0016,3729,1,0.0348,0.7294
3729-6852-0016,4446,0,-0.0538,0.7069
3729-6852-0016,4507,0,0.09,0.6715
3729-6852-0016,4970,0,-0.0569,0.4355
3729-6852-0016,4992,0,0.1261,0.6748
3729-6852-0016,5142,0,0.0567,0.5088
3729-6852-0016,5683,0,0.0391,0.652
3729-6852-0016,6829,0,0.0541,0.6043
3729-6852-0016,8463,0,0.006,0.6587
3729-6852-0016,8555,0,0.0077,0.5073
3729-6852-0022,121,0,0.0586,0.7653
3729-6852-0022,1221,0,0.0518,0.5926
3729-6852-0022,1284,0,-0.0003,0.811
3729-6852-0022,1580,0,0.1072,0.7362
3729-6852-0022,1995,0,0.0668,0.7466
3729-6852-0022,2094,0,-0.0188,0.6975
3729-6852-0022,237,0,0.0709,0.6241
3729-6852-0022,2961,0,0.1546,0.7754
3729-6852-0022,3570,0,0.1172,0.6644
3729-6852-0022,3575,0,0.1078,0.5517
3729-6852-0022,3729,1,0.1138,0.6755
3729-6852-0022,4446,0,-0.0196,0.7054
3729-6852-0022,4507,0,0.0473,0.6112
3729-6852-0022,4970,0,-0.0984,0.4328
3729-6852-0022,4992,0,0.1368,0.6341
3729-6852-0022,5142,0,0.132,0.4936
3729-6852-0022,5683,0,0.1091,0.6197
3729-6852-0022,6829,0,-0.0124,0.5544
3729-6852-0022,8463,0,0.0198,0.6216
3729-6852-0022,8555,0,0.0545,0.4829
3729-6852-0026,121,0,0.0791,0.7178
3729-6852-0026,1221,0,0.0858,0.5479
3729-6852-0026,1284,0,-0.096,0.7589
3729-6852-0026,1580,0,0.0038,0.6579
3729-6852-0026,1995,0,0.0791,0.7055
3729-6852-0026,2094,0,0.0128,0.6488
3729-6852-0026,237,0,-0.045,0.5639
3729-6852-0026,2961,0,0.1472,0.742
3729-6852-0026,3570,0,0.1245,0.6264
3729-6852-0026,3575,0,0.0491,0.4476
3729-6852-0026,3729,1,0.096,0.647
3729-6852-0026,4446,0,-0.091,0.6654
3729-6852-0026,4507,0,0.1104,0.5858
3729-6852-0026,4970,0,-0.0766,0.3614
3729-6852-0026,4992,0,0.08,0.6053
3729-6852-0026,5142,0,0.0751,0.4798
3729-6852-0026,5683,0,0.1194,0.538
3729-6852-0026,6829,0,-0.0443,0.547
3729-6852-0026,8463,0,0.0239,0.5946
3729-6852-0026,8555,0,0.0306,0.4276
3729-6852-0037,121,0,0.0368,0.7812
3729-6852-0037,1221,0,0.0619,0.6302
3729-6852-0037,1284,0,0.0163,0.8239
3729-6852-0037,1580,0,-0.0313,0.728
3729-6852-0037,1995,0,0.1109,0.7991
3729-6852-0037,2094,0,-0.0185,0.7415
3729-6852-0037,237,0,0.017,0.6522
3729-6852-0037,2961,0,0.0809,0.8206
3729-6852-0037,3570,0,0.0249,0.6673
3729-6852-0037,3575,0,0.0472,0.5221
3729-6852-0037,3729,1,0.1277,0.7148
3729-6852-0037,4446,0,-0.0897,0.741
3729-6852-0037,4507,0,0.0366,0.6377
3729-6852-0037,4970,0,-0.1378,0.4345
3729-6852-0037,4992,0,0.1102,0.6932
3729-6852-0037,5142,0,0.0519,0.5511
3729-6852-0037,5683,0,0.0225,0.6064
3729-6852-0037,6829,0,-0.0026,0.6324
3729-6852-0037,8463,0,-0.0128,0.6857
3729-6852-0037,8555,0,-0.0012,0.4894
3729-6852-0039,121,0,0.0245,0.8088
3729-6852-0039,1221,0,0.0737,0.6275
3729-6852-0039,1284,0,-0.0182,0.8215
3729-6852-0039,1580,0,0.081,0.7532
3729-6852-0039,1995,0,0.0476,0.7704
3729-6852-0039,2094,0,0.0563,0.7375
3729-6852-0039,237,0,0.0112,0.65
3729-6852-0039,2961,0,0.2181,0.8188
3729-6852-0039,3570,0,0.0865,0.6927
3729-6852-0039,3575,0,0.0799,0.5307
3729-6852-0039,3729,1,0.0609,0.7403
3729-6852-0039,4446,0,-0.0675,0.7468
3729-6852-0039,4507,0,0.0684,0.6547
3729-6852-0039,4970,0,-0.0781,0.4213
3729-6852-0039,4992,0,0.1478,0.6886
3729-6852-0039,5142,0,0.1503,0.5329
3729-6852-0039,5683,0,0.081,0.6369
3729-6852-0039,6829,0,0.005,0.6065
3729-6852-0039,8463,0,0.0692,0.6686
3729-6852-0039,8555,0,0.0268,0.4942
3729-6852-0040,121,0,-0.0089,0.7529
3729-6852-0040,1221,0,0.0733,0.5716
3729-6852-0040,1284,0,0.0707,0.7452
3729-6852-0040,1580,0,0.0092,0.6365
3729-6852-0040,1995,0,0.0891,0.7695
3729-6852-0040,2094,0,-0.0214,0.6697
3729-6852-0040,237,0,-0.0046,0.5972
3729-6852-0040,2961,0,0.1427,0.8179
3729-6852-0040,3570,0,0.0359,0.668
3729-6852-0040,3575,0,0.042,0.4687
3729-6852-0040,3729,1,0.1221,0.666
3729-6852-0040,4446,0,0.0074,0.6599
3729-6852-0040,4507,0,0.1486,0.5877
3729-6852-0040,4970,0,-0.0329,0.378
3729-6852-0040,4992,0,0.2247,0.6462
3729-6852-0040,5142,0,0.0605,0.4972
3729-6852-0040,5683,0,0.1086,0.5282
3729-6852-0040,6829,0,0.0156,0.5724
3729-6852-0040,8463,0,0.0617,0.6536
3729-6852-0040,8555,0,0.0228,0.4431
3729-6852-0046,121,0,0.0421,0.7859
3729-6852-0046,1221,0,0.062,0.6395
3729-6852-0046,1284,0,0.0017,0.835
3729-6852-0046,1580,0,0.047,0.7293
3729-6852-0046,1995,0,0.1066,0.7837
3729-6852-0046,2094,0,0.0566,0.7358
3729-6852-0046,237,0,0.0223,0.65
3729-6852-0046,2961,0,0.1433,0.8007
3729-6852-0046,3570,0,0.0944,0.6674
3729-6852-0046,3575,0,-0.0473,0.514
3729-6852-0046,3729,1,0.1614,0.7282
3729-6852-0046,4446,0,-0.0647,0.7558
3729-6852-0046,4507,0,0.1779,0.6393
3729-6852-0046,4970,0,-0.063,0.4344
3729-6852-0046,4992,0,0.1563,0.6976
3729-6852-0046,5142,0,0.0914,0.5504
3729-6852-0046,5683,0,0.0269,0.6087
3729-6852-0046,6829,0,-0.0037,0.6226
3729-6852-0046,8463,0,0.0278,0.6917
3729-6852-0046,8555,0,0.0189,0.4868
4077-13751-0002,1089,0,0.2335,0.8082
4077-13751-0002,1188,0,0.2171,0.853
4077-13751-0002,1320,0,0.226,0.7298
4077-13751-0002,2300,0,0.1457,0.4752
4077-13751-0002,260,0,0.1323,0.9007
4077-13751-0002,2830,0,0.2293,0.8287
4077-13751-0002,4077,1,0.1692,0.7687
4077-13751-0002,5105,0,0.1457,0.7384
4077-13751-0002,5639,0,0.1613,0.871
4077-13751-0002,61,0,0.2627,0.8374
4077-13751-0002,672,0,0.1509,0.8682
4077-13751-0002,6930,0,0.0054,0.8207
4077-13751-0002,7021,0,0.0437,0.6479
4077-13751-0002,7127,0,0.1483,0.6791
4077-13751-0002,7176,0,0.0638,0.866
4077-13751-0002,7729,0,0.2567,0.7412
4077-13751-0002,8224,0,0.0207,0.7864
4077-13751-0002,8230,0,0.2211,0.8724
4077-13751-0002,8455,0,0.1438,0.7514
4077-13751-0002,908,0,-0.0221,0.7959
4077-13751-0006,1089,0,0.1324,0.7711
4077-13751-0006,1188,0,0.1446,0.7718
4077-13751-0006,1320,0,0.1625,0.6613
4077-13751-0006,2300,0,0.1029,0.4598
4077-13751-0006,260,0,0.0163,0.814
4077-13751-0006,2830,0,0.1297,0.702
4077-13751-0006,4077,1,0.1335,0.7446
4077-13751-0006,5105,0,-0.0167,0.6887
4077-13751-0006,5639,0,0.2818,0.9037
4077-13751-0006,61,0,0.014,0.7552
4077-13751-0006,672,0,0.1913,0.849
4077-13751-0006,6930,0,-0.0436,0.7216
4077-13751-0006,7021,0,0.0046,0.6262
4077-13751-0006,7127,0,0.1195,0.6013
4077-13751-0006,7176,0,-0.1635,0.7425
4077-13751-0006,7729,0,0.1704,0.7558
4077-13751-0006,8224,0,-0.0355,0.8071
4077-13751-0006,8230,0,0.0326,0.7672
4077-13751-0006,8455,0,0.0924,0.6771
4077-13751-0006,908,0,-0.1596,0.8048
4077-13751-0008,1089,0,0.197,0.8306
4077-13751-0008,1188,0,0.147,0.8353
4077-13751-0008,1320,0,0.1494,0.7206
4077-13751-0008,2300,0,0.1346,0.4851
4077-13751-0008,260,0,0.0856,0.8706
4077-13751-0008,2830,0,0.165,0.7879
4077-13751-0008,4077,1,0.1345,0.7958
4077-13751-0008,5105,0,0.0497,0.7545
4077-13751-0008,5639,0,0.2437,0.9393
4077-13751-0008,61,0,0.0974,0.8237
4077-13751-0008,672,0,0.2035,0.8928
4077-13751-0008,6930,0,-0.056,0.7766
4077-13751-0008,7021,0,0.0909,0.6809
4077-13751-0008,7127,0,0.1834,0.6785
4077-13751-0008,7176,0,-0.0648,0.8242
4077-13751-0008,7729,0,0.271,0.8126
4077-13751-0008,8224,0,0.0172,0.8044
4077-13751-0008,8230,0,0.1396,0.846
4077-13751-0008,8455,0,0.1068,0.7167
4077-13751-0008,908,0,-0.0409,0.8509
4077-13751-0010,1089,0,0.1902,0.8755
4077-13751-0010,1188,0,0.1873,0.8662
4077-13751-0010,1320,0,0.1374,0.8285
4077-13751-0010,2300,0,0.0869,0.5943
4077-13751-0010,260,0,-0.0071,0.872
4077-13751-0010,2830,0,0.1686,0.7991
4077-13751-0010,4077,1,0.0785,0.8445
4077-13751-0010,5105,0,0.0263,0.8508
4077-13751-0010,5639,0,0.2189,0.9346
4077-13751-0010,61,0,-0.0517,0.79
4077-13751-0010,672,0,0.2798,0.9269
4077-13751-0010,6930,0,-0.0978,0.7896
4077-13751-0010,7021,0,0.0056,0.7746
4077-13751-0010,7127,0,0.2093,0.7937
4077-13751-0010,7176,0,-0.1499,0.7891
4077-13751-0010,7729,0,0.1384,0.8171
4077-13751-0010,8224,0,0.1162,0.8565
4077-13751-0010,8230,0,0.0549,0.8131
4077-13751-0010,8455,0,0.0543,0.7867
4077-13751-0010,908,0,-0.0857,0.8609
4077-13751-0013,1089,0,0.0904,0.801
4077-13751-0013,1188,0,0.1965,0.8319
4077-13751-0013,1320,0,0.1541,0.7246
4077-13751-0013,2300,0,0.1971,0.5428
4077-13751-0013,260,0,-0.0331,0.8626
4077-13751-0013,2830,0,0.1293,0.7638
4077-13751-0013,4077,1,0.1354,0.7958
4077-13751-0013,5105,0,0.0347,0.755
4077-13751-0013,5639,0,0.1411,0.9123
4077-13751-0013,61,0,0.0199,0.8042
4077-13751-0013,672,0,0.1504,0.8572
4077-13751-0013,6930,0,-0.0942,0.7668
4077-13751-0013,7021,0,0.054,0.6948
4077-13751-0013,7127,0,0.1753,0.6782
4077-13751-0013,7176,0,-0.0346,0.7909
4077-13751-0013,7729,0,0.3096,0.8291
4077-13751-0013,8224,0,0.0465,0.8149
4077-13751-0013,8230,0,-0.0408,0.7977
4077-13751-0013,8455,0,0.1236,0.7276
4077-13751-0013,908,0,-0.0249,0.8362
4077-13751-0015,1089,0,0.2375,0.8867
4077-13751-0015,1188,0,0.1752,0.8784
4077-13751-0015,1320,0,0.0891,0.7878
4077-13751-0015,2300,0,0.1248,0.5431
4077-13751-0015,260,0,-0.0273,0.9024
4077-13751-0015,2830,0,0.1295,0.8468
4077-13751-0015,4077,1,0.1241,0.8564
4077-13751-0015,5105,0,0.0617,0.8165
4077-13751-0015,5639,0,0.2205,0.9413
4077-13751-0015,61,0,0.034,0.8651
4077-13751-0015,672,0,0.0481,0.9099
4077-13751-0015,6930,0,-0.0385,0.8212
4077-13751-0015,7021,0,-0.0089,0.7288
4077-13751-0015,7127,0,0.1808,0.7749
4077-13751-0015,7176,0,-0.0347,0.87
4077-13751-0015,7729,0,0.2026,0.8575
4077-13751-0015,8224,0,0.0262,0.7862
4077-13751-0015,8230,0,0.1167,0.8964
4077-13751-0015,8455,0,0.1106,0.769
4077-13751-0015,908,0,-0.0866,0.8611
4077-13751-0020,1089,0,0.2124,0.8307
4077-13751-0020,1188,0,0.1935,0.8556
4077-13751-0020,1320,0,0.2138,0.7295
4077-13751-0020,2300,0,0.1389,0.4801
4077-13751-0020,260,0,0.1305,0.8931
4077-13751-0020,2830,0,0.1983,0.8127
4077-13751-0020,4077,1,0.1703,0.7946
4077-13751-0020,5105,0,0.0615,0.7669
4077-13751-0020,5639,0,0.2761,0.933
4077-13751-0020,61,0,0.0482,0.8429
4077-13751-0020,672,0,0.2485,0.8884
4077-13751-0020,6930,0,0.0144,0.7758
4077-13751-0020,7021,0,0.0797,0.6856
4077-13751-0020,7127,0,0.1537,0.6908
4077-13751-0020,7176,0,-0.0482,0.8393
4077-13751-0020,7729,0,0.2571,0.811
4077-13751-0020,8224,0,0.0387,0.788
4077-13751-0020,8230,0,0.095,0.8636
4077-13751-0020,8455,0,0.0988,0.7195
4077-13751-0020,908,0,-0.0573,0.8503
4077-13754-0000,1089,0,0.0799,0.8177
4077-13754-0000,1188,0,0.1668,0.846
4077-13754-0000,1320,0,0.0528,0.7279
4077-13754-0000,2300,0,0.0907,0.5289
4077-13754-0000,260,0,0.0334,0.8548
4077-13754-0000,2830,0,0.1486,0.8167
4077-13754-0000,4077,1,0.0342,0.7521
4077-13754-0000,5105,0,0.0243,0.797
4077-13754-0000,5639,0,0.1719,0.9134
4077-13754-0000,61,0,0.0713,0.8192
4077-13754-0000,672,0,0.1033,0.8624
4077-13754-0000,6930,0,-0.1144,0.7837
4077-13754-0000,7021,0,-0.0073,0.7278
4077-13754-0000,7127,0,0.0844,0.692
4077-13754-0000,7176,0,-0.0842,0.7953
4077-13754-0000,7729,0,0.2651,0.8252
4077-13754-0000,8224,0,-0.022,0.8162
4077-13754-0000,8230,0,0.0789,0.846
4077-13754-0000,8455,0,-0.023,0.6915
4077-13754-0000,908,0,-0.1018,0.8267
4077-13754-0003,1089,0,0.0781,0.808
4077-13754-0003,1188,0,0.0712,0.8473
4077-13754-0003,1320,0,0.123,0.6988
4077-13754-0003,2300,0,0.14,0.4552
4077-13754-0003,260,0,0.038,0.8711
4077-13754-0003,2830,0,0.1234,0.816
4077-13754-0003,4077,1,0.0288,0.7848
4077-13754-0003,5105,0,0.0245,0.7362
4077-13754-0003,5639,0,0.2209,0.9273
4077-13754-0003,61,0,0.0261,0.8158
4077-13754-0003,672,0,0.0752,0.8538
4077-13754-0003,6930,0,-0.0049,0.7396
4077-13754-0003,7021,0,0.0279,0.6549
4077-13754-0003,7127,0,0.1338,0.6858
4077-13754-0003,7176,0,-0.0975,0.834
4077-13754-0003,7729,0,0.1426,0.8161
4077-13754-0003,8224,0,0.0473,0.738
4077-13754-0003,8230,0,0.0603,0.8525
4077-13754-0003,8455,0,0.1378,0.6805
4077-13754-0003,908,0,-0.0802,0.8126
4077-13754-0010,1089,0,0.1821,0.8584
4077-13754-0010,1188,0,0.1612,0.8778
4077-13754-0010,1320,0,0.0908,0.7709
4077-13754-0010,2300,0,0.1088,0.5649
4077-13754-0010,260,0,0.0867,0.9124
4077-13754-0010,2830,0,0.1631,0.8212
4077-13754-0010,4077,1,0.0649,0.8346
4077-13754-0010,5105,0,-0.0394,0.8066
4077-13754-0010,5639,0,0.1758,0.9258
4077-13754-0010,61,0,0.0462,0.8799
4077-13754-0010,672,0,0.1785,0.9025
4077-13754-0010,6930,0,-0.0722,0.8176
4077-13754-0010,7021,0,0.0282,0.7367
4077-13754-0010,7127,0,0.1199,0.7259
4077-13754-0010,7176,0,-0.1123,0.8653
4077-13754-0010,7729,0,0.1648,0.863
4077-13754-0010,8224,0,0.1434,0.8021
4077-13754-0010,8230,0,0.1163,0.8814
4077-13754-0010,8455,0,0.0888,0.7737
4077-13754-0010,908,0,-0.1226,0.8717
4446-2273-0001,121,0,0.1302,0.7235
4446-2273-0001,1221,0,0.078,0.6072
4446-2273-0001,1284,0,0.04,0.8256
4446-2273-0001,1580,0,0.1356,0.7055
4446-2273-0001,1995,0,0.0065,0.758
4446-2273-0001,2094,0,-0.0668,0.7113
4446-2273-0001,237,0,-0.0352,0.6261
4446-2273-0001,2961,0,0.0419,0.7162
4446-2273-0001,3570,0,0.0641,0.6182
4446-2273-0001,3575,0,0.0442,0.4923
4446-2273-0001,3729,0,0.0852,0.6724
4446-2273-0001,4446,1,0.0055,0.7322
4446-2273-0001,4507,0,0.0915,0.6047
4446-2273-0001,4970,0,-0.0692,0.4258
4446-2273-0001,4992,0,0.0985,0.6589
4446-2273-0001,5142,0,-0.0053,0.5417
4446-2273-0001,5683,0,-0.0388,0.5849
4446-2273-0001,6829,0,0.068,0.5818
4446-2273-0001,8463,0,0.0096,0.6396
4446-2273-0001,8555,0,-0.0266,0.4901
4446-2273-0008,121,0,0.0264,0.8089
4446-2273-0008,1221,0,0.1118,0.642
4446-2273-0008,1284,0,0.0883,0.8287
4446-2273-0008,1580,0,0.075,0.7449
4446-2273-0008,1995,0,0.0722,0.7936
4446-2273-0008,2094,0,0.0006,0.7312
4446-2273-0008,237,0,-0.0318,0.6547
4446-2273-0008,2961,0,0.1919,0.8279
4446-2273-0008,3570,0,0.1083,0.6954
4446-2273-0008,3575,0,0.0299,0.5158
4446-2273-0008,3729,0,0.1414,0.7412
4446-2273-0008,4446,1,-0.045,0.7589
4446-2273-0008,4507,0,0.1189,0.6505
4446-2273-0008,4970,0,-0.1071,0.4271
4446-2273-0008,4992,0,0.1721,0.7045
4446-2273-0008,5142,0,0.0793,0.5528
4446-2273-0008,5683,0,-0.0084,0.6219
4446-2273-0008,6829,0,0.0075,0.6178
4446-2273-0008,8463,0,0.0416,0.6962
4446-2273-0008,8555,0,0.0403,0.5044
4446-2273-0022,121,0,0.0385,0.7736
4446-2273-0022,1221,0,0.043,0.669
4446-2273-0022,1284,0,-0.0319,0.8663
4446-2273-0022,1580,0,0.0719,0.7729
4446-2273-0022,1995,0,0.1088,0.7739
4446-2273-0022,2094,0,0.044,0.7641
4446-2273-0022,237,0,-0.0479,0.6487
4446-2273-0022,2961,0,0.0647,0.7673
4446-2273-0022,3570,0,0.0211,0.6332
4446-2273-0022,3575,0,-0.0081,0.5553
4446-2273-0022,3729,0,0.0875,0.7409
4446-2273-0022,4446,1,-0.1127,0.7791
4446-2273-0022,4507,0,0.0562,0.6569
4446-2273-0022,4970,0,-0.0702,0.4926
4446-2273-0022,4992,0,0.1332,0.7162
4446-2273-0022,5142,0,0.0718,0.5952
4446-2273-0022,5683,0,0.0931,0.6704
4446-2273-0022,6829,0,0.0812,0.6539
4446-2273-0022,8463,0,0.0958,0.7165
4446-2273-0022,8555,0,0.0798,0.5252
4446-2273-0032,121,0,0.0383,0.8101
4446-2273-0032,1221,0,0.002,0.6838
4446-2273-0032,1284,0,0.0056,0.8676
4446-2273-0032,1580,0,0.0504,0.7971
4446-2273-0032,1995,0,0.0513,0.7809
4446-2273-0032,2094,0,0.0173,0.7885
4446-2273-0032,237,0,-0.0596,0.6803
4446-2273-0032,2961,0,0.1944,0.795
4446-2273-0032,3570,0,0.0502,0.6709
4446-2273-0032,3575,0,0.0133,0.5503
4446-2273-0032,3729,0,0.1214,0.7725
4446-2273-0032,4446,1,-0.0906,0.802
4446-2273-0032,4507,0,0.0821,0.6884
4446-2273-0032,4970,0,-0.0433,0.4678
4446-2273-0032,4992,0,0.096,0.7308
4446-2273-0032,5142,0,0.0599,0.586
4446-2273-0032,5683,0,-0.0182,0.6807
4446-2273-0032,6829,0,0.0073,0.6637
4446-2273-0032,8463,0,-0.0672,0.7042
4446-2273-0032,8555,0,0.0137,0.5205
4446-2275-0007,121,0,0.0333,0.7506
4446-2275-0007,1221,0,0.082,0.6667
4446-2275-0007,1284,0,-0.0292,0.8705
4446-2275-0007,1580,0,0.0928,0.759
4446-2275-0007,1995,0,-0.0266,0.7654
4446-2275-0007,2094,0,-0.0382,0.7541
4446-2275-0007,237,0,-0.0018,0.6469
4446-2275-0007,2961,0,0.2025,0.7388
4446-2275-0007,3570,0,0.0478,0.6061
4446-2275-0007,3575,0,0.0626,0.5029
4446-2275-0007,3729,0,0.143,0.729
4446-2275-0007,4446,1,-0.0628,0.7945
4446-2275-0007,4507,0,0.0937,0.6417
4446-2275-0007,4970,0,-0.0705,0.4711
4446-2275-0007,4992,0,0.126,0.722
4446-2275-0007,5142,0,0.1041,0.6095
4446-2275-0007,5683,0,0.0546,0.6292
4446-2275-0007,6829,0,-0.0588,0.6498
4446-2275-0007,8463,0,0.0279,0.7266
4446-2275-0007,8555,0,0.0492,0.5156
4446-2275-0026,121,0,0.0582,0.7277
4446-2275-0026,1221,0,0.1346,0.6829
4446-2275-0026,1284,0,0.1583,0.8931
4446-2275-0026,1580,0,0.2165,0.8025
4446-2275-0026,1995,0,0.0089,0.7334
4446-2275-0026,2094,0,-0.0487,0.7582
4446-2275-0026,237,0,0.0221,0.654
4446-2275-0026,2961,0,0.2238,0.6828
4446-2275-0026,3570,0,0.1214,0.5824
4446-2275-0026,3575,0,0.1281,0.5115
4446-2275-0026,3729,0,0.0898,0.7212
4446-2275-0026,4446,1,-0.0541,0.8089
4446-2275-0026,4507,0,0.1043,0.6427
4446-2275-0026,4970,0,0.0217,0.4738
4446-2275-0026,4992,0,0.2065,0.7133
4446-2275-0026,5142,0,0.0529,0.586
4446-2275-0026,5683,0,0.0666,0.6589
4446-2275-0026,6829,0,0.0583,0.6511
4446-2275-0026,8463,0,0.0443,0.6915
4446-2275-0026,8555,0,0.075,0.5008
4446-2275-0029,121,0,0.0419,0.7816
4446-2275-0029,1221,0,0.0662,0.6894
4446-2275-0029,1284,0,0.0022,0.8731
4446-2275-0029,1580,0,0.0467,0.7811
4446-2275-0029,1995,0,0.1377,0.7884
4446-2275-0029,2094,0,0.0382,0.7739
4446-2275-0029,237,0,-0.0008,0.6722
4446-2275-0029,2961,0,0.1538,0.7666
4446-2275-0029,3570,0,0.0912,0.6318
4446-2275-0029,3575,0,0.0397,0.5156
4446-2275-0029,3729,0,0.1553,0.7603
4446-2275-0029,4446,1,-0.0821,0.8069
4446-2275-0029,4507,0,0.1376,0.6724
4446-2275-0029,4970,0,-0.0907,0.4722
4446-2275-0029,4992,0,0.0852,0.7469
4446-2275-0029,5142,0,0.1609,0.6255
4446-2275-0029,5683,0,0.0622,0.6597
4446-2275-0029,6829,0,-0.0055,0.6687
4446-2275-0029,8463,0,0.0226,0.7367
4446-2275-0029,8555,0,0.0352,0.5378
4446-2275-0035,121,0,0.0684,0.7087
4446-2275-0035,1221,0,0.0876,0.6156
4446-2275-0035,1284,0,0.0529,0.8556
4446-2275-0035,1580,0,0.0747,0.7822
4446-2275-0035,1995,0,0.14,0.7303
4446-2275-0035,2094,0,-0.0521,0.7235
4446-2275-0035,237,0,0.0444,0.6354
4446-2275-0035,2961,0,0.1493,0.6722
4446-2275-0035,3570,0,0.0867,0.5701
4446-2275-0035,3575,0,0.008,0.5495
4446-2275-0035,3729,0,0.0037,0.647
4446-2275-0035,4446,1,-0.031,0.7416
4446-2275-0035,4507,0,0.0437,0.595
4446-2275-0035,4970,0,-0.0678,0.4663
4446-2275-0035,4992,0,0.0344,0.6468
4446-2275-0035,5142,0,0.1108,0.5204
4446-2275-0035,5683,0,0.1125,0.6456
4446-2275-0035,6829,0,-0.0183,0.578
4446-2275-0035,8463,0,-0.0411,0.6255
4446-2275-0035,8555,0,0.0341,0.4851
4446-2275-0041,121,0,-0.0407,0.657
4446-2275-0041,1221,0,0.0575,0.5666
4446-2275-0041,1284,0,0.0617,0.7973
4446-2275-0041,1580,0,0.1444,0.6338
4446-2275-0041,1995,0,0.1888,0.7324
4446-2275-0041,2094,0,0.067,0.6556
4446-2275-0041,237,0,-0.0876,0.5644
4446-2275-0041,2961,0,0.117,0.6705
4446-2275-0041,3570,0,0.1551,0.5222
4446-2275-0041,3575,0,0.0162,0.4117
4446-2275-0041,3729,0,0.1742,0.6178
4446-2275-0041,4446,1,-0.0334,0.6914
4446-2275-0041,4507,0,0.1371,0.5245
4446-2275-0041,4970,0,-0.0934,0.3785
4446-2275-0041,4992,0,0.0652,0.6331
4446-2275-0041,5142,0,0.1439,0.5197
4446-2275-0041,5683,0,0.0324,0.5254
4446-2275-0041,6829,0,-0.0697,0.5505
4446-2275-0041,8463,0,-0.022,0.627
4446-2275-0041,8555,0,0.0564,0.4312
4446-2275-0043,121,0,-0.0029,0.7888
4446-2275-0043,1221,0,0.0621,0.7105
4446-2275-0043,1284,0,0.1678,0.8979
4446-2275-0043,1580,0,0.1403,0.7914
4446-2275-0043,1995,0,0.0696,0.808
4446-2275-0043,2094,0,0.0299,0.7906
4446-2275-0043,237,0,0.0535,0.7024
4446-2275-0043,2961,0,0.1782,0.7678
4446-2275-0043,3570,0,0.1333,0.6499
4446-2275-0043,3575,0,0.0754,0.5344
4446-2275-0043,3729,0,0.1334,0.7763
4446-2275-0043,4446,1,0.0099,0.8346
4446-2275-0043,4507,0,0.0646,0.6791
4446-2275-0043,4970,0,-0.0287,0.4998
4446-2275-0043,4992,0,0.1505,0.7665
4446-2275-0043,5142,0,0.074,0.6424
4446-2275-0043,5683,0,0.0138,0.6661
4446-2275-0043,6829,0,0.0016,0.6908
4446-2275-0043,8463,0,0.0018,0.756
4446-2275-0043,8555,0,0.0277,0.5526
4507-16021-0001,121,0,0.0113,0.7042
4507-16021-0001,1221,0,0.0639,0.5224
4507-16021-0001,1284,0,-0.0534,0.7067
4507-16021-0001,1580,0,-0.0182,0.5956
4507-16021-0001,1995,0,0.0357,0.7263
4507-16021-0001,2094,0,-0.0831,0.6237
4507-16021-0001,237,0,-0.0473,0.542
4507-16021-0001,2961,0,0.0347,0.7857
4507-16021-0001,3570,0,-0.0035,0.6147
4507-16021-0001,3575,0,0.0175,0.4356
4507-16021-0001,3729,0,0.1162,0.6192
4507-16021-0001,4446,0,-0.121,0.6141
4507-16021-0001,4507,1,0.1088,0.5535
4507-16021-0001,4970,0,-0.0186,0.3484
4507-16021-0001,4992,0,0.1744,0.5936
4507-16021-0001,5142,0,0.0394,0.469
4507-16021-0001,5683,0,0.0792,0.4945
4507-16021-0001,6829,0,0.0152,0.5347
4507-16021-0001,8463,0,-0.013,0.5996
4507-16021-0001,8555,0,0.0346,0.4131
4507-16021-0005,121,0,0.0211,0.7716
4507-16021-0005,1221,0,0.0369,0.5617
4507-16021-0005,1284,0,0.028,0.7706
4507-16021-0005,1580,0,0.0419,0.7011
4507-16021-0005,1995,0,-0.013,0.7463
4507-16021-0005,2094,0,0.0121,0.6724
4507-16021-0005,237,0,0.0298,0.6295
4507-16021-0005,2961,0,0.1346,0.7886
4507-16021-0005,3570,0,0.0269,0.689
4507-16021-0005,3575,0,0.1259,0.5082
4507-16021-0005,3729,0,-0.0106,0.6733
4507-16021-0005,4446,0,-0.0339,0.6782
4507-16021-0005,4507,1,0.0922,0.6087
4507-16021-0005,4970,0,-0.0004,0.3715
4507-16021-0005,4992,0,0.1078,0.6167
4507-16021-0005,5142,0,0.0076,0.4588
4507-16021-0005,5683,0,0.071,0.5815
4507-16021-0005,6829,0,0.0207,0.5341
4507-16021-0005,8463,0,0.0615,0.5884
4507-16021-0005,8555,0,-0.0445,0.452
4507-16021-0021,121,0,0.0055,0.7432
4507-16021-0021,1221,0,0.0358,0.6678
4507-16021-0021,1284,0,0.0841,0.868
4507-16021-0021,1580,0,0.1375,0.7477
4507-16021-0021,1995,0,0.17,0.7934
4507-16021-0021,2094,0,0.0155,0.7598
4507-16021-0021,237,0,0.0612,0.6593
4507-16021-0021,2961,0,0.1274,0.7221
4507-16021-0021,3570,0,0.0622,0.5999
4507-16021-0021,3575,0,-0.0117,0.5083
4507-16021-0021,3729,0,0.1892,0.7145
4507-16021-0021,4446,0,-0.0088,0.781
4507-16021-0021,4507,1,0.128,0.6376
4507-16021-0021,4970,0,-0.0561,0.4629
4507-16021-0021,4992,0,0.178,0.7228
4507-16021-0021,5142,0,0.0967,0.6048
4507-16021-0021,5683,0,-0.0039,0.6295
4507-16021-0021,6829,0,0.0198,0.6502
4507-16021-0021,8463,0,0.0377,0.7131
4507-16021-0021,8555,0,0.0147,0.5155
4507-16021-0030,121,0,0.0139,0.7754
4507-16021-0030,1221,0,0.0698,0.6441
4507-16021-0030,1284,0,0.0226,0.8312
4507-16021-0030,1580,0,0.0591,0.7396
4507-16021-0030,1995,0,0.0905,0.7541
4507-16021-0030,2094,0,-0.0639,0.7198
4507-16021-0030,237,0,-0.0397,0.6258
4507-16021-0030,2961,0,0.1258,0.7781
4507-16021-0030,3570,0,0.0564,0.6561
4507-16021-0030,3575,0,0.0187,0.4993
4507-16021-0030,3729,0,0.1052,0.7277
4507-16021-0030,4446,0,-0.0328,0.7562
4507-16021-0030,4507,1,0.1346,0.6487
4507-16021-0030,4970,0,-0.0413,0.4324
4507-16021-0030,4992,0,0.1856,0.6906
4507-16021-0030,5142,0,0.0803,0.5564
4507-16021-0030,5683,0,0.1023,0.6178
4507-16021-0030,6829,0,-0.0087,0.6179
4507-16021-0030,8463,0,0.0059,0.6804
4507-16021-0030,8555,0,0.0282,0.4935
4507-16021-0031,121,0,0.0925,0.7722
4507-16021-0031,1221,0,0.0851,0.5875
4507-16021-0031,1284,0,0.0623,0.7794
4507-16021-0031,1580,0,0.0743,0.6796
4507-16021-0031,1995,0,0.0586,0.7904
4507-16021-0031,2094,0,-0.0169,0.6847
4507-16021-0031,237,0,-0.0194,0.6223
4507-16021-0031,2961,0,0.1899,0.8037
4507-16021-0031,3570,0,0.0833,0.6776
4507-16021-0031,3575,0,0.0692,0.5069
4507-16021-0031,3729,0,0.104,0.6715
4507-16021-0031,4446,0,-0.0746,0.6842
4507-16021-0031,4507,1,0.1527,0.5994
4507-16021-0031,4970,0,-0.0289,0.398
4507-16021-0031,4992,0,0.1837,0.6547
4507-16021-0031,5142,0,0.0857,0.4985
4507-16021-0031,5683,0,0.0925,0.5652
4507-16021-0031,6829,0,0.0071,0.5626
4507-16021-0031,8463,0,0.0459,0.6503
4507-16021-0031,8555,0,0.047,0.4704
4507-16021-0046,121,0,0.0726,0.7736
4507-16021-0046,1221,0,0.0455,0.5999
4507-16021-0046,1284,0,0.0318,0.7957
4507-16021-0046,1580,0,0.0595,0.6998
4507-16021-0046,1995,0,0.0477,0.7865
4507-16021-0046,2094,0,-0.0346,0.7176
4507-16021-0046,237,0,0.0143,0.6424
4507-16021-0046,2961,0,0.0714,0.7748
4507-16021-0046,3570,0,0.0298,0.6557
4507-16021-0046,3575,0,0.0217,0.4929
4507-16021-0046,3729,0,0.1199,0.6993
4507-16021-0046,4446,0,0.0401,0.7202
4507-16021-0046,4507,1,0.1268,0.6116
4507-16021-0046,4970,0,-0.0496,0.4077
4507-16021-0046,4992,0,0.1593,0.6798
4507-16021-0046,5142,0,0.0546,0.5331
4507-16021-0046,5683,0,0.0242,0.5796
4507-16021-0046,6829,0,0.0143,0.5787
4507-16021-0046,8463,0,0.002,0.6777
4507-16021-0046,8555,0,0.0947,0.4817
4507-16021-0052,121,0,-0.0064,0.7428
4507-16021-0052,1221,0,-0.0559,0.5444
4507-16021-0052,1284,0,-0.0143,0.7239
4507-16021-0052,1580,0,0.012,0.6438
4507-16021-0052,1995,0,0.1256,0.7233
4507-16021-0052,2094,0,-0.0342,0.6581
4507-16021-0052,237,0,-0.0252,0.5673
4507-16021-0052,2961,0,0.1076,0.7959
4507-16021-0052,3570,0,0.061,0.6729
4507-16021-0052,3575,0,-0.0298,0.4661
4507-16021-0052,3729,0,0.1116,0.6476
4507-16021-0052,4446,0,-0.107,0.6429
4507-16021-0052,4507,1,0.1312,0.6005
4507-16021-0052,4970,0,-0.0243,0.3552
4507-16021-0052,4992,0,0.0918,0.606
4507-16021-0052,5142,0,0.1277,0.4616
4507-16021-0052,5683,0,0.0589,0.5142
4507-16021-0052,6829,0,-0.014,0.5554
4507-16021-0052,8463,0,-0.0728,0.5985
4507-16021-0052,8555,0,-0.0346,0.4229
4507-16021-0053,121,0,0.0537,0.7811
4507-16021-0053,1221,0,0.0785,0.6622
4507-16021-0053,1284,0,0.0898,0.8489
4507-16021-0053,1580,0,0.0835,0.7751
4507-16021-0053,1995,0,0.03,0.7588
4507-16021-0053,2094,0,-0.0454,0.753
4507-16021-0053,237,0,-0.0373,0.6395
4507-16021-0053,2961,0,0.0607,0.7569
4507-16021-0053,3570,0,-0.0487,0.6354
4507-16021-0053,3575,0,0.0745,0.5219
4507-16021-0053,3729,0,0.0779,0.745
4507-16021-0053,4446,0,-0.0403,0.7713
4507-16021-0053,4507,1,0.1435,0.6694
4507-16021-0053,4970,0,0.0113,0.4573
4507-16021-0053,4992,0,0.2285,0.7179
4507-16021-0053,5142,0,0.0839,0.5858
4507-16021-0053,5683,0,0.0721,0.6527
4507-16021-0053,6829,0,0.0841,0.6451
4507-16021-0053,8463,0,0.0935,0.7107
4507-16021-0053,8555,0,0.0514,0.5121
4507-16021-0056,121,0,-0.0295,0.7355
4507-16021-0056,1221,0,0.0457,0.6556
4507-16021-0056,1284,0,-0.0493,0.8463
4507-16021-0056,1580,0,0.1065,0.7388
4507-16021-0056,1995,0,0.021,0.7751
4507-16021-0056,2094,0,-0.0436,0.7464
4507-16021-0056,237,0,-0.115,0.6322
4507-16021-0056,2961,0,0.1613,0.7028
4507-16021-0056,3570,0,0.0958,0.5847
4507-16021-0056,3575,0,-0.0503,0.4809
4507-16021-0056,3729,0,0.175,0.7103
4507-16021-0056,4446,0,-0.0707,0.7679
4507-16021-0056,4507,1,0.1672,0.6277
4507-16021-0056,4970,0,-0.1508,0.4365
4507-16021-0056,4992,0,0.2011,0.7218
4507-16021-0056,5142,0,-0.0026,0.5948
4507-16021-0056,5683,0,-0.0012,0.6133
4507-16021-0056,6829,0,0.0431,0.6289
4507-16021-0056,8463,0,0.0432,0.7072
4507-16021-0056,8555,0,-0.0044,0.5076
4507-16021-0057,121,0,-0.0513,0.6824
4507-16021-0057,1221,0,0.0209,0.5677
4507-16021-0057,1284,0,0.0397,0.7872
4507-16021-0057,1580,0,0.035,0.6549
4507-16021-0057,1995,0,0.1874,0.723
4507-16021-0057,2094,0,-0.0409,0.6587
4507-16021-0057,237,0,0.0298,0.552
4507-16021-0057,2961,0,0.0821,0.7092
4507-16021-0057,3570,0,0.06,0.5605
4507-16021-0057,3575,0,0.0619,0.4596
4507-16021-0057,3729,0,0.0348,0.6256
4507-16021-0057,4446,0,-0.0371,0.671
4507-16021-0057,4507,1,0.1421,0.557
4507-16021-0057,4970,0,-0.0253,0.3985
4507-16021-0057,4992,0,0.205,0.6162
4507-16021-0057,5142,0,0.1635,0.5064
4507-16021-0057,5683,0,0.1149,0.5537
4507-16021-0057,6829,0,0.0457,0.5537
4507-16021-0057,8463,0,0.0671,0.6117
4507-16021-0057,8555,0,0.0639,0.4403
4970-29093-0002,121,0,0.0052,0.7782
4970-29093-0002,1221,0,0.0667,0.6112
4970-29093-0002,1284,0,0.0372,0.8071
4970-29093-0002,1580,0,0.0624,0.7064
4970-29093-0002,1995,0,0.0847,0.7928
4970-29093-0002,2094,0,-0.0265,0.7274
4970-29093-0002,237,0,-0.0174,0.6333
4970-29093-0002,2961,0,0.1424,0.8097
4970-29093-0002,3570,0,0.0834,0.6648
4970-29093-0002,3575,0,0.0135,0.5111
4970-29093-0002,3729,0,0.1187,0.7047
4970-29093-0002,4446,0,-0.0593,0.7203
4970-29093-0002,4507,0,0.1084,0.6257
4970-29093-0002,4970,1,-0.0726,0.4142
4970-29093-0002,4992,0,0.1828,0.6814
4970-29093-0002,5142,0,0.1061,0.5383
4970-29093-0002,5683,0,0.0267,0.5889
4970-29093-0002,6829,0,0.0259,0.6084
4970-29093-0002,8463,0,-0.0082,0.6719
4970-29093-0002,8555,0,0.0471,0.482
4970-29093-0013,121,0,0.046,0.8188
4970-29093-0013,1221,0,0.0816,0.6868
4970-29093-0013,1284,0,0.069,0.8651
4970-29093-0013,1580,0,0.1006,0.8119
4970-29093-0013,1995,0,0.0109,0.7988
4970-29093-0013,2094,0,-0.0245,0.7887
4970-29093-0013,237,0,-0.0446,0.686
4970-29093-0013,2961,0,0.2212,0.8192
4970-29093-0013,3570,0,0.1117,0.6942
4970-29093-0013,3575,0,0.0236,0.5779
4970-29093-0013,3729,0,0.1157,0.7655
4970-29093-0013,4446,0,-0.1137,0.7915
4970-29093-0013,4507,0,0.0847,0.6982
4970-29093-0013,4970,1,-0.0564,0.4861
4970-29093-0013,4992,0,0.1682,0.7368
4970-29093-0013,5142,0,0.1016,0.5942
4970-29093-0013,5683,0,0.0309,0.6856
4970-29093-0013,6829,0,0.0575,0.6691
4970-29093-0013,8463,0,-0.0284,0.7208
4970-29093-0013,8555,0,0.1214,0.5466
4970-29093-0020,121,0,0.0089,0.7131
4970-29093-0020,1221,0,0.0532,0.5343
4970-29093-0020,1284,0,-0.0249,0.7262
4970-29093-0020,1580,0,-0.0125,0.6241
4970-29093-0020,1995,0,0.1096,0.7261
4970-29093-0020,2094,0,0.0079,0.6397
4970-29093-0020,237,0,-0.036,0.5477
4970-29093-0020,2961,0,0.1667,0.8027
4970-29093-0020,3570,0,0.0595,0.6162
4970-29093-0020,3575,0,0.0185,0.4239
4970-29093-0020,3729,0,0.1332,0.6359
4970-29093-0020,4446,0,-0.071,0.6401
4970-29093-0020,4507,0,0.1269,0.5596
4970-29093-0020,4970,1,-0.0423,0.3273
4970-29093-0020,4992,0,0.1578,0.6026
4970-29093-0020,5142,0,0.1148,0.4611
4970-29093-0020,5683,0,0.1462,0.5106
4970-29093-0020,6829,0,0.0938,0.5468
4970-29093-0020,8463,0,-0.0058,0.5827
4970-29093-0020,8555,0,0.1286,0.4027
4970-29095-0006,121,0,-0.0793,0.688
4970-29095-0006,1221,0,0.1324,0.5764
4970-29095-0006,1284,0,-0.0075,0.8177
4970-29095-0006,1580,0,0.0713,0.7072
4970-29095-0006,1995,0,0.0333,0.7097
4970-29095-0006,2094,0,0.0095,0.6879
4970-29095-0006,237,0,0.0474,0.5745
4970-29095-0006,2961,0,0.1036,0.7068
4970-29095-0006,3570,0,0.0803,0.5698
4970-29095-0006,3575,0,-0.0036,0.4936
4970-29095-0006,3729,0,0.0191,0.6336
4970-29095-0006,4446,0,-0.016,0.6953
4970-29095-0006,4507,0,0.0429,0.5745
4970-29095-0006,4970,1,-0.0686,0.4248
4970-29095-0006,4992,0,0.1851,0.6181
4970-29095-0006,5142,0,0.0547,0.5071
4970-29095-0006,5683,0,0.0584,0.5817
4970-29095-0006,6829,0,0.0682,0.5711
4970-29095-0006,8463,0,0.039,0.6075
4970-29095-0006,8555,0,0.0011,0.4451
4970-29095-0007,121,0,-0.0404,0.7571
4970-29095-0007,1221,0,0.1092,0.6595
4970-29095-0007,1284,0,0.1484,0.8777
4970-29095-0007,1580,0,0.1495,0.7762
4970-29095-0007,1995,0,0.1338,0.7678
4970-29095-0007,2094,0,-0.0454,0.7621
4970-29095-0007,237,0,-0.0057,0.664
4970-29095-0007,2961,0,0.1368,0.7196
4970-29095-0007,3570,0,0.0619,0.6197
4970-29095-0007,3575,0,0.0495,0.5556
4970-29095-0007,3729,0,0.0726,0.719
4970-29095-0007,4446,0,0.0164,0.7792
4970-29095-0007,4507,0,0.0756,0.6392
4970-29095-0007,4970,1,0.0008,0.4811
4970-29095-0007,4992,0,0.1993,0.698
4970-29095-0007,5142,0,0.0925,0.5716
4970-29095-0007,5683,0,0.0836,0.6688
4970-29095-0007,6829,0,0.0082,0.6257
4970-29095-0007,8463,0,0.0628,0.6852
4970-29095-0007,8555,0,0.0695,0.5158
4970-29095-0020,121,0,0.0436,0.7251
4970-29095-0020,1221,0,0.1051,0.6375
4970-29095-0020,1284,0,0.0065,0.8544
4970-29095-0020,1580,0,0.0564,0.7432
4970-29095-0020,1995,0,0.1031,0.7287
4970-29095-0020,2094,0,-0.0514,0.7214
4970-29095-0020,237,0,0.0264,0.619
4970-29095-0020,2961,0,0.1643,0.7175
4970-29095-0020,3570,0,0.0498,0.5973
4970-29095-0020,3575,0,0.0348,0.5091
4970-29095-0020,3729,0,0.0784,0.6942
4970-29095-0020,4446,0,-0.014,0.7539
4970-29095-0020,4507,0,0.0463,0.6196
4970-29095-0020,4970,1,-0.0467,0.4598
4970-29095-0020,4992,0,0.1812,0.6715
4970-29095-0020,5142,0,0.1278,0.5577
4970-29095-0020,5683,0,0.0897,0.628
4970-29095-0020,6829,0,0.0197,0.6163
4970-29095-0020,8463,0,0.0206,0.6643
4970-29095-0020,8555,0,0.0307,0.4825
4970-29095-0024,121,0,0.0484,0.8367
4970-29095-0024,1221,0,0.1267,0.6701
4970-29095-0024,1284,0,0.1438,0.847
4970-29095-0024,1580,0,0.1388,0.7883
4970-29095-0024,1995,0,0.1353,0.8079
4970-29095-0024,2094,0,-0.0446,0.7575
4970-29095-0024,237,0,-0.0131,0.6832
4970-29095-0024,2961,0,0.1815,0.8247
4970-29095-0024,3570,0,0.1305,0.7081
4970-29095-0024,3575,0,0.0381,0.5827
4970-29095-0024,3729,0,0.2135,0.7671
4970-29095-0024,4446,0,-0.0326,0.7742
4970-29095-0024,4507,0,0.196,0.6805
4970-29095-0024,4970,1,-0.0178,0.4814
4970-29095-0024,4992,0,0.171,0.7294
4970-29095-0024,5142,0,0.096,0.5817
4970-29095-0024,5683,0,0.0654,0.6781
4970-29095-0024,6829,0,0.0227,0.632
4970-29095-0024,8463,0,0.0163,0.7289
4970-29095-0024,8555,0,0.0689,0.549
4970-29095-0026,121,0,0.0188,0.7905
4970-29095-0026,1221,0,0.0971,0.6495
4970-29095-0026,1284,0,0.0329,0.8444
4970-29095-0026,1580,0,0.0474,0.7573
4970-29095-0026,1995,0,0.1089,0.7602
4970-29095-0026,2094,0,0.0712,0.7521
4970-29095-0026,237,0,-0.0369,0.6407
4970-29095-0026,2961,0,0.2162,0.8003
4970-29095-0026,3570,0,0.0913,0.6521
4970-29095-0026,3575,0,0.0118,0.5288
4970-29095-0026,3729,0,0.1304,0.744
4970-29095-0026,4446,0,-0.0793,0.7675
4970-29095-0026,4507,0,0.1138,0.6575
4970-29095-0026,4970,1,-0.0291,0.457
4970-29095-0026,4992,0,0.1806,0.7021
4970-29095-0026,5142,0,0.0996,0.5658
4970-29095-0026,5683,0,0.0973,0.6407
4970-29095-0026,6829,0,0.0328,0.6428
4970-29095-0026,8463,0,0.0017,0.705
4970-29095-0026,8555,0,0.1183,0.4891
4970-29095-0027,121,0,0.0284,0.8022
4970-29095-0027,1221,0,0.0437,0.6844
4970-29095-0027,1284,0,0.0084,0.8747
4970-29095-0027,1580,0,0.0327,0.786
4970-29095-0027,1995,0,0.0705,0.7982
4970-29095-0027,2094,0,0.034,0.7746
4970-29095-0027,237,0,0.017,0.6954
4970-29095-0027,2961,0,0.1808,0.8017
4970-29095-0027,3570,0,0.1213,0.6853
4970-29095-0027,3575,0,0.06,0.585
4970-29095-0027,3729,0,0.098,0.7584
4970-29095-0027,4446,0,-0.1061,0.7932
4970-29095-0027,4507,0,0.0741,0.6768
4970-29095-0027,4970,1,-0.0096,0.5141
4970-29095-0027,4992,0,0.1135,0.7304
4970-29095-0027,5142,0,0.1297,0.6027
4970-29095-0027,5683,0,0.0334,0.6839
4970-29095-0027,6829,0,0.0619,0.6645
4970-29095-0027,8463,0,0.0071,0.732
4970-29095-0027,8555,0,0.1608,0.5504
4970-29095-0036,121,0,-0.0321,0.7938
4970-29095-0036,1221,0,0.0529,0.6568
4970-29095-0036,1284,0,0.1413,0.8609
4970-29095-0036,1580,0,0.106,0.7913
4970-29095-0036,1995,0,0.0392,0.8015
4970-29095-0036,2094,0,-0.0041,0.7646
4970-29095-0036,237,0,0.0057,0.6857
4970-29095-0036,2961,0,0.2084,0.7763
4970-29095-0036,3570,0,0.1368,0.6698
4970-29095-0036,3575,0,0.0489,0.5677
4970-29095-0036,3729,0,0.0866,0.7332
4970-29095-0036,4446,0,-0.0584,0.7745
4970-29095-0036,4507,0,0.0759,0.649
4970-29095-0036,4970,1,0.0085,0.4583
4970-29095-0036,4992,0,0.1752,0.7116
4970-29095-0036,5142,0,0.093,0.5578
4970-29095-0036,5683,0,0.0199,0.6747
4970-29095-0036,6829,0,0.0254,0.6251
4970-29095-0036,8463,0,0.005,0.6889
4970-29095-0036,8555,0,0.1236,0.5293
4992-23283-0004,121,0,0.0214,0.7439
4992-23283-0004,1221,0,0.0351,0.5871
4992-23283-0004,1284,0,0.0385,0.8121
4992-23283-0004,1580,0,0.0315,0.7257
4992-23283-0004,1995,0,0.1811,0.7383
4992-23283-0004,2094,0,-0.0281,0.6859
4992-23283-0004,237,0,-0.1229,0.6014
4992-23283-0004,2961,0,0.0883,0.7428
4992-23283-0004,3570,0,0.0417,0.6201
4992-23283-0004,3575,0,-0.0355,0.5005
4992-23283-0004,3729,0,0.0757,0.6698
4992-23283-0004,4446,0,-0.065,0.7064
4992-23283-0004,4507,0,0.1306,0.6008
4992-23283-0004,4970,0,-0.094,0.3993
4992-23283-0004,4992,1,0.1487,0.6328
4992-23283-0004,5142,0,0.1249,0.5001
4992-23283-0004,5683,0,0.0234,0.6165
4992-23283-0004,6829,0,0.048,0.549
4992-23283-0004,8463,0,0.0374,0.6172
4992-23283-0004,8555,0,-0.008,0.467
4992-23283-0011,121,0,0.0786,0.7372
4992-23283-0011,1221,0,0.0425,0.624
4992-23283-0011,1284,0,0.0953,0.8432
4992-23283-0011,1580,0,0.0867,0.7619
4992-23283-0011,1995,0,-0.0304,0.7459
4992-23283-0011,2094,0,-0.0799,0.7387
4992-23283-0011,237,0,-0.0272,0.6243
4992-23283-0011,2961,0,0.1193,0.6898
4992-23283-0011,3570,0,0.0208,0.5882
4992-23283-0011,3575,0,0.019,0.5404
4992-23283-0011,3729,0,0.1055,0.6835
4992-23283-0011,4446,0,-0.0718,0.7366
4992-23283-0011,4507,0,0.0729,0.6264
4992-23283-0011,4970,0,-0.01,0.4485
4992-23283-0011,4992,1,0.0909,0.668
4992-23283-0011,5142,0,0.0298,0.5529
4992-23283-0011,5683,0,0.0212,0.6494
4992-23283-0011,6829,0,0.1452,0.5887
4992-23283-0011,8463,0,0.0158,0.6486
4992-23283-0011,8555,0,0.0576,0.5079
4992-23283-0013,121,0,-0.0648,0.7517
4992-23283-0013,1221,0,0.0741,0.7027
4992-23283-0013,1284,0,0.0957,0.8767
4992-23283-0013,1580,0,0.118,0.7678
4992-23283-0013,1995,0,0.0864,0.7663
4992-23283-0013,2094,0,0.0545,0.7801
4992-23283-0013,237,0,-0.0659,0.6586
4992-23283-0013,2961,0,0.1124,0.7123
4992-23283-0013,3570,0,0.0547,0.5899
4992-23283-0013,3575,0,-0.0024,0.476
4992-23283-0013,3729,0,0.1872,0.7554
4992-23283-0013,4446,0,-0.0593,0.8186
4992-23283-0013,4507,0,0.1324,0.6616
4992-23283-0013,4970,0,-0.0634,0.4702
4992-23283-0013,4992,1,0.2098,0.7601
4992-23283-0013,5142,0,0.0425,0.6461
4992-23283-0013,5683,0,0.0043,0.642
4992-23283-0013,6829,0,0.0047,0.6801
4992-23283-0013,8463,0,0.0449,0.7533
4992-23283-0013,8555,0,0.0841,0.5238
4992-41797-0007,121,0,0.0834,0.7215
4992-41797-0007,1221,0,0.045,0.5812
4992-41797-0007,1284,0,-0.0239,0.7916
4992-41797-0007,1580,0,0.0429,0.6863
4992-41797-0007,1995,0,0.0664,0.758
4992-41797-0007,2094,0,-0.0432,0.6808
4992-41797-0007,237,0,-0.11,0.5832
4992-41797-0007,2961,0,0.1314,0.7578
4992-41797-0007,3570,0,0.0939,0.608
4992-41797-0007,3575,0,-0.0127,0.4975
4992-41797-0007,3729,0,0.0162,0.6524
4992-41797-0007,4446,0,-0.1079,0.6874
4992-41797-0007,4507,0,0.0971,0.5847
4992-41797-0007,4970,0,-0.0396,0.4217
4992-41797-0007,4992,1,0.1098,0.6438
4992-41797-0007,5142,0,0.1397,0.5264
4992-41797-0007,5683,0,0.1388,0.5757
4992-41797-0007,6829,0,-0.0064,0.5717
4992-41797-0007,8463,0,0.0448,0.653
4992-41797-0007,8555,0,0.058,0.4768
4992-41797-0010,121,0,0.0487,0.7311
4992-41797-0010,1221,0,0.1033,0.6588
4992-41797-0010,1284,0,0.0801,0.8497
4992-41797-0010,1580,0,0.0533,0.7241
4992-41797-0010,1995,0,0.0945,0.7612
4992-41797-0010,2094,0,0.0121,0.7355
4992-41797-0010,237,0,-0.0359,0.635
4992-41797-0010,2961,0,0.1141,0.7265
4992-41797-0010,3570,0,0.107,0.5988
4992-41797-0010,3575,0,0.0368,0.4709
4992-41797-0010,3729,0,0.0782,0.7166
4992-41797-0010,4446,0,-0.0173,0.7739
4992-41797-0010,4507,0,0.1154,0.6338
4992-41797-0010,4970,0,-0.0191,0.4524
4992-41797-0010,4992,1,0.1898,0.7137
4992-41797-0010,5142,0,0.1381,0.6134
4992-41797-0010,5683,0,0.0175,0.606
4992-41797-0010,6829,0,0.0482,0.6424
4992-41797-0010,8463,0,0.0068,0.7148
4992-41797-0010,8555,0,0.1374,0.5112
4992-41797-0017,121,0,0.0145,0.6763
4992-41797-0017,1221,0,0.0991,0.6046
4992-41797-0017,1284,0,0.053,0.8164
4992-41797-0017,1580,0,0.0965,0.6704
4992-41797-0017,1995,0,0.116,0.7367
4992-41797-0017,2094,0,0.1212,0.6789
4992-41797-0017,237,0,0.0221,0.5819
4992-41797-0017,2961,0,0.1534,0.6754
4992-41797-0017,3570,0,0.0849,0.5413
4992-41797-0017,3575,0,0.0248,0.4529
4992-41797-0017,3729,0,0.1446,0.6516
4992-41797-0017,4446,0,-0.0179,0.7143
4992-41797-0017,4507,0,0.1408,0.5691
4992-41797-0017,4970,0,0.0039,0.4337
4992-41797-0017,4992,1,0.1692,0.6575
4992-41797-0017,5142,0,0.16,0.5631
4992-41797-0017,5683,0,0.0982,0.5722
4992-41797-0017,6829,0,0.0601,0.5848
4992-41797-0017,8463,0,0.0581,0.6648
4992-41797-0017,8555,0,0.0377,0.4728
4992-41806-0003,121,0,0.0538,0.7883
4992-41806-0003,1221,0,0.0461,0.6963
4992-41806-0003,1284,0,0.0841,0.8825
4992-41806-0003,1580,0,0.0396,0.7859
4992-41806-0003,1995,0,0.0668,0.8059
4992-41806-0003,2094,0,0.0494,0.7628
4992-41806-0003,237,0,-0.0329,0.6947
4992-41806-0003,2961,0,0.1743,0.757
4992-41806-0003,3570,0,0.0989,0.6495
4992-41806-0003,3575,0,0.0288,0.5352
4992-41806-0003,3729,0,0.1406,0.7511
4992-41806-0003,4446,0,-0.0335,0.8043
4992-41806-0003,4507,0,0.1976,0.665
4992-41806-0003,4970,0,-0.0026,0.4923
4992-41806-0003,4992,1,0.1473,0.7451
4992-41806-0003,5142,0,0.1193,0.6196
4992-41806-0003,5683,0,0.0475,0.6755
4992-41806-0003,6829,0,0.0679,0.6446
4992-41806-0003,8463,0,0.0705,0.7467
4992-41806-0003,8555,0,0.0496,0.5565
4992-41806-0008,121,0,0.0633,0.6923
4992-41806-0008,1221,0,0.1102,0.6238
4992-41806-0008,1284,0,0.0218,0.8374
4992-41806-0008,1580,0,0.0778,0.6965
4992-41806-0008,1995,0,0.1053,0.7297
4992-41806-0008,2094,0,-0.1093,0.7064
4992-41806-0008,237,0,-0.0392,0.5917
4992-41806-0008,2961,0,0.1068,0.6676
4992-41806-0008,3570,0,0.0802,0.5403
4992-41806-0008,3575,0,0.0122,0.4538
4992-41806-0008,3729,0,0.2016,0.6759
4992-41806-0008,4446,0,-0.0536,0.7458
4992-41806-0008,4507,0,0.1217,0.5876
4992-41806-0008,4970,0,-0.1133,0.4231
4992-41806-0008,4992,1,0.1987,0.6752
4992-41806-0008,5142,0,0.1242,0.5674
4992-41806-0008,5683,0,0.0825,0.5841
4992-41806-0008,6829,0,0.0213,0.6021
4992-41806-0008,8463,0,0.0188,0.6699
4992-41806-0008,8555,0,0.1199,0.4664
4992-41806-0013,121,0,0.1071,0.7816
4992-41806-0013,1221,0,0.074,0.6246
4992-41806-0013,1284,0,0.0298,0.8396
4992-41806-0013,1580,0,0.1345,0.7498
4992-41806-0013,1995,0,0.1106,0.7797
4992-41806-0013,2094,0,0.0725,0.7427
4992-41806-0013,237,0,-0.047,0.6339
4992-41806-0013,2961,0,0.213,0.7801
4992-41806-0013,3570,0,0.1226,0.6378
4992-41806-0013,3575,0,0.0181,0.5091
4992-41806-0013,3729,0,0.1661,0.7149
4992-41806-0013,4446,0,-0.0872,0.7472
4992-41806-0013,4507,0,0.1606,0.6222
4992-41806-0013,4970,0,-0.0908,0.4086
4992-41806-0013,4992,1,0.1928,0.6926
4992-41806-0013,5142,0,0.0235,0.5315
4992-41806-0013,5683,0,0.096,0.6202
4992-41806-0013,6829,0,0.0339,0.6042
4992-41806-0013,8463,0,0.0728,0.6828
4992-41806-0013,8555,0,0.0611,0.4689
4992-41806-0017,121,0,0.0278,0.7624
4992-41806-0017,1221,0,0.1624,0.6526
4992-41806-0017,1284,0,0.0853,0.8621
4992-41806-0017,1580,0,0.1124,0.7541
4992-41806-0017,1995,0,0.087,0.7845
4992-41806-0017,2094,0,-0.0039,0.7511
4992-41806-0017,237,0,0.0619,0.6559
4992-41806-0017,2961,0,0.1795,0.7394
4992-41806-0017,3570,0,0.0818,0.6131
4992-41806-0017,3575,0,0.0933,0.5428
4992-41806-0017,3729,0,0.1752,0.7134
4992-41806-0017,4446,0,-0.0036,0.7648
4992-41806-0017,4507,0,0.1399,0.6317
4992-41806-0017,4970,0,-0.0573,0.4767
4992-41806-0017,4992,1,0.2009,0.7081
4992-41806-0017,5142,0,0.0971,0.5761
4992-41806-0017,5683,0,0.1184,0.6408
4992-41806-0017,6829,0,0.0458,0.6366
4992-41806-0017,8463,0,0.0552,0.7129
4992-41806-0017,8555,0,0.0749,0.5016
5105-28233-0001,1089,0,0.1697,0.8511
5105-28233-0001,1188,0,0.2075,0.8393
5105-28233-0001,1320,0,0.2222,0.7576
5105-28233-0001,2300,0,0.1102,0.5399
5105-28233-0001,260,0,-0.0069,0.8704
5105-28233-0001,2830,0,0.0859,0.7901
5105-28233-0001,4077,0,-0.0023,0.8124
5105-28233-0001,5105,1,0.0591,0.7733
5105-28233-0001,5639,0,0.1919,0.9199
5105-28233-0001,61,0,-0.0497,0.8188
5105-28233-0001,672,0,0.1963,0.9047
5105-28233-0001,6930,0,0.0379,0.8159
5105-28233-0001,7021,0,0.0651,0.7076
5105-28233-0001,7127,0,0.1399,0.7079
5105-28233-0001,7176,0,-0.0754,0.8272
5105-28233-0001,7729,0,0.185,0.8147
5105-28233-0001,8224,0,0.0539,0.8115
5105-28233-0001,8230,0,0.1083,0.8403
5105-28233-0001,8455,0,0.1769,0.7672
5105-28233-0001,908,0,-0.116,0.8513
5105-28233-0004,1089,0,0.1555,0.7467
5105-28233-0004,1188,0,0.243,0.7835
5105-28233-0004,1320,0,0.2176,0.6487
5105-28233-0004,2300,0,0.2149,0.4067
5105-28233-0004,260,0,0.0092,0.8195
5105-28233-0004,2830,0,0.2047,0.7545
5105-28233-0004,4077,0,0.1037,0.7054
5105-28233-0004,5105,1,0.0794,0.6881
5105-28233-0004,5639,0,0.2571,0.8846
5105-28233-0004,61,0,0.1536,0.7825
5105-28233-0004,672,0,0.1935,0.8326
5105-28233-0004,6930,0,-0.0264,0.7666
5105-28233-0004,7021,0,0.047,0.597
5105-28233-0004,7127,0,0.1676,0.5867
5105-28233-0004,7176,0,-0.0546,0.7787
5105-28233-0004,7729,0,0.2529,0.7251
5105-28233-0004,8224,0,0.0029,0.831
5105-28233-0004,8230,0,0.094,0.8011
5105-28233-0004,8455,0,0.0888,0.6657
5105-28233-0004,908,0,-0.1248,0.7765
5105-28240-0006,1089,0,0.0887,0.8711
5105-28240-0006,1188,0,0.124,0.8928
5105-28240-0006,1320,0,0.1074,0.789
5105-28240-0006,2300,0,0.1288,0.5924
5105-28240-0006,260,0,0.0839,0.9295
5105-28240-0006,2830,0,0.0791,0.8384
5105-28240-0006,4077,0,0.118,0.8219
5105-28240-0006,5105,1,-0.0131,0.8135
5105-28240-0006,5639,0,0.1135,0.9027
5105-28240-0006,61,0,0.0346,0.8866
5105-28240-0006,672,0,0.197,0.9164
5105-28240-0006,6930,0,-0.0229,0.8327
5105-28240-0006,7021,0,-0.0161,0.7608
5105-28240-0006,7127,0,0.176,0.7284
5105-28240-0006,7176,0,-0.1663,0.8737
5105-28240-0006,7729,0,0.2136,0.8581
5105-28240-0006,8224,0,0.1337,0.7989
5105-28240-0006,8230,0,-0.0094,0.8879
5105-28240-0006,8455,0,0.1397,0.7863
5105-28240-0006,908,0,-0.0926,0.8951
5105-28240-0007,1089,0,0.1037,0.7836
5105-28240-0007,1188,0,0.0504,0.7869
5105-28240-0007,1320,0,0.0424,0.6758
5105-28240-0007,2300,0,0.1896,0.4122
5105-28240-0007,260,0,0.061,0.8266
5105-28240-0007,2830,0,0.0829,0.7535
5105-28240-0007,4077,0,0.0484,0.7513
5105-28240-0007,5105,1,0.0335,0.702
5105-28240-0007,5639,0,0.261,0.9147
5105-28240-0007,61,0,-0.1006,0.7541
5105-28240-0007,672,0,0.1935,0.8499
5105-28240-0007,6930,0,0.0222,0.7644
5105-28240-0007,7021,0,0.0532,0.6076
5105-28240-0007,7127,0,0.1665,0.6379
5105-28240-0007,7176,0,-0.1816,0.7576
5105-28240-0007,7729,0,0.1249,0.7424
5105-28240-0007,8224,0,0.1034,0.7818
5105-28240-0007,8230,0,-0.0044,0.8049
5105-28240-0007,8455,0,0.169,0.6885
5105-28240-0007,908,0,-0.1256,0.7839
5105-28240-0009,1089,0,0.1712,0.825
5105-28240-0009,1188,0,0.1433,0.8418
5105-28240-0009,1320,0,0.1223,0.7086
5105-28240-0009,2300,0,0.1571,0.4379
5105-28240-0009,260,0,0.0572,0.8813
5105-28240-0009,2830,0,0.19,0.8133
5105-28240-0009,4077,0,0.1005,0.77
5105-28240-0009,5105,1,0.0455,0.7462
5105-28240-0009,5639,0,0.2792,0.9166
5105-28240-0009,61,0,0.0769,0.8482
5105-28240-0009,672,0,0.2494,0.8857
5105-28240-0009,6930,0,-0.0575,0.7912
5105-28240-0009,7021,0,0.053,0.6532
5105-28240-0009,7127,0,0.1086,0.6591
5105-28240-0009,7176,0,-0.0787,0.8615
5105-28240-0009,7729,0,0.172,0.7773
5105-28240-0009,8224,0,0.0894,0.7886
5105-28240-0009,8230,0,0.1411,0.8865
5105-28240-0009,8455,0,0.1539,0.7091
5105-28240-0009,908,0,-0.1049,0.8247
5105-28240-0012,1089,0,0.1469,0.8779
5105-28240-0012,1188,0,0.1552,0.8627
5105-28240-0012,1320,0,0.0919,0.8124
5105-28240-0012,2300,0,0.0495,0.6588
5105-28240-0012,260,0,0.0747,0.8719
5105-28240-0012,2830,0,0.1239,0.7597
5105-28240-0012,4077,0,0.08,0.8379
5105-28240-0012,5105,1,0.0262,0.8238
5105-28240-0012,5639,0,0.1113,0.8865
5105-28240-0012,61,0,0.0266,0.822
5105-28240-0012,672,0,0.0903,0.9122
5105-28240-0012,6930,0,-0.1135,0.7986
5105-28240-0012,7021,0,-0.0441,0.7886
5105-28240-0012,7127,0,0.203,0.7483
5105-28240-0012,7176,0,-0.0721,0.8187
5105-28240-0012,7729,0,0.1451,0.8632
5105-28240-0012,8224,0,-0.0554,0.8253
5105-28240-0012,8230,0,0.1071,0.823
5105-28240-0012,8455,0,0.1766,0.8162
5105-28240-0012,908,0,-0.164,0.8897
5105-28240-0016,1089,0,0.1751,0.9041
5105-28240-0016,1188,0,0.1576,0.9121
5105-28240-0016,1320,0,0.124,0.8217
5105-28240-0016,2300,0,0.2134,0.6127
5105-28240-0016,260,0,0.227,0.9509
5105-28240-0016,2830,0,0.2562,0.8656
5105-28240-0016,4077,0,0.0504,0.8391
5105-28240-0016,5105,1,0.0811,0.8348
5105-28240-0016,5639,0,0.1434,0.8698
5105-28240-0016,61,0,0.1225,0.9054
5105-28240-0016,672,0,0.2741,0.924
5105-28240-0016,6930,0,0.0198,0.8511
5105-28240-0016,7021,0,0.0894,0.7872
5105-28240-0016,7127,0,0.2277,0.7683
5105-28240-0016,7176,0,0.0152,0.9086
5105-28240-0016,7729,0,0.205,0.8495
5105-28240-0016,8224,0,0.0453,0.7441
5105-28240-0016,8230,0,0.1421,0.9208
5105-28240-0016,8455,0,0.1129,0.8184
5105-28240-0016,908,0,-0.0037,0.8978
5105-28240-0022,1089,0,0.2403,0.8462
5105-28240-0022,1188,0,0.1592,0.8445
5105-28240-0022,1320,0,0.0836,0.7769
5105-28240-0022,2300,0,0.0246,0.6219
5105-28240-0022,260,0,0.0699,0.8734
5105-28240-0022,2830,0,0.1846,0.7741
5105-28240-0022,4077,0,0.2009,0.8534
5105-28240-0022,5105,1,0.0704,0.8193
5105-28240-0022,5639,0,0.2302,0.9426
5105-28240-0022,61,0,0.0561,0.8296
5105-28240-0022,672,0,0.1429,0.895
5105-28240-0022,6930,0,0.0018,0.7723
5105-28240-0022,7021,0,0.0835,0.7668
5105-28240-0022,7127,0,0.1462,0.7478
5105-28240-0022,7176,0,0.0039,0.7997
5105-28240-0022,7729,0,0.1657,0.8906
5105-28240-0022,8224,0,-0.0921,0.8131
5105-28240-0022,8230,0,0.0668,0.8111
5105-28240-0022,8455,0,0.1509,0.7509
5105-28240-0022,908,0,-0.0199,0.8728
5105-28240-0024,1089,0,0.1973,0.8518
5105-28240-0024,1188,0,0.1689,0.8886
5105-28240-0024,1320,0,0.1374,0.7728
5105-28240-0024,2300,0,0.0762,0.543
5105-28240-0024,260,0,0.0456,0.8959
5105-28240-0024,2830,0,0.2062,0.8265
5105-28240-0024,4077,0,0.0557,0.8265
5105-28240-0024,5105,1,0.0453,0.8006
5105-28240-0024,5639,0,0.1689,0.93
5105-28240-0024,61,0,0.0675,0.8402
5105-28240-0024,672,0,0.1428,0.9021
5105-28240-0024,6930,0,-0.0567,0.7876
5105-28240-0024,7021,0,0.041,0.722
5105-28240-0024,7127,0,0.1803,0.74
5105-28240-0024,7176,0,-0.1502,0.8441
5105-28240-0024,7729,0,0.1353,0.8525
5105-28240-0024,8224,0,0.1336,0.8114
5105-28240-0024,8230,0,0.1161,0.8605
5105-28240-0024,8455,0,0.1152,0.7632
5105-28240-0024,908,0,-0.0938,0.8537
5105-28241-0005,1089,0,0.2075,0.8829
5105-28241-0005,1188,0,0.1185,0.8885
5105-28241-0005,1320,0,0.234,0.8104
5105-28241-0005,2300,0,0.179,0.6131
5105-28241-0005,260,0,0.1637,0.9109
5105-28241-0005,2830,0,0.0931,0.824
5105-28241-0005,4077,0,0.0846,0.8258
5105-28241-0005,5105,1,-0.0183,0.8308
5105-28241-0005,5639,0,0.1575,0.9015
5105-28241-0005,61,0,-0.0075,0.849
5105-28241-0005,672,0,0.344,0.9317
5105-28241-0005,6930,0,0.0166,0.8453
5105-28241-0005,7021,0,0.0587,0.7763
5105-28241-0005,7127,0,0.2224,0.7473
5105-28241-0005,7176,0,-0.0993,0.8434
5105-28241-0005,7729,0,0.2453,0.8331
5105-28241-0005,8224,0,0.0674,0.8273
5105-28241-0005,8230,0,-0.0002,0.8718
5105-28241-0005,8455,0,0.2057,0.8193
5105-28241-0005,908,0,-0.0752,0.8801
5142-33396-0012,121,0,0.0028,0.7055
5142-33396-0012,1221,0,0.1166,0.6482
5142-33396-0012,1284,0,0.143,0.864
5142-33396-0012,1580,0,0.1749,0.7284
5142-33396-0012,1995,0,0.2925,0.7724
5142-33396-0012,2094,0,0.0554,0.7127
5142-33396-0012,237,0,0.031,0.6288
5142-33396-0012,2961,0,0.1311,0.7097
5142-33396-0012,3570,0,0.1217,0.5613
5142-33396-0012,3575,0,0.0448,0.4818
5142-33396-0012,3729,0,0.0789,0.6786
5142-33396-0012,4446,0,-0.0147,0.7616
5142-33396-0012,4507,0,0.1429,0.5852
5142-33396-0012,4970,0,-0.0503,0.4702
5142-33396-0012,4992,0,0.1466,0.7004
5142-33396-0012,5142,1,0.0645,0.5989
5142-33396-0012,5683,0,0.0804,0.6213
5142-33396-0012,6829,0,0.0374,0.6075
5142-33396-0012,8463,0,0.0275,0.709
5142-33396-0012,8555,0,0.098,0.5151
5142-33396-0015,121,0,-0.0272,0.7616
5142-33396-0015,1221,0,0.0931,0.6654
5142-33396-0015,1284,0,0.1314,0.8711
5142-33396-0015,1580,0,0.0815,0.7895
5142-33396-0015,1995,0,0.063,0.7674
5142-33396-0015,2094,0,-0.0141,0.7564
5142-33396-0015,237,0,0.0103,0.642
5142-33396-0015,2961,0,0.2059,0.7295
5142-33396-0015,3570,0,0.0641,0.6112
5142-33396-0015,3575,0,0.0715,0.5546
5142-33396-0015,3729,0,0.1683,0.7238
5142-33396-0015,4446,0,-0.0414,0.7744
5142-33396-0015,4507,0,0.1735,0.6443
5142-33396-0015,4970,0,-0.0272,0.4788
5142-33396-0015,4992,0,0.2006,0.709
5142-33396-0015,5142,1,0.127,0.5832
5142-33396-0015,5683,0,0.0389,0.6831
5142-33396-0015,6829,0,0.0497,0.6332
5142-33396-0015,8463,0,0.0606,0.6925
5142-33396-0015,8555,0,0.0889,0.5271
5142-33396-0019,121,0,-0.0181,0.7329
5142-33396-0019,1221,0,0.0739,0.6559
5142-33396-0019,1284,0,0.1708,0.8662
5142-33396-0019,1580,0,0.1174,0.7313
5142-33396-0019,1995,0,0.245,0.8084
5142-33396-0019,2094,0,0.0304,0.7442
5142-33396-0019,237,0,-0.0241,0.6575
5142-33396-0019,2961,0,0.1263,0.7268
5142-33396-0019,3570,0,0.0723,0.5791
5142-33396-0019,3575,0,0.0612,0.4831
5142-33396-0019,3729,0,0.1115,0.7052
5142-33396-0019,4446,0,-0.0184,0.7766
5142-33396-0019,4507,0,0.0873,0.6088
5142-33396-0019,4970,0,-0.0243,0.4489
5142-33396-0019,4992,0,0.218,0.7233
5142-33396-0019,5142,1,0.0707,0.6073
5142-33396-0019,5683,0,0.0362,0.622
5142-33396-0019,6829,0,0.0497,0.6305
5142-33396-0019,8463,0,0.1151,0.7097
5142-33396-0019,8555,0,0.0732,0.519
5142-33396-0024,121,0,-0.1015,0.709
5142-33396-0024,1221,0,0.0163,0.6877
5142-33396-0024,1284,0,0.0632,0.8869
5142-33396-0024,1580,0,0.1307,0.7506
5142-33396-0024,1995,0,0.0512,0.7282
5142-33396-0024,2094,0,0.0777,0.7501
5142-33396-0024,237,0,-0.0198,0.6386
5142-33396-0024,2961,0,0.2311,0.6675
5142-33396-0024,3570,0,0.0978,0.5546
5142-33396-0024,3575,0,0.0379,0.4682
5142-33396-0024,3729,0,0.0533,0.7237
5142-33396-0024,4446,0,-0.0186,0.8082
5142-33396-0024,4507,0,0.1419,0.6395
5142-33396-0024,4970,0,-0.0352,0.4787
5142-33396-0024,4992,0,0.1808,0.716
5142-33396-0024,5142,1,0.1328,0.6312
5142-33396-0024,5683,0,0.0236,0.6305
5142-33396-0024,6829,0,0.0155,0.6583
5142-33396-0024,8463,0,0.1064,0.7142
5142-33396-0024,8555,0,0.0285,0.5072
5142-33396-0032,121,0,-0.0007,0.771
5142-33396-0032,1221,0,0.1286,0.664
5142-33396-0032,1284,0,0.0838,0.8658
5142-33396-0032,1580,0,0.0788,0.7719
5142-33396-0032,1995,0,0.1726,0.7644
5142-33396-0032,2094,0,0.0312,0.7517
5142-33396-0032,237,0,-0.0189,0.6466
5142-33396-0032,2961,0,0.1603,0.7624
5142-33396-0032,3570,0,0.1033,0.635
5142-33396-0032,3575,0,0.0473,0.548
5142-33396-0032,3729,0,0.1036,0.735
5142-33396-0032,4446,0,-0.0816,0.7737
5142-33396-0032,4507,0,0.0831,0.6542
5142-33396-0032,4970,0,-0.039,0.4828
5142-33396-0032,4992,0,0.1812,0.7053
5142-33396-0032,5142,1,0.1181,0.5797
5142-33396-0032,5683,0,0.0951,0.6656
5142-33396-0032,6829,0,-0.0185,0.6448
5142-33396-0032,8463,0,0.0131,0.705
5142-33396-0032,8555,0,0.0613,0.5127
5142-33396-0054,121,0,-0.0118,0.7569
5142-33396-0054,1221,0,0.1742,0.6386
5142-33396-0054,1284,0,0.1978,0.8487
5142-33396-0054,1580,0,0.0843,0.7398
5142-33396-0054,1995,0,0.2094,0.7754
5142-33396-0054,2094,0,0.0845,0.748
5142-33396-0054,237,0,0.0517,0.6366
5142-33396-0054,2961,0,0.1402,0.7651
5142-33396-0054,3570,0,0.0915,0.6132
5142-33396-0054,3575,0,0.0325,0.5083
5142-33396-0054,3729,0,0.176,0.7128
5142-33396-0054,4446,0,0.0264,0.7614
5142-33396-0054,4507,0,0.0999,0.6319
5142-33396-0054,4970,0,-0.0642,0.4472
5142-33396-0054,4992,0,0.1877,0.7006
5142-33396-0054,5142,1,0.0971,0.5787
5142-33396-0054,5683,0,0.1076,0.6125
5142-33396-0054,6829,0,0.0209,0.6398
5142-33396-0054,8463,0,0.0573,0.7047
5142-33396-0054,8555,0,0.0101,0.4896
5142-36377-0001,121,0,0.0139,0.8008
5142-36377-0001,1221,0,0.1582,0.6226
5142-36377-0001,1284,0,0.1336,0.8241
5142-36377-0001,1580,0,0.1683,0.7512
5142-36377-0001,1995,0,0.1936,0.77
5142-36377-0001,2094,0,-0.0005,0.7239
5142-36377-0001,237,0,0.0384,0.6542
5142-36377-0001,2961,0,0.1828,0.8377
5142-36377-0001,3570,0,0.1508,0.7117
5142-36377-0001,3575,0,0.0074,0.5475
5142-36377-0001,3729,0,0.0711,0.7257
5142-36377-0001,4446,0,-0.0495,0.736
5142-36377-0001,4507,0,0.1612,0.6522
5142-36377-0001,4970,0,-0.0399,0.4419
5142-36377-0001,4992,0,0.12,0.6732
5142-36377-0001,5142,1,0.1022,0.5254
5142-36377-0001,5683,0,0.0855,0.6246
5142-36377-0001,6829,0,0.0627,0.612
5142-36377-0001,8463,0,0.0474,0.6663
5142-36377-0001,8555,0,0.0155,0.4912
5142-36377-0006,121,0,0.012,0.6949
5142-36377-0006,1221,0,0.0752,0.5827
5142-36377-0006,1284,0,0.0653,0.8184
5142-36377-0006,1580,0,0.0825,0.6878
5142-36377-0006,1995,0,0.1567,0.7389
5142-36377-0006,2094,0,-0.0233,0.6847
5142-36377-0006,237,0,0.0664,0.5925
5142-36377-0006,2961,0,0.1286,0.6975
5142-36377-0006,3570,0,0.1103,0.5674
5142-36377-0006,3575,0,0.0176,0.462
5142-36377-0006,3729,0,0.0856,0.6399
5142-36377-0006,4446,0,-0.0737,0.7061
5142-36377-0006,4507,0,0.119,0.5729
5142-36377-0006,4970,0,0.0328,0.4046
5142-36377-0006,4992,0,0.1453,0.6331
5142-36377-0006,5142,1,0.1089,0.5245
5142-36377-0006,5683,0,0.0542,0.5668
5142-36377-0006,6829,0,0.0842,0.5675
5142-36377-0006,8463,0,-0.0026,0.6228
5142-36377-0006,8555,0,0.0097,0.4528
5142-36377-0018,121,0,-0.0152,0.6817
5142-36377-0018,1221,0,0.047,0.6147
5142-36377-0018,1284,0,0.1265,0.8345
5142-36377-0018,1580,0,0.133,0.6873
5142-36377-0018,1995,0,0.2042,0.7149
5142-36377-0018,2094,0,0.0519,0.7171
5142-36377-0018,237,0,-0.008,0.5702
5142-36377-0018,2961,0,0.1504,0.656
5142-36377-0018,3570,0,0.1471,0.5222
5142-36377-0018,3575,0,0.0111,0.4909
5142-36377-0018,3729,0,0.1124,0.668
5142-36377-0018,4446,0,0.0049,0.7247
5142-36377-0018,4507,0,0.1401,0.5776
5142-36377-0018,4970,0,0.0263,0.4629
5142-36377-0018,4992,0,0.165,0.6628
5142-36377-0018,5142,1,0.1068,0.5682
5142-36377-0018,5683,0,0.0813,0.6016
5142-36377-0018,6829,0,0.072,0.612
5142-36377-0018,8463,0,0.0338,0.6735
5142-36377-0018,8555,0,0.0758,0.461
5142-36377-0023,121,0,-0.029,0.7779
5142-36377-0023,1221,0,0.0739,0.6621
5142-36377-0023,1284,0,0.0655,0.8582
5142-36377-0023,1580,0,0.0997,0.7929
5142-36377-0023,1995,0,0.1347,0.7452
5142-36377-0023,2094,0,0.0694,0.7683
5142-36377-0023,237,0,0.0668,0.6518
5142-36377-0023,2961,0,0.1747,0.7735
5142-36377-0023,3570,0,0.0462,0.6499
5142-36377-0023,3575,0,-0.012,0.5381
5142-36377-0023,3729,0,0.072,0.7417
5142-36377-0023,4446,0,-0.0277,0.7784
5142-36377-0023,4507,0,0.0731,0.6771
5142-36377-0023,4970,0,0.0169,0.4584
5142-36377-0023,4992,0,0.1371,0.701
5142-36377-0023,5142,1,0.091,0.5668
5142-36377-0023,5683,0,0.1105,0.658
5142-36377-0023,6829,0,0.062,0.6621
5142-36377-0023,8463,0,0.0045,0.6788
5142-36377-0023,8555,0,0.0724,0.4951
5639-40744-0002,1089,0,0.1443,0.7892
5639-40744-0002,1188,0,0.1344,0.7943
5639-40744-0002,1320,0,0.1315,0.6913
5639-40744-0002,2300,0,0.1709,0.4866
5639-40744-0002,260,0,0.0724,0.8413
5639-40744-0002,2830,0,0.1152,0.7301
5639-40744-0002,4077,0,0.1848,0.7913
5639-40744-0002,5105,0,0.0694,0.7218
5639-40744-0002,5639,1,0.2718,0.9218
5639-40744-0002,61,0,0.0888,0.8028
5639-40744-0002,672,0,0.1792,0.8569
5639-40744-0002,6930,0,-0.0145,0.7563
5639-40744-0002,7021,0,0.0728,0.6503
5639-40744-0002,7127,0,0.1961,0.6428
5639-40744-0002,7176,0,-0.0766,0.7978
5639-40744-0002,7729,0,0.2257,0.8121
5639-40744-0002,8224,0,0.0884,0.8053
5639-40744-0002,8230,0,0.0199,0.7914
5639-40744-0002,8455,0,0.1827,0.7044
5639-40744-0002,908,0,-0.0877,0.8377
5639-40744-0007,1089,0,0.217,0.8094
5639-40744-0007,1188,0,0.2016,0.8055
5639-40744-0007,1320,0,0.153,0.6944
5639-40744-0007,2300,0,0.1145,0.4407
5639-40744-0007,260,0,0.1713,0.8477
5639-40744-0007,2830,0,0.1609,0.7521
5639-40744-0007,4077,0,0.1127,0.7462
5639-40744-0007,5105,0,-0.0255,0.7213
5639-40744-0007,5639,1,0.2322,0.9051
5639-40744-0007,61,0,0.0505,0.7832
5639-40744-0007,672,0,0.2384,0.866
5639-40744-0007,6930,0,0.0153,0.7699
5639-40744-0007,7021,0,0.0416,0.651
5639-40744-0007,7127,0,0.1462,0.6324
5639-40744-0007,7176,0,-0.1154,0.7861
5639-40744-0007,7729,0,0.0924,0.7471
5639-40744-0007,8224,0,0.0661,0.7803
5639-40744-0007,8230,0,0.0381,0.827
5639-40744-0007,8455,0,0.1815,0.7025
5639-40744-0007,908,0,-0.0748,0.8266
5639-40744-0012,1089,0,0.2056,0.7785
5639-40744-0012,1188,0,0.1668,0.802
5639-40744-0012,1320,0,0.202,0.6789
5639-40744-0012,2300,0,0.2022,0.4214
5639-40744-0012,260,0,0.1029,0.8587
5639-40744-0012,2830,0,0.1646,0.7701
5639-40744-0012,4077,0,0.0656,0.734
5639-40744-0012,5105,0,0.0167,0.7133
5639-40744-0012,5639,1,0.293,0.906
5639-40744-0012,61,0,0.0886,0.8021
5639-40744-0012,672,0,0.2647,0.8633
5639-40744-0012,6930,0,-0.0198,0.7827
5639-40744-0012,7021,0,0.0378,0.628
5639-40744-0012,7127,0,0.2553,0.612
5639-40744-0012,7176,0,-0.0653,0.8027
5639-40744-0012,7729,0,0.1965,0.7329
5639-40744-0012,8224,0,0.1363,0.8131
5639-40744-0012,8230,0,0.0929,0.8228
5639-40744-0012,8455,0,0.1036,0.691
5639-40744-0012,908,0,-0.0457,0.8125
5639-40744-0013,1089,0,0.1299,0.7249
5639-40744-0013,1188,0,0.1773,0.7245
5639-40744-0013,1320,0,0.0819,0.6061
5639-40744-0013,2300,0,0.1491,0.3782
5639-40744-0013,260,0,0.0642,0.7463
5639-40744-0013,2830,0,0.1373,0.6672
5639-40744-0013,4077,0,-0.0033,0.642
5639-40744-0013,5105,0,0.0598,0.6467
5639-40744-0013,5639,1,0.2092,0.8727
5639-40744-0013,61,0,-0.0051,0.689
5639-40744-0013,672,0,0.2112,0.8134
5639-40744-0013,6930,0,-0.0598,0.6735
5639-40744-0013,7021,0,0.0642,0.5762
5639-40744-0013,7127,0,0.2415,0.5306
5639-40744-0013,7176,0,-0.1853,0.6648
5639-40744-0013,7729,0,0.0815,0.6641
5639-40744-0013,8224,0,0.0737,0.823
5639-40744-0013,8230,0,0.0496,0.7283
5639-40744-0013,8455,0,0.1645,0.5994
5639-40744-0013,908,0,-0.145,0.7486
5639-40744-0014,1089,0,0.2425,0.8081
5639-40744-0014,1188,0,0.1993,0.8448
5639-40744-0014,1320,0,0.1831,0.7318
5639-40744-0014,2300,0,0.2122,0.52
5639-40744-0014,260,0,0.1187,0.8829
5639-40744-0014,2830,0,0.2427,0.7958
5639-40744-0014,4077,0,0.0646,0.7846
5639-40744-0014,5105,0,0.0453,0.7706
5639-40744-0014,5639,1,0.2225,0.9219
5639-40744-0014,61,0,0.1083,0.8415
5639-40744-0014,672,0,0.2418,0.8825
5639-40744-0014,6930,0,0.0466,0.8028
5639-40744-0014,7021,0,0.0573,0.6946
5639-40744-0014,7127,0,0.2101,0.6709
5639-40744-0014,7176,0,-0.052,0.8223
5639-40744-0014,7729,0,0.1397,0.8167
5639-40744-0014,8224,0,0.0699,0.8266
5639-40744-0014,8230,0,0.1077,0.8405
5639-40744-0014,8455,0,0.1649,0.7398
5639-40744-0014,908,0,-0.0505,0.8403
5639-40744-0017,1089,0,0.1938,0.6509
5639-40744-0017,1188,0,0.1262,0.6609
5639-40744-0017,1320,0,0.1082,0.5364
5639-40744-0017,2300,0,0.1691,0.2918
5639-40744-0017,260,0,0.0774,0.6825
5639-40744-0017,2830,0,0.1741,0.6288
5639-40744-0017,4077,0,0.0405,0.5681
5639-40744-0017,5105,0,-0.0132,0.5846
5639-40744-0017,5639,1,0.3435,0.843
5639-40744-0017,61,0,0.0879,0.6243
5639-40744-0017,672,0,0.2309,0.7512
5639-40744-0017,6930,0,-0.056,0.6228
5639-40744-0017,7021,0,0.0126,0.5077
5639-40744-0017,7127,0,0.1679,0.4686
5639-40744-0017,7176,0,-0.0617,0.6036
5639-40744-0017,7729,0,0.1822,0.5905
5639-40744-0017,8224,0,0.0062,0.7872
5639-40744-0017,8230,0,0.1374,0.6701
5639-40744-0017,8455,0,0.0937,0.5223
5639-40744-0017,908,0,-0.0865,0.6876
5639-40744-0024,1089,0,0.2254,0.8496
5639-40744-0024,1188,0,0.1799,0.8334
5639-40744-0024,1320,0,0.1539,0.7365
5639-40744-0024,2300,0,0.172,0.5184
5639-40744-0024,260,0,0.0208,0.8436
5639-40744-0024,2830,0,0.1843,0.7754
5639-40744-0024,4077,0,-0.0117,0.7904
5639-40744-0024,5105,0,0.0937,0.7881
5639-40744-0024,5639,1,0.3408,0.9496
5639-40744-0024,61,0,0.016,0.8265
5639-40744-0024,672,0,0.2335,0.8984
5639-40744-0024,6930,0,-0.0858,0.7372
5639-40744-0024,7021,0,0.0956,0.7226
5639-40744-0024,7127,0,0.1906,0.6959
5639-40744-0024,7176,0,-0.0553,0.7957
5639-40744-0024,7729,0,0.2521,0.8414
5639-40744-0024,8224,0,0.0328,0.8265
5639-40744-0024,8230,0,0.0757,0.8354
5639-40744-0024,8455,0,0.0197,0.6878
5639-40744-0024,908,0,-0.0636,0.8669
5639-40744-0029,1089,0,0.159,0.7158
5639-40744-0029,1188,0,0.1337,0.7526
5639-40744-0029,1320,0,0.141,0.6171
5639-40744-0029,2300,0,0.1644,0.3518
5639-40744-0029,260,0,0.0967,0.7885
5639-40744-0029,2830,0,0.1586,0.7293
5639-40744-0029,4077,0,0.1325,0.6232
5639-40744-0029,5105,0,0.0239,0.663
5639-40744-0029,5639,1,0.1826,0.8584
5639-40744-0029,61,0,0.0799,0.7365
5639-40744-0029,672,0,0.3156,0.8167
5639-40744-0029,6930,0,-0.0029,0.7428
5639-40744-0029,7021,0,0.0064,0.5707
5639-40744-0029,7127,0,0.0872,0.5272
5639-40744-0029,7176,0,-0.1009,0.7278
5639-40744-0029,7729,0,0.1576,0.6349
5639-40744-0029,8224,0,0.0689,0.8327
5639-40744-0029,8230,0,0.0904,0.7829
5639-40744-0029,8455,0,0.1278,0.6222
5639-40744-0029,908,0,-0.0617,0.7426
5639-40744-0034,1089,0,0.1238,0.7813
5639-40744-0034,1188,0,0.136,0.8219
5639-40744-0034,1320,0,0.0668,0.681
5639-40744-0034,2300,0,0.0765,0.4179
5639-40744-0034,260,0,0.0026,0.8413
5639-40744-0034,2830,0,0.1623,0.7931
5639-40744-0034,4077,0,0.003,0.7125
5639-40744-0034,5105,0,0.0194,0.7268
5639-40744-0034,5639,1,0.195,0.9203
5639-40744-0034,61,0,-0.0007,0.7833
5639-40744-0034,672,0,0.2051,0.8573
5639-40744-0034,6930,0,-0.1042,0.7508
5639-40744-0034,7021,0,-0.0018,0.6422
5639-40744-0034,7127,0,0.1529,0.6281
5639-40744-0034,7176,0,-0.1035,0.7811
5639-40744-0034,7729,0,0.1042,0.7479
5639-40744-0034,8224,0,0.05,0.8178
5639-40744-0034,8230,0,0.0558,0.8264
5639-40744-0034,8455,0,0.0989,0.6599
5639-40744-0034,908,0,-0.0906,0.8013
5639-40744-0040,1089,0,0.205,0.8239
5639-40744-0040,1188,0,0.1855,0.8372
5639-40744-0040,1320,0,0.1704,0.7144
5639-40744-0040,2300,0,0.1687,0.438
5639-40744-0040,260,0,0.0721,0.8724
5639-40744-0040,2830,0,0.2546,0.8237
5639-40744-0040,4077,0,0.0325,0.7539
5639-40744-0040,5105,0,0.0706,0.7647
5639-40744-0040,5639,1,0.3069,0.9295
5639-40744-0040,61,0,0.0233,0.8258
5639-40744-0040,672,0,0.2325,0.8786
5639-40744-0040,6930,0,-0.0054,0.7811
5639-40744-0040,7021,0,0.0726,0.6795
5639-40744-0040,7127,0,0.2401,0.6705
5639-40744-0040,7176,0,-0.0583,0.818
5639-40744-0040,7729,0,0.1774,0.7867
5639-40744-0040,8224,0,-0.0423,0.7671
5639-40744-0040,8230,0,0.1058,0.8647
5639-40744-0040,8455,0,0.054,0.678
5639-40744-0040,908,0,-0.089,0.8382
5683-32865-0010,121,0,-0.0865,0.8267
5683-32865-0010,1221,0,0.0605,0.654
5683-32865-0010,1284,0,0.0565,0.8347
5683-32865-0010,1580,0,0.071,0.7697
5683-32865-0010,1995,0,0.1575,0.8096
5683-32865-0010,2094,0,0.0571,0.7814
5683-32865-0010,237,0,0.0304,0.6805
5683-32865-0010,2961,0,0.1984,0.8484
5683-32865-0010,3570,0,0.0521,0.694
5683-32865-0010,3575,0,0.0203,0.5452
5683-32865-0010,3729,0,0.1734,0.7533
5683-32865-0010,4446,0,-0.0849,0.7659
5683-32865-0010,4507,0,0.1269,0.657
5683-32865-0010,4970,0,-0.113,0.4281
5683-32865-0010,4992,0,0.094,0.7264
5683-32865-0010,5142,0,0.0544,0.5498
5683-32865-0010,5683,1,0.1661,0.6412
5683-32865-0010,6829,0,0.0081,0.6461
5683-32865-0010,8463,0,0.0202,0.7176
5683-32865-0010,8555,0,0.0321,0.4926
5683-32866-0006,121,0,0.0435,0.7792
5683-32866-0006,1221,0,0.1107,0.6157
5683-32866-0006,1284,0,0.03,0.8299
5683-32866-0006,1580,0,0.1715,0.7511
5683-32866-0006,1995,0,0.2197,0.7664
5683-32866-0006,2094,0,0.0789,0.7454
5683-32866-0006,237,0,0.0462,0.6364
5683-32866-0006,2961,0,0.1743,0.7621
5683-32866-0006,3570,0,0.115,0.6457
5683-32866-0006,3575,0,0.0956,0.5744
5683-32866-0006,3729,0,0.0884,0.7007
5683-32866-0006,4446,0,-0.077,0.7292
5683-32866-0006,4507,0,0.0752,0.6283
5683-32866-0006,4970,0,0.0285,0.4511
5683-32866-0006,4992,0,0.1459,0.6722
5683-32866-0006,5142,0,0.049,0.5258
5683-32866-0006,5683,1,0.1826,0.6365
5683-32866-0006,6829,0,0.0008,0.5998
5683-32866-0006,8463,0,0.0144,0.6667
5683-32866-0006,8555,0,0.0127,0.4893
5683-32866-0012,121,0,0.0121,0.8442
5683-32866-0012,1221,0,0.0321,0.6716
5683-32866-0012,1284,0,0.0043,0.8433
5683-32866-0012,1580,0,0.0122,0.7763
5683-32866-0012,1995,0,0.0963,0.7939
5683-32866-0012,2094,0,0.0343,0.775
5683-32866-0012,237,0,-0.0659,0.6796
5683-32866-0012,2961,0,0.1841,0.8479
5683-32866-0012,3570,0,0.0094,0.7206
5683-32866-0012,3575,0,-0.0038,0.565
5683-32866-0012,3729,0,0.115,0.7825
5683-32866-0012,4446,0,-0.0658,0.7782
5683-32866-0012,4507,0,0.0837,0.6911
5683-32866-0012,4970,0,-0.0821,0.4612
5683-32866-0012,4992,0,0.1598,0.7278
5683-32866-0012,5142,0,0.0817,0.5697
5683-32866-0012,5683,1,0.0892,0.6673
5683-32866-0012,6829,0,0.0019,0.655
5683-32866-0012,8463,0,0.0393,0.7245
5683-32866-0012,8555,0,-0.0405,0.5163
5683-32866-0016,121,0,-0.0298,0.7819
5683-32866-0016,1221,0,0.0007,0.6025
5683-32866-0016,1284,0,0.0372,0.7884
5683-32866-0016,1580,0,0.0331,0.7197
5683-32866-0016,1995,0,0.0993,0.7477
5683-32866-0016,2094,0,-0.0104,0.687
5683-32866-0016,237,0,-0.03,0.6142
5683-32866-0016,2961,0,0.1116,0.831
5683-32866-0016,3570,0,0.0602,0.6909
5683-32866-0016,3575,0,0.0161,0.5127
5683-32866-0016,3729,0,0.0332,0.7136
5683-32866-0016,4446,0,-0.0247,0.7152
5683-32866-0016,4507,0,0.1084,0.6348
5683-32866-0016,4970,0,-0.0521,0.4191
5683-32866-0016,4992,0,0.158,0.657
5683-32866-0016,5142,0,0.1095,0.5181
5683-32866-0016,5683,1,0.0749,0.6074
5683-32866-0016,6829,0,-0.0405,0.5873
5683-32866-0016,8463,0,-0.029,0.6525
5683-32866-0016,8555,0,0.001,0.4856
5683-32866-0024,121,0,-0.0444,0.7875
5683-32866-0024,1221,0,0.0927,0.6213
5683-32866-0024,1284,0,0.0194,0.8214
5683-32866-0024,1580,0,0.1094,0.7398
5683-32866-0024,1995,0,0.0587,0.747
5683-32866-0024,2094,0,0.0394,0.7139
5683-32866-0024,237,0,-0.0301,0.6304
5683-32866-0024,2961,0,0.168,0.8189
5683-32866-0024,3570,0,0.0998,0.6816
5683-32866-0024,3575,0,-0.0313,0.525
5683-32866-0024,3729,0,0.201,0.7286
5683-32866-0024,4446,0,-0.055,0.7365
5683-32866-0024,4507,0,0.1916,0.6467
5683-32866-0024,4970,0,-0.1161,0.4354
5683-32866-0024,4992,0,0.1459,0.6691
5683-32866-0024,5142,0,0.0483,0.5335
5683-32866-0024,5683,1,0.0969,0.6286
5683-32866-0024,6829,0,0.0131,0.6109
5683-32866-0024,8463,0,0.0104,0.6641
5683-32866-0024,8555,0,0.0302,0.4838
5683-32879-0004,121,0,0.0399,0.7854
5683-32879-0004,1221,0,0.1253,0.6324
5683-32879-0004,1284,0,0.0501,0.843
5683-32879-0004,1580,0,0.1129,0.7451
5683-32879-0004,1995,0,0.1274,0.7858
5683-32879-0004,2094,0,0.0007,0.7434
5683-32879-0004,237,0,-0.0445,0.6443
5683-32879-0004,2961,0,0.1586,0.7729
5683-32879-0004,3570,0,0.0914,0.653
5683-32879-0004,3575,0,-0.0431,0.5329
5683-32879-0004,3729,0,0.1173,0.7186
5683-32879-0004,4446,0,-0.009,0.7499
5683-32879-0004,4507,0,0.1226,0.6309
5683-32879-0004,4970,0,-0.0894,0.4266
5683-32879-0004,4992,0,0.1603,0.6928
5683-32879-0004,5142,0,0.0651,0.5365
5683-32879-0004,5683,1,0.0384,0.6284
5683-32879-0004,6829,0,-0.0591,0.6105
5683-32879-0004,8463,0,0.0333,0.6736
5683-32879-0004,8555,0,0.0384,0.4864
5683-32879-0006,121,0,0.094,0.807
5683-32879-0006,1221,0,0.0857,0.6653
5683-32879-0006,1284,0,0.0429,0.8644
5683-32879-0006,1580,0,0.0991,0.7978
5683-32879-0006,1995,0,0.1143,0.7878
5683-32879-0006,2094,0,-0.013,0.7628
5683-32879-0006,237,0,0.0602,0.6842
5683-32879-0006,2961,0,0.1506,0.78
5683-32879-0006,3570,0,0.0767,0.686
5683-32879-0006,3575,0,0.0574,0.5906
5683-32879-0006,3729,0,0.188,0.7469
5683-32879-0006,4446,0,0.0068,0.7793
5683-32879-0006,4507,0,0.0838,0.6694
5683-32879-0006,4970,0,-0.0715,0.4822
5683-32879-0006,4992,0,0.1179,0.7082
5683-32879-0006,5142,0,0.049,0.5582
5683-32879-0006,5683,1,0.0805,0.6873
5683-32879-0006,6829,0,-0.0126,0.6321
5683-32879-0006,8463,0,0.0018,0.6801
5683-32879-0006,8555,0,0.0081,0.5313
5683-32879-0007,121,0,0.03,0.8163
5683-32879-0007,1221,0,0.1322,0.7046
5683-32879-0007,1284,0,-0.0096,0.8783
5683-32879-0007,1580,0,-0.0097,0.7792
5683-32879-0007,1995,0,0.0978,0.8322
5683-32879-0007,2094,0,0.0513,0.8002
5683-32879-0007,237,0,0.0432,0.7042
5683-32879-0007,2961,0,0.1716,0.7913
5683-32879-0007,3570,0,0.0894,0.6669
5683-32879-0007,3575,0,-0.0153,0.5577
5683-32879-0007,3729,0,0.1196,0.7846
5683-32879-0007,4446,0,-0.0213,0.8153
5683-32879-0007,4507,0,0.1042,0.6824
5683-32879-0007,4970,0,-0.1054,0.4973
5683-32879-0007,4992,0,0.1339,0.7685
5683-32879-0007,5142,0,0.0855,0.6403
5683-32879-0007,5683,1,0.143,0.6864
5683-32879-0007,6829,0,-0.0389,0.6774
5683-32879-0007,8463,0,0.0352,0.7707
5683-32879-0007,8555,0,0.0702,0.5666
5683-32879-0012,121,0,0.1024,0.8511
5683-32879-0012,1221,0,0.1136,0.6259
5683-32879-0012,1284,0,0.1302,0.7548
5683-32879-0012,1580,0,0.1466,0.7175
5683-32879-0012,1995,0,0.1298,0.8249
5683-32879-0012,2094,0,-0.028,0.7297
5683-32879-0012,237,0,0.1242,0.6704
5683-32879-0012,2961,0,0.193,0.8801
5683-32879-0012,3570,0,0.1198,0.7487
5683-32879-0012,3575,0,0.1251,0.5481
5683-32879-0012,3729,0,0.1276,0.7497
5683-32879-0012,4446,0,-0.012,0.7069
5683-32879-0012,4507,0,0.1896,0.668
5683-32879-0012,4970,0,0.0132,0.4152
5683-32879-0012,4992,0,0.1159,0.7188
5683-32879-0012,5142,0,0.028,0.5402
5683-32879-0012,5683,1,0.2438,0.6181
5683-32879-0012,6829,0,0.0537,0.6104
5683-32879-0012,8463,0,0.0921,0.7235
5683-32879-0012,8555,0,0.1186,0.5256
5683-32879-0013,121,0,0.0915,0.7643
5683-32879-0013,1221,0,0.0496,0.6498
5683-32879-0013,1284,0,0.0614,0.8699
5683-32879-0013,1580,0,0.1174,0.788
5683-32879-0013,1995,0,0.0866,0.7678
5683-32879-0013,2094,0,-0.0511,0.7434
5683-32879-0013,237,0,0.0451,0.6611
5683-32879-0013,2961,0,0.1321,0.74
5683-32879-0013,3570,0,0.0589,0.6359
5683-32879-0013,3575,0,0.036,0.5553
5683-32879-0013,3729,0,0.1727,0.7113
5683-32879-0013,4446,0,-0.0381,0.7733
5683-32879-0013,4507,0,0.1424,0.6396
5683-32879-0013,4970,0,-0.0375,0.4691
5683-32879-0013,4992,0,0.1183,0.6911
5683-32879-0013,5142,0,0.0565,0.5546
5683-32879-0013,5683,1,0.0842,0.6593
5683-32879-0013,6829,0,-0.0004,0.6156
5683-32879-0013,8463,0,0.0181,0.6737
5683-32879-0013,8555,0,-0.0068,0.5116
61-70968-0017,1089,0,0.3215,0.843
61-70968-0017,1188,0,0.1703,0.8603
61-70968-0017,1320,0,0.2285,0.7316
61-70968-0017,2300,0,0.2151,0.4574
61-70968-0017,260,0,0.1203,0.8909
61-70968-0017,2830,0,0.2289,0.8342
61-70968-0017,4077,0,0.1939,0.7798
61-70968-0017,5105,0,0.1765,0.7713
61-70968-0017,5639,0,0.273,0.9167
61-70968-0017,61,1,0.1746,0.8566
61-70968-0017,672,0,0.2643,0.899
61-70968-0017,6930,0,0.0718,0.7828
61-70968-0017,7021,0,0.1778,0.6849
61-70968-0017,7127,0,0.225,0.6902
61-70968-0017,7176,0,0.0166,0.8617
61-70968-0017,7729,0,0.1842,0.8023
61-70968-0017,8224,0,0.116,0.7776
61-70968-0017,8230,0,0.1863,0.8882
61-70968-0017,8455,0,0.1701,0.7053
61-70968-0017,908,0,0.0082,0.8544
61-70968-0020,1089,0,0.2081,0.8512
61-70968-0020,1188,0,0.0874,0.8732
61-70968-0020,1320,0,0.0906,0.7527
61-70968-0020,2300,0,0.2273,0.4807
61-70968-0020,260,0,0.0794,0.8906
61-70968-0020,2830,0,0.1922,0.8395
61-70968-0020,4077,0,-0.0057,0.7524
61-70968-0020,5105,0,0.0119,0.7769
61-70968-0020,5639,0,0.2415,0.9072
61-70968-0020,61,1,0.1251,0.8358
61-70968-0020,672,0,0.1933,0.8991
61-70968-0020,6930,0,-0.1383,0.8015
61-70968-0020,7021,0,0.0649,0.6949
61-70968-0020,7127,0,0.2733,0.6895
61-70968-0020,7176,0,0.0209,0.8345
61-70968-0020,7729,0,0.1624,0.7819
61-70968-0020,8224,0,0.0549,0.8037
61-70968-0020,8230,0,0.1182,0.8897
61-70968-0020,8455,0,-0.0284,0.7288
61-70968-0020,908,0,-0.0772,0.8424
61-70968-0023,1089,0,0.1711,0.8818
61-70968-0023,1188,0,0.2492,0.8723
61-70968-0023,1320,0,0.1025,0.8005
61-70968-0023,2300,0,0.1598,0.6069
61-70968-0023,260,0,0.1482,0.9149
61-70968-0023,2830,0,0.1726,0.7993
61-70968-0023,4077,0,0.0758,0.8706
61-70968-0023,5105,0,-0.032,0.828
61-70968-0023,5639,0,0.2362,0.9286
61-70968-0023,61,1,0.1562,0.8883
61-70968-0023,672,0,0.1388,0.9212
61-70968-0023,6930,0,0.0206,0.829
61-70968-0023,7021,0,0.05,0.7694
61-70968-0023,7127,0,0.2338,0.7529
61-70968-0023,7176,0,0.0536,0.8861
61-70968-0023,7729,0,0.1904,0.88
61-70968-0023,8224,0,0.0097,0.8053
61-70968-0023,8230,0,0.1098,0.8775
61-70968-0023,8455,0,0.1013,0.8082
61-70968-0023,908,0,-0.0219,0.9013
61-70968-0030,1089,0,0.2361,0.8679
61-70968-0030,1188,0,0.2182,0.8759
61-70968-0030,1320,0,0.0909,0.7665
61-70968-0030,2300,0,0.1097,0.5364
61-70968-0030,260,0,0.1419,0.8928
61-70968-0030,2830,0,0.2379,0.8163
61-70968-0030,4077,0,0.0818,0.828
61-70968-0030,5105,0,0.0594,0.7924
61-70968-0030,5639,0,0.3287,0.9315
61-70968-0030,61,1,0.0811,0.8422
61-70968-0030,672,0,0.1428,0.9116
61-70968-0030,6930,0,0.0023,0.7982
61-70968-0030,7021,0,0.0665,0.7193
61-70968-0030,7127,0,0.1751,0.732
61-70968-0030,7176,0,-0.0589,0.8521
61-70968-0030,7729,0,0.1592,0.8315
61-70968-0030,8224,0,-0.0012,0.8197
61-70968-0030,8230,0,0.1866,0.8772
61-70968-0030,8455,0,0.0702,0.7668
61-70968-0030,908,0,-0.1403,0.8556
61-70968-0041,1089,0,0.265,0.8044
61-70968-0041,1188,0,0.1789,0.8553
61-70968-0041,1320,0,0.1108,0.7042
61-70968-0041,2300,0,0.1889,0.4343
61-70968-0041,260,0,0.0221,0.8722
61-70968-0041,2830,0,0.2322,0.8338
61-70968-0041,4077,0,0.0393,0.7269
61-70968-0041,5105,0,0.0221,0.7459
61-70968-0041,5639,0,0.2561,0.9088
61-70968-0041,61,1,0.1219,0.8142
61-70968-0041,672,0,0.1174,0.8616
61-70968-0041,6930,0,-0.03,0.7674
61-70968-0041,7021,0,-0.0224,0.6632
61-70968-0041,7127,0,0.2322,0.6552
61-70968-0041,7176,0,0.0636,0.8139
61-70968-0041,7729,0,0.2385,0.7728
61-70968-0041,8224,0,0.0668,0.7792
61-70968-0041,8230,0,0.2011,0.8546
61-70968-0041,8455,0,0.0225,0.6734
61-70968-0041,908,0,-0.0405,0.821
61-70968-0043,1089,0,0.1006,0.7863
61-70968-0043,1188,0,0.1379,0.8314
61-70968-0043,1320,0,0.1865,0.6865
61-70968-0043,2300,0,0.2182,0.4477
61-70968-0043,260,0,0.0444,0.8631
61-70968-0043,2830,0,0.1054,0.7977
61-70968-0043,4077,0,0.0647,0.7512
61-70968-0043,5105,0,0.0235,0.7423
61-70968-0043,5639,0,0.2394,0.9289
61-70968-0043,61,1,0.13,0.82
61-70968-0043,672,0,0.2225,0.8595
61-70968-0043,6930,0,-0.0618,0.7522
61-70968-0043,7021,0,0.0223,0.6573
61-70968-0043,7127,0,0.1561,0.6425
61-70968-0043,7176,0,-0.1316,0.8059
61-70968-0043,7729,0,0.1779,0.7894
61-70968-0043,8224,0,0.0761,0.8153
61-70968-0043,8230,0,0.0388,0.8311
61-70968-0043,8455,0,0.0618,0.6665
61-70968-0043,908,0,-0.1522,0.8158
61-70968-0050,1089,0,0.2793,0.8105
61-70968-0050,1188,0,0.227,0.8382
61-70968-0050,1320,0,0.1257,0.689
61-70968-0050,2300,0,0.1769,0.4449
61-70968-0050,260,0,0.1342,0.8793
61-70968-0050,2830,0,0.2343,0.8104
61-70968-0050,4077,0,0.0992,0.7687
61-70968-0050,5105,0,0.0006,0.7311
61-70968-0050,5639,0,0.2462,0.9124
61-70968-0050,61,1,0.1772,0.8589
61-70968-0050,672,0,0.2344,0.861
61-70968-0050,6930,0,-0.0584,0.767
61-70968-0050,7021,0,0.0276,0.645
61-70968-0050,7127,0,0.1549,0.6518
61-70968-0050,7176,0,0.0135,0.8481
61-70968-0050,7729,0,0.2128,0.8118
61-70968-0050,8224,0,0.0708,0.7565
61-70968-0050,8230,0,0.2615,0.8797
61-70968-0050,8455,0,0.1195,0.6881
61-70968-0050,908,0,-0.0893,0.8234
61-70968-0057,1089,0,0.075,0.7755
61-70968-0057,1188,0,0.1293,0.8271
61-70968-0057,1320,0,0.0847,0.6649
61-70968-0057,2300,0,0.2063,0.4085
61-70968-0057,260,0,0.0718,0.8526
61-70968-0057,2830,0,0.1906,0.787
61-70968-0057,4077,0,0.0157,0.7144
61-70968-0057,5105,0,-0.0029,0.7138
61-70968-0057,5639,0,0.1823,0.8964
61-70968-0057,61,1,0.0655,0.8312
61-70968-0057,672,0,0.1586,0.8516
61-70968-0057,6930,0,-0.0451,0.7435
61-70968-0057,7021,0,0.0932,0.6301
61-70968-0057,7127,0,0.1302,0.6032
61-70968-0057,7176,0,-0.0392,0.8446
61-70968-0057,7729,0,0.1847,0.7674
61-70968-0057,8224,0,0.0212,0.7974
61-70968-0057,8230,0,0.1005,0.8562
61-70968-0057,8455,0,0.0708,0.6582
61-70968-0057,908,0,-0.0109,0.8159
61-70970-0000,1089,0,0.1297,0.8698
61-70970-0000,1188,0,0.1726,0.9099
61-70970-0000,1320,0,0.0922,0.8031
61-70970-0000,2300,0,0.1039,0.5617
61-70970-0000,260,0,0.0873,0.9309
61-70970-0000,2830,0,0.2466,0.8859
61-70970-0000,4077,0,0.1155,0.8159
61-70970-0000,5105,0,0.088,0.8241
61-70970-0000,5639,0,0.2046,0.9067
61-70970-0000,61,1,0.1041,0.8626
61-70970-0000,672,0,0.1344,0.9112
61-70970-0000,6930,0,-0.0617,0.8572
61-70970-0000,7021,0,-0.0301,0.7412
61-70970-0000,7127,0,0.1204,0.7646
61-70970-0000,7176,0,-0.0042,0.8648
61-70970-0000,7729,0,0.1873,0.8176
61-70970-0000,8224,0,-0.0695,0.7967
61-70970-0000,8230,0,0.0738,0.9015
61-70970-0000,8455,0,0.0504,0.7979
61-70970-0000,908,0,-0.1398,0.8422
61-70970-0011,1089,0,0.1394,0.8036
61-70970-0011,1188,0,0.1174,0.8345
61-70970-0011,1320,0,0.0575,0.6985
61-70970-0011,2300,0,0.1036,0.4774
61-70970-0011,260,0,0.1885,0.8661
61-70970-0011,2830,0,0.2181,0.8077
61-70970-0011,4077,0,0.0277,0.7771
61-70970-0011,5105,0,0.0731,0.7317
61-70970-0011,5639,0,0.1355,0.9098
61-70970-0011,61,1,0.0559,0.837
61-70970-0011,672,0,0.1498,0.8586
61-70970-0011,6930,0,-0.0243,0.785
61-70970-0011,7021,0,0.0682,0.653
61-70970-0011,7127,0,0.12,0.6644
61-70970-0011,7176,0,-0.0719,0.8259
61-70970-0011,7729,0,0.1682,0.8161
61-70970-0011,8224,0,0.0625,0.7725
61-70970-0011,8230,0,0.086,0.8479
61-70970-0011,8455,0,0.0517,0.7061
61-70970-0011,908,0,0.0232,0.826
672-122797-0003,1089,0,0.22,0.8613
672-122797-0003,1188,0,0.2919,0.8666
672-122797-0003,1320,0,0.09,0.8042
672-122797-0003,2300,0,0.0963,0.5905
672-122797-0003,260,0,0.0405,0.8112
672-122797-0003,2830,0,0.205,0.7748
672-122797-0003,4077,0,0.0583,0.7602
672-122797-0003,5105,0,0.0613,0.8215
672-122797-0003,5639,0,0.2626,0.8771
672-122797-0003,61,0,0.0711,0.7338
672-122797-0003,672,1,0.2253,0.8938
672-122797-0003,6930,0,-0.0852,0.7333
672-122797-0003,7021,0,0.0811,0.7707
672-122797-0003,7127,0,0.1213,0.7601
672-122797-0003,7176,0,-0.0269,0.7288
672-122797-0003,7729,0,0.3187,0.7947
672-122797-0003,8224,0,-0.0086,0.8263
672-122797-0003,8230,0,0.1726,0.7925
672-122797-0003,8455,0,-0.0335,0.7507
672-122797-0003,908,0,-0.0458,0.838
672-122797-0019,1089,0,0.2002,0.8373
672-122797-0019,1188,0,0.1407,0.8861
672-122797-0019,1320,0,0.1321,0.7819
672-122797-0019,2300,0,0.126,0.5216
672-122797-0019,260,0,0.171,0.8683
672-122797-0019,2830,0,0.1985,0.8456
672-122797-0019,4077,0,0.1048,0.7664
672-122797-0019,5105,0,0.1253,0.8181
672-122797-0019,5639,0,0.1212,0.9098
672-122797-0019,61,0,0.056,0.7966
672-122797-0019,672,1,0.165,0.8948
672-122797-0019,6930,0,0.0768,0.7991
672-122797-0019,7021,0,0.0567,0.7182
672-122797-0019,7127,0,0.24,0.7395
672-122797-0019,7176,0,-0.0086,0.808
672-122797-0019,7729,0,0.0479,0.7698
672-122797-0019,8224,0,0.112,0.8573
672-122797-0019,8230,0,0.0597,0.865
672-122797-0019,8455,0,0.1852,0.7545
672-122797-0019,908,0,-0.0934,0.7999
672-122797-0052,1089,0,0.057,0.8237
672-122797-0052,1188,0,0.174,0.8448
672-122797-0052,1320,0,0.155,0.7367
672-122797-0052,2300,0,0.1123,0.4902
672-122797-0052,260,0,0.0705,0.8477
672-122797-0052,2830,0,0.1154,0.7821
672-122797-0052,4077,0,0.002,0.7566
672-122797-0052,5105,0,0.0808,0.7564
672-122797-0052,5639,0,0.209,0.8974
672-122797-0052,61,0,0.0063,0.7686
672-122797-0052,672,1,0.1259,0.8742
672-122797-0052,6930,0,0.0255,0.7791
672-122797-0052,7021,0,0.0768,0.6801
672-122797-0052,7127,0,0.1102,0.6847
672-122797-0052,7176,0,-0.1182,0.7803
672-122797-0052,7729,0,0.1647,0.7774
672-122797-0052,8224,0,0.0744,0.8072
672-122797-0052,8230,0,0.0432,0.8257
672-122797-0052,8455,0,0.1403,0.7382
672-122797-0052,908,0,0.0034,0.8153
672-122797-0054,1089,0,0.1329,0.7517
672-122797-0054,1188,0,0.148,0.8375
672-122797-0054,1320,0,0.0323,0.6703
672-122797-0054,2300,0,0.1817,0.4199
672-122797-0054,260,0,0.0669,0.87
672-122797-0054,2830,0,0.0969,0.8139
672-122797-0054,4077,0,0.0577,0.7128
672-122797-0054,5105,0,-0.0829,0.7229
672-122797-0054,5639,0,0.2185,0.8934
672-122797-0054,61,0,0.0464,0.8227
672-122797-0054,672,1,0.1333,0.8274
672-122797-0054,6930,0,-0.0774,0.7698
672-122797-0054,7021,0,-0.0428,0.6234
672-122797-0054,7127,0,0.1741,0.6193
672-122797-0054,7176,0,-0.0872,0.8226
672-122797-0054,7729,0,0.2137,0.7562
672-122797-0054,8224,0,0.0529,0.8128
672-122797-0054,8230,0,-0.0293,0.8452
672-122797-0054,8455,0,0.033,0.6687
672-122797-0054,908,0,-0.1301,0.7834
672-122797-0055,1089,0,0.2079,0.9012
672-122797-0055,1188,0,0.2566,0.8978
672-122797-0055,1320,0,0.1512,0.8169
672-122797-0055,2300,0,0.1408,0.5862
672-122797-0055,260,0,0.0558,0.9113
672-122797-0055,2830,0,0.2372,0.8523
672-122797-0055,4077,0,0.0898,0.8406
672-122797-0055,5105,0,0.1182,0.8253
672-122797-0055,5639,0,0.2416,0.9066
672-122797-0055,61,0,-0.0382,0.844
672-122797-0055,672,1,0.2592,0.9263
672-122797-0055,6930,0,0.088,0.8383
672-122797-0055,7021,0,0.0924,0.7596
672-122797-0055,7127,0,0.1863,0.7863
672-122797-0055,7176,0,-0.1503,0.8468
672-122797-0055,7729,0,0.105,0.8401
672-122797-0055,8224,0,0.1576,0.776
672-122797-0055,8230,0,0.0645,0.8895
672-122797-0055,8455,0,0.1358,0.8113
672-122797-0055,908,0,-0.0342,0.8703
672-122797-0058,1089,0,0.2271,0.801
672-122797-0058,1188,0,0.1365,0.771
672-122797-0058,1320,0,0.0664,0.7037
672-122797-0058,2300,0,0.1873,0.5116
672-122797-0058,260,0,0.1135,0.7825
672-122797-0058,2830,0,0.209,0.7014
672-122797-0058,4077,0,0.1319,0.7961
672-122797-0058,5105,0,0.043,0.7479
672-122797-0058,5639,0,0.3172,0.9454
672-122797-0058,61,0,0.0997,0.7385
672-122797-0058,672,1,0.2001,0.8539
672-122797-0058,6930,0,-0.0208,0.6856
672-122797-0058,7021,0,0.0942,0.6814
672-122797-0058,7127,0,0.2179,0.6916
672-122797-0058,7176,0,0.0537,0.7293
672-122797-0058,7729,0,0.2816,0.8051
672-122797-0058,8224,0,0.0304,0.818
672-122797-0058,8230,0,0.1754,0.7452
672-122797-0058,8455,0,0.0845,0.6596
672-122797-0058,908,0,-0.0704,0.811
672-122797-0061,1089,0,0.166,0.808
672-122797-0061,1188,0,0.1474,0.8294
672-122797-0061,1320,0,0.1412,0.6948
672-122797-0061,2300,0,0.1721,0.4375
672-122797-0061,260,0,0.0556,0.8563
672-122797-0061,2830,0,0.1759,0.7999
672-122797-0061,4077,0,0.1135,0.7575
672-122797-0061,5105,0,0.0089,0.7442
672-122797-0061,5639,0,0.2887,0.931
672-122797-0061,61,0,0.067,0.8381
672-122797-0061,672,1,0.1791,0.8749
672-122797-0061,6930,0,-0.0787,0.7622
672-122797-0061,7021,0,-0.054,0.65
672-122797-0061,7127,0,0.1509,0.6505
672-122797-0061,7176,0,-0.0453,0.8328
672-122797-0061,7729,0,0.2376,0.787
672-122797-0061,8224,0,-0.0734,0.8141
672-122797-0061,8230,0,0.0543,0.8602
672-122797-0061,8455,0,0.0909,0.6761
672-122797-0061,908,0,-0.1038,0.8259
672-122797-0070,1089,0,0.1979,0.804
672-122797-0070,1188,0,0.1777,0.8036
672-122797-0070,1320,0,0.1184,0.7258
672-122797-0070,2300,0,0.1515,0.5276
672-122797-0070,260,0,0.0654,0.836
672-122797-0070,2830,0,0.1578,0.7309
672-122797-0070,4077,0,0.1094,0.7567
672-122797-0070,5105,0,0.0199,0.7567
672-122797-0070,5639,0,0.2753,0.903
672-122797-0070,61,0,0.0683,0.7774
672-122797-0070,672,1,0.2547,0.881
672-122797-0070,6930,0,-0.0248,0.7703
672-122797-0070,7021,0,0.085,0.7004
672-122797-0070,7127,0,0.2417,0.6486
672-122797-0070,7176,0,-0.1093,0.7491
672-122797-0070,7729,0,0.1286,0.788
672-122797-0070,8224,0,0.0963,0.8248
672-122797-0070,8230,0,0.0904,0.7838
672-122797-0070,8455,0,0.1633,0.7312
672-122797-0070,908,0,-0.0931,0.8451
672-122797-0072,1089,0,0.1098,0.7315
672-122797-0072,1188,0,0.1089,0.7581
672-122797-0072,1320,0,0.0769,0.6545
672-122797-0072,2300,0,0.2008,0.4961
672-122797-0072,260,0,0.063,0.7833
672-122797-0072,2830,0,0.0683,0.6789
672-122797-0072,4077,0,0.0257,0.7317
672-122797-0072,5105,0,0.0038,0.6822
672-122797-0072,5639,0,0.2022,0.8855
672-122797-0072,61,0,0.0609,0.7192
672-122797-0072,672,1,0.1896,0.8082
672-122797-0072,6930,0,-0.0476,0.6845
672-122797-0072,7021,0,0.0484,0.6289
672-122797-0072,7127,0,0.134,0.6049
672-122797-0072,7176,0,-0.1555,0.6822
672-122797-0072,7729,0,0.1789,0.7634
672-122797-0072,8224,0,0.1096,0.8024
672-122797-0072,8230,0,0.0453,0.7095
672-122797-0072,8455,0,0.0442,0.6639
672-122797-0072,908,0,-0.1459,0.7727
672-122797-0073,1089,0,0.2002,0.7462
672-122797-0073,1188,0,0.1299,0.7615
672-122797-0073,1320,0,0.101,0.6404
672-122797-0073,2300,0,0.159,0.4123
672-122797-0073,260,0,0.1385,0.7919
672-122797-0073,2830,0,0.2298,0.7133
672-122797-0073,4077,0,-0.0151,0.6817
672-122797-0073,5105,0,0.0111,0.6817
672-122797-0073,5639,0,0.2242,0.8955
672-122797-0073,61,0,0.0164,0.7242
672-122797-0073,672,1,0.2219,0.83
672-122797-0073,6930,0,-0.0727,0.7118
672-122797-0073,7021,0,0.0434,0.6132
672-122797-0073,7127,0,0.2021,0.5737
672-122797-0073,7176,0,-0.1841,0.7073
672-122797-0073,7729,0,0.1151,0.705
672-122797-0073,8224,0,-0.003,0.8255
672-122797-0073,8230,0,0.0577,0.7535
672-122797-0073,8455,0,0.0377,0.6306
672-122797-0073,908,0,-0.1381,0.777
6829-68769-0006,121,0,0.0933,0.7727
6829-68769-0006,1221,0,0.08,0.6782
6829-68769-0006,1284,0,0.0669,0.8745
6829-68769-0006,1580,0,0.1037,0.7774
6829-68769-0006,1995,0,0.0459,0.7653
6829-68769-0006,2094,0,-0.1131,0.7517
6829-68769-0006,237,0,-0.0726,0.662
6829-68769-0006,2961,0,0.0991,0.727
6829-68769-0006,3570,0,0.0333,0.631
6829-68769-0006,3575,0,0.0467,0.5353
6829-68769-0006,3729,0,0.0569,0.7509
6829-68769-0006,4446,0,-0.0536,0.7981
6829-68769-0006,4507,0,0.0694,0.6637
6829-68769-0006,4970,0,-0.0401,0.4934
6829-68769-0006,4992,0,0.1558,0.7215
6829-68769-0006,5142,0,0.0399,0.6058
6829-68769-0006,5683,0,0.072,0.6687
6829-68769-0006,6829,1,0.0479,0.6403
6829-68769-0006,8463,0,-0.0001,0.7189
6829-68769-0006,8555,0,0.1255,0.538
6829-68769-0039,121,0,0.0209,0.6452
6829-68769-0039,1221,0,0.1226,0.5743
6829-68769-0039,1284,0,0.0897,0.8043
6829-68769-0039,1580,0,0.0624,0.6667
6829-68769-0039,1995,0,0.0719,0.6827
6829-68769-0039,2094,0,0.1042,0.6622
6829-68769-0039,237,0,0.0108,0.534
6829-68769-0039,2961,0,0.1009,0.6321
6829-68769-0039,3570,0,0.0956,0.501
6829-68769-0039,3575,0,0.0734,0.4422
6829-68769-0039,3729,0,0.0611,0.6304
6829-68769-0039,4446,0,-0.0339,0.6964
6829-68769-0039,4507,0,0.1286,0.5524
6829-68769-0039,4970,0,0.0053,0.4135
6829-68769-0039,4992,0,0.0956,0.618
6829-68769-0039,5142,0,0.0969,0.5412
6829-68769-0039,5683,0,0.0918,0.574
6829-68769-0039,6829,1,0.0051,0.5573
6829-68769-0039,8463,0,0.0084,0.6131
6829-68769-0039,8555,0,0.1419,0.4517
6829-68769-0049,121,0,0.0395,0.8526
6829-68769-0049,1221,0,0.1038,0.6896
6829-68769-0049,1284,0,0.0763,0.8519
6829-68769-0049,1580,0,0.0966,0.8176
6829-68769-0049,1995,0,0.0647,0.8058
6829-68769-0049,2094,0,-0.0478,0.7799
6829-68769-0049,237,0,0.021,0.7111
6829-68769-0049,2961,0,0.1059,0.8278
6829-68769-0049,3570,0,0.0559,0.7386
6829-68769-0049,3575,0,0.01,0.6058
6829-68769-0049,3729,0,0.0704,0.7896
6829-68769-0049,4446,0,-0.0375,0.7932
6829-68769-0049,4507,0,0.0803,0.713
6829-68769-0049,4970,0,-0.0588,0.5013
6829-68769-0049,4992,0,0.1454,0.7435
6829-68769-0049,5142,0,0.0638,0.5944
6829-68769-0049,5683,0,0.1535,0.7096
6829-68769-0049,6829,1,-0.027,0.6552
6829-68769-0049,8463,0,-0.0369,0.7377
6829-68769-0049,8555,0,0.0823,0.572
6829-68771-0005,121,0,0.1425,0.7901
6829-68771-0005,1221,0,0.0655,0.5216
6829-68771-0005,1284,0,0.089,0.6824
6829-68771-0005,1580,0,0.015,0.6252
6829-68771-0005,1995,0,0.1132,0.718
6829-68771-0005,2094,0,-0.1101,0.6216
6829-68771-0005,237,0,-0.0048,0.5893
6829-68771-0005,2961,0,0.0875,0.8727
6829-68771-0005,3570,0,0.1366,0.7426
6829-68771-0005,3575,0,-0.0418,0.4668
6829-68771-0005,3729,0,0.1225,0.6679
6829-68771-0005,4446,0,0.0246,0.6233
6829-68771-0005,4507,0,0.1623,0.5934
6829-68771-0005,4970,0,-0.0332,0.323
6829-68771-0005,4992,0,0.1354,0.5866
6829-68771-0005,5142,0,0.0572,0.4112
6829-68771-0005,5683,0,0.021,0.5038
6829-68771-0005,6829,1,0.0416,0.5155
6829-68771-0005,8463,0,-0.0076,0.5722
6829-68771-0005,8555,0,-0.0005,0.4041
6829-68771-0011,121,0,0.0815,0.8347
6829-68771-0011,1221,0,0.0113,0.7289
6829-68771-0011,1284,0,0.0922,0.907
6829-68771-0011,1580,0,0.0136,0.8429
6829-68771-0011,1995,0,0.1289,0.8565
6829-68771-0011,2094,0,-0.05,0.8083
6829-68771-0011,237,0,0.0326,0.7457
6829-68771-0011,2961,0,0.0934,0.7943
6829-68771-0011,3570,0,0.0736,0.7027
6829-68771-0011,3575,0,0.0741,0.6087
6829-68771-0011,3729,0,0.1131,0.7832
6829-68771-0011,4446,0,-0.0323,0.8329
6829-68771-0011,4507,0,0.0207,0.6981
6829-68771-0011,4970,0,0.0095,0.5157
6829-68771-0011,4992,0,0.1315,0.7803
6829-68771-0011,5142,0,0.0676,0.6232
6829-68771-0011,5683,0,0.047,0.7214
6829-68771-0011,6829,1,0.0121,0.6812
6829-68771-0011,8463,0,0.0438,0.7508
6829-68771-0011,8555,0,0.0116,0.5914
6829-68771-0014,121,0,0.0614,0.7424
6829-68771-0014,1221,0,0.043,0.5267
6829-68771-0014,1284,0,-0.0085,0.7426
6829-68771-0014,1580,0,0.0707,0.6585
6829-68771-0014,1995,0,0.1474,0.7542
6829-68771-0014,2094,0,-0.0205,0.6506
6829-68771-0014,237,0,-0.1235,0.5795
6829-68771-0014,2961,0,0.2021,0.7887
6829-68771-0014,3570,0,0.0928,0.6402
6829-68771-0014,3575,0,-0.0302,0.4877
6829-68771-0014,3729,0,0.0738,0.6285
6829-68771-0014,4446,0,-0.0517,0.6406
6829-68771-0014,4507,0,0.1053,0.5529
6829-68771-0014,4970,0,-0.1223,0.3474
6829-68771-0014,4992,0,0.1844,0.6053
6829-68771-0014,5142,0,0.0771,0.4447
6829-68771-0014,5683,0,0.0124,0.5383
6829-68771-0014,6829,1,-0.0586,0.5107
6829-68771-0014,8463,0,0.0285,0.592
6829-68771-0014,8555,0,0.0375,0.43
6829-68771-0019,121,0,0.056,0.8329
6829-68771-0019,1221,0,0.0218,0.6898
6829-68771-0019,1284,0,-0.0239,0.8727
6829-68771-0019,1580,0,-0.0122,0.7878
6829-68771-0019,1995,0,0.1215,0.8312
6829-68771-0019,2094,0,-0.018,0.7945
6829-68771-0019,237,0,-0.0428,0.7092
6829-68771-0019,2961,0,0.1227,0.8344
6829-68771-0019,3570,0,0.1297,0.7055
6829-68771-0019,3575,0,-0.0362,0.5938
6829-68771-0019,3729,0,0.1366,0.7719
6829-68771-0019,4446,0,-0.086,0.7972
6829-68771-0019,4507,0,0.1552,0.687
6829-68771-0019,4970,0,-0.1198,0.5085
6829-68771-0019,4992,0,0.0765,0.747
6829-68771-0019,5142,0,0.1151,0.6042
6829-68771-0019,5683,0,0.1114,0.6821
6829-68771-0019,6829,1,-0.0577,0.6764
6829-68771-0019,8463,0,-0.0183,0.7445
6829-68771-0019,8555,0,0.0818,0.5511
6829-68771-0023,121,0,0.0295,0.8318
6829-68771-0023,1221,0,0.0168,0.6772
6829-68771-0023,1284,0,0.0332,0.8512
6829-68771-0023,1580,0,0.0318,0.776
6829-68771-0023,1995,0,0.1465,0.8071
6829-68771-0023,2094,0,-0.0233,0.7745
6829-68771-0023,237,0,0.0205,0.6868
6829-68771-0023,2961,0,0.0865,0.8237
6829-68771-0023,3570,0,0.1006,0.6956
6829-68771-0023,3575,0,0.069,0.5422
6829-68771-0023,3729,0,0.1393,0.7791
6829-68771-0023,4446,0,-0.049,0.7929
6829-68771-0023,4507,0,0.0418,0.6805
6829-68771-0023,4970,0,-0.0881,0.4498
6829-68771-0023,4992,0,0.1717,0.7449
6829-68771-0023,5142,0,0.0066,0.5917
6829-68771-0023,5683,0,0.0438,0.6503
6829-68771-0023,6829,1,0.0696,0.6532
6829-68771-0023,8463,0,0.0115,0.7381
6829-68771-0023,8555,0,0.1,0.5281
6829-68771-0025,121,0,0.1021,0.7854
6829-68771-0025,1221,0,0.0443,0.6407
6829-68771-0025,1284,0,0.049,0.8251
6829-68771-0025,1580,0,0.0764,0.7197
6829-68771-0025,1995,0,0.0607,0.7913
6829-68771-0025,2094,0,-0.0795,0.7154
6829-68771-0025,237,0,-0.0442,0.6361
6829-68771-0025,2961,0,0.1309,0.803
6829-68771-0025,3570,0,0.1016,0.6488
6829-68771-0025,3575,0,0.033,0.4736
6829-68771-0025,3729,0,0.0633,0.7269
6829-68771-0025,4446,0,-0.0913,0.7549
6829-68771-0025,4507,0,0.1116,0.6261
6829-68771-0025,4970,0,-0.1623,0.4063
6829-68771-0025,4992,0,0.005,0.7091
6829-68771-0025,5142,0,0.0126,0.5654
6829-68771-0025,5683,0,0.0292,0.591
6829-68771-0025,6829,1,-0.0183,0.6105
6829-68771-0025,8463,0,0.0054,0.7103
6829-68771-0025,8555,0,-0.0052,0.4899
6829-68771-0035,121,0,0.0223,0.8535
6829-68771-0035,1221,0,0.0054,0.7285
6829-68771-0035,1284,0,0.0219,0.8829
6829-68771-0035,1580,0,0.048,0.8525
6829-68771-0035,1995,0,0.0841,0.8138
6829-68771-0035,2094,0,-0.0723,0.8059
6829-68771-0035,237,0,-0.0066,0.7393
6829-68771-0035,2961,0,0.1242,0.8187
6829-68771-0035,3570,0,0.0899,0.7231
6829-68771-0035,3575,0,-0.0258,0.6246
6829-68771-0035,3729,0,0.0673,0.8164
6829-68771-0035,4446,0,-0.0755,0.831
6829-68771-0035,4507,0,0.1338,0.7345
6829-68771-0035,4970,0,-0.1071,0.5462
6829-68771-0035,4992,0,0.0885,0.7764
6829-68771-0035,5142,0,0.0656,0.6397
6829-68771-0035,5683,0,0.1141,0.7526
6829-68771-0035,6829,1,0.0543,0.6902
6829-68771-0035,8463,0,0.0299,0.7715
6829-68771-0035,8555,0,0.0646,0.6065
6930-75918-0009,1089,0,0.1443,0.8344
6930-75918-0009,1188,0,0.1688,0.834
6930-75918-0009,1320,0,0.201,0.7582
6930-75918-0009,2300,0,0.2069,0.5954
6930-75918-0009,260,0,0.1096,0.8672
6930-75918-0009,2830,0,0.1284,0.7469
6930-75918-0009,4077,0,0.1273,0.8263
6930-75918-0009,5105,0,0.0907,0.789
6930-75918-0009,5639,0,0.1869,0.9114
6930-75918-0009,61,0,0.0682,0.8148
6930-75918-0009,672,0,0.2392,0.8867
6930-75918-0009,6930,1,-0.0235,0.7759
6930-75918-0009,7021,0,0.105,0.7427
6930-75918-0009,7127,0,0.1491,0.7052
6930-75918-0009,7176,0,-0.0873,0.7909
6930-75918-0009,7729,0,0.1689,0.8638
6930-75918-0009,8224,0,0.0852,0.8017
6930-75918-0009,8230,0,0.0412,0.7994
6930-75918-0009,8455,0,0.1552,0.7626
6930-75918-0009,908,0,0.0248,0.8704
6930-75918-0015,1089,0,0.2302,0.8729
6930-75918-0015,1188,0,0.1607,0.895
6930-75918-0015,1320,0,0.2249,0.7981
6930-75918-0015,2300,0,0.1535,0.5752
6930-75918-0015,260,0,0.1928,0.9224
6930-75918-0015,2830,0,0.1687,0.8669
6930-75918-0015,4077,0,0.0834,0.8245
6930-75918-0015,5105,0,0.0488,0.8239
6930-75918-0015,5639,0,0.2303,0.882
6930-75918-0015,61,0,0.1098,0.9128
6930-75918-0015,672,0,0.2534,0.8987
6930-75918-0015,6930,1,0.1162,0.8547
6930-75918-0015,7021,0,0.0825,0.7507
6930-75918-0015,7127,0,0.1837,0.7518
6930-75918-0015,7176,0,-0.0563,0.9162
6930-75918-0015,7729,0,0.2426,0.8642
6930-75918-0015,8224,0,0.034,0.7569
6930-75918-0015,8230,0,0.14,0.9232
6930-75918-0015,8455,0,0.1487,0.7927
6930-75918-0015,908,0,0.0222,0.8741
6930-75918-0018,1089,0,0.1885,0.7708
6930-75918-0018,1188,0,0.1997,0.8265
6930-75918-0018,1320,0,0.0975,0.6575
6930-75918-0018,2300,0,0.1659,0.3965
6930-75918-0018,260,0,0.0506,0.8582
6930-75918-0018,2830,0,0.129,0.8036
6930-75918-0018,4077,0,0.0876,0.7181
6930-75918-0018,5105,0,-0.0248,0.6949
6930-75918-0018,5639,0,0.1872,0.8971
6930-75918-0018,61,0,0.082,0.8143
6930-75918-0018,672,0,0.2265,0.8381
6930-75918-0018,6930,1,-0.0573,0.7512
6930-75918-0018,7021,0,0.0588,0.604
6930-75918-0018,7127,0,0.1419,0.6142
6930-75918-0018,7176,0,-0.134,0.819
6930-75918-0018,7729,0,0.187,0.7471
6930-75918-0018,8224,0,-0.0149,0.7804
6930-75918-0018,8230,0,0.1284,0.8513
6930-75918-0018,8455,0,0.1016,0.657
6930-75918-0018,908,0,-0.1825,0.7874
6930-75918-0019,1089,0,0.1993,0.8365
6930-75918-0019,1188,0,0.1411,0.8424
6930-75918-0019,1320,0,0.104,0.7278
6930-75918-0019,2300,0,0.1143,0.4834
6930-75918-0019,260,0,0.0745,0.8811
6930-75918-0019,2830,0,0.2502,0.8043
6930-75918-0019,4077,0,0.0533,0.7727
6930-75918-0019,5105,0,0.0256,0.7645
6930-75918-0019,5639,0,0.2654,0.9249
6930-75918-0019,61,0,-0.0046,0.8325
6930-75918-0019,672,0,0.2256,0.8972
6930-75918-0019,6930,1,-0.0167,0.797
6930-75918-0019,7021,0,0.0394,0.6916
6930-75918-0019,7127,0,0.1506,0.6701
6930-75918-0019,7176,0,-0.0767,0.8219
6930-75918-0019,7729,0,0.1242,0.8008
6930-75918-0019,8224,0,0.0166,0.8005
6930-75918-0019,8230,0,0.1525,0.863
6930-75918-0019,8455,0,0.0335,0.7194
6930-75918-0019,908,0,-0.0384,0.8536
6930-76324-0008,1089,0,0.1748,0.8078
6930-76324-0008,1188,0,0.1825,0.8615
6930-76324-0008,1320,0,0.2005,0.7328
6930-76324-0008,2300,0,0.119,0.4939
6930-76324-0008,260,0,0.1673,0.9003
6930-76324-0008,2830,0,0.2115,0.8334
6930-76324-0008,4077,0,0.0861,0.7908
6930-76324-0008,5105,0,0.0933,0.7859
6930-76324-0008,5639,0,0.1356,0.9193
6930-76324-0008,61,0,0.0876,0.877
6930-76324-0008,672,0,0.2134,0.866
6930-76324-0008,6930,1,-0.0096,0.7833
6930-76324-0008,7021,0,0.1423,0.6994
6930-76324-0008,7127,0,0.1341,0.6896
6930-76324-0008,7176,0,0.0174,0.8642
6930-76324-0008,7729,0,0.2151,0.8562
6930-76324-0008,8224,0,0.0726,0.7733
6930-76324-0008,8230,0,0.1581,0.8682
6930-76324-0008,8455,0,0.1555,0.7039
6930-76324-0008,908,0,-0.0887,0.8527
6930-76324-0011,1089,0,0.1468,0.7677
6930-76324-0011,1188,0,0.16,0.8019
6930-76324-0011,1320,0,0.2009,0.6484
6930-76324-0011,2300,0,0.0982,0.3755
6930-76324-0011,260,0,0.0988,0.8438
6930-76324-0011,2830,0,0.1358,0.777
6930-76324-0011,4077,0,0.0592,0.7114
6930-76324-0011,5105,0,0.0593,0.6796
6930-76324-0011,5639,0,0.2586,0.8985
6930-76324-0011,61,0,0.0029,0.7916
6930-76324-0011,672,0,0.3093,0.8422
6930-76324-0011,6930,1,0.1094,0.7501
6930-76324-0011,7021,0,0.0409,0.5886
6930-76324-0011,7127,0,0.0644,0.5977
6930-76324-0011,7176,0,-0.0664,0.8049
6930-76324-0011,7729,0,0.1604,0.7303
6930-76324-0011,8224,0,0.052,0.7626
6930-76324-0011,8230,0,0.1115,0.8407
6930-76324-0011,8455,0,0.1955,0.6583
6930-76324-0011,908,0,-0.0461,0.7842
6930-76324-0025,1089,0,0.2067,0.6946
6930-76324-0025,1188,0,0.2107,0.7496
6930-76324-0025,1320,0,0.119,0.6224
6930-76324-0025,2300,0,0.0731,0.4006
6930-76324-0025,260,0,0.194,0.8047
6930-76324-0025,2830,0,0.2496,0.7353
6930-76324-0025,4077,0,0.0518,0.6448
6930-76324-0025,5105,0,0.045,0.6779
6930-76324-0025,5639,0,0.1789,0.8553
6930-76324-0025,61,0,0.0872,0.748
6930-76324-0025,672,0,0.1304,0.7928
6930-76324-0025,6930,1,0.0392,0.7419
6930-76324-0025,7021,0,-0.015,0.6058
6930-76324-0025,7127,0,0.1496,0.5402
6930-76324-0025,7176,0,-0.0308,0.7163
6930-76324-0025,7729,0,0.1569,0.7125
6930-76324-0025,8224,0,0.0203,0.7694
6930-76324-0025,8230,0,0.0876,0.7454
6930-76324-0025,8455,0,0.013,0.612
6930-76324-0025,908,0,-0.0098,0.78
6930-76324-0028,1089,0,0.2068,0.8171
6930-76324-0028,1188,0,0.1592,0.8451
6930-76324-0028,1320,0,0.1503,0.7229
6930-76324-0028,2300,0,0.1354,0.4809
6930-76324-0028,260,0,0.151,0.8868
6930-76324-0028,2830,0,0.1861,0.8102
6930-76324-0028,4077,0,0.0684,0.7851
6930-76324-0028,5105,0,0.0256,0.7616
6930-76324-0028,5639,0,0.23,0.9355
6930-76324-0028,61,0,0.1687,0.8462
6930-76324-0028,672,0,0.1896,0.8803
6930-76324-0028,6930,1,0.028,0.7857
6930-76324-0028,7021,0,0.0724,0.6834
6930-76324-0028,7127,0,0.0883,0.6743
6930-76324-0028,7176,0,-0.0282,0.8388
6930-76324-0028,7729,0,0.3065,0.8235
6930-76324-0028,8224,0,0.0468,0.7898
6930-76324-0028,8230,0,0.1853,0.8537
6930-76324-0028,8455,0,0.0548,0.7076
6930-76324-0028,908,0,-0.1103,0.8536
6930-81414-0011,1089,0,0.2659,0.8975
6930-81414-0011,1188,0,0.1886,0.922
6930-81414-0011,1320,0,0.0574,0.8304
6930-81414-0011,2300,0,0.1681,0.6126
6930-81414-0011,260,0,0.1491,0.9339
6930-81414-0011,2830,0,0.1586,0.8781
6930-81414-0011,4077,0,0.0313,0.8228
6930-81414-0011,5105,0,-0.0523,0.8547
6930-81414-0011,5639,0,0.1479,0.8922
6930-81414-0011,61,0,0.1836,0.8642
6930-81414-0011,672,0,0.2508,0.924
6930-81414-0011,6930,1,-0.06,0.8613
6930-81414-0011,7021,0,-0.001,0.7982
6930-81414-0011,7127,0,0.1255,0.7804
6930-81414-0011,7176,0,-0.0615,0.8693
6930-81414-0011,7729,0,0.1945,0.8419
6930-81414-0011,8224,0,-0.0736,0.7909
6930-81414-0011,8230,0,0.0912,0.9057
6930-81414-0011,8455,0,0.0318,0.8179
6930-81414-0011,908,0,0.0053,0.8764
6930-81414-0023,1089,0,0.1262,0.7879
6930-81414-0023,1188,0,0.1146,0.8374
6930-81414-0023,1320,0,0.093,0.6875
6930-81414-0023,2300,0,0.1656,0.4296
6930-81414-0023,260,0,-0.0056,0.847
6930-81414-0023,2830,0,0.1537,0.8151
6930-81414-0023,4077,0,0.108,0.7078
6930-81414-0023,5105,0,0.097,0.7556
6930-81414-0023,5639,0,0.2942,0.9222
6930-81414-0023,61,0,0.1239,0.8115
6930-81414-0023,672,0,0.1592,0.8576
6930-81414-0023,6930,1,-0.0248,0.7557
6930-81414-0023,7021,0,0.0924,0.667
6930-81414-0023,7127,0,0.0587,0.6407
6930-81414-0023,7176,0,0.0684,0.8077
6930-81414-0023,7729,0,0.2686,0.7758
6930-81414-0023,8224,0,-0.0211,0.8028
6930-81414-0023,8230,0,0.1611,0.8585
6930-81414-0023,8455,0,-0.0199,0.6535
6930-81414-0023,908,0,-0.0834,0.8059
7021-79730-0006,1089,0,0.2437,0.86
7021-79730-0006,1188,0,0.1728,0.8684
7021-79730-0006,1320,0,0.0744,0.7702
7021-79730-0006,2300,0,0.185,0.5571
7021-79730-0006,260,0,0.1066,0.9038
7021-79730-0006,2830,0,0.1756,0.8216
7021-79730-0006,4077,0,0.0803,0.8197
7021-79730-0006,5105,0,0.0196,0.7951
7021-79730-0006,5639,0,0.2307,0.9202
7021-79730-0006,61,0,0.0931,0.8495
7021-79730-0006,672,0,0.142,0.9148
7021-79730-0006,6930,0,0.0284,0.8193
7021-79730-0006,7021,1,0.1435,0.7308
7021-79730-0006,7127,0,0.2716,0.7256
7021-79730-0006,7176,0,-0.0558,0.8437
7021-79730-0006,7729,0,0.178,0.8286
7021-79730-0006,8224,0,0.0282,0.7988
7021-79730-0006,8230,0,0.149,0.8709
7021-79730-0006,8455,0,0.1517,0.7791
7021-79730-0006,908,0,-0.1012,0.8606
7021-79730-0009,1089,0,0.2365,0.8213
7021-79730-0009,1188,0,0.2391,0.8448
7021-79730-0009,1320,0,0.1428,0.7128
7021-79730-0009,2300,0,0.2139,0.465
7021-79730-0009,260,0,0.1331,0.872
7021-79730-0009,2830,0,0.2173,0.8049
7021-79730-0009,4077,0,0.1804,0.7908
7021-79730-0009,5105,0,0.0387,0.7572
7021-79730-0009,5639,0,0.2709,0.9434
7021-79730-0009,61,0,0.1471,0.8277
7021-79730-0009,672,0,0.2496,0.8829
7021-79730-0009,6930,0,0.0108,0.7665
7021-79730-0009,7021,1,0.1004,0.6711
7021-79730-0009,7127,0,0.1767,0.6847
7021-79730-0009,7176,0,-0.1141,0.8226
7021-79730-0009,7729,0,0.1446,0.8117
7021-79730-0009,8224,0,0.1062,0.8073
7021-79730-0009,8230,0,0.108,0.8495
7021-79730-0009,8455,0,0.1873,0.6999
7021-79730-0009,908,0,-0.0934,0.8343
7021-79740-0001,1089,0,0.0886,0.7265
7021-79740-0001,1188,0,0.1449,0.7626
7021-79740-0001,1320,0,0.0751,0.6519
7021-79740-0001,2300,0,0.1845,0.4
7021-79740-0001,260,0,0.0613,0.7742
7021-79740-0001,2830,0,0.1535,0.75
7021-79740-0001,4077,0,0.0692,0.6259
7021-79740-0001,5105,0,0.0184,0.7019
7021-79740-0001,5639,0,0.1654,0.8547
7021-79740-0001,61,0,0.0585,0.7102
7021-79740-0001,672,0,0.2557,0.8222
7021-79740-0001,6930,0,-0.0541,0.7261
7021-79740-0001,7021,1,0.1081,0.6267
7021-79740-0001,7127,0,0.185,0.5781
7021-79740-0001,7176,0,-0.0718,0.697
7021-79740-0001,7729,0,0.1761,0.6512
7021-79740-0001,8224,0,0.105,0.8083
7021-79740-0001,8230,0,0.0423,0.7552
7021-79740-0001,8455,0,0.1467,0.6166
7021-79740-0001,908,0,-0.1143,0.7543
7021-79740-0002,1089,0,0.1579,0.8627
7021-79740-0002,1188,0,0.1443,0.8606
7021-79740-0002,1320,0,0.06,0.7766
7021-79740-0002,2300,0,0.1479,0.5838
7021-79740-0002,260,0,0.1091,0.8918
7021-79740-0002,2830,0,0.1977,0.7905
7021-79740-0002,4077,0,0.0697,0.8576
7021-79740-0002,5105,0,0.0316,0.7926
7021-79740-0002,5639,0,0.2373,0.9315
7021-79740-0002,61,0,0.0219,0.8317
7021-79740-0002,672,0,0.1851,0.9019
7021-79740-0002,6930,0,-0.0332,0.7893
7021-79740-0002,7021,1,0.0551,0.734
7021-79740-0002,7127,0,0.227,0.7478
7021-79740-0002,7176,0,-0.1379,0.829
7021-79740-0002,7729,0,0.1763,0.862
7021-79740-0002,8224,0,0.0238,0.7904
7021-79740-0002,8230,0,0.0665,0.838
7021-79740-0002,8455,0,0.039,0.7777
7021-79740-0002,908,0,-0.1236,0.8689
7021-79740-0003,1089,0,0.1722,0.8343
7021-79740-0003,1188,0,0.1861,0.8593
7021-79740-0003,1320,0,0.2339,0.7632
7021-79740-0003,2300,0,0.1382,0.5347
7021-79740-0003,260,0,0.1974,0.9011
7021-79740-0003,2830,0,0.2067,0.7987
7021-79740-0003,4077,0,0.0929,0.8184
7021-79740-0003,5105,0,0.1057,0.799
7021-79740-0003,5639,0,0.1564,0.9268
7021-79740-0003,61,0,0.034,0.8284
7021-79740-0003,672,0,0.3029,0.9038
7021-79740-0003,6930,0,0.0558,0.8009
7021-79740-0003,7021,1,0.0967,0.7206
7021-79740-0003,7127,0,0.2182,0.7118
7021-79740-0003,7176,0,-0.0629,0.8317
7021-79740-0003,7729,0,0.1676,0.8161
7021-79740-0003,8224,0,0.0383,0.8343
7021-79740-0003,8230,0,-0.0054,0.8347
7021-79740-0003,8455,0,0.2598,0.7548
7021-79740-0003,908,0,-0.0308,0.8541
7021-79740-0004,1089,0,0.1189,0.8236
7021-79740-0004,1188,0,0.1074,0.8256
7021-79740-0004,1320,0,0.0741,0.7329
7021-79740-0004,2300,0,0.2055,0.5301
7021-79740-0004,260,0,0.1313,0.8638
7021-79740-0004,2830,0,0.1554,0.7608
7021-79740-0004,4077,0,0.0475,0.7727
7021-79740-0004,5105,0,-0.0479,0.7556
7021-79740-0004,5639,0,0.2267,0.8978
7021-79740-0004,61,0,0.0673,0.8012
7021-79740-0004,672,0,0.2003,0.8927
7021-79740-0004,6930,0,-0.0487,0.801
7021-79740-0004,7021,1,-0.0003,0.6982
7021-79740-0004,7127,0,0.2493,0.6576
7021-79740-0004,7176,0,-0.1376,0.7868
7021-79740-0004,7729,0,0.134,0.7829
7021-79740-0004,8224,0,0.0154,0.8342
7021-79740-0004,8230,0,0.0585,0.8167
7021-79740-0004,8455,0,0.1044,0.7494
7021-79740-0004,908,0,-0.126,0.8459
7021-79759-0003,1089,0,0.135,0.6825
7021-79759-0003,1188,0,0.1789,0.6914
7021-79759-0003,1320,0,0.1616,0.6261
7021-79759-0003,2300,0,0.2486,0.4261
7021-79759-0003,260,0,0.0605,0.7286
7021-79759-0003,2830,0,0.1098,0.615
7021-79759-0003,4077,0,0.126,0.628
7021-79759-0003,5105,0,0.0417,0.6616
7021-79759-0003,5639,0,0.1865,0.8278
7021-79759-0003,61,0,0.0899,0.631
7021-79759-0003,672,0,0.2993,0.7968
7021-79759-0003,6930,0,-0.019,0.6698
7021-79759-0003,7021,1,0.142,0.6118
7021-79759-0003,7127,0,0.1618,0.525
7021-79759-0003,7176,0,-0.0772,0.6094
7021-79759-0003,7729,0,0.0598,0.6314
7021-79759-0003,8224,0,0.0943,0.8047
7021-79759-0003,8230,0,0.0429,0.6418
7021-79759-0003,8455,0,0.1851,0.6255
7021-79759-0003,908,0,-0.0975,0.7461
7021-79759-0005,1089,0,0.2841,0.8852
7021-79759-0005,1188,0,0.2064,0.9062
7021-79759-0005,1320,0,0.2114,0.8346
7021-79759-0005,2300,0,0.1697,0.6399
7021-79759-0005,260,0,0.0917,0.9241
7021-79759-0005,2830,0,0.234,0.8442
7021-79759-0005,4077,0,0.0872,0.8855
7021-79759-0005,5105,0,0.1592,0.8618
7021-79759-0005,5639,0,0.2324,0.9285
7021-79759-0005,61,0,0.1519,0.863
7021-79759-0005,672,0,0.1994,0.9284
7021-79759-0005,6930,0,-0.02,0.8203
7021-79759-0005,7021,1,0.1507,0.7969
7021-79759-0005,7127,0,0.2333,0.8107
7021-79759-0005,7176,0,-0.0094,0.8561
7021-79759-0005,7729,0,0.2729,0.8906
7021-79759-0005,8224,0,0.0405,0.8121
7021-79759-0005,8230,0,0.1714,0.8558
7021-79759-0005,8455,0,0.129,0.8152
7021-79759-0005,908,0,-0.0785,0.887
7021-85628-0008,1089,0,0.2384,0.8974
7021-85628-0008,1188,0,0.1891,0.8992
7021-85628-0008,1320,0,0.1302,0.828
7021-85628-0008,2300,0,0.1707,0.6721
7021-85628-0008,260,0,0.0835,0.9114
7021-85628-0008,2830,0,0.2139,0.8283
7021-85628-0008,4077,0,0.0578,0.8724
7021-85628-0008,5105,0,0.0433,0.8475
7021-85628-0008,5639,0,0.2399,0.8923
7021-85628-0008,61,0,0.0526,0.8947
7021-85628-0008,672,0,0.199,0.9235
7021-85628-0008,6930,0,-0.0241,0.8262
7021-85628-0008,7021,1,0.1298,0.804
7021-85628-0008,7127,0,0.3144,0.7858
7021-85628-0008,7176,0,-0.0579,0.8818
7021-85628-0008,7729,0,0.1989,0.9101
7021-85628-0008,8224,0,0.0909,0.7981
7021-85628-0008,8230,0,0.0493,0.8779
7021-85628-0008,8455,0,0.1472,0.8237
7021-85628-0008,908,0,-0.005,0.9023
7021-85628-0009,1089,0,0.2003,0.7961
7021-85628-0009,1188,0,0.1722,0.8255
7021-85628-0009,1320,0,0.1696,0.6855
7021-85628-0009,2300,0,0.2058,0.4237
7021-85628-0009,260,0,0.1468,0.8512
7021-85628-0009,2830,0,0.2168,0.7876
7021-85628-0009,4077,0,0.0459,0.7492
7021-85628-0009,5105,0,0.1012,0.7328
7021-85628-0009,5639,0,0.2871,0.9344
7021-85628-0009,61,0,0.0491,0.807
7021-85628-0009,672,0,0.3184,0.8696
7021-85628-0009,6930,0,0.0083,0.7398
7021-85628-0009,7021,1,0.1623,0.6449
7021-85628-0009,7127,0,0.2767,0.6437
7021-85628-0009,7176,0,-0.0573,0.8048
7021-85628-0009,7729,0,0.1501,0.7856
7021-85628-0009,8224,0,0.0988,0.8075
7021-85628-0009,8230,0,0.1465,0.8348
7021-85628-0009,8455,0,0.1563,0.6625
7021-85628-0009,908,0,-0.0386,0.8249
7127-75946-0002,1089,0,0.213,0.8272
7127-75946-0002,1188,0,0.195,0.842
7127-75946-0002,1320,0,-0.0147,0.7036
7127-75946-0002,2300,0,0.1682,0.4659
7127-75946-0002,260,0,0.0749,0.8672
7127-75946-0002,2830,0,0.212,0.7885
7127-75946-0002,4077,0,0.0768,0.77
7127-75946-0002,5105,0,-0.022,0.7385
7127-75946-0002,5639,0,0.2233,0.917
7127-75946-0002,61,0,0.0903,0.8281
7127-75946-0002,672,0,0.0988,0.8892
7127-75946-0002,6930,0,-0.0571,0.7653
7127-75946-0002,7021,0,0.0453,0.6588
7127-75946-0002,7127,1,0.2907,0.6553
7127-75946-0002,7176,0,-0.137,0.8288
7127-75946-0002,7729,0,0.1446,0.7824
7127-75946-0002,8224,0,0.0604,0.8202
7127-75946-0002,8230,0,0.1518,0.8634
7127-75946-0002,8455,0,0.1296,0.7111
7127-75946-0002,908,0,-0.1295,0.8254
7127-75946-0004,1089,0,0.1376,0.8835
7127-75946-0004,1188,0,0.0818,0.895
7127-75946-0004,1320,0,0.1125,0.8389
7127-75946-0004,2300,0,0.1615,0.6575
7127-75946-0004,260,0,-0.0183,0.9312
7127-75946-0004,2830,0,0.0628,0.8332
7127-75946-0004,4077,0,0.1303,0.9026
7127-75946-0004,5105,0,0.071,0.8544
7127-75946-0004,5639,0,0.0864,0.9126
7127-75946-0004,61,0,0.0967,0.8772
7127-75946-0004,672,0,0.0239,0.9094
7127-75946-0004,6930,0,-0.0197,0.8224
7127-75946-0004,7021,0,0.035,0.8028
7127-75946-0004,7127,1,0.2583,0.8151
7127-75946-0004,7176,0,-0.0122,0.8771
7127-75946-0004,7729,0,0.2085,0.9126
7127-75946-0004,8224,0,-0.0166,0.7504
7127-75946-0004,8230,0,0.0092,0.8537
7127-75946-0004,8455,0,0.1257,0.8257
7127-75946-0004,908,0,-0.0227,0.9044
7127-75946-0012,1089,0,0.2141,0.7999
7127-75946-0012,1188,0,0.2139,0.842
7127-75946-0012,1320,0,0.1415,0.689
7127-75946-0012,2300,0,0.1596,0.4572
7127-75946-0012,260,0,0.1454,0.8522
7127-75946-0012,2830,0,0.1922,0.7832
7127-75946-0012,4077,0,0.0777,0.7746
7127-75946-0012,5105,0,0.0421,0.7419
7127-75946-0012,5639,0,0.2144,0.9344
7127-75946-0012,61,0,0.0342,0.8156
7127-75946-0012,672,0,0.231,0.8577
7127-75946-0012,6930,0,-0.0667,0.7189
7127-75946-0012,7021,0,0.0519,0.6631
7127-75946-0012,7127,1,0.2185,0.6635
7127-75946-0012,7176,0,-0.0538,0.8153
7127-75946-0012,7729,0,0.2661,0.8309
7127-75946-0012,8224,0,0.0928,0.802
7127-75946-0012,8230,0,0.0967,0.829
7127-75946-0012,8455,0,0.1628,0.6601
7127-75946-0012,908,0,-0.0396,0.8309
7127-75946-0024,1089,0,0.2068,0.7745
7127-75946-0024,1188,0,0.2232,0.833
7127-75946-0024,1320,0,0.0481,0.6627
7127-75946-0024,2300,0,0.2247,0.4453
7127-75946-0024,260,0,0.1134,0.8655
7127-75946-0024,2830,0,0.2954,0.7884
7127-75946-0024,4077,0,0.0973,0.7125
7127-75946-0024,5105,0,0.0859,0.6808
7127-75946-0024,5639,0,0.1895,0.8419
7127-75946-0024,61,0,0.1616,0.8065
7127-75946-0024,672,0,0.105,0.8177
7127-75946-0024,6930,0,0.0114,0.7487
7127-75946-0024,7021,0,0.0981,0.6215
7127-75946-0024,7127,1,0.1594,0.6135
7127-75946-0024,7176,0,0.0966,0.8143
7127-75946-0024,7729,0,0.2162,0.7509
7127-75946-0024,8224,0,0.0901,0.7114
7127-75946-0024,8230,0,0.1859,0.8453
7127-75946-0024,8455,0,0.1065,0.6928
7127-75946-0024,908,0,-0.0007,0.7815
7127-75947-0001,1089,0,0.1917,0.8477
7127-75947-0001,1188,0,0.2098,0.8677
7127-75947-0001,1320,0,0.1712,0.7543
7127-75947-0001,2300,0,0.197,0.5229
7127-75947-0001,260,0,0.0971,0.9003
7127-75947-0001,2830,0,0.1552,0.8391
7127-75947-0001,4077,0,0.1567,0.8088
7127-75947-0001,5105,0,0.0753,0.7875
7127-75947-0001,5639,0,0.2985,0.9248
7127-75947-0001,61,0,0.1017,0.8615
7127-75947-0001,672,0,0.2621,0.8987
7127-75947-0001,6930,0,-0.0034,0.8065
7127-75947-0001,7021,0,0.1377,0.7161
7127-75947-0001,7127,1,0.1606,0.7158
7127-75947-0001,7176,0,-0.0992,0.8551
7127-75947-0001,7729,0,0.1949,0.8516
7127-75947-0001,8224,0,0.0545,0.766
7127-75947-0001,8230,0,0.1007,0.8795
7127-75947-0001,8455,0,0.1287,0.7422
7127-75947-0001,908,0,-0.158,0.8646
7127-75947-0007,1089,0,0.0904,0.825
7127-75947-0007,1188,0,0.223,0.8385
7127-75947-0007,1320,0,0.1465,0.7584
7127-75947-0007,2300,0,0.164,0.589
7127-75947-0007,260,0,0.1454,0.9056
7127-75947-0007,2830,0,0.1477,0.7732
7127-75947-0007,4077,0,0.0795,0.8877
7127-75947-0007,5105,0,0.0756,0.7893
7127-75947-0007,5639,0,0.2493,0.9176
7127-75947-0007,61,0,0.001,0.8634
7127-75947-0007,672,0,0.1789,0.8858
7127-75947-0007,6930,0,0.0881,0.7708
7127-75947-0007,7021,0,0.1983,0.7316
7127-75947-0007,7127,1,0.2049,0.7348
7127-75947-0007,7176,0,-0.0491,0.8624
7127-75947-0007,7729,0,0.1666,0.8907
7127-75947-0007,8224,0,0.0469,0.7555
7127-75947-0007,8230,0,0.0481,0.8111
7127-75947-0007,8455,0,0.2065,0.7604
7127-75947-0007,908,0,-0.0576,0.8767
7127-75947-0023,1089,0,0.0435,0.7603
7127-75947-0023,1188,0,0.0311,0.765
7127-75947-0023,1320,0,0.1086,0.6859
7127-75947-0023,2300,0,0.1896,0.4869
7127-75947-0023,260,0,0.0856,0.7943
7127-75947-0023,2830,0,-0.0304,0.6911
7127-75947-0023,4077,0,0.0648,0.7263
7127-75947-0023,5105,0,-0.0311,0.7076
7127-75947-0023,5639,0,0.146,0.88
7127-75947-0023,61,0,0.0594,0.706
7127-75947-0023,672,0,0.2022,0.8349
7127-75947-0023,6930,0,0.0125,0.7183
7127-75947-0023,7021,0,0.0559,0.6549
7127-75947-0023,7127,1,0.1551,0.6203
7127-75947-0023,7176,0,-0.1212,0.6806
7127-75947-0023,7729,0,0.1761,0.7489
7127-75947-0023,8224,0,0.0866,0.786
7127-75947-0023,8230,0,0.0342,0.7173
7127-75947-0023,8455,0,0.1273,0.6817
7127-75947-0023,908,0,-0.0789,0.8017
7127-75947-0025,1089,0,0.1658,0.7976
7127-75947-0025,1188,0,0.181,0.8436
7127-75947-0025,1320,0,0.1073,0.7346
7127-75947-0025,2300,0,0.1943,0.5174
7127-75947-0025,260,0,0.1306,0.8871
7127-75947-0025,2830,0,0.1769,0.816
7127-75947-0025,4077,0,0.1178,0.7918
7127-75947-0025,5105,0,0.0626,0.7834
7127-75947-0025,5639,0,0.291,0.9244
7127-75947-0025,61,0,0.088,0.8375
7127-75947-0025,672,0,0.2431,0.8686
7127-75947-0025,6930,0,0.0079,0.8209
7127-75947-0025,7021,0,0.0551,0.6956
7127-75947-0025,7127,1,0.1743,0.6907
7127-75947-0025,7176,0,-0.0945,0.8299
7127-75947-0025,7729,0,0.1835,0.8094
7127-75947-0025,8224,0,0.036,0.8342
7127-75947-0025,8230,0,0.1286,0.8323
7127-75947-0025,8455,0,0.1535,0.7336
7127-75947-0025,908,0,-0.1558,0.8256
7127-75947-0033,1089,0,0.0706,0.8128
7127-75947-0033,1188,0,0.094,0.8274
7127-75947-0033,1320,0,0.0725,0.7256
7127-75947-0033,2300,0,0.1753,0.4855
7127-75947-0033,260,0,0.1159,0.8544
7127-75947-0033,2830,0,0.1214,0.7816
7127-75947-0033,4077,0,-0.0156,0.7747
7127-75947-0033,5105,0,-0.0516,0.7595
7127-75947-0033,5639,0,0.2737,0.9351
7127-75947-0033,61,0,0.0037,0.7993
7127-75947-0033,672,0,0.1945,0.881
7127-75947-0033,6930,0,-0.0222,0.784
7127-75947-0033,7021,0,0.0354,0.675
7127-75947-0033,7127,1,0.1895,0.6763
7127-75947-0033,7176,0,-0.1039,0.8031
7127-75947-0033,7729,0,0.1941,0.7857
7127-75947-0033,8224,0,0.0497,0.8464
7127-75947-0033,8230,0,0.0306,0.8236
7127-75947-0033,8455,0,0.0616,0.7133
7127-75947-0033,908,0,-0.0806,0.8309
7127-75947-0040,1089,0,0.171,0.8772
7127-75947-0040,1188,0,0.201,0.8714
7127-75947-0040,1320,0,0.1219,0.7876
7127-75947-0040,2300,0,0.1369,0.5712
7127-75947-0040,260,0,0.0399,0.909
7127-75947-0040,2830,0,0.1749,0.8217
7127-75947-0040,4077,0,0.0945,0.8466
7127-75947-0040,5105,0,0.022,0.8112
7127-75947-0040,5639,0,0.2428,0.9254
7127-75947-0040,61,0,0.0979,0.8724
7127-75947-0040,672,0,0.2131,0.9202
7127-75947-0040,6930,0,-0.0451,0.8398
7127-75947-0040,7021,0,0.0143,0.7377
7127-75947-0040,7127,1,0.1971,0.7463
7127-75947-0040,7176,0,-0.0568,0.8643
7127-75947-0040,7729,0,0.2219,0.8492
7127-75947-0040,8224,0,0.1472,0.8002
7127-75947-0040,8230,0,0.106,0.8888
7127-75947-0040,8455,0,0.163,0.7999
7127-75947-0040,908,0,-0.1027,0.8713
7176-88083-0000,1089,0,0.1098,0.793
7176-88083-0000,1188,0,0.0973,0.8759
7176-88083-0000,1320,0,0.1131,0.7393
7176-88083-0000,2300,0,0.1321,0.5256
7176-88083-0000,260,0,0.0973,0.9048
7176-88083-0000,2830,0,0.271,0.8379
7176-88083-0000,4077,0,0.0591,0.7434
7176-88083-0000,5105,0,-0.0189,0.7724
7176-88083-0000,5639,0,0.1939,0.8497
7176-88083-0000,61,0,0.03,0.8617
7176-88083-0000,672,0,0.1077,0.8641
7176-88083-0000,6930,0,-0.048,0.8229
7176-88083-0000,7021,0,0.0452,0.6963
7176-88083-0000,7127,0,0.0992,0.6617
7176-88083-0000,7176,1,0.0158,0.8758
7176-88083-0000,7729,0,0.1246,0.7677
7176-88083-0000,8224,0,0.1287,0.8267
7176-88083-0000,8230,0,0.1091,0.8697
7176-88083-0000,8455,0,0.0144,0.751
7176-88083-0000,908,0,-0.0834,0.8183
7176-88083-0003,1089,0,0.1288,0.75
7176-88083-0003,1188,0,0.1116,0.8151
7176-88083-0003,1320,0,0.1086,0.631
7176-88083-0003,2300,0,0.1554,0.3545
7176-88083-0003,260,0,0.0967,0.8205
7176-88083-0003,2830,0,0.2184,0.7932
7176-88083-0003,4077,0,-0.0101,0.6646
7176-88083-0003,5105,0,0.0146,0.672
7176-88083-0003,5639,0,0.2335,0.8749
7176-88083-0003,61,0,-0.0067,0.7714
7176-88083-0003,672,0,0.2101,0.8208
7176-88083-0003,6930,0,0.0292,0.7281
7176-88083-0003,7021,0,0.0233,0.5788
7176-88083-0003,7127,0,0.1052,0.5839
7176-88083-0003,7176,1,-0.1083,0.7882
7176-88083-0003,7729,0,0.1182,0.7089
7176-88083-0003,8224,0,0.0716,0.7684
7176-88083-0003,8230,0,0.1039,0.8377
7176-88083-0003,8455,0,0.0908,0.6266
7176-88083-0003,908,0,-0.0797,0.7568
7176-88083-0009,1089,0,0.2397,0.8254
7176-88083-0009,1188,0,0.1888,0.859
7176-88083-0009,1320,0,0.1031,0.7082
7176-88083-0009,2300,0,0.115,0.4411
7176-88083-0009,260,0,0.0254,0.8696
7176-88083-0009,2830,0,0.1807,0.8284
7176-88083-0009,4077,0,0.2576,0.8005
7176-88083-0009,5105,0,0.1173,0.7538
7176-88083-0009,5639,0,0.2651,0.9424
7176-88083-0009,61,0,0.0945,0.8459
7176-88083-0009,672,0,0.2173,0.8601
7176-88083-0009,6930,0,-0.0136,0.7333
7176-88083-0009,7021,0,0.0519,0.6546
7176-88083-0009,7127,0,0.1556,0.7089
7176-88083-0009,7176,1,0.0413,0.8633
7176-88083-0009,7729,0,0.338,0.8384
7176-88083-0009,8224,0,0.0134,0.7509
7176-88083-0009,8230,0,0.2013,0.8865
7176-88083-0009,8455,0,0.1055,0.6736
7176-88083-0009,908,0,-0.0498,0.8139
7176-88083-0025,1089,0,0.2162,0.7689
7176-88083-0025,1188,0,0.2166,0.8101
7176-88083-0025,1320,0,0.2206,0.6541
7176-88083-0025,2300,0,0.2221,0.4043
7176-88083-0025,260,0,0.1539,0.8548
7176-88083-0025,2830,0,0.1922,0.781
7176-88083-0025,4077,0,0.1374,0.7423
7176-88083-0025,5105,0,0.0439,0.7243
7176-88083-0025,5639,0,0.2764,0.9252
7176-88083-0025,61,0,0.1767,0.8497
7176-88083-0025,672,0,0.2478,0.8476
7176-88083-0025,6930,0,-0.0103,0.7384
7176-88083-0025,7021,0,0.0789,0.6331
7176-88083-0025,7127,0,0.1292,0.6087
7176-88083-0025,7176,1,0.0001,0.8476
7176-88083-0025,7729,0,0.1527,0.7868
7176-88083-0025,8224,0,0.0383,0.8045
7176-88083-0025,8230,0,0.0886,0.8477
7176-88083-0025,8455,0,0.1116,0.6354
7176-88083-0025,908,0,-0.0366,0.8207
7176-88083-0026,1089,0,0.2316,0.796
7176-88083-0026,1188,0,0.1383,0.7933
7176-88083-0026,1320,0,0.1592,0.6775
7176-88083-0026,2300,0,0.1813,0.4067
7176-88083-0026,260,0,0.1406,0.8173
7176-88083-0026,2830,0,0.1944,0.763
7176-88083-0026,4077,0,0.034,0.7366
7176-88083-0026,5105,0,0.0162,0.7104
7176-88083-0026,5639,0,0.2569,0.9254
7176-88083-0026,61,0,0.0524,0.7613
7176-88083-0026,672,0,0.2506,0.861
7176-88083-0026,6930,0,0.0278,0.7475
7176-88083-0026,7021,0,0.0654,0.6148
7176-88083-0026,7127,0,0.1771,0.637
7176-88083-0026,7176,1,-0.169,0.7565
7176-88083-0026,7729,0,0.1509,0.7289
7176-88083-0026,8224,0,0.0566,0.8245
7176-88083-0026,8230,0,0.1081,0.8163
7176-88083-0026,8455,0,0.2047,0.6654
7176-88083-0026,908,0,-0.1231,0.7814
7176-92135-0005,1089,0,0.218,0.837
7176-92135-0005,1188,0,0.1856,0.8662
7176-92135-0005,1320,0,0.157,0.7438
7176-92135-0005,2300,0,0.0885,0.5032
7176-92135-0005,260,0,0.0408,0.8985
7176-92135-0005,2830,0,0.1426,0.8154
7176-92135-0005,4077,0,0.0807,0.7702
7176-92135-0005,5105,0,0.0436,0.7673
7176-92135-0005,5639,0,0.1393,0.8886
7176-92135-0005,61,0,0.0225,0.8343
7176-92135-0005,672,0,0.143,0.8963
7176-92135-0005,6930,0,0.0041,0.8197
7176-92135-0005,7021,0,0.0242,0.6955
7176-92135-0005,7127,0,0.1712,0.6779
7176-92135-0005,7176,1,-0.0514,0.8428
7176-92135-0005,7729,0,0.134,0.7746
7176-92135-0005,8224,0,0.0546,0.8008
7176-92135-0005,8230,0,0.0998,0.8706
7176-92135-0005,8455,0,0.235,0.7636
7176-92135-0005,908,0,-0.0537,0.8353
7176-92135-0006,1089,0,0.2404,0.8109
7176-92135-0006,1188,0,0.1742,0.865
7176-92135-0006,1320,0,0.1796,0.6965
7176-92135-0006,2300,0,0.1061,0.4526
7176-92135-0006,260,0,0.1034,0.8814
7176-92135-0006,2830,0,0.2042,0.8326
7176-92135-0006,4077,0,0.0852,0.7552
7176-92135-0006,5105,0,0.039,0.7236
7176-92135-0006,5639,0,0.1192,0.8936
7176-92135-0006,61,0,0.0619,0.8249
7176-92135-0006,672,0,0.0899,0.8479
7176-92135-0006,6930,0,-0.0325,0.7627
7176-92135-0006,7021,0,0.0573,0.6488
7176-92135-0006,7127,0,0.2116,0.6691
7176-92135-0006,7176,1,0.0076,0.8444
7176-92135-0006,7729,0,0.1937,0.7843
7176-92135-0006,8224,0,0.0867,0.7569
7176-92135-0006,8230,0,0.1594,0.8742
7176-92135-0006,8455,0,0.0512,0.696
7176-92135-0006,908,0,-0.007,0.8022
7176-92135-0009,1089,0,0.076,0.7127
7176-92135-0009,1188,0,0.0309,0.7286
7176-92135-0009,1320,0,0.0422,0.6271
7176-92135-0009,2300,0,0.1518,0.3966
7176-92135-0009,260,0,0.1199,0.7646
7176-92135-0009,2830,0,0.0346,0.6653
7176-92135-0009,4077,0,0.0473,0.6221
7176-92135-0009,5105,0,-0.0019,0.6504
7176-92135-0009,5639,0,0.1343,0.8358
7176-92135-0009,61,0,-0.0246,0.6729
7176-92135-0009,672,0,0.2441,0.8085
7176-92135-0009,6930,0,-0.1093,0.6967
7176-92135-0009,7021,0,0.0233,0.5981
7176-92135-0009,7127,0,0.0666,0.5265
7176-92135-0009,7176,1,-0.1891,0.6642
7176-92135-0009,7729,0,0.1065,0.6399
7176-92135-0009,8224,0,0.0221,0.7815
7176-92135-0009,8230,0,-0.0304,0.7111
7176-92135-0009,8455,0,0.119,0.6298
7176-92135-0009,908,0,-0.1035,0.762
7176-92135-0022,1089,0,0.1807,0.8371
7176-92135-0022,1188,0,0.1675,0.8731
7176-92135-0022,1320,0,0.1098,0.7304
7176-92135-0022,2300,0,0.1343,0.483
7176-92135-0022,260,0,0.0359,0.9007
7176-92135-0022,2830,0,0.1789,0.8362
7176-92135-0022,4077,0,0.0025,0.7779
7176-92135-0022,5105,0,-0.0712,0.7568
7176-92135-0022,5639,0,0.2262,0.8978
7176-92135-0022,61,0,-0.0053,0.8519
7176-92135-0022,672,0,0.1847,0.8824
7176-92135-0022,6930,0,-0.003,0.7883
7176-92135-0022,7021,0,0.0346,0.6835
7176-92135-0022,7127,0,0.2139,0.6873
7176-92135-0022,7176,1,-0.1474,0.8636
7176-92135-0022,7729,0,0.1324,0.8032
7176-92135-0022,8224,0,-0.0089,0.758
7176-92135-0022,8230,0,0.08,0.887
7176-92135-0022,8455,0,0.0915,0.7272
7176-92135-0022,908,0,-0.1552,0.839
7176-92135-0042,1089,0,0.1118,0.7432
7176-92135-0042,1188,0,0.1579,0.8017
7176-92135-0042,1320,0,0.0557,0.6195
7176-92135-0042,2300,0,0.0639,0.3523
7176-92135-0042,260,0,-0.0324,0.832
7176-92135-0042,2830,0,0.0973,0.7805
7176-92135-0042,4077,0,-0.0033,0.6793
7176-92135-0042,5105,0,-0.0566,0.6529
7176-92135-0042,5639,0,0.2153,0.8548
7176-92135-0042,61,0,0.0092,0.7889
7176-92135-0042,672,0,0.1585,0.8151
7176-92135-0042,6930,0,-0.0552,0.7377
7176-92135-0042,7021,0,0.0351,0.5554
7176-92135-0042,7127,0,0.0594,0.5687
7176-92135-0042,7176,1,-0.2021,0.8057
7176-92135-0042,7729,0,0.0197,0.6941
7176-92135-0042,8224,0,0.0164,0.7497
7176-92135-0042,8230,0,0.1437,0.8475
7176-92135-0042,8455,0,0.1263,0.649
7176-92135-0042,908,0,-0.1451,0.7354
7729-102255-0012,1089,0,0.1657,0.9268
7729-102255-0012,1188,0,0.1859,0.9183
7729-102255-0012,1320,0,0.2772,0.869
7729-102255-0012,2300,0,0.1816,0.6875
7729-102255-0012,260,0,0.1614,0.9162
7729-102255-0012,2830,0,0.1597,0.8459
7729-102255-0012,4077,0,0.07,0.8787
7729-102255-0012,5105,0,0.0734,0.8625
7729-102255-0012,5639,0,0.11,0.844
7729-102255-0012,61,0,0.0234,0.8626
7729-102255-0012,672,0,0.1921,0.9209
7729-102255-0012,6930,0,-0.0371,0.8334
7729-102255-0012,7021,0,0.1337,0.8212
7729-102255-0012,7127,0,0.3724,0.8429
7729-102255-0012,7176,0,-0.1161,0.8793
7729-102255-0012,7729,1,0.2939,0.8849
7729-102255-0012,8224,0,0.0168,0.7262
7729-102255-0012,8230,0,0.062,0.8906
7729-102255-0012,8455,0,0.1366,0.8668
7729-102255-0012,908,0,-0.0092,0.8834
7729-102255-0018,1089,0,0.2467,0.8537
7729-102255-0018,1188,0,0.2237,0.8937
7729-102255-0018,1320,0,0.2041,0.7821
7729-102255-0018,2300,0,0.0965,0.5616
7729-102255-0018,260,0,0.1952,0.9312
7729-102255-0018,2830,0,0.2671,0.8462
7729-102255-0018,4077,0,0.035,0.8259
7729-102255-0018,5105,0,0.1222,0.8133
7729-102255-0018,5639,0,0.174,0.9189
7729-102255-0018,61,0,0.0568,0.8796
7729-102255-0018,672,0,0.3339,0.9087
7729-102255-0018,6930,0,-0.0054,0.8289
7729-102255-0018,7021,0,0.048,0.7391
7729-102255-0018,7127,0,0.1843,0.7302
7729-102255-0018,7176,0,-0.0688,0.8739
7729-102255-0018,7729,1,0.1502,0.8454
7729-102255-0018,8224,0,0.116,0.8086
7729-102255-0018,8230,0,0.1195,0.8866
7729-102255-0018,8455,0,0.165,0.7825
7729-102255-0018,908,0,-0.0346,0.8673
7729-102255-0023,1089,0,0.1941,0.7555
7729-102255-0023,1188,0,0.1646,0.819
7729-102255-0023,1320,0,0.1486,0.6443
7729-102255-0023,2300,0,0.2252,0.4315
7729-102255-0023,260,0,0.0442,0.8569
7729-102255-0023,2830,0,0.1738,0.7796
7729-102255-0023,4077,0,0.1145,0.7286
7729-102255-0023,5105,0,0.007,0.6939
7729-102255-0023,5639,0,0.2963,0.8864
7729-102255-0023,61,0,0.0721,0.8425
7729-102255-0023,672,0,0.1686,0.8206
7729-102255-0023,6930,0,0.0313,0.7376
7729-102255-0023,7021,0,0.082,0.6154
7729-102255-0023,7127,0,0.1831,0.5953
7729-102255-0023,7176,0,-0.0461,0.8336
7729-102255-0023,7729,1,0.1306,0.7919
7729-102255-0023,8224,0,0.0982,0.7765
7729-102255-0023,8230,0,0.0889,0.8405
7729-102255-0023,8455,0,0.1959,0.6526
7729-102255-0023,908,0,-0.0713,0.7998
7729-102255-0024,1089,0,0.0984,0.8177
7729-102255-0024,1188,0,0.1431,0.8459
7729-102255-0024,1320,0,0.1349,0.7435
7729-102255-0024,2300,0,0.1359,0.5404
7729-102255-0024,260,0,0.0988,0.8759
7729-102255-0024,2830,0,0.1183,0.7821
7729-102255-0024,4077,0,0.0421,0.7854
7729-102255-0024,5105,0,-0.0652,0.7513
7729-102255-0024,5639,0,0.2034,0.8847
7729-102255-0024,61,0,-0.0044,0.7912
7729-102255-0024,672,0,0.2366,0.8863
7729-102255-0024,6930,0,-0.0364,0.7962
7729-102255-0024,7021,0,0.0158,0.6889
7729-102255-0024,7127,0,0.1652,0.6848
7729-102255-0024,7176,0,-0.1603,0.7936
7729-102255-0024,7729,1,0.1447,0.7823
7729-102255-0024,8224,0,0.0428,0.7967
7729-102255-0024,8230,0,-0.0292,0.8183
7729-102255-0024,8455,0,0.1218,0.7724
7729-102255-0024,908,0,-0.1341,0.8202
7729-102255-0030,1089,0,0.0798,0.7702
7729-102255-0030,1188,0,0.129,0.8139
7729-102255-0030,1320,0,0.0649,0.6683
7729-102255-0030,2300,0,0.1253,0.4263
7729-102255-0030,260,0,0.0682,0.8301
7729-102255-0030,2830,0,0.1635,0.7823
7729-102255-0030,4077,0,0.0478,0.7165
7729-102255-0030,5105,0,-0.0065,0.6918
7729-102255-0030,5639,0,0.2314,0.8741
7729-102255-0030,61,0,0.0724,0.7831
7729-102255-0030,672,0,0.2117,0.8377
7729-102255-0030,6930,0,-0.0464,0.7679
7729-102255-0030,7021,0,-0.0229,0.598
7729-102255-0030,7127,0,0.0962,0.6207
7729-102255-0030,7176,0,-0.099,0.7878
7729-102255-0030,7729,1,0.1765,0.7371
7729-102255-0030,8224,0,0.1286,0.8026
7729-102255-0030,8230,0,0.0525,0.8264
7729-102255-0030,8455,0,0.0638,0.69
7729-102255-0030,908,0,-0.0963,0.7691
7729-102255-0031,1089,0,0.2021,0.8606
7729-102255-0031,1188,0,0.1321,0.8819
7729-102255-0031,1320,0,0.0953,0.7868
7729-102255-0031,2300,0,0.1497,0.5894
7729-102255-0031,260,0,0.0119,0.9032
7729-102255-0031,2830,0,0.2008,0.8407
7729-102255-0031,4077,0,0.0498,0.8546
7729-102255-0031,5105,0,0.0494,0.8334
7729-102255-0031,5639,0,0.2273,0.9224
7729-102255-0031,61,0,0.1559,0.8848
7729-102255-0031,672,0,0.0791,0.889
7729-102255-0031,6930,0,0.047,0.8118
7729-102255-0031,7021,0,0.0363,0.7619
7729-102255-0031,7127,0,0.1647,0.7665
7729-102255-0031,7176,0,-0.053,0.8705
7729-102255-0031,7729,1,0.2358,0.9061
7729-102255-0031,8224,0,0.0797,0.7743
7729-102255-0031,8230,0,0.1655,0.8727
7729-102255-0031,8455,0,0.1134,0.7602
7729-102255-0031,908,0,-0.1271,0.8781
7729-102255-0035,1089,0,0.1949,0.8946
7729-102255-0035,1188,0,0.2569,0.9203
7729-102255-0035,1320,0,0.1746,0.8206
7729-102255-0035,2300,0,0.2157,0.6425
7729-102255-0035,260,0,0.1296,0.9365
7729-102255-0035,2830,0,0.1148,0.849
7729-102255-0035,4077,0,0.1964,0.866
7729-102255-0035,5105,0,0.1446,0.8464
7729-102255-0035,5639,0,0.1355,0.8884
7729-102255-0035,61,0,0.2508,0.9
7729-102255-0035,672,0,0.0983,0.9114
7729-102255-0035,6930,0,-0.0446,0.8202
7729-102255-0035,7021,0,0.078,0.7963
7729-102255-0035,7127,0,0.1814,0.7864
7729-102255-0035,7176,0,0.0654,0.8952
7729-102255-0035,7729,1,0.233,0.8919
7729-102255-0035,8224,0,0.1649,0.7741
7729-102255-0035,8230,0,0.2047,0.9021
7729-102255-0035,8455,0,0.1804,0.8173
7729-102255-0035,908,0,-0.0248,0.8887
7729-102255-0037,1089,0,0.2104,0.8587
7729-102255-0037,1188,0,0.1611,0.8611
7729-102255-0037,1320,0,0.112,0.7827
7729-102255-0037,2300,0,0.1808,0.6031
7729-102255-0037,260,0,0.0541,0.9006
7729-102255-0037,2830,0,0.1481,0.7859
7729-102255-0037,4077,0,0.1116,0.8516
7729-102255-0037,5105,0,0.0298,0.8093
7729-102255-0037,5639,0,0.2399,0.9151
7729-102255-0037,61,0,0.1362,0.8492
7729-102255-0037,672,0,0.1612,0.9
7729-102255-0037,6930,0,-0.0084,0.8088
7729-102255-0037,7021,0,0.0281,0.7608
7729-102255-0037,7127,0,0.2411,0.7347
7729-102255-0037,7176,0,0.0044,0.839
7729-102255-0037,7729,1,0.2644,0.8807
7729-102255-0037,8224,0,0.0517,0.7859
7729-102255-0037,8230,0,0.1038,0.8376
7729-102255-0037,8455,0,0.076,0.7838
7729-102255-0037,908,0,-0.0175,0.8916
7729-102255-0039,1089,0,0.2126,0.8811
7729-102255-0039,1188,0,0.2456,0.892
7729-102255-0039,1320,0,0.1096,0.7969
7729-102255-0039,2300,0,0.188,0.6084
7729-102255-0039,260,0,0.131,0.9351
7729-102255-0039,2830,0,0.2522,0.8329
7729-102255-0039,4077,0,0.157,0.8739
7729-102255-0039,5105,0,0.0501,0.8311
7729-102255-0039,5639,0,0.2229,0.9118
7729-102255-0039,61,0,0.1477,0.9067
7729-102255-0039,672,0,0.1865,0.9169
7729-102255-0039,6930,0,-0.0543,0.8122
7729-102255-0039,7021,0,0.1098,0.7775
7729-102255-0039,7127,0,0.245,0.7662
7729-102255-0039,7176,0,0.0774,0.9116
7729-102255-0039,7729,1,0.2842,0.8987
7729-102255-0039,8224,0,0.1298,0.7515
7729-102255-0039,8230,0,0.2327,0.8948
7729-102255-0039,8455,0,0.1591,0.7935
7729-102255-0039,908,0,0.0005,0.9004
7729-102255-0040,1089,0,0.1903,0.838
7729-102255-0040,1188,0,0.2086,0.869
7729-102255-0040,1320,0,0.0712,0.7589
7729-102255-0040,2300,0,0.1823,0.5439
7729-102255-0040,260,0,0.0836,0.9042
7729-102255-0040,2830,0,0.215,0.8218
7729-102255-0040,4077,0,0.0711,0.7993
7729-102255-0040,5105,0,0.0769,0.795
7729-102255-0040,5639,0,0.2137,0.9033
7729-102255-0040,61,0,0.1401,0.8688
7729-102255-0040,672,0,0.1372,0.8957
7729-102255-0040,6930,0,0.0178,0.8433
7729-102255-0040,7021,0,0.0711,0.7206
7729-102255-0040,7127,0,0.1933,0.6964
7729-102255-0040,7176,0,-0.0364,0.8604
7729-102255-0040,7729,1,0.1951,0.8192
7729-102255-0040,8224,0,0.0226,0.8309
7729-102255-0040,8230,0,0.1678,0.8731
7729-102255-0040,8455,0,0.0977,0.7734
7729-102255-0040,908,0,-0.0719,0.8565
8224-274381-0007,1089,0,0.1489,0.7663
8224-274381-0007,1188,0,0.1883,0.797
8224-274381-0007,1320,0,0.1216,0.6612
8224-274381-0007,2300,0,0.1157,0.4067
8224-274381-0007,260,0,0.0734,0.8042
8224-274381-0007,2830,0,0.2089,0.7373
8224-274381-0007,4077,0,0.0331,0.7085
8224-274381-0007,5105,0,-0.0052,0.6946
8224-274381-0007,5639,0,0.2554,0.9079
8224-274381-0007,61,0,0.0384,0.7448
8224-274381-0007,672,0,0.2695,0.8455
8224-274381-0007,6930,0,-0.0798,0.7064
8224-274381-0007,7021,0,0.0155,0.6083
8224-274381-0007,7127,0,0.1842,0.606
8224-274381-0007,7176,0,-0.1029,0.7475
8224-274381-0007,7729,0,0.141,0.733
8224-274381-0007,8224,1,-0.0337,0.8245
8224-274381-0007,8230,0,0.0441,0.7889
8224-274381-0007,8455,0,0.0794,0.6507
8224-274381-0007,908,0,-0.0622,0.7824
8224-274381-0010,1089,0,0.1659,0.7791
8224-274381-0010,1188,0,0.1149,0.8091
8224-274381-0010,1320,0,0.1181,0.6746
8224-274381-0010,2300,0,0.117,0.4421
8224-274381-0010,260,0,-0.0844,0.8034
8224-274381-0010,2830,0,0.2313,0.7607
8224-274381-0010,4077,0,0.0194,0.7223
8224-274381-0010,5105,0,0.0241,0.724
8224-274381-0010,5639,0,0.2603,0.9203
8224-274381-0010,61,0,0.0078,0.7611
8224-274381-0010,672,0,0.1528,0.847
8224-274381-0010,6930,0,-0.0571,0.7063
8224-274381-0010,7021,0,-0.039,0.6367
8224-274381-0010,7127,0,0.1639,0.6369
8224-274381-0010,7176,0,-0.1348,0.747
8224-274381-0010,7729,0,0.1518,0.7594
8224-274381-0010,8224,1,0.09,0.8582
8224-274381-0010,8230,0,0.0368,0.7949
8224-274381-0010,8455,0,0.0842,0.6418
8224-274381-0010,908,0,-0.1058,0.7835
8224-274381-0011,1089,0,0.1329,0.6947
8224-274381-0011,1188,0,0.1272,0.7133
8224-274381-0011,1320,0,0.1387,0.6033
8224-274381-0011,2300,0,0.2271,0.402
8224-274381-0011,260,0,0.0819,0.744
8224-274381-0011,2830,0,0.1704,0.6583
8224-274381-0011,4077,0,0.086,0.6554
8224-274381-0011,5105,0,-0.0334,0.6711
8224-274381-0011,5639,0,0.2596,0.8829
8224-274381-0011,61,0,0.1527,0.7154
8224-274381-0011,672,0,0.2542,0.8049
8224-274381-0011,6930,0,-0.0999,0.6598
8224-274381-0011,7021,0,0.044,0.6062
8224-274381-0011,7127,0,0.2133,0.5278
8224-274381-0011,7176,0,-0.045,0.6833
8224-274381-0011,7729,0,0.2966,0.7032
8224-274381-0011,8224,1,0.0397,0.8363
8224-274381-0011,8230,0,0.1194,0.7026
8224-274381-0011,8455,0,0.0681,0.5778
8224-274381-0011,908,0,-0.1167,0.7744
8224-274381-0013,1089,0,0.1704,0.7517
8224-274381-0013,1188,0,0.1204,0.7585
8224-274381-0013,1320,0,0.1182,0.6381
8224-274381-0013,2300,0,0.2086,0.399
8224-274381-0013,260,0,0.0795,0.7703
8224-274381-0013,2830,0,0.2011,0.6992
8224-274381-0013,4077,0,-0.0336,0.6969
8224-274381-0013,5105,0,-0.051,0.6753
8224-274381-0013,5639,0,0.2489,0.8803
8224-274381-0013,61,0,0.03,0.7335
8224-274381-0013,672,0,0.2044,0.835
8224-274381-0013,6930,0,-0.0889,0.6818
8224-274381-0013,7021,0,-0.0038,0.5907
8224-274381-0013,7127,0,0.1877,0.5832
8224-274381-0013,7176,0,-0.1696,0.7465
8224-274381-0013,7729,0,0.1399,0.6963
8224-274381-0013,8224,1,0.0485,0.8631
8224-274381-0013,8230,0,0.074,0.7646
8224-274381-0013,8455,0,0.0682,0.6224
8224-274381-0013,908,0,-0.1673,0.7631
8224-274384-0002,1089,0,0.1722,0.746
8224-274384-0002,1188,0,0.0615,0.7355
8224-274384-0002,1320,0,0.1419,0.632
8224-274384-0002,2300,0,0.1584,0.4232
8224-274384-0002,260,0,0.0792,0.7722
8224-274384-0002,2830,0,0.0706,0.6654
8224-274384-0002,4077,0,0.0969,0.7215
8224-274384-0002,5105,0,-0.0418,0.6789
8224-274384-0002,5639,0,0.2078,0.9136
8224-274384-0002,61,0,0.0545,0.7334
8224-274384-0002,672,0,0.2059,0.8303
8224-274384-0002,6930,0,-0.0512,0.685
8224-274384-0002,7021,0,0.0309,0.6087
8224-274384-0002,7127,0,0.1193,0.5767
8224-274384-0002,7176,0,-0.1321,0.7131
8224-274384-0002,7729,0,0.2097,0.7362
8224-274384-0002,8224,1,0.1102,0.8283
8224-274384-0002,8230,0,0.0356,0.7378
8224-274384-0002,8455,0,0.1356,0.629
8224-274384-0002,908,0,-0.1868,0.7899
8224-274384-0006,1089,0,0.1326,0.8257
8224-274384-0006,1188,0,0.1181,0.8099
8224-274384-0006,1320,0,0.175,0.7417
8224-274384-0006,2300,0,0.2393,0.5475
8224-274384-0006,260,0,0.0025,0.8053
8224-274384-0006,2830,0,0.1272,0.7124
8224-274384-0006,4077,0,0.0327,0.7392
8224-274384-0006,5105,0,-0.0291,0.7578
8224-274384-0006,5639,0,0.1864,0.8715
8224-274384-0006,61,0,-0.0435,0.7362
8224-274384-0006,672,0,0.1754,0.8842
8224-274384-0006,6930,0,-0.062,0.7343
8224-274384-0006,7021,0,0.1016,0.7166
8224-274384-0006,7127,0,0.1811,0.6641
8224-274384-0006,7176,0,-0.1141,0.7321
8224-274384-0006,7729,0,0.2155,0.7491
8224-274384-0006,8224,1,0.1046,0.8494
8224-274384-0006,8230,0,-0.0377,0.7691
8224-274384-0006,8455,0,0.1605,0.7298
8224-274384-0006,908,0,-0.1376,0.8332
8224-274384-0007,1089,0,0.1338,0.7678
8224-274384-0007,1188,0,0.0764,0.785
8224-274384-0007,1320,0,0.0437,0.6704
8224-274384-0007,2300,0,0.1977,0.4703
8224-274384-0007,260,0,0.0724,0.8063
8224-274384-0007,2830,0,0.1457,0.7026
8224-274384-0007,4077,0,0.0391,0.7183
8224-274384-0007,5105,0,0.0074,0.7024
8224-274384-0007,5639,0,0.1211,0.8913
8224-274384-0007,61,0,0.0011,0.7337
8224-274384-0007,672,0,0.1337,0.8417
8224-274384-0007,6930,0,-0.1207,0.6959
8224-274384-0007,7021,0,0.0699,0.6509
8224-274384-0007,7127,0,0.1469,0.6087
8224-274384-0007,7176,0,-0.1237,0.7153
8224-274384-0007,7729,0,0.156,0.7432
8224-274384-0007,8224,1,0.1261,0.8087
8224-274384-0007,8230,0,-0.008,0.7516
8224-274384-0007,8455,0,0.1492,0.664
8224-274384-0007,908,0,-0.1396,0.8024
8224-274384-0008,1089,0,0.2181,0.797
8224-274384-0008,1188,0,0.188,0.7867
8224-274384-0008,1320,0,0.1255,0.697
8224-274384-0008,2300,0,0.1792,0.4639
8224-274384-0008,260,0,0.0517,0.7923
8224-274384-0008,2830,0,0.2025,0.7227
8224-274384-0008,4077,0,0.048,0.7226
8224-274384-0008,5105,0,0.0543,0.7377
8224-274384-0008,5639,0,0.2192,0.9088
8224-274384-0008,61,0,0.0408,0.7474
8224-274384-0008,672,0,0.199,0.8746
8224-274384-0008,6930,0,-0.0478,0.7281
8224-274384-0008,7021,0,0.0661,0.6652
8224-274384-0008,7127,0,0.1829,0.6327
8224-274384-0008,7176,0,-0.1068,0.7427
8224-274384-0008,7729,0,0.2385,0.7347
8224-274384-0008,8224,1,0.0263,0.8664
8224-274384-0008,8230,0,0.1051,0.7822
8224-274384-0008,8455,0,0.0962,0.6758
8224-274384-0008,908,0,-0.1238,0.8107
8224-274384-0009,1089,0,0.1611,0.7101
8224-274384-0009,1188,0,0.1196,0.6761
8224-274384-0009,1320,0,0.1272,0.619
8224-274384-0009,2300,0,0.2243,0.3972
8224-274384-0009,260,0,0.1414,0.6927
8224-274384-0009,2830,0,0.1899,0.6019
8224-274384-0009,4077,0,0.0057,0.6422
8224-274384-0009,5105,0,-0.0179,0.6551
8224-274384-0009,5639,0,0.2591,0.8409
8224-274384-0009,61,0,0.0895,0.6329
8224-274384-0009,672,0,0.3647,0.813
8224-274384-0009,6930,0,-0.0695,0.6608
8224-274384-0009,7021,0,0.1186,0.5889
8224-274384-0009,7127,0,0.2795,0.5376
8224-274384-0009,7176,0,-0.0406,0.6415
8224-274384-0009,7729,0,0.153,0.617
8224-274384-0009,8224,1,0.103,0.8655
8224-274384-0009,8230,0,0.1461,0.6655
8224-274384-0009,8455,0,0.1921,0.6107
8224-274384-0009,908,0,-0.177,0.7344
8224-274384-0013,1089,0,0.2167,0.7359
8224-274384-0013,1188,0,0.1472,0.77
8224-274384-0013,1320,0,0.0442,0.6072
8224-274384-0013,2300,0,0.2234,0.3681
8224-274384-0013,260,0,-0.0184,0.7742
8224-274384-0013,2830,0,0.2128,0.7356
8224-274384-0013,4077,0,0.1355,0.6355
8224-274384-0013,5105,0,0.0525,0.6792
8224-274384-0013,5639,0,0.2605,0.8769
8224-274384-0013,61,0,0.1172,0.7556
8224-274384-0013,672,0,0.1425,0.811
8224-274384-0013,6930,0,-0.0649,0.6832
8224-274384-0013,7021,0,0.0837,0.6047
8224-274384-0013,7127,0,0.1692,0.5463
8224-274384-0013,7176,0,-0.0874,0.7233
8224-274384-0013,7729,0,0.1613,0.6967
8224-274384-0013,8224,1,0.2069,0.8165
8224-274384-0013,8230,0,0.2333,0.7908
8224-274384-0013,8455,0,0.1857,0.5778
8224-274384-0013,908,0,-0.135,0.7648
8230-279154-0000,1089,0,0.2518,0.8187
8230-279154-0000,1188,0,0.228,0.8297
8230-279154-0000,1320,0,0.1887,0.7303
8230-279154-0000,2300,0,0.1675,0.474
8230-279154-0000,260,0,0.1271,0.8732
8230-279154-0000,2830,0,0.203,0.7976
8230-279154-0000,4077,0,0.1519,0.8006
8230-279154-0000,5105,0,0.099,0.781
8230-279154-0000,5639,0,0.3887,0.9499
8230-279154-0000,61,0,0.0966,0.8323
8230-279154-0000,672,0,0.3551,0.8898
8230-279154-0000,6930,0,0.0092,0.7831
8230-279154-0000,7021,0,0.1686,0.6962
8230-279154-0000,7127,0,0.2406,0.6928
8230-279154-0000,7176,0,-0.0436,0.8291
8230-279154-0000,7729,0,0.2512,0.8271
8230-279154-0000,8224,0,0.0619,0.7865
8230-279154-0000,8230,1,0.1672,0.8388
8230-279154-0000,8455,0,0.2088,0.7042
8230-279154-0000,908,0,-0.1328,0.8631
8230-279154-0004,1089,0,0.2138,0.8093
8230-279154-0004,1188,0,0.1636,0.824
8230-279154-0004,1320,0,0.0996,0.6953
8230-279154-0004,2300,0,0.0986,0.4446
8230-279154-0004,260,0,0.1125,0.8673
8230-279154-0004,2830,0,0.2103,0.7875
8230-279154-0004,4077,0,0.1028,0.7616
8230-279154-0004,5105,0,-0.0076,0.7293
8230-279154-0004,5639,0,0.2158,0.9156
8230-279154-0004,61,0,0.0422,0.8165
8230-279154-0004,672,0,0.1788,0.8705
8230-279154-0004,6930,0,0.0315,0.7811
8230-279154-0004,7021,0,0.0244,0.6481
8230-279154-0004,7127,0,0.1377,0.6453
8230-279154-0004,7176,0,-0.06,0.8154
8230-279154-0004,7729,0,0.1205,0.7712
8230-279154-0004,8224,0,0.0343,0.7947
8230-279154-0004,8230,1,0.1485,0.8457
8230-279154-0004,8455,0,0.1211,0.6992
8230-279154-0004,908,0,-0.0714,0.8255
8230-279154-0016,1089,0,0.2399,0.827
8230-279154-0016,1188,0,0.1165,0.863
8230-279154-0016,1320,0,0.0749,0.7129
8230-279154-0016,2300,0,0.0824,0.4525
8230-279154-0016,260,0,0.1533,0.8977
8230-279154-0016,2830,0,0.2462,0.8448
8230-279154-0016,4077,0,0.0385,0.7671
8230-279154-0016,5105,0,0.0799,0.7496
8230-279154-0016,5639,0,0.2912,0.8857
8230-279154-0016,61,0,0.0353,0.8773
8230-279154-0016,672,0,0.1599,0.8731
8230-279154-0016,6930,0,0.0158,0.7978
8230-279154-0016,7021,0,0.0729,0.6653
8230-279154-0016,7127,0,0.1657,0.6716
8230-279154-0016,7176,0,-0.0284,0.8895
8230-279154-0016,7729,0,0.1222,0.7964
8230-279154-0016,8224,0,0.1,0.7382
8230-279154-0016,8230,1,0.2189,0.9102
8230-279154-0016,8455,0,0.1017,0.7125
8230-279154-0016,908,0,-0.0391,0.8311
8230-279154-0018,1089,0,0.1918,0.8333
8230-279154-0018,1188,0,0.2496,0.8629
8230-279154-0018,1320,0,0.1314,0.746
8230-279154-0018,2300,0,0.1887,0.519
8230-279154-0018,260,0,0.0939,0.9057
8230-279154-0018,2830,0,0.2271,0.8269
8230-279154-0018,4077,0,0.1478,0.813
8230-279154-0018,5105,0,0.0438,0.7798
8230-279154-0018,5639,0,0.2063,0.9206
8230-279154-0018,61,0,0.1072,0.8618
8230-279154-0018,672,0,0.2189,0.8805
8230-279154-0018,6930,0,-0.0487,0.8233
8230-279154-0018,7021,0,0.0634,0.6996
8230-279154-0018,7127,0,0.2026,0.7064
8230-279154-0018,7176,0,-0.0882,0.8609
8230-279154-0018,7729,0,0.204,0.8312
8230-279154-0018,8224,0,0.0706,0.7934
8230-279154-0018,8230,1,0.1985,0.8767
8230-279154-0018,8455,0,0.1825,0.7547
8230-279154-0018,908,0,-0.0917,0.8429
8230-279154-0020,1089,0,0.2205,0.8033
8230-279154-0020,1188,0,0.2382,0.8496
8230-279154-0020,1320,0,0.1155,0.6881
8230-279154-0020,2300,0,0.1604,0.4535
8230-279154-0020,260,0,0.159,0.881
8230-279154-0020,2830,0,0.2627,0.8223
8230-279154-0020,4077,0,0.0319,0.7564
8230-279154-0020,5105,0,-0.0026,0.7253
8230-279154-0020,5639,0,0.1701,0.8931
8230-279154-0020,61,0,0.084,0.8513
8230-279154-0020,672,0,0.1478,0.8519
8230-279154-0020,6930,0,0.0427,0.7796
8230-279154-0020,7021,0,0.0661,0.6512
8230-279154-0020,7127,0,0.1576,0.6489
8230-279154-0020,7176,0,-0.0118,0.8622
8230-279154-0020,7729,0,0.1438,0.8049
8230-279154-0020,8224,0,0.0586,0.7443
8230-279154-0020,8230,1,0.1753,0.8805
8230-279154-0020,8455,0,0.1413,0.6954
8230-279154-0020,908,0,-0.0403,0.822
8230-279154-0022,1089,0,0.2765,0.759
8230-279154-0022,1188,0,0.1415,0.7913
8230-279154-0022,1320,0,0.1683,0.6396
8230-279154-0022,2300,0,0.1558,0.391
8230-279154-0022,260,0,0.0809,0.8357
8230-279154-0022,2830,0,0.154,0.7514
8230-279154-0022,4077,0,0.0687,0.7051
8230-279154-0022,5105,0,0.1068,0.6847
8230-279154-0022,5639,0,0.2292,0.8998
8230-279154-0022,61,0,0.1245,0.797
8230-279154-0022,672,0,0.1636,0.8404
8230-279154-0022,6930,0,0.0259,0.7374
8230-279154-0022,7021,0,0.1431,0.6043
8230-279154-0022,7127,0,0.1469,0.5741
8230-279154-0022,7176,0,-0.0425,0.7891
8230-279154-0022,7729,0,0.1414,0.7451
8230-279154-0022,8224,0,0.07,0.7883
8230-279154-0022,8230,1,0.2647,0.8167
8230-279154-0022,8455,0,0.2163,0.642
8230-279154-0022,908,0,-0.0611,0.8027
8230-279154-0023,1089,0,0.1122,0.8762
8230-279154-0023,1188,0,0.067,0.8791
8230-279154-0023,1320,0,0.0941,0.8199
8230-279154-0023,2300,0,0.1134,0.6288
8230-279154-0023,260,0,0.0743,0.932
8230-279154-0023,2830,0,0.1185,0.8179
8230-279154-0023,4077,0,-0.0171,0.8513
8230-279154-0023,5105,0,-0.0047,0.8385
8230-279154-0023,5639,0,0.126,0.9078
8230-279154-0023,61,0,0.0735,0.8763
8230-279154-0023,672,0,0.128,0.9194
8230-279154-0023,6930,0,-0.0229,0.8598
8230-279154-0023,7021,0,0.0199,0.7879
8230-279154-0023,7127,0,0.1358,0.7521
8230-279154-0023,7176,0,-0.134,0.8675
8230-279154-0023,7729,0,0.1959,0.8647
8230-279154-0023,8224,0,0.0853,0.7976
8230-279154-0023,8230,1,0.1064,0.8668
8230-279154-0023,8455,0,0.1883,0.8264
8230-279154-0023,908,0,-0.1275,0.8991
8230-279154-0028,1089,0,0.2501,0.8556
8230-279154-0028,1188,0,0.1779,0.8929
8230-279154-0028,1320,0,0.1048,0.7691
8230-279154-0028,2300,0,0.1787,0.531
8230-279154-0028,260,0,0.1015,0.9252
8230-279154-0028,2830,0,0.2614,0.8649
8230-279154-0028,4077,0,0.0688,0.8063
8230-279154-0028,5105,0,0.0506,0.8029
8230-279154-0028,5639,0,0.3503,0.9058
8230-279154-0028,61,0,0.0854,0.8863
8230-279154-0028,672,0,0.1759,0.8999
8230-279154-0028,6930,0,-0.0132,0.8321
8230-279154-0028,7021,0,0.0533,0.727
8230-279154-0028,7127,0,0.2934,0.7248
8230-279154-0028,7176,0,0.008,0.8913
8230-279154-0028,7729,0,0.2245,0.8389
8230-279154-0028,8224,0,0.0064,0.7739
8230-279154-0028,8230,1,0.1748,0.9068
8230-279154-0028,8455,0,0.0806,0.7606
8230-279154-0028,908,0,-0.0747,0.8663
8230-279154-0029,1089,0,0.1386,0.7688
8230-279154-0029,1188,0,0.1608,0.8269
8230-279154-0029,1320,0,0.1005,0.6542
8230-279154-0029,2300,0,0.2395,0.381
8230-279154-0029,260,0,0.073,0.8704
8230-279154-0029,2830,0,0.2138,0.8235
8230-279154-0029,4077,0,0.0843,0.7336
8230-279154-0029,5105,0,-0.0201,0.6829
8230-279154-0029,5639,0,0.2564,0.8927
8230-279154-0029,61,0,0.092,0.8054
8230-279154-0029,672,0,0.1799,0.8253
8230-279154-0029,6930,0,-0.036,0.7443
8230-279154-0029,7021,0,-0.0076,0.5905
8230-279154-0029,7127,0,0.25,0.6347
8230-279154-0029,7176,0,-0.0869,0.8099
8230-279154-0029,7729,0,0.1625,0.75
8230-279154-0029,8224,0,0.024,0.7044
8230-279154-0029,8230,1,0.1742,0.8485
8230-279154-0029,8455,0,0.1538,0.6512
8230-279154-0029,908,0,-0.1222,0.7714
8230-279154-0030,1089,0,0.2929,0.8371
8230-279154-0030,1188,0,0.2644,0.8858
8230-279154-0030,1320,0,0.1692,0.7437
8230-279154-0030,2300,0,0.2422,0.4697
8230-279154-0030,260,0,0.1175,0.9039
8230-279154-0030,2830,0,0.2665,0.8657
8230-279154-0030,4077,0,0.2608,0.8059
8230-279154-0030,5105,0,0.0531,0.7753
8230-279154-0030,5639,0,0.1535,0.9155
8230-279154-0030,61,0,0.1621,0.8619
8230-279154-0030,672,0,0.184,0.8782
8230-279154-0030,6930,0,-0.0129,0.7906
8230-279154-0030,7021,0,0.0558,0.6762
8230-279154-0030,7127,0,0.2567,0.7267
8230-279154-0030,7176,0,-0.0251,0.8786
8230-279154-0030,7729,0,0.1612,0.8258
8230-279154-0030,8224,0,0.0982,0.757
8230-279154-0030,8230,1,0.2185,0.8965
8230-279154-0030,8455,0,0.2714,0.7236
8230-279154-0030,908,0,-0.0659,0.8328
8455-210777-0011,1089,0,0.3514,0.8949
8455-210777-0011,1188,0,0.2312,0.9118
8455-210777-0011,1320,0,0.1774,0.8187
8455-210777-0011,2300,0,0.1399,0.5394
8455-210777-0011,260,0,0.1596,0.9109
8455-210777-0011,2830,0,0.387,0.8713
8455-210777-0011,4077,0,0.1085,0.7796
8455-210777-0011,5105,0,0.1291,0.8205
8455-210777-0011,5639,0,0.2033,0.8771
8455-210777-0011,61,0,0.0537,0.8347
8455-210777-0011,672,0,0.2372,0.9326
8455-210777-0011,6930,0,-0.0906,0.834
8455-210777-0011,7021,0,0.1402,0.745
8455-210777-0011,7127,0,0.2713,0.7555
8455-210777-0011,7176,0,-0.0041,0.8554
8455-210777-0011,7729,0,0.1792,0.7686
8455-210777-0011,8224,0,0.0926,0.7962
8455-210777-0011,8230,0,0.227,0.9123
8455-210777-0011,8455,1,0.1436,0.8009
8455-210777-0011,908,0,-0.1203,0.8495
8455-210777-0014,1089,0,0.1773,0.8522
8455-210777-0014,1188,0,0.2443,0.872
8455-210777-0014,1320,0,0.1955,0.876
8455-210777-0014,2300,0,0.1202,0.7097
8455-210777-0014,260,0,0.1302,0.9248
8455-210777-0014,2830,0,0.2404,0.8131
8455-210777-0014,4077,0,0.1565,0.9089
8455-210777-0014,5105,0,0.0466,0.9053
8455-210777-0014,5639,0,0.1625,0.8854
8455-210777-0014,61,0,0.0498,0.858
8455-210777-0014,672,0,0.2391,0.9056
8455-210777-0014,6930,0,-0.0615,0.8537
8455-210777-0014,7021,0,0.0673,0.8379
8455-210777-0014,7127,0,0.2942,0.8394
8455-210777-0014,7176,0,-0.0365,0.8484
8455-210777-0014,7729,0,0.1028,0.893
8455-210777-0014,8224,0,0.0115,0.7986
8455-210777-0014,8230,0,0.0349,0.7992
8455-210777-0014,8455,1,0.16,0.8527
8455-210777-0014,908,0,-0.0704,0.8863
8455-210777-0018,1089,0,0.1236,0.788
8455-210777-0018,1188,0,0.1599,0.8638
8455-210777-0018,1320,0,0.0817,0.6803
8455-210777-0018,2300,0,0.0384,0.4271
8455-210777-0018,260,0,0.1222,0.8917
8455-210777-0018,2830,0,0.2893,0.8435
8455-210777-0018,4077,0,-0.003,0.7511
8455-210777-0018,5105,0,0.0701,0.7316
8455-210777-0018,5639,0,0.1457,0.8873
8455-210777-0018,61,0,-0.0238,0.873
8455-210777-0018,672,0,0.0988,0.8438
8455-210777-0018,6930,0,-0.0317,0.7528
8455-210777-0018,7021,0,0.0565,0.6418
8455-210777-0018,7127,0,0.1108,0.6528
8455-210777-0018,7176,0,-0.0362,0.8782
8455-210777-0018,7729,0,0.1312,0.8084
8455-210777-0018,8224,0,0.0954,0.7356
8455-210777-0018,8230,0,0.1031,0.8901
8455-210777-0018,8455,1,0.0934,0.6693
8455-210777-0018,908,0,-0.0762,0.8133
8455-210777-0024,1089,0,0.1612,0.7951
8455-210777-0024,1188,0,0.2335,0.8551
8455-210777-0024,1320,0,0.1531,0.6898
8455-210777-0024,2300,0,0.1691,0.4343
8455-210777-0024,260,0,0.1969,0.8658
8455-210777-0024,2830,0,0.2497,0.8249
8455-210777-0024,4077,0,0.0577,0.7583
8455-210777-0024,5105,0,-0.0276,0.733
8455-210777-0024,5639,0,0.2186,0.9198
8455-210777-0024,61,0,-0.0344,0.8189
8455-210777-0024,672,0,0.2626,0.8464
8455-210777-0024,6930,0,0.0318,0.7339
8455-210777-0024,7021,0,-0.0054,0.6475
8455-210777-0024,7127,0,0.1486,0.6716
8455-210777-0024,7176,0,-0.0776,0.8158
8455-210777-0024,7729,0,0.171,0.8168
8455-210777-0024,8224,0,0.0304,0.7504
8455-210777-0024,8230,0,0.0486,0.8456
8455-210777-0024,8455,1,0.0641,0.662
8455-210777-0024,908,0,-0.0297,0.8177
8455-210777-0033,1089,0,0.2764,0.847
8455-210777-0033,1188,0,0.2312,0.8859
8455-210777-0033,1320,0,0.215,0.7818
8455-210777-0033,2300,0,0.1949,0.5482
8455-210777-0033,260,0,0.0225,0.8855
8455-210777-0033,2830,0,0.1753,0.8403
8455-210777-0033,4077,0,0.1,0.7657
8455-210777-0033,5105,0,0.0802,0.7918
8455-210777-0033,5639,0,0.2017,0.872
8455-210777-0033,61,0,0.0703,0.7972
8455-210777-0033,672,0,0.2109,0.8868
8455-210777-0033,6930,0,-0.0353,0.8221
8455-210777-0033,7021,0,0.0865,0.7295
8455-210777-0033,7127,0,0.2482,0.728
8455-210777-0033,7176,0,-0.0104,0.8009
8455-210777-0033,7729,0,0.2096,0.786
8455-210777-0033,8224,0,0.0757,0.7832
8455-210777-0033,8230,0,0.1352,0.8498
8455-210777-0033,8455,1,0.2181,0.7791
8455-210777-0033,908,0,-0.0699,0.8338
8455-210777-0034,1089,0,0.1671,0.7643
8455-210777-0034,1188,0,0.2332,0.8368
8455-210777-0034,1320,0,0.1056,0.6691
8455-210777-0034,2300,0,0.1182,0.4596
8455-210777-0034,260,0,0.0414,0.8743
8455-210777-0034,2830,0,0.1421,0.8132
8455-210777-0034,4077,0,0.084,0.7837
8455-210777-0034,5105,0,0.0245,0.7025
8455-210777-0034,5639,0,0.1766,0.8816
8455-210777-0034,61,0,0.0136,0.8216
8455-210777-0034,672,0,0.0499,0.8101
8455-210777-0034,6930,0,0.0513,0.7501
8455-210777-0034,7021,0,0.0189,0.6265
8455-210777-0034,7127,0,0.1906,0.6678
8455-210777-0034,7176,0,-0.0104,0.8346
8455-210777-0034,7729,0,0.223,0.8173
8455-210777-0034,8224,0,0.0304,0.7071
8455-210777-0034,8230,0,0.1128,0.824
8455-210777-0034,8455,1,0.1161,0.6788
8455-210777-0034,908,0,0.0035,0.7872
8455-210777-0040,1089,0,0.0333,0.7266
8455-210777-0040,1188,0,0.1621,0.796
8455-210777-0040,1320,0,0.0572,0.6365
8455-210777-0040,2300,0,0.1037,0.413
8455-210777-0040,260,0,-0.0582,0.8025
8455-210777-0040,2830,0,0.0138,0.7357
8455-210777-0040,4077,0,0.0537,0.6653
8455-210777-0040,5105,0,-0.0426,0.6539
8455-210777-0040,5639,0,0.0718,0.8324
8455-210777-0040,61,0,-0.0229,0.7364
8455-210777-0040,672,0,0.1043,0.8102
8455-210777-0040,6930,0,-0.0807,0.7165
8455-210777-0040,7021,0,0.0038,0.5803
8455-210777-0040,7127,0,0.1049,0.5663
8455-210777-0040,7176,0,-0.225,0.7475
8455-210777-0040,7729,0,0.1295,0.6883
8455-210777-0040,8224,0,0.048,0.806
8455-210777-0040,8230,0,-0.0163,0.7793
8455-210777-0040,8455,1,0.1847,0.6675
8455-210777-0040,908,0,-0.1397,0.7389
8455-210777-0041,1089,0,0.1835,0.8384
8455-210777-0041,1188,0,0.1809,0.8618
8455-210777-0041,1320,0,0.1656,0.7317
8455-210777-0041,2300,0,0.1854,0.5165
8455-210777-0041,260,0,0.1357,0.903
8455-210777-0041,2830,0,0.1776,0.8124
8455-210777-0041,4077,0,0.0948,0.8139
8455-210777-0041,5105,0,0.0155,0.7417
8455-210777-0041,5639,0,0.0994,0.873
8455-210777-0041,61,0,0.0715,0.8601
8455-210777-0041,672,0,0.1783,0.8747
8455-210777-0041,6930,0,-0.0026,0.7967
8455-210777-0041,7021,0,0.0233,0.674
8455-210777-0041,7127,0,0.2894,0.6962
8455-210777-0041,7176,0,-0.0967,0.871
8455-210777-0041,7729,0,0.1564,0.8181
8455-210777-0041,8224,0,0.0113,0.7267
8455-210777-0041,8230,0,0.1345,0.8831
8455-210777-0041,8455,1,0.2071,0.7664
8455-210777-0041,908,0,-0.0419,0.8304
8455-210777-0046,1089,0,0.2347,0.821
8455-210777-0046,1188,0,0.2019,0.8508
8455-210777-0046,1320,0,0.1058,0.7418
8455-210777-0046,2300,0,0.1658,0.5067
8455-210777-0046,260,0,0.0148,0.8844
8455-210777-0046,2830,0,0.1718,0.7988
8455-210777-0046,4077,0,0.1108,0.7686
8455-210777-0046,5105,0,-0.0627,0.7453
8455-210777-0046,5639,0,0.1673,0.8701
8455-210777-0046,61,0,0.04,0.8039
8455-210777-0046,672,0,0.0968,0.8743
8455-210777-0046,6930,0,-0.0811,0.8243
8455-210777-0046,7021,0,-0.0276,0.6749
8455-210777-0046,7127,0,0.1607,0.6755
8455-210777-0046,7176,0,-0.07,0.8144
8455-210777-0046,7729,0,0.2053,0.7733
8455-210777-0046,8224,0,0.0618,0.774
8455-210777-0046,8230,0,0.1738,0.8451
8455-210777-0046,8455,1,0.1388,0.7752
8455-210777-0046,908,0,-0.0814,0.8239
8455-210777-0056,1089,0,0.167,0.8028
8455-210777-0056,1188,0,0.177,0.8571
8455-210777-0056,1320,0,0.1217,0.7453
8455-210777-0056,2300,0,0.0922,0.5073
8455-210777-0056,260,0,0.0784,0.8704
8455-210777-0056,2830,0,0.216,0.8148
8455-210777-0056,4077,0,0.102,0.7846
8455-210777-0056,5105,0,0.134,0.801
8455-210777-0056,5639,0,0.3565,0.936
8455-210777-0056,61,0,0.1096,0.818
8455-210777-0056,672,0,0.2527,0.885
8455-210777-0056,6930,0,-0.0264,0.7822
8455-210777-0056,7021,0,0.1933,0.7058
8455-210777-0056,7127,0,0.1908,0.7044
8455-210777-0056,7176,0,0.019,0.8033
8455-210777-0056,7729,0,0.2001,0.8012
8455-210777-0056,8224,0,-0.002,0.8669
8455-210777-0056,8230,0,0.0967,0.8205
8455-210777-0056,8455,1,0.0712,0.7167
8455-210777-0056,908,0,-0.0308,0.8241
8463-287645-0002,121,0,0.0414,0.7918
8463-287645-0002,1221,0,0.1245,0.6494
8463-287645-0002,1284,0,0.0467,0.8439
8463-287645-0002,1580,0,0.1547,0.7417
8463-287645-0002,1995,0,0.1054,0.7936
8463-287645-0002,2094,0,-0.0557,0.7436
8463-287645-0002,237,0,0.0548,0.6596
8463-287645-0002,2961,0,0.1516,0.7957
8463-287645-0002,3570,0,0.0561,0.6469
8463-287645-0002,3575,0,0.0352,0.4948
8463-287645-0002,3729,0,0.15,0.7343
8463-287645-0002,4446,0,-0.0871,0.7681
8463-287645-0002,4507,0,0.1313,0.6366
8463-287645-0002,4970,0,-0.0929,0.4251
8463-287645-0002,4992,0,0.2167,0.7195
8463-287645-0002,5142,0,0.0357,0.5642
8463-287645-0002,5683,0,0.0584,0.6113
8463-287645-0002,6829,0,0.0477,0.6244
8463-287645-0002,8463,1,0.0851,0.7225
8463-287645-0002,8555,0,0.0445,0.4868
8463-287645-0003,121,0,0.0248,0.7154
8463-287645-0003,1221,0,0.038,0.6245
8463-287645-0003,1284,0,-0.0098,0.8298
8463-287645-0003,1580,0,0.0618,0.6947
8463-287645-0003,1995,0,-0.026,0.7815
8463-287645-0003,2094,0,0.0108,0.7204
8463-287645-0003,237,0,-0.0706,0.6126
8463-287645-0003,2961,0,0.1214,0.6886
8463-287645-0003,3570,0,0.0088,0.5556
8463-287645-0003,3575,0,-0.0144,0.4589
8463-287645-0003,3729,0,0.0305,0.669
8463-287645-0003,4446,0,-0.0531,0.7376
8463-287645-0003,4507,0,0.0528,0.5886
8463-287645-0003,4970,0,-0.0768,0.4171
8463-287645-0003,4992,0,0.1242,0.6967
8463-287645-0003,5142,0,0.0623,0.5813
8463-287645-0003,5683,0,0.056,0.5744
8463-287645-0003,6829,0,0.083,0.596
8463-287645-0003,8463,1,0.06,0.6916
8463-287645-0003,8555,0,0.0518,0.4897
8463-294825-0010,121,0,-0.0308,0.7247
8463-294825-0010,1221,0,0.0302,0.6391
8463-294825-0010,1284,0,0.0058,0.8466
8463-294825-0010,1580,0,0.0633,0.7334
8463-294825-0010,1995,0,0.1244,0.7422
8463-294825-0010,2094,0,0.03,0.728
8463-294825-0010,237,0,-0.0809,0.6086
8463-294825-0010,2961,0,0.1167,0.7209
8463-294825-0010,3570,0,0.0232,0.5794
8463-294825-0010,3575,0,-0.0204,0.492
8463-294825-0010,3729,0,0.0566,0.707
8463-294825-0010,4446,0,-0.0551,0.7594
8463-294825-0010,4507,0,0.0563,0.6235
8463-294825-0010,4970,0,-0.0264,0.4599
8463-294825-0010,4992,0,0.0619,0.6885
8463-294825-0010,5142,0,0.0734,0.5932
8463-294825-0010,5683,0,0.1209,0.6324
8463-294825-0010,6829,0,0.0239,0.6267
8463-294825-0010,8463,1,0.0223,0.6851
8463-294825-0010,8555,0,0.0945,0.5061
8463-294825-0016,121,0,0.0419,0.778
8463-294825-0016,1221,0,0.1126,0.5649
8463-294825-0016,1284,0,0.0782,0.7505
8463-294825-0016,1580,0,0.0486,0.6837
8463-294825-0016,1995,0,0.1523,0.7215
8463-294825-0016,2094,0,-0.0455,0.6488
8463-294825-0016,237,0,0.044,0.6234
8463-294825-0016,2961,0,0.1259,0.8063
8463-294825-0016,3570,0,0.076,0.7436
8463-294825-0016,3575,0,0.0424,0.5479
8463-294825-0016,3729,0,0.0836,0.6801
8463-294825-0016,4446,0,-0.1041,0.6632
8463-294825-0016,4507,0,0.1187,0.6189
8463-294825-0016,4970,0,0.0029,0.4148
8463-294825-0016,4992,0,0.0409,0.593
8463-294825-0016,5142,0,0.0721,0.4403
8463-294825-0016,5683,0,0.162,0.5872
8463-294825-0016,6829,0,0.0207,0.5348
8463-294825-0016,8463,1,0.0037,0.5748
8463-294825-0016,8555,0,0.0341,0.4566
8463-294828-0002,121,0,0.0744,0.8182
8463-294828-0002,1221,0,0.0941,0.706
8463-294828-0002,1284,0,-0.0799,0.8877
8463-294828-0002,1580,0,0.1035,0.8132
8463-294828-0002,1995,0,-0.0003,0.8352
8463-294828-0002,2094,0,-0.0498,0.7986
8463-294828-0002,237,0,0.0413,0.7184
8463-294828-0002,2961,0,0.1475,0.7989
8463-294828-0002,3570,0,-0.005,0.6778
8463-294828-0002,3575,0,0.0544,0.5582
8463-294828-0002,3729,0,0.0914,0.768
8463-294828-0002,4446,0,-0.0976,0.8139
8463-294828-0002,4507,0,0.0414,0.6872
8463-294828-0002,4970,0,-0.1059,0.4883
8463-294828-0002,4992,0,0.1148,0.7687
8463-294828-0002,5142,0,0.0519,0.6213
8463-294828-0002,5683,0,0.0745,0.6866
8463-294828-0002,6829,0,-0.0551,0.672
8463-294828-0002,8463,1,0.0267,0.7535
8463-294828-0002,8555,0,0.031,0.5602
8463-294828-0010,121,0,-0.0181,0.7479
8463-294828-0010,1221,0,0.0631,0.5718
8463-294828-0010,1284,0,-0.0002,0.7715
8463-294828-0010,1580,0,0.0072,0.6481
8463-294828-0010,1995,0,0.0358,0.7418
8463-294828-0010,2094,0,-0.0544,0.6578
8463-294828-0010,237,0,-0.0214,0.5833
8463-294828-0010,2961,0,0.0705,0.8034
8463-294828-0010,3570,0,0.0434,0.6454
8463-294828-0010,3575,0,0.0046,0.4637
8463-294828-0010,3729,0,0.1097,0.6834
8463-294828-0010,4446,0,-0.0442,0.6891
8463-294828-0010,4507,0,0.1206,0.585
8463-294828-0010,4970,0,-0.0825,0.3989
8463-294828-0010,4992,0,0.2103,0.6385
8463-294828-0010,5142,0,0.0839,0.5113
8463-294828-0010,5683,0,0.06,0.5475
8463-294828-0010,6829,0,0.0376,0.5646
8463-294828-0010,8463,1,0.0322,0.661
8463-294828-0010,8555,0,0.0794,0.446
8463-294828-0012,121,0,0.0792,0.79
8463-294828-0012,1221,0,0.1222,0.6277
8463-294828-0012,1284,0,0.1877,0.8413
8463-294828-0012,1580,0,0.1336,0.7629
8463-294828-0012,1995,0,0.1218,0.7641
8463-294828-0012,2094,0,-0.0108,0.729
8463-294828-0012,237,0,0.0571,0.6397
8463-294828-0012,2961,0,0.1434,0.8018
8463-294828-0012,3570,0,0.1131,0.6608
8463-294828-0012,3575,0,0.0779,0.5316
8463-294828-0012,3729,0,0.146,0.7181
8463-294828-0012,4446,0,0.0208,0.7487
8463-294828-0012,4507,0,0.1022,0.6209
8463-294828-0012,4970,0,-0.0581,0.4276
8463-294828-0012,4992,0,0.133,0.6818
8463-294828-0012,5142,0,0.0708,0.521
8463-294828-0012,5683,0,-0.0081,0.6335
8463-294828-0012,6829,0,0.0451,0.5969
8463-294828-0012,8463,1,-0.0348,0.6815
8463-294828-0012,8555,0,0.045,0.4729
8463-294828-0014,121,0,0.0652,0.788
8463-294828-0014,1221,0,0.0138,0.6713
8463-294828-0014,1284,0,0.0491,0.8615
8463-294828-0014,1580,0,0.0771,0.7899
8463-294828-0014,1995,0,0.1334,0.7884
8463-294828-0014,2094,0,-0.0456,0.7534
8463-294828-0014,237,0,0.0053,0.6653
8463-294828-0014,2961,0,0.1048,0.7713
8463-294828-0014,3570,0,0.0632,0.6605
8463-294828-0014,3575,0,0.0652,0.5173
8463-294828-0014,3729,0,0.0632,0.7413
8463-294828-0014,4446,0,-0.068,0.79
8463-294828-0014,4507,0,0.0757,0.6561
8463-294828-0014,4970,0,-0.049,0.4329
8463-294828-0014,4992,0,0.1324,0.7265
8463-294828-0014,5142,0,0.1327,0.5738
8463-294828-0014,5683,0,0.0306,0.6475
8463-294828-0014,6829,0,0.0467,0.6324
8463-294828-0014,8463,1,-0.0064,0.6925
8463-294828-0014,8555,0,0.0578,0.5211
8463-294828-0031,121,0,0.0396,0.7867
8463-294828-0031,1221,0,0.0507,0.6242
8463-294828-0031,1284,0,-0.0265,0.8257
8463-294828-0031,1580,0,0.0761,0.7515
8463-294828-0031,1995,0,0.0993,0.7751
8463-294828-0031,2094,0,-0.0411,0.7132
8463-294828-0031,237,0,-0.0489,0.6361
8463-294828-0031,2961,0,0.1333,0.8018
8463-294828-0031,3570,0,0.1021,0.6548
8463-294828-0031,3575,0,-0.0549,0.5094
8463-294828-0031,3729,0,0.1906,0.71
8463-294828-0031,4446,0,-0.0785,0.7374
8463-294828-0031,4507,0,0.1579,0.6244
8463-294828-0031,4970,0,-0.0626,0.4151
8463-294828-0031,4992,0,0.1475,0.6854
8463-294828-0031,5142,0,0.0812,0.5332
8463-294828-0031,5683,0,0.0156,0.6202
8463-294828-0031,6829,0,-0.0256,0.5884
8463-294828-0031,8463,1,0.0384,0.6838
8463-294828-0031,8555,0,0.0847,0.4874
8463-294828-0036,121,0,-0.0271,0.7755
8463-294828-0036,1221,0,0.031,0.6773
8463-294828-0036,1284,0,0.0996,0.8779
8463-294828-0036,1580,0,0.0338,0.7775
8463-294828-0036,1995,0,0.1438,0.7754
8463-294828-0036,2094,0,0.0572,0.7659
8463-294828-0036,237,0,-0.0183,0.6622
8463-294828-0036,2961,0,0.1315,0.7501
8463-294828-0036,3570,0,0.1282,0.6267
8463-294828-0036,3575,0,0.0186,0.526
8463-294828-0036,3729,0,0.0783,0.7511
8463-294828-0036,4446,0,-0.0043,0.8021
8463-294828-0036,4507,0,0.0616,0.6537
8463-294828-0036,4970,0,-0.0473,0.4751
8463-294828-0036,4992,0,0.0983,0.7293
8463-294828-0036,5142,0,0.1298,0.6067
8463-294828-0036,5683,0,0.0679,0.6641
8463-294828-0036,6829,0,0.0298,0.6446
8463-294828-0036,8463,1,0.0237,0.7232
8463-294828-0036,8555,0,0.01,0.5295
8555-284447-0002,121,0,0.0648,0.7966
8555-284447-0002,1221,0,0.0893,0.5767
8555-284447-0002,1284,0,0.0184,0.735
8555-284447-0002,1580,0,0.0834,0.671
8555-284447-0002,1995,0,0.0253,0.7745
8555-284447-0002,2094,0,-0.0875,0.693
8555-284447-0002,237,0,0.0124,0.6113
8555-284447-0002,2961,0,0.1649,0.8725
8555-284447-0002,3570,0,0.0126,0.7115
8555-284447-0002,3575,0,0.0058,0.5112
8555-284447-0002,3729,0,0.0901,0.6921
8555-284447-0002,4446,0,-0.0734,0.6628
8555-284447-0002,4507,0,0.0602,0.6184
8555-284447-0002,4970,0,-0.0437,0.3855
8555-284447-0002,4992,0,0.2003,0.6552
8555-284447-0002,5142,0,0.1176,0.4943
8555-284447-0002,5683,0,0.0985,0.5604
8555-284447-0002,6829,0,0.0698,0.5825
8555-284447-0002,8463,0,0.0676,0.6559
8555-284447-0002,8555,1,0.0925,0.4628
8555-284447-0014,121,0,0.0508,0.6905
8555-284447-0014,1221,0,0.0932,0.5495
8555-284447-0014,1284,0,0.0471,0.7878
8555-284447-0014,1580,0,0.0706,0.6633
8555-284447-0014,1995,0,0.1789,0.7217
8555-284447-0014,2094,0,-0.0638,0.6393
8555-284447-0014,237,0,0.0533,0.5778
8555-284447-0014,2961,0,0.1048,0.7525
8555-284447-0014,3570,0,0.0237,0.5952
8555-284447-0014,3575,0,0.0241,0.4555
8555-284447-0014,3729,0,0.1254,0.6212
8555-284447-0014,4446,0,-0.1285,0.6717
8555-284447-0014,4507,0,0.0974,0.5472
8555-284447-0014,4970,0,-0.076,0.3837
8555-284447-0014,4992,0,0.131,0.5975
8555-284447-0014,5142,0,0.0451,0.4762
8555-284447-0014,5683,0,0.0979,0.5418
8555-284447-0014,6829,0,0.0031,0.5352
8555-284447-0014,8463,0,0.0188,0.5898
8555-284447-0014,8555,1,0.0489,0.4257
8555-284447-0017,121,0,0.0987,0.7657
8555-284447-0017,1221,0,0.1342,0.6081
8555-284447-0017,1284,0,0.0276,0.796
8555-284447-0017,1580,0,0.0688,0.6876
8555-284447-0017,1995,0,0.0756,0.7669
8555-284447-0017,2094,0,0.0168,0.701
8555-284447-0017,237,0,0.0374,0.6105
8555-284447-0017,2961,0,0.0726,0.8088
8555-284447-0017,3570,0,0.0946,0.6359
8555-284447-0017,3575,0,0.0085,0.4729
8555-284447-0017,3729,0,0.1605,0.7053
8555-284447-0017,4446,0,-0.0658,0.7209
8555-284447-0017,4507,0,0.1796,0.6182
8555-284447-0017,4970,0,-0.0406,0.4089
8555-284447-0017,4992,0,0.21,0.6753
8555-284447-0017,5142,0,0.1219,0.5538
8555-284447-0017,5683,0,0.0548,0.5811
8555-284447-0017,6829,0,0.0999,0.6011
8555-284447-0017,8463,0,0.0463,0.6861
8555-284447-0017,8555,1,0.135,0.4765
8555-284447-0024,121,0,-0.02,0.7141
8555-284447-0024,1221,0,0.0647,0.6207
8555-284447-0024,1284,0,0.081,0.8457
8555-284447-0024,1580,0,-0.0058,0.739
8555-284447-0024,1995,0,0.1765,0.7294
8555-284447-0024,2094,0,0.0765,0.7073
8555-284447-0024,237,0,-0.0167,0.6041
8555-284447-0024,2961,0,0.0527,0.7073
8555-284447-0024,3570,0,0.066,0.5742
8555-284447-0024,3575,0,-0.1099,0.4867
8555-284447-0024,3729,0,0.1033,0.6792
8555-284447-0024,4446,0,-0.0099,0.741
8555-284447-0024,4507,0,0.1922,0.5997
8555-284447-0024,4970,0,0.0,0.4244
8555-284447-0024,4992,0,0.1873,0.6612
8555-284447-0024,5142,0,0.1013,0.5364
8555-284447-0024,5683,0,0.011,0.6147
8555-284447-0024,6829,0,0.0888,0.593
8555-284447-0024,8463,0,0.0239,0.6434
8555-284447-0024,8555,1,0.1348,0.4623
8555-284449-0004,121,0,-0.0084,0.748
8555-284449-0004,1221,0,0.1161,0.5352
8555-284449-0004,1284,0,0.0712,0.7387
8555-284449-0004,1580,0,0.1109,0.6566
8555-284449-0004,1995,0,0.1587,0.747
8555-284449-0004,2094,0,0.0087,0.6346
8555-284449-0004,237,0,0.0244,0.595
8555-284449-0004,2961,0,0.1728,0.8138
8555-284449-0004,3570,0,0.1408,0.6783
8555-284449-0004,3575,0,0.0664,0.4912
8555-284449-0004,3729,0,0.0716,0.636
8555-284449-0004,4446,0,-0.0415,0.6401
8555-284449-0004,4507,0,0.0574,0.5744
8555-284449-0004,4970,0,-0.0449,0.3633
8555-284449-0004,4992,0,0.1728,0.5942
8555-284449-0004,5142,0,0.1165,0.4481
8555-284449-0004,5683,0,0.0753,0.5421
8555-284449-0004,6829,0,0.0372,0.5179
8555-284449-0004,8463,0,0.0035,0.5822
8555-284449-0004,8555,1,0.0742,0.4409
8555-284449-0019,121,0,0.0409,0.7838
8555-284449-0019,1221,0,0.1143,0.7377
8555-284449-0019,1284,0,0.1072,0.912
8555-284449-0019,1580,0,0.1217,0.8154
8555-284449-0019,1995,0,0.0959,0.7952
8555-284449-0019,2094,0,0.1286,0.8092
8555-284449-0019,237,0,0.0697,0.7032
8555-284449-0019,2961,0,0.1324,0.7274
8555-284449-0019,3570,0,0.1253,0.6283
8555-284449-0019,3575,0,0.1099,0.5699
8555-284449-0019,3729,0,0.1271,0.7865
8555-284449-0019,4446,0,-0.016,0.8511
8555-284449-0019,4507,0,0.1504,0.6967
8555-284449-0019,4970,0,0.0261,0.5444
8555-284449-0019,4992,0,0.0919,0.7797
8555-284449-0019,5142,0,0.1446,0.6758
8555-284449-0019,5683,0,0.0892,0.7139
8555-284449-0019,6829,0,-0.0069,0.7041
8555-284449-0019,8463,0,0.004,0.7702
8555-284449-0019,8555,1,0.0758,0.591
8555-284449-0020,121,0,0.0181,0.6751
8555-284449-0020,1221,0,0.0676,0.5245
8555-284449-0020,1284,0,0.0826,0.7377
8555-284449-0020,1580,0,0.1086,0.6306
8555-284449-0020,1995,0,0.0531,0.6742
8555-284449-0020,2094,0,-0.052,0.5963
8555-284449-0020,237,0,-0.0285,0.5329
8555-284449-0020,2961,0,0.1111,0.7295
8555-284449-0020,3570,0,0.0627,0.6154
8555-284449-0020,3575,0,0.0085,0.4361
8555-284449-0020,3729,0,0.098,0.5972
8555-284449-0020,4446,0,0.0476,0.633
8555-284449-0020,4507,0,0.1433,0.5516
8555-284449-0020,4970,0,0.0157,0.3539
8555-284449-0020,4992,0,0.1815,0.5537
8555-284449-0020,5142,0,0.1479,0.4412
8555-284449-0020,5683,0,0.106,0.5104
8555-284449-0020,6829,0,0.0133,0.5051
8555-284449-0020,8463,0,0.0631,0.5358
8555-284449-0020,8555,1,0.0584,0.4123
8555-292519-0005,121,0,-0.0095,0.7592
8555-292519-0005,1221,0,0.0808,0.658
8555-292519-0005,1284,0,0.0742,0.8529
8555-292519-0005,1580,0,0.0649,0.7412
8555-292519-0005,1995,0,0.1424,0.7576
8555-292519-0005,2094,0,-0.0117,0.7205
8555-292519-0005,237,0,0.0288,0.636
8555-292519-0005,2961,0,0.1576,0.735
8555-292519-0005,3570,0,0.1477,0.6252
8555-292519-0005,3575,0,0.0325,0.5252
8555-292519-0005,3729,0,0.1214,0.7217
8555-292519-0005,4446,0,-0.004,0.7634
8555-292519-0005,4507,0,0.1691,0.6295
8555-292519-0005,4970,0,-0.0201,0.4701
8555-292519-0005,4992,0,0.171,0.694
8555-292519-0005,5142,0,0.1731,0.5688
8555-292519-0005,5683,0,0.1412,0.6438
8555-292519-0005,6829,0,0.0555,0.6104
8555-292519-0005,8463,0,0.0181,0.6929
8555-292519-0005,8555,1,0.0626,0.506
8555-292519-0007,121,0,-0.0003,0.7235
8555-292519-0007,1221,0,0.0895,0.6395
8555-292519-0007,1284,0,0.091,0.8549
8555-292519-0007,1580,0,0.0728,0.7356
8555-292519-0007,1995,0,0.1867,0.7571
8555-292519-0007,2094,0,0.0355,0.7227
8555-292519-0007,237,0,0.0578,0.6305
8555-292519-0007,2961,0,0.1766,0.701
8555-292519-0007,3570,0,0.1242,0.5906
8555-292519-0007,3575,0,0.011,0.52
8555-292519-0007,3729,0,0.2296,0.6856
8555-292519-0007,4446,0,0.0002,0.7516
8555-292519-0007,4507,0,0.1813,0.611
8555-292519-0007,4970,0,0.0018,0.4655
8555-292519-0007,4992,0,0.1076,0.6796
8555-292519-0007,5142,0,0.1278,0.5588
8555-292519-0007,5683,0,0.0655,0.6185
8555-292519-0007,6829,0,0.0453,0.6092
8555-292519-0007,8463,0,0.0181,0.6777
8555-292519-0007,8555,1,0.0266,0.4899
8555-292519-0013,121,0,0.0186,0.6433
8555-292519-0013,1221,0,0.0567,0.5144
8555-292519-0013,1284,0,0.103,0.7608
8555-292519-0013,1580,0,0.1327,0.6258
8555-292519-0013,1995,0,0.135,0.7172
8555-292519-0013,2094,0,0.1222,0.6182
8555-292519-0013,237,0,0.0664,0.5423
8555-292519-0013,2961,0,0.1574,0.6758
8555-292519-0013,3570,0,0.1023,0.5379
8555-292519-0013,3575,0,0.0365,0.4393
8555-292519-0013,3729,0,0.1826,0.5635
8555-292519-0013,4446,0,0.0097,0.6301
8555-292519-0013,4507,0,0.1457,0.4942
8555-292519-0013,4970,0,0.0139,0.3581
8555-292519-0013,4992,0,0.1358,0.5708
8555-292519-0013,5142,0,0.0919,0.4518
8555-292519-0013,5683,0,0.0509,0.5111
8555-292519-0013,6829,0,0.016,0.4877
8555-292519-0013,8463,0,0.1091,0.5624
8555-292519-0013,8555,1,0.0099,0.4111
908-157963-0009,1089,0,0.1165,0.8132
908-157963-0009,1188,0,0.2033,0.8677
908-157963-0009,1320,0,0.161,0.7584
908-157963-0009,2300,0,0.0669,0.5125
908-157963-0009,260,0,0.1988,0.8886
908-157963-0009,2830,0,0.1469,0.828
908-157963-0009,4077,0,0.0061,0.7967
908-157963-0009,5105,0,0.1045,0.8208
908-157963-0009,5639,0,0.2468,0.9424
908-157963-0009,61,0,0.0596,0.8323
908-157963-0009,672,0,0.2337,0.8858
908-157963-0009,6930,0,-0.056,0.7861
908-157963-0009,7021,0,-0.0221,0.7275
908-157963-0009,7127,0,0.1872,0.7191
908-157963-0009,7176,0,-0.0232,0.8237
908-157963-0009,7729,0,0.1418,0.83
908-157963-0009,8224,0,0.1986,0.8407
908-157963-0009,8230,0,0.0526,0.8365
908-157963-0009,8455,0,0.0967,0.715
908-157963-0009,908,1,-0.0865,0.8441
908-157963-0010,1089,0,0.2731,0.9001
908-157963-0010,1188,0,0.2447,0.8757
908-157963-0010,1320,0,0.0547,0.8609
908-157963-0010,2300,0,0.1187,0.6833
908-157963-0010,260,0,0.0446,0.9316
908-157963-0010,2830,0,0.2287,0.8212
908-157963-0010,4077,0,-0.0074,0.8735
908-157963-0010,5105,0,-0.0287,0.8601
908-157963-0010,5639,0,0.0712,0.8507
908-157963-0010,61,0,0.1156,0.888
908-157963-0010,672,0,0.1043,0.9251
908-157963-0010,6930,0,0.0235,0.9071
908-157963-0010,7021,0,-0.0332,0.81
908-157963-0010,7127,0,0.2786,0.7941
908-157963-0010,7176,0,-0.1343,0.8883
908-157963-0010,7729,0,0.0843,0.8535
908-157963-0010,8224,0,0.0343,0.77
908-157963-0010,8230,0,0.2057,0.8833
908-157963-0010,8455,0,0.1834,0.8897
908-157963-0010,908,1,-0.0259,0.8934
908-157963-0011,1089,0,0.2073,0.9235
908-157963-0011,1188,0,0.1646,0.9302
908-157963-0011,1320,0,0.2324,0.8484
908-157963-0011,2300,0,0.0778,0.6094
908-157963-0011,260,0,0.0924,0.9273
908-157963-0011,2830,0,0.144,0.8699
908-157963-0011,4077,0,0.1411,0.8388
908-157963-0011,5105,0,0.1493,0.8674
908-157963-0011,5639,0,0.2176,0.9084
908-157963-0011,61,0,0.0522,0.8732
908-157963-0011,672,0,0.2098,0.9541
908-157963-0011,6930,0,0.0411,0.8351
908-157963-0011,7021,0,0.0796,0.8039
908-157963-0011,7127,0,0.2158,0.7989
908-157963-0011,7176,0,-0.061,0.8849
908-157963-0011,7729,0,0.2256,0.8526
908-157963-0011,8224,0,0.0511,0.8141
908-157963-0011,8230,0,0.0996,0.9192
908-157963-0011,8455,0,0.1893,0.8229
908-157963-0011,908,1,-0.0269,0.8947
908-157963-0015,1089,0,0.1898,0.8545
908-157963-0015,1188,0,0.1596,0.8807
908-157963-0015,1320,0,0.1302,0.7595
908-157963-0015,2300,0,0.0917,0.5245
908-157963-0015,260,0,0.1922,0.9077
908-157963-0015,2830,0,0.1608,0.835
908-157963-0015,4077,0,0.0882,0.7922
908-157963-0015,5105,0,0.065,0.7886
908-157963-0015,5639,0,0.1697,0.9184
908-157963-0015,61,0,0.0541,0.858
908-157963-0015,672,0,0.1996,0.901
908-157963-0015,6930,0,-0.0336,0.8077
908-157963-0015,7021,0,0.0319,0.7218
908-157963-0015,7127,0,0.1555,0.7066
908-157963-0015,7176,0,-0.1359,0.8514
908-157963-0015,7729,0,0.2008,0.8321
908-157963-0015,8224,0,0.0852,0.7887
908-157963-0015,8230,0,0.1235,0.8829
908-157963-0015,8455,0,0.1209,0.7488
908-157963-0015,908,1,-0.0652,0.8715
908-157963-0016,1089,0,0.151,0.8981
908-157963-0016,1188,0,0.1235,0.9053
908-157963-0016,1320,0,0.0239,0.8329
908-157963-0016,2300,0,0.0647,0.6432
908-157963-0016,260,0,0.1244,0.9136
908-157963-0016,2830,0,0.1852,0.8374
908-157963-0016,4077,0,0.0061,0.8631
908-157963-0016,5105,0,0.0504,0.8464
908-157963-0016,5639,0,0.2255,0.9069
908-157963-0016,61,0,0.0238,0.8639
908-157963-0016,672,0,0.2504,0.9241
908-157963-0016,6930,0,-0.0863,0.8367
908-157963-0016,7021,0,0.0207,0.7854
908-157963-0016,7127,0,0.1598,0.7945
908-157963-0016,7176,0,-0.0297,0.8545
908-157963-0016,7729,0,0.2076,0.8737
908-157963-0016,8224,0,0.0694,0.8199
908-157963-0016,8230,0,0.1635,0.8783
908-157963-0016,8455,0,0.1062,0.8286
908-157963-0016,908,1,-0.0652,0.8832
908-157963-0023,1089,0,0.2773,0.8341
908-157963-0023,1188,0,0.1901,0.8408
908-157963-0023,1320,0,0.1736,0.7576
908-157963-0023,2300,0,0.117,0.5326
908-157963-0023,260,0,0.1018,0.8567
908-157963-0023,2830,0,0.1823,0.7711
908-157963-0023,4077,0,0.0452,0.7683
908-157963-0023,5105,0,0.0151,0.7918
908-157963-0023,5639,0,0.2933,0.9215
908-157963-0023,61,0,0.0888,0.796
908-157963-0023,672,0,0.3635,0.9
908-157963-0023,6930,0,-0.0879,0.7836
908-157963-0023,7021,0,0.0257,0.7284
908-157963-0023,7127,0,0.2659,0.6855
908-157963-0023,7176,0,-0.0788,0.7805
908-157963-0023,7729,0,0.239,0.7965
908-157963-0023,8224,0,0.0323,0.8477
908-157963-0023,8230,0,0.1342,0.8209
908-157963-0023,8455,0,0.1112,0.7425
908-157963-0023,908,1,-0.0896,0.8537
908-157963-0025,1089,0,0.1857,0.8592
908-157963-0025,1188,0,0.1625,0.8479
908-157963-0025,1320,0,0.119,0.7917
908-157963-0025,2300,0,0.2521,0.5964
908-157963-0025,260,0,0.1457,0.8951
908-157963-0025,2830,0,0.1776,0.7944
908-157963-0025,4077,0,0.072,0.8446
908-157963-0025,5105,0,-0.0035,0.817
908-157963-0025,5639,0,0.1855,0.9331
908-157963-0025,61,0,0.1036,0.8431
908-157963-0025,672,0,0.2112,0.914
908-157963-0025,6930,0,0.03,0.8326
908-157963-0025,7021,0,0.1388,0.7616
908-157963-0025,7127,0,0.2467,0.7388
908-157963-0025,7176,0,-0.0699,0.8238
908-157963-0025,7729,0,0.2002,0.8563
908-157963-0025,8224,0,0.0885,0.818
908-157963-0025,8230,0,0.0915,0.8301
908-157963-0025,8455,0,0.1503,0.7851
908-157963-0025,908,1,-0.0716,0.8953
908-31957-0005,1089,0,0.2555,0.8939
908-31957-0005,1188,0,0.2037,0.9472
908-31957-0005,1320,0,0.2036,0.8361
908-31957-0005,2300,0,0.0693,0.5999
908-31957-0005,260,0,0.2393,0.9417
908-31957-0005,2830,0,0.2158,0.8983
908-31957-0005,4077,0,0.0732,0.8528
908-31957-0005,5105,0,0.0846,0.8669
908-31957-0005,5639,0,0.1619,0.8907
908-31957-0005,61,0,-0.0225,0.8951
908-31957-0005,672,0,0.2312,0.9196
908-31957-0005,6930,0,0.0137,0.804
908-31957-0005,7021,0,0.0607,0.7921
908-31957-0005,7127,0,0.1454,0.8173
908-31957-0005,7176,0,-0.0683,0.9124
908-31957-0005,7729,0,0.1648,0.8752
908-31957-0005,8224,0,0.0342,0.7641
908-31957-0005,8230,0,0.0253,0.9187
908-31957-0005,8455,0,0.1423,0.799
908-31957-0005,908,1,-0.0671,0.8768
908-31957-0022,1089,0,0.2521,0.8807
908-31957-0022,1188,0,0.1447,0.8615
908-31957-0022,1320,0,0.1749,0.7866
908-31957-0022,2300,0,0.16,0.5661
908-31957-0022,260,0,0.1204,0.8918
908-31957-0022,2830,0,0.1868,0.8022
908-31957-0022,4077,0,0.0485,0.7995
908-31957-0022,5105,0,0.0527,0.8097
908-31957-0022,5639,0,0.2502,0.9165
908-31957-0022,61,0,0.067,0.8391
908-31957-0022,672,0,0.2999,0.9282
908-31957-0022,6930,0,-0.0493,0.8199
908-31957-0022,7021,0,0.1056,0.7584
908-31957-0022,7127,0,0.2288,0.715
908-31957-0022,7176,0,-0.1118,0.8261
908-31957-0022,7729,0,0.23,0.8196
908-31957-0022,8224,0,0.0716,0.8059
908-31957-0022,8230,0,0.1336,0.868
908-31957-0022,8455,0,0.1648,0.7767
908-31957-0022,908,1,-0.0994,0.8922
908-31957-0024,1089,0,0.1528,0.8779
908-31957-0024,1188,0,0.1879,0.8792
908-31957-0024,1320,0,0.2145,0.8202
908-31957-0024,2300,0,0.2183,0.6348
908-31957-0024,260,0,0.0606,0.8761
908-31957-0024,2830,0,0.1511,0.8081
908-31957-0024,4077,0,0.158,0.8149
908-31957-0024,5105,0,0.0294,0.8366
908-31957-0024,5639,0,0.257,0.9094
908-31957-0024,61,0,0.1285,0.826
908-31957-0024,672,0,0.2809,0.9243
908-31957-0024,6930,0,-0.055,0.8253
908-31957-0024,7021,0,0.0971,0.7864
908-31957-0024,7127,0,0.1678,0.7547
908-31957-0024,7176,0,-0.041,0.8129
908-31957-0024,7729,0,0.1868,0.8409
908-31957-0024,8224,0,0.0831,0.8576
908-31957-0024,8230,0,0.0702,0.8443
908-31957-0024,8455,0,0.1347,0.8058
908-31957-0024,908,1,-0.1145,0.8803
