trial,model_spk,target
1089-134686-0006,1089,1
1089-134686-0006,1188,0
1089-134686-0006,1320,0
1089-134686-0006,2300,0
1089-134686-0006,260,0
1089-134686-0006,2830,0
1089-134686-0006,4077,0
1089-134686-0006,5105,0
1089-134686-0006,5639,0
1089-134686-0006,61,0
1089-134686-0006,672,0
1089-134686-0006,6930,0
1089-134686-0006,7021,0
1089-134686-0006,7127,0
1089-134686-0006,7176,0
1089-134686-0006,7729,0
1089-134686-0006,8224,0
1089-134686-0006,8230,0
1089-134686-0006,8455,0
1089-134686-0006,908,0
1089-134686-0007,1089,1
1089-134686-0007,1188,0
1089-134686-0007,1320,0
1089-134686-0007,2300,0
1089-134686-0007,260,0
1089-134686-0007,2830,0
1089-134686-0007,4077,0
1089-134686-0007,5105,0
1089-134686-0007,5639,0
1089-134686-0007,61,0
1089-134686-0007,672,0
1089-134686-0007,6930,0
1089-134686-0007,7021,0
1089-134686-0007,7127,0
1089-134686-0007,7176,0
1089-134686-0007,7729,0
1089-134686-0007,8224,0
1089-134686-0007,8230,0
1089-134686-0007,8455,0
1089-134686-0007,908,0
1089-134686-0010,1089,1
1089-134686-0010,1188,0
1089-134686-0010,1320,0
1089-134686-0010,2300,0
1089-134686-0010,260,0
1089-134686-0010,2830,0
1089-134686-0010,4077,0
1089-134686-0010,5105,0
1089-134686-0010,5639,0
1089-134686-0010,61,0
1089-134686-0010,672,0
1089-134686-0010,6930,0
1089-134686-0010,7021,0
1089-134686-0010,7127,0
1089-134686-0010,7176,0
1089-134686-0010,7729,0
1089-134686-0010,8224,0
1089-134686-0010,8230,0
1089-134686-0010,8455,0
1089-134686-0010,908,0
1089-134686-0012,1089,1
1089-134686-0012,1188,0
1089-134686-0012,1320,0
1089-134686-0012,2300,0
1089-134686-0012,260,0
1089-134686-0012,2830,0
1089-134686-0012,4077,0
1089-134686-0012,5105,0
1089-134686-0012,5639,0
1089-134686-0012,61,0
1089-134686-0012,672,0
1089-134686-0012,6930,0
1089-134686-0012,7021,0
1089-134686-0012,7127,0
1089-134686-0012,7176,0
1089-134686-0012,7729,0
1089-134686-0012,8224,0
1089-134686-0012,8230,0
1089-134686-0012,8455,0
1089-134686-0012,908,0
1089-134686-0021,1089,1
1089-134686-0021,1188,0
1089-134686-0021,1320,0
1089-134686-0021,2300,0
1089-134686-0021,260,0
1089-134686-0021,2830,0
1089-134686-0021,4077,0
1089-134686-0021,5105,0
1089-134686-0021,5639,0
1089-134686-0021,61,0
1089-134686-0021,672,0
1089-134686-0021,6930,0
1089-134686-0021,7021,0
1089-134686-0021,7127,0
1089-134686-0021,7176,0
1089-134686-0021,7729,0
1089-134686-0021,8224,0
1089-134686-0021,8230,0
1089-134686-0021,8455,0
1089-134686-0021,908,0
1089-134686-0026,1089,1
1089-134686-0026,1188,0
1089-134686-0026,1320,0
1089-134686-0026,2300,0
1089-134686-0026,260,0
1089-134686-0026,2830,0
1089-134686-0026,4077,0
1089-134686-0026,5105,0
1089-134686-0026,5639,0
1089-134686-0026,61,0
1089-134686-0026,672,0
1089-134686-0026,6930,0
1089-134686-0026,7021,0
1089-134686-0026,7127,0
1089-134686-0026,7176,0
1089-134686-0026,7729,0
1089-134686-0026,8224,0
1089-134686-0026,8230,0
1089-134686-0026,8455,0
1089-134686-0026,908,0
1089-134686-0031,1089,1
1089-134686-0031,1188,0
1089-134686-0031,1320,0
1089-134686-0031,2300,0
1089-134686-0031,260,0
1089-134686-0031,2830,0
1089-134686-0031,4077,0
1089-134686-0031,5105,0
1089-134686-0031,5639,0
1089-134686-0031,61,0
1089-134686-0031,672,0
1089-134686-0031,6930,0
1089-134686-0031,7021,0
1089-134686-0031,7127,0
1089-134686-0031,7176,0
1089-134686-0031,7729,0
1089-134686-0031,8224,0
1089-134686-0031,8230,0
1089-134686-0031,8455,0
1089-134686-0031,908,0
1089-134691-0002,1089,1
1089-134691-0002,1188,0
1089-134691-0002,1320,0
1089-134691-0002,2300,0
1089-134691-0002,260,0
1089-134691-0002,2830,0
1089-134691-0002,4077,0
1089-134691-0002,5105,0
1089-134691-0002,5639,0
1089-134691-0002,61,0
1089-134691-0002,672,0
1089-134691-0002,6930,0
1089-134691-0002,7021,0
1089-134691-0002,7127,0
1089-134691-0002,7176,0
1089-134691-0002,7729,0
1089-134691-0002,8224,0
1089-134691-0002,8230,0
1089-134691-0002,8455,0
1089-134691-0002,908,0
1089-134691-0008,1089,1
1089-134691-0008,1188,0
1089-134691-0008,1320,0
1089-134691-0008,2300,0
1089-134691-0008,260,0
1089-134691-0008,2830,0
1089-134691-0008,4077,0
1089-134691-0008,5105,0
1089-134691-0008,5639,0
1089-134691-0008,61,0
1089-134691-0008,672,0
1089-134691-0008,6930,0
1089-134691-0008,7021,0
1089-134691-0008,7127,0
1089-134691-0008,7176,0
1089-134691-0008,7729,0
1089-134691-0008,8224,0
1089-134691-0008,8230,0
1089-134691-0008,8455,0
1089-134691-0008,908,0
1089-134691-0022,1089,1
1089-134691-0022,1188,0
1089-134691-0022,1320,0
1089-134691-0022,2300,0
1089-134691-0022,260,0
1089-134691-0022,2830,0
1089-134691-0022,4077,0
1089-134691-0022,5105,0
1089-134691-0022,5639,0
1089-134691-0022,61,0
1089-134691-0022,672,0
1089-134691-0022,6930,0
1089-134691-0022,7021,0
1089-134691-0022,7127,0
1089-134691-0022,7176,0
1089-134691-0022,7729,0
1089-134691-0022,8224,0
1089-134691-0022,8230,0
1089-134691-0022,8455,0
1089-134691-0022,908,0
1188-133604-0003,1089,0
1188-133604-0003,1188,1
1188-133604-0003,1320,0
1188-133604-0003,2300,0
1188-133604-0003,260,0
1188-133604-0003,2830,0
1188-133604-0003,4077,0
1188-133604-0003,5105,0
1188-133604-0003,5639,0
1188-133604-0003,61,0
1188-133604-0003,672,0
1188-133604-0003,6930,0
1188-133604-0003,7021,0
1188-133604-0003,7127,0
1188-133604-0003,7176,0
1188-133604-0003,7729,0
1188-133604-0003,8224,0
1188-133604-0003,8230,0
1188-133604-0003,8455,0
1188-133604-0003,908,0
1188-133604-0004,1089,0
1188-133604-0004,1188,1
1188-133604-0004,1320,0
1188-133604-0004,2300,0
1188-133604-0004,260,0
1188-133604-0004,2830,0
1188-133604-0004,4077,0
1188-133604-0004,5105,0
1188-133604-0004,5639,0
1188-133604-0004,61,0
1188-133604-0004,672,0
1188-133604-0004,6930,0
1188-133604-0004,7021,0
1188-133604-0004,7127,0
1188-133604-0004,7176,0
1188-133604-0004,7729,0
1188-133604-0004,8224,0
1188-133604-0004,8230,0
1188-133604-0004,8455,0
1188-133604-0004,908,0
1188-133604-0007,1089,0
1188-133604-0007,1188,1
1188-133604-0007,1320,0
1188-133604-0007,2300,0
1188-133604-0007,260,0
1188-133604-0007,2830,0
1188-133604-0007,4077,0
1188-133604-0007,5105,0
1188-133604-0007,5639,0
1188-133604-0007,61,0
1188-133604-0007,672,0
1188-133604-0007,6930,0
1188-133604-0007,7021,0
1188-133604-0007,7127,0
1188-133604-0007,7176,0
1188-133604-0007,7729,0
1188-133604-0007,8224,0
1188-133604-0007,8230,0
1188-133604-0007,8455,0
1188-133604-0007,908,0
1188-133604-0012,1089,0
1188-133604-0012,1188,1
1188-133604-0012,1320,0
1188-133604-0012,2300,0
1188-133604-0012,260,0
1188-133604-0012,2830,0
1188-133604-0012,4077,0
1188-133604-0012,5105,0
1188-133604-0012,5639,0
1188-133604-0012,61,0
1188-133604-0012,672,0
1188-133604-0012,6930,0
1188-133604-0012,7021,0
1188-133604-0012,7127,0
1188-133604-0012,7176,0
1188-133604-0012,7729,0
1188-133604-0012,8224,0
1188-133604-0012,8230,0
1188-133604-0012,8455,0
1188-133604-0012,908,0
1188-133604-0014,1089,0
1188-133604-0014,1188,1
1188-133604-0014,1320,0
1188-133604-0014,2300,0
1188-133604-0014,260,0
1188-133604-0014,2830,0
1188-133604-0014,4077,0
1188-133604-0014,5105,0
1188-133604-0014,5639,0
1188-133604-0014,61,0
1188-133604-0014,672,0
1188-133604-0014,6930,0
1188-133604-0014,7021,0
1188-133604-0014,7127,0
1188-133604-0014,7176,0
1188-133604-0014,7729,0
1188-133604-0014,8224,0
1188-133604-0014,8230,0
1188-133604-0014,8455,0
1188-133604-0014,908,0
1188-133604-0018,1089,0
1188-133604-0018,1188,1
1188-133604-0018,1320,0
1188-133604-0018,2300,0
1188-133604-0018,260,0
1188-133604-0018,2830,0
1188-133604-0018,4077,0
1188-133604-0018,5105,0
1188-133604-0018,5639,0
1188-133604-0018,61,0
1188-133604-0018,672,0
1188-133604-0018,6930,0
1188-133604-0018,7021,0
1188-133604-0018,7127,0
1188-133604-0018,7176,0
1188-133604-0018,7729,0
1188-133604-0018,8224,0
1188-133604-0018,8230,0
1188-133604-0018,8455,0
1188-133604-0018,908,0
1188-133604-0025,1089,0
1188-133604-0025,1188,1
1188-133604-0025,1320,0
1188-133604-0025,2300,0
1188-133604-0025,260,0
1188-133604-0025,2830,0
1188-133604-0025,4077,0
1188-133604-0025,5105,0
1188-133604-0025,5639,0
1188-133604-0025,61,0
1188-133604-0025,672,0
1188-133604-0025,6930,0
1188-133604-0025,7021,0
1188-133604-0025,7127,0
1188-133604-0025,7176,0
1188-133604-0025,7729,0
1188-133604-0025,8224,0
1188-133604-0025,8230,0
1188-133604-0025,8455,0
1188-133604-0025,908,0
1188-133604-0032,1089,0
1188-133604-0032,1188,1
1188-133604-0032,1320,0
1188-133604-0032,2300,0
1188-133604-0032,260,0
1188-133604-0032,2830,0
1188-133604-0032,4077,0
1188-133604-0032,5105,0
1188-133604-0032,5639,0
1188-133604-0032,61,0
1188-133604-0032,672,0
1188-133604-0032,6930,0
1188-133604-0032,7021,0
1188-133604-0032,7127,0
1188-133604-0032,7176,0
1188-133604-0032,7729,0
1188-133604-0032,8224,0
1188-133604-0032,8230,0
1188-133604-0032,8455,0
1188-133604-0032,908,0
1188-133604-0033,1089,0
1188-133604-0033,1188,1
1188-133604-0033,1320,0
1188-133604-0033,2300,0
1188-133604-0033,260,0
1188-133604-0033,2830,0
1188-133604-0033,4077,0
1188-133604-0033,5105,0
1188-133604-0033,5639,0
1188-133604-0033,61,0
1188-133604-0033,672,0
1188-133604-0033,6930,0
1188-133604-0033,7021,0
1188-133604-0033,7127,0
1188-133604-0033,7176,0
1188-133604-0033,7729,0
1188-133604-0033,8224,0
1188-133604-0033,8230,0
1188-133604-0033,8455,0
1188-133604-0033,908,0
1188-133604-0043,1089,0
1188-133604-0043,1188,1
1188-133604-0043,1320,0
1188-133604-0043,2300,0
1188-133604-0043,260,0
1188-133604-0043,2830,0
1188-133604-0043,4077,0
1188-133604-0043,5105,0
1188-133604-0043,5639,0
1188-133604-0043,61,0
1188-133604-0043,672,0
1188-133604-0043,6930,0
1188-133604-0043,7021,0
1188-133604-0043,7127,0
1188-133604-0043,7176,0
1188-133604-0043,7729,0
1188-133604-0043,8224,0
1188-133604-0043,8230,0
1188-133604-0043,8455,0
1188-133604-0043,908,0
121-121726-0002,121,1
121-121726-0002,1221,0
121-121726-0002,1284,0
121-121726-0002,1580,0
121-121726-0002,1995,0
121-121726-0002,2094,0
121-121726-0002,237,0
121-121726-0002,2961,0
121-121726-0002,3570,0
121-121726-0002,3575,0
121-121726-0002,3729,0
121-121726-0002,4446,0
121-121726-0002,4507,0
121-121726-0002,4970,0
121-121726-0002,4992,0
121-121726-0002,5142,0
121-121726-0002,5683,0
121-121726-0002,6829,0
121-121726-0002,8463,0
121-121726-0002,8555,0
121-121726-0004,121,1
121-121726-0004,1221,0
121-121726-0004,1284,0
121-121726-0004,1580,0
121-121726-0004,1995,0
121-121726-0004,2094,0
121-121726-0004,237,0
121-121726-0004,2961,0
121-121726-0004,3570,0
121-121726-0004,3575,0
121-121726-0004,3729,0
121-121726-0004,4446,0
121-121726-0004,4507,0
121-121726-0004,4970,0
121-121726-0004,4992,0
121-121726-0004,5142,0
121-121726-0004,5683,0
121-121726-0004,6829,0
121-121726-0004,8463,0
121-121726-0004,8555,0
121-121726-0007,121,1
121-121726-0007,1221,0
121-121726-0007,1284,0
121-121726-0007,1580,0
121-121726-0007,1995,0
121-121726-0007,2094,0
121-121726-0007,237,0
121-121726-0007,2961,0
121-121726-0007,3570,0
121-121726-0007,3575,0
121-121726-0007,3729,0
121-121726-0007,4446,0
121-121726-0007,4507,0
121-121726-0007,4970,0
121-121726-0007,4992,0
121-121726-0007,5142,0
121-121726-0007,5683,0
121-121726-0007,6829,0
121-121726-0007,8463,0
121-121726-0007,8555,0
121-121726-0010,121,1
121-121726-0010,1221,0
121-121726-0010,1284,0
121-121726-0010,1580,0
121-121726-0010,1995,0
121-121726-0010,2094,0
121-121726-0010,237,0
121-121726-0010,2961,0
121-121726-0010,3570,0
121-121726-0010,3575,0
121-121726-0010,3729,0
121-121726-0010,4446,0
121-121726-0010,4507,0
121-121726-0010,4970,0
121-121726-0010,4992,0
121-121726-0010,5142,0
121-121726-0010,5683,0
121-121726-0010,6829,0
121-121726-0010,8463,0
121-121726-0010,8555,0
121-121726-0012,121,1
121-121726-0012,1221,0
121-121726-0012,1284,0
121-121726-0012,1580,0
121-121726-0012,1995,0
121-121726-0012,2094,0
121-121726-0012,237,0
121-121726-0012,2961,0
121-121726-0012,3570,0
121-121726-0012,3575,0
121-121726-0012,3729,0
121-121726-0012,4446,0
121-121726-0012,4507,0
121-121726-0012,4970,0
121-121726-0012,4992,0
121-121726-0012,5142,0
121-121726-0012,5683,0
121-121726-0012,6829,0
121-121726-0012,8463,0
121-121726-0012,8555,0
121-127105-0003,121,1
121-127105-0003,1221,0
121-127105-0003,1284,0
121-127105-0003,1580,0
121-127105-0003,1995,0
121-127105-0003,2094,0
121-127105-0003,237,0
121-127105-0003,2961,0
121-127105-0003,3570,0
121-127105-0003,3575,0
121-127105-0003,3729,0
121-127105-0003,4446,0
121-127105-0003,4507,0
121-127105-0003,4970,0
121-127105-0003,4992,0
121-127105-0003,5142,0
121-127105-0003,5683,0
121-127105-0003,6829,0
121-127105-0003,8463,0
121-127105-0003,8555,0
121-127105-0006,121,1
121-127105-0006,1221,0
121-127105-0006,1284,0
121-127105-0006,1580,0
121-127105-0006,1995,0
121-127105-0006,2094,0
121-127105-0006,237,0
121-127105-0006,2961,0
121-127105-0006,3570,0
121-127105-0006,3575,0
121-127105-0006,3729,0
121-127105-0006,4446,0
121-127105-0006,4507,0
121-127105-0006,4970,0
121-127105-0006,4992,0
121-127105-0006,5142,0
121-127105-0006,5683,0
121-127105-0006,6829,0
121-127105-0006,8463,0
121-127105-0006,8555,0
121-127105-0020,121,1
121-127105-0020,1221,0
121-127105-0020,1284,0
121-127105-0020,1580,0
121-127105-0020,1995,0
121-127105-0020,2094,0
121-127105-0020,237,0
121-127105-0020,2961,0
121-127105-0020,3570,0
121-127105-0020,3575,0
121-127105-0020,3729,0
121-127105-0020,4446,0
121-127105-0020,4507,0
121-127105-0020,4970,0
121-127105-0020,4992,0
121-127105-0020,5142,0
121-127105-0020,5683,0
121-127105-0020,6829,0
121-127105-0020,8463,0
121-127105-0020,8555,0
121-127105-0023,121,1
121-127105-0023,1221,0
121-127105-0023,1284,0
121-127105-0023,1580,0
121-127105-0023,1995,0
121-127105-0023,2094,0
121-127105-0023,237,0
121-127105-0023,2961,0
121-127105-0023,3570,0
121-127105-0023,3575,0
121-127105-0023,3729,0
121-127105-0023,4446,0
121-127105-0023,4507,0
121-127105-0023,4970,0
121-127105-0023,4992,0
121-127105-0023,5142,0
121-127105-0023,5683,0
121-127105-0023,6829,0
121-127105-0023,8463,0
121-127105-0023,8555,0
121-127105-0036,121,1
121-127105-0036,1221,0
121-127105-0036,1284,0
121-127105-0036,1580,0
121-127105-0036,1995,0
121-127105-0036,2094,0
121-127105-0036,237,0
121-127105-0036,2961,0
121-127105-0036,3570,0
121-127105-0036,3575,0
121-127105-0036,3729,0
121-127105-0036,4446,0
121-127105-0036,4507,0
121-127105-0036,4970,0
121-127105-0036,4992,0
121-127105-0036,5142,0
121-127105-0036,5683,0
121-127105-0036,6829,0
121-127105-0036,8463,0
121-127105-0036,8555,0
1221-135766-0002,121,0
1221-135766-0002,1221,1
1221-135766-0002,1284,0
1221-135766-0002,1580,0
1221-135766-0002,1995,0
1221-135766-0002,2094,0
1221-135766-0002,237,0
1221-135766-0002,2961,0
1221-135766-0002,3570,0
1221-135766-0002,3575,0
1221-135766-0002,3729,0
1221-135766-0002,4446,0
1221-135766-0002,4507,0
1221-135766-0002,4970,0
1221-135766-0002,4992,0
1221-135766-0002,5142,0
1221-135766-0002,5683,0
1221-135766-0002,6829,0
1221-135766-0002,8463,0
1221-135766-0002,8555,0
1221-135766-0009,121,0
1221-135766-0009,1221,1
1221-135766-0009,1284,0
1221-135766-0009,1580,0
1221-135766-0009,1995,0
1221-135766-0009,2094,0
1221-135766-0009,237,0
1221-135766-0009,2961,0
1221-135766-0009,3570,0
1221-135766-0009,3575,0
1221-135766-0009,3729,0
1221-135766-0009,4446,0
1221-135766-0009,4507,0
1221-135766-0009,4970,0
1221-135766-0009,4992,0
1221-135766-0009,5142,0
1221-135766-0009,5683,0
1221-135766-0009,6829,0
1221-135766-0009,8463,0
1221-135766-0009,8555,0
1221-135767-0001,121,0
1221-135767-0001,1221,1
1221-135767-0001,1284,0
1221-135767-0001,1580,0
1221-135767-0001,1995,0
1221-135767-0001,2094,0
1221-135767-0001,237,0
1221-135767-0001,2961,0
1221-135767-0001,3570,0
1221-135767-0001,3575,0
1221-135767-0001,3729,0
1221-135767-0001,4446,0
1221-135767-0001,4507,0
1221-135767-0001,4970,0
1221-135767-0001,4992,0
1221-135767-0001,5142,0
1221-135767-0001,5683,0
1221-135767-0001,6829,0
1221-135767-0001,8463,0
1221-135767-0001,8555,0
1221-135767-0005,121,0
1221-135767-0005,1221,1
1221-135767-0005,1284,0
1221-135767-0005,1580,0
1221-135767-0005,1995,0
1221-135767-0005,2094,0
1221-135767-0005,237,0
1221-135767-0005,2961,0
1221-135767-0005,3570,0
1221-135767-0005,3575,0
1221-135767-0005,3729,0
1221-135767-0005,4446,0
1221-135767-0005,4507,0
1221-135767-0005,4970,0
1221-135767-0005,4992,0
1221-135767-0005,5142,0
1221-135767-0005,5683,0
1221-135767-0005,6829,0
1221-135767-0005,8463,0
1221-135767-0005,8555,0
1221-135767-0007,121,0
1221-135767-0007,1221,1
1221-135767-0007,1284,0
1221-135767-0007,1580,0
1221-135767-0007,1995,0
1221-135767-0007,2094,0
1221-135767-0007,237,0
1221-135767-0007,2961,0
1221-135767-0007,3570,0
1221-135767-0007,3575,0
1221-135767-0007,3729,0
1221-135767-0007,4446,0
1221-135767-0007,4507,0
1221-135767-0007,4970,0
1221-135767-0007,4992,0
1221-135767-0007,5142,0
1221-135767-0007,5683,0
1221-135767-0007,6829,0
1221-135767-0007,8463,0
1221-135767-0007,8555,0
1221-135767-0009,121,0
1221-135767-0009,1221,1
1221-135767-0009,1284,0
1221-135767-0009,1580,0
1221-135767-0009,1995,0
1221-135767-0009,2094,0
1221-135767-0009,237,0
1221-135767-0009,2961,0
1221-135767-0009,3570,0
1221-135767-0009,3575,0
1221-135767-0009,3729,0
1221-135767-0009,4446,0
1221-135767-0009,4507,0
1221-135767-0009,4970,0
1221-135767-0009,4992,0
1221-135767-0009,5142,0
1221-135767-0009,5683,0
1221-135767-0009,6829,0
1221-135767-0009,8463,0
1221-135767-0009,8555,0
1221-135767-0010,121,0
1221-135767-0010,1221,1
1221-135767-0010,1284,0
1221-135767-0010,1580,0
1221-135767-0010,1995,0
1221-135767-0010,2094,0
1221-135767-0010,237,0
1221-135767-0010,2961,0
1221-135767-0010,3570,0
1221-135767-0010,3575,0
1221-135767-0010,3729,0
1221-135767-0010,4446,0
1221-135767-0010,4507,0
1221-135767-0010,4970,0
1221-135767-0010,4992,0
1221-135767-0010,5142,0
1221-135767-0010,5683,0
1221-135767-0010,6829,0
1221-135767-0010,8463,0
1221-135767-0010,8555,0
1221-135767-0013,121,0
1221-135767-0013,1221,1
1221-135767-0013,1284,0
1221-135767-0013,1580,0
1221-135767-0013,1995,0
1221-135767-0013,2094,0
1221-135767-0013,237,0
1221-135767-0013,2961,0
1221-135767-0013,3570,0
1221-135767-0013,3575,0
1221-135767-0013,3729,0
1221-135767-0013,4446,0
1221-135767-0013,4507,0
1221-135767-0013,4970,0
1221-135767-0013,4992,0
1221-135767-0013,5142,0
1221-135767-0013,5683,0
1221-135767-0013,6829,0
1221-135767-0013,8463,0
1221-135767-0013,8555,0
1221-135767-0018,121,0
1221-135767-0018,1221,1
1221-135767-0018,1284,0
1221-135767-0018,1580,0
1221-135767-0018,1995,0
1221-135767-0018,2094,0
1221-135767-0018,237,0
1221-135767-0018,2961,0
1221-135767-0018,3570,0
1221-135767-0018,3575,0
1221-135767-0018,3729,0
1221-135767-0018,4446,0
1221-135767-0018,4507,0
1221-135767-0018,4970,0
1221-135767-0018,4992,0
1221-135767-0018,5142,0
1221-135767-0018,5683,0
1221-135767-0018,6829,0
1221-135767-0018,8463,0
1221-135767-0018,8555,0
1221-135767-0022,121,0
1221-135767-0022,1221,1
1221-135767-0022,1284,0
1221-135767-0022,1580,0
1221-135767-0022,1995,0
1221-135767-0022,2094,0
1221-135767-0022,237,0
1221-135767-0022,2961,0
1221-135767-0022,3570,0
1221-135767-0022,3575,0
1221-135767-0022,3729,0
1221-135767-0022,4446,0
1221-135767-0022,4507,0
1221-135767-0022,4970,0
1221-135767-0022,4992,0
1221-135767-0022,5142,0
1221-135767-0022,5683,0
1221-135767-0022,6829,0
1221-135767-0022,8463,0
1221-135767-0022,8555,0
1284-1180-0005,121,0
1284-1180-0005,1221,0
1284-1180-0005,1284,1
1284-1180-0005,1580,0
1284-1180-0005,1995,0
1284-1180-0005,2094,0
1284-1180-0005,237,0
1284-1180-0005,2961,0
1284-1180-0005,3570,0
1284-1180-0005,3575,0
1284-1180-0005,3729,0
1284-1180-0005,4446,0
1284-1180-0005,4507,0
1284-1180-0005,4970,0
1284-1180-0005,4992,0
1284-1180-0005,5142,0
1284-1180-0005,5683,0
1284-1180-0005,6829,0
1284-1180-0005,8463,0
1284-1180-0005,8555,0
1284-1180-0017,121,0
1284-1180-0017,1221,0
1284-1180-0017,1284,1
1284-1180-0017,1580,0
1284-1180-0017,1995,0
1284-1180-0017,2094,0
1284-1180-0017,237,0
1284-1180-0017,2961,0
1284-1180-0017,3570,0
1284-1180-0017,3575,0
1284-1180-0017,3729,0
1284-1180-0017,4446,0
1284-1180-0017,4507,0
1284-1180-0017,4970,0
1284-1180-0017,4992,0
1284-1180-0017,5142,0
1284-1180-0017,5683,0
1284-1180-0017,6829,0
1284-1180-0017,8463,0
1284-1180-0017,8555,0
1284-1180-0026,121,0
1284-1180-0026,1221,0
1284-1180-0026,1284,1
1284-1180-0026,1580,0
1284-1180-0026,1995,0
1284-1180-0026,2094,0
1284-1180-0026,237,0
1284-1180-0026,2961,0
1284-1180-0026,3570,0
1284-1180-0026,3575,0
1284-1180-0026,3729,0
1284-1180-0026,4446,0
1284-1180-0026,4507,0
1284-1180-0026,4970,0
1284-1180-0026,4992,0
1284-1180-0026,5142,0
1284-1180-0026,5683,0
1284-1180-0026,6829,0
1284-1180-0026,8463,0
1284-1180-0026,8555,0
1284-1180-0031,121,0
1284-1180-0031,1221,0
1284-1180-0031,1284,1
1284-1180-0031,1580,0
1284-1180-0031,1995,0
1284-1180-0031,2094,0
1284-1180-0031,237,0
1284-1180-0031,2961,0
1284-1180-0031,3570,0
1284-1180-0031,3575,0
1284-1180-0031,3729,0
1284-1180-0031,4446,0
1284-1180-0031,4507,0
1284-1180-0031,4970,0
1284-1180-0031,4992,0
1284-1180-0031,5142,0
1284-1180-0031,5683,0
1284-1180-0031,6829,0
1284-1180-0031,8463,0
1284-1180-0031,8555,0
1284-1181-0004,121,0
1284-1181-0004,1221,0
1284-1181-0004,1284,1
1284-1181-0004,1580,0
1284-1181-0004,1995,0
1284-1181-0004,2094,0
1284-1181-0004,237,0
1284-1181-0004,2961,0
1284-1181-0004,3570,0
1284-1181-0004,3575,0
1284-1181-0004,3729,0
1284-1181-0004,4446,0
1284-1181-0004,4507,0
1284-1181-0004,4970,0
1284-1181-0004,4992,0
1284-1181-0004,5142,0
1284-1181-0004,5683,0
1284-1181-0004,6829,0
1284-1181-0004,8463,0
1284-1181-0004,8555,0
1284-1181-0007,121,0
1284-1181-0007,1221,0
1284-1181-0007,1284,1
1284-1181-0007,1580,0
1284-1181-0007,1995,0
1284-1181-0007,2094,0
1284-1181-0007,237,0
1284-1181-0007,2961,0
1284-1181-0007,3570,0
1284-1181-0007,3575,0
1284-1181-0007,3729,0
1284-1181-0007,4446,0
1284-1181-0007,4507,0
1284-1181-0007,4970,0
1284-1181-0007,4992,0
1284-1181-0007,5142,0
1284-1181-0007,5683,0
1284-1181-0007,6829,0
1284-1181-0007,8463,0
1284-1181-0007,8555,0
1284-1181-0011,121,0
1284-1181-0011,1221,0
1284-1181-0011,1284,1
1284-1181-0011,1580,0
1284-1181-0011,1995,0
1284-1181-0011,2094,0
1284-1181-0011,237,0
1284-1181-0011,2961,0
1284-1181-0011,3570,0
1284-1181-0011,3575,0
1284-1181-0011,3729,0
1284-1181-0011,4446,0
1284-1181-0011,4507,0
1284-1181-0011,4970,0
1284-1181-0011,4992,0
1284-1181-0011,5142,0
1284-1181-0011,5683,0
1284-1181-0011,6829,0
1284-1181-0011,8463,0
1284-1181-0011,8555,0
1284-1181-0016,121,0
1284-1181-0016,1221,0
1284-1181-0016,1284,1
1284-1181-0016,1580,0
1284-1181-0016,1995,0
1284-1181-0016,2094,0
1284-1181-0016,237,0
1284-1181-0016,2961,0
1284-1181-0016,3570,0
1284-1181-0016,3575,0
1284-1181-0016,3729,0
1284-1181-0016,4446,0
1284-1181-0016,4507,0
1284-1181-0016,4970,0
1284-1181-0016,4992,0
1284-1181-0016,5142,0
1284-1181-0016,5683,0
1284-1181-0016,6829,0
1284-1181-0016,8463,0
1284-1181-0016,8555,0
1284-1181-0017,121,0
1284-1181-0017,1221,0
1284-1181-0017,1284,1
1284-1181-0017,1580,0
1284-1181-0017,1995,0
1284-1181-0017,2094,0
1284-1181-0017,237,0
1284-1181-0017,2961,0
1284-1181-0017,3570,0
1284-1181-0017,3575,0
1284-1181-0017,3729,0
1284-1181-0017,4446,0
1284-1181-0017,4507,0
1284-1181-0017,4970,0
1284-1181-0017,4992,0
1284-1181-0017,5142,0
1284-1181-0017,5683,0
1284-1181-0017,6829,0
1284-1181-0017,8463,0
1284-1181-0017,8555,0
1284-134647-0004,121,0
1284-134647-0004,1221,0
1284-134647-0004,1284,1
1284-134647-0004,1580,0
1284-134647-0004,1995,0
1284-134647-0004,2094,0
1284-134647-0004,237,0
1284-134647-0004,2961,0
1284-134647-0004,3570,0
1284-134647-0004,3575,0
1284-134647-0004,3729,0
1284-134647-0004,4446,0
1284-134647-0004,4507,0
1284-134647-0004,4970,0
1284-134647-0004,4992,0
1284-134647-0004,5142,0
1284-134647-0004,5683,0
1284-134647-0004,6829,0
1284-134647-0004,8463,0
1284-134647-0004,8555,0
1320-122612-0003,1089,0
1320-122612-0003,1188,0
1320-122612-0003,1320,1
1320-122612-0003,2300,0
1320-122612-0003,260,0
1320-122612-0003,2830,0
1320-122612-0003,4077,0
1320-122612-0003,5105,0
1320-122612-0003,5639,0
1320-122612-0003,61,0
1320-122612-0003,672,0
1320-122612-0003,6930,0
1320-122612-0003,7021,0
1320-122612-0003,7127,0
1320-122612-0003,7176,0
1320-122612-0003,7729,0
1320-122612-0003,8224,0
1320-122612-0003,8230,0
1320-122612-0003,8455,0
1320-122612-0003,908,0
1320-122612-0005,1089,0
1320-122612-0005,1188,0
1320-122612-0005,1320,1
1320-122612-0005,2300,0
1320-122612-0005,260,0
1320-122612-0005,2830,0
1320-122612-0005,4077,0
1320-122612-0005,5105,0
1320-122612-0005,5639,0
1320-122612-0005,61,0
1320-122612-0005,672,0
1320-122612-0005,6930,0
1320-122612-0005,7021,0
1320-122612-0005,7127,0
1320-122612-0005,7176,0
1320-122612-0005,7729,0
1320-122612-0005,8224,0
1320-122612-0005,8230,0
1320-122612-0005,8455,0
1320-122612-0005,908,0
1320-122612-0013,1089,0
1320-122612-0013,1188,0
1320-122612-0013,1320,1
1320-122612-0013,2300,0
1320-122612-0013,260,0
1320-122612-0013,2830,0
1320-122612-0013,4077,0
1320-122612-0013,5105,0
1320-122612-0013,5639,0
1320-122612-0013,61,0
1320-122612-0013,672,0
1320-122612-0013,6930,0
1320-122612-0013,7021,0
1320-122612-0013,7127,0
1320-122612-0013,7176,0
1320-122612-0013,7729,0
1320-122612-0013,8224,0
1320-122612-0013,8230,0
1320-122612-0013,8455,0
1320-122612-0013,908,0
1320-122617-0005,1089,0
1320-122617-0005,1188,0
1320-122617-0005,1320,1
1320-122617-0005,2300,0
1320-122617-0005,260,0
1320-122617-0005,2830,0
1320-122617-0005,4077,0
1320-122617-0005,5105,0
1320-122617-0005,5639,0
1320-122617-0005,61,0
1320-122617-0005,672,0
1320-122617-0005,6930,0
1320-122617-0005,7021,0
1320-122617-0005,7127,0
1320-122617-0005,7176,0
1320-122617-0005,7729,0
1320-122617-0005,8224,0
1320-122617-0005,8230,0
1320-122617-0005,8455,0
1320-122617-0005,908,0
1320-122617-0011,1089,0
1320-122617-0011,1188,0
1320-122617-0011,1320,1
1320-122617-0011,2300,0
1320-122617-0011,260,0
1320-122617-0011,2830,0
1320-122617-0011,4077,0
1320-122617-0011,5105,0
1320-122617-0011,5639,0
1320-122617-0011,61,0
1320-122617-0011,672,0
1320-122617-0011,6930,0
1320-122617-0011,7021,0
1320-122617-0011,7127,0
1320-122617-0011,7176,0
1320-122617-0011,7729,0
1320-122617-0011,8224,0
1320-122617-0011,8230,0
1320-122617-0011,8455,0
1320-122617-0011,908,0
1320-122617-0018,1089,0
1320-122617-0018,1188,0
1320-122617-0018,1320,1
1320-122617-0018,2300,0
1320-122617-0018,260,0
1320-122617-0018,2830,0
1320-122617-0018,4077,0
1320-122617-0018,5105,0
1320-122617-0018,5639,0
1320-122617-0018,61,0
1320-122617-0018,672,0
1320-122617-0018,6930,0
1320-122617-0018,7021,0
1320-122617-0018,7127,0
1320-122617-0018,7176,0
1320-122617-0018,7729,0
1320-122617-0018,8224,0
1320-122617-0018,8230,0
1320-122617-0018,8455,0
1320-122617-0018,908,0
1320-122617-0027,1089,0
1320-122617-0027,1188,0
1320-122617-0027,1320,1
1320-122617-0027,2300,0
1320-122617-0027,260,0
1320-122617-0027,2830,0
1320-122617-0027,4077,0
1320-122617-0027,5105,0
1320-122617-0027,5639,0
1320-122617-0027,61,0
1320-122617-0027,672,0
1320-122617-0027,6930,0
1320-122617-0027,7021,0
1320-122617-0027,7127,0
1320-122617-0027,7176,0
1320-122617-0027,7729,0
1320-122617-0027,8224,0
1320-122617-0027,8230,0
1320-122617-0027,8455,0
1320-122617-0027,908,0
1320-122617-0032,1089,0
1320-122617-0032,1188,0
1320-122617-0032,1320,1
1320-122617-0032,2300,0
1320-122617-0032,260,0
1320-122617-0032,2830,0
1320-122617-0032,4077,0
1320-122617-0032,5105,0
1320-122617-0032,5639,0
1320-122617-0032,61,0
1320-122617-0032,672,0
1320-122617-0032,6930,0
1320-122617-0032,7021,0
1320-122617-0032,7127,0
1320-122617-0032,7176,0
1320-122617-0032,7729,0
1320-122617-0032,8224,0
1320-122617-0032,8230,0
1320-122617-0032,8455,0
1320-122617-0032,908,0
1320-122617-0037,1089,0
1320-122617-0037,1188,0
1320-122617-0037,1320,1
1320-122617-0037,2300,0
1320-122617-0037,260,0
1320-122617-0037,2830,0
1320-122617-0037,4077,0
1320-122617-0037,5105,0
1320-122617-0037,5639,0
1320-122617-0037,61,0
1320-122617-0037,672,0
1320-122617-0037,6930,0
1320-122617-0037,7021,0
1320-122617-0037,7127,0
1320-122617-0037,7176,0
1320-122617-0037,7729,0
1320-122617-0037,8224,0
1320-122617-0037,8230,0
1320-122617-0037,8455,0
1320-122617-0037,908,0
1320-122617-0041,1089,0
1320-122617-0041,1188,0
1320-122617-0041,1320,1
1320-122617-0041,2300,0
1320-122617-0041,260,0
1320-122617-0041,2830,0
1320-122617-0041,4077,0
1320-122617-0041,5105,0
1320-122617-0041,5639,0
1320-122617-0041,61,0
1320-122617-0041,672,0
1320-122617-0041,6930,0
1320-122617-0041,7021,0
1320-122617-0041,7127,0
1320-122617-0041,7176,0
1320-122617-0041,7729,0
1320-122617-0041,8224,0
1320-122617-0041,8230,0
1320-122617-0041,8455,0
1320-122617-0041,908,0
1580-141083-0006,121,0
1580-141083-0006,1221,0
1580-141083-0006,1284,0
1580-141083-0006,1580,1
1580-141083-0006,1995,0
1580-141083-0006,2094,0
1580-141083-0006,237,0
1580-141083-0006,2961,0
1580-141083-0006,3570,0
1580-141083-0006,3575,0
1580-141083-0006,3729,0
1580-141083-0006,4446,0
1580-141083-0006,4507,0
1580-141083-0006,4970,0
1580-141083-0006,4992,0
1580-141083-0006,5142,0
1580-141083-0006,5683,0
1580-141083-0006,6829,0
1580-141083-0006,8463,0
1580-141083-0006,8555,0
1580-141083-0007,121,0
1580-141083-0007,1221,0
1580-141083-0007,1284,0
1580-141083-0007,1580,1
1580-141083-0007,1995,0
1580-141083-0007,2094,0
1580-141083-0007,237,0
1580-141083-0007,2961,0
1580-141083-0007,3570,0
1580-141083-0007,3575,0
1580-141083-0007,3729,0
1580-141083-0007,4446,0
1580-141083-0007,4507,0
1580-141083-0007,4970,0
1580-141083-0007,4992,0
1580-141083-0007,5142,0
1580-141083-0007,5683,0
1580-141083-0007,6829,0
1580-141083-0007,8463,0
1580-141083-0007,8555,0
1580-141083-0010,121,0
1580-141083-0010,1221,0
1580-141083-0010,1284,0
1580-141083-0010,1580,1
1580-141083-0010,1995,0
1580-141083-0010,2094,0
1580-141083-0010,237,0
1580-141083-0010,2961,0
1580-141083-0010,3570,0
1580-141083-0010,3575,0
1580-141083-0010,3729,0
1580-141083-0010,4446,0
1580-141083-0010,4507,0
1580-141083-0010,4970,0
1580-141083-0010,4992,0
1580-141083-0010,5142,0
1580-141083-0010,5683,0
1580-141083-0010,6829,0
1580-141083-0010,8463,0
1580-141083-0010,8555,0
1580-141083-0016,121,0
1580-141083-0016,1221,0
1580-141083-0016,1284,0
1580-141083-0016,1580,1
1580-141083-0016,1995,0
1580-141083-0016,2094,0
1580-141083-0016,237,0
1580-141083-0016,2961,0
1580-141083-0016,3570,0
1580-141083-0016,3575,0
1580-141083-0016,3729,0
1580-141083-0016,4446,0
1580-141083-0016,4507,0
1580-141083-0016,4970,0
1580-141083-0016,4992,0
1580-141083-0016,5142,0
1580-141083-0016,5683,0
1580-141083-0016,6829,0
1580-141083-0016,8463,0
1580-141083-0016,8555,0
1580-141083-0027,121,0
1580-141083-0027,1221,0
1580-141083-0027,1284,0
1580-141083-0027,1580,1
1580-141083-0027,1995,0
1580-141083-0027,2094,0
1580-141083-0027,237,0
1580-141083-0027,2961,0
1580-141083-0027,3570,0
1580-141083-0027,3575,0
1580-141083-0027,3729,0
1580-141083-0027,4446,0
1580-141083-0027,4507,0
1580-141083-0027,4970,0
1580-141083-0027,4992,0
1580-141083-0027,5142,0
1580-141083-0027,5683,0
1580-141083-0027,6829,0
1580-141083-0027,8463,0
1580-141083-0027,8555,0
1580-141083-0044,121,0
1580-141083-0044,1221,0
1580-141083-0044,1284,0
1580-141083-0044,1580,1
1580-141083-0044,1995,0
1580-141083-0044,2094,0
1580-141083-0044,237,0
1580-141083-0044,2961,0
1580-141083-0044,3570,0
1580-141083-0044,3575,0
1580-141083-0044,3729,0
1580-141083-0044,4446,0
1580-141083-0044,4507,0
1580-141083-0044,4970,0
1580-141083-0044,4992,0
1580-141083-0044,5142,0
1580-141083-0044,5683,0
1580-141083-0044,6829,0
1580-141083-0044,8463,0
1580-141083-0044,8555,0
1580-141084-0002,121,0
1580-141084-0002,1221,0
1580-141084-0002,1284,0
1580-141084-0002,1580,1
1580-141084-0002,1995,0
1580-141084-0002,2094,0
1580-141084-0002,237,0
1580-141084-0002,2961,0
1580-141084-0002,3570,0
1580-141084-0002,3575,0
1580-141084-0002,3729,0
1580-141084-0002,4446,0
1580-141084-0002,4507,0
1580-141084-0002,4970,0
1580-141084-0002,4992,0
1580-141084-0002,5142,0
1580-141084-0002,5683,0
1580-141084-0002,6829,0
1580-141084-0002,8463,0
1580-141084-0002,8555,0
1580-141084-0009,121,0
1580-141084-0009,1221,0
1580-141084-0009,1284,0
1580-141084-0009,1580,1
1580-141084-0009,1995,0
1580-141084-0009,2094,0
1580-141084-0009,237,0
1580-141084-0009,2961,0
1580-141084-0009,3570,0
1580-141084-0009,3575,0
1580-141084-0009,3729,0
1580-141084-0009,4446,0
1580-141084-0009,4507,0
1580-141084-0009,4970,0
1580-141084-0009,4992,0
1580-141084-0009,5142,0
1580-141084-0009,5683,0
1580-141084-0009,6829,0
1580-141084-0009,8463,0
1580-141084-0009,8555,0
1580-141084-0010,121,0
1580-141084-0010,1221,0
1580-141084-0010,1284,0
1580-141084-0010,1580,1
1580-141084-0010,1995,0
1580-141084-0010,2094,0
1580-141084-0010,237,0
1580-141084-0010,2961,0
1580-141084-0010,3570,0
1580-141084-0010,3575,0
1580-141084-0010,3729,0
1580-141084-0010,4446,0
1580-141084-0010,4507,0
1580-141084-0010,4970,0
1580-141084-0010,4992,0
1580-141084-0010,5142,0
1580-141084-0010,5683,0
1580-141084-0010,6829,0
1580-141084-0010,8463,0
1580-141084-0010,8555,0
1580-141084-0042,121,0
1580-141084-0042,1221,0
1580-141084-0042,1284,0
1580-141084-0042,1580,1
1580-141084-0042,1995,0
1580-141084-0042,2094,0
1580-141084-0042,237,0
1580-141084-0042,2961,0
1580-141084-0042,3570,0
1580-141084-0042,3575,0
1580-141084-0042,3729,0
1580-141084-0042,4446,0
1580-141084-0042,4507,0
1580-141084-0042,4970,0
1580-141084-0042,4992,0
1580-141084-0042,5142,0
1580-141084-0042,5683,0
1580-141084-0042,6829,0
1580-141084-0042,8463,0
1580-141084-0042,8555,0
1995-1826-0002,121,0
1995-1826-0002,1221,0
1995-1826-0002,1284,0
1995-1826-0002,1580,0
1995-1826-0002,1995,1
1995-1826-0002,2094,0
1995-1826-0002,237,0
1995-1826-0002,2961,0
1995-1826-0002,3570,0
1995-1826-0002,3575,0
1995-1826-0002,3729,0
1995-1826-0002,4446,0
1995-1826-0002,4507,0
1995-1826-0002,4970,0
1995-1826-0002,4992,0
1995-1826-0002,5142,0
1995-1826-0002,5683,0
1995-1826-0002,6829,0
1995-1826-0002,8463,0
1995-1826-0002,8555,0
1995-1826-0009,121,0
1995-1826-0009,1221,0
1995-1826-0009,1284,0
1995-1826-0009,1580,0
1995-1826-0009,1995,1
1995-1826-0009,2094,0
1995-1826-0009,237,0
1995-1826-0009,2961,0
1995-1826-0009,3570,0
1995-1826-0009,3575,0
1995-1826-0009,3729,0
1995-1826-0009,4446,0
1995-1826-0009,4507,0
1995-1826-0009,4970,0
1995-1826-0009,4992,0
1995-1826-0009,5142,0
1995-1826-0009,5683,0
1995-1826-0009,6829,0
1995-1826-0009,8463,0
1995-1826-0009,8555,0
1995-1826-0018,121,0
1995-1826-0018,1221,0
1995-1826-0018,1284,0
1995-1826-0018,1580,0
1995-1826-0018,1995,1
1995-1826-0018,2094,0
1995-1826-0018,237,0
1995-1826-0018,2961,0
1995-1826-0018,3570,0
1995-1826-0018,3575,0
1995-1826-0018,3729,0
1995-1826-0018,4446,0
1995-1826-0018,4507,0
1995-1826-0018,4970,0
1995-1826-0018,4992,0
1995-1826-0018,5142,0
1995-1826-0018,5683,0
1995-1826-0018,6829,0
1995-1826-0018,8463,0
1995-1826-0018,8555,0
1995-1826-0021,121,0
1995-1826-0021,1221,0
1995-1826-0021,1284,0
1995-1826-0021,1580,0
1995-1826-0021,1995,1
1995-1826-0021,2094,0
1995-1826-0021,237,0
1995-1826-0021,2961,0
1995-1826-0021,3570,0
1995-1826-0021,3575,0
1995-1826-0021,3729,0
1995-1826-0021,4446,0
1995-1826-0021,4507,0
1995-1826-0021,4970,0
1995-1826-0021,4992,0
1995-1826-0021,5142,0
1995-1826-0021,5683,0
1995-1826-0021,6829,0
1995-1826-0021,8463,0
1995-1826-0021,8555,0
1995-1826-0023,121,0
1995-1826-0023,1221,0
1995-1826-0023,1284,0
1995-1826-0023,1580,0
1995-1826-0023,1995,1
1995-1826-0023,2094,0
1995-1826-0023,237,0
1995-1826-0023,2961,0
1995-1826-0023,3570,0
1995-1826-0023,3575,0
1995-1826-0023,3729,0
1995-1826-0023,4446,0
1995-1826-0023,4507,0
1995-1826-0023,4970,0
1995-1826-0023,4992,0
1995-1826-0023,5142,0
1995-1826-0023,5683,0
1995-1826-0023,6829,0
1995-1826-0023,8463,0
1995-1826-0023,8555,0
1995-1836-0005,121,0
1995-1836-0005,1221,0
1995-1836-0005,1284,0
1995-1836-0005,1580,0
1995-1836-0005,1995,1
1995-1836-0005,2094,0
1995-1836-0005,237,0
1995-1836-0005,2961,0
1995-1836-0005,3570,0
1995-1836-0005,3575,0
1995-1836-0005,3729,0
1995-1836-0005,4446,0
1995-1836-0005,4507,0
1995-1836-0005,4970,0
1995-1836-0005,4992,0
1995-1836-0005,5142,0
1995-1836-0005,5683,0
1995-1836-0005,6829,0
1995-1836-0005,8463,0
1995-1836-0005,8555,0
1995-1837-0001,121,0
1995-1837-0001,1221,0
1995-1837-0001,1284,0
1995-1837-0001,1580,0
1995-1837-0001,1995,1
1995-1837-0001,2094,0
1995-1837-0001,237,0
1995-1837-0001,2961,0
1995-1837-0001,3570,0
1995-1837-0001,3575,0
1995-1837-0001,3729,0
1995-1837-0001,4446,0
1995-1837-0001,4507,0
1995-1837-0001,4970,0
1995-1837-0001,4992,0
1995-1837-0001,5142,0
1995-1837-0001,5683,0
1995-1837-0001,6829,0
1995-1837-0001,8463,0
1995-1837-0001,8555,0
1995-1837-0014,121,0
1995-1837-0014,1221,0
1995-1837-0014,1284,0
1995-1837-0014,1580,0
1995-1837-0014,1995,1
1995-1837-0014,2094,0
1995-1837-0014,237,0
1995-1837-0014,2961,0
1995-1837-0014,3570,0
1995-1837-0014,3575,0
1995-1837-0014,3729,0
1995-1837-0014,4446,0
1995-1837-0014,4507,0
1995-1837-0014,4970,0
1995-1837-0014,4992,0
1995-1837-0014,5142,0
1995-1837-0014,5683,0
1995-1837-0014,6829,0
1995-1837-0014,8463,0
1995-1837-0014,8555,0
1995-1837-0018,121,0
1995-1837-0018,1221,0
1995-1837-0018,1284,0
1995-1837-0018,1580,0
1995-1837-0018,1995,1
1995-1837-0018,2094,0
1995-1837-0018,237,0
1995-1837-0018,2961,0
1995-1837-0018,3570,0
1995-1837-0018,3575,0
1995-1837-0018,3729,0
1995-1837-0018,4446,0
1995-1837-0018,4507,0
1995-1837-0018,4970,0
1995-1837-0018,4992,0
1995-1837-0018,5142,0
1995-1837-0018,5683,0
1995-1837-0018,6829,0
1995-1837-0018,8463,0
1995-1837-0018,8555,0
1995-1837-0026,121,0
1995-1837-0026,1221,0
1995-1837-0026,1284,0
1995-1837-0026,1580,0
1995-1837-0026,1995,1
1995-1837-0026,2094,0
1995-1837-0026,237,0
1995-1837-0026,2961,0
1995-1837-0026,3570,0
1995-1837-0026,3575,0
1995-1837-0026,3729,0
1995-1837-0026,4446,0
1995-1837-0026,4507,0
1995-1837-0026,4970,0
1995-1837-0026,4992,0
1995-1837-0026,5142,0
1995-1837-0026,5683,0
1995-1837-0026,6829,0
1995-1837-0026,8463,0
1995-1837-0026,8555,0
2094-142345-0001,121,0
2094-142345-0001,1221,0
2094-142345-0001,1284,0
2094-142345-0001,1580,0
2094-142345-0001,1995,0
2094-142345-0001,2094,1
2094-142345-0001,237,0
2094-142345-0001,2961,0
2094-142345-0001,3570,0
2094-142345-0001,3575,0
2094-142345-0001,3729,0
2094-142345-0001,4446,0
2094-142345-0001,4507,0
2094-142345-0001,4970,0
2094-142345-0001,4992,0
2094-142345-0001,5142,0
2094-142345-0001,5683,0
2094-142345-0001,6829,0
2094-142345-0001,8463,0
2094-142345-0001,8555,0
2094-142345-0013,121,0
2094-142345-0013,1221,0
2094-142345-0013,1284,0
2094-142345-0013,1580,0
2094-142345-0013,1995,0
2094-142345-0013,2094,1
2094-142345-0013,237,0
2094-142345-0013,2961,0
2094-142345-0013,3570,0
2094-142345-0013,3575,0
2094-142345-0013,3729,0
2094-142345-0013,4446,0
2094-142345-0013,4507,0
2094-142345-0013,4970,0
2094-142345-0013,4992,0
2094-142345-0013,5142,0
2094-142345-0013,5683,0
2094-142345-0013,6829,0
2094-142345-0013,8463,0
2094-142345-0013,8555,0
2094-142345-0021,121,0
2094-142345-0021,1221,0
2094-142345-0021,1284,0
2094-142345-0021,1580,0
2094-142345-0021,1995,0
2094-142345-0021,2094,1
2094-142345-0021,237,0
2094-142345-0021,2961,0
2094-142345-0021,3570,0
2094-142345-0021,3575,0
2094-142345-0021,3729,0
2094-142345-0021,4446,0
2094-142345-0021,4507,0
2094-142345-0021,4970,0
2094-142345-0021,4992,0
2094-142345-0021,5142,0
2094-142345-0021,5683,0
2094-142345-0021,6829,0
2094-142345-0021,8463,0
2094-142345-0021,8555,0
2094-142345-0024,121,0
2094-142345-0024,1221,0
2094-142345-0024,1284,0
2094-142345-0024,1580,0
2094-142345-0024,1995,0
2094-142345-0024,2094,1
2094-142345-0024,237,0
2094-142345-0024,2961,0
2094-142345-0024,3570,0
2094-142345-0024,3575,0
2094-142345-0024,3729,0
2094-142345-0024,4446,0
2094-142345-0024,4507,0
2094-142345-0024,4970,0
2094-142345-0024,4992,0
2094-142345-0024,5142,0
2094-142345-0024,5683,0
2094-142345-0024,6829,0
2094-142345-0024,8463,0
2094-142345-0024,8555,0
2094-142345-0028,121,0
2094-142345-0028,1221,0
2094-142345-0028,1284,0
2094-142345-0028,1580,0
2094-142345-0028,1995,0
2094-142345-0028,2094,1
2094-142345-0028,237,0
2094-142345-0028,2961,0
2094-142345-0028,3570,0
2094-142345-0028,3575,0
2094-142345-0028,3729,0
2094-142345-0028,4446,0
2094-142345-0028,4507,0
2094-142345-0028,4970,0
2094-142345-0028,4992,0
2094-142345-0028,5142,0
2094-142345-0028,5683,0
2094-142345-0028,6829,0
2094-142345-0028,8463,0
2094-142345-0028,8555,0
2094-142345-0034,121,0
2094-142345-0034,1221,0
2094-142345-0034,1284,0
2094-142345-0034,1580,0
2094-142345-0034,1995,0
2094-142345-0034,2094,1
2094-142345-0034,237,0
2094-142345-0034,2961,0
2094-142345-0034,3570,0
2094-142345-0034,3575,0
2094-142345-0034,3729,0
2094-142345-0034,4446,0
2094-142345-0034,4507,0
2094-142345-0034,4970,0
2094-142345-0034,4992,0
2094-142345-0034,5142,0
2094-142345-0034,5683,0
2094-142345-0034,6829,0
2094-142345-0034,8463,0
2094-142345-0034,8555,0
2094-142345-0036,121,0
2094-142345-0036,1221,0
2094-142345-0036,1284,0
2094-142345-0036,1580,0
2094-142345-0036,1995,0
2094-142345-0036,2094,1
2094-142345-0036,237,0
2094-142345-0036,2961,0
2094-142345-0036,3570,0
2094-142345-0036,3575,0
2094-142345-0036,3729,0
2094-142345-0036,4446,0
2094-142345-0036,4507,0
2094-142345-0036,4970,0
2094-142345-0036,4992,0
2094-142345-0036,5142,0
2094-142345-0036,5683,0
2094-142345-0036,6829,0
2094-142345-0036,8463,0
2094-142345-0036,8555,0
2094-142345-0037,121,0
2094-142345-0037,1221,0
2094-142345-0037,1284,0
2094-142345-0037,1580,0
2094-142345-0037,1995,0
2094-142345-0037,2094,1
2094-142345-0037,237,0
2094-142345-0037,2961,0
2094-142345-0037,3570,0
2094-142345-0037,3575,0
2094-142345-0037,3729,0
2094-142345-0037,4446,0
2094-142345-0037,4507,0
2094-142345-0037,4970,0
2094-142345-0037,4992,0
2094-142345-0037,5142,0
2094-142345-0037,5683,0
2094-142345-0037,6829,0
2094-142345-0037,8463,0
2094-142345-0037,8555,0
2094-142345-0049,121,0
2094-142345-0049,1221,0
2094-142345-0049,1284,0
2094-142345-0049,1580,0
2094-142345-0049,1995,0
2094-142345-0049,2094,1
2094-142345-0049,237,0
2094-142345-0049,2961,0
2094-142345-0049,3570,0
2094-142345-0049,3575,0
2094-142345-0049,3729,0
2094-142345-0049,4446,0
2094-142345-0049,4507,0
2094-142345-0049,4970,0
2094-142345-0049,4992,0
2094-142345-0049,5142,0
2094-142345-0049,5683,0
2094-142345-0049,6829,0
2094-142345-0049,8463,0
2094-142345-0049,8555,0
2094-142345-0052,121,0
2094-142345-0052,1221,0
2094-142345-0052,1284,0
2094-142345-0052,1580,0
2094-142345-0052,1995,0
2094-142345-0052,2094,1
2094-142345-0052,237,0
2094-142345-0052,2961,0
2094-142345-0052,3570,0
2094-142345-0052,3575,0
2094-142345-0052,3729,0
2094-142345-0052,4446,0
2094-142345-0052,4507,0
2094-142345-0052,4970,0
2094-142345-0052,4992,0
2094-142345-0052,5142,0
2094-142345-0052,5683,0
2094-142345-0052,6829,0
2094-142345-0052,8463,0
2094-142345-0052,8555,0
2300-131720-0001,1089,0
2300-131720-0001,1188,0
2300-131720-0001,1320,0
2300-131720-0001,2300,1
2300-131720-0001,260,0
2300-131720-0001,2830,0
2300-131720-0001,4077,0
2300-131720-0001,5105,0
2300-131720-0001,5639,0
2300-131720-0001,61,0
2300-131720-0001,672,0
2300-131720-0001,6930,0
2300-131720-0001,7021,0
2300-131720-0001,7127,0
2300-131720-0001,7176,0
2300-131720-0001,7729,0
2300-131720-0001,8224,0
2300-131720-0001,8230,0
2300-131720-0001,8455,0
2300-131720-0001,908,0
2300-131720-0002,1089,0
2300-131720-0002,1188,0
2300-131720-0002,1320,0
2300-131720-0002,2300,1
2300-131720-0002,260,0
2300-131720-0002,2830,0
2300-131720-0002,4077,0
2300-131720-0002,5105,0
2300-131720-0002,5639,0
2300-131720-0002,61,0
2300-131720-0002,672,0
2300-131720-0002,6930,0
2300-131720-0002,7021,0
2300-131720-0002,7127,0
2300-131720-0002,7176,0
2300-131720-0002,7729,0
2300-131720-0002,8224,0
2300-131720-0002,8230,0
2300-131720-0002,8455,0
2300-131720-0002,908,0
2300-131720-0005,1089,0
2300-131720-0005,1188,0
2300-131720-0005,1320,0
2300-131720-0005,2300,1
2300-131720-0005,260,0
2300-131720-0005,2830,0
2300-131720-0005,4077,0
2300-131720-0005,5105,0
2300-131720-0005,5639,0
2300-131720-0005,61,0
2300-131720-0005,672,0
2300-131720-0005,6930,0
2300-131720-0005,7021,0
2300-131720-0005,7127,0
2300-131720-0005,7176,0
2300-131720-0005,7729,0
2300-131720-0005,8224,0
2300-131720-0005,8230,0
2300-131720-0005,8455,0
2300-131720-0005,908,0
2300-131720-0010,1089,0
2300-131720-0010,1188,0
2300-131720-0010,1320,0
2300-131720-0010,2300,1
2300-131720-0010,260,0
2300-131720-0010,2830,0
2300-131720-0010,4077,0
2300-131720-0010,5105,0
2300-131720-0010,5639,0
2300-131720-0010,61,0
2300-131720-0010,672,0
2300-131720-0010,6930,0
2300-131720-0010,7021,0
2300-131720-0010,7127,0
2300-131720-0010,7176,0
2300-131720-0010,7729,0
2300-131720-0010,8224,0
2300-131720-0010,8230,0
2300-131720-0010,8455,0
2300-131720-0010,908,0
2300-131720-0012,1089,0
2300-131720-0012,1188,0
2300-131720-0012,1320,0
2300-131720-0012,2300,1
2300-131720-0012,260,0
2300-131720-0012,2830,0
2300-131720-0012,4077,0
2300-131720-0012,5105,0
2300-131720-0012,5639,0
2300-131720-0012,61,0
2300-131720-0012,672,0
2300-131720-0012,6930,0
2300-131720-0012,7021,0
2300-131720-0012,7127,0
2300-131720-0012,7176,0
2300-131720-0012,7729,0
2300-131720-0012,8224,0
2300-131720-0012,8230,0
2300-131720-0012,8455,0
2300-131720-0012,908,0
2300-131720-0013,1089,0
2300-131720-0013,1188,0
2300-131720-0013,1320,0
2300-131720-0013,2300,1
2300-131720-0013,260,0
2300-131720-0013,2830,0
2300-131720-0013,4077,0
2300-131720-0013,5105,0
2300-131720-0013,5639,0
2300-131720-0013,61,0
2300-131720-0013,672,0
2300-131720-0013,6930,0
2300-131720-0013,7021,0
2300-131720-0013,7127,0
2300-131720-0013,7176,0
2300-131720-0013,7729,0
2300-131720-0013,8224,0
2300-131720-0013,8230,0
2300-131720-0013,8455,0
2300-131720-0013,908,0
2300-131720-0021,1089,0
2300-131720-0021,1188,0
2300-131720-0021,1320,0
2300-131720-0021,2300,1
2300-131720-0021,260,0
2300-131720-0021,2830,0
2300-131720-0021,4077,0
2300-131720-0021,5105,0
2300-131720-0021,5639,0
2300-131720-0021,61,0
2300-131720-0021,672,0
2300-131720-0021,6930,0
2300-131720-0021,7021,0
2300-131720-0021,7127,0
2300-131720-0021,7176,0
2300-131720-0021,7729,0
2300-131720-0021,8224,0
2300-131720-0021,8230,0
2300-131720-0021,8455,0
2300-131720-0021,908,0
2300-131720-0034,1089,0
2300-131720-0034,1188,0
2300-131720-0034,1320,0
2300-131720-0034,2300,1
2300-131720-0034,260,0
2300-131720-0034,2830,0
2300-131720-0034,4077,0
2300-131720-0034,5105,0
2300-131720-0034,5639,0
2300-131720-0034,61,0
2300-131720-0034,672,0
2300-131720-0034,6930,0
2300-131720-0034,7021,0
2300-131720-0034,7127,0
2300-131720-0034,7176,0
2300-131720-0034,7729,0
2300-131720-0034,8224,0
2300-131720-0034,8230,0
2300-131720-0034,8455,0
2300-131720-0034,908,0
2300-131720-0037,1089,0
2300-131720-0037,1188,0
2300-131720-0037,1320,0
2300-131720-0037,2300,1
2300-131720-0037,260,0
2300-131720-0037,2830,0
2300-131720-0037,4077,0
2300-131720-0037,5105,0
2300-131720-0037,5639,0
2300-131720-0037,61,0
2300-131720-0037,672,0
2300-131720-0037,6930,0
2300-131720-0037,7021,0
2300-131720-0037,7127,0
2300-131720-0037,7176,0
2300-131720-0037,7729,0
2300-131720-0037,8224,0
2300-131720-0037,8230,0
2300-131720-0037,8455,0
2300-131720-0037,908,0
2300-131720-0040,1089,0
2300-131720-0040,1188,0
2300-131720-0040,1320,0
2300-131720-0040,2300,1
2300-131720-0040,260,0
2300-131720-0040,2830,0
2300-131720-0040,4077,0
2300-131720-0040,5105,0
2300-131720-0040,5639,0
2300-131720-0040,61,0
2300-131720-0040,672,0
2300-131720-0040,6930,0
2300-131720-0040,7021,0
2300-131720-0040,7127,0
2300-131720-0040,7176,0
2300-131720-0040,7729,0
2300-131720-0040,8224,0
2300-131720-0040,8230,0
2300-131720-0040,8455,0
2300-131720-0040,908,0
237-126133-0006,121,0
237-126133-0006,1221,0
237-126133-0006,1284,0
237-126133-0006,1580,0
237-126133-0006,1995,0
237-126133-0006,2094,0
237-126133-0006,237,1
237-126133-0006,2961,0
237-126133-0006,3570,0
237-126133-0006,3575,0
237-126133-0006,3729,0
237-126133-0006,4446,0
237-126133-0006,4507,0
237-126133-0006,4970,0
237-126133-0006,4992,0
237-126133-0006,5142,0
237-126133-0006,5683,0
237-126133-0006,6829,0
237-126133-0006,8463,0
237-126133-0006,8555,0
237-126133-0019,121,0
237-126133-0019,1221,0
237-126133-0019,1284,0
237-126133-0019,1580,0
237-126133-0019,1995,0
237-126133-0019,2094,0
237-126133-0019,237,1
237-126133-0019,2961,0
237-126133-0019,3570,0
237-126133-0019,3575,0
237-126133-0019,3729,0
237-126133-0019,4446,0
237-126133-0019,4507,0
237-126133-0019,4970,0
237-126133-0019,4992,0
237-126133-0019,5142,0
237-126133-0019,5683,0
237-126133-0019,6829,0
237-126133-0019,8463,0
237-126133-0019,8555,0
237-126133-0021,121,0
237-126133-0021,1221,0
237-126133-0021,1284,0
237-126133-0021,1580,0
237-126133-0021,1995,0
237-126133-0021,2094,0
237-126133-0021,237,1
237-126133-0021,2961,0
237-126133-0021,3570,0
237-126133-0021,3575,0
237-126133-0021,3729,0
237-126133-0021,4446,0
237-126133-0021,4507,0
237-126133-0021,4970,0
237-126133-0021,4992,0
237-126133-0021,5142,0
237-126133-0021,5683,0
237-126133-0021,6829,0
237-126133-0021,8463,0
237-126133-0021,8555,0
237-126133-0022,121,0
237-126133-0022,1221,0
237-126133-0022,1284,0
237-126133-0022,1580,0
237-126133-0022,1995,0
237-126133-0022,2094,0
237-126133-0022,237,1
237-126133-0022,2961,0
237-126133-0022,3570,0
237-126133-0022,3575,0
237-126133-0022,3729,0
237-126133-0022,4446,0
237-126133-0022,4507,0
237-126133-0022,4970,0
237-126133-0022,4992,0
237-126133-0022,5142,0
237-126133-0022,5683,0
237-126133-0022,6829,0
237-126133-0022,8463,0
237-126133-0022,8555,0
237-134493-0016,121,0
237-134493-0016,1221,0
237-134493-0016,1284,0
237-134493-0016,1580,0
237-134493-0016,1995,0
237-134493-0016,2094,0
237-134493-0016,237,1
237-134493-0016,2961,0
237-134493-0016,3570,0
237-134493-0016,3575,0
237-134493-0016,3729,0
237-134493-0016,4446,0
237-134493-0016,4507,0
237-134493-0016,4970,0
237-134493-0016,4992,0
237-134493-0016,5142,0
237-134493-0016,5683,0
237-134493-0016,6829,0
237-134493-0016,8463,0
237-134493-0016,8555,0
237-134493-0018,121,0
237-134493-0018,1221,0
237-134493-0018,1284,0
237-134493-0018,1580,0
237-134493-0018,1995,0
237-134493-0018,2094,0
237-134493-0018,237,1
237-134493-0018,2961,0
237-134493-0018,3570,0
237-134493-0018,3575,0
237-134493-0018,3729,0
237-134493-0018,4446,0
237-134493-0018,4507,0
237-134493-0018,4970,0
237-134493-0018,4992,0
237-134493-0018,5142,0
237-134493-0018,5683,0
237-134493-0018,6829,0
237-134493-0018,8463,0
237-134493-0018,8555,0
237-134500-0010,121,0
237-134500-0010,1221,0
237-134500-0010,1284,0
237-134500-0010,1580,0
237-134500-0010,1995,0
237-134500-0010,2094,0
237-134500-0010,237,1
237-134500-0010,2961,0
237-134500-0010,3570,0
237-134500-0010,3575,0
237-134500-0010,3729,0
237-134500-0010,4446,0
237-134500-0010,4507,0
237-134500-0010,4970,0
237-134500-0010,4992,0
237-134500-0010,5142,0
237-134500-0010,5683,0
237-134500-0010,6829,0
237-134500-0010,8463,0
237-134500-0010,8555,0
237-134500-0013,121,0
237-134500-0013,1221,0
237-134500-0013,1284,0
237-134500-0013,1580,0
237-134500-0013,1995,0
237-134500-0013,2094,0
237-134500-0013,237,1
237-134500-0013,2961,0
237-134500-0013,3570,0
237-134500-0013,3575,0
237-134500-0013,3729,0
237-134500-0013,4446,0
237-134500-0013,4507,0
237-134500-0013,4970,0
237-134500-0013,4992,0
237-134500-0013,5142,0
237-134500-0013,5683,0
237-134500-0013,6829,0
237-134500-0013,8463,0
237-134500-0013,8555,0
237-134500-0014,121,0
237-134500-0014,1221,0
237-134500-0014,1284,0
237-134500-0014,1580,0
237-134500-0014,1995,0
237-134500-0014,2094,0
237-134500-0014,237,1
237-134500-0014,2961,0
237-134500-0014,3570,0
237-134500-0014,3575,0
237-134500-0014,3729,0
237-134500-0014,4446,0
237-134500-0014,4507,0
237-134500-0014,4970,0
237-134500-0014,4992,0
237-134500-0014,5142,0
237-134500-0014,5683,0
237-134500-0014,6829,0
237-134500-0014,8463,0
237-134500-0014,8555,0
237-134500-0018,121,0
237-134500-0018,1221,0
237-134500-0018,1284,0
237-134500-0018,1580,0
237-134500-0018,1995,0
237-134500-0018,2094,0
237-134500-0018,237,1
237-134500-0018,2961,0
237-134500-0018,3570,0
237-134500-0018,3575,0
237-134500-0018,3729,0
237-134500-0018,4446,0
237-134500-0018,4507,0
237-134500-0018,4970,0
237-134500-0018,4992,0
237-134500-0018,5142,0
237-134500-0018,5683,0
237-134500-0018,6829,0
237-134500-0018,8463,0
237-134500-0018,8555,0
260-123286-0000,1089,0
260-123286-0000,1188,0
260-123286-0000,1320,0
260-123286-0000,2300,0
260-123286-0000,260,1
260-123286-0000,2830,0
260-123286-0000,4077,0
260-123286-0000,5105,0
260-123286-0000,5639,0
260-123286-0000,61,0
260-123286-0000,672,0
260-123286-0000,6930,0
260-123286-0000,7021,0
260-123286-0000,7127,0
260-123286-0000,7176,0
260-123286-0000,7729,0
260-123286-0000,8224,0
260-123286-0000,8230,0
260-123286-0000,8455,0
260-123286-0000,908,0
260-123286-0003,1089,0
260-123286-0003,1188,0
260-123286-0003,1320,0
260-123286-0003,2300,0
260-123286-0003,260,1
260-123286-0003,2830,0
260-123286-0003,4077,0
260-123286-0003,5105,0
260-123286-0003,5639,0
260-123286-0003,61,0
260-123286-0003,672,0
260-123286-0003,6930,0
260-123286-0003,7021,0
260-123286-0003,7127,0
260-123286-0003,7176,0
260-123286-0003,7729,0
260-123286-0003,8224,0
260-123286-0003,8230,0
260-123286-0003,8455,0
260-123286-0003,908,0
260-123286-0028,1089,0
260-123286-0028,1188,0
260-123286-0028,1320,0
260-123286-0028,2300,0
260-123286-0028,260,1
260-123286-0028,2830,0
260-123286-0028,4077,0
260-123286-0028,5105,0
260-123286-0028,5639,0
260-123286-0028,61,0
260-123286-0028,672,0
260-123286-0028,6930,0
260-123286-0028,7021,0
260-123286-0028,7127,0
260-123286-0028,7176,0
260-123286-0028,7729,0
260-123286-0028,8224,0
260-123286-0028,8230,0
260-123286-0028,8455,0
260-123286-0028,908,0
260-123286-0030,1089,0
260-123286-0030,1188,0
260-123286-0030,1320,0
260-123286-0030,2300,0
260-123286-0030,260,1
260-123286-0030,2830,0
260-123286-0030,4077,0
260-123286-0030,5105,0
260-123286-0030,5639,0
260-123286-0030,61,0
260-123286-0030,672,0
260-123286-0030,6930,0
260-123286-0030,7021,0
260-123286-0030,7127,0
260-123286-0030,7176,0
260-123286-0030,7729,0
260-123286-0030,8224,0
260-123286-0030,8230,0
260-123286-0030,8455,0
260-123286-0030,908,0
260-123286-0031,1089,0
260-123286-0031,1188,0
260-123286-0031,1320,0
260-123286-0031,2300,0
260-123286-0031,260,1
260-123286-0031,2830,0
260-123286-0031,4077,0
260-123286-0031,5105,0
260-123286-0031,5639,0
260-123286-0031,61,0
260-123286-0031,672,0
260-123286-0031,6930,0
260-123286-0031,7021,0
260-123286-0031,7127,0
260-123286-0031,7176,0
260-123286-0031,7729,0
260-123286-0031,8224,0
260-123286-0031,8230,0
260-123286-0031,8455,0
260-123286-0031,908,0
260-123288-0001,1089,0
260-123288-0001,1188,0
260-123288-0001,1320,0
260-123288-0001,2300,0
260-123288-0001,260,1
260-123288-0001,2830,0
260-123288-0001,4077,0
260-123288-0001,5105,0
260-123288-0001,5639,0
260-123288-0001,61,0
260-123288-0001,672,0
260-123288-0001,6930,0
260-123288-0001,7021,0
260-123288-0001,7127,0
260-123288-0001,7176,0
260-123288-0001,7729,0
260-123288-0001,8224,0
260-123288-0001,8230,0
260-123288-0001,8455,0
260-123288-0001,908,0
260-123288-0025,1089,0
260-123288-0025,1188,0
260-123288-0025,1320,0
260-123288-0025,2300,0
260-123288-0025,260,1
260-123288-0025,2830,0
260-123288-0025,4077,0
260-123288-0025,5105,0
260-123288-0025,5639,0
260-123288-0025,61,0
260-123288-0025,672,0
260-123288-0025,6930,0
260-123288-0025,7021,0
260-123288-0025,7127,0
260-123288-0025,7176,0
260-123288-0025,7729,0
260-123288-0025,8224,0
260-123288-0025,8230,0
260-123288-0025,8455,0
260-123288-0025,908,0
260-123440-0012,1089,0
260-123440-0012,1188,0
260-123440-0012,1320,0
260-123440-0012,2300,0
260-123440-0012,260,1
260-123440-0012,2830,0
260-123440-0012,4077,0
260-123440-0012,5105,0
260-123440-0012,5639,0
260-123440-0012,61,0
260-123440-0012,672,0
260-123440-0012,6930,0
260-123440-0012,7021,0
260-123440-0012,7127,0
260-123440-0012,7176,0
260-123440-0012,7729,0
260-123440-0012,8224,0
260-123440-0012,8230,0
260-123440-0012,8455,0
260-123440-0012,908,0
260-123440-0015,1089,0
260-123440-0015,1188,0
260-123440-0015,1320,0
260-123440-0015,2300,0
260-123440-0015,260,1
260-123440-0015,2830,0
260-123440-0015,4077,0
260-123440-0015,5105,0
260-123440-0015,5639,0
260-123440-0015,61,0
260-123440-0015,672,0
260-123440-0015,6930,0
260-123440-0015,7021,0
260-123440-0015,7127,0
260-123440-0015,7176,0
260-123440-0015,7729,0
260-123440-0015,8224,0
260-123440-0015,8230,0
260-123440-0015,8455,0
260-123440-0015,908,0
260-123440-0016,1089,0
260-123440-0016,1188,0
260-123440-0016,1320,0
260-123440-0016,2300,0
260-123440-0016,260,1
260-123440-0016,2830,0
260-123440-0016,4077,0
260-123440-0016,5105,0
260-123440-0016,5639,0
260-123440-0016,61,0
260-123440-0016,672,0
260-123440-0016,6930,0
260-123440-0016,7021,0
260-123440-0016,7127,0
260-123440-0016,7176,0
260-123440-0016,7729,0
260-123440-0016,8224,0
260-123440-0016,8230,0
260-123440-0016,8455,0
260-123440-0016,908,0
2830-3979-0006,1089,0
2830-3979-0006,1188,0
2830-3979-0006,1320,0
2830-3979-0006,2300,0
2830-3979-0006,260,0
2830-3979-0006,2830,1
2830-3979-0006,4077,0
2830-3979-0006,5105,0
2830-3979-0006,5639,0
2830-3979-0006,61,0
2830-3979-0006,672,0
2830-3979-0006,6930,0
2830-3979-0006,7021,0
2830-3979-0006,7127,0
2830-3979-0006,7176,0
2830-3979-0006,7729,0
2830-3979-0006,8224,0
2830-3979-0006,8230,0
2830-3979-0006,8455,0
2830-3979-0006,908,0
2830-3979-0011,1089,0
2830-3979-0011,1188,0
2830-3979-0011,1320,0
2830-3979-0011,2300,0
2830-3979-0011,260,0
2830-3979-0011,2830,1
2830-3979-0011,4077,0
2830-3979-0011,5105,0
2830-3979-0011,5639,0
2830-3979-0011,61,0
2830-3979-0011,672,0
2830-3979-0011,6930,0
2830-3979-0011,7021,0
2830-3979-0011,7127,0
2830-3979-0011,7176,0
2830-3979-0011,7729,0
2830-3979-0011,8224,0
2830-3979-0011,8230,0
2830-3979-0011,8455,0
2830-3979-0011,908,0
2830-3980-0029,1089,0
2830-3980-0029,1188,0
2830-3980-0029,1320,0
2830-3980-0029,2300,0
2830-3980-0029,260,0
2830-3980-0029,2830,1
2830-3980-0029,4077,0
2830-3980-0029,5105,0
2830-3980-0029,5639,0
2830-3980-0029,61,0
2830-3980-0029,672,0
2830-3980-0029,6930,0
2830-3980-0029,7021,0
2830-3980-0029,7127,0
2830-3980-0029,7176,0
2830-3980-0029,7729,0
2830-3980-0029,8224,0
2830-3980-0029,8230,0
2830-3980-0029,8455,0
2830-3980-0029,908,0
2830-3980-0039,1089,0
2830-3980-0039,1188,0
2830-3980-0039,1320,0
2830-3980-0039,2300,0
2830-3980-0039,260,0
2830-3980-0039,2830,1
2830-3980-0039,4077,0
2830-3980-0039,5105,0
2830-3980-0039,5639,0
2830-3980-0039,61,0
2830-3980-0039,672,0
2830-3980-0039,6930,0
2830-3980-0039,7021,0
2830-3980-0039,7127,0
2830-3980-0039,7176,0
2830-3980-0039,7729,0
2830-3980-0039,8224,0
2830-3980-0039,8230,0
2830-3980-0039,8455,0
2830-3980-0039,908,0
2830-3980-0050,1089,0
2830-3980-0050,1188,0
2830-3980-0050,1320,0
2830-3980-0050,2300,0
2830-3980-0050,260,0
2830-3980-0050,2830,1
2830-3980-0050,4077,0
2830-3980-0050,5105,0
2830-3980-0050,5639,0
2830-3980-0050,61,0
2830-3980-0050,672,0
2830-3980-0050,6930,0
2830-3980-0050,7021,0
2830-3980-0050,7127,0
2830-3980-0050,7176,0
2830-3980-0050,7729,0
2830-3980-0050,8224,0
2830-3980-0050,8230,0
2830-3980-0050,8455,0
2830-3980-0050,908,0
2830-3980-0054,1089,0
2830-3980-0054,1188,0
2830-3980-0054,1320,0
2830-3980-0054,2300,0
2830-3980-0054,260,0
2830-3980-0054,2830,1
2830-3980-0054,4077,0
2830-3980-0054,5105,0
2830-3980-0054,5639,0
2830-3980-0054,61,0
2830-3980-0054,672,0
2830-3980-0054,6930,0
2830-3980-0054,7021,0
2830-3980-0054,7127,0
2830-3980-0054,7176,0
2830-3980-0054,7729,0
2830-3980-0054,8224,0
2830-3980-0054,8230,0
2830-3980-0054,8455,0
2830-3980-0054,908,0
2830-3980-0055,1089,0
2830-3980-0055,1188,0
2830-3980-0055,1320,0
2830-3980-0055,2300,0
2830-3980-0055,260,0
2830-3980-0055,2830,1
2830-3980-0055,4077,0
2830-3980-0055,5105,0
2830-3980-0055,5639,0
2830-3980-0055,61,0
2830-3980-0055,672,0
2830-3980-0055,6930,0
2830-3980-0055,7021,0
2830-3980-0055,7127,0
2830-3980-0055,7176,0
2830-3980-0055,7729,0
2830-3980-0055,8224,0
2830-3980-0055,8230,0
2830-3980-0055,8455,0
2830-3980-0055,908,0
2830-3980-0057,1089,0
2830-3980-0057,1188,0
2830-3980-0057,1320,0
2830-3980-0057,2300,0
2830-3980-0057,260,0
2830-3980-0057,2830,1
2830-3980-0057,4077,0
2830-3980-0057,5105,0
2830-3980-0057,5639,0
2830-3980-0057,61,0
2830-3980-0057,672,0
2830-3980-0057,6930,0
2830-3980-0057,7021,0
2830-3980-0057,7127,0
2830-3980-0057,7176,0
2830-3980-0057,7729,0
2830-3980-0057,8224,0
2830-3980-0057,8230,0
2830-3980-0057,8455,0
2830-3980-0057,908,0
2830-3980-0062,1089,0
2830-3980-0062,1188,0
2830-3980-0062,1320,0
2830-3980-0062,2300,0
2830-3980-0062,260,0
2830-3980-0062,2830,1
2830-3980-0062,4077,0
2830-3980-0062,5105,0
2830-3980-0062,5639,0
2830-3980-0062,61,0
2830-3980-0062,672,0
2830-3980-0062,6930,0
2830-3980-0062,7021,0
2830-3980-0062,7127,0
2830-3980-0062,7176,0
2830-3980-0062,7729,0
2830-3980-0062,8224,0
2830-3980-0062,8230,0
2830-3980-0062,8455,0
2830-3980-0062,908,0
2830-3980-0066,1089,0
2830-3980-0066,1188,0
2830-3980-0066,1320,0
2830-3980-0066,2300,0
2830-3980-0066,260,0
2830-3980-0066,2830,1
2830-3980-0066,4077,0
2830-3980-0066,5105,0
2830-3980-0066,5639,0
2830-3980-0066,61,0
2830-3980-0066,672,0
2830-3980-0066,6930,0
2830-3980-0066,7021,0
2830-3980-0066,7127,0
2830-3980-0066,7176,0
2830-3980-0066,7729,0
2830-3980-0066,8224,0
2830-3980-0066,8230,0
2830-3980-0066,8455,0
2830-3980-0066,908,0
2961-960-0004,121,0
2961-960-0004,1221,0
2961-960-0004,1284,0
2961-960-0004,1580,0
2961-960-0004,1995,0
2961-960-0004,2094,0
2961-960-0004,237,0
2961-960-0004,2961,1
2961-960-0004,3570,0
2961-960-0004,3575,0
2961-960-0004,3729,0
2961-960-0004,4446,0
2961-960-0004,4507,0
2961-960-0004,4970,0
2961-960-0004,4992,0
2961-960-0004,5142,0
2961-960-0004,5683,0
2961-960-0004,6829,0
2961-960-0004,8463,0
2961-960-0004,8555,0
2961-960-0016,121,0
2961-960-0016,1221,0
2961-960-0016,1284,0
2961-960-0016,1580,0
2961-960-0016,1995,0
2961-960-0016,2094,0
2961-960-0016,237,0
2961-960-0016,2961,1
2961-960-0016,3570,0
2961-960-0016,3575,0
2961-960-0016,3729,0
2961-960-0016,4446,0
2961-960-0016,4507,0
2961-960-0016,4970,0
2961-960-0016,4992,0
2961-960-0016,5142,0
2961-960-0016,5683,0
2961-960-0016,6829,0
2961-960-0016,8463,0
2961-960-0016,8555,0
2961-961-0001,121,0
2961-961-0001,1221,0
2961-961-0001,1284,0
2961-961-0001,1580,0
2961-961-0001,1995,0
2961-961-0001,2094,0
2961-961-0001,237,0
2961-961-0001,2961,1
2961-961-0001,3570,0
2961-961-0001,3575,0
2961-961-0001,3729,0
2961-961-0001,4446,0
2961-961-0001,4507,0
2961-961-0001,4970,0
2961-961-0001,4992,0
2961-961-0001,5142,0
2961-961-0001,5683,0
2961-961-0001,6829,0
2961-961-0001,8463,0
2961-961-0001,8555,0
2961-961-0003,121,0
2961-961-0003,1221,0
2961-961-0003,1284,0
2961-961-0003,1580,0
2961-961-0003,1995,0
2961-961-0003,2094,0
2961-961-0003,237,0
2961-961-0003,2961,1
2961-961-0003,3570,0
2961-961-0003,3575,0
2961-961-0003,3729,0
2961-961-0003,4446,0
2961-961-0003,4507,0
2961-961-0003,4970,0
2961-961-0003,4992,0
2961-961-0003,5142,0
2961-961-0003,5683,0
2961-961-0003,6829,0
2961-961-0003,8463,0
2961-961-0003,8555,0
2961-961-0004,121,0
2961-961-0004,1221,0
2961-961-0004,1284,0
2961-961-0004,1580,0
2961-961-0004,1995,0
2961-961-0004,2094,0
2961-961-0004,237,0
2961-961-0004,2961,1
2961-961-0004,3570,0
2961-961-0004,3575,0
2961-961-0004,3729,0
2961-961-0004,4446,0
2961-961-0004,4507,0
2961-961-0004,4970,0
2961-961-0004,4992,0
2961-961-0004,5142,0
2961-961-0004,5683,0
2961-961-0004,6829,0
2961-961-0004,8463,0
2961-961-0004,8555,0
2961-961-0009,121,0
2961-961-0009,1221,0
2961-961-0009,1284,0
2961-961-0009,1580,0
2961-961-0009,1995,0
2961-961-0009,2094,0
2961-961-0009,237,0
2961-961-0009,2961,1
2961-961-0009,3570,0
2961-961-0009,3575,0
2961-961-0009,3729,0
2961-961-0009,4446,0
2961-961-0009,4507,0
2961-961-0009,4970,0
2961-961-0009,4992,0
2961-961-0009,5142,0
2961-961-0009,5683,0
2961-961-0009,6829,0
2961-961-0009,8463,0
2961-961-0009,8555,0
2961-961-0010,121,0
2961-961-0010,1221,0
2961-961-0010,1284,0
2961-961-0010,1580,0
2961-961-0010,1995,0
2961-961-0010,2094,0
2961-961-0010,237,0
2961-961-0010,2961,1
2961-961-0010,3570,0
2961-961-0010,3575,0
2961-961-0010,3729,0
2961-961-0010,4446,0
2961-961-0010,4507,0
2961-961-0010,4970,0
2961-961-0010,4992,0
2961-961-0010,5142,0
2961-961-0010,5683,0
2961-961-0010,6829,0
2961-961-0010,8463,0
2961-961-0010,8555,0
2961-961-0011,121,0
2961-961-0011,1221,0
2961-961-0011,1284,0
2961-961-0011,1580,0
2961-961-0011,1995,0
2961-961-0011,2094,0
2961-961-0011,237,0
2961-961-0011,2961,1
2961-961-0011,3570,0
2961-961-0011,3575,0
2961-961-0011,3729,0
2961-961-0011,4446,0
2961-961-0011,4507,0
2961-961-0011,4970,0
2961-961-0011,4992,0
2961-961-0011,5142,0
2961-961-0011,5683,0
2961-961-0011,6829,0
2961-961-0011,8463,0
2961-961-0011,8555,0
2961-961-0014,121,0
2961-961-0014,1221,0
2961-961-0014,1284,0
2961-961-0014,1580,0
2961-961-0014,1995,0
2961-961-0014,2094,0
2961-961-0014,237,0
2961-961-0014,2961,1
2961-961-0014,3570,0
2961-961-0014,3575,0
2961-961-0014,3729,0
2961-961-0014,4446,0
2961-961-0014,4507,0
2961-961-0014,4970,0
2961-961-0014,4992,0
2961-961-0014,5142,0
2961-961-0014,5683,0
2961-961-0014,6829,0
2961-961-0014,8463,0
2961-961-0014,8555,0
2961-961-0017,121,0
2961-961-0017,1221,0
2961-961-0017,1284,0
2961-961-0017,1580,0
2961-961-0017,1995,0
2961-961-0017,2094,0
2961-961-0017,237,0
2961-961-0017,2961,1
2961-961-0017,3570,0
2961-961-0017,3575,0
2961-961-0017,3729,0
2961-961-0017,4446,0
2961-961-0017,4507,0
2961-961-0017,4970,0
2961-961-0017,4992,0
2961-961-0017,5142,0
2961-961-0017,5683,0
2961-961-0017,6829,0
2961-961-0017,8463,0
2961-961-0017,8555,0
3570-5694-0006,121,0
3570-5694-0006,1221,0
3570-5694-0006,1284,0
3570-5694-0006,1580,0
3570-5694-0006,1995,0
3570-5694-0006,2094,0
3570-5694-0006,237,0
3570-5694-0006,2961,0
3570-5694-0006,3570,1
3570-5694-0006,3575,0
3570-5694-0006,3729,0
3570-5694-0006,4446,0
3570-5694-0006,4507,0
3570-5694-0006,4970,0
3570-5694-0006,4992,0
3570-5694-0006,5142,0
3570-5694-0006,5683,0
3570-5694-0006,6829,0
3570-5694-0006,8463,0
3570-5694-0006,8555,0
3570-5694-0007,121,0
3570-5694-0007,1221,0
3570-5694-0007,1284,0
3570-5694-0007,1580,0
3570-5694-0007,1995,0
3570-5694-0007,2094,0
3570-5694-0007,237,0
3570-5694-0007,2961,0
3570-5694-0007,3570,1
3570-5694-0007,3575,0
3570-5694-0007,3729,0
3570-5694-0007,4446,0
3570-5694-0007,4507,0
3570-5694-0007,4970,0
3570-5694-0007,4992,0
3570-5694-0007,5142,0
3570-5694-0007,5683,0
3570-5694-0007,6829,0
3570-5694-0007,8463,0
3570-5694-0007,8555,0
3570-5694-0009,121,0
3570-5694-0009,1221,0
3570-5694-0009,1284,0
3570-5694-0009,1580,0
3570-5694-0009,1995,0
3570-5694-0009,2094,0
3570-5694-0009,237,0
3570-5694-0009,2961,0
3570-5694-0009,3570,1
3570-5694-0009,3575,0
3570-5694-0009,3729,0
3570-5694-0009,4446,0
3570-5694-0009,4507,0
3570-5694-0009,4970,0
3570-5694-0009,4992,0
3570-5694-0009,5142,0
3570-5694-0009,5683,0
3570-5694-0009,6829,0
3570-5694-0009,8463,0
3570-5694-0009,8555,0
3570-5694-0010,121,0
3570-5694-0010,1221,0
3570-5694-0010,1284,0
3570-5694-0010,1580,0
3570-5694-0010,1995,0
3570-5694-0010,2094,0
3570-5694-0010,237,0
3570-5694-0010,2961,0
3570-5694-0010,3570,1
3570-5694-0010,3575,0
3570-5694-0010,3729,0
3570-5694-0010,4446,0
3570-5694-0010,4507,0
3570-5694-0010,4970,0
3570-5694-0010,4992,0
3570-5694-0010,5142,0
3570-5694-0010,5683,0
3570-5694-0010,6829,0
3570-5694-0010,8463,0
3570-5694-0010,8555,0
3570-5694-0015,121,0
3570-5694-0015,1221,0
3570-5694-0015,1284,0
3570-5694-0015,1580,0
3570-5694-0015,1995,0
3570-5694-0015,2094,0
3570-5694-0015,237,0
3570-5694-0015,2961,0
3570-5694-0015,3570,1
3570-5694-0015,3575,0
3570-5694-0015,3729,0
3570-5694-0015,4446,0
3570-5694-0015,4507,0
3570-5694-0015,4970,0
3570-5694-0015,4992,0
3570-5694-0015,5142,0
3570-5694-0015,5683,0
3570-5694-0015,6829,0
3570-5694-0015,8463,0
3570-5694-0015,8555,0
3570-5694-0018,121,0
3570-5694-0018,1221,0
3570-5694-0018,1284,0
3570-5694-0018,1580,0
3570-5694-0018,1995,0
3570-5694-0018,2094,0
3570-5694-0018,237,0
3570-5694-0018,2961,0
3570-5694-0018,3570,1
3570-5694-0018,3575,0
3570-5694-0018,3729,0
3570-5694-0018,4446,0
3570-5694-0018,4507,0
3570-5694-0018,4970,0
3570-5694-0018,4992,0
3570-5694-0018,5142,0
3570-5694-0018,5683,0
3570-5694-0018,6829,0
3570-5694-0018,8463,0
3570-5694-0018,8555,0
3570-5695-0001,121,0
3570-5695-0001,1221,0
3570-5695-0001,1284,0
3570-5695-0001,1580,0
3570-5695-0001,1995,0
3570-5695-0001,2094,0
3570-5695-0001,237,0
3570-5695-0001,2961,0
3570-5695-0001,3570,1
3570-5695-0001,3575,0
3570-5695-0001,3729,0
3570-5695-0001,4446,0
3570-5695-0001,4507,0
3570-5695-0001,4970,0
3570-5695-0001,4992,0
3570-5695-0001,5142,0
3570-5695-0001,5683,0
3570-5695-0001,6829,0
3570-5695-0001,8463,0
3570-5695-0001,8555,0
3570-5695-0014,121,0
3570-5695-0014,1221,0
3570-5695-0014,1284,0
3570-5695-0014,1580,0
3570-5695-0014,1995,0
3570-5695-0014,2094,0
3570-5695-0014,237,0
3570-5695-0014,2961,0
3570-5695-0014,3570,1
3570-5695-0014,3575,0
3570-5695-0014,3729,0
3570-5695-0014,4446,0
3570-5695-0014,4507,0
3570-5695-0014,4970,0
3570-5695-0014,4992,0
3570-5695-0014,5142,0
3570-5695-0014,5683,0
3570-5695-0014,6829,0
3570-5695-0014,8463,0
3570-5695-0014,8555,0
3570-5696-0000,121,0
3570-5696-0000,1221,0
3570-5696-0000,1284,0
3570-5696-0000,1580,0
3570-5696-0000,1995,0
3570-5696-0000,2094,0
3570-5696-0000,237,0
3570-5696-0000,2961,0
3570-5696-0000,3570,1
3570-5696-0000,3575,0
3570-5696-0000,3729,0
3570-5696-0000,4446,0
3570-5696-0000,4507,0
3570-5696-0000,4970,0
3570-5696-0000,4992,0
3570-5696-0000,5142,0
3570-5696-0000,5683,0
3570-5696-0000,6829,0
3570-5696-0000,8463,0
3570-5696-0000,8555,0
3570-5696-0008,121,0
3570-5696-0008,1221,0
3570-5696-0008,1284,0
3570-5696-0008,1580,0
3570-5696-0008,1995,0
3570-5696-0008,2094,0
3570-5696-0008,237,0
3570-5696-0008,2961,0
3570-5696-0008,3570,1
3570-5696-0008,3575,0
3570-5696-0008,3729,0
3570-5696-0008,4446,0
3570-5696-0008,4507,0
3570-5696-0008,4970,0
3570-5696-0008,4992,0
3570-5696-0008,5142,0
3570-5696-0008,5683,0
3570-5696-0008,6829,0
3570-5696-0008,8463,0
3570-5696-0008,8555,0
3575-170457-0000,121,0
3575-170457-0000,1221,0
3575-170457-0000,1284,0
3575-170457-0000,1580,0
3575-170457-0000,1995,0
3575-170457-0000,2094,0
3575-170457-0000,237,0
3575-170457-0000,2961,0
3575-170457-0000,3570,0
3575-170457-0000,3575,1
3575-170457-0000,3729,0
3575-170457-0000,4446,0
3575-170457-0000,4507,0
3575-170457-0000,4970,0
3575-170457-0000,4992,0
3575-170457-0000,5142,0
3575-170457-0000,5683,0
3575-170457-0000,6829,0
3575-170457-0000,8463,0
3575-170457-0000,8555,0
3575-170457-0005,121,0
3575-170457-0005,1221,0
3575-170457-0005,1284,0
3575-170457-0005,1580,0
3575-170457-0005,1995,0
3575-170457-0005,2094,0
3575-170457-0005,237,0
3575-170457-0005,2961,0
3575-170457-0005,3570,0
3575-170457-0005,3575,1
3575-170457-0005,3729,0
3575-170457-0005,4446,0
3575-170457-0005,4507,0
3575-170457-0005,4970,0
3575-170457-0005,4992,0
3575-170457-0005,5142,0
3575-170457-0005,5683,0
3575-170457-0005,6829,0
3575-170457-0005,8463,0
3575-170457-0005,8555,0
3575-170457-0008,121,0
3575-170457-0008,1221,0
3575-170457-0008,1284,0
3575-170457-0008,1580,0
3575-170457-0008,1995,0
3575-170457-0008,2094,0
3575-170457-0008,237,0
3575-170457-0008,2961,0
3575-170457-0008,3570,0
3575-170457-0008,3575,1
3575-170457-0008,3729,0
3575-170457-0008,4446,0
3575-170457-0008,4507,0
3575-170457-0008,4970,0
3575-170457-0008,4992,0
3575-170457-0008,5142,0
3575-170457-0008,5683,0
3575-170457-0008,6829,0
3575-170457-0008,8463,0
3575-170457-0008,8555,0
3575-170457-0011,121,0
3575-170457-0011,1221,0
3575-170457-0011,1284,0
3575-170457-0011,1580,0
3575-170457-0011,1995,0
3575-170457-0011,2094,0
3575-170457-0011,237,0
3575-170457-0011,2961,0
3575-170457-0011,3570,0
3575-170457-0011,3575,1
3575-170457-0011,3729,0
3575-170457-0011,4446,0
3575-170457-0011,4507,0
3575-170457-0011,4970,0
3575-170457-0011,4992,0
3575-170457-0011,5142,0
3575-170457-0011,5683,0
3575-170457-0011,6829,0
3575-170457-0011,8463,0
3575-170457-0011,8555,0
3575-170457-0014,121,0
3575-170457-0014,1221,0
3575-170457-0014,1284,0
3575-170457-0014,1580,0
3575-170457-0014,1995,0
3575-170457-0014,2094,0
3575-170457-0014,237,0
3575-170457-0014,2961,0
3575-170457-0014,3570,0
3575-170457-0014,3575,1
3575-170457-0014,3729,0
3575-170457-0014,4446,0
3575-170457-0014,4507,0
3575-170457-0014,4970,0
3575-170457-0014,4992,0
3575-170457-0014,5142,0
3575-170457-0014,5683,0
3575-170457-0014,6829,0
3575-170457-0014,8463,0
3575-170457-0014,8555,0
3575-170457-0020,121,0
3575-170457-0020,1221,0
3575-170457-0020,1284,0
3575-170457-0020,1580,0
3575-170457-0020,1995,0
3575-170457-0020,2094,0
3575-170457-0020,237,0
3575-170457-0020,2961,0
3575-170457-0020,3570,0
3575-170457-0020,3575,1
3575-170457-0020,3729,0
3575-170457-0020,4446,0
3575-170457-0020,4507,0
3575-170457-0020,4970,0
3575-170457-0020,4992,0
3575-170457-0020,5142,0
3575-170457-0020,5683,0
3575-170457-0020,6829,0
3575-170457-0020,8463,0
3575-170457-0020,8555,0
3575-170457-0031,121,0
3575-170457-0031,1221,0
3575-170457-0031,1284,0
3575-170457-0031,1580,0
3575-170457-0031,1995,0
3575-170457-0031,2094,0
3575-170457-0031,237,0
3575-170457-0031,2961,0
3575-170457-0031,3570,0
3575-170457-0031,3575,1
3575-170457-0031,3729,0
3575-170457-0031,4446,0
3575-170457-0031,4507,0
3575-170457-0031,4970,0
3575-170457-0031,4992,0
3575-170457-0031,5142,0
3575-170457-0031,5683,0
3575-170457-0031,6829,0
3575-170457-0031,8463,0
3575-170457-0031,8555,0
3575-170457-0040,121,0
3575-170457-0040,1221,0
3575-170457-0040,1284,0
3575-170457-0040,1580,0
3575-170457-0040,1995,0
3575-170457-0040,2094,0
3575-170457-0040,237,0
3575-170457-0040,2961,0
3575-170457-0040,3570,0
3575-170457-0040,3575,1
3575-170457-0040,3729,0
3575-170457-0040,4446,0
3575-170457-0040,4507,0
3575-170457-0040,4970,0
3575-170457-0040,4992,0
3575-170457-0040,5142,0
3575-170457-0040,5683,0
3575-170457-0040,6829,0
3575-170457-0040,8463,0
3575-170457-0040,8555,0
3575-170457-0044,121,0
3575-170457-0044,1221,0
3575-170457-0044,1284,0
3575-170457-0044,1580,0
3575-170457-0044,1995,0
3575-170457-0044,2094,0
3575-170457-0044,237,0
3575-170457-0044,2961,0
3575-170457-0044,3570,0
3575-170457-0044,3575,1
3575-170457-0044,3729,0
3575-170457-0044,4446,0
3575-170457-0044,4507,0
3575-170457-0044,4970,0
3575-170457-0044,4992,0
3575-170457-0044,5142,0
3575-170457-0044,5683,0
3575-170457-0044,6829,0
3575-170457-0044,8463,0
3575-170457-0044,8555,0
3575-170457-0045,121,0
3575-170457-0045,1221,0
3575-170457-0045,1284,0
3575-170457-0045,1580,0
3575-170457-0045,1995,0
3575-170457-0045,2094,0
3575-170457-0045,237,0
3575-170457-0045,2961,0
3575-170457-0045,3570,0
3575-170457-0045,3575,1
3575-170457-0045,3729,0
3575-170457-0045,4446,0
3575-170457-0045,4507,0
3575-170457-0045,4970,0
3575-170457-0045,4992,0
3575-170457-0045,5142,0
3575-170457-0045,5683,0
3575-170457-0045,6829,0
3575-170457-0045,8463,0
3575-170457-0045,8555,0
3729-6852-0002,121,0
3729-6852-0002,1221,0
3729-6852-0002,1284,0
3729-6852-0002,1580,0
3729-6852-0002,1995,0
3729-6852-0002,2094,0
3729-6852-0002,237,0
3729-6852-0002,2961,0
3729-6852-0002,3570,0
3729-6852-0002,3575,0
3729-6852-0002,3729,1
3729-6852-0002,4446,0
3729-6852-0002,4507,0
3729-6852-0002,4970,0
3729-6852-0002,4992,0
3729-6852-0002,5142,0
3729-6852-0002,5683,0
3729-6852-0002,6829,0
3729-6852-0002,8463,0
3729-6852-0002,8555,0
3729-6852-0011,121,0
3729-6852-0011,1221,0
3729-6852-0011,1284,0
3729-6852-0011,1580,0
3729-6852-0011,1995,0
3729-6852-0011,2094,0
3729-6852-0011,237,0
3729-6852-0011,2961,0
3729-6852-0011,3570,0
3729-6852-0011,3575,0
3729-6852-0011,3729,1
3729-6852-0011,4446,0
3729-6852-0011,4507,0
3729-6852-0011,4970,0
3729-6852-0011,4992,0
3729-6852-0011,5142,0
3729-6852-0011,5683,0
3729-6852-0011,6829,0
3729-6852-0011,8463,0
3729-6852-0011,8555,0
3729-6852-0014,121,0
3729-6852-0014,1221,0
3729-6852-0014,1284,0
3729-6852-0014,1580,0
3729-6852-0014,1995,0
3729-6852-0014,2094,0
3729-6852-0014,237,0
3729-6852-0014,2961,0
3729-6852-0014,3570,0
3729-6852-0014,3575,0
3729-6852-0014,3729,1
3729-6852-0014,4446,0
3729-6852-0014,4507,0
3729-6852-0014,4970,0
3729-6852-0014,4992,0
3729-6852-0014,5142,0
3729-6852-0014,5683,0
3729-6852-0014,6829,0
3729-6852-0014,8463,0
3729-6852-0014,8555,0
3729-6852-0016,121,0
3729-6852-0016,1221,0
3729-6852-0016,1284,0
3729-6852-0016,1580,0
3729-6852-0016,1995,0
3729-6852-0016,2094,0
3729-6852-0016,237,0
3729-6852-0016,2961,0
3729-6852-0016,3570,0
3729-6852-0016,3575,0
3729-6852-0016,3729,1
3729-6852-0016,4446,0
3729-6852-0016,4507,0
3729-6852-0016,4970,0
3729-6852-0016,4992,0
3729-6852-0016,5142,0
3729-6852-0016,5683,0
3729-6852-0016,6829,0
3729-6852-0016,8463,0
3729-6852-0016,8555,0
3729-6852-0022,121,0
3729-6852-0022,1221,0
3729-6852-0022,1284,0
3729-6852-0022,1580,0
3729-6852-0022,1995,0
3729-6852-0022,2094,0
3729-6852-0022,237,0
3729-6852-0022,2961,0
3729-6852-0022,3570,0
3729-6852-0022,3575,0
3729-6852-0022,3729,1
3729-6852-0022,4446,0
3729-6852-0022,4507,0
3729-6852-0022,4970,0
3729-6852-0022,4992,0
3729-6852-0022,5142,0
3729-6852-0022,5683,0
3729-6852-0022,6829,0
3729-6852-0022,8463,0
3729-6852-0022,8555,0
3729-6852-0026,121,0
3729-6852-0026,1221,0
3729-6852-0026,1284,0
3729-6852-0026,1580,0
3729-6852-0026,1995,0
3729-6852-0026,2094,0
3729-6852-0026,237,0
3729-6852-0026,2961,0
3729-6852-0026,3570,0
3729-6852-0026,3575,0
3729-6852-0026,3729,1
3729-6852-0026,4446,0
3729-6852-0026,4507,0
3729-6852-0026,4970,0
3729-6852-0026,4992,0
3729-6852-0026,5142,0
3729-6852-0026,5683,0
3729-6852-0026,6829,0
3729-6852-0026,8463,0
3729-6852-0026,8555,0
3729-6852-0037,121,0
3729-6852-0037,1221,0
3729-6852-0037,1284,0
3729-6852-0037,1580,0
3729-6852-0037,1995,0
3729-6852-0037,2094,0
3729-6852-0037,237,0
3729-6852-0037,2961,0
3729-6852-0037,3570,0
3729-6852-0037,3575,0
3729-6852-0037,3729,1
3729-6852-0037,4446,0
3729-6852-0037,4507,0
3729-6852-0037,4970,0
3729-6852-0037,4992,0
3729-6852-0037,5142,0
3729-6852-0037,5683,0
3729-6852-0037,6829,0
3729-6852-0037,8463,0
3729-6852-0037,8555,0
3729-6852-0039,121,0
3729-6852-0039,1221,0
3729-6852-0039,1284,0
3729-6852-0039,1580,0
3729-6852-0039,1995,0
3729-6852-0039,2094,0
3729-6852-0039,237,0
3729-6852-0039,2961,0
3729-6852-0039,3570,0
3729-6852-0039,3575,0
3729-6852-0039,3729,1
3729-6852-0039,4446,0
3729-6852-0039,4507,0
3729-6852-0039,4970,0
3729-6852-0039,4992,0
3729-6852-0039,5142,0
3729-6852-0039,5683,0
3729-6852-0039,6829,0
3729-6852-0039,8463,0
3729-6852-0039,8555,0
3729-6852-0040,121,0
3729-6852-0040,1221,0
3729-6852-0040,1284,0
3729-6852-0040,1580,0
3729-6852-0040,1995,0
3729-6852-0040,2094,0
3729-6852-0040,237,0
3729-6852-0040,2961,0
3729-6852-0040,3570,0
3729-6852-0040,3575,0
3729-6852-0040,3729,1
3729-6852-0040,4446,0
3729-6852-0040,4507,0
3729-6852-0040,4970,0
3729-6852-0040,4992,0
3729-6852-0040,5142,0
3729-6852-0040,5683,0
3729-6852-0040,6829,0
3729-6852-0040,8463,0
3729-6852-0040,8555,0
3729-6852-0046,121,0
3729-6852-0046,1221,0
3729-6852-0046,1284,0
3729-6852-0046,1580,0
3729-6852-0046,1995,0
3729-6852-0046,2094,0
3729-6852-0046,237,0
3729-6852-0046,2961,0
3729-6852-0046,3570,0
3729-6852-0046,3575,0
3729-6852-0046,3729,1
3729-6852-0046,4446,0
3729-6852-0046,4507,0
3729-6852-0046,4970,0
3729-6852-0046,4992,0
3729-6852-0046,5142,0
3729-6852-0046,5683,0
3729-6852-0046,6829,0
3729-6852-0046,8463,0
3729-6852-0046,8555,0
4077-13751-0002,1089,0
4077-13751-0002,1188,0
4077-13751-0002,1320,0
4077-13751-0002,2300,0
4077-13751-0002,260,0
4077-13751-0002,2830,0
4077-13751-0002,4077,1
4077-13751-0002,5105,0
4077-13751-0002,5639,0
4077-13751-0002,61,0
4077-13751-0002,672,0
4077-13751-0002,6930,0
4077-13751-0002,7021,0
4077-13751-0002,7127,0
4077-13751-0002,7176,0
4077-13751-0002,7729,0
4077-13751-0002,8224,0
4077-13751-0002,8230,0
4077-13751-0002,8455,0
4077-13751-0002,908,0
4077-13751-0006,1089,0
4077-13751-0006,1188,0
4077-13751-0006,1320,0
4077-13751-0006,2300,0
4077-13751-0006,260,0
4077-13751-0006,2830,0
4077-13751-0006,4077,1
4077-13751-0006,5105,0
4077-13751-0006,5639,0
4077-13751-0006,61,0
4077-13751-0006,672,0
4077-13751-0006,6930,0
4077-13751-0006,7021,0
4077-13751-0006,7127,0
4077-13751-0006,7176,0
4077-13751-0006,7729,0
4077-13751-0006,8224,0
4077-13751-0006,8230,0
4077-13751-0006,8455,0
4077-13751-0006,908,0
4077-13751-0008,1089,0
4077-13751-0008,1188,0
4077-13751-0008,1320,0
4077-13751-0008,2300,0
4077-13751-0008,260,0
4077-13751-0008,2830,0
4077-13751-0008,4077,1
4077-13751-0008,5105,0
4077-13751-0008,5639,0
4077-13751-0008,61,0
4077-13751-0008,672,0
4077-13751-0008,6930,0
4077-13751-0008,7021,0
4077-13751-0008,7127,0
4077-13751-0008,7176,0
4077-13751-0008,7729,0
4077-13751-0008,8224,0
4077-13751-0008,8230,0
4077-13751-0008,8455,0
4077-13751-0008,908,0
4077-13751-0010,1089,0
4077-13751-0010,1188,0
4077-13751-0010,1320,0
4077-13751-0010,2300,0
4077-13751-0010,260,0
4077-13751-0010,2830,0
4077-13751-0010,4077,1
4077-13751-0010,5105,0
4077-13751-0010,5639,0
4077-13751-0010,61,0
4077-13751-0010,672,0
4077-13751-0010,6930,0
4077-13751-0010,7021,0
4077-13751-0010,7127,0
4077-13751-0010,7176,0
4077-13751-0010,7729,0
4077-13751-0010,8224,0
4077-13751-0010,8230,0
4077-13751-0010,8455,0
4077-13751-0010,908,0
4077-13751-0013,1089,0
4077-13751-0013,1188,0
4077-13751-0013,1320,0
4077-13751-0013,2300,0
4077-13751-0013,260,0
4077-13751-0013,2830,0
4077-13751-0013,4077,1
4077-13751-0013,5105,0
4077-13751-0013,5639,0
4077-13751-0013,61,0
4077-13751-0013,672,0
4077-13751-0013,6930,0
4077-13751-0013,7021,0
4077-13751-0013,7127,0
4077-13751-0013,7176,0
4077-13751-0013,7729,0
4077-13751-0013,8224,0
4077-13751-0013,8230,0
4077-13751-0013,8455,0
4077-13751-0013,908,0
4077-13751-0015,1089,0
4077-13751-0015,1188,0
4077-13751-0015,1320,0
4077-13751-0015,2300,0
4077-13751-0015,260,0
4077-13751-0015,2830,0
4077-13751-0015,4077,1
4077-13751-0015,5105,0
4077-13751-0015,5639,0
4077-13751-0015,61,0
4077-13751-0015,672,0
4077-13751-0015,6930,0
4077-13751-0015,7021,0
4077-13751-0015,7127,0
4077-13751-0015,7176,0
4077-13751-0015,7729,0
4077-13751-0015,8224,0
4077-13751-0015,8230,0
4077-13751-0015,8455,0
4077-13751-0015,908,0
4077-13751-0020,1089,0
4077-13751-0020,1188,0
4077-13751-0020,1320,0
4077-13751-0020,2300,0
4077-13751-0020,260,0
4077-13751-0020,2830,0
4077-13751-0020,4077,1
4077-13751-0020,5105,0
4077-13751-0020,5639,0
4077-13751-0020,61,0
4077-13751-0020,672,0
4077-13751-0020,6930,0
4077-13751-0020,7021,0
4077-13751-0020,7127,0
4077-13751-0020,7176,0
4077-13751-0020,7729,0
4077-13751-0020,8224,0
4077-13751-0020,8230,0
4077-13751-0020,8455,0
4077-13751-0020,908,0
4077-13754-0000,1089,0
4077-13754-0000,1188,0
4077-13754-0000,1320,0
4077-13754-0000,2300,0
4077-13754-0000,260,0
4077-13754-0000,2830,0
4077-13754-0000,4077,1
4077-13754-0000,5105,0
4077-13754-0000,5639,0
4077-13754-0000,61,0
4077-13754-0000,672,0
4077-13754-0000,6930,0
4077-13754-0000,7021,0
4077-13754-0000,7127,0
4077-13754-0000,7176,0
4077-13754-0000,7729,0
4077-13754-0000,8224,0
4077-13754-0000,8230,0
4077-13754-0000,8455,0
4077-13754-0000,908,0
4077-13754-0003,1089,0
4077-13754-0003,1188,0
4077-13754-0003,1320,0
4077-13754-0003,2300,0
4077-13754-0003,260,0
4077-13754-0003,2830,0
4077-13754-0003,4077,1
4077-13754-0003,5105,0
4077-13754-0003,5639,0
4077-13754-0003,61,0
4077-13754-0003,672,0
4077-13754-0003,6930,0
4077-13754-0003,7021,0
4077-13754-0003,7127,0
4077-13754-0003,7176,0
4077-13754-0003,7729,0
4077-13754-0003,8224,0
4077-13754-0003,8230,0
4077-13754-0003,8455,0
4077-13754-0003,908,0
4077-13754-0010,1089,0
4077-13754-0010,1188,0
4077-13754-0010,1320,0
4077-13754-0010,2300,0
4077-13754-0010,260,0
4077-13754-0010,2830,0
4077-13754-0010,4077,1
4077-13754-0010,5105,0
4077-13754-0010,5639,0
4077-13754-0010,61,0
4077-13754-0010,672,0
4077-13754-0010,6930,0
4077-13754-0010,7021,0
4077-13754-0010,7127,0
4077-13754-0010,7176,0
4077-13754-0010,7729,0
4077-13754-0010,8224,0
4077-13754-0010,8230,0
4077-13754-0010,8455,0
4077-13754-0010,908,0
4446-2273-0001,121,0
4446-2273-0001,1221,0
4446-2273-0001,1284,0
4446-2273-0001,1580,0
4446-2273-0001,1995,0
4446-2273-0001,2094,0
4446-2273-0001,237,0
4446-2273-0001,2961,0
4446-2273-0001,3570,0
4446-2273-0001,3575,0
4446-2273-0001,3729,0
4446-2273-0001,4446,1
4446-2273-0001,4507,0
4446-2273-0001,4970,0
4446-2273-0001,4992,0
4446-2273-0001,5142,0
4446-2273-0001,5683,0
4446-2273-0001,6829,0
4446-2273-0001,8463,0
4446-2273-0001,8555,0
4446-2273-0008,121,0
4446-2273-0008,1221,0
4446-2273-0008,1284,0
4446-2273-0008,1580,0
4446-2273-0008,1995,0
4446-2273-0008,2094,0
4446-2273-0008,237,0
4446-2273-0008,2961,0
4446-2273-0008,3570,0
4446-2273-0008,3575,0
4446-2273-0008,3729,0
4446-2273-0008,4446,1
4446-2273-0008,4507,0
4446-2273-0008,4970,0
4446-2273-0008,4992,0
4446-2273-0008,5142,0
4446-2273-0008,5683,0
4446-2273-0008,6829,0
4446-2273-0008,8463,0
4446-2273-0008,8555,0
4446-2273-0022,121,0
4446-2273-0022,1221,0
4446-2273-0022,1284,0
4446-2273-0022,1580,0
4446-2273-0022,1995,0
4446-2273-0022,2094,0
4446-2273-0022,237,0
4446-2273-0022,2961,0
4446-2273-0022,3570,0
4446-2273-0022,3575,0
4446-2273-0022,3729,0
4446-2273-0022,4446,1
4446-2273-0022,4507,0
4446-2273-0022,4970,0
4446-2273-0022,4992,0
4446-2273-0022,5142,0
4446-2273-0022,5683,0
4446-2273-0022,6829,0
4446-2273-0022,8463,0
4446-2273-0022,8555,0
4446-2273-0032,121,0
4446-2273-0032,1221,0
4446-2273-0032,1284,0
4446-2273-0032,1580,0
4446-2273-0032,1995,0
4446-2273-0032,2094,0
4446-2273-0032,237,0
4446-2273-0032,2961,0
4446-2273-0032,3570,0
4446-2273-0032,3575,0
4446-2273-0032,3729,0
4446-2273-0032,4446,1
4446-2273-0032,4507,0
4446-2273-0032,4970,0
4446-2273-0032,4992,0
4446-2273-0032,5142,0
4446-2273-0032,5683,0
4446-2273-0032,6829,0
4446-2273-0032,8463,0
4446-2273-0032,8555,0
4446-2275-0007,121,0
4446-2275-0007,1221,0
4446-2275-0007,1284,0
4446-2275-0007,1580,0
4446-2275-0007,1995,0
4446-2275-0007,2094,0
4446-2275-0007,237,0
4446-2275-0007,2961,0
4446-2275-0007,3570,0
4446-2275-0007,3575,0
4446-2275-0007,3729,0
4446-2275-0007,4446,1
4446-2275-0007,4507,0
4446-2275-0007,4970,0
4446-2275-0007,4992,0
4446-2275-0007,5142,0
4446-2275-0007,5683,0
4446-2275-0007,6829,0
4446-2275-0007,8463,0
4446-2275-0007,8555,0
4446-2275-0026,121,0
4446-2275-0026,1221,0
4446-2275-0026,1284,0
4446-2275-0026,1580,0
4446-2275-0026,1995,0
4446-2275-0026,2094,0
4446-2275-0026,237,0
4446-2275-0026,2961,0
4446-2275-0026,3570,0
4446-2275-0026,3575,0
4446-2275-0026,3729,0
4446-2275-0026,4446,1
4446-2275-0026,4507,0
4446-2275-0026,4970,0
4446-2275-0026,4992,0
4446-2275-0026,5142,0
4446-2275-0026,5683,0
4446-2275-0026,6829,0
4446-2275-0026,8463,0
4446-2275-0026,8555,0
4446-2275-0029,121,0
4446-2275-0029,1221,0
4446-2275-0029,1284,0
4446-2275-0029,1580,0
4446-2275-0029,1995,0
4446-2275-0029,2094,0
4446-2275-0029,237,0
4446-2275-0029,2961,0
4446-2275-0029,3570,0
4446-2275-0029,3575,0
4446-2275-0029,3729,0
4446-2275-0029,4446,1
4446-2275-0029,4507,0
4446-2275-0029,4970,0
4446-2275-0029,4992,0
4446-2275-0029,5142,0
4446-2275-0029,5683,0
4446-2275-0029,6829,0
4446-2275-0029,8463,0
4446-2275-0029,8555,0
4446-2275-0035,121,0
4446-2275-0035,1221,0
4446-2275-0035,1284,0
4446-2275-0035,1580,0
4446-2275-0035,1995,0
4446-2275-0035,2094,0
4446-2275-0035,237,0
4446-2275-0035,2961,0
4446-2275-0035,3570,0
4446-2275-0035,3575,0
4446-2275-0035,3729,0
4446-2275-0035,4446,1
4446-2275-0035,4507,0
4446-2275-0035,4970,0
4446-2275-0035,4992,0
4446-2275-0035,5142,0
4446-2275-0035,5683,0
4446-2275-0035,6829,0
4446-2275-0035,8463,0
4446-2275-0035,8555,0
4446-2275-0041,121,0
4446-2275-0041,1221,0
4446-2275-0041,1284,0
4446-2275-0041,1580,0
4446-2275-0041,1995,0
4446-2275-0041,2094,0
4446-2275-0041,237,0
4446-2275-0041,2961,0
4446-2275-0041,3570,0
4446-2275-0041,3575,0
4446-2275-0041,3729,0
4446-2275-0041,4446,1
4446-2275-0041,4507,0
4446-2275-0041,4970,0
4446-2275-0041,4992,0
4446-2275-0041,5142,0
4446-2275-0041,5683,0
4446-2275-0041,6829,0
4446-2275-0041,8463,0
4446-2275-0041,8555,0
4446-2275-0043,121,0
4446-2275-0043,1221,0
4446-2275-0043,1284,0
4446-2275-0043,1580,0
4446-2275-0043,1995,0
4446-2275-0043,2094,0
4446-2275-0043,237,0
4446-2275-0043,2961,0
4446-2275-0043,3570,0
4446-2275-0043,3575,0
4446-2275-0043,3729,0
4446-2275-0043,4446,1
4446-2275-0043,4507,0
4446-2275-0043,4970,0
4446-2275-0043,4992,0
4446-2275-0043,5142,0
4446-2275-0043,5683,0
4446-2275-0043,6829,0
4446-2275-0043,8463,0
4446-2275-0043,8555,0
4507-16021-0001,121,0
4507-16021-0001,1221,0
4507-16021-0001,1284,0
4507-16021-0001,1580,0
4507-16021-0001,1995,0
4507-16021-0001,2094,0
4507-16021-0001,237,0
4507-16021-0001,2961,0
4507-16021-0001,3570,0
4507-16021-0001,3575,0
4507-16021-0001,3729,0
4507-16021-0001,4446,0
4507-16021-0001,4507,1
4507-16021-0001,4970,0
4507-16021-0001,4992,0
4507-16021-0001,5142,0
4507-16021-0001,5683,0
4507-16021-0001,6829,0
4507-16021-0001,8463,0
4507-16021-0001,8555,0
4507-16021-0005,121,0
4507-16021-0005,1221,0
4507-16021-0005,1284,0
4507-16021-0005,1580,0
4507-16021-0005,1995,0
4507-16021-0005,2094,0
4507-16021-0005,237,0
4507-16021-0005,2961,0
4507-16021-0005,3570,0
4507-16021-0005,3575,0
4507-16021-0005,3729,0
4507-16021-0005,4446,0
4507-16021-0005,4507,1
4507-16021-0005,4970,0
4507-16021-0005,4992,0
4507-16021-0005,5142,0
4507-16021-0005,5683,0
4507-16021-0005,6829,0
4507-16021-0005,8463,0
4507-16021-0005,8555,0
4507-16021-0021,121,0
4507-16021-0021,1221,0
4507-16021-0021,1284,0
4507-16021-0021,1580,0
4507-16021-0021,1995,0
4507-16021-0021,2094,0
4507-16021-0021,237,0
4507-16021-0021,2961,0
4507-16021-0021,3570,0
4507-16021-0021,3575,0
4507-16021-0021,3729,0
4507-16021-0021,4446,0
4507-16021-0021,4507,1
4507-16021-0021,4970,0
4507-16021-0021,4992,0
4507-16021-0021,5142,0
4507-16021-0021,5683,0
4507-16021-0021,6829,0
4507-16021-0021,8463,0
4507-16021-0021,8555,0
4507-16021-0030,121,0
4507-16021-0030,1221,0
4507-16021-0030,1284,0
4507-16021-0030,1580,0
4507-16021-0030,1995,0
4507-16021-0030,2094,0
4507-16021-0030,237,0
4507-16021-0030,2961,0
4507-16021-0030,3570,0
4507-16021-0030,3575,0
4507-16021-0030,3729,0
4507-16021-0030,4446,0
4507-16021-0030,4507,1
4507-16021-0030,4970,0
4507-16021-0030,4992,0
4507-16021-0030,5142,0
4507-16021-0030,5683,0
4507-16021-0030,6829,0
4507-16021-0030,8463,0
4507-16021-0030,8555,0
4507-16021-0031,121,0
4507-16021-0031,1221,0
4507-16021-0031,1284,0
4507-16021-0031,1580,0
4507-16021-0031,1995,0
4507-16021-0031,2094,0
4507-16021-0031,237,0
4507-16021-0031,2961,0
4507-16021-0031,3570,0
4507-16021-0031,3575,0
4507-16021-0031,3729,0
4507-16021-0031,4446,0
4507-16021-0031,4507,1
4507-16021-0031,4970,0
4507-16021-0031,4992,0
4507-16021-0031,5142,0
4507-16021-0031,5683,0
4507-16021-0031,6829,0
4507-16021-0031,8463,0
4507-16021-0031,8555,0
4507-16021-0046,121,0
4507-16021-0046,1221,0
4507-16021-0046,1284,0
4507-16021-0046,1580,0
4507-16021-0046,1995,0
4507-16021-0046,2094,0
4507-16021-0046,237,0
4507-16021-0046,2961,0
4507-16021-0046,3570,0
4507-16021-0046,3575,0
4507-16021-0046,3729,0
4507-16021-0046,4446,0
4507-16021-0046,4507,1
4507-16021-0046,4970,0
4507-16021-0046,4992,0
4507-16021-0046,5142,0
4507-16021-0046,5683,0
4507-16021-0046,6829,0
4507-16021-0046,8463,0
4507-16021-0046,8555,0
4507-16021-0052,121,0
4507-16021-0052,1221,0
4507-16021-0052,1284,0
4507-16021-0052,1580,0
4507-16021-0052,1995,0
4507-16021-0052,2094,0
4507-16021-0052,237,0
4507-16021-0052,2961,0
4507-16021-0052,3570,0
4507-16021-0052,3575,0
4507-16021-0052,3729,0
4507-16021-0052,4446,0
4507-16021-0052,4507,1
4507-16021-0052,4970,0
4507-16021-0052,4992,0
4507-16021-0052,5142,0
4507-16021-0052,5683,0
4507-16021-0052,6829,0
4507-16021-0052,8463,0
4507-16021-0052,8555,0
4507-16021-0053,121,0
4507-16021-0053,1221,0
4507-16021-0053,1284,0
4507-16021-0053,1580,0
4507-16021-0053,1995,0
4507-16021-0053,2094,0
4507-16021-0053,237,0
4507-16021-0053,2961,0
4507-16021-0053,3570,0
4507-16021-0053,3575,0
4507-16021-0053,3729,0
4507-16021-0053,4446,0
4507-16021-0053,4507,1
4507-16021-0053,4970,0
4507-16021-0053,4992,0
4507-16021-0053,5142,0
4507-16021-0053,5683,0
4507-16021-0053,6829,0
4507-16021-0053,8463,0
4507-16021-0053,8555,0
4507-16021-0056,121,0
4507-16021-0056,1221,0
4507-16021-0056,1284,0
4507-16021-0056,1580,0
4507-16021-0056,1995,0
4507-16021-0056,2094,0
4507-16021-0056,237,0
4507-16021-0056,2961,0
4507-16021-0056,3570,0
4507-16021-0056,3575,0
4507-16021-0056,3729,0
4507-16021-0056,4446,0
4507-16021-0056,4507,1
4507-16021-0056,4970,0
4507-16021-0056,4992,0
4507-16021-0056,5142,0
4507-16021-0056,5683,0
4507-16021-0056,6829,0
4507-16021-0056,8463,0
4507-16021-0056,8555,0
4507-16021-0057,121,0
4507-16021-0057,1221,0
4507-16021-0057,1284,0
4507-16021-0057,1580,0
4507-16021-0057,1995,0
4507-16021-0057,2094,0
4507-16021-0057,237,0
4507-16021-0057,2961,0
4507-16021-0057,3570,0
4507-16021-0057,3575,0
4507-16021-0057,3729,0
4507-16021-0057,4446,0
4507-16021-0057,4507,1
4507-16021-0057,4970,0
4507-16021-0057,4992,0
4507-16021-0057,5142,0
4507-16021-0057,5683,0
4507-16021-0057,6829,0
4507-16021-0057,8463,0
4507-16021-0057,8555,0
4970-29093-0002,121,0
4970-29093-0002,1221,0
4970-29093-0002,1284,0
4970-29093-0002,1580,0
4970-29093-0002,1995,0
4970-29093-0002,2094,0
4970-29093-0002,237,0
4970-29093-0002,2961,0
4970-29093-0002,3570,0
4970-29093-0002,3575,0
4970-29093-0002,3729,0
4970-29093-0002,4446,0
4970-29093-0002,4507,0
4970-29093-0002,4970,1
4970-29093-0002,4992,0
4970-29093-0002,5142,0
4970-29093-0002,5683,0
4970-29093-0002,6829,0
4970-29093-0002,8463,0
4970-29093-0002,8555,0
4970-29093-0013,121,0
4970-29093-0013,1221,0
4970-29093-0013,1284,0
4970-29093-0013,1580,0
4970-29093-0013,1995,0
4970-29093-0013,2094,0
4970-29093-0013,237,0
4970-29093-0013,2961,0
4970-29093-0013,3570,0
4970-29093-0013,3575,0
4970-29093-0013,3729,0
4970-29093-0013,4446,0
4970-29093-0013,4507,0
4970-29093-0013,4970,1
4970-29093-0013,4992,0
4970-29093-0013,5142,0
4970-29093-0013,5683,0
4970-29093-0013,6829,0
4970-29093-0013,8463,0
4970-29093-0013,8555,0
4970-29093-0020,121,0
4970-29093-0020,1221,0
4970-29093-0020,1284,0
4970-29093-0020,1580,0
4970-29093-0020,1995,0
4970-29093-0020,2094,0
4970-29093-0020,237,0
4970-29093-0020,2961,0
4970-29093-0020,3570,0
4970-29093-0020,3575,0
4970-29093-0020,3729,0
4970-29093-0020,4446,0
4970-29093-0020,4507,0
4970-29093-0020,4970,1
4970-29093-0020,4992,0
4970-29093-0020,5142,0
4970-29093-0020,5683,0
4970-29093-0020,6829,0
4970-29093-0020,8463,0
4970-29093-0020,8555,0
4970-29095-0006,121,0
4970-29095-0006,1221,0
4970-29095-0006,1284,0
4970-29095-0006,1580,0
4970-29095-0006,1995,0
4970-29095-0006,2094,0
4970-29095-0006,237,0
4970-29095-0006,2961,0
4970-29095-0006,3570,0
4970-29095-0006,3575,0
4970-29095-0006,3729,0
4970-29095-0006,4446,0
4970-29095-0006,4507,0
4970-29095-0006,4970,1
4970-29095-0006,4992,0
4970-29095-0006,5142,0
4970-29095-0006,5683,0
4970-29095-0006,6829,0
4970-29095-0006,8463,0
4970-29095-0006,8555,0
4970-29095-0007,121,0
4970-29095-0007,1221,0
4970-29095-0007,1284,0
4970-29095-0007,1580,0
4970-29095-0007,1995,0
4970-29095-0007,2094,0
4970-29095-0007,237,0
4970-29095-0007,2961,0
4970-29095-0007,3570,0
4970-29095-0007,3575,0
4970-29095-0007,3729,0
4970-29095-0007,4446,0
4970-29095-0007,4507,0
4970-29095-0007,4970,1
4970-29095-0007,4992,0
4970-29095-0007,5142,0
4970-29095-0007,5683,0
4970-29095-0007,6829,0
4970-29095-0007,8463,0
4970-29095-0007,8555,0
4970-29095-0020,121,0
4970-29095-0020,1221,0
4970-29095-0020,1284,0
4970-29095-0020,1580,0
4970-29095-0020,1995,0
4970-29095-0020,2094,0
4970-29095-0020,237,0
4970-29095-0020,2961,0
4970-29095-0020,3570,0
4970-29095-0020,3575,0
4970-29095-0020,3729,0
4970-29095-0020,4446,0
4970-29095-0020,4507,0
4970-29095-0020,4970,1
4970-29095-0020,4992,0
4970-29095-0020,5142,0
4970-29095-0020,5683,0
4970-29095-0020,6829,0
4970-29095-0020,8463,0
4970-29095-0020,8555,0
4970-29095-0024,121,0
4970-29095-0024,1221,0
4970-29095-0024,1284,0
4970-29095-0024,1580,0
4970-29095-0024,1995,0
4970-29095-0024,2094,0
4970-29095-0024,237,0
4970-29095-0024,2961,0
4970-29095-0024,3570,0
4970-29095-0024,3575,0
4970-29095-0024,3729,0
4970-29095-0024,4446,0
4970-29095-0024,4507,0
4970-29095-0024,4970,1
4970-29095-0024,4992,0
4970-29095-0024,5142,0
4970-29095-0024,5683,0
4970-29095-0024,6829,0
4970-29095-0024,8463,0
4970-29095-0024,8555,0
4970-29095-0026,121,0
4970-29095-0026,1221,0
4970-29095-0026,1284,0
4970-29095-0026,1580,0
4970-29095-0026,1995,0
4970-29095-0026,2094,0
4970-29095-0026,237,0
4970-29095-0026,2961,0
4970-29095-0026,3570,0
4970-29095-0026,3575,0
4970-29095-0026,3729,0
4970-29095-0026,4446,0
4970-29095-0026,4507,0
4970-29095-0026,4970,1
4970-29095-0026,4992,0
4970-29095-0026,5142,0
4970-29095-0026,5683,0
4970-29095-0026,6829,0
4970-29095-0026,8463,0
4970-29095-0026,8555,0
4970-29095-0027,121,0
4970-29095-0027,1221,0
4970-29095-0027,1284,0
4970-29095-0027,1580,0
4970-29095-0027,1995,0
4970-29095-0027,2094,0
4970-29095-0027,237,0
4970-29095-0027,2961,0
4970-29095-0027,3570,0
4970-29095-0027,3575,0
4970-29095-0027,3729,0
4970-29095-0027,4446,0
4970-29095-0027,4507,0
4970-29095-0027,4970,1
4970-29095-0027,4992,0
4970-29095-0027,5142,0
4970-29095-0027,5683,0
4970-29095-0027,6829,0
4970-29095-0027,8463,0
4970-29095-0027,8555,0
4970-29095-0036,121,0
4970-29095-0036,1221,0
4970-29095-0036,1284,0
4970-29095-0036,1580,0
4970-29095-0036,1995,0
4970-29095-0036,2094,0
4970-29095-0036,237,0
4970-29095-0036,2961,0
4970-29095-0036,3570,0
4970-29095-0036,3575,0
4970-29095-0036,3729,0
4970-29095-0036,4446,0
4970-29095-0036,4507,0
4970-29095-0036,4970,1
4970-29095-0036,4992,0
4970-29095-0036,5142,0
4970-29095-0036,5683,0
4970-29095-0036,6829,0
4970-29095-0036,8463,0
4970-29095-0036,8555,0
4992-23283-0004,121,0
4992-23283-0004,1221,0
4992-23283-0004,1284,0
4992-23283-0004,1580,0
4992-23283-0004,1995,0
4992-23283-0004,2094,0
4992-23283-0004,237,0
4992-23283-0004,2961,0
4992-23283-0004,3570,0
4992-23283-0004,3575,0
4992-23283-0004,3729,0
4992-23283-0004,4446,0
4992-23283-0004,4507,0
4992-23283-0004,4970,0
4992-23283-0004,4992,1
4992-23283-0004,5142,0
4992-23283-0004,5683,0
4992-23283-0004,6829,0
4992-23283-0004,8463,0
4992-23283-0004,8555,0
4992-23283-0011,121,0
4992-23283-0011,1221,0
4992-23283-0011,1284,0
4992-23283-0011,1580,0
4992-23283-0011,1995,0
4992-23283-0011,2094,0
4992-23283-0011,237,0
4992-23283-0011,2961,0
4992-23283-0011,3570,0
4992-23283-0011,3575,0
4992-23283-0011,3729,0
4992-23283-0011,4446,0
4992-23283-0011,4507,0
4992-23283-0011,4970,0
4992-23283-0011,4992,1
4992-23283-0011,5142,0
4992-23283-0011,5683,0
4992-23283-0011,6829,0
4992-23283-0011,8463,0
4992-23283-0011,8555,0
4992-23283-0013,121,0
4992-23283-0013,1221,0
4992-23283-0013,1284,0
4992-23283-0013,1580,0
4992-23283-0013,1995,0
4992-23283-0013,2094,0
4992-23283-0013,237,0
4992-23283-0013,2961,0
4992-23283-0013,3570,0
4992-23283-0013,3575,0
4992-23283-0013,3729,0
4992-23283-0013,4446,0
4992-23283-0013,4507,0
4992-23283-0013,4970,0
4992-23283-0013,4992,1
4992-23283-0013,5142,0
4992-23283-0013,5683,0
4992-23283-0013,6829,0
4992-23283-0013,8463,0
4992-23283-0013,8555,0
4992-41797-0007,121,0
4992-41797-0007,1221,0
4992-41797-0007,1284,0
4992-41797-0007,1580,0
4992-41797-0007,1995,0
4992-41797-0007,2094,0
4992-41797-0007,237,0
4992-41797-0007,2961,0
4992-41797-0007,3570,0
4992-41797-0007,3575,0
4992-41797-0007,3729,0
4992-41797-0007,4446,0
4992-41797-0007,4507,0
4992-41797-0007,4970,0
4992-41797-0007,4992,1
4992-41797-0007,5142,0
4992-41797-0007,5683,0
4992-41797-0007,6829,0
4992-41797-0007,8463,0
4992-41797-0007,8555,0
4992-41797-0010,121,0
4992-41797-0010,1221,0
4992-41797-0010,1284,0
4992-41797-0010,1580,0
4992-41797-0010,1995,0
4992-41797-0010,2094,0
4992-41797-0010,237,0
4992-41797-0010,2961,0
4992-41797-0010,3570,0
4992-41797-0010,3575,0
4992-41797-0010,3729,0
4992-41797-0010,4446,0
4992-41797-0010,4507,0
4992-41797-0010,4970,0
4992-41797-0010,4992,1
4992-41797-0010,5142,0
4992-41797-0010,5683,0
4992-41797-0010,6829,0
4992-41797-0010,8463,0
4992-41797-0010,8555,0
4992-41797-0017,121,0
4992-41797-0017,1221,0
4992-41797-0017,1284,0
4992-41797-0017,1580,0
4992-41797-0017,1995,0
4992-41797-0017,2094,0
4992-41797-0017,237,0
4992-41797-0017,2961,0
4992-41797-0017,3570,0
4992-41797-0017,3575,0
4992-41797-0017,3729,0
4992-41797-0017,4446,0
4992-41797-0017,4507,0
4992-41797-0017,4970,0
4992-41797-0017,4992,1
4992-41797-0017,5142,0
4992-41797-0017,5683,0
4992-41797-0017,6829,0
4992-41797-0017,8463,0
4992-41797-0017,8555,0
4992-41806-0003,121,0
4992-41806-0003,1221,0
4992-41806-0003,1284,0
4992-41806-0003,1580,0
4992-41806-0003,1995,0
4992-41806-0003,2094,0
4992-41806-0003,237,0
4992-41806-0003,2961,0
4992-41806-0003,3570,0
4992-41806-0003,3575,0
4992-41806-0003,3729,0
4992-41806-0003,4446,0
4992-41806-0003,4507,0
4992-41806-0003,4970,0
4992-41806-0003,4992,1
4992-41806-0003,5142,0
4992-41806-0003,5683,0
4992-41806-0003,6829,0
4992-41806-0003,8463,0
4992-41806-0003,8555,0
4992-41806-0008,121,0
4992-41806-0008,1221,0
4992-41806-0008,1284,0
4992-41806-0008,1580,0
4992-41806-0008,1995,0
4992-41806-0008,2094,0
4992-41806-0008,237,0
4992-41806-0008,2961,0
4992-41806-0008,3570,0
4992-41806-0008,3575,0
4992-41806-0008,3729,0
4992-41806-0008,4446,0
4992-41806-0008,4507,0
4992-41806-0008,4970,0
4992-41806-0008,4992,1
4992-41806-0008,5142,0
4992-41806-0008,5683,0
4992-41806-0008,6829,0
4992-41806-0008,8463,0
4992-41806-0008,8555,0
4992-41806-0013,121,0
4992-41806-0013,1221,0
4992-41806-0013,1284,0
4992-41806-0013,1580,0
4992-41806-0013,1995,0
4992-41806-0013,2094,0
4992-41806-0013,237,0
4992-41806-0013,2961,0
4992-41806-0013,3570,0
4992-41806-0013,3575,0
4992-41806-0013,3729,0
4992-41806-0013,4446,0
4992-41806-0013,4507,0
4992-41806-0013,4970,0
4992-41806-0013,4992,1
4992-41806-0013,5142,0
4992-41806-0013,5683,0
4992-41806-0013,6829,0
4992-41806-0013,8463,0
4992-41806-0013,8555,0
4992-41806-0017,121,0
4992-41806-0017,1221,0
4992-41806-0017,1284,0
4992-41806-0017,1580,0
4992-41806-0017,1995,0
4992-41806-0017,2094,0
4992-41806-0017,237,0
4992-41806-0017,2961,0
4992-41806-0017,3570,0
4992-41806-0017,3575,0
4992-41806-0017,3729,0
4992-41806-0017,4446,0
4992-41806-0017,4507,0
4992-41806-0017,4970,0
4992-41806-0017,4992,1
4992-41806-0017,5142,0
4992-41806-0017,5683,0
4992-41806-0017,6829,0
4992-41806-0017,8463,0
4992-41806-0017,8555,0
5105-28233-0001,1089,0
5105-28233-0001,1188,0
5105-28233-0001,1320,0
5105-28233-0001,2300,0
5105-28233-0001,260,0
5105-28233-0001,2830,0
5105-28233-0001,4077,0
5105-28233-0001,5105,1
5105-28233-0001,5639,0
5105-28233-0001,61,0
5105-28233-0001,672,0
5105-28233-0001,6930,0
5105-28233-0001,7021,0
5105-28233-0001,7127,0
5105-28233-0001,7176,0
5105-28233-0001,7729,0
5105-28233-0001,8224,0
5105-28233-0001,8230,0
5105-28233-0001,8455,0
5105-28233-0001,908,0
5105-28233-0004,1089,0
5105-28233-0004,1188,0
5105-28233-0004,1320,0
5105-28233-0004,2300,0
5105-28233-0004,260,0
5105-28233-0004,2830,0
5105-28233-0004,4077,0
5105-28233-0004,5105,1
5105-28233-0004,5639,0
5105-28233-0004,61,0
5105-28233-0004,672,0
5105-28233-0004,6930,0
5105-28233-0004,7021,0
5105-28233-0004,7127,0
5105-28233-0004,7176,0
5105-28233-0004,7729,0
5105-28233-0004,8224,0
5105-28233-0004,8230,0
5105-28233-0004,8455,0
5105-28233-0004,908,0
5105-28240-0006,1089,0
5105-28240-0006,1188,0
5105-28240-0006,1320,0
5105-28240-0006,2300,0
5105-28240-0006,260,0
5105-28240-0006,2830,0
5105-28240-0006,4077,0
5105-28240-0006,5105,1
5105-28240-0006,5639,0
5105-28240-0006,61,0
5105-28240-0006,672,0
5105-28240-0006,6930,0
5105-28240-0006,7021,0
5105-28240-0006,7127,0
5105-28240-0006,7176,0
5105-28240-0006,7729,0
5105-28240-0006,8224,0
5105-28240-0006,8230,0
5105-28240-0006,8455,0
5105-28240-0006,908,0
5105-28240-0007,1089,0
5105-28240-0007,1188,0
5105-28240-0007,1320,0
5105-28240-0007,2300,0
5105-28240-0007,260,0
5105-28240-0007,2830,0
5105-28240-0007,4077,0
5105-28240-0007,5105,1
5105-28240-0007,5639,0
5105-28240-0007,61,0
5105-28240-0007,672,0
5105-28240-0007,6930,0
5105-28240-0007,7021,0
5105-28240-0007,7127,0
5105-28240-0007,7176,0
5105-28240-0007,7729,0
5105-28240-0007,8224,0
5105-28240-0007,8230,0
5105-28240-0007,8455,0
5105-28240-0007,908,0
5105-28240-0009,1089,0
5105-28240-0009,1188,0
5105-28240-0009,1320,0
5105-28240-0009,2300,0
5105-28240-0009,260,0
5105-28240-0009,2830,0
5105-28240-0009,4077,0
5105-28240-0009,5105,1
5105-28240-0009,5639,0
5105-28240-0009,61,0
5105-28240-0009,672,0
5105-28240-0009,6930,0
5105-28240-0009,7021,0
5105-28240-0009,7127,0
5105-28240-0009,7176,0
5105-28240-0009,7729,0
5105-28240-0009,8224,0
5105-28240-0009,8230,0
5105-28240-0009,8455,0
5105-28240-0009,908,0
5105-28240-0012,1089,0
5105-28240-0012,1188,0
5105-28240-0012,1320,0
5105-28240-0012,2300,0
5105-28240-0012,260,0
5105-28240-0012,2830,0
5105-28240-0012,4077,0
5105-28240-0012,5105,1
5105-28240-0012,5639,0
5105-28240-0012,61,0
5105-28240-0012,672,0
5105-28240-0012,6930,0
5105-28240-0012,7021,0
5105-28240-0012,7127,0
5105-28240-0012,7176,0
5105-28240-0012,7729,0
5105-28240-0012,8224,0
5105-28240-0012,8230,0
5105-28240-0012,8455,0
5105-28240-0012,908,0
5105-28240-0016,1089,0
5105-28240-0016,1188,0
5105-28240-0016,1320,0
5105-28240-0016,2300,0
5105-28240-0016,260,0
5105-28240-0016,2830,0
5105-28240-0016,4077,0
5105-28240-0016,5105,1
5105-28240-0016,5639,0
5105-28240-0016,61,0
5105-28240-0016,672,0
5105-28240-0016,6930,0
5105-28240-0016,7021,0
5105-28240-0016,7127,0
5105-28240-0016,7176,0
5105-28240-0016,7729,0
5105-28240-0016,8224,0
5105-28240-0016,8230,0
5105-28240-0016,8455,0
5105-28240-0016,908,0
5105-28240-0022,1089,0
5105-28240-0022,1188,0
5105-28240-0022,1320,0
5105-28240-0022,2300,0
5105-28240-0022,260,0
5105-28240-0022,2830,0
5105-28240-0022,4077,0
5105-28240-0022,5105,1
5105-28240-0022,5639,0
5105-28240-0022,61,0
5105-28240-0022,672,0
5105-28240-0022,6930,0
5105-28240-0022,7021,0
5105-28240-0022,7127,0
5105-28240-0022,7176,0
5105-28240-0022,7729,0
5105-28240-0022,8224,0
5105-28240-0022,8230,0
5105-28240-0022,8455,0
5105-28240-0022,908,0
5105-28240-0024,1089,0
5105-28240-0024,1188,0
5105-28240-0024,1320,0
5105-28240-0024,2300,0
5105-28240-0024,260,0
5105-28240-0024,2830,0
5105-28240-0024,4077,0
5105-28240-0024,5105,1
5105-28240-0024,5639,0
5105-28240-0024,61,0
5105-28240-0024,672,0
5105-28240-0024,6930,0
5105-28240-0024,7021,0
5105-28240-0024,7127,0
5105-28240-0024,7176,0
5105-28240-0024,7729,0
5105-28240-0024,8224,0
5105-28240-0024,8230,0
5105-28240-0024,8455,0
5105-28240-0024,908,0
5105-28241-0005,1089,0
5105-28241-0005,1188,0
5105-28241-0005,1320,0
5105-28241-0005,2300,0
5105-28241-0005,260,0
5105-28241-0005,2830,0
5105-28241-0005,4077,0
5105-28241-0005,5105,1
5105-28241-0005,5639,0
5105-28241-0005,61,0
5105-28241-0005,672,0
5105-28241-0005,6930,0
5105-28241-0005,7021,0
5105-28241-0005,7127,0
5105-28241-0005,7176,0
5105-28241-0005,7729,0
5105-28241-0005,8224,0
5105-28241-0005,8230,0
5105-28241-0005,8455,0
5105-28241-0005,908,0
5142-33396-0012,121,0
5142-33396-0012,1221,0
5142-33396-0012,1284,0
5142-33396-0012,1580,0
5142-33396-0012,1995,0
5142-33396-0012,2094,0
5142-33396-0012,237,0
5142-33396-0012,2961,0
5142-33396-0012,3570,0
5142-33396-0012,3575,0
5142-33396-0012,3729,0
5142-33396-0012,4446,0
5142-33396-0012,4507,0
5142-33396-0012,4970,0
5142-33396-0012,4992,0
5142-33396-0012,5142,1
5142-33396-0012,5683,0
5142-33396-0012,6829,0
5142-33396-0012,8463,0
5142-33396-0012,8555,0
5142-33396-0015,121,0
5142-33396-0015,1221,0
5142-33396-0015,1284,0
5142-33396-0015,1580,0
5142-33396-0015,1995,0
5142-33396-0015,2094,0
5142-33396-0015,237,0
5142-33396-0015,2961,0
5142-33396-0015,3570,0
5142-33396-0015,3575,0
5142-33396-0015,3729,0
5142-33396-0015,4446,0
5142-33396-0015,4507,0
5142-33396-0015,4970,0
5142-33396-0015,4992,0
5142-33396-0015,5142,1
5142-33396-0015,5683,0
5142-33396-0015,6829,0
5142-33396-0015,8463,0
5142-33396-0015,8555,0
5142-33396-0019,121,0
5142-33396-0019,1221,0
5142-33396-0019,1284,0
5142-33396-0019,1580,0
5142-33396-0019,1995,0
5142-33396-0019,2094,0
5142-33396-0019,237,0
5142-33396-0019,2961,0
5142-33396-0019,3570,0
5142-33396-0019,3575,0
5142-33396-0019,3729,0
5142-33396-0019,4446,0
5142-33396-0019,4507,0
5142-33396-0019,4970,0
5142-33396-0019,4992,0
5142-33396-0019,5142,1
5142-33396-0019,5683,0
5142-33396-0019,6829,0
5142-33396-0019,8463,0
5142-33396-0019,8555,0
5142-33396-0024,121,0
5142-33396-0024,1221,0
5142-33396-0024,1284,0
5142-33396-0024,1580,0
5142-33396-0024,1995,0
5142-33396-0024,2094,0
5142-33396-0024,237,0
5142-33396-0024,2961,0
5142-33396-0024,3570,0
5142-33396-0024,3575,0
5142-33396-0024,3729,0
5142-33396-0024,4446,0
5142-33396-0024,4507,0
5142-33396-0024,4970,0
5142-33396-0024,4992,0
5142-33396-0024,5142,1
5142-33396-0024,5683,0
5142-33396-0024,6829,0
5142-33396-0024,8463,0
5142-33396-0024,8555,0
5142-33396-0032,121,0
5142-33396-0032,1221,0
5142-33396-0032,1284,0
5142-33396-0032,1580,0
5142-33396-0032,1995,0
5142-33396-0032,2094,0
5142-33396-0032,237,0
5142-33396-0032,2961,0
5142-33396-0032,3570,0
5142-33396-0032,3575,0
5142-33396-0032,3729,0
5142-33396-0032,4446,0
5142-33396-0032,4507,0
5142-33396-0032,4970,0
5142-33396-0032,4992,0
5142-33396-0032,5142,1
5142-33396-0032,5683,0
5142-33396-0032,6829,0
5142-33396-0032,8463,0
5142-33396-0032,8555,0
5142-33396-0054,121,0
5142-33396-0054,1221,0
5142-33396-0054,1284,0
5142-33396-0054,1580,0
5142-33396-0054,1995,0
5142-33396-0054,2094,0
5142-33396-0054,237,0
5142-33396-0054,2961,0
5142-33396-0054,3570,0
5142-33396-0054,3575,0
5142-33396-0054,3729,0
5142-33396-0054,4446,0
5142-33396-0054,4507,0
5142-33396-0054,4970,0
5142-33396-0054,4992,0
5142-33396-0054,5142,1
5142-33396-0054,5683,0
5142-33396-0054,6829,0
5142-33396-0054,8463,0
5142-33396-0054,8555,0
5142-36377-0001,121,0
5142-36377-0001,1221,0
5142-36377-0001,1284,0
5142-36377-0001,1580,0
5142-36377-0001,1995,0
5142-36377-0001,2094,0
5142-36377-0001,237,0
5142-36377-0001,2961,0
5142-36377-0001,3570,0
5142-36377-0001,3575,0
5142-36377-0001,3729,0
5142-36377-0001,4446,0
5142-36377-0001,4507,0
5142-36377-0001,4970,0
5142-36377-0001,4992,0
5142-36377-0001,5142,1
5142-36377-0001,5683,0
5142-36377-0001,6829,0
5142-36377-0001,8463,0
5142-36377-0001,8555,0
5142-36377-0006,121,0
5142-36377-0006,1221,0
5142-36377-0006,1284,0
5142-36377-0006,1580,0
5142-36377-0006,1995,0
5142-36377-0006,2094,0
5142-36377-0006,237,0
5142-36377-0006,2961,0
5142-36377-0006,3570,0
5142-36377-0006,3575,0
5142-36377-0006,3729,0
5142-36377-0006,4446,0
5142-36377-0006,4507,0
5142-36377-0006,4970,0
5142-36377-0006,4992,0
5142-36377-0006,5142,1
5142-36377-0006,5683,0
5142-36377-0006,6829,0
5142-36377-0006,8463,0
5142-36377-0006,8555,0
5142-36377-0018,121,0
5142-36377-0018,1221,0
5142-36377-0018,1284,0
5142-36377-0018,1580,0
5142-36377-0018,1995,0
5142-36377-0018,2094,0
5142-36377-0018,237,0
5142-36377-0018,2961,0
5142-36377-0018,3570,0
5142-36377-0018,3575,0
5142-36377-0018,3729,0
5142-36377-0018,4446,0
5142-36377-0018,4507,0
5142-36377-0018,4970,0
5142-36377-0018,4992,0
5142-36377-0018,5142,1
5142-36377-0018,5683,0
5142-36377-0018,6829,0
5142-36377-0018,8463,0
5142-36377-0018,8555,0
5142-36377-0023,121,0
5142-36377-0023,1221,0
5142-36377-0023,1284,0
5142-36377-0023,1580,0
5142-36377-0023,1995,0
5142-36377-0023,2094,0
5142-36377-0023,237,0
5142-36377-0023,2961,0
5142-36377-0023,3570,0
5142-36377-0023,3575,0
5142-36377-0023,3729,0
5142-36377-0023,4446,0
5142-36377-0023,4507,0
5142-36377-0023,4970,0
5142-36377-0023,4992,0
5142-36377-0023,5142,1
5142-36377-0023,5683,0
5142-36377-0023,6829,0
5142-36377-0023,8463,0
5142-36377-0023,8555,0
5639-40744-0002,1089,0
5639-40744-0002,1188,0
5639-40744-0002,1320,0
5639-40744-0002,2300,0
5639-40744-0002,260,0
5639-40744-0002,2830,0
5639-40744-0002,4077,0
5639-40744-0002,5105,0
5639-40744-0002,5639,1
5639-40744-0002,61,0
5639-40744-0002,672,0
5639-40744-0002,6930,0
5639-40744-0002,7021,0
5639-40744-0002,7127,0
5639-40744-0002,7176,0
5639-40744-0002,7729,0
5639-40744-0002,8224,0
5639-40744-0002,8230,0
5639-40744-0002,8455,0
5639-40744-0002,908,0
5639-40744-0007,1089,0
5639-40744-0007,1188,0
5639-40744-0007,1320,0
5639-40744-0007,2300,0
5639-40744-0007,260,0
5639-40744-0007,2830,0
5639-40744-0007,4077,0
5639-40744-0007,5105,0
5639-40744-0007,5639,1
5639-40744-0007,61,0
5639-40744-0007,672,0
5639-40744-0007,6930,0
5639-40744-0007,7021,0
5639-40744-0007,7127,0
5639-40744-0007,7176,0
5639-40744-0007,7729,0
5639-40744-0007,8224,0
5639-40744-0007,8230,0
5639-40744-0007,8455,0
5639-40744-0007,908,0
5639-40744-0012,1089,0
5639-40744-0012,1188,0
5639-40744-0012,1320,0
5639-40744-0012,2300,0
5639-40744-0012,260,0
5639-40744-0012,2830,0
5639-40744-0012,4077,0
5639-40744-0012,5105,0
5639-40744-0012,5639,1
5639-40744-0012,61,0
5639-40744-0012,672,0
5639-40744-0012,6930,0
5639-40744-0012,7021,0
5639-40744-0012,7127,0
5639-40744-0012,7176,0
5639-40744-0012,7729,0
5639-40744-0012,8224,0
5639-40744-0012,8230,0
5639-40744-0012,8455,0
5639-40744-0012,908,0
5639-40744-0013,1089,0
5639-40744-0013,1188,0
5639-40744-0013,1320,0
5639-40744-0013,2300,0
5639-40744-0013,260,0
5639-40744-0013,2830,0
5639-40744-0013,4077,0
5639-40744-0013,5105,0
5639-40744-0013,5639,1
5639-40744-0013,61,0
5639-40744-0013,672,0
5639-40744-0013,6930,0
5639-40744-0013,7021,0
5639-40744-0013,7127,0
5639-40744-0013,7176,0
5639-40744-0013,7729,0
5639-40744-0013,8224,0
5639-40744-0013,8230,0
5639-40744-0013,8455,0
5639-40744-0013,908,0
5639-40744-0014,1089,0
5639-40744-0014,1188,0
5639-40744-0014,1320,0
5639-40744-0014,2300,0
5639-40744-0014,260,0
5639-40744-0014,2830,0
5639-40744-0014,4077,0
5639-40744-0014,5105,0
5639-40744-0014,5639,1
5639-40744-0014,61,0
5639-40744-0014,672,0
5639-40744-0014,6930,0
5639-40744-0014,7021,0
5639-40744-0014,7127,0
5639-40744-0014,7176,0
5639-40744-0014,7729,0
5639-40744-0014,8224,0
5639-40744-0014,8230,0
5639-40744-0014,8455,0
5639-40744-0014,908,0
5639-40744-0017,1089,0
5639-40744-0017,1188,0
5639-40744-0017,1320,0
5639-40744-0017,2300,0
5639-40744-0017,260,0
5639-40744-0017,2830,0
5639-40744-0017,4077,0
5639-40744-0017,5105,0
5639-40744-0017,5639,1
5639-40744-0017,61,0
5639-40744-0017,672,0
5639-40744-0017,6930,0
5639-40744-0017,7021,0
5639-40744-0017,7127,0
5639-40744-0017,7176,0
5639-40744-0017,7729,0
5639-40744-0017,8224,0
5639-40744-0017,8230,0
5639-40744-0017,8455,0
5639-40744-0017,908,0
5639-40744-0024,1089,0
5639-40744-0024,1188,0
5639-40744-0024,1320,0
5639-40744-0024,2300,0
5639-40744-0024,260,0
5639-40744-0024,2830,0
5639-40744-0024,4077,0
5639-40744-0024,5105,0
5639-40744-0024,5639,1
5639-40744-0024,61,0
5639-40744-0024,672,0
5639-40744-0024,6930,0
5639-40744-0024,7021,0
5639-40744-0024,7127,0
5639-40744-0024,7176,0
5639-40744-0024,7729,0
5639-40744-0024,8224,0
5639-40744-0024,8230,0
5639-40744-0024,8455,0
5639-40744-0024,908,0
5639-40744-0029,1089,0
5639-40744-0029,1188,0
5639-40744-0029,1320,0
5639-40744-0029,2300,0
5639-40744-0029,260,0
5639-40744-0029,2830,0
5639-40744-0029,4077,0
5639-40744-0029,5105,0
5639-40744-0029,5639,1
5639-40744-0029,61,0
5639-40744-0029,672,0
5639-40744-0029,6930,0
5639-40744-0029,7021,0
5639-40744-0029,7127,0
5639-40744-0029,7176,0
5639-40744-0029,7729,0
5639-40744-0029,8224,0
5639-40744-0029,8230,0
5639-40744-0029,8455,0
5639-40744-0029,908,0
5639-40744-0034,1089,0
5639-40744-0034,1188,0
5639-40744-0034,1320,0
5639-40744-0034,2300,0
5639-40744-0034,260,0
5639-40744-0034,2830,0
5639-40744-0034,4077,0
5639-40744-0034,5105,0
5639-40744-0034,5639,1
5639-40744-0034,61,0
5639-40744-0034,672,0
5639-40744-0034,6930,0
5639-40744-0034,7021,0
5639-40744-0034,7127,0
5639-40744-0034,7176,0
5639-40744-0034,7729,0
5639-40744-0034,8224,0
5639-40744-0034,8230,0
5639-40744-0034,8455,0
5639-40744-0034,908,0
5639-40744-0040,1089,0
5639-40744-0040,1188,0
5639-40744-0040,1320,0
5639-40744-0040,2300,0
5639-40744-0040,260,0
5639-40744-0040,2830,0
5639-40744-0040,4077,0
5639-40744-0040,5105,0
5639-40744-0040,5639,1
5639-40744-0040,61,0
5639-40744-0040,672,0
5639-40744-0040,6930,0
5639-40744-0040,7021,0
5639-40744-0040,7127,0
5639-40744-0040,7176,0
5639-40744-0040,7729,0
5639-40744-0040,8224,0
5639-40744-0040,8230,0
5639-40744-0040,8455,0
5639-40744-0040,908,0
5683-32865-0010,121,0
5683-32865-0010,1221,0
5683-32865-0010,1284,0
5683-32865-0010,1580,0
5683-32865-0010,1995,0
5683-32865-0010,2094,0
5683-32865-0010,237,0
5683-32865-0010,2961,0
5683-32865-0010,3570,0
5683-32865-0010,3575,0
5683-32865-0010,3729,0
5683-32865-0010,4446,0
5683-32865-0010,4507,0
5683-32865-0010,4970,0
5683-32865-0010,4992,0
5683-32865-0010,5142,0
5683-32865-0010,5683,1
5683-32865-0010,6829,0
5683-32865-0010,8463,0
5683-32865-0010,8555,0
5683-32866-0006,121,0
5683-32866-0006,1221,0
5683-32866-0006,1284,0
5683-32866-0006,1580,0
5683-32866-0006,1995,0
5683-32866-0006,2094,0
5683-32866-0006,237,0
5683-32866-0006,2961,0
5683-32866-0006,3570,0
5683-32866-0006,3575,0
5683-32866-0006,3729,0
5683-32866-0006,4446,0
5683-32866-0006,4507,0
5683-32866-0006,4970,0
5683-32866-0006,4992,0
5683-32866-0006,5142,0
5683-32866-0006,5683,1
5683-32866-0006,6829,0
5683-32866-0006,8463,0
5683-32866-0006,8555,0
5683-32866-0012,121,0
5683-32866-0012,1221,0
5683-32866-0012,1284,0
5683-32866-0012,1580,0
5683-32866-0012,1995,0
5683-32866-0012,2094,0
5683-32866-0012,237,0
5683-32866-0012,2961,0
5683-32866-0012,3570,0
5683-32866-0012,3575,0
5683-32866-0012,3729,0
5683-32866-0012,4446,0
5683-32866-0012,4507,0
5683-32866-0012,4970,0
5683-32866-0012,4992,0
5683-32866-0012,5142,0
5683-32866-0012,5683,1
5683-32866-0012,6829,0
5683-32866-0012,8463,0
5683-32866-0012,8555,0
5683-32866-0016,121,0
5683-32866-0016,1221,0
5683-32866-0016,1284,0
5683-32866-0016,1580,0
5683-32866-0016,1995,0
5683-32866-0016,2094,0
5683-32866-0016,237,0
5683-32866-0016,2961,0
5683-32866-0016,3570,0
5683-32866-0016,3575,0
5683-32866-0016,3729,0
5683-32866-0016,4446,0
5683-32866-0016,4507,0
5683-32866-0016,4970,0
5683-32866-0016,4992,0
5683-32866-0016,5142,0
5683-32866-0016,5683,1
5683-32866-0016,6829,0
5683-32866-0016,8463,0
5683-32866-0016,8555,0
5683-32866-0024,121,0
5683-32866-0024,1221,0
5683-32866-0024,1284,0
5683-32866-0024,1580,0
5683-32866-0024,1995,0
5683-32866-0024,2094,0
5683-32866-0024,237,0
5683-32866-0024,2961,0
5683-32866-0024,3570,0
5683-32866-0024,3575,0
5683-32866-0024,3729,0
5683-32866-0024,4446,0
5683-32866-0024,4507,0
5683-32866-0024,4970,0
5683-32866-0024,4992,0
5683-32866-0024,5142,0
5683-32866-0024,5683,1
5683-32866-0024,6829,0
5683-32866-0024,8463,0
5683-32866-0024,8555,0
5683-32879-0004,121,0
5683-32879-0004,1221,0
5683-32879-0004,1284,0
5683-32879-0004,1580,0
5683-32879-0004,1995,0
5683-32879-0004,2094,0
5683-32879-0004,237,0
5683-32879-0004,2961,0
5683-32879-0004,3570,0
5683-32879-0004,3575,0
5683-32879-0004,3729,0
5683-32879-0004,4446,0
5683-32879-0004,4507,0
5683-32879-0004,4970,0
5683-32879-0004,4992,0
5683-32879-0004,5142,0
5683-32879-0004,5683,1
5683-32879-0004,6829,0
5683-32879-0004,8463,0
5683-32879-0004,8555,0
5683-32879-0006,121,0
5683-32879-0006,1221,0
5683-32879-0006,1284,0
5683-32879-0006,1580,0
5683-32879-0006,1995,0
5683-32879-0006,2094,0
5683-32879-0006,237,0
5683-32879-0006,2961,0
5683-32879-0006,3570,0
5683-32879-0006,3575,0
5683-32879-0006,3729,0
5683-32879-0006,4446,0
5683-32879-0006,4507,0
5683-32879-0006,4970,0
5683-32879-0006,4992,0
5683-32879-0006,5142,0
5683-32879-0006,5683,1
5683-32879-0006,6829,0
5683-32879-0006,8463,0
5683-32879-0006,8555,0
5683-32879-0007,121,0
5683-32879-0007,1221,0
5683-32879-0007,1284,0
5683-32879-0007,1580,0
5683-32879-0007,1995,0
5683-32879-0007,2094,0
5683-32879-0007,237,0
5683-32879-0007,2961,0
5683-32879-0007,3570,0
5683-32879-0007,3575,0
5683-32879-0007,3729,0
5683-32879-0007,4446,0
5683-32879-0007,4507,0
5683-32879-0007,4970,0
5683-32879-0007,4992,0
5683-32879-0007,5142,0
5683-32879-0007,5683,1
5683-32879-0007,6829,0
5683-32879-0007,8463,0
5683-32879-0007,8555,0
5683-32879-0012,121,0
5683-32879-0012,1221,0
5683-32879-0012,1284,0
5683-32879-0012,1580,0
5683-32879-0012,1995,0
5683-32879-0012,2094,0
5683-32879-0012,237,0
5683-32879-0012,2961,0
5683-32879-0012,3570,0
5683-32879-0012,3575,0
5683-32879-0012,3729,0
5683-32879-0012,4446,0
5683-32879-0012,4507,0
5683-32879-0012,4970,0
5683-32879-0012,4992,0
5683-32879-0012,5142,0
5683-32879-0012,5683,1
5683-32879-0012,6829,0
5683-32879-0012,8463,0
5683-32879-0012,8555,0
5683-32879-0013,121,0
5683-32879-0013,1221,0
5683-32879-0013,1284,0
5683-32879-0013,1580,0
5683-32879-0013,1995,0
5683-32879-0013,2094,0
5683-32879-0013,237,0
5683-32879-0013,2961,0
5683-32879-0013,3570,0
5683-32879-0013,3575,0
5683-32879-0013,3729,0
5683-32879-0013,4446,0
5683-32879-0013,4507,0
5683-32879-0013,4970,0
5683-32879-0013,4992,0
5683-32879-0013,5142,0
5683-32879-0013,5683,1
5683-32879-0013,6829,0
5683-32879-0013,8463,0
5683-32879-0013,8555,0
61-70968-0017,1089,0
61-70968-0017,1188,0
61-70968-0017,1320,0
61-70968-0017,2300,0
61-70968-0017,260,0
61-70968-0017,2830,0
61-70968-0017,4077,0
61-70968-0017,5105,0
61-70968-0017,5639,0
61-70968-0017,61,1
61-70968-0017,672,0
61-70968-0017,6930,0
61-70968-0017,7021,0
61-70968-0017,7127,0
61-70968-0017,7176,0
61-70968-0017,7729,0
61-70968-0017,8224,0
61-70968-0017,8230,0
61-70968-0017,8455,0
61-70968-0017,908,0
61-70968-0020,1089,0
61-70968-0020,1188,0
61-70968-0020,1320,0
61-70968-0020,2300,0
61-70968-0020,260,0
61-70968-0020,2830,0
61-70968-0020,4077,0
61-70968-0020,5105,0
61-70968-0020,5639,0
61-70968-0020,61,1
61-70968-0020,672,0
61-70968-0020,6930,0
61-70968-0020,7021,0
61-70968-0020,7127,0
61-70968-0020,7176,0
61-70968-0020,7729,0
61-70968-0020,8224,0
61-70968-0020,8230,0
61-70968-0020,8455,0
61-70968-0020,908,0
61-70968-0023,1089,0
61-70968-0023,1188,0
61-70968-0023,1320,0
61-70968-0023,2300,0
61-70968-0023,260,0
61-70968-0023,2830,0
61-70968-0023,4077,0
61-70968-0023,5105,0
61-70968-0023,5639,0
61-70968-0023,61,1
61-70968-0023,672,0
61-70968-0023,6930,0
61-70968-0023,7021,0
61-70968-0023,7127,0
61-70968-0023,7176,0
61-70968-0023,7729,0
61-70968-0023,8224,0
61-70968-0023,8230,0
61-70968-0023,8455,0
61-70968-0023,908,0
61-70968-0030,1089,0
61-70968-0030,1188,0
61-70968-0030,1320,0
61-70968-0030,2300,0
61-70968-0030,260,0
61-70968-0030,2830,0
61-70968-0030,4077,0
61-70968-0030,5105,0
61-70968-0030,5639,0
61-70968-0030,61,1
61-70968-0030,672,0
61-70968-0030,6930,0
61-70968-0030,7021,0
61-70968-0030,7127,0
61-70968-0030,7176,0
61-70968-0030,7729,0
61-70968-0030,8224,0
61-70968-0030,8230,0
61-70968-0030,8455,0
61-70968-0030,908,0
61-70968-0041,1089,0
61-70968-0041,1188,0
61-70968-0041,1320,0
61-70968-0041,2300,0
61-70968-0041,260,0
61-70968-0041,2830,0
61-70968-0041,4077,0
61-70968-0041,5105,0
61-70968-0041,5639,0
61-70968-0041,61,1
61-70968-0041,672,0
61-70968-0041,6930,0
61-70968-0041,7021,0
61-70968-0041,7127,0
61-70968-0041,7176,0
61-70968-0041,7729,0
61-70968-0041,8224,0
61-70968-0041,8230,0
61-70968-0041,8455,0
61-70968-0041,908,0
61-70968-0043,1089,0
61-70968-0043,1188,0
61-70968-0043,1320,0
61-70968-0043,2300,0
61-70968-0043,260,0
61-70968-0043,2830,0
61-70968-0043,4077,0
61-70968-0043,5105,0
61-70968-0043,5639,0
61-70968-0043,61,1
61-70968-0043,672,0
61-70968-0043,6930,0
61-70968-0043,7021,0
61-70968-0043,7127,0
61-70968-0043,7176,0
61-70968-0043,7729,0
61-70968-0043,8224,0
61-70968-0043,8230,0
61-70968-0043,8455,0
61-70968-0043,908,0
61-70968-0050,1089,0
61-70968-0050,1188,0
61-70968-0050,1320,0
61-70968-0050,2300,0
61-70968-0050,260,0
61-70968-0050,2830,0
61-70968-0050,4077,0
61-70968-0050,5105,0
61-70968-0050,5639,0
61-70968-0050,61,1
61-70968-0050,672,0
61-70968-0050,6930,0
61-70968-0050,7021,0
61-70968-0050,7127,0
61-70968-0050,7176,0
61-70968-0050,7729,0
61-70968-0050,8224,0
61-70968-0050,8230,0
61-70968-0050,8455,0
61-70968-0050,908,0
61-70968-0057,1089,0
61-70968-0057,1188,0
61-70968-0057,1320,0
61-70968-0057,2300,0
61-70968-0057,260,0
61-70968-0057,2830,0
61-70968-0057,4077,0
61-70968-0057,5105,0
61-70968-0057,5639,0
61-70968-0057,61,1
61-70968-0057,672,0
61-70968-0057,6930,0
61-70968-0057,7021,0
61-70968-0057,7127,0
61-70968-0057,7176,0
61-70968-0057,7729,0
61-70968-0057,8224,0
61-70968-0057,8230,0
61-70968-0057,8455,0
61-70968-0057,908,0
61-70970-0000,1089,0
61-70970-0000,1188,0
61-70970-0000,1320,0
61-70970-0000,2300,0
61-70970-0000,260,0
61-70970-0000,2830,0
61-70970-0000,4077,0
61-70970-0000,5105,0
61-70970-0000,5639,0
61-70970-0000,61,1
61-70970-0000,672,0
61-70970-0000,6930,0
61-70970-0000,7021,0
61-70970-0000,7127,0
61-70970-0000,7176,0
61-70970-0000,7729,0
61-70970-0000,8224,0
61-70970-0000,8230,0
61-70970-0000,8455,0
61-70970-0000,908,0
61-70970-0011,1089,0
61-70970-0011,1188,0
61-70970-0011,1320,0
61-70970-0011,2300,0
61-70970-0011,260,0
61-70970-0011,2830,0
61-70970-0011,4077,0
61-70970-0011,5105,0
61-70970-0011,5639,0
61-70970-0011,61,1
61-70970-0011,672,0
61-70970-0011,6930,0
61-70970-0011,7021,0
61-70970-0011,7127,0
61-70970-0011,7176,0
61-70970-0011,7729,0
61-70970-0011,8224,0
61-70970-0011,8230,0
61-70970-0011,8455,0
61-70970-0011,908,0
672-122797-0003,1089,0
672-122797-0003,1188,0
672-122797-0003,1320,0
672-122797-0003,2300,0
672-122797-0003,260,0
672-122797-0003,2830,0
672-122797-0003,4077,0
672-122797-0003,5105,0
672-122797-0003,5639,0
672-122797-0003,61,0
672-122797-0003,672,1
672-122797-0003,6930,0
672-122797-0003,7021,0
672-122797-0003,7127,0
672-122797-0003,7176,0
672-122797-0003,7729,0
672-122797-0003,8224,0
672-122797-0003,8230,0
672-122797-0003,8455,0
672-122797-0003,908,0
672-122797-0019,1089,0
672-122797-0019,1188,0
672-122797-0019,1320,0
672-122797-0019,2300,0
672-122797-0019,260,0
672-122797-0019,2830,0
672-122797-0019,4077,0
672-122797-0019,5105,0
672-122797-0019,5639,0
672-122797-0019,61,0
672-122797-0019,672,1
672-122797-0019,6930,0
672-122797-0019,7021,0
672-122797-0019,7127,0
672-122797-0019,7176,0
672-122797-0019,7729,0
672-122797-0019,8224,0
672-122797-0019,8230,0
672-122797-0019,8455,0
672-122797-0019,908,0
672-122797-0052,1089,0
672-122797-0052,1188,0
672-122797-0052,1320,0
672-122797-0052,2300,0
672-122797-0052,260,0
672-122797-0052,2830,0
672-122797-0052,4077,0
672-122797-0052,5105,0
672-122797-0052,5639,0
672-122797-0052,61,0
672-122797-0052,672,1
672-122797-0052,6930,0
672-122797-0052,7021,0
672-122797-0052,7127,0
672-122797-0052,7176,0
672-122797-0052,7729,0
672-122797-0052,8224,0
672-122797-0052,8230,0
672-122797-0052,8455,0
672-122797-0052,908,0
672-122797-0054,1089,0
672-122797-0054,1188,0
672-122797-0054,1320,0
672-122797-0054,2300,0
672-122797-0054,260,0
672-122797-0054,2830,0
672-122797-0054,4077,0
672-122797-0054,5105,0
672-122797-0054,5639,0
672-122797-0054,61,0
672-122797-0054,672,1
672-122797-0054,6930,0
672-122797-0054,7021,0
672-122797-0054,7127,0
672-122797-0054,7176,0
672-122797-0054,7729,0
672-122797-0054,8224,0
672-122797-0054,8230,0
672-122797-0054,8455,0
672-122797-0054,908,0
672-122797-0055,1089,0
672-122797-0055,1188,0
672-122797-0055,1320,0
672-122797-0055,2300,0
672-122797-0055,260,0
672-122797-0055,2830,0
672-122797-0055,4077,0
672-122797-0055,5105,0
672-122797-0055,5639,0
672-122797-0055,61,0
672-122797-0055,672,1
672-122797-0055,6930,0
672-122797-0055,7021,0
672-122797-0055,7127,0
672-122797-0055,7176,0
672-122797-0055,7729,0
672-122797-0055,8224,0
672-122797-0055,8230,0
672-122797-0055,8455,0
672-122797-0055,908,0
672-122797-0058,1089,0
672-122797-0058,1188,0
672-122797-0058,1320,0
672-122797-0058,2300,0
672-122797-0058,260,0
672-122797-0058,2830,0
672-122797-0058,4077,0
672-122797-0058,5105,0
672-122797-0058,5639,0
672-122797-0058,61,0
672-122797-0058,672,1
672-122797-0058,6930,0
672-122797-0058,7021,0
672-122797-0058,7127,0
672-122797-0058,7176,0
672-122797-0058,7729,0
672-122797-0058,8224,0
672-122797-0058,8230,0
672-122797-0058,8455,0
672-122797-0058,908,0
672-122797-0061,1089,0
672-122797-0061,1188,0
672-122797-0061,1320,0
672-122797-0061,2300,0
672-122797-0061,260,0
672-122797-0061,2830,0
672-122797-0061,4077,0
672-122797-0061,5105,0
672-122797-0061,5639,0
672-122797-0061,61,0
672-122797-0061,672,1
672-122797-0061,6930,0
672-122797-0061,7021,0
672-122797-0061,7127,0
672-122797-0061,7176,0
672-122797-0061,7729,0
672-122797-0061,8224,0
672-122797-0061,8230,0
672-122797-0061,8455,0
672-122797-0061,908,0
672-122797-0070,1089,0
672-122797-0070,1188,0
672-122797-0070,1320,0
672-122797-0070,2300,0
672-122797-0070,260,0
672-122797-0070,2830,0
672-122797-0070,4077,0
672-122797-0070,5105,0
672-122797-0070,5639,0
672-122797-0070,61,0
672-122797-0070,672,1
672-122797-0070,6930,0
672-122797-0070,7021,0
672-122797-0070,7127,0
672-122797-0070,7176,0
672-122797-0070,7729,0
672-122797-0070,8224,0
672-122797-0070,8230,0
672-122797-0070,8455,0
672-122797-0070,908,0
672-122797-0072,1089,0
672-122797-0072,1188,0
672-122797-0072,1320,0
672-122797-0072,2300,0
672-122797-0072,260,0
672-122797-0072,2830,0
672-122797-0072,4077,0
672-122797-0072,5105,0
672-122797-0072,5639,0
672-122797-0072,61,0
672-122797-0072,672,1
672-122797-0072,6930,0
672-122797-0072,7021,0
672-122797-0072,7127,0
672-122797-0072,7176,0
672-122797-0072,7729,0
672-122797-0072,8224,0
672-122797-0072,8230,0
672-122797-0072,8455,0
672-122797-0072,908,0
672-122797-0073,1089,0
672-122797-0073,1188,0
672-122797-0073,1320,0
672-122797-0073,2300,0
672-122797-0073,260,0
672-122797-0073,2830,0
672-122797-0073,4077,0
672-122797-0073,5105,0
672-122797-0073,5639,0
672-122797-0073,61,0
672-122797-0073,672,1
672-122797-0073,6930,0
672-122797-0073,7021,0
672-122797-0073,7127,0
672-122797-0073,7176,0
672-122797-0073,7729,0
672-122797-0073,8224,0
672-122797-0073,8230,0
672-122797-0073,8455,0
672-122797-0073,908,0
6829-68769-0006,121,0
6829-68769-0006,1221,0
6829-68769-0006,1284,0
6829-68769-0006,1580,0
6829-68769-0006,1995,0
6829-68769-0006,2094,0
6829-68769-0006,237,0
6829-68769-0006,2961,0
6829-68769-0006,3570,0
6829-68769-0006,3575,0
6829-68769-0006,3729,0
6829-68769-0006,4446,0
6829-68769-0006,4507,0
6829-68769-0006,4970,0
6829-68769-0006,4992,0
6829-68769-0006,5142,0
6829-68769-0006,5683,0
6829-68769-0006,6829,1
6829-68769-0006,8463,0
6829-68769-0006,8555,0
6829-68769-0039,121,0
6829-68769-0039,1221,0
6829-68769-0039,1284,0
6829-68769-0039,1580,0
6829-68769-0039,1995,0
6829-68769-0039,2094,0
6829-68769-0039,237,0
6829-68769-0039,2961,0
6829-68769-0039,3570,0
6829-68769-0039,3575,0
6829-68769-0039,3729,0
6829-68769-0039,4446,0
6829-68769-0039,4507,0
6829-68769-0039,4970,0
6829-68769-0039,4992,0
6829-68769-0039,5142,0
6829-68769-0039,5683,0
6829-68769-0039,6829,1
6829-68769-0039,8463,0
6829-68769-0039,8555,0
6829-68769-0049,121,0
6829-68769-0049,1221,0
6829-68769-0049,1284,0
6829-68769-0049,1580,0
6829-68769-0049,1995,0
6829-68769-0049,2094,0
6829-68769-0049,237,0
6829-68769-0049,2961,0
6829-68769-0049,3570,0
6829-68769-0049,3575,0
6829-68769-0049,3729,0
6829-68769-0049,4446,0
6829-68769-0049,4507,0
6829-68769-0049,4970,0
6829-68769-0049,4992,0
6829-68769-0049,5142,0
6829-68769-0049,5683,0
6829-68769-0049,6829,1
6829-68769-0049,8463,0
6829-68769-0049,8555,0
6829-68771-0005,121,0
6829-68771-0005,1221,0
6829-68771-0005,1284,0
6829-68771-0005,1580,0
6829-68771-0005,1995,0
6829-68771-0005,2094,0
6829-68771-0005,237,0
6829-68771-0005,2961,0
6829-68771-0005,3570,0
6829-68771-0005,3575,0
6829-68771-0005,3729,0
6829-68771-0005,4446,0
6829-68771-0005,4507,0
6829-68771-0005,4970,0
6829-68771-0005,4992,0
6829-68771-0005,5142,0
6829-68771-0005,5683,0
6829-68771-0005,6829,1
6829-68771-0005,8463,0
6829-68771-0005,8555,0
6829-68771-0011,121,0
6829-68771-0011,1221,0
6829-68771-0011,1284,0
6829-68771-0011,1580,0
6829-68771-0011,1995,0
6829-68771-0011,2094,0
6829-68771-0011,237,0
6829-68771-0011,2961,0
6829-68771-0011,3570,0
6829-68771-0011,3575,0
6829-68771-0011,3729,0
6829-68771-0011,4446,0
6829-68771-0011,4507,0
6829-68771-0011,4970,0
6829-68771-0011,4992,0
6829-68771-0011,5142,0
6829-68771-0011,5683,0
6829-68771-0011,6829,1
6829-68771-0011,8463,0
6829-68771-0011,8555,0
6829-68771-0014,121,0
6829-68771-0014,1221,0
6829-68771-0014,1284,0
6829-68771-0014,1580,0
6829-68771-0014,1995,0
6829-68771-0014,2094,0
6829-68771-0014,237,0
6829-68771-0014,2961,0
6829-68771-0014,3570,0
6829-68771-0014,3575,0
6829-68771-0014,3729,0
6829-68771-0014,4446,0
6829-68771-0014,4507,0
6829-68771-0014,4970,0
6829-68771-0014,4992,0
6829-68771-0014,5142,0
6829-68771-0014,5683,0
6829-68771-0014,6829,1
6829-68771-0014,8463,0
6829-68771-0014,8555,0
6829-68771-0019,121,0
6829-68771-0019,1221,0
6829-68771-0019,1284,0
6829-68771-0019,1580,0
6829-68771-0019,1995,0
6829-68771-0019,2094,0
6829-68771-0019,237,0
6829-68771-0019,2961,0
6829-68771-0019,3570,0
6829-68771-0019,3575,0
6829-68771-0019,3729,0
6829-68771-0019,4446,0
6829-68771-0019,4507,0
6829-68771-0019,4970,0
6829-68771-0019,4992,0
6829-68771-0019,5142,0
6829-68771-0019,5683,0
6829-68771-0019,6829,1
6829-68771-0019,8463,0
6829-68771-0019,8555,0
6829-68771-0023,121,0
6829-68771-0023,1221,0
6829-68771-0023,1284,0
6829-68771-0023,1580,0
6829-68771-0023,1995,0
6829-68771-0023,2094,0
6829-68771-0023,237,0
6829-68771-0023,2961,0
6829-68771-0023,3570,0
6829-68771-0023,3575,0
6829-68771-0023,3729,0
6829-68771-0023,4446,0
6829-68771-0023,4507,0
6829-68771-0023,4970,0
6829-68771-0023,4992,0
6829-68771-0023,5142,0
6829-68771-0023,5683,0
6829-68771-0023,6829,1
6829-68771-0023,8463,0
6829-68771-0023,8555,0
6829-68771-0025,121,0
6829-68771-0025,1221,0
6829-68771-0025,1284,0
6829-68771-0025,1580,0
6829-68771-0025,1995,0
6829-68771-0025,2094,0
6829-68771-0025,237,0
6829-68771-0025,2961,0
6829-68771-0025,3570,0
6829-68771-0025,3575,0
6829-68771-0025,3729,0
6829-68771-0025,4446,0
6829-68771-0025,4507,0
6829-68771-0025,4970,0
6829-68771-0025,4992,0
6829-68771-0025,5142,0
6829-68771-0025,5683,0
6829-68771-0025,6829,1
6829-68771-0025,8463,0
6829-68771-0025,8555,0
6829-68771-0035,121,0
6829-68771-0035,1221,0
6829-68771-0035,1284,0
6829-68771-0035,1580,0
6829-68771-0035,1995,0
6829-68771-0035,2094,0
6829-68771-0035,237,0
6829-68771-0035,2961,0
6829-68771-0035,3570,0
6829-68771-0035,3575,0
6829-68771-0035,3729,0
6829-68771-0035,4446,0
6829-68771-0035,4507,0
6829-68771-0035,4970,0
6829-68771-0035,4992,0
6829-68771-0035,5142,0
6829-68771-0035,5683,0
6829-68771-0035,6829,1
6829-68771-0035,8463,0
6829-68771-0035,8555,0
6930-75918-0009,1089,0
6930-75918-0009,1188,0
6930-75918-0009,1320,0
6930-75918-0009,2300,0
6930-75918-0009,260,0
6930-75918-0009,2830,0
6930-75918-0009,4077,0
6930-75918-0009,5105,0
6930-75918-0009,5639,0
6930-75918-0009,61,0
6930-75918-0009,672,0
6930-75918-0009,6930,1
6930-75918-0009,7021,0
6930-75918-0009,7127,0
6930-75918-0009,7176,0
6930-75918-0009,7729,0
6930-75918-0009,8224,0
6930-75918-0009,8230,0
6930-75918-0009,8455,0
6930-75918-0009,908,0
6930-75918-0015,1089,0
6930-75918-0015,1188,0
6930-75918-0015,1320,0
6930-75918-0015,2300,0
6930-75918-0015,260,0
6930-75918-0015,2830,0
6930-75918-0015,4077,0
6930-75918-0015,5105,0
6930-75918-0015,5639,0
6930-75918-0015,61,0
6930-75918-0015,672,0
6930-75918-0015,6930,1
6930-75918-0015,7021,0
6930-75918-0015,7127,0
6930-75918-0015,7176,0
6930-75918-0015,7729,0
6930-75918-0015,8224,0
6930-75918-0015,8230,0
6930-75918-0015,8455,0
6930-75918-0015,908,0
6930-75918-0018,1089,0
6930-75918-0018,1188,0
6930-75918-0018,1320,0
6930-75918-0018,2300,0
6930-75918-0018,260,0
6930-75918-0018,2830,0
6930-75918-0018,4077,0
6930-75918-0018,5105,0
6930-75918-0018,5639,0
6930-75918-0018,61,0
6930-75918-0018,672,0
6930-75918-0018,6930,1
6930-75918-0018,7021,0
6930-75918-0018,7127,0
6930-75918-0018,7176,0
6930-75918-0018,7729,0
6930-75918-0018,8224,0
6930-75918-0018,8230,0
6930-75918-0018,8455,0
6930-75918-0018,908,0
6930-75918-0019,1089,0
6930-75918-0019,1188,0
6930-75918-0019,1320,0
6930-75918-0019,2300,0
6930-75918-0019,260,0
6930-75918-0019,2830,0
6930-75918-0019,4077,0
6930-75918-0019,5105,0
6930-75918-0019,5639,0
6930-75918-0019,61,0
6930-75918-0019,672,0
6930-75918-0019,6930,1
6930-75918-0019,7021,0
6930-75918-0019,7127,0
6930-75918-0019,7176,0
6930-75918-0019,7729,0
6930-75918-0019,8224,0
6930-75918-0019,8230,0
6930-75918-0019,8455,0
6930-75918-0019,908,0
6930-76324-0008,1089,0
6930-76324-0008,1188,0
6930-76324-0008,1320,0
6930-76324-0008,2300,0
6930-76324-0008,260,0
6930-76324-0008,2830,0
6930-76324-0008,4077,0
6930-76324-0008,5105,0
6930-76324-0008,5639,0
6930-76324-0008,61,0
6930-76324-0008,672,0
6930-76324-0008,6930,1
6930-76324-0008,7021,0
6930-76324-0008,7127,0
6930-76324-0008,7176,0
6930-76324-0008,7729,0
6930-76324-0008,8224,0
6930-76324-0008,8230,0
6930-76324-0008,8455,0
6930-76324-0008,908,0
6930-76324-0011,1089,0
6930-76324-0011,1188,0
6930-76324-0011,1320,0
6930-76324-0011,2300,0
6930-76324-0011,260,0
6930-76324-0011,2830,0
6930-76324-0011,4077,0
6930-76324-0011,5105,0
6930-76324-0011,5639,0
6930-76324-0011,61,0
6930-76324-0011,672,0
6930-76324-0011,6930,1
6930-76324-0011,7021,0
6930-76324-0011,7127,0
6930-76324-0011,7176,0
6930-76324-0011,7729,0
6930-76324-0011,8224,0
6930-76324-0011,8230,0
6930-76324-0011,8455,0
6930-76324-0011,908,0
6930-76324-0025,1089,0
6930-76324-0025,1188,0
6930-76324-0025,1320,0
6930-76324-0025,2300,0
6930-76324-0025,260,0
6930-76324-0025,2830,0
6930-76324-0025,4077,0
6930-76324-0025,5105,0
6930-76324-0025,5639,0
6930-76324-0025,61,0
6930-76324-0025,672,0
6930-76324-0025,6930,1
6930-76324-0025,7021,0
6930-76324-0025,7127,0
6930-76324-0025,7176,0
6930-76324-0025,7729,0
6930-76324-0025,8224,0
6930-76324-0025,8230,0
6930-76324-0025,8455,0
6930-76324-0025,908,0
6930-76324-0028,1089,0
6930-76324-0028,1188,0
6930-76324-0028,1320,0
6930-76324-0028,2300,0
6930-76324-0028,260,0
6930-76324-0028,2830,0
6930-76324-0028,4077,0
6930-76324-0028,5105,0
6930-76324-0028,5639,0
6930-76324-0028,61,0
6930-76324-0028,672,0
6930-76324-0028,6930,1
6930-76324-0028,7021,0
6930-76324-0028,7127,0
6930-76324-0028,7176,0
6930-76324-0028,7729,0
6930-76324-0028,8224,0
6930-76324-0028,8230,0
6930-76324-0028,8455,0
6930-76324-0028,908,0
6930-81414-0011,1089,0
6930-81414-0011,1188,0
6930-81414-0011,1320,0
6930-81414-0011,2300,0
6930-81414-0011,260,0
6930-81414-0011,2830,0
6930-81414-0011,4077,0
6930-81414-0011,5105,0
6930-81414-0011,5639,0
6930-81414-0011,61,0
6930-81414-0011,672,0
6930-81414-0011,6930,1
6930-81414-0011,7021,0
6930-81414-0011,7127,0
6930-81414-0011,7176,0
6930-81414-0011,7729,0
6930-81414-0011,8224,0
6930-81414-0011,8230,0
6930-81414-0011,8455,0
6930-81414-0011,908,0
6930-81414-0023,1089,0
6930-81414-0023,1188,0
6930-81414-0023,1320,0
6930-81414-0023,2300,0
6930-81414-0023,260,0
6930-81414-0023,2830,0
6930-81414-0023,4077,0
6930-81414-0023,5105,0
6930-81414-0023,5639,0
6930-81414-0023,61,0
6930-81414-0023,672,0
6930-81414-0023,6930,1
6930-81414-0023,7021,0
6930-81414-0023,7127,0
6930-81414-0023,7176,0
6930-81414-0023,7729,0
6930-81414-0023,8224,0
6930-81414-0023,8230,0
6930-81414-0023,8455,0
6930-81414-0023,908,0
7021-79730-0006,1089,0
7021-79730-0006,1188,0
7021-79730-0006,1320,0
7021-79730-0006,2300,0
7021-79730-0006,260,0
7021-79730-0006,2830,0
7021-79730-0006,4077,0
7021-79730-0006,5105,0
7021-79730-0006,5639,0
7021-79730-0006,61,0
7021-79730-0006,672,0
7021-79730-0006,6930,0
7021-79730-0006,7021,1
7021-79730-0006,7127,0
7021-79730-0006,7176,0
7021-79730-0006,7729,0
7021-79730-0006,8224,0
7021-79730-0006,8230,0
7021-79730-0006,8455,0
7021-79730-0006,908,0
7021-79730-0009,1089,0
7021-79730-0009,1188,0
7021-79730-0009,1320,0
7021-79730-0009,2300,0
7021-79730-0009,260,0
7021-79730-0009,2830,0
7021-79730-0009,4077,0
7021-79730-0009,5105,0
7021-79730-0009,5639,0
7021-79730-0009,61,0
7021-79730-0009,672,0
7021-79730-0009,6930,0
7021-79730-0009,7021,1
7021-79730-0009,7127,0
7021-79730-0009,7176,0
7021-79730-0009,7729,0
7021-79730-0009,8224,0
7021-79730-0009,8230,0
7021-79730-0009,8455,0
7021-79730-0009,908,0
7021-79740-0001,1089,0
7021-79740-0001,1188,0
7021-79740-0001,1320,0
7021-79740-0001,2300,0
7021-79740-0001,260,0
7021-79740-0001,2830,0
7021-79740-0001,4077,0
7021-79740-0001,5105,0
7021-79740-0001,5639,0
7021-79740-0001,61,0
7021-79740-0001,672,0
7021-79740-0001,6930,0
7021-79740-0001,7021,1
7021-79740-0001,7127,0
7021-79740-0001,7176,0
7021-79740-0001,7729,0
7021-79740-0001,8224,0
7021-79740-0001,8230,0
7021-79740-0001,8455,0
7021-79740-0001,908,0
7021-79740-0002,1089,0
7021-79740-0002,1188,0
7021-79740-0002,1320,0
7021-79740-0002,2300,0
7021-79740-0002,260,0
7021-79740-0002,2830,0
7021-79740-0002,4077,0
7021-79740-0002,5105,0
7021-79740-0002,5639,0
7021-79740-0002,61,0
7021-79740-0002,672,0
7021-79740-0002,6930,0
7021-79740-0002,7021,1
7021-79740-0002,7127,0
7021-79740-0002,7176,0
7021-79740-0002,7729,0
7021-79740-0002,8224,0
7021-79740-0002,8230,0
7021-79740-0002,8455,0
7021-79740-0002,908,0
7021-79740-0003,1089,0
7021-79740-0003,1188,0
7021-79740-0003,1320,0
7021-79740-0003,2300,0
7021-79740-0003,260,0
7021-79740-0003,2830,0
7021-79740-0003,4077,0
7021-79740-0003,5105,0
7021-79740-0003,5639,0
7021-79740-0003,61,0
7021-79740-0003,672,0
7021-79740-0003,6930,0
7021-79740-0003,7021,1
7021-79740-0003,7127,0
7021-79740-0003,7176,0
7021-79740-0003,7729,0
7021-79740-0003,8224,0
7021-79740-0003,8230,0
7021-79740-0003,8455,0
7021-79740-0003,908,0
7021-79740-0004,1089,0
7021-79740-0004,1188,0
7021-79740-0004,1320,0
7021-79740-0004,2300,0
7021-79740-0004,260,0
7021-79740-0004,2830,0
7021-79740-0004,4077,0
7021-79740-0004,5105,0
7021-79740-0004,5639,0
7021-79740-0004,61,0
7021-79740-0004,672,0
7021-79740-0004,6930,0
7021-79740-0004,7021,1
7021-79740-0004,7127,0
7021-79740-0004,7176,0
7021-79740-0004,7729,0
7021-79740-0004,8224,0
7021-79740-0004,8230,0
7021-79740-0004,8455,0
7021-79740-0004,908,0
7021-79759-0003,1089,0
7021-79759-0003,1188,0
7021-79759-0003,1320,0
7021-79759-0003,2300,0
7021-79759-0003,260,0
7021-79759-0003,2830,0
7021-79759-0003,4077,0
7021-79759-0003,5105,0
7021-79759-0003,5639,0
7021-79759-0003,61,0
7021-79759-0003,672,0
7021-79759-0003,6930,0
7021-79759-0003,7021,1
7021-79759-0003,7127,0
7021-79759-0003,7176,0
7021-79759-0003,7729,0
7021-79759-0003,8224,0
7021-79759-0003,8230,0
7021-79759-0003,8455,0
7021-79759-0003,908,0
7021-79759-0005,1089,0
7021-79759-0005,1188,0
7021-79759-0005,1320,0
7021-79759-0005,2300,0
7021-79759-0005,260,0
7021-79759-0005,2830,0
7021-79759-0005,4077,0
7021-79759-0005,5105,0
7021-79759-0005,5639,0
7021-79759-0005,61,0
7021-79759-0005,672,0
7021-79759-0005,6930,0
7021-79759-0005,7021,1
7021-79759-0005,7127,0
7021-79759-0005,7176,0
7021-79759-0005,7729,0
7021-79759-0005,8224,0
7021-79759-0005,8230,0
7021-79759-0005,8455,0
7021-79759-0005,908,0
7021-85628-0008,1089,0
7021-85628-0008,1188,0
7021-85628-0008,1320,0
7021-85628-0008,2300,0
7021-85628-0008,260,0
7021-85628-0008,2830,0
7021-85628-0008,4077,0
7021-85628-0008,5105,0
7021-85628-0008,5639,0
7021-85628-0008,61,0
7021-85628-0008,672,0
7021-85628-0008,6930,0
7021-85628-0008,7021,1
7021-85628-0008,7127,0
7021-85628-0008,7176,0
7021-85628-0008,7729,0
7021-85628-0008,8224,0
7021-85628-0008,8230,0
7021-85628-0008,8455,0
7021-85628-0008,908,0
7021-85628-0009,1089,0
7021-85628-0009,1188,0
7021-85628-0009,1320,0
7021-85628-0009,2300,0
7021-85628-0009,260,0
7021-85628-0009,2830,0
7021-85628-0009,4077,0
7021-85628-0009,5105,0
7021-85628-0009,5639,0
7021-85628-0009,61,0
7021-85628-0009,672,0
7021-85628-0009,6930,0
7021-85628-0009,7021,1
7021-85628-0009,7127,0
7021-85628-0009,7176,0
7021-85628-0009,7729,0
7021-85628-0009,8224,0
7021-85628-0009,8230,0
7021-85628-0009,8455,0
7021-85628-0009,908,0
7127-75946-0002,1089,0
7127-75946-0002,1188,0
7127-75946-0002,1320,0
7127-75946-0002,2300,0
7127-75946-0002,260,0
7127-75946-0002,2830,0
7127-75946-0002,4077,0
7127-75946-0002,5105,0
7127-75946-0002,5639,0
7127-75946-0002,61,0
7127-75946-0002,672,0
7127-75946-0002,6930,0
7127-75946-0002,7021,0
7127-75946-0002,7127,1
7127-75946-0002,7176,0
7127-75946-0002,7729,0
7127-75946-0002,8224,0
7127-75946-0002,8230,0
7127-75946-0002,8455,0
7127-75946-0002,908,0
7127-75946-0004,1089,0
7127-75946-0004,1188,0
7127-75946-0004,1320,0
7127-75946-0004,2300,0
7127-75946-0004,260,0
7127-75946-0004,2830,0
7127-75946-0004,4077,0
7127-75946-0004,5105,0
7127-75946-0004,5639,0
7127-75946-0004,61,0
7127-75946-0004,672,0
7127-75946-0004,6930,0
7127-75946-0004,7021,0
7127-75946-0004,7127,1
7127-75946-0004,7176,0
7127-75946-0004,7729,0
7127-75946-0004,8224,0
7127-75946-0004,8230,0
7127-75946-0004,8455,0
7127-75946-0004,908,0
7127-75946-0012,1089,0
7127-75946-0012,1188,0
7127-75946-0012,1320,0
7127-75946-0012,2300,0
7127-75946-0012,260,0
7127-75946-0012,2830,0
7127-75946-0012,4077,0
7127-75946-0012,5105,0
7127-75946-0012,5639,0
7127-75946-0012,61,0
7127-75946-0012,672,0
7127-75946-0012,6930,0
7127-75946-0012,7021,0
7127-75946-0012,7127,1
7127-75946-0012,7176,0
7127-75946-0012,7729,0
7127-75946-0012,8224,0
7127-75946-0012,8230,0
7127-75946-0012,8455,0
7127-75946-0012,908,0
7127-75946-0024,1089,0
7127-75946-0024,1188,0
7127-75946-0024,1320,0
7127-75946-0024,2300,0
7127-75946-0024,260,0
7127-75946-0024,2830,0
7127-75946-0024,4077,0
7127-75946-0024,5105,0
7127-75946-0024,5639,0
7127-75946-0024,61,0
7127-75946-0024,672,0
7127-75946-0024,6930,0
7127-75946-0024,7021,0
7127-75946-0024,7127,1
7127-75946-0024,7176,0
7127-75946-0024,7729,0
7127-75946-0024,8224,0
7127-75946-0024,8230,0
7127-75946-0024,8455,0
7127-75946-0024,908,0
7127-75947-0001,1089,0
7127-75947-0001,1188,0
7127-75947-0001,1320,0
7127-75947-0001,2300,0
7127-75947-0001,260,0
7127-75947-0001,2830,0
7127-75947-0001,4077,0
7127-75947-0001,5105,0
7127-75947-0001,5639,0
7127-75947-0001,61,0
7127-75947-0001,672,0
7127-75947-0001,6930,0
7127-75947-0001,7021,0
7127-75947-0001,7127,1
7127-75947-0001,7176,0
7127-75947-0001,7729,0
7127-75947-0001,8224,0
7127-75947-0001,8230,0
7127-75947-0001,8455,0
7127-75947-0001,908,0
7127-75947-0007,1089,0
7127-75947-0007,1188,0
7127-75947-0007,1320,0
7127-75947-0007,2300,0
7127-75947-0007,260,0
7127-75947-0007,2830,0
7127-75947-0007,4077,0
7127-75947-0007,5105,0
7127-75947-0007,5639,0
7127-75947-0007,61,0
7127-75947-0007,672,0
7127-75947-0007,6930,0
7127-75947-0007,7021,0
7127-75947-0007,7127,1
7127-75947-0007,7176,0
7127-75947-0007,7729,0
7127-75947-0007,8224,0
7127-75947-0007,8230,0
7127-75947-0007,8455,0
7127-75947-0007,908,0
7127-75947-0023,1089,0
7127-75947-0023,1188,0
7127-75947-0023,1320,0
7127-75947-0023,2300,0
7127-75947-0023,260,0
7127-75947-0023,2830,0
7127-75947-0023,4077,0
7127-75947-0023,5105,0
7127-75947-0023,5639,0
7127-75947-0023,61,0
7127-75947-0023,672,0
7127-75947-0023,6930,0
7127-75947-0023,7021,0
7127-75947-0023,7127,1
7127-75947-0023,7176,0
7127-75947-0023,7729,0
7127-75947-0023,8224,0
7127-75947-0023,8230,0
7127-75947-0023,8455,0
7127-75947-0023,908,0
7127-75947-0025,1089,0
7127-75947-0025,1188,0
7127-75947-0025,1320,0
7127-75947-0025,2300,0
7127-75947-0025,260,0
7127-75947-0025,2830,0
7127-75947-0025,4077,0
7127-75947-0025,5105,0
7127-75947-0025,5639,0
7127-75947-0025,61,0
7127-75947-0025,672,0
7127-75947-0025,6930,0
7127-75947-0025,7021,0
7127-75947-0025,7127,1
7127-75947-0025,7176,0
7127-75947-0025,7729,0
7127-75947-0025,8224,0
7127-75947-0025,8230,0
7127-75947-0025,8455,0
7127-75947-0025,908,0
7127-75947-0033,1089,0
7127-75947-0033,1188,0
7127-75947-0033,1320,0
7127-75947-0033,2300,0
7127-75947-0033,260,0
7127-75947-0033,2830,0
7127-75947-0033,4077,0
7127-75947-0033,5105,0
7127-75947-0033,5639,0
7127-75947-0033,61,0
7127-75947-0033,672,0
7127-75947-0033,6930,0
7127-75947-0033,7021,0
7127-75947-0033,7127,1
7127-75947-0033,7176,0
7127-75947-0033,7729,0
7127-75947-0033,8224,0
7127-75947-0033,8230,0
7127-75947-0033,8455,0
7127-75947-0033,908,0
7127-75947-0040,1089,0
7127-75947-0040,1188,0
7127-75947-0040,1320,0
7127-75947-0040,2300,0
7127-75947-0040,260,0
7127-75947-0040,2830,0
7127-75947-0040,4077,0
7127-75947-0040,5105,0
7127-75947-0040,5639,0
7127-75947-0040,61,0
7127-75947-0040,672,0
7127-75947-0040,6930,0
7127-75947-0040,7021,0
7127-75947-0040,7127,1
7127-75947-0040,7176,0
7127-75947-0040,7729,0
7127-75947-0040,8224,0
7127-75947-0040,8230,0
7127-75947-0040,8455,0
7127-75947-0040,908,0
7176-88083-0000,1089,0
7176-88083-0000,1188,0
7176-88083-0000,1320,0
7176-88083-0000,2300,0
7176-88083-0000,260,0
7176-88083-0000,2830,0
7176-88083-0000,4077,0
7176-88083-0000,5105,0
7176-88083-0000,5639,0
7176-88083-0000,61,0
7176-88083-0000,672,0
7176-88083-0000,6930,0
7176-88083-0000,7021,0
7176-88083-0000,7127,0
7176-88083-0000,7176,1
7176-88083-0000,7729,0
7176-88083-0000,8224,0
7176-88083-0000,8230,0
7176-88083-0000,8455,0
7176-88083-0000,908,0
7176-88083-0003,1089,0
7176-88083-0003,1188,0
7176-88083-0003,1320,0
7176-88083-0003,2300,0
7176-88083-0003,260,0
7176-88083-0003,2830,0
7176-88083-0003,4077,0
7176-88083-0003,5105,0
7176-88083-0003,5639,0
7176-88083-0003,61,0
7176-88083-0003,672,0
7176-88083-0003,6930,0
7176-88083-0003,7021,0
7176-88083-0003,7127,0
7176-88083-0003,7176,1
7176-88083-0003,7729,0
7176-88083-0003,8224,0
7176-88083-0003,8230,0
7176-88083-0003,8455,0
7176-88083-0003,908,0
7176-88083-0009,1089,0
7176-88083-0009,1188,0
7176-88083-0009,1320,0
7176-88083-0009,2300,0
7176-88083-0009,260,0
7176-88083-0009,2830,0
7176-88083-0009,4077,0
7176-88083-0009,5105,0
7176-88083-0009,5639,0
7176-88083-0009,61,0
7176-88083-0009,672,0
7176-88083-0009,6930,0
7176-88083-0009,7021,0
7176-88083-0009,7127,0
7176-88083-0009,7176,1
7176-88083-0009,7729,0
7176-88083-0009,8224,0
7176-88083-0009,8230,0
7176-88083-0009,8455,0
7176-88083-0009,908,0
7176-88083-0025,1089,0
7176-88083-0025,1188,0
7176-88083-0025,1320,0
7176-88083-0025,2300,0
7176-88083-0025,260,0
7176-88083-0025,2830,0
7176-88083-0025,4077,0
7176-88083-0025,5105,0
7176-88083-0025,5639,0
7176-88083-0025,61,0
7176-88083-0025,672,0
7176-88083-0025,6930,0
7176-88083-0025,7021,0
7176-88083-0025,7127,0
7176-88083-0025,7176,1
7176-88083-0025,7729,0
7176-88083-0025,8224,0
7176-88083-0025,8230,0
7176-88083-0025,8455,0
7176-88083-0025,908,0
7176-88083-0026,1089,0
7176-88083-0026,1188,0
7176-88083-0026,1320,0
7176-88083-0026,2300,0
7176-88083-0026,260,0
7176-88083-0026,2830,0
7176-88083-0026,4077,0
7176-88083-0026,5105,0
7176-88083-0026,5639,0
7176-88083-0026,61,0
7176-88083-0026,672,0
7176-88083-0026,6930,0
7176-88083-0026,7021,0
7176-88083-0026,7127,0
7176-88083-0026,7176,1
7176-88083-0026,7729,0
7176-88083-0026,8224,0
7176-88083-0026,8230,0
7176-88083-0026,8455,0
7176-88083-0026,908,0
7176-92135-0005,1089,0
7176-92135-0005,1188,0
7176-92135-0005,1320,0
7176-92135-0005,2300,0
7176-92135-0005,260,0
7176-92135-0005,2830,0
7176-92135-0005,4077,0
7176-92135-0005,5105,0
7176-92135-0005,5639,0
7176-92135-0005,61,0
7176-92135-0005,672,0
7176-92135-0005,6930,0
7176-92135-0005,7021,0
7176-92135-0005,7127,0
7176-92135-0005,7176,1
7176-92135-0005,7729,0
7176-92135-0005,8224,0
7176-92135-0005,8230,0
7176-92135-0005,8455,0
7176-92135-0005,908,0
7176-92135-0006,1089,0
7176-92135-0006,1188,0
7176-92135-0006,1320,0
7176-92135-0006,2300,0
7176-92135-0006,260,0
7176-92135-0006,2830,0
7176-92135-0006,4077,0
7176-92135-0006,5105,0
7176-92135-0006,5639,0
7176-92135-0006,61,0
7176-92135-0006,672,0
7176-92135-0006,6930,0
7176-92135-0006,7021,0
7176-92135-0006,7127,0
7176-92135-0006,7176,1
7176-92135-0006,7729,0
7176-92135-0006,8224,0
7176-92135-0006,8230,0
7176-92135-0006,8455,0
7176-92135-0006,908,0
7176-92135-0009,1089,0
7176-92135-0009,1188,0
7176-92135-0009,1320,0
7176-92135-0009,2300,0
7176-92135-0009,260,0
7176-92135-0009,2830,0
7176-92135-0009,4077,0
7176-92135-0009,5105,0
7176-92135-0009,5639,0
7176-92135-0009,61,0
7176-92135-0009,672,0
7176-92135-0009,6930,0
7176-92135-0009,7021,0
7176-92135-0009,7127,0
7176-92135-0009,7176,1
7176-92135-0009,7729,0
7176-92135-0009,8224,0
7176-92135-0009,8230,0
7176-92135-0009,8455,0
7176-92135-0009,908,0
7176-92135-0022,1089,0
7176-92135-0022,1188,0
7176-92135-0022,1320,0
7176-92135-0022,2300,0
7176-92135-0022,260,0
7176-92135-0022,2830,0
7176-92135-0022,4077,0
7176-92135-0022,5105,0
7176-92135-0022,5639,0
7176-92135-0022,61,0
7176-92135-0022,672,0
7176-92135-0022,6930,0
7176-92135-0022,7021,0
7176-92135-0022,7127,0
7176-92135-0022,7176,1
7176-92135-0022,7729,0
7176-92135-0022,8224,0
7176-92135-0022,8230,0
7176-92135-0022,8455,0
7176-92135-0022,908,0
7176-92135-0042,1089,0
7176-92135-0042,1188,0
7176-92135-0042,1320,0
7176-92135-0042,2300,0
7176-92135-0042,260,0
7176-92135-0042,2830,0
7176-92135-0042,4077,0
7176-92135-0042,5105,0
7176-92135-0042,5639,0
7176-92135-0042,61,0
7176-92135-0042,672,0
7176-92135-0042,6930,0
7176-92135-0042,7021,0
7176-92135-0042,7127,0
7176-92135-0042,7176,1
7176-92135-0042,7729,0
7176-92135-0042,8224,0
7176-92135-0042,8230,0
7176-92135-0042,8455,0
7176-92135-0042,908,0
7729-102255-0012,1089,0
7729-102255-0012,1188,0
7729-102255-0012,1320,0
7729-102255-0012,2300,0
7729-102255-0012,260,0
7729-102255-0012,2830,0
7729-102255-0012,4077,0
7729-102255-0012,5105,0
7729-102255-0012,5639,0
7729-102255-0012,61,0
7729-102255-0012,672,0
7729-102255-0012,6930,0
7729-102255-0012,7021,0
7729-102255-0012,7127,0
7729-102255-0012,7176,0
7729-102255-0012,7729,1
7729-102255-0012,8224,0
7729-102255-0012,8230,0
7729-102255-0012,8455,0
7729-102255-0012,908,0
7729-102255-0018,1089,0
7729-102255-0018,1188,0
7729-102255-0018,1320,0
7729-102255-0018,2300,0
7729-102255-0018,260,0
7729-102255-0018,2830,0
7729-102255-0018,4077,0
7729-102255-0018,5105,0
7729-102255-0018,5639,0
7729-102255-0018,61,0
7729-102255-0018,672,0
7729-102255-0018,6930,0
7729-102255-0018,7021,0
7729-102255-0018,7127,0
7729-102255-0018,7176,0
7729-102255-0018,7729,1
7729-102255-0018,8224,0
7729-102255-0018,8230,0
7729-102255-0018,8455,0
7729-102255-0018,908,0
7729-102255-0023,1089,0
7729-102255-0023,1188,0
7729-102255-0023,1320,0
7729-102255-0023,2300,0
7729-102255-0023,260,0
7729-102255-0023,2830,0
7729-102255-0023,4077,0
7729-102255-0023,5105,0
7729-102255-0023,5639,0
7729-102255-0023,61,0
7729-102255-0023,672,0
7729-102255-0023,6930,0
7729-102255-0023,7021,0
7729-102255-0023,7127,0
7729-102255-0023,7176,0
7729-102255-0023,7729,1
7729-102255-0023,8224,0
7729-102255-0023,8230,0
7729-102255-0023,8455,0
7729-102255-0023,908,0
7729-102255-0024,1089,0
7729-102255-0024,1188,0
7729-102255-0024,1320,0
7729-102255-0024,2300,0
7729-102255-0024,260,0
7729-102255-0024,2830,0
7729-102255-0024,4077,0
7729-102255-0024,5105,0
7729-102255-0024,5639,0
7729-102255-0024,61,0
7729-102255-0024,672,0
7729-102255-0024,6930,0
7729-102255-0024,7021,0
7729-102255-0024,7127,0
7729-102255-0024,7176,0
7729-102255-0024,7729,1
7729-102255-0024,8224,0
7729-102255-0024,8230,0
7729-102255-0024,8455,0
7729-102255-0024,908,0
7729-102255-0030,1089,0
7729-102255-0030,1188,0
7729-102255-0030,1320,0
7729-102255-0030,2300,0
7729-102255-0030,260,0
7729-102255-0030,2830,0
7729-102255-0030,4077,0
7729-102255-0030,5105,0
7729-102255-0030,5639,0
7729-102255-0030,61,0
7729-102255-0030,672,0
7729-102255-0030,6930,0
7729-102255-0030,7021,0
7729-102255-0030,7127,0
7729-102255-0030,7176,0
7729-102255-0030,7729,1
7729-102255-0030,8224,0
7729-102255-0030,8230,0
7729-102255-0030,8455,0
7729-102255-0030,908,0
7729-102255-0031,1089,0
7729-102255-0031,1188,0
7729-102255-0031,1320,0
7729-102255-0031,2300,0
7729-102255-0031,260,0
7729-102255-0031,2830,0
7729-102255-0031,4077,0
7729-102255-0031,5105,0
7729-102255-0031,5639,0
7729-102255-0031,61,0
7729-102255-0031,672,0
7729-102255-0031,6930,0
7729-102255-0031,7021,0
7729-102255-0031,7127,0
7729-102255-0031,7176,0
7729-102255-0031,7729,1
7729-102255-0031,8224,0
7729-102255-0031,8230,0
7729-102255-0031,8455,0
7729-102255-0031,908,0
7729-102255-0035,1089,0
7729-102255-0035,1188,0
7729-102255-0035,1320,0
7729-102255-0035,2300,0
7729-102255-0035,260,0
7729-102255-0035,2830,0
7729-102255-0035,4077,0
7729-102255-0035,5105,0
7729-102255-0035,5639,0
7729-102255-0035,61,0
7729-102255-0035,672,0
7729-102255-0035,6930,0
7729-102255-0035,7021,0
7729-102255-0035,7127,0
7729-102255-0035,7176,0
7729-102255-0035,7729,1
7729-102255-0035,8224,0
7729-102255-0035,8230,0
7729-102255-0035,8455,0
7729-102255-0035,908,0
7729-102255-0037,1089,0
7729-102255-0037,1188,0
7729-102255-0037,1320,0
7729-102255-0037,2300,0
7729-102255-0037,260,0
7729-102255-0037,2830,0
7729-102255-0037,4077,0
7729-102255-0037,5105,0
7729-102255-0037,5639,0
7729-102255-0037,61,0
7729-102255-0037,672,0
7729-102255-0037,6930,0
7729-102255-0037,7021,0
7729-102255-0037,7127,0
7729-102255-0037,7176,0
7729-102255-0037,7729,1
7729-102255-0037,8224,0
7729-102255-0037,8230,0
7729-102255-0037,8455,0
7729-102255-0037,908,0
7729-102255-0039,1089,0
7729-102255-0039,1188,0
7729-102255-0039,1320,0
7729-102255-0039,2300,0
7729-102255-0039,260,0
7729-102255-0039,2830,0
7729-102255-0039,4077,0
7729-102255-0039,5105,0
7729-102255-0039,5639,0
7729-102255-0039,61,0
7729-102255-0039,672,0
7729-102255-0039,6930,0
7729-102255-0039,7021,0
7729-102255-0039,7127,0
7729-102255-0039,7176,0
7729-102255-0039,7729,1
7729-102255-0039,8224,0
7729-102255-0039,8230,0
7729-102255-0039,8455,0
7729-102255-0039,908,0
7729-102255-0040,1089,0
7729-102255-0040,1188,0
7729-102255-0040,1320,0
7729-102255-0040,2300,0
7729-102255-0040,260,0
7729-102255-0040,2830,0
7729-102255-0040,4077,0
7729-102255-0040,5105,0
7729-102255-0040,5639,0
7729-102255-0040,61,0
7729-102255-0040,672,0
7729-102255-0040,6930,0
7729-102255-0040,7021,0
7729-102255-0040,7127,0
7729-102255-0040,7176,0
7729-102255-0040,7729,1
7729-102255-0040,8224,0
7729-102255-0040,8230,0
7729-102255-0040,8455,0
7729-102255-0040,908,0
8224-274381-0007,1089,0
8224-274381-0007,1188,0
8224-274381-0007,1320,0
8224-274381-0007,2300,0
8224-274381-0007,260,0
8224-274381-0007,2830,0
8224-274381-0007,4077,0
8224-274381-0007,5105,0
8224-274381-0007,5639,0
8224-274381-0007,61,0
8224-274381-0007,672,0
8224-274381-0007,6930,0
8224-274381-0007,7021,0
8224-274381-0007,7127,0
8224-274381-0007,7176,0
8224-274381-0007,7729,0
8224-274381-0007,8224,1
8224-274381-0007,8230,0
8224-274381-0007,8455,0
8224-274381-0007,908,0
8224-274381-0010,1089,0
8224-274381-0010,1188,0
8224-274381-0010,1320,0
8224-274381-0010,2300,0
8224-274381-0010,260,0
8224-274381-0010,2830,0
8224-274381-0010,4077,0
8224-274381-0010,5105,0
8224-274381-0010,5639,0
8224-274381-0010,61,0
8224-274381-0010,672,0
8224-274381-0010,6930,0
8224-274381-0010,7021,0
8224-274381-0010,7127,0
8224-274381-0010,7176,0
8224-274381-0010,7729,0
8224-274381-0010,8224,1
8224-274381-0010,8230,0
8224-274381-0010,8455,0
8224-274381-0010,908,0
8224-274381-0011,1089,0
8224-274381-0011,1188,0
8224-274381-0011,1320,0
8224-274381-0011,2300,0
8224-274381-0011,260,0
8224-274381-0011,2830,0
8224-274381-0011,4077,0
8224-274381-0011,5105,0
8224-274381-0011,5639,0
8224-274381-0011,61,0
8224-274381-0011,672,0
8224-274381-0011,6930,0
8224-274381-0011,7021,0
8224-274381-0011,7127,0
8224-274381-0011,7176,0
8224-274381-0011,7729,0
8224-274381-0011,8224,1
8224-274381-0011,8230,0
8224-274381-0011,8455,0
8224-274381-0011,908,0
8224-274381-0013,1089,0
8224-274381-0013,1188,0
8224-274381-0013,1320,0
8224-274381-0013,2300,0
8224-274381-0013,260,0
8224-274381-0013,2830,0
8224-274381-0013,4077,0
8224-274381-0013,5105,0
8224-274381-0013,5639,0
8224-274381-0013,61,0
8224-274381-0013,672,0
8224-274381-0013,6930,0
8224-274381-0013,7021,0
8224-274381-0013,7127,0
8224-274381-0013,7176,0
8224-274381-0013,7729,0
8224-274381-0013,8224,1
8224-274381-0013,8230,0
8224-274381-0013,8455,0
8224-274381-0013,908,0
8224-274384-0002,1089,0
8224-274384-0002,1188,0
8224-274384-0002,1320,0
8224-274384-0002,2300,0
8224-274384-0002,260,0
8224-274384-0002,2830,0
8224-274384-0002,4077,0
8224-274384-0002,5105,0
8224-274384-0002,5639,0
8224-274384-0002,61,0
8224-274384-0002,672,0
8224-274384-0002,6930,0
8224-274384-0002,7021,0
8224-274384-0002,7127,0
8224-274384-0002,7176,0
8224-274384-0002,7729,0
8224-274384-0002,8224,1
8224-274384-0002,8230,0
8224-274384-0002,8455,0
8224-274384-0002,908,0
8224-274384-0006,1089,0
8224-274384-0006,1188,0
8224-274384-0006,1320,0
8224-274384-0006,2300,0
8224-274384-0006,260,0
8224-274384-0006,2830,0
8224-274384-0006,4077,0
8224-274384-0006,5105,0
8224-274384-0006,5639,0
8224-274384-0006,61,0
8224-274384-0006,672,0
8224-274384-0006,6930,0
8224-274384-0006,7021,0
8224-274384-0006,7127,0
8224-274384-0006,7176,0
8224-274384-0006,7729,0
8224-274384-0006,8224,1
8224-274384-0006,8230,0
8224-274384-0006,8455,0
8224-274384-0006,908,0
8224-274384-0007,1089,0
8224-274384-0007,1188,0
8224-274384-0007,1320,0
8224-274384-0007,2300,0
8224-274384-0007,260,0
8224-274384-0007,2830,0
8224-274384-0007,4077,0
8224-274384-0007,5105,0
8224-274384-0007,5639,0
8224-274384-0007,61,0
8224-274384-0007,672,0
8224-274384-0007,6930,0
8224-274384-0007,7021,0
8224-274384-0007,7127,0
8224-274384-0007,7176,0
8224-274384-0007,7729,0
8224-274384-0007,8224,1
8224-274384-0007,8230,0
8224-274384-0007,8455,0
8224-274384-0007,908,0
8224-274384-0008,1089,0
8224-274384-0008,1188,0
8224-274384-0008,1320,0
8224-274384-0008,2300,0
8224-274384-0008,260,0
8224-274384-0008,2830,0
8224-274384-0008,4077,0
8224-274384-0008,5105,0
8224-274384-0008,5639,0
8224-274384-0008,61,0
8224-274384-0008,672,0
8224-274384-0008,6930,0
8224-274384-0008,7021,0
8224-274384-0008,7127,0
8224-274384-0008,7176,0
8224-274384-0008,7729,0
8224-274384-0008,8224,1
8224-274384-0008,8230,0
8224-274384-0008,8455,0
8224-274384-0008,908,0
8224-274384-0009,1089,0
8224-274384-0009,1188,0
8224-274384-0009,1320,0
8224-274384-0009,2300,0
8224-274384-0009,260,0
8224-274384-0009,2830,0
8224-274384-0009,4077,0
8224-274384-0009,5105,0
8224-274384-0009,5639,0
8224-274384-0009,61,0
8224-274384-0009,672,0
8224-274384-0009,6930,0
8224-274384-0009,7021,0
8224-274384-0009,7127,0
8224-274384-0009,7176,0
8224-274384-0009,7729,0
8224-274384-0009,8224,1
8224-274384-0009,8230,0
8224-274384-0009,8455,0
8224-274384-0009,908,0
8224-274384-0013,1089,0
8224-274384-0013,1188,0
8224-274384-0013,1320,0
8224-274384-0013,2300,0
8224-274384-0013,260,0
8224-274384-0013,2830,0
8224-274384-0013,4077,0
8224-274384-0013,5105,0
8224-274384-0013,5639,0
8224-274384-0013,61,0
8224-274384-0013,672,0
8224-274384-0013,6930,0
8224-274384-0013,7021,0
8224-274384-0013,7127,0
8224-274384-0013,7176,0
8224-274384-0013,7729,0
8224-274384-0013,8224,1
8224-274384-0013,8230,0
8224-274384-0013,8455,0
8224-274384-0013,908,0
8230-279154-0000,1089,0
8230-279154-0000,1188,0
8230-279154-0000,1320,0
8230-279154-0000,2300,0
8230-279154-0000,260,0
8230-279154-0000,2830,0
8230-279154-0000,4077,0
8230-279154-0000,5105,0
8230-279154-0000,5639,0
8230-279154-0000,61,0
8230-279154-0000,672,0
8230-279154-0000,6930,0
8230-279154-0000,7021,0
8230-279154-0000,7127,0
8230-279154-0000,7176,0
8230-279154-0000,7729,0
8230-279154-0000,8224,0
8230-279154-0000,8230,1
8230-279154-0000,8455,0
8230-279154-0000,908,0
8230-279154-0004,1089,0
8230-279154-0004,1188,0
8230-279154-0004,1320,0
8230-279154-0004,2300,0
8230-279154-0004,260,0
8230-279154-0004,2830,0
8230-279154-0004,4077,0
8230-279154-0004,5105,0
8230-279154-0004,5639,0
8230-279154-0004,61,0
8230-279154-0004,672,0
8230-279154-0004,6930,0
8230-279154-0004,7021,0
8230-279154-0004,7127,0
8230-279154-0004,7176,0
8230-279154-0004,7729,0
8230-279154-0004,8224,0
8230-279154-0004,8230,1
8230-279154-0004,8455,0
8230-279154-0004,908,0
8230-279154-0016,1089,0
8230-279154-0016,1188,0
8230-279154-0016,1320,0
8230-279154-0016,2300,0
8230-279154-0016,260,0
8230-279154-0016,2830,0
8230-279154-0016,4077,0
8230-279154-0016,5105,0
8230-279154-0016,5639,0
8230-279154-0016,61,0
8230-279154-0016,672,0
8230-279154-0016,6930,0
8230-279154-0016,7021,0
8230-279154-0016,7127,0
8230-279154-0016,7176,0
8230-279154-0016,7729,0
8230-279154-0016,8224,0
8230-279154-0016,8230,1
8230-279154-0016,8455,0
8230-279154-0016,908,0
8230-279154-0018,1089,0
8230-279154-0018,1188,0
8230-279154-0018,1320,0
8230-279154-0018,2300,0
8230-279154-0018,260,0
8230-279154-0018,2830,0
8230-279154-0018,4077,0
8230-279154-0018,5105,0
8230-279154-0018,5639,0
8230-279154-0018,61,0
8230-279154-0018,672,0
8230-279154-0018,6930,0
8230-279154-0018,7021,0
8230-279154-0018,7127,0
8230-279154-0018,7176,0
8230-279154-0018,7729,0
8230-279154-0018,8224,0
8230-279154-0018,8230,1
8230-279154-0018,8455,0
8230-279154-0018,908,0
8230-279154-0020,1089,0
8230-279154-0020,1188,0
8230-279154-0020,1320,0
8230-279154-0020,2300,0
8230-279154-0020,260,0
8230-279154-0020,2830,0
8230-279154-0020,4077,0
8230-279154-0020,5105,0
8230-279154-0020,5639,0
8230-279154-0020,61,0
8230-279154-0020,672,0
8230-279154-0020,6930,0
8230-279154-0020,7021,0
8230-279154-0020,7127,0
8230-279154-0020,7176,0
8230-279154-0020,7729,0
8230-279154-0020,8224,0
8230-279154-0020,8230,1
8230-279154-0020,8455,0
8230-279154-0020,908,0
8230-279154-0022,1089,0
8230-279154-0022,1188,0
8230-279154-0022,1320,0
8230-279154-0022,2300,0
8230-279154-0022,260,0
8230-279154-0022,2830,0
8230-279154-0022,4077,0
8230-279154-0022,5105,0
8230-279154-0022,5639,0
8230-279154-0022,61,0
8230-279154-0022,672,0
8230-279154-0022,6930,0
8230-279154-0022,7021,0
8230-279154-0022,7127,0
8230-279154-0022,7176,0
8230-279154-0022,7729,0
8230-279154-0022,8224,0
8230-279154-0022,8230,1
8230-279154-0022,8455,0
8230-279154-0022,908,0
8230-279154-0023,1089,0
8230-279154-0023,1188,0
8230-279154-0023,1320,0
8230-279154-0023,2300,0
8230-279154-0023,260,0
8230-279154-0023,2830,0
8230-279154-0023,4077,0
8230-279154-0023,5105,0
8230-279154-0023,5639,0
8230-279154-0023,61,0
8230-279154-0023,672,0
8230-279154-0023,6930,0
8230-279154-0023,7021,0
8230-279154-0023,7127,0
8230-279154-0023,7176,0
8230-279154-0023,7729,0
8230-279154-0023,8224,0
8230-279154-0023,8230,1
8230-279154-0023,8455,0
8230-279154-0023,908,0
8230-279154-0028,1089,0
8230-279154-0028,1188,0
8230-279154-0028,1320,0
8230-279154-0028,2300,0
8230-279154-0028,260,0
8230-279154-0028,2830,0
8230-279154-0028,4077,0
8230-279154-0028,5105,0
8230-279154-0028,5639,0
8230-279154-0028,61,0
8230-279154-0028,672,0
8230-279154-0028,6930,0
8230-279154-0028,7021,0
8230-279154-0028,7127,0
8230-279154-0028,7176,0
8230-279154-0028,7729,0
8230-279154-0028,8224,0
8230-279154-0028,8230,1
8230-279154-0028,8455,0
8230-279154-0028,908,0
8230-279154-0029,1089,0
8230-279154-0029,1188,0
8230-279154-0029,1320,0
8230-279154-0029,2300,0
8230-279154-0029,260,0
8230-279154-0029,2830,0
8230-279154-0029,4077,0
8230-279154-0029,5105,0
8230-279154-0029,5639,0
8230-279154-0029,61,0
8230-279154-0029,672,0
8230-279154-0029,6930,0
8230-279154-0029,7021,0
8230-279154-0029,7127,0
8230-279154-0029,7176,0
8230-279154-0029,7729,0
8230-279154-0029,8224,0
8230-279154-0029,8230,1
8230-279154-0029,8455,0
8230-279154-0029,908,0
8230-279154-0030,1089,0
8230-279154-0030,1188,0
8230-279154-0030,1320,0
8230-279154-0030,2300,0
8230-279154-0030,260,0
8230-279154-0030,2830,0
8230-279154-0030,4077,0
8230-279154-0030,5105,0
8230-279154-0030,5639,0
8230-279154-0030,61,0
8230-279154-0030,672,0
8230-279154-0030,6930,0
8230-279154-0030,7021,0
8230-279154-0030,7127,0
8230-279154-0030,7176,0
8230-279154-0030,7729,0
8230-279154-0030,8224,0
8230-279154-0030,8230,1
8230-279154-0030,8455,0
8230-279154-0030,908,0
8455-210777-0011,1089,0
8455-210777-0011,1188,0
8455-210777-0011,1320,0
8455-210777-0011,2300,0
8455-210777-0011,260,0
8455-210777-0011,2830,0
8455-210777-0011,4077,0
8455-210777-0011,5105,0
8455-210777-0011,5639,0
8455-210777-0011,61,0
8455-210777-0011,672,0
8455-210777-0011,6930,0
8455-210777-0011,7021,0
8455-210777-0011,7127,0
8455-210777-0011,7176,0
8455-210777-0011,7729,0
8455-210777-0011,8224,0
8455-210777-0011,8230,0
8455-210777-0011,8455,1
8455-210777-0011,908,0
8455-210777-0014,1089,0
8455-210777-0014,1188,0
8455-210777-0014,1320,0
8455-210777-0014,2300,0
8455-210777-0014,260,0
8455-210777-0014,2830,0
8455-210777-0014,4077,0
8455-210777-0014,5105,0
8455-210777-0014,5639,0
8455-210777-0014,61,0
8455-210777-0014,672,0
8455-210777-0014,6930,0
8455-210777-0014,7021,0
8455-210777-0014,7127,0
8455-210777-0014,7176,0
8455-210777-0014,7729,0
8455-210777-0014,8224,0
8455-210777-0014,8230,0
8455-210777-0014,8455,1
8455-210777-0014,908,0
8455-210777-0018,1089,0
8455-210777-0018,1188,0
8455-210777-0018,1320,0
8455-210777-0018,2300,0
8455-210777-0018,260,0
8455-210777-0018,2830,0
8455-210777-0018,4077,0
8455-210777-0018,5105,0
8455-210777-0018,5639,0
8455-210777-0018,61,0
8455-210777-0018,672,0
8455-210777-0018,6930,0
8455-210777-0018,7021,0
8455-210777-0018,7127,0
8455-210777-0018,7176,0
8455-210777-0018,7729,0
8455-210777-0018,8224,0
8455-210777-0018,8230,0
8455-210777-0018,8455,1
8455-210777-0018,908,0
8455-210777-0024,1089,0
8455-210777-0024,1188,0
8455-210777-0024,1320,0
8455-210777-0024,2300,0
8455-210777-0024,260,0
8455-210777-0024,2830,0
8455-210777-0024,4077,0
8455-210777-0024,5105,0
8455-210777-0024,5639,0
8455-210777-0024,61,0
8455-210777-0024,672,0
8455-210777-0024,6930,0
8455-210777-0024,7021,0
8455-210777-0024,7127,0
8455-210777-0024,7176,0
8455-210777-0024,7729,0
8455-210777-0024,8224,0
8455-210777-0024,8230,0
8455-210777-0024,8455,1
8455-210777-0024,908,0
8455-210777-0033,1089,0
8455-210777-0033,1188,0
8455-210777-0033,1320,0
8455-210777-0033,2300,0
8455-210777-0033,260,0
8455-210777-0033,2830,0
8455-210777-0033,4077,0
8455-210777-0033,5105,0
8455-210777-0033,5639,0
8455-210777-0033,61,0
8455-210777-0033,672,0
8455-210777-0033,6930,0
8455-210777-0033,7021,0
8455-210777-0033,7127,0
8455-210777-0033,7176,0
8455-210777-0033,7729,0
8455-210777-0033,8224,0
8455-210777-0033,8230,0
8455-210777-0033,8455,1
8455-210777-0033,908,0
8455-210777-0034,1089,0
8455-210777-0034,1188,0
8455-210777-0034,1320,0
8455-210777-0034,2300,0
8455-210777-0034,260,0
8455-210777-0034,2830,0
8455-210777-0034,4077,0
8455-210777-0034,5105,0
8455-210777-0034,5639,0
8455-210777-0034,61,0
8455-210777-0034,672,0
8455-210777-0034,6930,0
8455-210777-0034,7021,0
8455-210777-0034,7127,0
8455-210777-0034,7176,0
8455-210777-0034,7729,0
8455-210777-0034,8224,0
8455-210777-0034,8230,0
8455-210777-0034,8455,1
8455-210777-0034,908,0
8455-210777-0040,1089,0
8455-210777-0040,1188,0
8455-210777-0040,1320,0
8455-210777-0040,2300,0
8455-210777-0040,260,0
8455-210777-0040,2830,0
8455-210777-0040,4077,0
8455-210777-0040,5105,0
8455-210777-0040,5639,0
8455-210777-0040,61,0
8455-210777-0040,672,0
8455-210777-0040,6930,0
8455-210777-0040,7021,0
8455-210777-0040,7127,0
8455-210777-0040,7176,0
8455-210777-0040,7729,0
8455-210777-0040,8224,0
8455-210777-0040,8230,0
8455-210777-0040,8455,1
8455-210777-0040,908,0
8455-210777-0041,1089,0
8455-210777-0041,1188,0
8455-210777-0041,1320,0
8455-210777-0041,2300,0
8455-210777-0041,260,0
8455-210777-0041,2830,0
8455-210777-0041,4077,0
8455-210777-0041,5105,0
8455-210777-0041,5639,0
8455-210777-0041,61,0
8455-210777-0041,672,0
8455-210777-0041,6930,0
8455-210777-0041,7021,0
8455-210777-0041,7127,0
8455-210777-0041,7176,0
8455-210777-0041,7729,0
8455-210777-0041,8224,0
8455-210777-0041,8230,0
8455-210777-0041,8455,1
8455-210777-0041,908,0
8455-210777-0046,1089,0
8455-210777-0046,1188,0
8455-210777-0046,1320,0
8455-210777-0046,2300,0
8455-210777-0046,260,0
8455-210777-0046,2830,0
8455-210777-0046,4077,0
8455-210777-0046,5105,0
8455-210777-0046,5639,0
8455-210777-0046,61,0
8455-210777-0046,672,0
8455-210777-0046,6930,0
8455-210777-0046,7021,0
8455-210777-0046,7127,0
8455-210777-0046,7176,0
8455-210777-0046,7729,0
8455-210777-0046,8224,0
8455-210777-0046,8230,0
8455-210777-0046,8455,1
8455-210777-0046,908,0
8455-210777-0056,1089,0
8455-210777-0056,1188,0
8455-210777-0056,1320,0
8455-210777-0056,2300,0
8455-210777-0056,260,0
8455-210777-0056,2830,0
8455-210777-0056,4077,0
8455-210777-0056,5105,0
8455-210777-0056,5639,0
8455-210777-0056,61,0
8455-210777-0056,672,0
8455-210777-0056,6930,0
8455-210777-0056,7021,0
8455-210777-0056,7127,0
8455-210777-0056,7176,0
8455-210777-0056,7729,0
8455-210777-0056,8224,0
8455-210777-0056,8230,0
8455-210777-0056,8455,1
8455-210777-0056,908,0
8463-287645-0002,121,0
8463-287645-0002,1221,0
8463-287645-0002,1284,0
8463-287645-0002,1580,0
8463-287645-0002,1995,0
8463-287645-0002,2094,0
8463-287645-0002,237,0
8463-287645-0002,2961,0
8463-287645-0002,3570,0
8463-287645-0002,3575,0
8463-287645-0002,3729,0
8463-287645-0002,4446,0
8463-287645-0002,4507,0
8463-287645-0002,4970,0
8463-287645-0002,4992,0
8463-287645-0002,5142,0
8463-287645-0002,5683,0
8463-287645-0002,6829,0
8463-287645-0002,8463,1
8463-287645-0002,8555,0
8463-287645-0003,121,0
8463-287645-0003,1221,0
8463-287645-0003,1284,0
8463-287645-0003,1580,0
8463-287645-0003,1995,0
8463-287645-0003,2094,0
8463-287645-0003,237,0
8463-287645-0003,2961,0
8463-287645-0003,3570,0
8463-287645-0003,3575,0
8463-287645-0003,3729,0
8463-287645-0003,4446,0
8463-287645-0003,4507,0
8463-287645-0003,4970,0
8463-287645-0003,4992,0
8463-287645-0003,5142,0
8463-287645-0003,5683,0
8463-287645-0003,6829,0
8463-287645-0003,8463,1
8463-287645-0003,8555,0
8463-294825-0010,121,0
8463-294825-0010,1221,0
8463-294825-0010,1284,0
8463-294825-0010,1580,0
8463-294825-0010,1995,0
8463-294825-0010,2094,0
8463-294825-0010,237,0
8463-294825-0010,2961,0
8463-294825-0010,3570,0
8463-294825-0010,3575,0
8463-294825-0010,3729,0
8463-294825-0010,4446,0
8463-294825-0010,4507,0
8463-294825-0010,4970,0
8463-294825-0010,4992,0
8463-294825-0010,5142,0
8463-294825-0010,5683,0
8463-294825-0010,6829,0
8463-294825-0010,8463,1
8463-294825-0010,8555,0
8463-294825-0016,121,0
8463-294825-0016,1221,0
8463-294825-0016,1284,0
8463-294825-0016,1580,0
8463-294825-0016,1995,0
8463-294825-0016,2094,0
8463-294825-0016,237,0
8463-294825-0016,2961,0
8463-294825-0016,3570,0
8463-294825-0016,3575,0
8463-294825-0016,3729,0
8463-294825-0016,4446,0
8463-294825-0016,4507,0
8463-294825-0016,4970,0
8463-294825-0016,4992,0
8463-294825-0016,5142,0
8463-294825-0016,5683,0
8463-294825-0016,6829,0
8463-294825-0016,8463,1
8463-294825-0016,8555,0
8463-294828-0002,121,0
8463-294828-0002,1221,0
8463-294828-0002,1284,0
8463-294828-0002,1580,0
8463-294828-0002,1995,0
8463-294828-0002,2094,0
8463-294828-0002,237,0
8463-294828-0002,2961,0
8463-294828-0002,3570,0
8463-294828-0002,3575,0
8463-294828-0002,3729,0
8463-294828-0002,4446,0
8463-294828-0002,4507,0
8463-294828-0002,4970,0
8463-294828-0002,4992,0
8463-294828-0002,5142,0
8463-294828-0002,5683,0
8463-294828-0002,6829,0
8463-294828-0002,8463,1
8463-294828-0002,8555,0
8463-294828-0010,121,0
8463-294828-0010,1221,0
8463-294828-0010,1284,0
8463-294828-0010,1580,0
8463-294828-0010,1995,0
8463-294828-0010,2094,0
8463-294828-0010,237,0
8463-294828-0010,2961,0
8463-294828-0010,3570,0
8463-294828-0010,3575,0
8463-294828-0010,3729,0
8463-294828-0010,4446,0
8463-294828-0010,4507,0
8463-294828-0010,4970,0
8463-294828-0010,4992,0
8463-294828-0010,5142,0
8463-294828-0010,5683,0
8463-294828-0010,6829,0
8463-294828-0010,8463,1
8463-294828-0010,8555,0
8463-294828-0012,121,0
8463-294828-0012,1221,0
8463-294828-0012,1284,0
8463-294828-0012,1580,0
8463-294828-0012,1995,0
8463-294828-0012,2094,0
8463-294828-0012,237,0
8463-294828-0012,2961,0
8463-294828-0012,3570,0
8463-294828-0012,3575,0
8463-294828-0012,3729,0
8463-294828-0012,4446,0
8463-294828-0012,4507,0
8463-294828-0012,4970,0
8463-294828-0012,4992,0
8463-294828-0012,5142,0
8463-294828-0012,5683,0
8463-294828-0012,6829,0
8463-294828-0012,8463,1
8463-294828-0012,8555,0
8463-294828-0014,121,0
8463-294828-0014,1221,0
8463-294828-0014,1284,0
8463-294828-0014,1580,0
8463-294828-0014,1995,0
8463-294828-0014,2094,0
8463-294828-0014,237,0
8463-294828-0014,2961,0
8463-294828-0014,3570,0
8463-294828-0014,3575,0
8463-294828-0014,3729,0
8463-294828-0014,4446,0
8463-294828-0014,4507,0
8463-294828-0014,4970,0
8463-294828-0014,4992,0
8463-294828-0014,5142,0
8463-294828-0014,5683,0
8463-294828-0014,6829,0
8463-294828-0014,8463,1
8463-294828-0014,8555,0
8463-294828-0031,121,0
8463-294828-0031,1221,0
8463-294828-0031,1284,0
8463-294828-0031,1580,0
8463-294828-0031,1995,0
8463-294828-0031,2094,0
8463-294828-0031,237,0
8463-294828-0031,2961,0
8463-294828-0031,3570,0
8463-294828-0031,3575,0
8463-294828-0031,3729,0
8463-294828-0031,4446,0
8463-294828-0031,4507,0
8463-294828-0031,4970,0
8463-294828-0031,4992,0
8463-294828-0031,5142,0
8463-294828-0031,5683,0
8463-294828-0031,6829,0
8463-294828-0031,8463,1
8463-294828-0031,8555,0
8463-294828-0036,121,0
8463-294828-0036,1221,0
8463-294828-0036,1284,0
8463-294828-0036,1580,0
8463-294828-0036,1995,0
8463-294828-0036,2094,0
8463-294828-0036,237,0
8463-294828-0036,2961,0
8463-294828-0036,3570,0
8463-294828-0036,3575,0
8463-294828-0036,3729,0
8463-294828-0036,4446,0
8463-294828-0036,4507,0
8463-294828-0036,4970,0
8463-294828-0036,4992,0
8463-294828-0036,5142,0
8463-294828-0036,5683,0
8463-294828-0036,6829,0
8463-294828-0036,8463,1
8463-294828-0036,8555,0
8555-284447-0002,121,0
8555-284447-0002,1221,0
8555-284447-0002,1284,0
8555-284447-0002,1580,0
8555-284447-0002,1995,0
8555-284447-0002,2094,0
8555-284447-0002,237,0
8555-284447-0002,2961,0
8555-284447-0002,3570,0
8555-284447-0002,3575,0
8555-284447-0002,3729,0
8555-284447-0002,4446,0
8555-284447-0002,4507,0
8555-284447-0002,4970,0
8555-284447-0002,4992,0
8555-284447-0002,5142,0
8555-284447-0002,5683,0
8555-284447-0002,6829,0
8555-284447-0002,8463,0
8555-284447-0002,8555,1
8555-284447-0014,121,0
8555-284447-0014,1221,0
8555-284447-0014,1284,0
8555-284447-0014,1580,0
8555-284447-0014,1995,0
8555-284447-0014,2094,0
8555-284447-0014,237,0
8555-284447-0014,2961,0
8555-284447-0014,3570,0
8555-284447-0014,3575,0
8555-284447-0014,3729,0
8555-284447-0014,4446,0
8555-284447-0014,4507,0
8555-284447-0014,4970,0
8555-284447-0014,4992,0
8555-284447-0014,5142,0
8555-284447-0014,5683,0
8555-284447-0014,6829,0
8555-284447-0014,8463,0
8555-284447-0014,8555,1
8555-284447-0017,121,0
8555-284447-0017,1221,0
8555-284447-0017,1284,0
8555-284447-0017,1580,0
8555-284447-0017,1995,0
8555-284447-0017,2094,0
8555-284447-0017,237,0
8555-284447-0017,2961,0
8555-284447-0017,3570,0
8555-284447-0017,3575,0
8555-284447-0017,3729,0
8555-284447-0017,4446,0
8555-284447-0017,4507,0
8555-284447-0017,4970,0
8555-284447-0017,4992,0
8555-284447-0017,5142,0
8555-284447-0017,5683,0
8555-284447-0017,6829,0
8555-284447-0017,8463,0
8555-284447-0017,8555,1
8555-284447-0024,121,0
8555-284447-0024,1221,0
8555-284447-0024,1284,0
8555-284447-0024,1580,0
8555-284447-0024,1995,0
8555-284447-0024,2094,0
8555-284447-0024,237,0
8555-284447-0024,2961,0
8555-284447-0024,3570,0
8555-284447-0024,3575,0
8555-284447-0024,3729,0
8555-284447-0024,4446,0
8555-284447-0024,4507,0
8555-284447-0024,4970,0
8555-284447-0024,4992,0
8555-284447-0024,5142,0
8555-284447-0024,5683,0
8555-284447-0024,6829,0
8555-284447-0024,8463,0
8555-284447-0024,8555,1
8555-284449-0004,121,0
8555-284449-0004,1221,0
8555-284449-0004,1284,0
8555-284449-0004,1580,0
8555-284449-0004,1995,0
8555-284449-0004,2094,0
8555-284449-0004,237,0
8555-284449-0004,2961,0
8555-284449-0004,3570,0
8555-284449-0004,3575,0
8555-284449-0004,3729,0
8555-284449-0004,4446,0
8555-284449-0004,4507,0
8555-284449-0004,4970,0
8555-284449-0004,4992,0
8555-284449-0004,5142,0
8555-284449-0004,5683,0
8555-284449-0004,6829,0
8555-284449-0004,8463,0
8555-284449-0004,8555,1
8555-284449-0019,121,0
8555-284449-0019,1221,0
8555-284449-0019,1284,0
8555-284449-0019,1580,0
8555-284449-0019,1995,0
8555-284449-0019,2094,0
8555-284449-0019,237,0
8555-284449-0019,2961,0
8555-284449-0019,3570,0
8555-284449-0019,3575,0
8555-284449-0019,3729,0
8555-284449-0019,4446,0
8555-284449-0019,4507,0
8555-284449-0019,4970,0
8555-284449-0019,4992,0
8555-284449-0019,5142,0
8555-284449-0019,5683,0
8555-284449-0019,6829,0
8555-284449-0019,8463,0
8555-284449-0019,8555,1
8555-284449-0020,121,0
8555-284449-0020,1221,0
8555-284449-0020,1284,0
8555-284449-0020,1580,0
8555-284449-0020,1995,0
8555-284449-0020,2094,0
8555-284449-0020,237,0
8555-284449-0020,2961,0
8555-284449-0020,3570,0
8555-284449-0020,3575,0
8555-284449-0020,3729,0
8555-284449-0020,4446,0
8555-284449-0020,4507,0
8555-284449-0020,4970,0
8555-284449-0020,4992,0
8555-284449-0020,5142,0
8555-284449-0020,5683,0
8555-284449-0020,6829,0
8555-284449-0020,8463,0
8555-284449-0020,8555,1
8555-292519-0005,121,0
8555-292519-0005,1221,0
8555-292519-0005,1284,0
8555-292519-0005,1580,0
8555-292519-0005,1995,0
8555-292519-0005,2094,0
8555-292519-0005,237,0
8555-292519-0005,2961,0
8555-292519-0005,3570,0
8555-292519-0005,3575,0
8555-292519-0005,3729,0
8555-292519-0005,4446,0
8555-292519-0005,4507,0
8555-292519-0005,4970,0
8555-292519-0005,4992,0
8555-292519-0005,5142,0
8555-292519-0005,5683,0
8555-292519-0005,6829,0
8555-292519-0005,8463,0
8555-292519-0005,8555,1
8555-292519-0007,121,0
8555-292519-0007,1221,0
8555-292519-0007,1284,0
8555-292519-0007,1580,0
8555-292519-0007,1995,0
8555-292519-0007,2094,0
8555-292519-0007,237,0
8555-292519-0007,2961,0
8555-292519-0007,3570,0
8555-292519-0007,3575,0
8555-292519-0007,3729,0
8555-292519-0007,4446,0
8555-292519-0007,4507,0
8555-292519-0007,4970,0
8555-292519-0007,4992,0
8555-292519-0007,5142,0
8555-292519-0007,5683,0
8555-292519-0007,6829,0
8555-292519-0007,8463,0
8555-292519-0007,8555,1
8555-292519-0013,121,0
8555-292519-0013,1221,0
8555-292519-0013,1284,0
8555-292519-0013,1580,0
8555-292519-0013,1995,0
8555-292519-0013,2094,0
8555-292519-0013,237,0
8555-292519-0013,2961,0
8555-292519-0013,3570,0
8555-292519-0013,3575,0
8555-292519-0013,3729,0
8555-292519-0013,4446,0
8555-292519-0013,4507,0
8555-292519-0013,4970,0
8555-292519-0013,4992,0
8555-292519-0013,5142,0
8555-292519-0013,5683,0
8555-292519-0013,6829,0
8555-292519-0013,8463,0
8555-292519-0013,8555,1
908-157963-0009,1089,0
908-157963-0009,1188,0
908-157963-0009,1320,0
908-157963-0009,2300,0
908-157963-0009,260,0
908-157963-0009,2830,0
908-157963-0009,4077,0
908-157963-0009,5105,0
908-157963-0009,5639,0
908-157963-0009,61,0
908-157963-0009,672,0
908-157963-0009,6930,0
908-157963-0009,7021,0
908-157963-0009,7127,0
908-157963-0009,7176,0
908-157963-0009,7729,0
908-157963-0009,8224,0
908-157963-0009,8230,0
908-157963-0009,8455,0
908-157963-0009,908,1
908-157963-0010,1089,0
908-157963-0010,1188,0
908-157963-0010,1320,0
908-157963-0010,2300,0
908-157963-0010,260,0
908-157963-0010,2830,0
908-157963-0010,4077,0
908-157963-0010,5105,0
908-157963-0010,5639,0
908-157963-0010,61,0
908-157963-0010,672,0
908-157963-0010,6930,0
908-157963-0010,7021,0
908-157963-0010,7127,0
908-157963-0010,7176,0
908-157963-0010,7729,0
908-157963-0010,8224,0
908-157963-0010,8230,0
908-157963-0010,8455,0
908-157963-0010,908,1
908-157963-0011,1089,0
908-157963-0011,1188,0
908-157963-0011,1320,0
908-157963-0011,2300,0
908-157963-0011,260,0
908-157963-0011,2830,0
908-157963-0011,4077,0
908-157963-0011,5105,0
908-157963-0011,5639,0
908-157963-0011,61,0
908-157963-0011,672,0
908-157963-0011,6930,0
908-157963-0011,7021,0
908-157963-0011,7127,0
908-157963-0011,7176,0
908-157963-0011,7729,0
908-157963-0011,8224,0
908-157963-0011,8230,0
908-157963-0011,8455,0
908-157963-0011,908,1
908-157963-0015,1089,0
908-157963-0015,1188,0
908-157963-0015,1320,0
908-157963-0015,2300,0
908-157963-0015,260,0
908-157963-0015,2830,0
908-157963-0015,4077,0
908-157963-0015,5105,0
908-157963-0015,5639,0
908-157963-0015,61,0
908-157963-0015,672,0
908-157963-0015,6930,0
908-157963-0015,7021,0
908-157963-0015,7127,0
908-157963-0015,7176,0
908-157963-0015,7729,0
908-157963-0015,8224,0
908-157963-0015,8230,0
908-157963-0015,8455,0
908-157963-0015,908,1
908-157963-0016,1089,0
908-157963-0016,1188,0
908-157963-0016,1320,0
908-157963-0016,2300,0
908-157963-0016,260,0
908-157963-0016,2830,0
908-157963-0016,4077,0
908-157963-0016,5105,0
908-157963-0016,5639,0
908-157963-0016,61,0
908-157963-0016,672,0
908-157963-0016,6930,0
908-157963-0016,7021,0
908-157963-0016,7127,0
908-157963-0016,7176,0
908-157963-0016,7729,0
908-157963-0016,8224,0
908-157963-0016,8230,0
908-157963-0016,8455,0
908-157963-0016,908,1
908-157963-0023,1089,0
908-157963-0023,1188,0
908-157963-0023,1320,0
908-157963-0023,2300,0
908-157963-0023,260,0
908-157963-0023,2830,0
908-157963-0023,4077,0
908-157963-0023,5105,0
908-157963-0023,5639,0
908-157963-0023,61,0
908-157963-0023,672,0
908-157963-0023,6930,0
908-157963-0023,7021,0
908-157963-0023,7127,0
908-157963-0023,7176,0
908-157963-0023,7729,0
908-157963-0023,8224,0
908-157963-0023,8230,0
908-157963-0023,8455,0
908-157963-0023,908,1
908-157963-0025,1089,0
908-157963-0025,1188,0
908-157963-0025,1320,0
908-157963-0025,2300,0
908-157963-0025,260,0
908-157963-0025,2830,0
908-157963-0025,4077,0
908-157963-0025,5105,0
908-157963-0025,5639,0
908-157963-0025,61,0
908-157963-0025,672,0
908-157963-0025,6930,0
908-157963-0025,7021,0
908-157963-0025,7127,0
908-157963-0025,7176,0
908-157963-0025,7729,0
908-157963-0025,8224,0
908-157963-0025,8230,0
908-157963-0025,8455,0
908-157963-0025,908,1
908-31957-0005,1089,0
908-31957-0005,1188,0
908-31957-0005,1320,0
908-31957-0005,2300,0
908-31957-0005,260,0
908-31957-0005,2830,0
908-31957-0005,4077,0
908-31957-0005,5105,0
908-31957-0005,5639,0
908-31957-0005,61,0
908-31957-0005,672,0
908-31957-0005,6930,0
908-31957-0005,7021,0
908-31957-0005,7127,0
908-31957-0005,7176,0
908-31957-0005,7729,0
908-31957-0005,8224,0
908-31957-0005,8230,0
908-31957-0005,8455,0
908-31957-0005,908,1
908-31957-0022,1089,0
908-31957-0022,1188,0
908-31957-0022,1320,0
908-31957-0022,2300,0
908-31957-0022,260,0
908-31957-0022,2830,0
908-31957-0022,4077,0
908-31957-0022,5105,0
908-31957-0022,5639,0
908-31957-0022,61,0
908-31957-0022,672,0
908-31957-0022,6930,0
908-31957-0022,7021,0
908-31957-0022,7127,0
908-31957-0022,7176,0
908-31957-0022,7729,0
908-31957-0022,8224,0
908-31957-0022,8230,0
908-31957-0022,8455,0
908-31957-0022,908,1
908-31957-0024,1089,0
908-31957-0024,1188,0
908-31957-0024,1320,0
908-31957-0024,2300,0
908-31957-0024,260,0
908-31957-0024,2830,0
908-31957-0024,4077,0
908-31957-0024,5105,0
908-31957-0024,5639,0
908-31957-0024,61,0
908-31957-0024,672,0
908-31957-0024,6930,0
908-31957-0024,7021,0
908-31957-0024,7127,0
908-31957-0024,7176,0
908-31957-0024,7729,0
908-31957-0024,8224,0
908-31957-0024,8230,0
908-31957-0024,8455,0
908-31957-0024,908,1
