utt,ref,hyp,wer
1089-134686-0006,THE DULL LIGHT FELL MORE FAINTLY UPON THE PAGE WHEREON ANOTHER EQUATION BEGAN TO UNFOLD ITSELF SLOWLY AND TO SPREAD ABROAD ITS WIDENING TAIL,THE DULL LIGHT FELL MORE FAINTLY UPON THE PAGE WHEREON ANOTHER EQUATION BEGAN TO UNFOLD ITSELF SLOWLY AND TO SPREAD ABROAD ITS WIDENING TAIL,0.0
1089-134686-0007,A COLD LUCID INDIFFERENCE REIGNED IN HIS SOUL,A COLD LUCID INDIFFERENCE REIGNED IN HIS SOUL,0.0
1089-134686-0010,WELL NOW ENNIS I DECLARE YOU HAVE A HEAD AND SO HAS MY STICK,WELL NOW ENNES I DECLARE YOU HAVE A HEAD AND SO HAS MY STICK,0.0714
1089-134686-0012,HER EYES SEEMED TO REGARD HIM WITH MILD PITY HER HOLINESS A STRANGE LIGHT GLOWING FAINTLY UPON HER FRAIL FLESH DID NOT HUMILIATE THE SINNER WHO APPROACHED HER,HER EYES SEEMED TO REGARD HIM WITH MILD PITY HER HOLINESS A STRANGE LIGHT GLOWING FAINTLY UPON HER FRAIL FLESH DID NOT HUMILIATE THE SINNER WHO APPROACHED HER,0.0
1089-134686-0021,IF A LAYMAN IN GIVING BAPTISM POUR THE WATER BEFORE SAYING THE WORDS IS THE CHILD BAPTIZED,IF A LAYMAN IN GIVING BAPTISM FOR THE WATER BEFORE SAYING THE WORDS IS THE CHILD BAPTIZED,0.0588
1089-134686-0026,THE RECTOR DID NOT ASK FOR A CATECHISM TO HEAR THE LESSON FROM,THE RECTOR DID NOT ASK FOR A CATECHISM TO HEAR THE LESSON FROM,0.0
1089-134686-0031,STEPHEN'S HEART BEGAN SLOWLY TO FOLD AND FADE WITH FEAR LIKE A WITHERING FLOWER,STEPHEN'S HEART BEGAN SLOWLY TO FALL AND FADE WITH FEAR LIKE A WITHERING FLOWER,0.0714
1089-134691-0002,HE SET OFF ABRUPTLY FOR THE BULL WALKING RAPIDLY LEST HIS FATHER'S SHRILL WHISTLE MIGHT CALL HIM BACK AND IN A FEW MOMENTS HE HAD ROUNDED THE CURVE AT THE POLICE BARRACK AND WAS SAFE,HE SET OFF ABRUPTLY FOR THE BULL WALKING RAPIDLY LEST HIS FATHER'S SHRILL WHISTLE MIGHT CALL HIM BACK AND IN A FEW MOMENTS HE HAD ROUNDED THE CURB OT THE POLICE BARRACK AND WAS SAFE,0.0571
1089-134691-0008,THE UNCOUTH FACES PASSED HIM TWO BY TWO STAINED YELLOW OR RED OR LIVID BY THE SEA AND AS HE STROVE TO LOOK AT THEM WITH EASE AND INDIFFERENCE A FAINT STAIN OF PERSONAL SHAME AND COMMISERATION ROSE TO HIS OWN FACE,THE UNCOUTH FACES PASSED HIM TWO BY TWO STAINED YELLOW OR RED OR LIVID BY THE SEA AND AS HE STROVE TO LOOK AT THEM WITH EASE AND INDIFFERENCE A FAINT STAIN OF PERSONAL SHAME AND COMMISERATION ROSE TO HIS OWN FACE,0.0
1089-134691-0022,HE STOOD STILL IN DEFERENCE TO THEIR CALLS AND PARRIED THEIR BANTER WITH EASY WORDS,HE STOOD STILL INDIFFERENCE TO THEIR CALS AND PARTED THE ADVENTURE WITH EASY WORDS,0.4
1188-133604-0003,MY FIRST AND PRINCIPAL REASON WAS THAT THEY ENFORCED BEYOND ALL RESISTANCE ON ANY STUDENT WHO MIGHT ATTEMPT TO COPY THEM THIS METHOD OF LAYING PORTIONS OF DISTINCT HUE SIDE BY SIDE,MY FIRST AND PRINCIPAL REASON WAS THAT THEY ENFORCED BEYOND ALL RESISTANCE ON ANY STUDENT WHO MIGHT ATTEMPT TO COPY THEM THIS METHOD OF LAYING PORTIONS OF DISTINCT HUE SIDE BY SIDE,0.0
1188-133604-0004,SOME OF THE TOUCHES INDEED WHEN THE TINT HAS BEEN MIXED WITH MUCH WATER HAVE BEEN LAID IN LITTLE DROPS OR PONDS SO THAT THE PIGMENT MIGHT CRYSTALLIZE HARD AT THE EDGE,SOME OF THE TOUCHES INDEED WHEN THE TINT HAS BEEN MIXED WITH MUCH WATER HAVE BEEN LAID IN LITTLE DROPS OR PONDS SO THAT THE PIGMENT MIGHT CRYSTALLIZE HARD AT THE EDGE,0.0
1188-133604-0007,THE BROWN GROUND BENEATH IS LEFT FOR THE MOST PART ONE TOUCH OF BLACK IS PUT FOR THE HOLLOW TWO DELICATE LINES OF DARK GRAY DEFINE THE OUTER CURVE AND ONE LITTLE QUIVERING TOUCH OF WHITE DRAWS THE INNER EDGE OF THE MANDIBLE,THE BROWN GROUND BENEATH IS LEFT FOR THE MOST PART ONE TOUCH OF BLACK IS PUT FOR THE HOLLOW TWO DELICATE LINES OF DARK GRAY DEFINE THE OUTER CURVE AND ONE LITTLE QUIVERING TOUCH OF WHITE DRAWS THE INNER EDGE OF THE MANDIBLE,0.0
1188-133604-0012,IT MAY BE THAT A GREAT COLORIST WILL USE HIS UTMOST FORCE OF COLOR AS A SINGER HIS FULL POWER OF VOICE BUT LOUD OR LOW THE VIRTUE IS IN BOTH CASES ALWAYS IN REFINEMENT NEVER IN LOUDNESS,IT MAY BE THAT A GREAT COLOURIS WILL USE HIS UTMOST FORCE OF COLOUR AS A SINGER HAS FULL POWER AND VOICE BUT LOUD OR LOW THE VIRTUE IS IN BOTH CASES ALWAYS IN REFINEMENT N NEVER IN LOUDNESS,0.1316
1188-133604-0014,DO NOT THEREFORE THINK THAT THE GOTHIC SCHOOL IS AN EASY ONE,DO NOT THEREFORE THINK THAT THE GOTHIC SCHOOL IS AN EASY ONE,0.0
1188-133604-0018,IN ALL EARLY GOTHIC ART INDEED YOU WILL FIND FAILURE OF THIS KIND ESPECIALLY DISTORTION AND RIGIDITY WHICH ARE IN MANY RESPECTS PAINFULLY TO BE COMPARED WITH THE SPLENDID REPOSE OF CLASSIC ART,IN ALL EARLY GOTHIC ART INDEED YOU WILL FIND FAILURE OF THIS KIND ESPECIALLY DISTORTION AND RIGIDITY WHICH ARE IN MANY RESPECTS PAINFULLY TO BE COMPARED WITH THE SPLENDID REPOSE OF CLASSIC ART,0.0
1188-133604-0025,YOU KNOW I HAVE JUST BEEN TELLING YOU HOW THIS SCHOOL OF MATERIALISM AND CLAY INVOLVED ITSELF AT LAST IN CLOUD AND FIRE,YOU KNOW I'VE JUST BEEN TELLING YOU HOW THE SCHOOL MATERIALISM AND CLAY INVOLVED ITSELF AT LAST IN CLOUD AND FIRE,0.1739
1188-133604-0032,IT IS ONLY A PENCIL OUTLINE BY EDWARD BURNE JONES IN ILLUSTRATION OF THE STORY OF PSYCHE IT IS THE INTRODUCTION OF PSYCHE AFTER ALL HER TROUBLES INTO HEAVEN,IT IS ONLY A PENCIL OUTLINE BY EDWARD BURNE JONES IN ILLUSTRATION OF THE STORY OF PSYCHE IT IS THE INTRODUCTION OF PSYCHE AFTER ALL HER TROUBLES INTO HEAVEN,0.0
1188-133604-0033,EVERY PLANT IN THE GRASS IS SET FORMALLY GROWS PERFECTLY AND MAY BE REALIZED COMPLETELY,EVERY PLANT IN THE GRASS IS SET FORMALLY ROWS PERFECTLY AND MAY BE REALIZED COMPLETELY,0.0667
1188-133604-0043,SEE THAT YOUR LIVES BE IN NOTHING WORSE THAN A BOY'S CLIMBING FOR HIS ENTANGLED KITE,SEE THAT YOUR LIVES BE NOTHING WORSE THAN A BOY'S PLINING FOR HIS ENTANGLED KITE,0.125
121-121726-0002,ANGOR PAIN PAINFUL TO HEAR,ANGOR PAIN PAINFUL TO HEAR,0.0
121-121726-0004,HEAVEN A GOOD PLACE TO BE RAISED TO,HEAVEN A GOOD PLACE TO BE RAISED TO,0.0
121-121726-0007,HORSE SENSE A DEGREE OF WISDOM THAT KEEPS ONE FROM BETTING ON THE RACES,HORSE SENSE TA DEGREE OF WISDOM THAT KEEPS ONE FROM BETTING ON THE RACES,0.0714
121-121726-0010,HOUSECLEANING A DOMESTIC UPHEAVAL THAT MAKES IT EASY FOR THE GOVERNMENT TO ENLIST ALL THE SOLDIERS IT NEEDS,PALACE QUEENING A DOMESTIC UPHEAVAL THAT MAKES IT EASY FOR THE GOVERNMENT TO ENLIST ALL THE SOLDIERS IT NEEDS,0.1111
121-121726-0012,HUSSY WOMAN AND BOND TIE,PUSSY WOMAN AND BON TIE,0.4
121-127105-0003,THERE WAS A UNANIMOUS GROAN AT THIS AND MUCH REPROACH AFTER WHICH IN HIS PREOCCUPIED WAY HE EXPLAINED,THERE WAS A UNANIMOUS GROAN AT THIS AND MUCH REPROACHED AFTER WHICH IN HIS PREOCCUPIED WAY HE EXPLAINED,0.0556
121-127105-0006,THE OTHERS RESENTED POSTPONEMENT BUT IT WAS JUST HIS SCRUPLES THAT CHARMED ME,THE OTHERS RESENTED POSTPONEMENT BUT IT WAS JUST HIS SCRUPLES THAT CHARMED ME,0.0
121-127105-0020,WHO WAS IT SHE WAS IN LOVE WITH THE STORY WILL TELL I TOOK UPON MYSELF TO REPLY OH I CAN'T WAIT FOR THE STORY THE STORY WON'T TELL SAID DOUGLAS NOT IN ANY LITERAL VULGAR WAY MORE'S THE PITY THEN,WHO WAS IT SHE WAS IN LOVE WITH THE STORY WILL TELL I TOOK UPON MYSELF TO REPLY OH I CAN'T WAIT FOR THE STORY THE STORY WON'T TELL SAID DOUGLAS NOT IN ANY LITERAL VULGAR WAY BOTS THE PITY THEN,0.0244
121-127105-0023,LET ME SAY HERE DISTINCTLY TO HAVE DONE WITH IT THAT THIS NARRATIVE FROM AN EXACT TRANSCRIPT OF MY OWN MADE MUCH LATER IS WHAT I SHALL PRESENTLY GIVE,LET ME SAY HERE DISTINCTLY TO HAVE DONE WITH IT THAT THIS NARRATIVE FROM AN EXACT TRANSCRIPT OF MY OWN MADE MUCH LATER IS WHAT I SHALL PRESENTLY DO,0.0345
121-127105-0036,BUT WAS THAT ALL HER REWARD ONE OF THE LADIES ASKED,BUT WAS THAT ALL HERRGAR ONE OF THE LADIES ASKED,0.1818
1221-135766-0002,YET THESE THOUGHTS AFFECTED HESTER PRYNNE LESS WITH HOPE THAN APPREHENSION,YET THESE THOUGHTS AFFECTED HESTER PN LESS WITH HOPE THAN APPREHENSION,0.0909
1221-135766-0009,AS TO ANY OTHER KIND OF DISCIPLINE WHETHER ADDRESSED TO HER MIND OR HEART LITTLE PEARL MIGHT OR MIGHT NOT BE WITHIN ITS REACH IN ACCORDANCE WITH THE CAPRICE THAT RULED THE MOMENT,AS TO ANY OTHER KIND OF DISCIPLINE WHETHER ADDRESSED TO HER MIND OR HEART LITTLE PEARL MIGHT OR MIGHT NOT BE WITHIN ITS REACH IN ACCORDANCE WITH THE CAPRICE THAT RULED THE MOMENT,0.0
1221-135767-0001,ANOTHER AND FAR MORE IMPORTANT REASON THAN THE DELIVERY OF A PAIR OF EMBROIDERED GLOVES IMPELLED HESTER AT THIS TIME TO SEEK AN INTERVIEW WITH A PERSONAGE OF SO MUCH POWER AND ACTIVITY IN THE AFFAIRS OF THE SETTLEMENT,ANOTHER AND FAR MORE IMPORTANT REASON THAN THE DELIVERY OF A PAIR OF EMBROIDERED GLOVES INFLORED HESTER AT THIS TIME TO SEEK AN INTERVIEW WITH A PERSONAGE OF SO MUCH POWER AND ACTIVITY IN THE AFFAIRS OF THE SETTLEMENT,0.0256
1221-135767-0005,IT WAS THE SCARLET LETTER IN ANOTHER FORM THE SCARLET LETTER ENDOWED WITH LIFE,IT WAS THE SCARLET LETTER IN ANOTHER FORM THE SCARLET LETTER ENDOWED WITH LIFE,0.0
1221-135767-0007,BUT IN TRUTH PEARL WAS THE ONE AS WELL AS THE OTHER AND ONLY IN CONSEQUENCE OF THAT IDENTITY HAD HESTER CONTRIVED SO PERFECTLY TO REPRESENT THE SCARLET LETTER IN HER APPEARANCE,BUT IN TRUTH PEARL WAS THE ONE AS WELL AS THE OTHER AND ONLY IN CONSEQUENCE OF THAT IDENTITY HAD HESTER CONTRIVED SO PERFECTLY TO REPRESENT THE SCARLET LETTER IN HER APPEARANCE,0.0
1221-135767-0009,BUT PEARL WHO WAS A DAUNTLESS CHILD AFTER FROWNING STAMPING HER FOOT AND SHAKING HER LITTLE HAND WITH A VARIETY OF THREATENING GESTURES SUDDENLY MADE A RUSH AT THE KNOT OF HER ENEMIES AND PUT THEM ALL TO FLIGHT,BUT PEARL WHO WAS A DAUNTLESS CHILD AFTER FROWNING STAMPING HER FOOT AND SHAKING HER LISE HAND WITH A VARIETY OF THREATENING GESTURES SUDDENLY MADE A RUSH AT THE KNOT OF HER ENEMIES AND PUT THEM ALL TO FLIGHT,0.0256
1221-135767-0010,SHE SCREAMED AND SHOUTED TOO WITH A TERRIFIC VOLUME OF SOUND WHICH DOUBTLESS CAUSED THE HEARTS OF THE FUGITIVES TO QUAKE WITHIN THEM,SHE SCREAMED AND SHOUTED TOO WITH A TERRIFIC VOLUME OF SOUND WHICH DOUBTLESS CAUSED THE HEARTS OF THE FUGITIVES TO QUAKE WITHIN THEM,0.0
1221-135767-0013,LIFTING THE IRON HAMMER THAT HUNG AT THE PORTAL HESTER PRYNNE GAVE A SUMMONS WHICH WAS ANSWERED BY ONE OF THE GOVERNOR'S BOND SERVANT A FREE BORN ENGLISHMAN BUT NOW A SEVEN YEARS SLAVE,LIFTING THE IRON HAMMER THAT HUNG AT THE PORTAL HESTE PRIN GAVE A SENTENCE WHICH WAS ANSWERED BY ONE OF THE GOVERNOR'S BON SERVANTS A FREE BORN ENGLISHMAN BUT NOW A SEVEN YEARS SLAVE,0.1471
1221-135767-0018,LITTLE PEARL WHO WAS AS GREATLY PLEASED WITH THE GLEAMING ARMOUR AS SHE HAD BEEN WITH THE GLITTERING FRONTISPIECE OF THE HOUSE SPENT SOME TIME LOOKING INTO THE POLISHED MIRROR OF THE BREASTPLATE,THE LITTLE GIRL WHO WAS AS GREATLY PLEASED WITH THE GLEAMING ARMOUR AS SHE HAD BEEN WITH THE GLITTERING FRONTISPIECE OF THE HOUSE SPENT SOME TIME LOOKING INTO THE POLISHED MIRROR OF THE BREASTPLATE,0.0606
1221-135767-0022,BUT THE PROPRIETOR APPEARED ALREADY TO HAVE RELINQUISHED AS HOPELESS THE EFFORT TO PERPETUATE ON THIS SIDE OF THE ATLANTIC IN A HARD SOIL AND AMID THE CLOSE STRUGGLE FOR SUBSISTENCE THE NATIVE ENGLISH TASTE FOR ORNAMENTAL GARDENING,BUT THE PROPRIETOR APPEARED ALREADY TO HAVE RELINQUISHED AS HOPELESS THE EFFORT TO PERPETUATE ON THIS SIDE OF THE ATLANTIC IN HARD SOIL AND AMID THE CLOSE STRUGGLE FOR SUBSISTENCE THE NATIVE ENGLISH TASTE FOR ORNAMENTAL GARDENING,0.0263
1284-1180-0005,NO ONE WOULD DISTURB THEIR LITTLE HOUSE EVEN IF ANYONE CAME SO FAR INTO THE THICK FOREST WHILE THEY WERE GONE,NO ONE WOULD DISTURB THEIR LITTLE HOUSE EVEN IF ANY ONE CAME SO FAR INTO THE THICK FOREST WHILE THEY WERE GOING,0.1429
1284-1180-0017,AT ONE END STOOD A GREAT FIREPLACE IN WHICH A BLUE LOG WAS BLAZING WITH A BLUE FLAME AND OVER THE FIRE HUNG FOUR KETTLES IN A ROW ALL BUBBLING AND STEAMING AT A GREAT RATE,AT ONE END STOOD A GREAT FIREPLACE IN WHICH A BLUE LOG WAS BLAZING WITH A BLUE FLAME AND OVER THE FIRE HUNG FOUR KETTLES IN A ROW ALL BUBBLING AND STEAMING AT A GREAT RATE,0.0
1284-1180-0026,BUT FIRST I WILL TELL YOU THAT FOR MANY YEARS I HAVE LONGED FOR A SERVANT TO HELP ME WITH THE HOUSEWORK AND TO COOK THE MEALS AND WASH THE DISHES,BUT FIRST I WILL TELL YOU THAT FOR MANY YEARS I HAVE LONGED FOR A SERVANT TO HELP ME WITH THE HOUSEWORK AND TO COOK THE MEALS AND WASH THE DISHES,0.0
1284-1180-0031,AT THE EMERALD CITY WHERE OUR PRINCESS OZMA LIVES GREEN IS THE POPULAR COLOR,AT THE EMERALD CITY WHERE OUR PRINCESS OZMA LIVES GREEN IS THE POPULAR COLOR,0.0
1284-1181-0004,GOLD IS THE MOST COMMON METAL IN THE LAND OF OZ AND IS USED FOR MANY PURPOSES BECAUSE IT IS SOFT AND PLIABLE,GOLD IS THE MOST COMMON METAL IN THE LAND OF OZ AND IS USED FOR MANY PURPOSES BECAUSE IT IS SOFT AND PLIABLE,0.0
1284-1181-0007,SHE POURED INTO THE DISH A QUANTITY FROM EACH OF THESE BOTTLES,SHE POURED INTO THE DISH A QUANTITY FROM EACH OF THESE BOTTLES,0.0
1284-1181-0011,VERY CAREFULLY THE MAGICIAN REMOVED THIS POWDER PLACING IT ALL TOGETHER IN A GOLDEN DISH WHERE HE MIXED IT WITH A GOLDEN SPOON,VERY CAREFULLY THE MAGICIAN REMOVED THIS POWDER PLACING IT ALL TOGETHER IN A GOLDEN DISH WHERE HE MIXED IT WITH A GOLDEN SPOON,0.0
1284-1181-0016,I AM NOT ALLOWED TO PERFORM MAGIC EXCEPT FOR MY OWN AMUSEMENT HE TOLD HIS VISITORS AS HE LIGHTED A PIPE WITH A CROOKED STEM AND BEGAN TO SMOKE,I AM NOT ALLOWED TO PERFORM MAGIC EXCEPT FOR MY OWN AMUSEMENT HE TOLD HIS VISITORS AS HE LIGHTED A PIPE WITH A CROOKED STEM AND BEGAN TO SMOKE,0.0
1284-1181-0017,THE WIZARD OF OZ WHO USED TO BE A HUMBUG AND KNEW NO MAGIC AT ALL HAS BEEN TAKING LESSONS OF GLINDA AND I'M TOLD HE IS GETTING TO BE A PRETTY GOOD WIZARD BUT HE IS MERELY THE ASSISTANT OF THE GREAT SORCERESS,THE WIZARD OF OZ WHO USED TO BE A HUMBUG AND KEW NO MAGIC AT ALL HAS BEEN TAKING LESSONS OF GLINDA AND I'M TOLD HE IS GETTING TO BE A PRETTY GOOD WIZARD BUT HE IS NEARLY THE ASSISTANT OF THE BRAD SORCERESS,0.0682
1284-134647-0004,SOME OF THE PENAL REGULATIONS WERE COPIED FROM THE EDICTS OF DIOCLETIAN AND THIS METHOD OF CONVERSION WAS APPLAUDED BY THE SAME BISHOPS WHO HAD FELT THE HAND OF OPPRESSION AND PLEADED FOR THE RIGHTS OF HUMANITY,SOME OF THE PENAL REGULATIONS WERE COPIED FROM THE EDICTS OF DIOCLETIAN AND THIS METHOD OF CONVERSION WAS APPLAUDED BY THE SAME BISHOPS WHO HAD FELT THE HAND OF OPPRESSION AND PLEADED FOR THE RIGHTS OF HUMANITY,0.0
1320-122612-0003,HE OFTEN STOPPED TO EXAMINE THE TREES NOR DID HE CROSS A RIVULET WITHOUT ATTENTIVELY CONSIDERING THE QUANTITY THE VELOCITY AND THE COLOR OF ITS WATERS,HE OFTEN STOPPED TO EXAMINE THE TREES NOR DID HE CROSS A RIVULET WITHOUT ATTENTIVELY CONSIDERING THE QUANTITY THE VELOCITY AND THE COLOR OF ITS WATERS,0.0
1320-122612-0005,YET HERE ARE WE WITHIN A SHORT RANGE OF THE SCAROONS AND NOT A SIGN OF A TRAIL HAVE WE CROSSED,YET HERE ARE WE WITHIN A SHORT RANGE OF THE SCORONS AND NOT A SIGN OF A TRAIL HAVE WE CROSSED,0.0476
1320-122612-0013,A CIRCLE OF A FEW HUNDRED FEET IN CIRCUMFERENCE WAS DRAWN AND EACH OF THE PARTY TOOK A SEGMENT FOR HIS PORTION,A CIRCLE OF A FEW HUNDRED FEET IN CIRCUMFERENCE WAS DRAWN AND EACH OF THE PARTY TOOK A SEDMENT FOR HIS PORTION,0.0455
1320-122617-0005,THE BEAR SHOOK HIS SHAGGY SIDES AND THEN A WELL KNOWN VOICE REPLIED,THE BEAR SHOOK HIS SHAGGY SIDES AND THEN A WELL KNOWN VOICE REPLIED,0.0
1320-122617-0011,THE LODGE IN WHICH UNCAS WAS CONFINED WAS IN THE VERY CENTER OF THE VILLAGE AND IN A SITUATION PERHAPS MORE DIFFICULT THAN ANY OTHER TO APPROACH OR LEAVE WITHOUT OBSERVATION,THE LODGE IN WHICH UNCAS WAS CONFINED WAS IN THE VERY CENTRE OF THE VILLAGE AND IN A SITUATION PERHAPS MORE DIFFICULT THAN ANY OTHER TO APPROACH OR LEAVE WITHOUT OBSERVATION,0.0323
1320-122617-0018,IT WAS SILENT AND GLOOMY BEING TENANTED SOLELY BY THE CAPTIVE AND LIGHTED BY THE DYING EMBERS OF A FIRE WHICH HAD BEEN USED FOR THE PURPOSED OF COOKERY,IT WAS SILENT AND GLOOMY BEING TENANTED SOLELY BY THE CAPTIVE AND LIGHTED BY THE DYING EMBERS OF A FIRE WHICH HAD BEEN USED FOR THE PURPOSE OF COKERA,0.069
1320-122617-0027,AS SOON AS THESE DISPOSITIONS WERE MADE THE SCOUT TURNED TO DAVID AND GAVE HIM HIS PARTING INSTRUCTIONS,AS SOON AS THESE DISPOSITIONS WERE MADE THE SCOUT TURNED TO DAVID AND GAVE HIM HIS PARTING INSTRUCTIONS,0.0
1320-122617-0032,KEEP SILENT AS LONG AS MAY BE AND IT WOULD BE WISE WHEN YOU DO SPEAK TO BREAK OUT SUDDENLY IN ONE OF YOUR SHOUTINGS WHICH WILL SERVE TO REMIND THE INDIANS THAT YOU ARE NOT ALTOGETHER AS RESPONSIBLE AS MEN SHOULD BE,KEEP SILENT AS LONG AS MAY BE AND IT WOULD BE WISE WHEN YOU DO SPEAK TO BREAK OUT SUDDENLY IN ONE OF YOUR SHOUTINGS WHICH WILL SERVE TO REMIND THE INDIANS THAT YOU ARE NOT ALTOGETHER AS RESPONSIBLE AS MEN SHOULD BE,0.0
1320-122617-0037,THE DELAWARE DOG HE SAID LEANING FORWARD AND PEERING THROUGH THE DIM LIGHT TO CATCH THE EXPRESSION OF THE OTHER'S FEATURES IS HE AFRAID,THE DELAWER DOG HE SAID LEANING FORWARD AND PEERING THROUGH THE DIM LIGHT TO CATCH THE EXPRESSION OF THE OTHER'S FEATURES IS HE AFRAID,0.0417
1320-122617-0041,UNCAS CAST HIS SKIN AND STEPPED FORTH IN HIS OWN BEAUTIFUL PROPORTIONS,UNCAS CAST HIS SKIN AND STEPPED FORTH IN HIS OWN BEAUTIFUL PROPORTIONS,0.0
1580-141083-0006,THE ONLY DUPLICATE WHICH EXISTED SO FAR AS I KNEW WAS THAT WHICH BELONGED TO MY SERVANT BANNISTER A MAN WHO HAS LOOKED AFTER MY ROOM FOR TEN YEARS AND WHOSE HONESTY IS ABSOLUTELY ABOVE SUSPICION,THE ONLY DUPLICATE WHICH EXISTED SO FAR AS I KNEW WAS THAT WHICH BELONGED TO MY SERVANT BANNISTER A MAN WHO HAS LOOKED AFTER MY ROOM FOR TEN YEARS AND WHOSE HONESTY IS ABSOLUTELY ABOVE SUSPICION,0.0
1580-141083-0007,THE MOMENT I LOOKED AT MY TABLE I WAS AWARE THAT SOMEONE HAD RUMMAGED AMONG MY PAPERS,THE MOMENT I LOOKED AT MY TABLE I WAS AWARE THAT SOMEONE HAD RUMMAGED IT AMONG MY PAPERS,0.0588
1580-141083-0010,I GAVE HIM A LITTLE BRANDY AND LEFT HIM COLLAPSED IN A CHAIR WHILE I MADE A MOST CAREFUL EXAMINATION OF THE ROOM,I GAVE HIM A LITTLE BRANDY AND LEFT HIM COLLAPSED IN A CHAIR WHILE I MADE A MOST CAREFUL EXAMINATION OF THE ROOM,0.0
1580-141083-0016,I WAS IN SUCH A HURRY TO COME TO YOU YOU LEFT YOUR DOOR OPEN,I WAS IN SUCH A HURRY TO COME TO YOU YOU LEFT YOUR DOOR OPEN,0.0
1580-141083-0027,HOW LONG WOULD IT TAKE HIM TO DO THAT USING EVERY POSSIBLE CONTRACTION A QUARTER OF AN HOUR NOT LESS,HOW LONG WOULD IT TAKE ME TO DO THAT USING EVERY POSSIBLE CONTRACTION IN THE QUARTER OF AN HOUR NOT LESS,0.15
1580-141083-0044,I DARE NOT GO SO FAR AS THAT BUT OF THE THREE HE IS PERHAPS THE LEAST UNLIKELY,I DARE NOT GO SO FAR AS THAT BUT OF THE THREE HE IS PERHAPS THE LEAST UNLIKELY,0.0
1580-141084-0002,THIS SET OF ROOMS IS QUITE THE OLDEST IN THE COLLEGE AND IT IS NOT UNUSUAL FOR VISITORS TO GO OVER THEM,THE SET OF ROOMS IS QUITE THE OLDEST IN THE COLLEGE AND IT IS NOT UNUSUAL FOR VISITORS TO GO OVER THEM,0.0455
1580-141084-0009,IT IS POSSIBLE THAT I MAY BE IN A POSITION THEN TO INDICATE SOME COURSE OF ACTION,IT IS POSSIBLE THAT I MAY BE IN A POSITION THEN TO INDICATE SOME COURSE OF ACTION,0.0
1580-141084-0010,I WILL TAKE THE BLACK CLAY WITH ME ALSO THE PENCIL CUTTINGS GOOD BYE,I WILL TAKE THE BLACK CLAY WITH ME ALSO THE PENCIL PUDDINGS THE VI,0.2143
1580-141084-0042,A SUDDEN IMPULSE CAME OVER HIM TO ENTER AND SEE IF THEY WERE INDEED THE PROOFS,A SUDDEN IMPULSE CAME OVER HIM TO ENTER AND SEE IF THEY WERE INDEED THE PROOFS,0.0
1995-1826-0002,JOHN TAYLOR WHO HAD SUPPORTED HER THROUGH COLLEGE WAS INTERESTED IN COTTON,JOHN TAYLOR WHO HAD SUPPORTED HETO COLLEGE WAS INTERESTED IN COTTON,0.1667
1995-1826-0009,YOU OUGHT TO KNOW JOHN IF I TEACH NEGROES I'LL SCARCELY SEE MUCH OF PEOPLE IN MY OWN CLASS,YOU OGT TO KNOW JOHN IF I TEACH NEGROES I'LL SCARCELY SEE MUCH OF PEOPLE IN MY OWN CLASS,0.0526
1995-1826-0018,HER REGARD SHIFTED TO THE GREEN STALKS AND LEAVES AGAIN AND SHE STARTED TO MOVE AWAY,HER REGARD SHIFTED TO THE GREEN STALKS AND LEAVS AGAIN AND SHE STARTED TO MOVE AWAY,0.0625
1995-1826-0021,DON'T KNOW WELL OF ALL THINGS INWARDLY COMMENTED MISS TAYLOR LITERALLY BORN IN COTTON AND OH WELL AS MUCH AS TO ASK WHAT'S THE USE SHE TURNED AGAIN TO GO,DON'T NOWOF ALL THINGS INWARDLY COMMENTED MISS TAYLOR LITERALLY BORN IN COTTON AND OH WELL AS MUCH AS TO ASK WHAT'S THE USE SHE TURNED AGAIN TO GO,0.1
1995-1826-0023,GOOBERS DON'T GROW ON THE TOPS OF VINES BUT UNDERGROUND ON THE ROOTS LIKE YAMS IS THAT SO,GOGLES DON'T GROW ON THE TOPS OF VINES BUT ON THE GROUND ON THE ROOTS LIKE YAMS IS THAT SO,0.2222
1995-1836-0005,MISSUS GREY HAD MET SOUTHERNERS BEFORE BUT NOT INTIMATELY AND SHE ALWAYS HAD IN MIND VIVIDLY THEIR CRUELTY TO POOR NEGROES A SUBJECT SHE MADE A POINT OF INTRODUCING FORTHWITH,MISSUS GRAY HAD MET SOUTHERNERS BEFORE BUT NOT INTIMATELY AND SHE ALWAYS HAD IN MIND VIVIDLY THEIR CRUELTY TO POOR NEGROES A SUBJECT SHE MADE A POINT OF INTRODUCING FORTHWITH,0.0333
1995-1837-0001,IT WAS THE FIRST GREAT SORROW OF HIS LIFE IT WAS NOT SO MUCH THE LOSS OF THE COTTON ITSELF BUT THE FANTASY THE HOPES THE DREAMS BUILT AROUND IT,IT WAS THE FIRST GREAT SORROW OF HIS LIFE IT WAS NOT SO MUCH THE LOSS OF THE COCKON ITSELF BUT THE PHANTASY THE HOPES THE DREAMS BUILT AROUND IT,0.0667
1995-1837-0014,HE STOOD A MOMENT BEWILDERED THEN TURNED AND RUSHED UPON THE ISLAND A GREAT SHEET OF DAZZLING SUNLIGHT SWEPT THE PLACE AND BENEATH LAY A MIGHTY MASS OF OLIVE GREEN THICK TALL WET AND WILLOWY,HE STOOD A MOMENT BEWILDERED THEN TURNED AND RUSHED UPON THE ISLAND A GREAT SHEET OF DAZZLING SUNLIGHT SWEPT THE PLACE AND BENEATH LAY A MIGHTY MASS OF OLIVE GREEN THICK TALL WET AND WILLOWY,0.0
1995-1837-0018,HERE LAY THE READING OF THE RIDDLE WITH INFINITE WORK AND PAIN SOME ONE HAD DUG A CANAL FROM THE LAGOON TO THE CREEK INTO WHICH THE FORMER HAD DRAINED BY A LONG AND CROOKED WAY THUS ALLOWING IT TO EMPTY DIRECTLY,HERE LAY THE READING OF THE RIDDLE WITH INFINITE WORK AND PAIN SOME ONE HAD DUG A CANAL FROM THE LAGOON TO THE CREEK INTO WHICH THE FORMER HAD DRAINED BY A LONG AND CROOKED WAY THUS ALLOWING IT TO EMPTY DIRECTLY,0.0
1995-1837-0026,SHE HAD BEEN BORN WITHIN ITS BORDERS WITHIN ITS BORDERS SHE HAD LIVED AND GROWN AND WITHIN ITS BORDERS SHE HAD MET HER LOVE,SHE HAD BEEN BORN WITHIN ITS BORDERS WITHIN ITS BORDERS SHE HAD LIVED AND GROWN AND WITHIN ITS BORDERS SHE HAD MET HER LOVE,0.0
2094-142345-0001,BUT THE WINDOWS ARE PATCHED WITH WOODEN PANES AND THE DOOR I THINK IS LIKE THE GATE IT IS NEVER OPENED,BUT THE WINDOWS ARE PATCHED WITH WOODEN PANES AND THE DOOR I THINK IS LIKE THE GATE IT IS NEVER OPENED,0.0
2094-142345-0013,HER TONGUE WAS NOT LESS KEEN THAN HER EYE AND WHENEVER A DAMSEL CAME WITHIN EARSHOT SEEMED TO TAKE UP AN UNFINISHED LECTURE AS A BARREL ORGAN TAKES UP A TUNE PRECISELY AT THE POINT WHERE IT HAD LEFT OFF,HER TONGUE WAS NOT LESS KEEN THAN HER EYE AND WHENEVER A DAMSEL CAME WITHIN EARSHOT SEEMED TO TAKE UP AN UNFINISHED LECTURE AS A BAREL ORGAN PICKS UP A TUNE PRECISELY AT THE POINT WHERE IT HAD LEFT OFF,0.05
2094-142345-0021,THAT'S THE WAY WITH YOU THAT'S THE ROAD YOU'D ALL LIKE TO GO HEADLONGS TO RUIN,S THAT'S THE WAY WITH YOU THAT'S THE ROAD YOU'D ALL LIKE TO GO HEADLONGS TO RUIN,0.0625
2094-142345-0024,MUNNY MY IRON'S TWITE TOLD PEASE PUT IT DOWN TO WARM,MONEY MONGERS TWITE TOLD HE'S PUT IT DOWN TO WARM,0.3636
2094-142345-0028,NO NO NO TOTTY UD GET HER FEET WET SAID MISSUS POYSER CARRYING AWAY HER IRON,NO NO NO TOTTYD BIT HER FEET LET SAID MISSUS POYSER CARRYING AWAY HER IRON,0.25
2094-142345-0034,AND THERE'S LINEN IN THE HOUSE AS I COULD WELL SPARE YOU FOR I'VE GOT LOTS O SHEETING AND TABLE CLOTHING AND TOWELLING AS ISN'T MADE UP,AND THERE'S LINEN IN THE HOUSE AS I COULD WELL SPARE YOU FOR I GOT LOTS OF SHEETING AND TABLE CLOTHING AND TOWELLING HIT IS MADE OP,0.1852
2094-142345-0036,NAY DEAR AUNT YOU NEVER HEARD ME SAY THAT ALL PEOPLE ARE CALLED TO FORSAKE THEIR WORK AND THEIR FAMILIES,NAY DEAR AUNT YOU NEVER HEARD ME SAY THAT ALL PEOPLE ARE CALLED TO FORSAKE THEIR WORK AND THEIR FAMILIES,0.0
2094-142345-0037,WE CAN ALL BE SERVANTS OF GOD WHEREVER OUR LOT IS CAST BUT HE GIVES US DIFFERENT SORTS OF WORK ACCORDING AS HE FITS US FOR IT AND CALLS US TO IT,WE CAN ALL BE SERVANTS OF GOD WHENEVER OUR LOT IS CAST BUT HE GIVES US DIFFERENT SORTS OF WORK ACCORDING AS HE FITS US FOR IT AND CALLS US TO IT,0.0312
2094-142345-0049,NO SIR HE ISN'T HE'S GONE TO ROSSETER TO SEE MISTER WEST THE FACTOR ABOUT THE WOOL,NOL SI HE ISIT HE'S GONE TO ROSSETER TO SEE MISTER WEST THE FACTOR ABOUT THE WALL,0.2353
2094-142345-0052,I MUST COME ANOTHER DAY AND SEE YOUR HUSBAND I WANT TO HAVE A CONSULTATION WITH HIM ABOUT HORSES,I MUST GO ANOTHER DAY AND SEE YOUR HUSBAND I WANT TO HAVE A CONSULTATION WITH HIM ABOUT HORSES,0.0526
2300-131720-0001,THE LONDON PLANT WAS LESS TEMPORARY BUT NOT PERMANENT SUPPLYING BEFORE IT WAS TORN OUT NO FEWER THAN THREE THOUSAND LAMPS IN HOTELS CHURCHES STORES AND DWELLINGS IN THE VICINITY OF HOLBORN VIADUCT,THE LONDON FUND WAS LESS TEMPORARY BUT NOT PERMANENT SUPPLYING BEFORE IT WAS TORN OUT NO FEWER THAN THREE THOUSAND LAMPS IN HOTELS CHURCHES STORES AND DWELLINGS IN THE VICINITY OF HOLBORN WEIDER,0.0606
2300-131720-0002,THERE MESSRS JOHNSON AND HAMMER PUT INTO PRACTICE MANY OF THE IDEAS NOW STANDARD IN THE ART AND SECURED MUCH USEFUL DATA FOR THE WORK IN NEW YORK OF WHICH THE STORY HAS JUST BEEN TOLD,HERE MESSRS JOHNSON AND HAMMER PUT INTO PRACTICE MANY OF THE IDEAS NOW STANDAI THE ART AND SECURED MUCH USEFUL DATA FOR THE WORK IN NEW YORK OF WHICH THE STORY HAS JUST BEEN TOLD,0.0833
2300-131720-0005,WHY IF WE ERECT A STATION AT THE FALLS IT IS A GREAT ECONOMY TO GET IT UP TO THE CITY,WHY IF WE ERECT TA STATION AT THE FALLS IT IS A GREAT ECONOMY TO GET IT UP THROUGH THE CITY,0.0952
2300-131720-0010,IT COULD NOT BE USED FOR ELECTROPLATING OR DEPOSITION NOR COULD IT CHARGE STORAGE BATTERIES ALL OF WHICH ARE EASILY WITHIN THE ABILITY OF THE DIRECT CURRENT,IT COULD NOT BE USED FOR ELECTROPLATING OR DEPOSITION NOR COULD IT CHARGE STORAGE BATTERIES ALL OF WHICH ARE EASILY WITHIN THE ABILITY OF THE DIRECT CURRENT,0.0
2300-131720-0012,EDISON WAS INTOLERANT OF SHAM AND SHODDY AND NOTHING WOULD SATISFY HIM THAT COULD NOT STAND CROSS EXAMINATION BY MICROSCOPE TEST TUBE AND GALVANOMETER,EDISON WAS INTOLERANT OF SHAMMON SHODDY AND NOTHING WOULD SATISFY HIM THAT COULD NOT STAND CROSS EXAMINATION BY MICROSCOPE TEST TUBE AND GALVANOMETER,0.0833
2300-131720-0013,UNLESS HE COULD SECURE AN ENGINE OF SMOOTHER RUNNING AND MORE EXACTLY GOVERNED AND REGULATED THAN THOSE AVAILABLE FOR HIS DYNAMO AND LAMP EDISON REALIZED THAT HE WOULD FIND IT ALMOST IMPOSSIBLE TO GIVE A STEADY LIGHT,UNLESS HE COULD SECURE AN ENGINE OF SMOOTHER RUNNING AND MORE EXACTLY GOVERNED AND REGULATED THAN THOSE AVAILABLE FOR HIS DYNAMO AND LAMP EDISON REALIZED THAT HE WOULD FIND IT ALMOST IMPOSSIBLE TO GIVE A STEADY LIGHT,0.0
2300-131720-0021,THE STREET CONDUCTORS WERE OF THE OVERHEAD POLE LINE CONSTRUCTION AND WERE INSTALLED BY THE CONSTRUCTION COMPANY THAT HAD BEEN ORGANIZED BY EDISON TO BUILD AND EQUIP CENTRAL STATIONS,THE STRIT CONDUCTORS WERE OF THE OVERHEAD POLE LAND CONSTRUCTION AND WERE INSTALLED BY THE CONSTRUCTION COMPANY THAT HAD BEEN ORGANIZED BY EDISON TO BUILD AND EQUIP CENTRAL STATIONS,0.069
2300-131720-0034,THE OTHERS HAVING BEEN IN OPERATION TOO SHORT A TIME TO SHOW DEFINITE RESULTS ALTHOUGH THEY ALSO WENT QUICKLY TO A DIVIDEND BASIS,THE OTHERS HAVING BEEN IN OPERATION TOO SHORT A TIME TO SHOW DEFINITE RESULTS ALTHOUGH THEY ALSO WENT QUICKLY TO A DIVIDEND BASIS,0.0
2300-131720-0037,HE WEIGHED AND REWEIGHED THE METER PLATES AND PURSUED EVERY LINE OF INVESTIGATION IMAGINABLE BUT ALL IN VAIN,HE WEIGHED AND RE WEIGHED THE METER PLATES AND PURSUED EVERY LINE OF INVESTIGATION IMAGINABLE BUT ALL IN VAIN,0.1111
2300-131720-0040,WE WERE MORE INTERESTED IN THE TECHNICAL CONDITION OF THE STATION THAN IN THE COMMERCIAL PART,WE WERE MORE INTERESTED IN THE TECHNICAL CONDITION OF THE STATION THAN IN THE COMMERCIAL PIPE,0.0625
237-126133-0006,AT THIS THE BUNDLE OPENED SUDDENLY AND OUT POPPED PHRONSIE,AT THIS THE BUNDLE OPENED SUDDENLY AND OUT POPPED PHRONSIE,0.0
237-126133-0019,DEAR ME EJACULATED THE OLD GENTLEMAN IN THE UTMOST AMAZEMENT AND SUCH A TIME AS I'VE HAD TO GET HER HERE TOO,DEAR ME EJACULATED THE OLD GENTLEMAN IN THE UTMOST AMAZEMENT AND SUCH A TIME AS I'VE HAD TO GET HER HERE TOO,0.0
237-126133-0021,SHE ASKED IMPULSIVELY I DIDN'T BELIEVE YOU COULD PERSUADE HER FATHER,SHE ASKED IMPULSIVELY I DIDN'T BELIEVE YOU COULD PERSUADE HER FATHER,0.0
237-126133-0022,I DIDN'T HAVE ANY FEARS IF I WORKED IT RIGHTLY SAID THE OLD GENTLEMAN COMPLACENTLY,I DIDN'T HAVE ANY FEARS IF I WORKED IT RIGHTLY SAID THE OLD GENTLEMAN COMPLACENTLY,0.0
237-134493-0016,ON EITHER SIDE OF THE ROAD FOR A MILE BEFORE YOU REACHED THE FOOT OF THE HILL STOOD TALL OSAGE ORANGE HEDGES THEIR GLOSSY GREEN MARKING OFF THE YELLOW FIELDS,ON EITHER SIDE OF THE ROAD FOR A MILE BEFORE HE REACHED THE FOOT OF THE HILL STOOD TALL OSAGE ORANGE HEDGES A GLOSSY GREEN MARKING OFF THE YELLOW FIELDS,0.0667
237-134493-0018,THERE IS EVEN A WHITE ROW OF BEEHIVES IN THE ORCHARD UNDER THE WALNUT TREES,THERE IS EVEN A WHITE ROW OF BEEHIVES IN THE ORCHARD UNDER THE WALNUT TREES,0.0
237-134500-0010,IT'S EXCITING TO SEE EVERYTHING GROWING SO FAST AND TO GET THE GRASS CUT,IT'S EXCITING TO SEE EVERYTHING GROWING SO FAST AND TO GET THE GRASS CUT,0.0
237-134500-0013,MARIE PICKED CHERRIES AND SANG SOFTLY TO HERSELF STRIPPING ONE GLITTERING BRANCH AFTER ANOTHER SHIVERING WHEN SHE CAUGHT A SHOWER OF RAINDROPS ON HER NECK AND HAIR,MARIE PICKED CHERRIES AND SANG SOFTLY TO HERSELF STROOKING ONE GLITTERING BRANCH AFTER ANOTHER SHIVERING WHEN SHE CAUGHT A SHOWER OF RAINDROPS ON HER NECK AND HAIR,0.037
237-134500-0014,AND EMIL MOWED HIS WAY SLOWLY DOWN TOWARD THE CHERRY TREES,AND AMUEL MOVED HIS WAY SLOWLY DOWN TOWARD THE CHERRY TREES,0.1818
237-134500-0018,HE REACHED UP AMONG THE BRANCHES AND BEGAN TO PICK THE SWEET INSIPID FRUIT LONG IVORY COLORED BERRIES TIPPED WITH FAINT PINK LIKE WHITE CORAL THAT FALL TO THE GROUND UNHEEDED ALL SUMMER THROUGH,HE REACHED UP AMONG THE BRANCHES AND BEGAN TO PICK THE SWEET INSIPID FRUIT LONG IVORY COLOURED BERRIES TICKED WITH FAINT PINK LIKE WHITE CORAL THAT FALL TO THE GROUND UNHEEDED ALL SUMMER THROUGH,0.0588
260-123286-0000,SATURDAY AUGUST FIFTEENTH THE SEA UNBROKEN ALL ROUND NO LAND IN SIGHT,SATURDAY AUGUST FIFTEENTH THE SEA UNBROKEN ALL AROUND NO LAND IN SIGHT,0.0833
260-123286-0003,YOU SEEM ANXIOUS MY UNCLE I SAID SEEING HIM CONTINUALLY WITH HIS GLASS TO HIS EYE ANXIOUS,YOU SEEM ANXIOUS MY UNCLE I SAID SEEING HIM CONTINUALLY WITH HIS GLASS TO HIS EYE ANXIOUS,0.0
260-123286-0028,ITS JAW IS ENORMOUS AND ACCORDING TO NATURALISTS IT IS ARMED WITH NO LESS THAN ONE HUNDRED AND EIGHTY TWO TEETH,ITS JAW IS ENORMOUS AND ACCORDING TO NATURALISTS IT IS ARMED WITH NO LESS THAN ONE HUNDRED AND EIGHTY TWO TEETH,0.0
260-123286-0030,SUDDENLY THE ICHTHYOSAURUS AND THE PLESIOSAURUS DISAPPEAR BELOW LEAVING A WHIRLPOOL EDDYING IN THE WATER,SUDDENLY THE ICTESOLUS AND THE PLASESAURUS DISAPPEAR BELOW LEAVING A WHIRLPOOL EDDYING IN THE WATER,0.1333
260-123286-0031,AS FOR THE ICHTHYOSAURUS HAS HE RETURNED TO HIS SUBMARINE CAVERN,AS FOR THE ITHEOSAURUS AS HE RETURNS TO HA SUBMARINE CAVERN,0.3636
260-123288-0001,THE WEATHER IF WE MAY USE THAT TERM WILL CHANGE BEFORE LONG,THE WEATHER IF WE MAY USE THE TERM WILL CHANGE BEFORE LONG,0.0833
260-123288-0025,HERE IT COMES THERE IT GLIDES NOW IT IS UP THE RAGGED STUMP OF THE MAST THENCE IT LIGHTLY LEAPS ON THE PROVISION BAG DESCENDS WITH A LIGHT BOUND AND JUST SKIMS THE POWDER MAGAZINE HORRIBLE,HERE IT COMES THERE IT GLIDES NOW IT IS UP THE RAGGED STUMP OF THE MAST THENCE IT LIGHTLY LEAPS ON THE PROVISION BAG DESSENDS WITH A LIGHT BOUND AND JUST SKIMS THE POWDER MAGAZINE HORRIBLE,0.0278
260-123440-0012,IT'LL BE NO USE THEIR PUTTING THEIR HEADS DOWN AND SAYING COME UP AGAIN DEAR,IT'LL BE NO USE THEIR PUTTING THEIR HEADS DOWN AND SAYING COME UP AGAIN DEAR,0.0
260-123440-0015,I WISH I HADN'T CRIED SO MUCH SAID ALICE AS SHE SWAM ABOUT TRYING TO FIND HER WAY OUT,I WISH I HADN'T CRIED SO MUCH SAID ALICE AS SHE SWAM ABOUT TRYING TO FIND HER WAY OUT,0.0
260-123440-0016,I SHALL BE PUNISHED FOR IT NOW I SUPPOSE BY BEING DROWNED IN MY OWN TEARS,I SHALL BE PUNISHED FOR IT NOW I SUPPOSE BY BEING DROWNED IN MY OWN TEARS,0.0
2830-3979-0006,A WORD SHOULD NOW BE SAID ABOUT THE ORIGIN OF LUTHER'S COMMENTARY ON GALATIANS,A WORD SHOULD NOW BE SAID ABOUT THE ORIGIN OF LUTO'S COVENTE REVELATIONS,0.2857
2830-3979-0011,THE LORD WHO HAS GIVEN US POWER TO TEACH AND TO HEAR LET HIM ALSO GIVE US THE POWER TO SERVE AND TO DO LUKE TWO,THE LORD WHO HAS GIVEN US POWER TO TEACH AND TO HEAR LET HIM ALSO GIVE US THE POWER TO SERVE AND TO DO LUKE TWO,0.0
2830-3980-0029,ALTHOUGH THE BRETHREN WITH ME ARE NOT APOSTLES LIKE MYSELF YET THEY ARE ALL OF ONE MIND WITH ME THINK WRITE AND TEACH AS I DO,ALTHOUGH THE BRETHREN WITH ME ARE NOT APOSTLES LIKE MYSELF YET THEY ARE ALL OF ONE MIND WITH ME THINK WRITE AND TEACH AS I DO,0.0
2830-3980-0039,THE TERMS OF GRACE AND PEACE ARE COMMON TERMS WITH PAUL AND ARE NOW PRETTY WELL UNDERSTOOD,THE CHARMS OF GRACE AND PEACE ARE COMMON TERMS WITH PAUL AND ARE NOW PRETTY WELL UNDERSTOOD,0.0588
2830-3980-0050,DID NOT CHRIST HIMSELF SAY I AM THE WAY AND THE TRUTH AND THE LIFE NO MAN COMETH UNTO THE FATHER BUT BY ME,DID NOT CHRIST HIMSELF SAY I AM THE WAY AND THE TRUTH AND THE LIFE NO MAN COMETH UNTO THE FATHER BUT BY ME,0.0
2830-3980-0054,THAT CHRIST IS VERY GOD IS APPARENT IN THAT PAUL ASCRIBES TO HIM DIVINE POWERS EQUALLY WITH THE FATHER AS FOR INSTANCE THE POWER TO DISPENSE GRACE AND PEACE,THAT CHRIST IS VERY GOD IS APPARENT THAT PAUL ASCRIBES TO HIM DIVINE POWERS EQUALLY WITH THE FATHER AS FOR INSTANCE THE POWER TOES DISPENSE GRACE AND PEACE,0.069
2830-3980-0055,TO BESTOW PEACE AND GRACE LIES IN THE PROVINCE OF GOD WHO ALONE CAN CREATE THESE BLESSINGS THE ANGELS CANNOT,TO BESTOW PEACE AND GRACE LIES IN THE PROVIDINCE OF GOD WHO ALONE CAN CREATE THESE BLESSINGS THE ANGELS CANNOT,0.05
2830-3980-0057,THE ARIANS TOOK CHRIST FOR A NOBLE AND PERFECT CREATURE SUPERIOR EVEN TO THE ANGELS BECAUSE BY HIM GOD CREATED HEAVEN AND EARTH,THE ARIANS TOOK CHRIST FOR A NOBLE AND PERFECT CREATURE SUPERIOR EVEN TO THE ANGELS BECAUSE BY HIM GOD CREATED HEAVEN AND EARTH,0.0
2830-3980-0062,NOT FOR A CROWN OR A KINGDOM OR OUR GOODNESS BUT FOR OUR SINS,NOT FOR A CROWN OR A KINGDOM OR OUR GOODNESS BUT FOR OUR SINS,0.0
2830-3980-0066,SINCE CHRIST WAS GIVEN FOR OUR SINS IT STANDS TO REASON THAT THEY CANNOT BE PUT AWAY BY OUR OWN EFFORTS,SINCE CHRIST WAS GIVEN FOR OUR SINS IT STANDS TO REASON THAT THEY COULD NOT BE PUT AWAY BY OUR OWN EFFORTS,0.0952
2961-960-0004,THERE IS NO DANGER OF THE MODERN COMMENTATORS ON THE TIMAEUS FALLING INTO THE ABSURDITIES OF THE NEO PLATONISTS,THERE IS NO DANGER OF THE MODERN COMMENTATORS ONDER TINAEUS FALLING INTO THE ABSURDITIES OF THE NEOBLATANISTS,0.2632
2961-960-0016,BUT PLATO HAS NOT THE SAME MASTERY OVER HIS INSTRUMENT WHICH HE EXHIBITS IN THE PHAEDRUS OR SYMPOSIUM,BUT PLATO HAS NOT THE SAME MASTERY OVER HIS INSTRUMENT WHICH HE EXHIBITS IN THE PHAEDRUS OR SYMPOSIUM,0.0
2961-961-0001,AND NOW HE DESIRES TO SEE THE IDEAL STATE SET IN MOTION HE WOULD LIKE TO KNOW HOW SHE BEHAVED IN SOME GREAT STRUGGLE,AND NOW HE DESIRES TO SEE THE IDEAL STATE SET IN MOTION HE WOULD LIKE TO KNOW HOW SHE BEHAVED IN SOME GREAT STRUGGLE,0.0
2961-961-0003,I WILL IF TIMAEUS APPROVES I APPROVE,I WILL IFTOMES APPROVES I APPROVE,0.2857
2961-961-0004,LISTEN THEN SOCRATES TO A TALE OF SOLON'S WHO BEING THE FRIEND OF DROPIDAS MY GREAT GRANDFATHER TOLD IT TO MY GRANDFATHER CRITIAS AND HE TOLD ME,LISTEN THEN SOCRATES TO A TALE OF SOLONS WHO BEING THE FRIEND OF TROPIDUS MY GREAT GRANDFATHER TOLD IT TO MY GRANDFATHER PRITIUS AND HE TOLD ME,0.1111
2961-961-0009,TELL US SAID THE OTHER THE WHOLE STORY AND WHERE SOLON HEARD THE STORY,TELL US SAID THE OTHER THE WHOLE STORY AWER SAW AND HEARD THE STORY,0.2143
2961-961-0010,BUT IN EGYPT THE TRADITIONS OF OUR OWN AND OTHER LANDS ARE BY US REGISTERED FOR EVER IN OUR TEMPLES,BUT IN EGYPT THE TRADITIONS OF OUR OWN AND OTHER LANDS ARE BY US REGISTERED FOR EVER IN OUR TEMPLES,0.0
2961-961-0011,THE GENEALOGIES WHICH YOU HAVE RECITED TO US OUT OF YOUR OWN ANNALS SOLON ARE A MERE CHILDREN'S STORY,THE GENEALOGIES WHICH YOU HAVE RECITED TO US OUT OF YOUR OWN ANNALS SALON ARE A MERE CHILDREN'S STORY,0.0526
2961-961-0014,NINE THOUSAND YEARS HAVE ELAPSED SINCE SHE FOUNDED YOURS AND EIGHT THOUSAND SINCE SHE FOUNDED OURS AS OUR ANNALS RECORD,NINE THOUSAND YEARS HAVE ELAPSED SINCE SHE FOUND ID YOURS AND EIGHT THOUSAND SINCE YOU FOUNDED OURS AS OUR ANNALS RECORD,0.15
2961-961-0017,OBSERVE AGAIN WHAT CARE THE LAW TOOK IN THE PURSUIT OF WISDOM SEARCHING OUT THE DEEP THINGS OF THE WORLD AND APPLYING THEM TO THE USE OF MAN,OBSERVE AGAIN WHAT CARE THE LORD TOOK IN THE PURSUIT OF WISDOM SEARCHING OUT THE DEEP THINGS OF THE WORLD AND APPLYING THEM TO THE USE OF MEN,0.0714
3570-5694-0006,DRUNKENNESS AND THE OTHER PATHOLOGICAL CONSEQUENCES OF THE FREE USE OF STIMULANTS THEREFORE TEND IN THEIR TURN TO BECOME HONORIFIC AS BEING A MARK AT THE SECOND REMOVE OF THE SUPERIOR STATUS OF THOSE WHO ARE ABLE TO AFFORD THE INDULGENCE,DRUNKENNESS AND THE OTHER PATHOLOGICAL CONSEQUENCES OF THE FREE USE OF STIMULANTS THEREFORE TEND IN THEIR TURN TO BECOME HONORIFIC AS BEING A MARK AT THE SECOND REMOVE OF THE SUPERIOR STATUS OF THOSE WHO ARE ABLE TO AVOID THE INDULGENCE,0.0244
3570-5694-0007,IT HAS EVEN HAPPENED THAT THE NAME FOR CERTAIN DISEASED CONDITIONS OF THE BODY ARISING FROM SUCH AN ORIGIN HAS PASSED INTO EVERYDAY SPEECH AS A SYNONYM FOR NOBLE OR GENTLE,IT HAS EVEN HAPPENED THAT THE NAME FOR CERTAIN DISEASED CONDITIONS OF THE BODY ARISING FROM SUCH AN ORIGIN HAS PASSED INTO EVERYDAY SPEECH AS A SYNONYM FOR A NOBLE O GENTLE,0.0645
3570-5694-0009,WITH MANY QUALIFICATIONS WITH MORE QUALIFICATIONS AS THE PATRIARCHAL TRADITION HAS GRADUALLY WEAKENED THE GENERAL RULE IS FELT TO BE RIGHT AND BINDING THAT WOMEN SHOULD CONSUME ONLY FOR THE BENEFIT OF THEIR MASTERS,WITH MANY QUALIFICATIONS WITH MORE QUALIFICATIONS AS THE PATRIARCH AR TRADITION HAS GRADUALLY WEAKENED THE GENERAL RULE IS FELT TO BE RIGHT AND BINDING THAT WOMEN SHOULD CONSUME ONLY FOR THE BENEFIT OF THEIR MASTERS,0.0588
3570-5694-0010,THE OBJECTION OF COURSE PRESENTS ITSELF THAT EXPENDITURE ON WOMEN'S DRESS AND HOUSEHOLD PARAPHERNALIA IS AN OBVIOUS EXCEPTION TO THIS RULE BUT IT WILL APPEAR IN THE SEQUEL THAT THIS EXCEPTION IS MUCH MORE OBVIOUS THAN SUBSTANTIAL,THE OBJECTION OF COURSE PRESENTS ITSELF THAT EXPENDITURE ON WOMEN'S DRESS AND HOUSEHOLD PARAPHERNALIA IS AN OBVIOUS EXCEPTION TO THIS RULE BUT IT WILL APPEAR IN THE SEQUEL THAT THIS EXCEPTION IS MUCH MORE OBVIOUS THAN SUBSTANTIAL,0.0
3570-5694-0015,SO MANY OF THEM HOWEVER AS MAKE UP THE RETAINER AND HANGERS ON OF THE PATRON MAY BE CLASSED AS VICARIOUS CONSUMER WITHOUT QUALIFICATION,SO MANY OF THEM HOWEVER AS MAKE UP THE RETAINER AND HALDE IS ONER OF THE PATRON MAY BE CLASSED AS VICARIOUS CONSUMER WITHOUT QUALIFICATION,0.125
3570-5694-0018,THE WEARERS OF UNIFORMS AND LIVERIES MAY BE ROUGHLY DIVIDED INTO TWO CLASSES THE FREE AND THE SERVILE OR THE NOBLE AND THE IGNOBLE,THE WEROS OF UNIFORMS AND LIVERIES MAY BE ROUGHLY DIVIDED INTO TWO CLASSES THE FREE AND THE SERVILE OR THE NOBLE AND THE IGNOBLE,0.0417
3570-5695-0001,THE DEPENDENT WHO WAS FIRST DELEGATED FOR THESE DUTIES WAS THE WIFE OR THE CHIEF WIFE AND AS WOULD BE EXPECTED IN THE LATER DEVELOPMENT OF THE INSTITUTION WHEN THE NUMBER OF PERSONS BY WHOM THESE DUTIES ARE CUSTOMARILY PERFORMED GRADUALLY NARROWS THE WIFE REMAINS THE LAST,THE DEPENDENT WHO WAS FIRST DELEGATED FOR THESE DUTIES WAS THE WIFE OF THE CHIEF WIFE AND AS WOULD BE EXPECTED IN THE LATER DEVELOPMENT OF THE INSTITUTION WHEN THE NUMBER OF PERSONS BY WHOM THESE DUTIES ARE CUSTOMARILY PERFORMED GRADUALLY NARROWS THE WIFE REMAINS THE LAST,0.0213
3570-5695-0014,AMONG THE COUNTRY POPULATION ITS PLACE IS TO SOME EXTENT TAKEN BY SAVINGS AND HOME COMFORTS KNOWN THROUGH THE MEDIUM OF NEIGHBORHOOD GOSSIP SUFFICIENTLY TO SERVE THE LIKE GENERAL PURPOSE OF PECUNIARY REPUTE,AMONG THE COUNTRY POPULATION IT SUPPOSES TO SOME EXTENT TAKEN BY SAVINGS AND HORM COMFERTS KNOWN THROUGH THE MEDIUM OF NEIGHBOURHOOD GOSSIP SUFFICIENT TO DISERN THE LIKE GENERAL PURPOSE OF PECUNIARY REPUTE,0.2424
3570-5696-0000,UNDER THE SIMPLE TEST OF EFFECTIVENESS FOR ADVERTISING WE SHOULD EXPECT TO FIND LEISURE AND THE CONSPICUOUS CONSUMPTION OF GOODS DIVIDING THE FIELD OF PECUNIARY EMULATION PRETTY EVENLY BETWEEN THEM AT THE OUTSET,UNDER THE SIMPLE TESTED EFFECTIVENESS FOR ADVERTISING WE SHOULD EXPECT TO FIND LEISURE AND THE CONSPICUOUS CONSUMPTION OF GOODS DIVIDING THE FIELD OF PECUNIARY EMULATION PRETTY EVENLY BETWEEN THEM AT THE OUTSET,0.0606
3570-5696-0008,BUT IT IS ON OTHER GROUNDS WORTH NOTING THAT THE TERM WASTE IN THE LANGUAGE OF EVERYDAY LIFE IMPLIES DEPRECATION OF WHAT IS CHARACTERIZED AS WASTEFUL,BUT IT IS ON OTHER GROUNDS WORTH NOTING THAT THE TERM WASTE IN THE LANGUAGE OF EVERYDAY LIFE IMPLIES DEPRECATION OF WHAT IS CHARACTERIZED AS WASTEFUL,0.0
3575-170457-0000,AND OFTEN HAS MY MOTHER SAID WHILE ON HER LAP I LAID MY HEAD SHE FEARED FOR TIME I WAS NOT MADE BUT FOR ETERNITY,AND OFTEN HAS MY MOTHER SAID WHILE ON HER LAP I LAID MY HEAD SHE FEARED FOR TIME I WAS NOT MADE BUT FOR ETERNITY,0.0
3575-170457-0005,SHE A TORY AND CLERGYMAN'S DAUGHTER WAS ALWAYS IN A MINORITY OF ONE IN OUR HOUSE OF VIOLENT DISSENT AND RADICALISM,SHE A TORIAN CLERGYMAN'S DAUGHTER WAS ALWAYS IN HA MINORITY OF ONE IN OUR HOUSE OF VIOLENT DISSENT AND RADICALISM,0.1429
3575-170457-0008,AND SO LIFE AND DEATH HAVE DISPERSED THE CIRCLE OF VIOLENT RADICALS AND DISSENTERS INTO WHICH TWENTY YEARS AGO THE LITTLE QUIET RESOLUTE CLERGYMAN'S DAUGHTER WAS RECEIVED AND BY WHOM SHE WAS TRULY LOVED AND HONOURED,AND SO LIFE AND DEATH HAVE DISPERSED THE CIRCLE OF VIOLENT RADICALS AND DISSENTERS INTO WHICH TWENTY YEARS AGO THE LITTLE QUIET RESOLUTE CLERGYMAN'S DAUGHTER WAS RECEIVED AND BY WHOM SHE WAS TRULY LOVED AND HONORED,0.0278
3575-170457-0011,BUT IT IS NOT WITH A VIEW TO DISTINCTION THAT YOU SHOULD CULTIVATE THIS TALENT IF YOU CONSULT YOUR OWN HAPPINESS,BUT IT IS NOT WITH A VIEW TO DISTINCTION THAT YOU SHOULD CULTIVATE MISS TARRANT IF YOU CONSOLE YOUR OWN HAPPINESS,0.1429
3575-170457-0014,TO THOSE DUTIES YOU HAVE NOT YET BEEN CALLED AND WHEN YOU ARE YOU WILL BE LESS EAGER FOR CELEBRITY,TO THOSE DUTIES YOU HAVE NOT YET BEEN CALLED AND WHEN YOU ARE YOU WILL BE LESS EAGER FOR CELEBRITY,0.0
3575-170457-0020,I KNOW THE FIRST LETTER I WROTE TO YOU WAS ALL SENSELESS TRASH FROM BEGINNING TO END BUT I AM NOT ALTOGETHER THE IDLE DREAMING BEING IT WOULD SEEM TO DENOTE,I KNOW THE FIRST LETTER I WROTE TO YOU IS ALL SENSELESS TRASH FROM BEGINNING TO END BUT I AM NOT ALTOGETHER THE IDLE DREAMING BEING IT WOULD SEEM TO DENOTE,0.0323
3575-170457-0031,ON AUGUST TWENTY SEVENTH EIGHTEEN THIRTY SEVEN SHE WRITES,ON AUGUST TWENTY SEVENTH EIGHTEEN THIRTY SEVEN SHE WRITES,0.0
3575-170457-0040,INDEED THERE WERE ONLY ONE OR TWO STRANGERS WHO COULD BE ADMITTED AMONG THE SISTERS WITHOUT PRODUCING THE SAME RESULT,INDEED THERE WERE ONLY ONE OR TWO STRANGERS WHO COULD BE ADMITTED AMONG THE SISTERS WITHOUT PRODUCING THE SAME RESULT,0.0
3575-170457-0044,AFTER THIS DISAPPOINTMENT I NEVER DARE RECKON WITH CERTAINTY ON THE ENJOYMENT OF A PLEASURE AGAIN IT SEEMS AS IF SOME FATALITY STOOD BETWEEN YOU AND ME,AFTER THIS DISAPPOINTMENT I NEVER DARE RECKON WITH CERTAINTY ON THE ENJOYMENT OF A PLEASURE AGAIN IT SEEMS AS IF SOME FATALITY STOOD BETWEEN YOU AND ME,0.0
3575-170457-0045,I AM NOT GOOD ENOUGH FOR YOU AND YOU MUST BE KEPT FROM THE CONTAMINATION OF TOO INTIMATE SOCIETY,I AM NOT GOOD ENOUGH FOR YOU AND YOU MUST BE KEPT FROM THE CONTAMINATION OF TOO INTIMATE SOCIETY,0.0
3729-6852-0002,IN ORDER TO PLEASE HER I SPOKE TO HER OF THE ABBE CONTI AND I HAD OCCASION TO QUOTE TWO LINES OF THAT PROFOUND WRITER,IN  ORDER TO PLEASE HER I SPOKE TO HER OF THE ABBE CONTE AND I HAD OCCASION TO QUOTE TWO LINES OF THAT PROFOUND WRITER,0.04
3729-6852-0011,I HAD A NAME I BELIEVE IN MY YOUNG DAYS BUT I HAVE FORGOTTEN IT SINCE I HAVE BEEN IN SERVICE,I HAD A NAME I BELIEVE IN MY YOUNG DAYS BUT I HAVE FORGOTTEN IT SINCE I HAVE BEEN IN SERVICE,0.0
3729-6852-0014,HERE GO AND GET ME CHANGE FOR A LOUIS I HAVE IT SIR,HERE GO AND GET ME CHANGE FOR A LOUIS I HAVE IT SIR,0.0
3729-6852-0016,MADAME QUINSON BESIDES CAN ANSWER YOUR ENQUIRIES,MADAME QUINCON BESIDES CAN ANSWER YOUR INQUIRIES,0.2857
3729-6852-0022,I ADDRESS HIM IN ITALIAN AND HE ANSWERS VERY WITTILY BUT HIS WAY OF SPEAKING MAKES ME SMILE AND I TELL HIM WHY,I ADDRESS HIM IN ITALIAN AND HE ANSWERS VERY WITTILY BUT HIS WAY OF SPEAKING MAKES ME SMILE AND I TELL HIM WHY,0.0
3729-6852-0026,YES BUT THE MERIDIAN OF THE PALAIS ROYAL IS THE MOST EXACT,YES BUT THE MERIDIAN OF THE PALAIS ROYAL IS THE MOST EXACT,0.0
3729-6852-0037,SHE INTRODUCED ME TO ALL HER GUESTS AND GAVE ME SOME PARTICULARS RESPECTING EVERY ONE OF THEM,SHE INTRODUCED ME TO ALL HER GUESTS AND GAVE ME SOME PARTICULARS RESPECTING EVERY ONE OF THEM,0.0
3729-6852-0039,HE HIMSELF RECITED THE SAME PASSAGE IN FRENCH AND POLITELY POINTED OUT THE PARTS IN WHICH HE THOUGHT THAT I HAD IMPROVED ON THE ORIGINAL,HE HIMSELF RECITED THE SAME PASSAGE IN FRENCH AND POLITELY POINTED OUT THE PARTS IN WHICH HE THOUGHT THAT I HAD IMPROVED ON THE ORIGINAL,0.0
3729-6852-0040,FOR THE FIRST DAY SIR I THINK THAT WHAT YOU HAVE DONE GIVES GREAT HOPES OF YOU AND WITHOUT ANY DOUBT YOU WILL MAKE RAPID PROGRESS,FOR THE FIRST DAY SIR I THINK THAT WHAT YOU HAVE DONE GIVES GREAT HOPES OF YOU AND WITHOUT ANY DOUBT YOU WILL MAKE RAPID PROGRESS,0.0
3729-6852-0046,HIS HOUSEKEEPER HAD THE MANAGEMENT OF EVERYTHING SHE NEVER ALLOWED HIM TO BE IN NEED OF ANYTHING AND SHE GAVE NO ACCOUNT OF HIS MONEY WHICH SHE KEPT ALTOGETHER BECAUSE HE NEVER ASKED HER TO RENDER ANY ACCOUNTS,HIS HOUSEKEEPER HAD THE MANAGEMENT OF EVERYTHING SHE NEVER ALLOWED HIM TO BE IN NEED OF ANYTHING AND SHE GAVE NO ACCOUNT OF HIS MONEY WHICH SHE KEPT ALTOGETHER BECAUSE HE NEVER ASKED HER TO RENDER ANY ACCOUNTS,0.0
4077-13751-0002,INSTEAD OF BUT SIX REGULARLY AFFILIATED MEMBERS AND AT MOST TWO SCORE OF ADHERENTS THE ORGANIZATION NUMBERS TODAY MANY HUNDRED THOUSAND SOULS,INSTEAD OF BUT SIX REGULARLY AFFILIATED MEMBERS AND AT MOST TWO SCORE OF ADHERENTS THE ORGANIZATION NUMBERS TO DAY MANY HUNDRED THOUSAND SOULS,0.0909
4077-13751-0006,THEIR EYES WERE FROM THE FIRST TURNED IN ANTICIPATION TOWARD THE EVENING SUN NOT MERELY THAT THE WORK OF PROSELYTING SHOULD BE CARRIED ON IN THE WEST BUT THAT THE HEADQUARTERS OF THE CHURCH SHOULD BE THERE ESTABLISHED,THEIR EYES WERE FROM THE FIRST TURNED IN ANTICIPATION TOWARD THE EVENING SUN NOT MERELY THAT THE WORK OF PROSELYTING SHOULD BE CARRIED ON IN THE WEST BUT THAT THE HEADQUARTERS OF THE CHURCH SHOULD BE THERE ESTABLISHED,0.0
4077-13751-0008,IT IS NOTABLE THAT THE INDIAN TRIBES HAVE GENERALLY REGARDED THE RELIGION OF THE LATTER DAY SAINTS WITH FAVOR SEEING IN THE BOOK OF MORMON STRIKING AGREEMENT WITH THEIR OWN TRADITIONS,IT IS NOTABLE THAT THE INDIAN TRIBES HAVE GENERALLY REGARDED THE RELIGION OF THE LATTER DAY SAINTS WITH FAVOR SEEING IN THE BOOK OF MORMON STRIKING AGREEMENT WITH THEIR OWN TRADITIONS,0.0
4077-13751-0010,TO THE FERVENT LATTER DAY SAINT A TEMPLE IS NOT SIMPLY A CHURCH BUILDING A HOUSE FOR RELIGIOUS ASSEMBLY,TO THE FERVENT LATTERDAY SAINT A TEMPLE IS NOT SOLY A CHURCH BUILDING A HOUSE FOR A RELIGIOUS ASSEMBLY,0.2105
4077-13751-0013,THEIR SUFFERINGS HAVE NEVER YET BEEN FITLY CHRONICLED BY HUMAN SCRIBE,OUR SUFFERINGS HAVE NEVER YET BEEN FITLY CHRONICLED BY HUMAN SCRIBE,0.0909
4077-13751-0015,A SMALL SETTLEMENT HAD BEEN FOUNDED BY MORMON FAMILIES ON SHOAL CREEK AND HERE ON THE THIRTIETH OF OCTOBER EIGHTEEN THIRTY EIGHT A COMPANY OF TWO HUNDRED AND FORTY FELL UPON THE HAPLESS SETTLERS AND BUTCHERED A SCORE,A SMALL SETTLEMENT HAD BEEN FOUNDED BY MORLAND FAMILIES ON SHOAL CREEK AND HERE ON THE THIRTIETH OF OCTOBER EIGHTEEN THIRTY EIGHT A COMPANY OF TWO HUNDRED AND FORTY FELL UPON THE HAPLESS SETTLERS AND BUTTERED A SCORE,0.0526
4077-13751-0020,AS A SAMPLE OF THE PRESS COMMENTS AGAINST THE BRUTALITY OF THE MISSOURIANS I QUOTE A PARAGRAPH FROM THE QUINCY ARGUS MARCH SIXTEENTH EIGHTEEN THIRTY NINE,AS AN EXAMPLE OF THE PRESS COMMENTS AGAINST THE BRUTALITY OF THE MISSOURIANS I QUOTE A PARAGRAPH FROM THE QUINCY ARGUS MARCH SIXTEENTH EIGHTEEN THIRTY NINE,0.0769
4077-13754-0000,THE ARMY FOUND THE PEOPLE IN POVERTY AND LEFT THEM IN COMPARATIVE WEALTH,THE ARMY SOUND THE FECLING POVERTY AND LEFT AN INCOMPARATIVE WEALTH,0.4615
4077-13754-0003,MOREOVER HAD THE PEOPLE BEEN INCLINED TO REBELLION WHAT GREATER OPPORTUNITY COULD THEY HAVE WISHED,MOREOVER HAD THE PEOPLE BEEN INCLINED TO REBELLION A WHAT GREATER OPPORTUNITY COULD THEY HAVE WISHED,0.0667
4077-13754-0010,IN EIGHTEEN SIXTY TWO A LAW WAS ENACTED WITH THE PURPOSE OF SUPPRESSING PLURAL MARRIAGE AND AS HAD BEEN PREDICTED IN THE NATIONAL SENATE PRIOR TO ITS PASSAGE IT LAY FOR MANY YEARS A DEAD LETTER,IN EIGHTEEN SIXTY TWO A LAW WAS ENACTED WITH THE PURPOSE OF SUPPRESSING PLURAL MARRIAGE AND AS HAS BEEN PREDICTED IN THE NATIONAL SENATE PRAYER TO ITS PASSAGE IT LAY FOR MANY YEARS A DEAD LETTER,0.0556
4446-2273-0001,THEY ASKED HIM TO COME TO SEE THEM IN CHELSEA AND THEY SPOKE VERY TENDERLY OF HILDA,THEY ASKED HIM TO COME TO SEE THEM IN CHELSEA AND HEY SPOKE VERY TENDERLY OF HILDA,0.0588
4446-2273-0008,I'VE MANAGED TO SAVE SOMETHING EVERY YEAR AND THAT WITH HELPING MY THREE SISTERS NOW AND THEN AND TIDING POOR COUSIN MIKE OVER BAD SEASONS,I'VE MANAGED TO SAVE SOMETHING EVERY YEAR AND THAT WITH HELPING MY THREE SISTERS NOW AND THEN AND TIDING POOR COUSIN MICHAEL FER BAD SEASONS,0.08
4446-2273-0022,THEY WERE BOTH REMEMBERING WHAT THE WOMAN HAD SAID WHEN SHE TOOK THE MONEY GOD GIVE YOU A HAPPY LOVE,THEY WERE BOTH REMEMBERING WHAT THE WOMAN HAD SAID WHEN SHE TOOK THE MONEY GOD GIVE YOU A HAPPY LOVE,0.0
4446-2273-0032,HE STOOD A LITTLE BEHIND HER AND TRIED TO STEADY HIMSELF AS HE SAID IT'S SOFT AND MISTY SEE HOW WHITE THE STARS ARE,HE STOOD A LITTLE BEHIND HER AND TRIED TO STEADY HIMSELF AS HE SAID IT'S SOFT AND MISTY SEE HOW WHITE THE STARS ARE,0.0
4446-2275-0007,SHE PUSHED HIM TOWARD THE BIG CHAIR BY THE FIRE AND SAT DOWN ON A STOOL AT THE OPPOSITE SIDE OF THE HEARTH HER KNEES DRAWN UP TO HER CHIN LAUGHING LIKE A HAPPY LITTLE GIRL,SHE PUSHED HIM TOWARD THE BIG CHAIR BY THE FIRE AND SAT DOWN ON A STOOL AT THE OPPOSITE SIDE OF THE HEARTH HER KNEES DRAWN UP TO HER CHIN LAUGHING LIKE A HAPPY LITTLE GIRL,0.0
4446-2275-0026,SHE CLOSED HER EYES AND TOOK A DEEP BREATH AS IF TO DRAW IN AGAIN THE FRAGRANCE OF THOSE DAYS,SHE CLOSED HER EYES AND TOOK A DEEP BREATH AS IF TO DRAW IN AGAIN THE FRAGRANCE OF THOSE DAYS,0.0
4446-2275-0029,PLEASE TELL ME ONE THING BARTLEY AT LEAST TELL ME THAT YOU BELIEVE I THOUGHT I WAS MAKING YOU HAPPY,PLEASE TELL ME ONE THING BARTLEY AT LEAST TELL ME THAT YOU BELIEVE I THOUGHT I WAS MAKING YOU HAPPY,0.0
4446-2275-0035,ALEXANDER ROSE AND SHOOK HIMSELF ANGRILY YES I KNOW I'M COWARDLY,ALEXANDER ROSE AND SHOOK HIMSELF ANGRILY YES I KNOW I'M COWARDLY,0.0
4446-2275-0041,YOU SEE LOVING SOME ONE AS I LOVE YOU MAKES THE WHOLE WORLD DIFFERENT,YOU SEE LOVING SOMEONE AS I LOVE YOU MAKES THE WHOLE WORLD DIFFERENT,0.1429
4446-2275-0043,BARTLEY BENT OVER AND TOOK HER IN HIS ARMS KISSING HER MOUTH AND HER WET TIRED EYES,BARTLEY BENT OVER AND TOOK HER IN HIS ARMS KISSING HER MOUTH AND HER WET TIRED EYES,0.0
4507-16021-0001,IT ENGENDERS A WHOLE WORLD LA PEGRE FOR WHICH READ THEFT AND A HELL LA PEGRENNE FOR WHICH READ HUNGER,IT ENGENDERS A WHOLE WORLD LA PEG FOR WHICH RED THEFT AND A HELL LA PEGRIN FOR WHICH RED HUNGER,0.2
4507-16021-0005,WE HAVE NEVER UNDERSTOOD THIS SORT OF OBJECTIONS,WE HAVE NEVER UNDERSTOOD THIS SORT OF OBJECTIONS,0.0
4507-16021-0021,THE PAINTER WHO SAYS MY GRINDER THE NOTARY WHO SAYS MY SKIP THE GUTTER THE HAIRDRESSER WHO SAYS MY MEALYBACK THE COBBLER WHO SAYS MY CUB TALKS SLANG,THE PAINTER WHO SAYS MY GRINDER THE NOTARY WHO SAYS MY SKIP THE GUTTER THE HAIRDRESSER WHO SAYS MY MEALY BACK THE COBBLER WHO SAYS MY CUB TALKS SLANG,0.0714
4507-16021-0030,ASSUREDLY IF THE TONGUE WHICH A NATION OR A PROVINCE HAS SPOKEN IS WORTHY OF INTEREST THE LANGUAGE WHICH HAS BEEN SPOKEN BY A MISERY IS STILL MORE WORTHY OF ATTENTION AND STUDY,ASSUREDLY IF THE TONGUE WHICH A NATION OR A PROVINCE HAS SPOKEN IS WORTHY OF INTEREST THE LANGUAGE WHICH HAS BEEN SPOKEN BY MISERY IS STILL MORE WORTHY OF ATTENTION AND STUDY,0.0303
4507-16021-0031,AND THEN WE INSIST UPON IT THE STUDY OF SOCIAL DEFORMITIES AND INFIRMITIES AND THE TASK OF POINTING THEM OUT WITH A VIEW TO REMEDY IS NOT A BUSINESS IN WHICH CHOICE IS PERMITTED,AND WHEN WE INSIST UPON IT THE STUDY OF SOCIAL DEFORMITIES AND INFIRMITIES AND THE TASK OF POINTING THEM OUT WITH A VIEW TO REMEDY IS NOT A BUSINESS IN WHICH CHOICE IS PERMITTED,0.0294
4507-16021-0046,EACH DAY HAS ITS OWN GREAT GRIEF OR ITS LITTLE CARE,EACH DAY HAS ITS OWN GREAT GRIEF OR ITS LITTLE CARE,0.0
4507-16021-0052,THE REAL HUMAN DIVISION IS THIS THE LUMINOUS AND THE SHADY,THE REAL HUMAN DIVISUAL IS THIS THE LUMINOUS AND SHADY,0.1818
4507-16021-0053,TO DIMINISH THE NUMBER OF THE SHADY TO AUGMENT THE NUMBER OF THE LUMINOUS THAT IS THE OBJECT,TO DIMINISH THE NUMBER OF THE SHADY TO AUGMENT THE NUMBER OF THE LUMINOUS THAT IS THE OBJECT,0.0
4507-16021-0056,HOWEVER HE WHO SAYS LIGHT DOES NOT NECESSARILY SAY JOY,HOWEVER HE WHO SAYS LIGHT DOES NOT NECESSARILY SAY JOY,0.0
4507-16021-0057,PEOPLE SUFFER IN THE LIGHT EXCESS BURNS,PEOPLE SUFFER IN THE LIGHT EXCESS BURNS,0.0
4970-29093-0002,HE HAS NO TRADITIONS TO BIND HIM OR GUIDE HIM AND HIS IMPULSE IS TO BREAK AWAY FROM THE OCCUPATION HIS FATHER HAS FOLLOWED AND MAKE A NEW WAY FOR HIMSELF,HE HAS NO TRADITIONS TO BIND HIM OR GUIDE HIM AND HIS IMPULSE IS TO BREAK AWAY FROM THE OCCUPATION HIS FATHER HAS FOLLOWED AND MAKE A NEW WAY FOR HIMSELF,0.0
4970-29093-0013,AND HE WENT BACK TO HIS BOOKS AND TO HIS WAITING FOR AN OPENING LARGE ENOUGH FOR HIS DIGNIFIED ENTRANCE INTO THE LITERARY WORLD,AND HE WENT BACK TO HIS BOOKS AND TO IS WAITING FOR AN OPENING LARGE ENOUGH FOR HIS DIGNIFIED ENTRANCE INTO THE LITERARY WORLD,0.0417
4970-29093-0020,WHY IT'S IN MISSOURI SOMEWHERE ON THE FRONTIER I THINK WE'LL GET A MAP,WHY IT'S A MISORI SOMEWHERE ON THE FRONTIER I THINK WE GET A MAP,0.2143
4970-29095-0006,IS THY FATHER WILLING THEE SHOULD GO AWAY TO A SCHOOL OF THE WORLD'S PEOPLE,IS THY FATHER WILLING THEE SHOULD GO AWAY TO A SCHOOL OF THE WORLD'S PEOPLE,0.0
4970-29095-0007,I HAVE NOT ASKED HIM RUTH REPLIED WITH A LOOK THAT MIGHT IMPLY THAT SHE WAS ONE OF THOSE DETERMINED LITTLE BODIES WHO FIRST MADE UP HER OWN MIND AND THEN COMPELLED OTHERS TO MAKE UP THEIRS IN ACCORDANCE WITH HERS,I HAVE NOT ASKED HIM RUTH REPLIED WITH A LOOK THAT MIGHT IMPLY THAT SHE WAS ONE OF THOSE DETERMINED LITTLE BODIES WHO FIRST MADE UP HER OWN MIND AND THEN COMPELLED OTHERS TO MAKE UP THEIRS IN ACCORDANCE WITH HERS,0.0
4970-29095-0020,THERE CERTAINLY WAS NO END TO IT AND EVEN RUTH WAS PHILADELPHIAN ENOUGH TO BELIEVE THAT A STREET OUGHT NOT TO HAVE ANY END OR ARCHITECTURAL POINT UPON WHICH THE WEARY EYE COULD REST,THERE CERTAINLY WAS NO END TO IT AND EVEN RUT WAS PHILADELPHIAN ENOUGH TO BELIEVE THAT A STREET OUGHT NOT TO HAVE ANY END OR ARCHITECTURAL POINT UPON WHICH THE WEARY EYE COULD REST,0.0294
4970-29095-0024,IT HAS OCCUPIED MOTHER A LONG TIME TO FIND AT THE SHOPS THE EXACT SHADE FOR HER NEW BONNET,IT HAS OCCUPIED RATHER A LONG TIME TO FIND T THE SHOPS THE EXACT SHADE OFA HUNGA BONNET,0.2632
4970-29095-0026,IF I GO TO MEETING AT ALL I LIKE BEST TO SIT IN THE QUIET OLD HOUSE IN GERMANTOWN WHERE THE WINDOWS ARE ALL OPEN AND I CAN SEE THE TREES AND HEAR THE STIR OF THE LEAVES,IF I GO TO MEETING AT ALL I LIKE BEST TO SIT IN THE QUIET OLD HOUSE IN GERMANTOWN WHERE THE WINDOWS ARE ALL OPEN AND I CAN SEE THE TREES AND HEAR THE STIR OF THE LEAVES,0.0
4970-29095-0027,IT'S SUCH A CRUSH AT THE YEARLY MEETING AT ARCH STREET AND THEN THERE'S THE ROW OF SLEEK LOOKING YOUNG MEN WHO LINE THE CURBSTONE AND STARE AT US AS WE COME OUT,IT'S SUCH A CRUSH AT THE YEARLY MEETING AT ARCH STREET AND THEN THERE'S THE ROLL OF SLEET LOOKING YOUNG MEN WHO LIE IN THE PURB STONE AND STARE AT US AS WE COME OUT,0.1818
4970-29095-0036,HAS THEE CONSULTED THY MOTHER ABOUT A CAREER I SUPPOSE IT IS A CAREER THEE WANTS,HAS THEE CONSULTED THY MOTHER ABOUT A CAREER I SUPPOSE IT IS A CAREER ONHE ANCE,0.125
4992-23283-0004,AND YET YOU MUST OWN HER BEHAVIOUR HAS WARRANTED THEM HAS IT NOT BEEN IN THIS PARTICULAR INCOHERENT AND UNACCOUNTABLE,AND YET YOU MUST OWN HER BEHAVIOUR HAS WARRANTED THEM HAS IT NOT BEEN IN THIS PARTICULAR INCOHERENT AND UNACCOUNTABLE,0.0
4992-23283-0011,IF SHE DOES NOT KNOW HOW TO ESTIMATE HER OWN VALUE I DO,IF SHE DOES NOT KNOW HOW TO ESTIMATE HER OWN VALUE I DO,0.0
4992-23283-0013,MY LORD MISS MILNER'S TASTE IS NOT A DEPRAVED ONE IT IS BUT TOO REFINED,MY LORD MISS MILLER'S TASTE IS NOT A DEPRAVED ONE IT IS BUT TOO REFINED,0.0667
4992-41797-0007,HE GIVE UP HIS POSITION AND SHUT THE FAMILY UP IN THAT TOMB OF A HOUSE SO T HE COULD STUDY HIS BOOKS,HE GAVE UP HIS POSITION AND SHUT THE FAMILY UP IN THAT TOMB OF A HOUSE SO HE COULD STUDY HIS BOOKS,0.087
4992-41797-0010,ALWAYS IRRITABLE COLD INDIFFERENT HE HAD GROWN RAPIDLY MORE SO AS YEARS WENT ON,ALWAYS IRRITABLE COLD INDIFFERENT HE HAD GROWN RAPIDLY MORE SO AS YEARS WENT ON,0.0
4992-41797-0017,HE WOULDN'T SEARCH SO DON'T WORRY REPLIED CYRIL QUIETLY AND THE TWO LOOKED AT EACH OTHER AND KNEW THAT IT WAS SO,HE WOULDN'T SEARCH SO DON'T WORRY REPLIED CYRIL QUIETLY AND THE TWO LOOKED AT EACH OTHER AND KNEW THAT IT WAS SO,0.0
4992-41806-0003,KATHLEEN WAVED THE TORCH TO AND FRO AS SHE RECITED SOME BEAUTIFUL LINES WRITTEN FOR SOME SUCH PURPOSE AS THAT WHICH CALLED THEM TOGETHER TO NIGHT,KATHLEEN WAVED THE TORCH TO AND FRO AS SHE RECITED SOME BEAUTIFUL LINES WRITTEN FOR SOME SUCH PURPOSE AS THAT WHICH CALLED THEM TOGETHER TO NIGHT,0.0
4992-41806-0008,OLIVE HAS ANOTHER LOVELY GIFT FOR THE YELLOW HOUSE SAID MOTHER CAREY RISING AND TO CARRY OUT THE NEXT PART OF THE PROGRAMME WE SHALL HAVE TO GO IN PROCESSION UPSTAIRS TO MY BEDROOM,OLIVE HAS ANOTHER LOVELY GIFT FOR THE YELLOW HOUSE SAID MOTHER KATY RISING AND TO CARRY OUT THE NEXT PART OF THE PROGRAMME WE SHALL HAVE TO GO IN PROCESSION UPSTAIRS TO MY BEDROOM,0.0294
4992-41806-0013,APPROACHING THE DINING TABLE HE CAREFULLY PLACED THE ARTICLE IN THE CENTRE AND REMOVED THE CLOTH,APPROACHING THE DINING TABLE HE CAREFULLY PLACED THE ARTICLE IN THE CENTRE AND REMOVED THE CLOTH,0.0
4992-41806-0017,WE SHUT OUR EYES THE FLOWERS BLOOM ON WE MURMUR BUT THE CORN EARS FILL WE CHOOSE THE SHADOW BUT THE SUN THAT CASTS IT SHINES BEHIND US STILL,WE SHUT OUR EYES THE FLOWERS BLOOM ON WE MURMUR BUT THE COURTIERS FILL WE CHOOSE THE SHADOW BUT THE SUN THAT CASTS IT SHINES BEHIND US STILL,0.069
5105-28233-0001,HE SEEMED BORN TO PLEASE WITHOUT BEING CONSCIOUS OF THE POWER HE POSSESSED,HE SEEMED BORN TO PLEASE WITHOUT BEING CONSCIOUS OF THE POWER HE POSSESSED,0.0
5105-28233-0004,ONCE IN ACTION HE WAS LEADING A DETACHMENT OF INFANTRY THROUGH AN INTRENCHMENT,ONCE IN ACTION HE WAS LEADING A DETACHMENT OF INFANTRY THROUGH AN ENTRENCHMENT,0.0769
5105-28240-0006,THE WIND BEING ADVERSE THE DOBRYNA DID NOT MAKE VERY RAPID PROGRESS BUT AS THE WEATHER IN SPITE OF A FEW CLOUDS REMAINED CALM AND THE SEA WAS QUITE SMOOTH SHE WAS ENABLED TO HOLD A STEADY COURSE,THE WIND BEING ADVERSE THE OBRINA DID NOT MAKE VERY RAPID PROGRESS BUT AS THE WEATHER IN SPITE OF A FEW CLOUDS REMAINED CALM AND THE SEA WAS QUITE SMOOTH SHE WAS ENABLED TO HELD A STEADY COURSE,0.0526
5105-28240-0007,SERVADAC TOOK IT FOR GRANTED THAT THE DOBRYNA WAS ENDEAVORING TO PUT IN,SERVEDA TOOK IT FOR GRANTED THAT HE GOBRINO WAS ENDEAVORING TO PUT IN,0.2308
5105-28240-0009,SLIGHTLY CHANGING HER COURSE SHE FIRST STRUCK HER MAINSAIL AND IN ORDER TO FACILITATE THE MOVEMENTS OF HER HELMSMAN SOON CARRIED NOTHING BUT HER TWO TOPSAILS BRIGANTINE AND JIB,SLIGHTLY CHANGING HER COURSE SHE FIRST STRUCK HER MAINSAIL AND IN ORDER TO FACILITATE THE MOVEMENTS OF HER HELMSMEN SOON CARRIED NOTHING BUT HER TWO TOPSAILS BRIGANTINE AND JIB,0.0345
5105-28240-0012,NEVER MIND NOW INTERPOSED THE CAPTAIN WE WILL TALK OF THAT BY AND BY,BETTER MIND NOW INTERPOSED THE CAPTAIN WE WILL TALK OF THAT BY AND BY,0.0714
5105-28240-0016,TO ALL THESE INQUIRIES THE COUNT RESPONDED IN THE AFFIRMATIVE,TO ALL THESE INQUIRIES THE COUNT RESPONDED IN THE AFFIRMATIVE,0.0
5105-28240-0022,IT WAS ON THE LAST DAY OF JANUARY THAT THE REPAIRS OF THE SCHOONER WERE COMPLETED,IT WAS ON THE LAST DAY OF JANUARY THAT THE REPAIRS OF THE SCHOONER WERE COMPLETED,0.0
5105-28240-0024,DOUBTS NOW AROSE AND SOME DISCUSSION FOLLOWED WHETHER OR NOT IT WAS DESIRABLE FOR BEN ZOOF TO ACCOMPANY HIS MASTER,DOUBTS NOW AROSE AND SOME DISCUSSION FOLLOWED WHETHER OR NOT IT WAS DESIRABLE FOR BEN ZOP TO ACCOMPANY HIS MASTER,0.05
5105-28241-0005,FOR A FEW MILES SHE FOLLOWED THE LINE HITHERTO PRESUMABLY OCCUPIED BY THE COAST OF ALGERIA BUT NO LAND APPEARED TO THE SOUTH,FOR A FEW MILES SHE FOLLOWED THE LINE HITHERTO PRESUMABLY OCCUPIED BY THE COAST OF ALGERIA BUT NO LAND APPEARED TO THE SOUTH,0.0
5142-33396-0012,THEN I WILL GET ME A FARM AND WILL WINTER IN THAT LAND NOW WHO WILL FOLLOW ME,THEN I WILL GET ME A FARM AND WILL WITTER IN THAT LAND NOW WHO WILL FOLLOW ME,0.0556
5142-33396-0015,AS OUR BOAT FLASHED DOWN THE ROLLERS INTO THE WATER I MADE THIS SONG AND SANG IT,AS OUR BOAT FLASHED DOWN THE ROLLERS INTO THE WATER I MADE THE SONG AND SANG IT,0.0588
5142-33396-0019,OH IT IS BETTER TO LIVE ON THE SEA AND LET OTHER MEN RAISE YOUR CROPS AND COOK YOUR MEALS,OH IT IS BETTER TO LIVE ON THE SEA AND LET OTHER MEN RAISE YOUR CROPS AND COOK YOUR MEALS,0.0
5142-33396-0024,I STOOD WITH MY BACK TO THE WALL FOR I WANTED NO SWORD REACHING OUT OF THE DARK FOR ME,I STOOD WITH MY BACK TO THE WALL FOR I WERNT NO SWORD REACHING OUT OF THE DARK FOM IT,0.15
5142-33396-0032,THE FARMER SAT GLOOMILY ON THE BENCH AND WOULD NOT EAT AND YOU CANNOT WONDER FOR HE SAW US PUTTING POTFULS OF HIS GOOD BEEF AND BASKET LOADS OF BREAD INTO OUR BIG MOUTHS,THE FARMER SAT GLOOMILY ON THE BENCH AND WOULD NOT EAT AND YOU CANNOT WONDER FOR HE SAW US PUTTING POTFULS OF HIS GOOD BEEF AND BASKET LOAVES OF BREAD INTO OUR BIG MOUTHS,0.0294
5142-33396-0054,THAT IS THE BEST WAY TO DECIDE FOR THE SPEAR WILL ALWAYS POINT SOMEWHERE AND ONE THING IS AS GOOD AS ANOTHER,THAT IS THE BEST WAY TO DECIDE FOR THE SPEAR WILL ALWAYS POINT SOMEWHERE AND ONE THING IS AS GOOD AS ANOTHER,0.0
5142-36377-0001,IN FIVE MINUTES I WAS IN A NEW WORLD AND MY MELANCHOLY ROOM WAS FULL OF THE LIVELIEST FRENCH COMPANY,IN FIVE MINITS I WAS IN A NEW WORLD AND MY MELANCHOLY ROOM WAS FULL OF THE LIVELIEST FRENCH COMPANY,0.05
5142-36377-0006,A NEW MEMBER OF THE FAMILY CIRCLE WHO INSTANTLY ATTRACTED MY ATTENTION ENTERED THE ROOM,A NEW MEMBER OF THE FAMILY CIRCLE WHO INSTANTLY ATTRACTED MY ATTENTION ENTERED THE ROOM,0.0
5142-36377-0018,HE LOOKED UP AT NAOMI DOUBTINGLY FROM HIS PLATE AND LOOKED DOWN AGAIN SLOWLY WITH A FROWN,HE LOOKED UP AT NAOME DOUBTINGLY FROM HIS PLATE AND LOOKED DOWN AGAIN SLOWLY WITH A FROWN,0.0588
5142-36377-0023,YOU WERE QUITE RIGHT TO SAY NO AMBROSE BEGAN NEVER SMOKE WITH JOHN JAGO HIS CIGARS WILL POISON YOU,YOU WERE QUITE RIGHT TO SAY NO AMBROSE BEGAN NEVER SPOKE ITH JOHNNY AGO HIS CIGARS WILL POISON YOU,0.2105
5639-40744-0002,RODOLFO AND HIS COMPANIONS WITH THEIR FACES MUFFLED IN THEIR CLOAKS STARED RUDELY AND INSOLENTLY AT THE MOTHER THE DAUGHTER AND THE SERVANT MAID,RODOLPHO AND HIS COMPANIONS WITH THEIR FACES MUFFLED IN THEIR CLOAKS STARED RUDELY AND INSOLENTLY AT THE MOTHER THE DAUGHTER AND THE SERVANT MAID,0.0417
5639-40744-0007,MEANWHILE RODOLFO HAD LEOCADIA SAFE IN HIS CUSTODY AND IN HIS OWN APARTMENT,MEANWHILE RUDOLP HAD LILCADIA SAFE IN HIS CUSTODY AND IN HIS OWN APARTMENT,0.1538
5639-40744-0012,SHE SUCCEEDED IN OPENING THE WINDOW AND THE MOONLIGHT SHONE IN SO BRIGHTLY THAT SHE COULD DISTINGUISH THE COLOUR OF SOME DAMASK HANGINGS IN THE ROOM,SHEHAD SUCCEEDED IN OPENING THE WINDOW AND THE MOONLIGHT SHONE IN SO BRIGHTLY THAT SHE COULD DISTINGUISH THE COLOR OF SOME DAMASK HANGING IN THE ROOM,0.1154
5639-40744-0013,SHE SAW THAT THE BED WAS GILDED AND SO RICH THAT IT SEEMED THAT OF A PRINCE RATHER THAN OF A PRIVATE GENTLEMAN,SHE SAW THAT THE BED WAS GILDED AND SO RICH THAT IT SEEMED THAT OF A PRINCE RATHER THAN OF A PRIVATE GENTLEMAN,0.0
5639-40744-0014,AMONG OTHER THINGS ON WHICH SHE CAST HER EYES WAS A SMALL CRUCIFIX OF SOLID SILVER STANDING ON A CABINET NEAR THE WINDOW,AMONG OTHER THINGS ON WHICH SHE CAST HER EYES WAS A SMALL CRUCIFIX OF SOLID SILVER STANDING ON A CABINET NEAR THE WINDOW,0.0
5639-40744-0017,CHOKING WITH EMOTION LEOCADI MADE A SIGN TO HER PARENTS THAT SHE WISHED TO BE ALONE WITH THEM,THALKING WITH EMOTION TCADIA MADE A SIGN TO HER PARENTS THAT SHE WISHED TO BE ALONE WITH THEM,0.1111
5639-40744-0024,ONE DAY WHEN THE BOY WAS SENT BY HIS GRANDFATHER WITH A MESSAGE TO A RELATION HE PASSED ALONG A STREET IN WHICH THERE WAS A GREAT CONCOURSE OF HORSEMEN,ONE DAY WHEN THE BOY WAS SENT BY HIS GRANDFATHER WITH A MESSAGE TO A RELATION HE PASSED ALONG A STREET IN WHICH THERE WAS A GREAT CONCOURSE OF BORDSMEN,0.0333
5639-40744-0029,THIS TRUTH WHICH I HAVE LEARNED FROM HER LIPS IS CONFIRMED BY HIS FACE IN WHICH WE HAVE BOTH BEHELD THAT OF OUR SON,THIS TRUTH WHICH I HAVE LEARNED FROM HER LIPS IS CONFIRMED BY HIS FACE IN WHICH WE HAV BOTH BEHELD THAT OF OUR SON,0.0417
5639-40744-0034,ALL ROSE TO DO HER REVERENCE AS IF SOMETHING FROM HEAVEN HAD MIRACULOUSLY APPEARED BEFORE THEM BUT GAZING ON HER ENTRANCED WITH ADMIRATION NOT ONE OF THEM WAS ABLE TO ADDRESS A SINGLE WORD TO HER,ALL ROSE TO DO HER REVERENCE AS IF SOMETHING FROM HEAVEN HAD MIRACULOUSLY APPEARED BEFORE THEM BUT GAZING ON HER ENTRANCED WITH ADMIRATION NOT ONE OF THEM WAS ABLE TO ADDRESS A SINGLE WORD TO HER,0.0
5639-40744-0040,THIS WAS DONE FOR THE EVENT TOOK PLACE AT A TIME WHEN THE CONSENT OF THE PARTIES WAS SUFFICIENT FOR THE CELEBRATION OF A MARRIAGE WITHOUT ANY OF THE PRELIMINARY FORMALITIES WHICH ARE NOW SO PROPERLY REQUIRED,THIS WAS DONE FOR THE EVENT TOOK PLACE AT A TIME WHEN THE CONSENT OF THE PARTIES WAS SUFFICIENT FOR THE CELEBRATION OF A MARRIAGE WITHOUT ANY OF THE PRELIMINARY FORMALITIES WHICH ARE NOW SO PROPERLY REQUIRE,0.027
5683-32865-0010,I WAS THINKING IT'S VERY LIKE THE ACE OF HEARTS ANSWERED THE CAPTAIN SOFTLY SMILING ON,I WAS THINKING IT'S VERY LIKE THE ACE OF HEARTS ANSWERED THE CAPTAIN SOFTLY SMILING ON,0.0
5683-32866-0006,YES SO THEY SAID BUT THAT WOULD I THINK HAVE BEEN WORSE,YES SO THEY SAID BUT THAT WOULD I THINK HAVE BEEN WORSE,0.0
5683-32866-0012,NOW THAT'S IMPOSSIBLE RADIE FOR I REALLY DON'T THINK I ONCE THOUGHT OF HIM ALL THIS EVENING EXCEPT JUST WHILE WE WERE TALKING,NOW THAT'S IMPOSSIBLE RADY FOR I REALLY DON'T THINK I ONCE THOUGHT OF HIM ALL THIS EVENING EXCEPT JUST WHILE WE WERE TALKING,0.0435
5683-32866-0016,MARK MY WORDS YOU'LL FIND HIM TOO STRONG FOR YOU AYE AND TOO DEEP,MARK MY WORDS YOU'LL FIND HIM TOO STRONG FOR YOU AY AND TOO DEEP,0.0714
5683-32866-0024,I SHAN'T TROUBLE YOU ABOUT MY TRAIN OF THOUGHTS OR FANCIES BUT I BEGAN TO FEEL VERY LIKE A GENTLEMAN IN A GHOST STORY WATCHING EXPERIMENTALLY IN A HAUNTED CHAMBER,I SHAN'T TROUBLE YOU ABOUT MY TRAINOF THOUGHTS OR FANCIES BUT I BEGIN TO FEEL VERY LIKE A GENTLEMAN IN A GHOST STORY WATCH YOU EXPERIMENTALLY IN A HAUNTED CHAMBER,0.1667
5683-32879-0004,BUT POOR RACHEL LAKE HAD MORE THAN THAT STOICAL HYPOCRISY WHICH ENABLES THE TORTURED SPIRITS OF HER SEX TO LIFT A PALE FACE THROUGH THE FLAMES AND SMILE,BUT THE POOR RACHEL LAT HAD MORE THAN THAT STOICAL HYPOCRISY WHICH ENABLES THE TORTURED SPIRITS OF HER SEX TO LIFT A PALE FACE THROUGH THE FLAMES AND SMILE,0.0714
5683-32879-0006,THERE WAS SOMETHING OF SWEETNESS AND FONDNESS IN HER TONES AND MANNER WHICH WAS NEW TO RACHEL AND COMFORTING AND SHE RETURNED THE GREETING AS KINDLY AND FELT MORE LIKE HER FORMER SELF,THERE WAS SOMETHING OF SWEETNESS AND FINENESS IN HER TONES AND MANNER WHICH WAS NEW TO RACHEL AND COMFORTING AND SHE RETURNED THE GREETING AS KINDLY AND FELT MORE LIKE HER FORMER SELF,0.0303
5683-32879-0007,RACHEL'S PALE AND SHARPENED FEATURES AND DILATED EYE STRUCK HER WITH A PAINFUL SURPRISE,RACHEL'S PALE AND SHARPENED FEATURES AND DILATED EYE STRUCK HER WITH A PAINFUL SURPRISE,0.0
5683-32879-0012,THANK YOU RACHEL MY COUSIN RACHEL MY ONLY FRIEND,THANK YOU RACHEL MY COUSIN RACHEL MY ONLY FRIEND,0.0
5683-32879-0013,CHELFORD HAD A NOTE FROM MISTER WYLDER THIS MORNING ANOTHER NOTE HIS COMING DELAYED AND SOMETHING OF HIS HAVING TO SEE SOME PERSON WHO IS ABROAD CONTINUED DORCAS AFTER A LITTLE PAUSE,SHELFORD HAD A NOTE FROM MISTER WILDER THIS MORNING ANOTHER NOTE HIS COMING DELAYED AND SOMETHING OF HIS HAVING TO SEE SOME PERSON WHO WAS ABROAD CONTINUED DORCAS AFTER A LITTLE PAUSE,0.0938
61-70968-0017,I COULD NOT SEE MY BOY INJURED EXCELLENCE FOR BUT DOING HIS DUTY AS ONE OF CUMBERLAND'S SONS,I COULD NOT SEE MY BOY INJURED EXCELLENCE FOR BUT DOING HIS DUTY AS ONE OF CUMBERLAND'S SONS,0.0
61-70968-0020,SHAME ON YOU CITIZENS CRIED HE I BLUSH FOR MY FELLOWS OF NOTTINGHAM,SHAME ON YOU CITIZENS CRIED HE I BLUSH FOR MY FELLOWS OF NOTTINGHAM,0.0
61-70968-0023,BUT I WRESTLED WITH THIS FELLOW AND DO KNOW THAT HE PLAYED UNFAIRLY IN THE SECOND BOUT,BUT I WRESTLED WITH THIS FELLOW AND DO KNOW THAT HE PLAYED UNFAIRLY IN THE SECOND BOUND,0.0588
61-70968-0030,NOW BE SILENT ON YOUR LIVES HE BEGAN BUT THE CAPTURED APPRENTICE SET UP AN INSTANT SHOUT,NO BE SILENT ON YOUR LIVES HE BEGAN BUT THE CAPTURED PRENTIS SET UP AN INSTANT SHOUT,0.1176
61-70968-0041,I LIKE YOU WILL YOU ARE THE SECOND WILL THAT I HAVE MET AND LIKED WITHIN TWO DAYS IS THERE A SIGN IN THAT,I LIKE YOU WILL YOU ARE THE SECOND WILL THAT I HAVE MET AND LIFED WITHIN TWO DAYS IS THERE A SIGN IN THAT,0.0417
61-70968-0043,FRIENDS SAID MONTFICHET FAINTLY TO THE WRESTLERS BEAR US ESCORT SO FAR AS THE SHERIFF'S HOUSE,FRIENDS SAID MONTFICHET FAINTLY TO THE RUSTLERS BEAR US ESCORT SO FAR AS THE SHERIFF'S HOUSE,0.0625
61-70968-0050,HE MADE AN EFFORT TO HIDE HIS CONDITION FROM THEM ALL AND ROBIN FELT HIS FINGERS TIGHTEN UPON HIS ARM,HE MADE AN EFFORT TO HIDE HIS CONDITION FROM THEM ALL AND ROBIN FELT HIS FINGERS TIGHTEN UPON HIS ARM,0.0
61-70968-0057,THESE ESCAPADES ARE NOT FOR OLD GAMEWELL LAD HIS DAY HAS COME TO TWILIGHT,THESE ESCAPADES ARE NOT FOR OLD GAMERELL LAD HIS DAY HAS COME TO TWILIGHT,0.0714
61-70970-0000,YOUNG FITZOOTH HAD BEEN COMMANDED TO HIS MOTHER'S CHAMBER SO SOON AS HE HAD COME OUT FROM HIS CONVERSE WITH THE SQUIRE,YONG FITZUTH HAD BEEN COMMANDED TO HIS MOTHER'S CHAMBER SO SOON AS HE HAD COME OUT FROM HIS CONFERENCE WITH THE SQUIRE,0.1364
61-70970-0011,AS ANY IN ENGLAND I WOULD SAY SAID GAMEWELL PROUDLY THAT IS IN HIS DAY,AS ANY IN ENGLAND I WOULD SAY SAID GAMWELL PROUDLY THAT IS IN HIS DAY,0.0667
672-122797-0003,BUT THIS WAS WHAT THE TREE COULD NOT BEAR TO HEAR,BUT THIS WAS WHAT THE TREE COULD NOT BEAR TO HEAR,0.0
672-122797-0019,REJOICE IN THY OWN FRESH YOUTH,REJOICE IN THY OWN FRESH YOUTH,0.0
672-122797-0052,THERE'S MANY A ONE CONSIDERABLY OLDER THAN I AM,THERE IS MANY A ONE CONSIDERABLY OLDER THAN I AM,0.2222
672-122797-0054,I KNOW NO SUCH PLACE SAID THE TREE,I KNOW NO SUCH PLACE SAID THE TREE,0.0
672-122797-0055,AND THEN HE TOLD ALL ABOUT HIS YOUTH AND THE LITTLE MICE HAD NEVER HEARD THE LIKE BEFORE AND THEY LISTENED AND SAID,AND THEN HE TOLD ALL ABOUT HIS YOUTH AND THE LITTLE MICE HAD NEVER HEARD THE LIKE BEFORE AND THEY LISTENED AND SAID,0.0
672-122797-0058,WHO IS HUMPY DUMPY ASKED THE MICE,WHO IS PUMPY DUMPEY ASKED THE MICE,0.2857
672-122797-0061,DON'T YOU KNOW ONE ABOUT BACON AND TALLOW CANDLES CAN'T YOU TELL ANY LARDER STORIES,DON'T YOU KNOW ONE ABOUT BACON AND TALLOW CANDLES CAN'T YOU TELL ANY LARDER STORIES,0.0
672-122797-0070,THE GOLDEN STAR OF TINSEL WAS STILL ON THE TOP OF THE TREE AND GLITTERED IN THE SUNSHINE,THE GOLDEN STAR OF TINSEL WAS STILL ON THE TOP OF THE TREE AND GLITTERED IN THE SUNSHINE,0.0
672-122797-0072,AND THE GARDENER'S BOY CHOPPED THE TREE INTO SMALL PIECES THERE WAS A WHOLE HEAP LYING THERE,AND THE GARDENER'S BOY CHOPPED THE TREE INTO SMALL PIECES THERE WAS A WHOLE HEAP LYING THERE,0.0
672-122797-0073,THE WOOD FLAMED UP SPLENDIDLY UNDER THE LARGE BREWING COPPER AND IT SIGHED SO DEEPLY,THE WOOD FLAMED UP SPLENDIDLY UNDER THE LARGE BREWING COPPER AND IT SIHDES SOD DEEPLY,0.1333
6829-68769-0006,IF THE PROSECUTION WERE WITHDRAWN AND THE CASE SETTLED WITH THE VICTIM OF THE FORGED CHECK THEN THE YOUNG MAN WOULD BE ALLOWED HIS FREEDOM,IF THE PROSECUTION WERE WITHDRAWN AND THE CASE SETTLED WITH THE VICTIM OF THE FORGED CHECK THEN THE YOUNG MAN WOULD BE ALLOWED HIS FREEDOM,0.0
6829-68769-0039,HE LOOKED UP RATHER UNGRACIOUSLY BUT MOTIONED THEM TO BE SEATED,HE LOOKEDUP RATHER UNGRACIOUSLY BUT HORSOND UM TO BE SEATED,0.3636
6829-68769-0049,HE DETESTED THE GRASPING DISPOSITION THAT WOULD ENDEAVOR TO TAKE ADVANTAGE OF HIS EVIDENT DESIRE TO HELP YOUNG GATES,HE DETESTED THE GRASPING DISPOSITION THAT WOULD ENDEAVOUR TO TAKE ADVANTAGE OF HIS EVIDENT DESIRE TO HELP YOUNG GATES,0.0526
6829-68771-0005,THE ONLY THING NECESSARY WAS TO FIX SETH REYNOLDS AND THIS HOPKINS ARRANGED PERSONALLY,THE ONLY THING NECESSARY WAS TO FIX SETH REYNOLDS AND THISS HOPKINS ARRANGED PERSONALLY,0.0714
6829-68771-0011,TABLES WERE SPREAD ON THE LAWN AND A DAINTY BUT SUBSTANTIAL REPAST WAS TO BE SERVED,TABLES WERE SPREAD ON THE LAWN AND A DAINTY BUT SUBSTANTIAL REPAST WAS TO BE SERVED,0.0
6829-68771-0014,WE OUGHT TO HAVE MORE ATTENDANTS BETH SAID LOUISE APPROACHING HER COUSIN,WE ARE TO HAVE MORE ATTENDANCE BETH SAID LOUISE APPROACHING HER COUSIN,0.1667
6829-68771-0019,SHE WAS DRESSED IN THE REGULATION COSTUME OF THE MAIDS AT ELMHURST A PLAIN BLACK GOWN WITH WHITE APRON AND CAP,SHE WAS DRESSED IN THE REGULATION COSTUME OF THE MAIDS AT ILVERST A PLAIN BLACK GOWN WITH A WHITE APRON AND CAP,0.0952
6829-68771-0023,YOU SPEAK LIKE AN EDUCATED PERSON SAID BETH WONDERINGLY WHERE IS YOUR HOME,YOU SPEAK LIKE AN EDUCATED PERSON SAID BETH WONDERINGLY WHERE IS YOUR HOME,0.0
6829-68771-0025,SHE SAT DOWN IN A ROCKING CHAIR AND CLASPING HER HANDS IN HER LAP ROCKED SLOWLY BACK AND FORTH I'M SORRY SAID BETH,SHE SAT DOWN IN A ROCKING CHAIR AND CLASPING HER HANDS IN HER LAP ROCKED SLOWLY BACK AND FORTH IAM SORRY SAID BETH,0.0435
6829-68771-0035,WILL YOU LEAVE ME ALONE IN MY OWN ROOM OR MUST I GO AWAY TO ESCAPE YOU,WILL YOU LEAVE ME ALONE IN MY OWN ROOM OR MUST I GO AWAY TO ESCAPE YOU,0.0
6930-75918-0009,IT IS YOU WHO ARE MISTAKEN RAOUL I HAVE READ HIS DISTRESS IN HIS EYES IN HIS EVERY GESTURE AND ACTION THE WHOLE DAY,IT IS YOU WHO ARE MISTAKEN OW I HAVE READ HIS DISTRESS IN HIS EYES IN HIS EVERY GESTURE AND ACTION THE WHOLE DAY,0.0417
6930-75918-0015,THUS IT IS THAT THE HONOR OF THREE IS SAVED OUR COUNTRY'S OUR MASTER'S AND OUR OWN,THUS IT IS THAT THE HONOUR OF THREE IS SAVED OUR COUNTRY OUR MASTERS AND OUR OWN,0.1765
6930-75918-0018,THE NIGHT WAS CLEAR STARLIT AND SPLENDID THE TEMPEST HAD PASSED AWAY AND THE SWEET INFLUENCES OF THE EVENING HAD RESTORED LIFE PEACE AND SECURITY EVERYWHERE,THE NIGHT WAS CLEAR STARLIT AND SPLENDID THE TEMPEST HAD PASSED AWAY AND THE SWEET INFLUENCES OF THE EVENING HAD RESTORED LIFE PEACE AND SECURITY EVERYWHERE,0.0
6930-75918-0019,UPON THE LARGE SQUARE IN FRONT OF THE HOTEL THE SHADOWS OF THE TENTS INTERSECTED BY THE GOLDEN MOONBEAMS FORMED AS IT WERE A HUGE MOSAIC OF JET AND YELLOW FLAGSTONES,UPON THE LARGE SQUARE IN FRONT OF THE HOTEL THE SHADOWS OF THE TENTS INTERSECTED BY THE GOLDEN ROMVINES FORMED AS IT WERE A HUGE MOSAIC OF JET AND YELLOW FLAGSTONES,0.0323
6930-76324-0008,I THOUGHT WE WERE STUMPED AGAIN WHEN I FIRST SAW THAT PICTURE BUT IT'S BEEN OF SOME USE AFTER ALL,I THOUGHT WE WERE STUMPED AGAIN WHEN I FIRST SAW THAT PICTURE BUT IT'S BEEN OF SOME USE AFTER ALL,0.0
6930-76324-0011,THEY WORRY ME TERRIBLY AND BESIDES I'D LIKE TO SEE WHAT THIS LOVELY FURNITURE LOOKS LIKE WITHOUT SUCH QUANTITIES OF DUST ALL OVER IT GOOD SCHEME CYN,THEY WOR ME TERRIBLY AND BESIDES I'D LIKE TO SEE WHAT THIS LOVELY FURNITURE LOOKS LIKE WITHOUT SUCH QUANTITIES OF DUST ALL OVER IT GOOD SCHEME SIN,0.0741
6930-76324-0025,WHY IT'S GOLIATH AS USUAL THEY BOTH CRIED PEERING IN,WHY IT GOLIATH AS USUAL TEMO CRIED PEERING IN,0.3
6930-76324-0028,WELL I'M CONVINCED THAT THE BOARDED UP HOUSE MYSTERY HAPPENED NOT EARLIER THAN APRIL SIXTEENTH EIGHTEEN SIXTY ONE AND PROBABLY NOT MUCH LATER,WELL I'M CONVINCED THAT THE BOARDED UP HOUSE MYSTERY HAPPENED NOT EARLIER THAN APRIL SIXTEENTH EIGHTEEN SIXTY ONE AND PROBABLY NOT MUCH LATER,0.0
6930-81414-0011,A FEELING OF FREEDOM AND I WAS AWAKE WHERE,A FEELING OF FREEDOM AND I WAS AWAKE WHERE,0.0
6930-81414-0023,PERCHANCE TOO KAFFAR'S DEATH MIGHT SERVE HIM IN GOOD STEAD,PERCHANCE TOO HAFFER'S DEATH MIGHT SERVE HIM IN GOOD STEAD,0.1
7021-79730-0006,THE MOTHER IN MANAGING THE CASE IN THIS WAY RELIES PARTLY ON CONVINCING THE REASON OF THE CHILD AND PARTLY ON AN APPEAL TO HER AFFECTION,THE MOTHER IN MANAGING THE CASE IN THIS WAY RELIES PARTLY ON CONVINCING THE REASON OF THE CHILD AND PARTLY ON AN APPEAL TO HER AFFECTION,0.0
7021-79730-0009,IT IS INDEED TRUE THAT THE IMPORTANCE OF TACT AND SKILL IN THE TRAINING OF THE YOUNG AND OF CULTIVATING THEIR REASON AND SECURING THEIR AFFECTION CAN NOT BE OVERRATED,IT IS INDEED TRUE THAT THE IMPORTANCE OF TACT AND SKILL IN THE TRAINING OF THE YOUNG AND OF CULTIVATING THEIR REASON AND SECURING THEIR AFFECTION CANNOT BE OVERRATED,0.0667
7021-79740-0001,DELLA HAD A YOUNG SISTER NAMED MARIA AND A COUSIN WHOSE NAME WAS JANE,THE OTHER HAD A YOUNG SISTER NAMED MARIA AND A COUSIN WHOSE NAME WAS JANE,0.1429
7021-79740-0002,NOW DELIA CONTRIVED TO OBTAIN A GREAT INFLUENCE AND ASCENDENCY OVER THE MINDS OF THE CHILDREN BY MEANS OF THESE DOLLS,NOW DELIA CONTRIVED TO OBTAIN A GREAT INFLUENCE AND ASCENDANCY OVER THE MINDS OF THE CHILDREN BY MEANS OF THESE DOLLS,0.0476
7021-79740-0003,TO GIVE AN IDEA OF THESE CONVERSATIONS I WILL REPORT ONE OF THEM IN FULL,TO GIVE AN IDEA OF THESE CONVERSATIONS I WILL REPORT ONE OF THEM IN FULL,0.0
7021-79740-0004,YOU HAVE COME ANDELLA ANDELLA WAS THE NAME OF JANE'S DOLL TO MAKE ROSALIE A VISIT,YOU HAVE COME ANDEA ANDELA IS THE NAME OF JANE STARR TO MAKE ROSALIE A VISIT,0.3125
7021-79759-0003,VAST IMPORTANCE AND INFLUENCE OF THIS MENTAL FURNISHING,THVAST IMPORTANCE AND INFLUENCE OF THIS MENTAL FURNISHING,0.125
7021-79759-0005,THE PAIN PRODUCED BY AN ACT OF HASTY AND ANGRY VIOLENCE TO WHICH A FATHER SUBJECTS HIS SON MAY SOON PASS AWAY BUT THE MEMORY OF IT DOES NOT PASS AWAY WITH THE PAIN,THE PAIN PRODUCED BY AN ACT OF HASTY AND ANGRY VIOLENCE TO WHICH A FATHER SUBJECTS HIS SON MAY SOON PASS AWAY BUT THE MEMORY OF IT DOES NOT PASS AWAY WITH THE PAIN,0.0
7021-85628-0008,FOR LIKE AS NOT THEY MUST HAVE THOUGHT HIM A PRINCE WHEN THEY SAW HIS FINE CAP,FOR LIKE AS NOT THEY MUST HAVE THOUGHT HIM A PRINCE WHEN THEY SAW HIS FINE CAP,0.0
7021-85628-0009,AT THE FARTHER END OF THE LARGEST HALL A TABLE WAS SET WITH GOLDEN CUPS AND GOLDEN PLATES IN LONG ROWS,AT THE FARTHER END OF THE LARGEST HALL A TABLE WAS SET WITH GOLDEN CUPS AND GOLDEN PLATES IN LONG ROWS,0.0
7127-75946-0002,LET HIM COME IN THEN SAID THE KING AND AS IF COLBERT HAD BEEN LISTENING AT THE DOOR FOR THE PURPOSE OF KEEPING HIMSELF AU COURANT WITH THE CONVERSATION HE ENTERED AS SOON AS THE KING HAD PRONOUNCED HIS NAME TO THE TWO COURTIERS,LET HIM COME IN THEN SAID THE KING AND AS IF COLBERT HAD BEEN SCENTING AT THE DOOR FOR THE PURPOSE OF KEEPING HIMSELF ACOROT WITH THE CONVERSATION HE ENTERED AS SOON AS THE KING HAD PRONOUNCED HIS NAME TO THE TWO CORTIERS,0.0909
7127-75946-0004,CERTAINLY SIRE BUT I MUST HAVE MONEY TO DO THAT WHAT,CERTAINLY SIRE BUT I MUST HAVE MONEY TO DO THAT WHAT,0.0
7127-75946-0012,THE NEWS CIRCULATED WITH THE RAPIDITY OF LIGHTNING DURING ITS PROGRESS IT KINDLED EVERY VARIETY OF COQUETRY DESIRE AND WILD AMBITION,THE NEWS CIRCULATED WITH THE RAPIDITY OF LIGHTNING DURING ITS PROGRESS IT KINDLED EVERY VARIETY OF COQUETRY DESIRE AND WILD AMBITION,0.0
7127-75946-0024,MONSIEUR WAS THE ONLY ONE WHO DID NOT UNDERSTAND ANYTHING ABOUT THE MATTER,MONSIEUR WAS THE ONLY ONE WHO DID NOT UNDERSTAND ANYTHING ABOUT THE MATTER,0.0
7127-75947-0001,UPON THIS MADAME DEIGNED TO TURN HER EYES LANGUISHINGLY TOWARDS THE COMTE OBSERVING,UPON THIS MADAME DEIGNED TO TURN HER EYES LANGUISHINGLY TOWARDS THE COMTE OBSERVING,0.0
7127-75947-0007,SHE THEN ROSE HUMMING THE AIR TO WHICH SHE WAS PRESENTLY GOING TO DANCE,SHE THEN ROSE HUMMING THE AIR TO WHICH SHE WAS PRESENTLY GOING TO DANCE,0.0
7127-75947-0023,IT IS TOO DIFFICULT REPLIED MADEMOISELLE DE TONNAY CHARENTE LAUGHING LOUDLY,IT IS TOO DIFFICULT REPLIED MADEMOISELLE DE TONECHAN LAUGHING LOUDLY,0.1818
7127-75947-0025,EXQUISITE SOFT TURF OF THE WOODS THE HAPPINESS WHICH YOUR FRIENDSHIP CONFERS UPON ME,EXQUISITE SOFT TURF OF THE WOODS THE HAPPINESS WHICH YOUR FRIENDSHIP CONFERS UPON ME,0.0
7127-75947-0033,HOW IS IT LA VALLIERE SAID MADEMOISELLE DE TONNAY CHARENTE THAT THE VICOMTE DE BRAGELONNE SPOKE OF YOU AS LOUISE,HOW IS IT LEVALLIER SAID MADEMOISELLE DE TINECHAN THAT THE VICOMTE DE BREG ALONE SPOKE OF YOU AS LOUISE,0.3
7127-75947-0040,IN THIS WAY THE FETE OF THE WHOLE COURT WAS A FETE ALSO FOR THE MYSTERIOUS INHABITANTS OF THE FOREST FOR CERTAINLY THE DEER IN THE BRAKE THE PHEASANT ON THE BRANCH THE FOX IN ITS HOLE WERE ALL LISTENING,IN THIS WAY THE FREAD OF THE WHOLE COURT WAS A FET ALSO FOR THE MYSTERIOUS INHABITANTS OF THE FOREST FOR CERTAINLY THE DEER IN THE BRAKE THE PHEASANT ON THE BRANCH THE FOX IN ITS HOLE WERE ALL LISTENING,0.05
7176-88083-0000,ALL ABOUT HIM WAS A TUMULT OF BRIGHT AND BROKEN COLOR SCATTERED IN BROAD SPLASHES,ALL ABOUT HIM WAS A TUMULT OF BRIGHT AND BROKEN COLOURS SCATTERED IN BROAD SPLASHES,0.0667
7176-88083-0003,BUT HERE HE WAS AT A TERRIBLE DISADVANTAGE AS COMPARED WITH THE OWLS HAWKS AND EAGLES HE HAD NO RENDING CLAWS,BUT HERE HE WAS AT A TERRIBLE DISADVANTAGE AS COMPARED WITH THE OWLS HAWKS AND EAGLES HE HAD NO RENDING CAWS,0.0476
7176-88083-0009,THE GREAT HAWK FOLLOWED HURRIEDLY TO RETRIEVE HIS PREY FROM THE GROUND,THE GREET COCK FOLLOWED HURRIEDLY TO RETRIEVE HIS PREY FROM THE GROUND,0.1667
7176-88083-0025,AT THE SUDDEN SHARP STING OF IT THE GREAT BIRD TURNED HIS HEAD AND NOTICED FOR THE FIRST TIME THE FISHERMAN STANDING ON THE BANK,AT THE SUDDEN SHARP STING OF IT THE GREAT BIRD TURNED HIS HEAD AND NOTICED FOR THE FIRST TIME THE FISHERMAN STANDING ON THE BANK,0.0
7176-88083-0026,THE DRAG UPON HIS BEAK AND THE LIGHT CHECK UPON HIS WINGS WERE INEXPLICABLE TO HIM AND APPALLING,THE DRAG UPON HIS BEAK AND THE LIGHT CHECK UPON HIS WINGS WERE INEXPLICABLE TO HIM AND APPALLING,0.0
7176-92135-0005,BUT SUPPOSE YOU SAID I'M FOND OF WRITING MY PEOPLE ALWAYS SAY MY LETTERS HOME ARE GOOD ENOUGH FOR PUNCH,BUT SUPPOSE YOU SAID I'M FOND OF WRITING MY PEOPLE ALWAYS SAY MY LETTERS HOME ARE GOOD ENOUGH FOR PUMPS,0.05
7176-92135-0006,I'VE GOT A LITTLE IDEA FOR A PLAY ABOUT A MAN AND A WOMAN AND ANOTHER WOMAN AND BUT PERHAPS I'D BETTER KEEP THE PLOT A SECRET FOR THE MOMENT,I'VE GOT A LITTLE IDEA FOR A PLAY ABOUT A MAN AND A WOMAN AND ANOTHER WOMAN AND BUT PERHAPS I'D BETTER KEEP THE PLOT A SECRET FOR THE MOMENT,0.0
7176-92135-0009,AND I SHOULD BEGIN WITH A SHORT HOMILY ON SOLILOQUY,AND I SHALL BEGIN WITH A SHORT COMIL OR SOLILOGE,0.4
7176-92135-0022,TO BE OR NOT TO BE THAT IS THE QUESTION WHETHER TIS NOBLER IN THE MIND TO SUFFER THE SLINGS AND ARROWS WHAT NO HAMLET SPEAKING,TO BE YOUR OR NOT TO BE THAT IS THE QUESTION WHETHER IT IS NOBLER IN THE MIND TO SUFFER THE SLINGS AND ARROWS WHAT NO HAMLET SMEAKING,0.1538
7176-92135-0042,IN NOVELS THE HERO HAS OFTEN PUSHED HIS MEALS AWAY UNTASTED BUT NO STAGE HERO WOULD DO ANYTHING SO UNNATURAL AS THIS,IN BAUBLES THE HERO HAS OFTEN PUSHED HIS MEALS AWAY UNTASTED BUT NO STEED HERO WOULD DO ANYTHING SO UNNATURAL AS THIS,0.0909
7729-102255-0012,SEVERAL HUNDRED FREE STATE MEN PROMPTLY RESPONDED TO THE SUMMONS,SEVERAL HUNDRED FREE STATE MEN PROMPTLY RESPONDED TO THE SUMMONS,0.0
7729-102255-0018,LITTLE BY LITTLE HOWEVER THE LATTER BECAME HEMMED AND BOUND IN THE MESHES OF THE VARIOUS DEVICES AND PROCEEDINGS WHICH THE TERRITORIAL OFFICIALS EVOLVED FROM THE BOGUS LAWS,LITTLE BY LITTLE HOWEVER THE LATTER BECAME HEMMED AND BOUND IN THE MESHES OF THE VARIOUS DEVICES AND PROCEEDINGS WHICH THE TERRITORIAL OFFICIALS EVOLVED FROM THE BOGUS LAWS,0.0
7729-102255-0023,THEIR DISTINCTIVE CHARACTERS HOWEVER DISPLAY ONE BROAD AND UNFAILING DIFFERENCE,THEIR DISTINCTIVE CHARACTERS HOWEVER DISPLAY ONE BROAD AND UNFAILING DIFFERENCE,0.0
7729-102255-0024,THE FREE STATE MEN CLUNG TO THEIR PRAIRIE TOWNS AND PRAIRIE RAVINES WITH ALL THE OBSTINACY AND COURAGE OF TRUE DEFENDERS OF THEIR HOMES AND FIRESIDES,THE FREE STATEMEN CLUNG TO THEIR PRAIRIE TOWNS AND PRAIRIE LANDS WITH ALL THE OBSTINACY AND COURAGE OF TRUE DEFENDERS OF THEIR HOMES AND FIRESIDES,0.1154
7729-102255-0030,HE SUMMONED HALF A DOZEN CITIZENS TO JOIN HIS POSSE WHO FOLLOWED OBEYED AND ASSISTED HIM,HE SUMMONED HALF A DOZEN CITIZENS TO JOIN HIS POSSE WHO FOLLOWED OBEYED AND ASSISTED HIM,0.0
7729-102255-0031,HE CONTINUED HIS PRETENDED SEARCH AND TO GIVE COLOR TO HIS ERRAND MADE TWO ARRESTS,HE CONTINUED HIS PRETENDED SEARCH AND TO GIVE COLOR TO HIS ERRAND MADE TO ARREST,0.1333
7729-102255-0035,THE MILITARY FORCE PARTLY RABBLE PARTLY ORGANIZED HAD MEANWHILE MOVED INTO THE TOWN,THE MILITARY FORCE PARTLY RABBLE PARTLY ORGANIZED HAD MEANWHILE MOVED INTO THE TOWN,0.0
7729-102255-0037,HALF AN HOUR LATER TURNING A DEAF EAR TO ALL REMONSTRANCE HE GAVE THE PROPRIETORS UNTIL FIVE O'CLOCK TO REMOVE THEIR FAMILIES AND PERSONAL PROPERTY FROM THE FREE STATE HOTEL,HALF AN HOUR LATER TURNING A DEAF EAR TO ALL REMONSTRANCE HE GAVE THE PROPRIETORS UNTIL FIVE O'CLOCK TO REMOVE THEIR FAMILIES AND PERSONAL PROPERTY FROM THE FREESTATE HOTEL,0.0667
7729-102255-0039,THE INMATES BEING REMOVED AT THE APPOINTED HOUR A FEW CANNON BALLS WERE FIRED THROUGH THE STONE WALLS,THE INMATES BEING REMOVED AT THE APPOINTED HOUR A FEW CANNON BALLS WERE FIRED THROUGH THE STONE WALLS,0.0
7729-102255-0040,IN THIS INCIDENT CONTRASTING THE CREATIVE AND THE DESTRUCTIVE SPIRIT OF THE FACTIONS THE EMIGRANT AID SOCIETY OF MASSACHUSETTS FINDS ITS MOST HONORABLE AND TRIUMPHANT VINDICATION,IN THIS INCIDENT CONTRASTING THE CREATIVE AND THE DESTRUCTIVE SPIRIT OF THE FACTIONS THE IMMIGRANT SOCIETY OF MASSACHUSETTS FINDS ITS MOST HONORABLE AND TRIUMPHANT VINDICATION,0.0769
8224-274381-0007,BY QUICK MARCHES THROUGH THESE INACCESSIBLE MOUNTAINS THAT GENERAL FREED HIMSELF FROM THE SUPERIOR FORCES OF THE COVENANTERS,BY QUICK MARCHES THROUGH THESE INACCESSIBLE MOUNTAINS THAT GENERAL FREED HIMSELF FROM THE SUPERIOR FORCES OF THE COVENANTERS,0.0
8224-274381-0010,BY A QUICK AND UNEXPECTED MARCH MONTROSE HASTENED TO INNERLOCHY AND PRESENTED HIMSELF IN ORDER OF BATTLE BEFORE THE SURPRISED BUT NOT AFFRIGHTENED COVENANTERS,BY A QUICK AND UNEXPECTED MARCH MONTROSE HASTENED TO INTERLOCKE AND PRESENTED HIMSELF IN ORDER OF BATTLE BEFORE THE SURPRISED BUT NOT AFRIGHTENED COLENANTERS,0.125
8224-274381-0011,HIS CONDUCT AND PRESENCE OF MIND IN THIS EMERGENCE APPEARED CONSPICUOUS,HIS CONDUCT AND PRESENCE OF MIND IN THIS EMERGENCE APPEARED CONSPICUOUS,0.0
8224-274381-0013,FROM THE SAME MEN NEW REGIMENTS AND NEW COMPANIES WERE FORMED DIFFERENT OFFICERS APPOINTED AND THE WHOLE MILITARY FORCE PUT INTO SUCH HANDS AS THE INDEPENDENTS COULD RELY ON,FROM THE SAME MEN NEW REGIMENTS AND NEW COMPANIES WERE FORMED DIFFERENT OFFICERS APPOINTED AND THE WHOLE MILITARY FORCE PUT INTO SUCH HANDS AS THE INDEPENDENTS COULD RELY ON,0.0
8224-274384-0002,THEY INFORMED THE ENGLISH PARLIAMENT OF THIS UNEXPECTED INCIDENT AND ASSURED THEM THAT THEY HAD ENTERED INTO NO PRIVATE TREATY WITH THE KING,THEY INFORMED THE ENGLISH PARLIAMENT OF THIS UNEXPECTED INCIDENT AND ASSURED THEM THAT THEY HAD ENTERED INTO NO PRIVATE TREATY WITH THE KING,0.0
8224-274384-0006,THE KING STOOD UP AND CALLED FOR THAT PSALM WHICH BEGINS WITH THESE WORDS,THE KING STOOD UP AND CALLED FOR THAT PSALM WHICH BEGINS WITH THESE WORDS,0.0
8224-274384-0007,HAVE MERCY LORD ON ME I PRAY FOR MEN WOULD ME DEVOUR,HAVE MERCY LORD ON ME I PRAY FOR MEN WOUTH ME DEVOUR,0.0833
8224-274384-0008,THE GOOD NATURED AUDIENCE IN PITY TO FALLEN MAJESTY SHOWED FOR ONCE GREATER DEFERENCE TO THE KING THAN TO THE MINISTER AND SUNG THE PSALM WHICH THE FORMER HAD CALLED FOR,THE GOOD NATURED AUDIENCE IN PITY TO FALLEN MAJESTY SHOWED FOR ONCE GREATER DEFERENCE TO THE KING THAN TO THE MINISTER AND SUNG THE PSALM WHICH THE FORMER HAD CALLED FOR,0.0
8224-274384-0009,THE PARLIAMENT AND THE SCOTS LAID THEIR PROPOSALS BEFORE THE KING,THE PARLIAMENT AND THE SCOTS LAID THEIR PROPOSALS BEFORE THE KING,0.0
8224-274384-0013,HIS DEATH IN THIS CONJUNCTURE WAS A PUBLIC MISFORTUNE,HIS DEATH IN THIS CONJUNCTURE WAS A PUBLIC MISFORTUNE,0.0
8230-279154-0000,THE ANALYSIS OF KNOWLEDGE WILL OCCUPY US UNTIL THE END OF THE THIRTEENTH LECTURE AND IS THE MOST DIFFICULT PART OF OUR WHOLE ENTERPRISE,THE ANALYSIS OF KNOWLEDGE WILL OCCUPY US UNTIL THE END OF THE THIRTEENTH LECTURE AND IS THE MOST DIFFICULT PART OF OUR WHOLE ENTERPRISE,0.0
8230-279154-0004,THERE IS NO LOGICAL IMPOSSIBILITY IN THE HYPOTHESIS THAT THE WORLD SPRANG INTO BEING FIVE MINUTES AGO EXACTLY AS IT THEN WAS WITH A POPULATION THAT REMEMBERED A WHOLLY UNREAL PAST,THERE IS NO LOGICAL IMPOSSIBILITY IN THE HYPOTHESIS THAT THE WORLD SPRANG INTO BEING FIVE MINUTES AGO EXACTLY AS IT THEN WAS WITH A POPULATION THAT REMEMBERED A WHOLLY UNREAL PAST,0.0
8230-279154-0016,IN ACTUAL FACT THERE ARE DOUBTLESS VARIOUS FACTORS THAT CONCUR IN GIVING US THE FEELING OF GREATER OR LESS REMOTENESS IN SOME REMEMBERED EVENT,IN ACTUAL FACT THERE ARE DOUBTLESS VARIOUS FACTORS THAT CONCUR IN GIVING US THE FEELING OF GREATER OR LESS REMOTENESS IN SOME REMEMBERED EVENT,0.0
8230-279154-0018,THERE IS OF COURSE A DIFFERENCE BETWEEN KNOWING THE TEMPORAL RELATION OF A REMEMBERED EVENT TO THE PRESENT AND KNOWING THE TIME ORDER OF TWO REMEMBERED EVENTS,THERE IS OF COURSE A DIFFERENCE BETWEEN KNOWING THE TEMPORAL RELATION OF A REMEMBERED EVENT TO THE PRESENT AND KNOWING THE TIME ORDER OF TWO REMEMBERED EVENTS,0.0
8230-279154-0020,IF WE HAD RETAINED THE SUBJECT OR ACT IN KNOWLEDGE THE WHOLE PROBLEM OF MEMORY WOULD HAVE BEEN COMPARATIVELY SIMPLE,IF WE HAD RETAINED THE SUBJECT OR ACT IN KNOWLEDGE THE WHOLE PROBLEM OF MEMORY WOULD HAVE BEEN COMPARATIVELY SIMPLE,0.0
8230-279154-0022,SOME POINTS MAY BE TAKEN AS FIXED AND SUCH AS ANY THEORY OF MEMORY MUST ARRIVE AT,SOME POINTS MAY BE TAKEN AS FIXED AND SUCH AS ANY THEORY OF MEMORY MUST ARRIVE AT,0.0
8230-279154-0023,IN THIS CASE AS IN MOST OTHERS WHAT MAY BE TAKEN AS CERTAIN IN ADVANCE IS RATHER VAGUE,IN THIS CASE AS IN MOST OTHERS WHAT MAY BE TAKEN AS CERTAIN IN ADVANCE IS RATHER VAGUE,0.0
8230-279154-0028,I CAN SET TO WORK NOW TO REMEMBER THINGS I NEVER REMEMBERED BEFORE SUCH AS WHAT I HAD TO EAT FOR BREAKFAST THIS MORNING AND IT CAN HARDLY BE WHOLLY HABIT THAT ENABLES ME TO DO THIS,I CAN SET TO WORK NOW TO REMEMBER THINGS I NEVER REMEMBERED BEFORE SUCH AS WHAT I HAD TO EAT FOR BREAKFAST THIS MORNING AND IT CAN HARDLY BE HOLY HABIT THAT ENABLES ME TO DO THIS,0.027
8230-279154-0029,THE FACT THAT A MAN CAN RECITE A POEM DOES NOT SHOW THAT HE REMEMBERS ANY PREVIOUS OCCASION ON WHICH HE HAS RECITED OR READ IT,THE FACT THAT A MAN CAN RECITE A POEM DOES NOT SHOW THAT HE REMEMBERS ANY PREVIOUS OCCASION ON WHICH HE HAS RECITED OR READ IT,0.0
8230-279154-0030,SEMON'S TWO BOOKS MENTIONED IN AN EARLIER LECTURE DO NOT TOUCH KNOWLEDGE MEMORY AT ALL CLOSELY,SIMONS TWO BOOKS MENTIONED IN AN EARLIER LECTURE DO NOT TOUCH H KNOWLEDGE MEMORY AT ALL CLOSELY,0.125
8455-210777-0011,I DID NOT MEAN SAID CAPTAIN BATTLEAX TO TOUCH UPON PUBLIC SUBJECTS AT SUCH A MOMENT AS THIS,I DID NOT MEAN SAID CAPTAIN BATTLEAX TO TOUCH UPON PUBLIC SUBJECTS AT SUCH A MOMENT AS THIS,0.0
8455-210777-0014,SIR KENNINGTON OVAL IS A VERY FINE PLAYER SAID MY WIFE,SIR KENNINGTON OVILL IS A VERY FINE PLAYER SAID MY WIFE,0.0909
8455-210777-0018,THIS SHE SAID WAS TRUE HOSPITALITY AND I AM NOT SURE THAT I DID NOT AGREE WITH HER,THIS SHE SAID WAS TRUE HOSPITALITY BAND I AM NOT SURE THAT I DID NOT AGREE WITH HER,0.0556
8455-210777-0024,HOW MUCH OF EVIL OF REAL ACCOMPLISHED EVIL HAD THERE NOT OCCURRED TO ME DURING THE LAST FEW DAYS,HOW MUCH OF EVIL A REAL ACCOMPLISHED EVIL HAD THERE NOT OCCURRED TO ME DURING THE LAST FEW DAYS,0.0526
8455-210777-0033,BUT YOUR POWER IS SO SUPERIOR TO ANY THAT I CAN ADVANCE AS TO MAKE US HERE FEEL THAT THERE IS NO DISGRACE IN YIELDING TO IT,BUT YOUR POWER IS SO SUPERIOR TO ANY THAT I CAN ADVANCE AS TO MAKE US HERE FEEL THAT THERE IS NO DISGRACE IN YIELDING TO IT,0.0
8455-210777-0034,NOT A DOUBT BUT HAD YOUR FORCE BEEN ONLY DOUBLE OR TREBLE OUR OWN I SHOULD HAVE FOUND IT MY DUTY TO STRUGGLE WITH YOU,NOT A DOUBT BUT HAD YOUR FORCE BEEN ONLY DOUBLE OR TROUBLE OUR OWN I SHOULD HAVE FOUND IT MY DUTY TO STRUGGLE WITH YOU,0.04
8455-210777-0040,THEN SAID SIR FERDINANDO THERE IS NOTHING FOR IT BUT THAT HE MUST TAKE YOU WITH HIM,THEN SAID SIR FILDENANDO THERE IS NOTHING FOR IT BUT THAT WE MUST TAKE YOU WITH HIM,0.1176
8455-210777-0041,THERE CAME UPON ME A SUDDEN SHOCK WHEN I HEARD THESE WORDS WHICH EXCEEDED ANYTHING WHICH I HAD YET FELT,THERE CAME UPON ME A SUDDEN SHOCK WHEN I HEARD THESE WORDS WHICH EXCEEDED ANYTHING WHICH I HAD YET FELT,0.0
8455-210777-0046,YOU MAY BE QUITE SURE IT'S THERE SAID CAPTAIN BATTLEAX AND THAT I CAN SO USE IT AS TO HALF OBLITERATE YOUR TOWN WITHIN TWO MINUTES OF MY RETURN ON BOARD,YOU MAY BE QUITE SURE IT'S THERE SAID CAPTAIN BATTLEAX AND THAT I CAN SO USE IT AS TO HALF OBLITERATE YOUR TAL WITHIN TWO MINUTES OF MY RETURN ON BOARD,0.0323
8455-210777-0056,THE PECULIAR CIRCUMSTANCES OF THE COLONY ARE WITHIN YOUR EXCELLENCY'S KNOWLEDGE,THE PECULIAR CIRCUMSTANCES OF THE COLONY ARE WITHIN YOUR EXCELLENCY'S KNOWLEDGE,0.0
8463-287645-0002,FROM THE MANNER IN WHICH HE EXPRESSED HIMSELF WITH REGARD TO ROBERT HOLLAN NO MAN IN THE WHOLE RANGE OF HIS RECOLLECTIONS WILL BE LONGER REMEMBERED THAN HE HIS ENTHRALMENT WHILE UNDER HOLLAN WILL HARDLY EVER BE FORGOTTEN,FROM THE MANNER IN WHICH HE EXPRESSED HIMSELF WITH REGARD TO ROBERT HOLLAND NO MAN IN THE WHOLE RANGE OF HIS RECOLLECTIONS WILL BE LONGER REMEMBERED THAN HE HIS ENTHRALLMENT WHILE UNDER HOLLAND WILL HARDLY EVER BE FORGOTTEN,0.0789
8463-287645-0003,OF THIS PARTY EDWARD A BOY OF SEVENTEEN CALLED FORTH MUCH SYMPATHY HE TOO WAS CLAIMED BY HOLLAN,OF THIS PARTY EDWARD A BOY OF SEVENTEEN CALLED FORTH MUCH SYMPATHY HE TOO WAS CLAIMED BY HOLLAND,0.0556
8463-294825-0010,AND IN THIS LAST ACTION HE FALLS INTO THE CLASSIC SIN OF PRIDE,AND IN THIS LAST ACTION HE FALLS INTO THE CLASSIC SIN OF PRIDE,0.0
8463-294825-0016,MILLIGRAM ROUGHLY ONE TWENTY EIGHT THOUSAND OF AN OUNCE,MILIGRAM ROUGHLY ONE TWENTY EIGHT THOUSANDTH OF AN OUNCE,0.2222
8463-294828-0002,EVEN SO I HAD JUST RETURNED FROM AN ARDUOUS JOURNEY EXHAUSTED AND BADLY NEEDING A REST,EVEN SO I HAD JUST RETURNED FROM AN ARDUOUS JOURNEY EXHAUSTED AND BADLY NEEDING A REST,0.0
8463-294828-0010,NEVER DID HE OBJECT TO BUCKLING UP HIS SUITCASE FOR ANY COUNTRY WHATEVER CHINA OR THE CONGO NO MATTER HOW FAR OFF IT WAS,NEVER DID HE OBJECT TO BUCKLING UP HIS SUIT CASE FOR ANY COUNTRY WHATEVER CHINA WAS THE CONGO NO MATTER HOW FAR OFF IT WAS,0.125
8463-294828-0012,PLEASE FORGIVE ME FOR THIS UNDERHANDED WAY OF ADMITTING I HAD TURNED FORTY,PLEASE FORGIVE ME FOR THIS UNDERHANDED WAY OF ADMITTING THAT I HAD TURNED FORTY,0.0769
8463-294828-0014,THERE WAS GOOD REASON TO STOP AND THINK EVEN FOR THE WORLD'S MOST EMOTIONLESS MAN,THERE WAS GOOD REASON TO STOP AND THINK EVEN FOR THE WORLD'S MOST EMOTIONLESS MAN,0.0
8463-294828-0031,ONE OF THE SAILORS LED ME TO THE AFTERDECK WHERE I STOOD IN THE PRESENCE OF A SMART LOOKING OFFICER WHO EXTENDED HIS HAND TO ME,ONE OF THE SAILORS LED ME TO THE AFTER DECK WHERE I STOOD IN THE PRESENCE OF A SMART LOOKING OFFICER WHO EXTENDED HIS HAND TO ME,0.0769
8463-294828-0036,THE WHARVES OF BROOKLYN AND EVERY PART OF NEW YORK BORDERING THE EAST RIVER WERE CROWDED WITH CURIOSITY SEEKERS,THE WHARES OF BROOKLYN AND EVERY PART OF NEW YORK BORDERING THE EAST RIVER WERE CROWDED WITH CURIOSITY SEEKERS,0.0526
8555-284447-0002,I WOULDN'T MIND A CUP O COFFEE MYSELF SAID CAP'N BILL I'VE HAD CONSID'BLE EXERCISE THIS MORNIN AND I'M ALL READY FOR BREAKFAS,I WOULDN'T MIND A CUP OF COFFEE MYSELF SAID CANBILL I'VE HAD CONSIDERABLE EXERCISE THIS MORNING AND AM ALL READY FOR BREAKFAST,0.3043
8555-284447-0014,THE IDEA OF PATCHING CAP'N BILL TO A GOAT WAS VASTLY AMUSING TO HIM AND THE MORE HE THOUGHT OF IT THE MORE HE ROARED WITH LAUGHTER,THE IDEA OF HATCHING CANTONVILLE TO A GULLET WAS VASTLY AMUSING TO HIM AND THE MORE HE THOUGHT OF IT THE MORE HE ROARED WITH LAUGHTER,0.1481
8555-284447-0017,WHEN THIS HAD BEEN ACCOMPLISHED THE BOOLOOROO LEANED OVER TO TRY TO DISCOVER WHY THE FRAME ROLLED AWAY SEEMINGLY OF ITS OWN ACCORD AND HE WAS THE MORE PUZZLED BECAUSE IT HAD NEVER DONE SUCH A THING BEFORE,WHEN THIS HAD BEEN ACCOMPLISHED THE BOOLOOROO LEANED OVER TO TRY TO DISCOVER WHY THE FRAME ROLLED AWAY SEEMINGLY OF ITS OWN ACCORD AND HE WAS THE MORE PUZZLED BECAUSE IT HAD NEVER DONE SUCH A THING BEFORE,0.0
8555-284447-0024,COME AND GET THE BOOLOOROO SHE SAID GOING TOWARD THE BENCHES,COME AND GET THE BOOLAROO SHE SAID GOING TOWARD THE BENCHES,0.0909
8555-284449-0004,SINCE LAST THURSDAY I GHIP GHISIZZLE HAVE BEEN THE LAWFUL BOOLOOROO OF THE BLUE COUNTRY BUT NOW THAT YOU ARE CONQUERED BY QUEEN TROT I SUPPOSE I AM CONQUERED TOO AND YOU HAVE NO BOOLOOROO AT ALL,SINCE LAST THURSDAY I HIPCIS HAVE BEEN THE LAWFUL BOOLOOROO OF THE BILL COUNTRY BUT NOW THAT YOU ARE CONQUERED BY QUEEN TROT I SUPPOSE I AM CONQUERED TOO AND YOU HAVE NO BOOLOOROO AT ALL,0.0811
8555-284449-0019,THAT EVENING TROT GAVE A GRAND BALL IN THE PALACE TO WHICH THE MOST IMPORTANT OF THE PINKIES AND THE BLUESKINS WERE INVITED,THAT EVENING TROT GAVE A GRAND BALL IN THE PALACE TO WHICH THE MOST IMPORTANT OF THE PINKIES AND THE BLUESKINS WERE INVITED,0.0
8555-284449-0020,THE COMBINED BANDS OF BOTH THE COUNTRIES PLAYED THE MUSIC AND A FINE SUPPER WAS SERVED,THE COMBINED BANDS OF BOTH T COUNTRIES PLAYED THE MUSIC AND A FINE SUPPER WAS SERVED,0.0625
8555-292519-0005,WHILE THE OLD GOLD AND THE MARBLE STAYS FOREVER GLEAMING ITS SOFT STRONG BLAZE CALM IN THE EARLY EVENING GLOW,WHILE THE OLD GOLD AND THE MARBLE STAYS FOREVER GLEAMING ITS SOFT STRONG BLAZE CALM IN THE EARLY EVENING GLOW,0.0
8555-292519-0007,IT IS MY HEART HUNG IN THE SKY AND NO CLOUDS EVER FLOAT BETWEEN THE GRAVE FLOWERS AND MY HEART ON HIGH,IT IS MY HEART HUNG IN THE SKY AND NO CLOUDS EVER FLOAT BETWEEN THE GRAY FLOWERS AND MY HEART ON HIGH,0.0455
8555-292519-0013,THAT WAS BUT RUSTLING OF DRIPPING PLANTS IN THE DARK,THAT WAS BUT RUSTLING OF TRIPPING PLANTS IN THE DARK,0.1
908-157963-0009,WHY SHOULD THE MISTRESS OF THE VALES OF HAR UTTER A SIGH,WHY SHOULD THE MISTRESS OF THE VALES OF HORROR UTTER A SIGH,0.0833
908-157963-0010,SHE CEASD AND SMILD IN TEARS THEN SAT DOWN IN HER SILVER SHRINE,SHE CEASED AND SMILED IN TEARS THAT SAT DOWN IN HER SILVER SHRINE,0.2308
908-157963-0011,WHICH THOU DOST SCATTER ON EVERY LITTLE BLADE OF GRASS THAT SPRINGS REVIVES THE MILKED COW AND TAMES THE FIRE BREATHING STEED,WHICH THOU DOST SCATTER ON EVERY LITTLE BLADE OF GRASS THAT SPRINGS REVIVES THE MILKED COW AND TAMES THE FIRE BREATHING STEED,0.0
908-157963-0015,O LITTLE CLOUD THE VIRGIN SAID I CHARGE THEE TO TELL ME WHY THOU COMPLAINEST NOW WHEN IN ONE HOUR THOU FADE AWAY THEN WE SHALL SEEK THEE BUT NOT FIND AH THEL IS LIKE TO THEE,O LITTLE CLOWN THE VIRGIN SAID I CHARGE THEE TO TELL ME WHY THOU COMPLAINEST NOW WHEN IN ONE HOUR THOU FADE AWAY THEN WE SHALL SEEK THEE BUT NOT FIND A THEL IS LIKE TO THEE,0.0541
908-157963-0016,I PASS AWAY YET I COMPLAIN AND NO ONE HEARS MY VOICE,I PASS AWAY YET I COMPLAIN AND NO ONE HEARS MY VOICE,0.0
908-157963-0023,THE HELPLESS WORM AROSE AND SAT UPON THE LILLYS LEAF AND THE BRIGHT CLOUD SAILD ON TO FIND HIS PARTNER IN THE VALE,THE HELPLESS WORM AROSE AND SAT UPON THE LILY'S LEAF AND THE BRIGHT CLOUD SAILED ON TO FIND HIS PARTNER IN THE BALE,0.1304
908-157963-0025,I SEE THEY LAY HELPLESS AND NAKED WEEPING AND NONE TO ANSWER NONE TO CHERISH THEE WITH MOTHERS SMILES,I SEE THEY LAY HELPLESS AND NAKED WEEPING AND NONE TO ANSWER NONE TO CHERISH THEE WITH LOTERS SMILES,0.0526
908-31957-0005,ALAS I HAVE GRIEVED SO I AM HARD TO LOVE,ALAS I HAVE GRIEVED SO I AM HARD TO LOVE,0.0
908-31957-0022,THEN I LONG TRIED BY NATURAL ILLS RECEIVED THE COMFORT FAST WHILE BUDDING AT THY SIGHT MY PILGRIM'S STAFF GAVE OUT GREEN LEAVES WITH MORNING DEWS IMPEARLED,THEN I LONG TRIED BY NATURAL ILLS RECEIVED THE COMFORT FAST WHILE BEDDING AT THY SIGHT MY PILGRIM'S STAFF GAVE OUT GREEN LILES WITH MORNING DEWS ANPURLED,0.1111
908-31957-0024,I LOVE THEE WITH THE PASSION PUT TO USE IN MY OLD GRIEFS AND WITH MY CHILDHOOD'S FAITH,I LOVE THEE WITH THE PASSION PUT TO USE IN MY OLD GREEFS AND WITH MY CHILDHOOD'S FAT,0.1111
